date,close,high,low,open,volume,sma_20,sma_50,ema_12,ema_26,rsi_14,macd,macd_signal,macd_hist,bb_upper,bb_lower,bb_width,atr_14,obv,stoch_k,stoch_d,returns,log_returns,vol_20,future_return_5d
2020-01-02,208.14657592773438,208.15649261372965,204.66391150608143,205.1401698134919,12077100,,,208.14657592773438,208.14657592773438,,0.0,0.0,0.0,,,,,0.0,,,,,,0.04061404459202467
2020-01-03,207.04519653320312,208.7617217095724,205.3385880417922,205.59657325047942,11188400,,,207.97713294396033,208.06499226888022,,-0.08785932491989001,-0.017571864983978003,-0.07028745993591201,,,,,-11188400.0,,,-0.005291364460944248,-0.005305413310175719,,0.0449993271384872
2020-01-06,210.9446258544922,211.12321704244698,204.91196510836792,205.09055629632272,17058900,,,208.4336703148114,208.27829846040703,,0.15537185440436474,0.017016878893690544,0.1383549755106742,,,,,5870500.0,,,0.01883371064183903,0.018658552152348983,,0.04379120005132919
2020-01-07,211.4010009765625,212.90916970071976,210.10120374415425,211.16287943167924,14912400,,,208.89018272431156,208.50960975790002,,0.3805729664115347,0.08972809639725939,0.29084487001427534,,,,,20782900.0,,,0.002163483047845638,0.0021611460884375273,,0.028161138401325392
2020-01-08,213.54420471191406,214.55626678760405,210.9545267011627,211.34148938598864,13475000,,,209.60618610701962,208.88254271745663,,0.7236433895629943,0.2165111550304064,0.5071322345325879,,,,,34257900.0,,,0.010138096439709754,0.010087050654817532,,0.027553169087476848
2020-01-09,216.60025024414062,216.67962915565775,214.59597436327618,215.84615815471753,12642800,,,210.682195974269,209.45422475647027,,1.2279712177987392,0.418803167584073,0.8091680502146662,,,,,46900700.0,,,0.014311067520419885,0.014209630826450803,,0.015895539831522365
2020-01-10,216.36209106445312,218.1679270491792,215.72707497817117,217.49321394126716,12119400,,,211.5560259881435,209.9659185570616,,1.59010743108189,0.6530640202836364,0.9370434107982535,,,,,34781300.0,,,-0.0010995332619379017,-0.0011001381921028346,,0.018710454369849083
2020-01-13,220.18214416503906,220.24167456420014,217.50317022293493,217.8901329574613,14463400,,,212.88312109228127,210.72267600950437,,2.160445082776903,0.9545402327822897,1.2059048499946132,,,,,49244700.0,,,0.017655833708170032,0.01750178012935277,,-0.0021181083083497976
2020-01-14,217.3542938232422,220.64845001554536,216.92764927181693,219.8844413569729,13288900,,,213.5709938201214,211.21390695867012,,2.357086861451279,1.2350495585160877,1.1220373029351913,,,,,35955800.0,,,-0.012843231918375886,-0.012926419251819593,,0.01031694198987676
2020-01-15,219.4280242919922,219.9538962713182,218.425894039687,218.8922356273878,10036500,,,214.47207543117844,211.82236009447175,,2.6497153367066915,1.5179827141542086,1.1317326225524829,,,,,45992300.0,,,0.009540784459663776,0.00949555860812666,,-0.0062853453320431685
2020-01-16,220.04322814941406,220.89653250467634,218.67396845051022,220.83700210732903,10015300,,,215.32917584936854,212.43131328372672,,2.897862565641816,1.7939586844517301,1.1039038811900859,,,,,56007600.0,,,0.0028036704035725446,0.0027997474504410803,,-0.017270179996842105
2020-01-17,220.4103240966797,220.55915007771634,218.81285962698286,220.30117999726025,15905900,,,216.1108909643395,213.02235112172323,,3.0885398426162567,2.0528749160846353,1.0356649265316213,,,,,71913500.0,,,0.0016682901371378733,0.0016669000869369902,,-0.03272704641133761
2020-01-21,219.7157745361328,220.63852588557012,217.41383179520864,220.43016951504185,14275800,,,216.66548843692308,213.51816026353134,,3.1473281733917418,2.2717655675460566,0.8755626058456851,,,,,57637700.0,,,-0.003151166186944221,-0.0031561415660266434,,-0.016482962045428207
2020-01-22,219.5967254638672,221.01558367210345,219.55702844071217,220.5790072572682,12212800,,,217.11644797952988,213.9684243524451,,3.1480236270847683,2.447017179453799,0.7010064476309692,,,,3.14035998467642,45424900.0,91.32285557866182,,-0.0005418321580094032,-0.0005419790020987587,,0.008629960578789175
2020-01-23,218.04884338378906,219.76538371887887,217.56266843591203,219.0311402445642,11195000,,,217.25989342633898,214.27067761402614,71.56416493997807,2.9892158123128354,2.5554569060256065,0.4337589062872289,,,,3.048226711484893,34229900.0,81.57718231223451,,-0.007048748458377219,-0.007073708245120104,,-0.04655071511651221
2020-01-24,216.2430419921875,220.0531387162507,214.42728922369366,219.08077359333404,11905800,,,217.10345474416184,214.41677867907512,69.43390552946607,2.686676065086715,2.5817007378378283,0.1049753272488867,,,,3.2055635561118083,22324100.0,70.36354492792641,81.08786093960758,-0.0082816371028539,-0.008316120376687554,,-0.07355234063596017
2020-01-27,213.1969451904297,214.3776818732718,210.84540365097445,211.44073790551,13810700,,,216.5024532743569,214.32642064287916,54.93689409236655,2.1760326314777387,2.5005671165658105,-0.3245344850880718,,,,3.1474482994785222,8513400.0,28.36387835523596,60.10153519846563,-0.014086450013350515,-0.01418660572172527,,-0.049704428297157044
2020-01-28,216.09420776367188,217.03682285882238,211.85746630853654,214.45706126995194,13413800,,,216.43964627271305,214.45736783701196,59.29274871419219,1.9822784357010903,2.3969093803928665,-0.4146309446917762,,,,3.3168333418871163,21927200.0,51.609746349393106,50.112389877518495,0.013589606411359867,0.013498095839779305,,-0.03654906280561643
2020-01-29,221.49183654785156,222.454284946092,216.74905677548094,219.71578087459076,33181300,,,217.21690631504205,214.97843959337044,63.94007906094152,2.238466721671614,2.365220848648616,-0.12675412697700228,,,,3.5138574201713157,55108500.0,91.70937858101522,57.227667761881435,0.024978128012032252,0.02467127383785536,,-0.05877337272794969
2020-01-30,207.8985137939453,209.78371357248747,203.15573401089648,204.92187300257686,48775500,215.6873924255371,,215.78330746564257,214.45400064526487,38.85641012423135,1.3293068203776954,2.1580380429944324,-0.8287312226167369,224.8027383286717,206.5720465224025,0.08769034214615982,4.599620141114987,6333000.0,24.575833692018193,55.96498620747551,-0.06137166482417744,-0.06333568731143284,,0.006299891881275332
2020-01-31,200.33786010742188,207.0650673895748,199.49447245565628,206.8070821530458,31359900,215.29695663452148,,213.40708479514709,213.40836060542466,32.71991479450419,-0.0012758102775762836,1.7261752723400308,-1.727451082617607,226.25496931190173,204.33894395714123,0.10939532519219809,5.025562231635058,-25026900.0,3.673321165319575,39.986177812784334,-0.036367040574503795,-0.037044804358243866,0.019788238028249618,0.051607232106529066
2020-02-03,202.60011291503906,203.54271287919764,200.92326938028347,201.85595265807504,15495600,215.07470245361327,,211.74447373666894,212.6077496653961,30.380867140596877,-0.8632759287271767,1.2082850321265892,-2.071560960853766,226.88460958794536,203.26479531928118,0.11658342104956883,4.9773671796371115,-9531300.0,13.526419087878978,13.925191315072254,0.011292188138598336,0.011228907322434364,0.01997725628277914,0.04343969968671302
2020-02-04,208.1961669921875,208.96017565012505,203.6022134996226,205.01115489661296,19628900,214.93727951049806,,211.1985803913641,212.28096576367696,40.37538417127101,-1.0823853723128707,0.7501509512386972,-1.832536323551568,227.010565131858,202.86399388913813,0.11597990295194027,5.165885893305508,10097600.0,37.89967596545945,18.36647207288601,0.02762117945854836,0.027246596647023363,0.020523081571853112,-0.012581476984162787
2020-02-05,208.47401428222656,211.07360924626084,207.08492120373015,210.8553210282144,12538200,214.79093017578126,,210.7794163745737,211.9989693576436,38.03643253942007,-1.2195529830698888,0.35621016437698005,-1.5757631474468687,227.1130988249395,202.468761526623,0.11821299351464322,5.265106292909414,22635800.0,39.10982212907774,30.178639060805395,0.0013345456549616053,0.001333655940397517,0.020518359195704258,0.003093638502262408
2020-02-06,209.208251953125,209.54560095697394,207.7099996678324,208.83120592530642,10567500,214.5741325378418,,210.5376987712739,211.79224954990147,38.1971254020262,-1.2545507786275607,0.034057975776071885,-1.2886087544036327,227.1388466085706,202.009418467113,0.12011681139178043,5.237466095407659,33203300.0,42.30774750922758,39.77241520125493,0.0035219625497517892,0.0035157749636924264,0.020390878570939637,0.010860736804147786
2020-02-07,210.67674255371094,211.16293273052528,208.29542052398477,208.66254989830577,12242500,214.2779571533203,,210.55909012241807,211.70961940203551,39.6453747707585,-1.1505292796174444,-0.20285947530263138,-0.9476698043148131,226.92059417868438,201.63532012795622,0.1200192946987578,5.317553363679589,45445800.0,48.70366472821055,43.37374478883863,0.007019276662733942,0.006994756217292131,0.020170018394047157,0.008712738135271625
2020-02-10,211.4010009765625,212.1352443998969,209.01969468787306,209.87299888364907,11856400,214.02990264892577,,210.68861486920952,211.6867587779264,41.16029617753065,-0.9981439087168837,-0.3619163619854819,-0.6362275467314018,226.69502200113584,201.3647832967157,0.1198208077890248,5.309757336655472,57302200.0,51.85812612950343,47.6231794556472,0.0034377711278068546,0.003431875500657313,0.02019656878518859,0.022247411215055912
2020-02-11,205.57675170898438,209.21817404336107,204.90203854387963,208.5533927044946,25030800,213.29963302612305,,209.90217438302102,211.23416566170846,36.707407077242294,-1.3319912786874397,-0.5559313453258734,-0.7760599333615663,226.15399734480997,200.44526870743613,0.12505659527964164,5.669786422462015,32271400.0,26.49097964365718,42.35092350045706,-0.027550717549458703,-0.027937356571292454,0.020530250863475586,0.04971268518404437
2020-02-12,209.11895751953125,209.57538249088782,205.78511882521056,206.23162710979105,13813700,212.8878662109375,,209.78167948094568,211.07748357710275,41.841926894242164,-1.2958040961570703,-0.7039058954921128,-0.5918982006649575,225.72294540400287,200.0527870178721,0.12275385594217697,5.798066100957486,46085100.0,41.91883129474605,40.08931235596889,0.01723057583651899,0.017083812938803674,0.020886707041792785,0.018124718164850062
2020-02-13,211.48040771484375,212.66114433026516,207.55123516722094,207.88859930018288,15396600,212.49048538208007,,210.04302228616078,211.107329809528,45.69273110303882,-1.0643075233672334,-0.775986221067137,-0.28832130230009645,224.95990495425877,200.02106580990136,0.11792505704823722,5.761213220278001,61481700.0,52.203977117227616,40.20459601854362,0.011292377426336042,0.011229094496549038,0.020940005282222427,-0.0138875059705994
2020-02-14,212.51231384277344,213.2564740857115,210.99422815837812,212.33372265165818,10741700,212.11393966674805,,210.42291329487043,211.21140270087952,49.35741696022607,-0.7884894060090915,-0.778486858055528,-0.010002547953563479,224.06719366877735,200.16068566471876,0.11249469535090446,5.537256619286595,72223400.0,56.69837849056026,50.27372896751132,0.0048794407911350035,0.004867574903527399,0.020968264941641907,-0.0628442587232314
2020-02-18,216.1041259765625,216.28271715809083,211.73837703502883,211.88721815961387,15609200,211.89862976074218,,211.29694601513074,211.5738266472264,50.009189240406805,-0.2768806320956685,-0.6781656128635561,0.40128498076788766,223.36800097226143,200.42925854922294,0.10614671200459312,5.491898303056321,87832600.0,72.34228732095184,60.41488097624657,0.016901665926269294,0.016760422053625865,0.02136338277771206,-0.09655649386412102
2020-02-19,215.79652404785156,216.62006308675507,214.42726454461726,216.29263080815656,12135100,211.70266723632812,,211.98918878939548,211.88661904727272,44.17375340584623,0.1025697421227676,-0.5220185418662914,0.624588283989059,222.73528454430982,200.67004992834643,0.10225018550841236,5.1942355430361555,75697500.0,95.19117875934784,74.74394819028664,-0.0014233968339146807,-0.001424410825510585,0.021356718259516273,-0.09329167432977092
2020-02-20,212.9091796875,217.06655677332367,211.29186679941705,214.83407634546887,13109200,211.36828994750977,,212.13072585064234,211.96236427988214,56.56355520718804,0.1683615707601973,-0.38394251934099366,0.552304090101191,221.7815094377872,200.95507045723232,0.0978184172759631,4.296991788532694,62588300.0,76.34101332869686,81.29149313633218,-0.013379939149118614,-0.013470257071884614,0.021544497838045167,-0.11571425540893221
2020-02-21,208.54347229003906,212.57187270865148,207.20399285274874,211.8177805922707,14092300,210.89302139282228,,211.5788406874726,211.70911302137523,61.73054192522475,-0.1302723339026386,-0.33320848225332267,0.20293614835068408,220.88142637930827,200.9046164063363,0.09579206557560592,4.104216466851424,48496000.0,47.20353868301216,72.91191025701896,-0.02050502192469461,-0.020718168639469563,0.021939295029718843,-0.0842610779678652
2020-02-24,199.15713500976562,202.0643138826203,196.62698704760098,200.2287276222111,23080100,210.03872604370116,,209.66780904474845,210.7793368723671,45.91090427619987,-1.1115278276186586,-0.4888723513263899,-0.6226554762922687,220.9778976686322,199.0995544187701,0.10985467956641021,4.72647592904159,25415900.0,12.378675265637968,45.30774242578233,-0.045009019832656594,-0.046053383396959004,0.023939265669554097,-0.0213233075609629
2020-02-25,195.2378692626953,201.91546237883097,194.42424686454467,200.67519541090203,21433500,209.14077224731446,,207.44781830904796,209.62811704942845,33.971514549735886,-2.1802987403804934,-0.8271576291372107,-1.3531411112432827,221.80132518362842,196.4802193110005,0.12969361921563494,4.807272556127326,3982400.0,3.5933718838432034,21.058528610831114,-0.019679263546737213,-0.019875478767455663,0.024097525361969647,-0.05529300297480855
2020-02-26,195.6645050048828,199.6432909480778,193.96782834769067,195.65458831997873,16524500,208.119287109375,,205.63500087763794,208.59377541649914,34.213661758839876,-2.9587745388612063,-1.2534810110820098,-1.7052935277791965,221.68213480501151,194.55643941373847,0.13863370564117453,4.9277564531170714,20506900.0,7.345324928085056,7.7724573591887465,0.0021852099892232246,0.002182825890414015,0.0237896360257314,-0.027586063835420394
2020-02-27,188.27255249023438,194.3548274102065,188.0244990613935,190.32644214822724,21682600,206.45832290649415,,202.96385497188353,207.08849964418323,27.836072069478973,-4.124644672299695,-1.827713743325547,-2.296930928974148,221.2100095794744,191.7066362335139,0.15670565335056375,5.342356785570483,-1175700.0,0.8541179529797481,3.9309382549693406,-0.03777870960532148,-0.03851082317434142,0.023810700458227908,-0.024137120571732895
2020-02-28,190.97137451171875,191.23927645336616,180.40430452650662,181.2774422985748,32568900,205.61196594238282,,201.11885797801202,205.89463852325994,29.66823002154679,-4.775780545247926,-2.417327103710023,-2.358453441537903,221.88013474652698,189.34379713823867,0.1703728513840264,5.9114610513075565,31393200.0,28.822751842370288,12.340731574478369,0.01433465465776984,0.014232884898951637,0.020657770256226463,-0.05912620350765052
2020-03-02,194.9104461669922,195.03943878253864,187.37954841583093,192.51920770635363,24949000,205.34059524536133,,200.16371769939357,205.08099464501788,34.04377516956576,-4.917276945624309,-2.9173170720928803,-1.9999598735314286,222.1512231129135,188.52996737780916,0.17249591489980415,6.236056812356405,56342200.0,39.566968069587965,23.081279288312672,0.02062650313611125,0.020416657501935432,0.019878860206428265,-0.13714113529483463
2020-03-03,184.4425811767578,195.70421132887967,182.53753292619203,194.69214924139928,27984100,204.43271865844727,,197.74508131129576,203.5522232769986,31.236745949472464,-5.80714196570284,-3.4952820508148723,-2.3118599148879677,223.65479311163608,185.21064420525846,0.20843423823881124,6.712322238785317,28358100.0,11.014807881836118,26.468175931264796,-0.05370602343840458,-0.05520200074067013,0.022826675545299605,-0.04142235007378203
2020-03-04,190.2668914794922,190.33635370488574,184.93870881639302,187.6970616595599,23062500,203.5362548828125,,196.59459056794137,202.56812462533145,33.91464202928151,-5.973534057390083,-3.9909324521299148,-1.982601605260168,223.67003307365894,183.40247669196606,0.2116372221597634,6.84768950637278,51420600.0,26.901203140275726,25.827659697233276,0.03157790498037283,0.03108957659131054,0.0231341762601634,-0.11222366300164777
2020-03-05,183.7281951904297,187.5184585064804,182.4581629611719,185.32565973285247,19333400,202.29896392822266,,194.61514512524727,201.17257429682022,27.896309703501927,-6.557429171572949,-4.504231796018522,-2.0531973755544266,224.12537404313554,180.4725538133098,0.23759456290625774,7.040462317463928,32087200.0,9.066247871121934,15.660752964411264,-0.03436591746582074,-0.03497031307962288,0.024041382397317106,-0.16579356656291677
2020-03-06,179.67996215820312,182.3490192383938,174.8875685209055,176.94145799688096,24559600,200.82254943847656,,192.31742466877893,199.58052895321896,25.048998650236314,-7.263104284440033,-5.056006293702825,-2.207097990737208,224.58961126802814,177.05548760892498,0.26454882941955826,7.510346656191844,7527600.0,11.36204028532918,15.776497098908953,-0.022033814831907916,-0.022280185037814225,0.024186267814707178,-0.059694080237401304
2020-03-09,168.18020629882812,173.63738113448332,163.90376807728393,168.27943371546766,29949000,198.6977226257324,,188.60400645801727,197.2545791269678,17.487869833128954,-8.650572668950531,-5.774919568752367,-2.8756531001981642,226.07911276020644,171.31633249125838,0.3256196521226984,8.31262193889593,-22421400.0,8.04404420150804,9.490777452653056,-0.0640013261425878,-0.06614121932455275,0.027021159571132138,-0.13858398466029953
2020-03-10,176.8025360107422,176.90174828238088,168.1801977845256,173.3099400535454,24517800,196.9677993774414,,186.78839561997495,195.73961297021035,26.2279112487234,-8.951217350235396,-6.410179125048973,-2.5410382251864227,225.32432920820546,168.61126954667733,0.32077062321143596,8.77896136430432,2096400.0,24.26277524108983,14.556286575975689,0.05126839776015979,0.04999743299388974,0.03027307914910432,-0.16145690347167851
2020-03-11,168.91444396972656,174.51052791093812,166.35453113683502,172.6550782358711,20373900,195.13468399047852,,184.0385569045521,193.75256341461895,24.7206304426265,-9.714006510066838,-7.070944602052546,-2.6430619080142916,225.79448511302053,164.47488286793651,0.3630216623515863,9.112769571447217,-18277500.0,10.295605161311746,14.20080820130321,-0.04461526525013393,-0.04564115601673849,0.031069551322494008,-0.13674825159980009
2020-03-12,153.26724243164062,165.30279874923735,153.13824981343737,158.29775772184547,43266300,192.34209823608398,,179.3045085241042,190.75365074921314,21.88350218056732,-11.449142225108943,-7.946584126663826,-3.5025580984451175,227.4853036908936,157.19889278127437,0.45858730015951044,9.832127237271354,-61543800.0,0.2636480588714841,11.607342820424359,-0.09263388713454423,-0.09720925775990276,0.03552313607017483,-0.008674877709461959
2020-03-13,168.95413208007812,169.4601555701285,156.3728707888146,162.25669022128017,35028600,190.2157844543457,203.90267608642577,177.71214291733097,189.13887158853646,35.562496785907655,-11.426728671205495,-8.64261303557216,-2.784115635633336,225.6284229684681,154.80314594022332,0.41919825313698855,10.137586372703483,-26515200.0,32.42473572083031,14.327996313671186,0.10234991769643198,0.09744418999892963,0.04389298217339005,-0.12068363844445262
2020-03-16,144.8731231689453,157.89097777264303,141.98579268312238,151.1340046050276,39120400,186.8338249206543,202.63720703125,172.65998603296396,185.85992726115933,29.815486850899845,-13.199941228195371,-9.554078674096802,-3.645862554098569,226.0010233207913,147.66662652051733,0.5407103476945374,11.528809507179872,-65635600.0,5.007727654961036,12.565370478220949,-0.14252986070633233,-0.15376892352952173,0.05270960860655845,0.014314009145386164
2020-03-17,148.2565460205078,152.7413554813894,138.90989624697303,149.56627516659688,34255600,183.44144592285156,201.46143402099608,168.90561064643225,183.07449161370366,31.440326186048992,-14.168880967271406,-10.477039132731724,-3.691841834539682,223.67267498970577,143.21021685599734,0.5427244886885354,12.111380695324817,-31380000.0,16.457016445908046,17.96315994056647,0.023354386083172196,0.023085845439092843,0.052951237776748254,0.07736600364280433
2020-03-18,145.81568908691406,147.0261755157778,136.03246427939817,138.66182375434929,37553100,179.9424041748047,200.15885528564453,165.35331502189098,180.31458031542294,32.70829415201595,-14.961265293531966,-11.373884364891772,-3.5873809286401936,220.49672550208334,139.38808284752605,0.5562408487211011,12.438814680869127,-68933100.0,16.3950701816044,12.619938094157831,-0.01646373802109291,-0.016600771493208565,0.05282055705706032,0.06294263909092512
2020-03-19,151.9376678466797,158.68470796752493,143.67252704466907,145.4783478577257,39862300,176.89382858276366,198.9695886230469,163.2893693026277,178.21258679921974,34.53372073925733,-14.92321749659203,-12.083750991231824,-2.839466505360207,216.1599445589088,137.62771260661853,0.5168713793312738,12.737186752011722,-29070800.0,26.6544962288869,19.835527618799787,0.04198436257511773,0.04112693609296035,0.05450219468307147,0.06667532355627026
2020-03-20,148.5641326904297,158.0298585688612,146.84760746399692,154.80516448603694,32568400,173.8948616027832,197.66998718261718,161.02394828536646,176.01640501338343,31.55358508539385,-14.992456728016975,-12.665492138588855,-2.326964589428121,212.13146026485802,135.6582629407084,0.5147487212374506,12.988783947594332,-61639200.0,21.001008065726477,21.350191492072597,-0.02220341541410409,-0.022453621801458767,0.05451208316059842,0.04715169490994464
2020-03-23,146.94683837890625,151.12404910429632,141.1423828354806,148.494689153159,29830800,171.28434677124022,196.2769189453125,158.85823906898796,173.86310378119992,33.94511212699217,-15.004864712211969,-13.133366653313479,-1.8714980588984904,209.38779532682406,133.18089821565638,0.5186018151317159,12.761283080889196,-91470000.0,20.09869682407026,22.584733706227883,-0.010886169375036614,-0.010945857294003304,0.05406768823900499,0.1205267785827826
2020-03-24,159.7265625,160.05399484868934,151.3820565118102,154.001500161345,30440400,169.50878143310547,195.14420837402344,158.99182728914366,172.81595257518512,37.658380711278596,-13.824125286041465,-13.271518379859076,-0.5526069061823886,206.19566207482887,132.82190079138206,0.45937106599565625,13.276524791007422,-61029600.0,46.02047328762324,29.040059392473335,0.08696835033728934,0.08339249119014534,0.05851868896791481,0.03615339936414763
2020-03-25,154.99371337890625,161.72092125511196,151.86823104634553,157.6826041080197,35184300,167.47524185180663,193.8404397583008,158.37673284141482,171.4957867087941,38.21615229018385,-13.119053867379279,-13.241025477363117,0.12197160998383794,202.53012788042093,132.42035582319232,0.45233945641288276,13.422522054610718,-96213900.0,40.93838394475847,35.68585135215066,-0.029630945830276367,-0.030078811628177264,0.05865014465221357,0.02170133932315954
2020-03-26,162.0681610107422,162.72302560102386,155.7973791164667,157.01779756928065,26556800,166.16502227783204,192.73471710205078,158.94464486746517,170.79744406449396,42.95242592253125,-11.852799197028787,-12.963380221296251,1.1105810242674643,199.8802033050502,132.44984125061387,0.4160617460820507,13.343142451224534,-69657100.0,63.704802679701565,50.22121997069443,0.04564344887035099,0.044632436472135516,0.05952445216550214,-0.0315292884608559
2020-03-27,155.56918334960938,158.84349167154605,153.54507401130994,156.96820833607012,24879900,164.39491271972656,191.45754028320312,158.42534309548736,169.6694247522803,44.74315578557762,-11.244081656792929,-12.619520508395588,1.3754388516026594,196.29488709705726,132.49493834239587,0.4101065993981872,12.825063373975466,-94537000.0,47.80293941119046,50.815375345216836,-0.040100273987202506,-0.040926452045755096,0.05980170833461645,-0.016646458170964107
2020-03-30,164.65786743164062,165.45164145311486,156.82930161406097,157.9405761601368,22515200,162.88228378295898,190.34983306884766,159.3841929933571,169.29819828408475,44.95715967830658,-9.914005290727658,-12.078417464862003,2.1644121741343447,191.37697460019012,134.38759296572783,0.3461078569970063,12.907985345807623,-72021800.0,74.3940844466889,61.967275512526975,0.05842213661047713,0.05677924876473976,0.06134679594015601,-0.0024105232703717228
2020-03-31,165.501220703125,169.59905230840994,162.92145945555544,164.19149156944218,23676300,161.93521575927736,189.25165100097655,160.32527417947523,169.01694068549514,48.49465619817005,-8.691666506019914,-11.401067273093586,2.7094007670736726,188.61390357798678,135.25652794056793,0.3223986832890553,12.638670201446718,-48345500.0,87.79193285114032,69.99631890300655,0.005121852266394056,0.0051087801975454915,0.060370872890083825,0.012170246631843185
2020-04-01,158.35728454589844,162.87184396981343,156.80941873029622,160.36154496434824,19507600,160.33973541259766,188.02448120117188,160.02250654354035,168.22733652700649,52.42690460687044,-8.20482998346614,-10.761819815168097,2.556989831701957,183.46425151964038,137.21521930555494,0.29205497143189885,12.132642188342404,-67853100.0,66.50905432074218,76.2316905395238,-0.04316545900311697,-0.04412479589715802,0.06038953880026084,0.09198000829245956
2020-04-02,156.95826721191406,160.0936657297294,154.70593816665038,157.86118519507858,20886300,159.00123901367186,186.7717120361328,159.55108510790552,167.39259065181446,43.37823698061607,-7.841505543908937,-10.177756960916266,2.336251417007329,179.35915866151092,138.6433193658328,0.25940550962318176,11.360843218670341,-88739400.0,62.34116769272531,72.21405162153594,-0.00883456253999404,-0.008873818665787292,0.06005791226809916,0.10746579688534896
2020-04-03,152.97950744628906,156.68047560405546,149.65560049518731,155.92638347068657,25983300,157.66621627807618,185.47032531738282,158.54007315996452,166.3249548588126,55.7510982250357,-7.784881698848068,-9.699181908502627,1.9143002096545594,175.68152663771883,139.65090591843352,0.2355257989828188,9.956152312939698,-114722700.0,50.48783377011272,59.77935192786007,-0.02534915704856222,-0.025675981914311516,0.060108762123874324,0.1336747238213125
2020-04-06,164.26095581054688,164.90588856040713,157.2757639580179,158.90299357025864,28453600,157.47025375366212,184.43068359375,159.4202089523618,166.17206604042255,60.21016766586492,-6.751857088060746,-9.109716944414252,2.3578598563535067,175.08482763624042,139.85567987108382,0.2144706122725155,9.820075304346963,-86269100.0,84.096994028436,65.64199849709135,0.07374483388383712,0.07115238302078374,0.06102959117123326,0.07623089109286152
2020-04-07,167.51541137695312,172.03990263218705,164.7173619670192,170.45235493492254,31411900,157.00589752197266,183.51705291748047,160.66562470999125,166.27157310238778,63.70131576933785,-5.605948392396527,-8.408963234010708,2.8030148416141802,172.87810615194843,141.13368889199688,0.18950147332127176,9.502565667242001,-54857200.0,85.3564581045441,73.31376196769763,0.019812715385388646,0.019618998070099283,0.06005321215012411,0.048214248302786755
2020-04-08,172.92298889160156,173.63738391089035,166.4339184630365,169.91658282708556,21664200,157.2063247680664,182.65362854003905,162.5513730456236,166.76427056825545,63.37086485107885,-4.212897522631863,-7.569750091734939,3.3568525691030757,173.79668455490955,140.61596498122324,0.191881483117817,8.94480027617043,-33193000.0,97.80152332166743,89.08499181821587,0.03228107473932651,0.03177098921985878,0.0595701517450279,0.011303680038289299
2020-04-09,173.82591247558594,175.70119567614313,170.23410389271467,174.53037569157397,23534300,158.23425827026367,181.70031005859374,164.28591757331012,167.28735515398364,66.61883787486774,-3.0014375806735245,-6.656087589522656,3.6546500088491314,176.2806987126118,140.18781782791552,0.2076380924493382,8.536574610353586,-9658700.0,94.57364693009237,92.57720945210131,0.005221535839577518,0.005207950890328555,0.05516695126284757,0.023117832872697308
2020-04-13,173.4290008544922,173.63737236291774,168.13058409712687,172.31772651616228,19355400,158.45800170898437,181.0109197998047,165.69254577041505,167.74229187253982,67.70598876549448,-2.0497461021247716,-5.734819292043079,3.685073189918308,177.16299594897842,139.75300746899032,0.21570780143844148,8.230407618185254,-29014100.0,91.2760879266637,94.55041939280784,-0.002283385805033511,-0.002285996705620242,0.050490400015078464,0.019738087179279162
2020-04-14,176.78271484375,179.81888637309189,175.24478056569035,177.58640552622524,21011800,160.0534812927246,180.53981689453124,167.3987256278512,168.4119528333702,63.04843995250156,-1.0132272055190015,-4.790500874738264,3.7772736692192623,179.31484119275407,140.79212139269512,0.21790999099718197,7.750602550243583,-8002300.0,89.93421491766152,91.92798325813921,0.019337676932542625,0.01915308004538756,0.037246116524231564,-0.041365028683804206
2020-04-15,175.592041015625,176.80254281201508,171.47436065477507,173.82590202875645,17423000,161.42025604248047,179.99965545654297,168.6592356875087,168.94381121724092,66.66130185353065,-0.2845755297322228,-3.8893158057370556,3.604740276004833,181.0331820798863,141.80733000507465,0.22339197066068134,7.427423403705981,-25425300.0,85.98678746262512,89.06569676898346,-0.006735238958047396,-0.006758023041751265,0.0373135308712686,0.030005040147380813
2020-04-16,174.87765502929688,176.66364261929394,171.16677054452398,176.56441519874684,23593200,162.87335433959962,179.33328521728515,169.61591558624534,169.38335520331913,61.54948685767748,0.23256038292620929,-3.0649405680044026,3.297500950930612,181.91644567535633,143.8302630038429,0.21778758792901776,7.267963393181148,-49018500.0,83.61839169435191,86.51313135821287,-0.004068441725468386,-0.004076740350467708,0.03696713714415904,0.050382949435736624
2020-04-17,177.84439086914062,178.87628646617208,175.28447767999108,177.80469384234343,20974800,164.16869049072267,178.72069274902344,170.8818348605369,170.01009858597257,71.4504063815848,0.8717362745643413,-2.277605199490654,3.1493414740549954,183.60019820378696,144.73718277765838,0.2185225816580536,6.944787995855644,-28043700.0,93.45397741851404,87.6863855251637,0.016964636444528836,0.016822344037589376,0.03623549855586618,0.060421819941468335
2020-04-20,176.85215759277344,179.09455487937518,175.39360238892877,176.02861848761108,16110700,165.58309173583984,178.0735708618164,171.80034605011176,170.51691777166153,63.91212414689993,1.2834282784502307,-1.5653985039024771,2.848826782352708,184.3384647650393,146.82771870664038,0.2121022811877286,6.503251880637139,-44154400.0,90.16443767688685,89.07893559658429,-0.005579221652805888,-0.005594843642723788,0.035680223098145614,0.051952415246592665
2020-04-21,169.4700927734375,174.01443306233168,167.02924055696525,173.88544044431308,24850500,166.7092544555664,177.24943786621094,171.44184554600804,170.43937517920048,53.94012195876333,1.0024703668075574,-1.0518247297604704,2.054295096568028,183.33715156862968,150.0813573425031,0.19623400024089108,6.72791789370526,-69004900.0,65.69076180161106,83.10305896567066,-0.04174144618769182,-0.042637648267905524,0.03723422691040252,0.07090160332896578
2020-04-22,180.86068725585938,183.34122116614927,176.75292370601838,177.06050748849793,33242000,167.76596069335938,176.63863159179687,172.89089811675439,171.21132422191596,70.6031736448511,1.679573894838427,-0.505545004840691,2.185118899679118,185.19241108716867,150.33951029955008,0.19270578541102742,7.097869780839758,-35762900.0,92.63622322579157,82.83047423476317,0.06721300670820907,0.06505058380005131,0.03523170591325721,0.06533919249708475
2020-04-23,183.68850708007812,185.59355535938485,181.7239132676867,182.64667978077563,21426600,169.20070037841796,176.20086669921875,174.5520687264965,172.13555998918724,73.84912338185764,2.4165087373092433,0.07886574358929586,2.3376429937199474,186.92201193737387,151.47938881946206,0.19294959538465173,7.051094105157363,-14336300.0,94.69906318416695,84.3420160705232,0.01563534821814705,0.015514375498848536,0.03420629580032681,0.10576364758547996
2020-04-24,188.59007263183594,188.927421669488,179.4220122334275,181.80331915094598,28792000,170.52679595947265,175.79028900146486,176.71176163501025,173.3544127775316,81.25757069675127,3.357348857478655,0.7345623663671678,2.6227864911114875,189.89370884421035,151.15988307473495,0.205386345256313,7.208432870824061,14455700.0,98.93418208386865,95.42315616460905,0.02668411665853987,0.02633430491826141,0.03339262239749169,0.06418673210005732
2020-04-27,186.04005432128906,192.24138946533202,185.95075872880966,191.15988024980575,29197800,172.05033950805665,175.28148193359374,178.14688358674545,174.29408992892104,72.57758916129235,3.8527936578244066,1.3582086246586156,2.494585033165791,191.25628461766942,152.84439439844388,0.20647107613121118,6.8058792724243675,-14742100.0,77.4693760017578,90.36754042326447,-0.013521487504408625,-0.013613735312095152,0.03186619383711084,0.0947200291068453
2020-04-28,181.4857940673828,187.7268109792905,181.1385132497502,187.19102229434844,21731000,172.89173583984376,174.66095153808592,178.66056212222813,174.82680875399228,64.10252932868129,3.833753368235847,1.8533175733740619,1.980435794861785,192.20818511297313,153.5752865667144,0.21287009677415822,6.720832908702947,-36473100.0,58.32371409978237,78.24242406180295,-0.024479998517099366,-0.024784615302518083,0.030525484757026967,0.13208671739931543
2020-04-29,192.677978515625,195.37680095847062,188.52060074006582,189.4433522028139,45954500,174.25057373046874,174.1924285888672,180.81708772121226,176.14911762522433,67.85646011807404,4.667970095987926,2.4162480778968347,2.251722018091091,195.1376971193967,153.36345034154078,0.21680862078625288,7.198514440362516,9481400.0,90.47952484966889,75.42420498373636,0.061669754956614975,0.05984290925911576,0.03302349423512054,0.07353605001970331
2020-04-30,203.11607360839844,208.05729360541685,200.0005231895583,205.308857411542,46230100,176.48851318359374,173.93881958007813,184.24770093462553,178.14666992027426,72.5825699616397,6.101031014351264,3.153204665187721,2.947826349163543,199.6708323021159,153.30619406507157,0.2282667118035865,7.906530390817044,55711500.0,87.95648433021499,78.91990775988876,0.05417378349714719,0.0527573165062789,0.03222741854850582,0.03199629791423386
2020-05-01,200.69505310058594,205.6660378850065,197.50012403387927,200.03027179216886,30415600,178.67535247802735,173.69453704833984,186.77806280631174,179.81692052622327,70.38572180702793,6.961142280088467,3.9147921881678704,3.0463500919205964,202.34690041701407,155.00380453904063,0.2358956792733982,8.08300078172191,25295900.0,82.05559377395483,86.83053431794623,-0.011919393993801597,-0.011990999535629909,0.0323446251809478,0.04983444147920091
2020-05-04,203.66177368164062,204.30672165501633,197.21238478775865,198.64117490356918,19250700,181.20946578979493,173.59690307617188,189.37555678713156,181.58320594514308,70.2133528654543,7.79235084198848,4.690303918931993,3.102046923056487,204.1383515056614,158.28058007392846,0.22516631669631215,8.13331873519748,44546600.0,89.28655006008145,86.43287605475042,0.0147822307287655,0.014674038468248562,0.031069623547922053,0.03858501025460215
2020-05-05,205.45765686035156,208.7418811253237,204.89208789775498,205.4080431573205,21071200,183.26930084228516,173.72291351318358,191.8497260291654,183.35168379071408,72.25668600928674,8.498042238451319,5.451851582835858,3.0461906556154608,207.16865085159984,159.3699508329705,0.23264501673509233,8.115599112800556,65617800.0,92.12654912001742,87.82289765135124,0.00881796886203201,0.008779317625355254,0.02781457866029243,0.014632815326219628
2020-05-06,206.8467559814453,209.95238917770757,205.05085191305568,206.49947518966718,21857000,185.23586807250976,173.95509124755858,194.15696140643922,185.09205950854601,73.5870629441408,9.064901897893208,6.1744616458473285,2.890440252045879,210.12917110662787,160.34256503839165,0.24069319256185095,8.073075197792123,87474800.0,92.7646659273986,91.39258836916584,0.0067609995281796564,0.006738246468910862,0.02776514378521948,-0.016165275231635134
2020-05-07,209.6150360107422,209.95240013521098,207.41232064616085,209.51582373646835,15152000,187.0704704284668,174.23410186767578,196.53512673017815,186.90857628648646,73.50948690027583,9.626550443691684,6.8648794054162,2.761671038275484,213.5036436266812,160.6372972302524,0.2522068426127578,8.009290391855728,102626800.0,99.2140277445188,94.70174759731161,0.013383241212374664,0.01329447673364265,0.027319372334955006,-0.021064062589741805
2020-05-08,210.6965789794922,211.5498833416923,209.20825847379285,210.58743487014175,12506000,188.91400375366212,174.68258239746095,198.71381169161108,188.67065056004245,75.01097174656856,10.043161131568638,7.500535750646688,2.54262538092195,216.5723990824542,161.25560842487002,0.26254242439773245,7.912195561673802,115132800.0,98.0833512056262,96.68734829251456,0.005159663110687163,0.00514639765958585,0.027319947304825894,-0.006922620171432747
2020-05-11,211.5200653076172,213.32590113323604,208.73194781287668,209.24790306876443,12911900,190.81855697631835,175.09355621337892,200.68400455561203,190.36319980060352,84.41045807219939,10.32080475500851,8.064589551519052,2.2562152034894574,219.22311442166358,162.41399953097311,0.2685755358862622,7.538698153427457,128044700.0,95.06237677759982,97.4532519092483,0.003908399140192698,0.003900781191145358,0.027208128490291833,4.710659125084504e-05
2020-05-12,208.46408081054688,213.60373992712047,208.36485339579585,211.6292294374064,14704600,192.4026252746582,175.36462890625,201.88093936406355,191.70400580134006,76.15643984364867,10.176933562723491,8.48705835375994,1.6898752089635511,221.0440156295861,163.76123491973027,0.2747848957342186,6.922109449042661,113340100.0,84.96372341538613,92.70315046620406,-0.014447728600243903,-0.014553113309144128,0.027663928743713966,0.03227039690374012
2020-05-13,203.50302124023438,209.13878738234018,200.53629704093484,207.79929292801273,20684600,193.79817428588868,175.74583770751954,202.13049042193597,192.57800694496186,68.04626841783988,9.552483476974118,8.700143378402776,0.8523400985713412,221.70114829662643,165.89520027515093,0.27422663153288934,7.1985110374626515,92655500.0,70.44994688944783,83.4920156941446,-0.023798150506422866,-0.024085900946191837,0.028415716603448986,0.12125803436423221
2020-05-14,205.19969177246094,205.31875255942361,199.1273493977165,200.98278398111552,17178900,195.31427612304688,176.0444937133789,202.60267524509365,193.51294656181364,66.065230964227,9.089728683280015,8.778060439378224,0.3116682439017904,222.16384951965168,168.46470272644208,0.2616921415883742,6.9617963035802655,109834400.0,74.11369327891165,76.50912119458188,0.008337323553657017,0.008302760050161442,0.02827853874097948,0.11885313222437266
2020-05-15,209.23800659179688,209.69441636456455,202.53063303740763,203.6716877492825,19383200,196.8839569091797,176.55468994140625,203.62349545227877,194.67776582329387,71.80971916482855,8.945729628984907,8.81159427729956,0.1341353516853463,223.09632234784473,170.67159147051464,0.2505507088853397,7.024164345768448,129217600.0,86.55258631158047,77.03874215997999,0.019679926341282572,0.019488780346752863,0.028328294937328396,0.11395114661514039
2020-05-18,211.530029296875,212.96873605342822,209.2975485967128,210.49811862818973,20151900,198.61785049438475,177.19169128417968,204.83988527452433,195.92608163615174,79.50119816807661,8.913803638372599,8.832036149514169,0.08176748885843033,223.81925061093892,173.41645037783059,0.23827728101133938,6.820052326632094,149369500.0,91.73265110200786,84.1329768975,0.010954141374275528,0.010894579340191956,0.02813529031371922,0.08916922602827482
2020-05-19,215.19129943847656,218.77319129030954,211.17283116193593,211.60940758664356,31843200,200.9039108276367,178.13191314697266,206.432410530517,197.35313480669433,75.94331209958243,9.079275723822661,8.881484064375867,0.19779165944679455,223.0866029428049,178.72121871246853,0.20616718401768133,6.370720415009651,181212700.0,83.38702287299378,87.22408676219406,0.01730851243093756,0.01716042645279918,0.0254614957456947,0.05652886661967349
2020-05-20,228.1793975830078,229.5387255774078,221.4521895608242,221.75977340131058,50162900,203.26984634399415,179.15945037841797,209.77810084628481,199.63656167901385,77.27864857769936,10.141539167270963,9.133495084954886,1.0080440823160774,226.5195641204616,180.02012856752668,0.2037845486730204,6.297014061376751,231375600.0,95.79498340315341,90.30488579271837,0.06035605611575656,0.058604753717527186,0.02471870134395063,-0.019611320475873772
2020-05-21,229.58831787109375,235.35307680549553,229.39979485355224,232.89239117121974,47782600,205.56483688354493,180.3729278564453,212.82582654240926,201.85521028583457,82.15553875210936,10.970616256574687,9.500919319278847,1.46969693729584,229.72004991522257,181.40962385186728,0.21042196968610571,6.226140159331073,279158200.0,84.88554184446942,88.02251604020553,0.006174616564904367,0.006155631729349327,0.024735429992801303,-0.027226826528781167
2020-05-22,233.08091735839844,234.15250994111815,226.9589608180292,229.70738178910028,33925600,207.78937911987305,181.96920135498047,215.94199436025374,204.168225624543,82.36199328541258,11.773768735710746,9.955489202565227,1.8182795331455193,233.5065587309325,182.07219950881358,0.22067168691905628,6.233226749033307,313083800.0,93.72777412456747,91.46943312406343,0.01521244425539825,0.015097895277702434,0.024496632355554975,-0.012770904141231387
2020-05-26,230.39199829101562,239.02425371037313,229.8661262864556,237.90306262101706,33178300,210.00697631835936,183.19795867919922,218.16507188806327,206.11072730354098,76.90005327983182,12.054344584522283,10.375260278956638,1.6790843055656453,235.4752799275096,184.53867270920912,0.2210867026465077,6.524513890478626,279905500.0,78.36359595097032,85.65897064000241,-0.011536418759019118,-0.011603479497326553,0.024396181811730352,0.002239490508292974
2020-05-27,227.35581970214844,228.764761172586,219.4081943562366,227.2863726241577,34697600,212.30047760009765,184.8476126098633,219.5790330902302,207.68443785158598,71.36656944236684,11.894595238644229,10.679127270894156,1.2154679677500724,235.07320084354436,189.52775435665095,0.20032672375205102,6.958961509773421,245207900.0,70.7535353683303,80.94830181462271,-0.013178316136796098,-0.01326592064942461,0.02364998299186487,0.004451546313014587
2020-05-28,223.70449829101562,229.82645475219894,222.25585968682327,222.5535268126139,29377200,213.8518035888672,186.35657165527343,220.2137200441972,208.87110899524743,64.41336264838864,11.342611048949777,10.811824026505281,0.5307870224444962,235.17741142132294,192.52619575641145,0.1906587305608259,7.277886574888421,215830700.0,61.60164382700344,70.2395917154347,-0.01605994258654253,-0.01619030104816191,0.021252302703178433,0.003681339046749388
2020-05-29,223.3373565673828,225.71867830178658,221.14457298017828,223.44650066945937,23241500,214.8628677368164,187.90700500488282,220.69427950930267,209.94268288947967,63.123189342506464,10.751596619823005,10.799778545168827,-0.04818192534582266,235.9615689322225,193.76416654141033,0.18894018913526828,7.437349464439054,192589200.0,60.681417734406224,64.34553230991334,-0.0016411906172544288,-0.0016425388459109162,0.018286627077381296,0.0252344168950831
2020-06-01,230.10426330566406,230.6301353109127,221.75974316203477,222.84125236981188,18223800,216.3333282470703,189.4703369140625,222.1419693241275,211.43613329067853,67.17406703335828,10.705836033448975,10.780990042824858,-0.07515400937588268,237.37371671510246,195.29293977903816,0.18287699815524655,7.742809380761808,210813000.0,77.64239968198292,66.6418204144642,0.030299036588801176,0.029849086890122552,0.01867398860475002,-0.002199121452206576
2020-06-02,230.907958984375,231.1857775917419,224.79591934234608,229.1418199204089,20919000,217.69563751220704,191.1172134399414,223.49058311801173,212.87849074947087,71.64178224127046,10.612092368540857,10.747210507968058,-0.13511813942720075,238.80960935453612,196.58166566987796,0.1828778179426705,7.825021646338322,231732000.0,79.65683085787703,72.66021609142207,0.003492745710857781,0.003486660240441202,0.018597591854306966,0.025567271693034188
2020-06-03,228.36790466308594,230.83850704146684,226.75059151677158,230.30271831482378,15380300,218.84114990234374,192.745634765625,224.24094027879238,214.025854743072,75.15053632861053,10.215085535720391,10.640785513518525,-0.42569997779813384,239.64314487772035,198.03915492696714,0.18217967192952134,7.507512869638185,216351700.0,73.29028597178768,76.86317217054922,-0.011000289173492495,-0.01106123974924776,0.018989149955021746,0.02854529560675534
2020-06-04,224.5280303955078,229.82646303355912,222.8611186549825,227.77257341757675,17041500,219.72521362304687,194.04166412353516,224.28510798905629,214.80379368028946,68.73797349644757,9.481314308766827,10.408891272568185,-0.9275769638013589,239.8734953938927,199.57693185220103,0.17947230673474926,7.562794385128863,199310200.0,60.277377119210044,71.0748313162916,-0.016814421769307475,-0.016957389032874203,0.019625741559709104,-0.008219620842303654
2020-06-05,228.97314453125,229.54863025570177,223.55565142863753,224.94475960006616,16750400,220.69311904907227,195.52125274658204,225.006344380163,215.85337522480506,68.98262246065346,9.152969155357937,10.157706849126136,-1.0047376937681989,240.65545038356646,200.73078771457807,0.17436395325190424,7.479165492265101,216060600.0,66.1882837625142,66.58531561783731,0.019797591097699963,0.019604167504043712,0.01983348138782186,-0.009489947476953198
2020-06-08,229.59823608398438,229.74707721776002,225.63931324920404,227.24669454212363,15466500,221.63820190429686,196.87185424804687,225.712789257674,216.87151306622576,67.9550234901242,8.84127619144823,9.894420717590556,-1.0531445261423258,241.39651185461815,201.87989195397557,0.1721120361141967,7.5060965284740035,231527100.0,66.15606398324084,64.20724162165504,0.002729977587607735,0.002726257966909563,0.019837379459827328,0.004753787312378854
2020-06-09,236.8116455078125,237.9030866501457,228.61596567349713,229.71732350258614,27462900,222.90278091430665,198.49670349121095,227.42030560384916,218.3485599137507,70.06814531658027,9.071745690098453,9.729885712092136,-0.6581400219936828,243.16542405560665,202.64013777300664,0.17112877280886535,7.626579446207929,258990000.0,88.72042460974073,73.68825745183194,0.031417529798397625,0.03093409861051174,0.020728695473470726,-0.012653540457772117
2020-06-10,234.88673400878906,239.3318620782933,233.44802723887338,239.0838086648603,20720700,224.22391357421876,199.9012808227539,228.56898689691684,219.57360984671652,57.83491584484033,8.995377050200318,9.582983979713772,-0.5876069295134538,243.9614604786564,204.48636666978112,0.16806012470418266,7.02203721052855,238269300.0,77.6892079696746,77.52189885421875,-0.008128449489448464,-0.008161665453646723,0.020449065077416503,-0.00506914038014783
2020-06-11,222.6824951171875,231.07662899070073,221.80935742815382,228.14960184432616,26708200,225.1828872680664,201.04490631103516,227.66337277695848,219.80389764452917,43.557935863481255,7.85947513242931,9.23828221025688,-1.3788070778275703,242.38196362274272,207.98381091339007,0.15447174099271022,7.443729878967659,211561100.0,16.43422690271883,60.94795316071139,-0.05195797431090721,-0.053356446814032864,0.02338107018823992,0.0512855529638776
2020-06-12,226.80020141601562,229.85622132173424,222.7519678450629,228.1099155813356,22091400,226.26291275024414,202.4137646484375,227.53057718296728,220.32214236834298,44.20860626813825,7.208434814624297,8.832312731130365,-1.6238779165060677,240.66355295824178,211.8622725422465,0.1269896597806172,7.442313956214643,233652500.0,37.101637923948125,43.74169093211386,0.018491378483347587,0.01832249173318411,0.023572024061676803,0.04466703777515746
2020-06-15,230.689697265625,231.94981296945323,223.04965440568424,223.3373897320801,15340300,227.33549728393555,203.88839324951172,228.0165956572223,221.09010939777127,50.26855950069635,6.926486259451025,8.451147436794498,-1.5246611773434733,239.40361816154962,215.2673764063215,0.10462643993778677,7.423887609061176,248992800.0,56.623625058416586,36.71982996169452,0.01714943736965613,0.017004045671745235,0.023497335542259794,0.028903104015747694
2020-06-16,233.8151397705078,236.60327283509807,231.18577966295072,235.2935435543671,15236700,228.4497528076172,205.50510589599608,228.90867936695852,222.0327042401962,55.817697347690014,6.875975126762313,8.13611297478806,-1.2601378480257477,238.2812752921355,218.61823032309889,0.08409654305677598,7.061728440110751,264229500.0,69.66715446859017,54.464139150318296,0.013548253528132381,0.013457296559128057,0.02353816572339313,0.027965173840715396
2020-06-17,233.69606018066406,235.7400177059059,229.92564559877275,233.1701882014505,19578100,229.37499084472657,206.89380798339843,229.645199492144,222.89665653208272,59.610567738164164,6.748542960061286,7.8585989718427065,-1.1100560117814204,237.23890322352284,221.5110784659303,0.06730034192888742,6.936283943093429,244651400.0,69.01241373623142,65.1010644210794,-0.0005092894752692922,-0.0005094192072033779,0.02339582133095483,-0.006411019421168285
2020-06-18,234.10289001464844,234.30132971581455,230.342391818643,233.1602900791253,15782500,229.6711654663086,208.22555755615235,230.33099803406776,223.72674790116167,60.34712655270145,6.604250132906088,7.607729204055383,-1.003479071149295,237.7876141221092,221.55471681050798,0.06934086678974995,6.892343412776518,260433900.0,70.24279149676586,69.64078656719583,0.0017408502037641327,0.0017393366803386153,0.019335278397956825,-0.001101995565554681
2020-06-19,236.93069458007812,238.95481893657268,233.71593199267232,235.93848091433975,30081300,230.0382843017578,209.50571166992188,231.34633596422321,224.70481802552587,57.09862838931291,6.641517938697348,7.414486950983776,-0.7729690122864286,238.77914880986876,221.29741979364687,0.07378414623400935,6.632950183849549,290515200.0,86.29666507716385,75.18395677005373,0.012079323605328929,0.01200695080270456,0.01945573882514386,-0.09510455327937739
2020-06-22,237.3573455810547,238.82581751303113,235.0653345200704,236.7024809522082,18917800,230.25210571289062,210.77634033203125,232.27110667450498,225.64204228889838,56.75955501732573,6.629064385606597,7.257402437908341,-0.6283380523017437,239.5008272044385,221.00338422134274,0.07793077959232195,6.445137665532757,309433000.0,88.73153959693644,81.75699872362206,0.0018007417811893855,0.001799122389487539,0.01919695504523135,-0.07766904347549941
2020-06-23,240.35382080078125,243.28084780615615,237.9923476578794,239.40128911138243,24017900,230.7501968383789,212.11483673095702,233.51460115547056,226.73180366014896,62.443300842050306,6.782797495321603,7.162481449390993,-0.3796839540693906,241.04452554000923,220.4558681367486,0.08565978828489552,6.5712901482111885,333450900.0,86.36784426833579,87.13201631414536,0.012624320567754754,0.01254529820693507,0.019120886226507552,-0.06262371579984238
2020-06-24,232.1978302001953,241.3261922642483,230.86825247388322,239.32191655919164,20834900,230.99229736328124,213.22313903808595,233.31202100850513,227.1366945149672,57.30759991888264,6.175326493537938,6.965050458220382,-0.7897239646824445,241.1776770725649,220.80691765399757,0.08773018852503557,6.820761249053222,312616000.0,48.38263478067979,74.49400621531736,-0.03393326793563256,-0.034522366343613886,0.020517058641303168,0.015084196511119474
2020-06-25,233.84490966796875,235.45230610298375,230.92781420586104,232.79316560381045,18704300,231.49931793212892,214.3881964111328,233.39400387919184,227.63359934111546,54.903124890466486,5.760404538076386,6.7241212741915835,-0.963716736115197,241.15287788256677,221.84575798169107,0.08256378096187537,6.71586932548597,331320300.0,56.053641490973966,63.60137351332986,0.00709343177907118,0.00706839173536412,0.02013828415786091,-0.009589266348499104
2020-06-26,214.3975067138672,231.27505382872505,213.72279362389085,230.82856075711075,76343900,231.0523254394531,215.17859344482423,230.47146585375728,226.65314803539337,38.904984888630416,3.8183178183639086,6.142960583026049,-2.3246427646621406,242.88018355858148,219.22446732032475,0.11033578048940382,7.859751616594679,254976400.0,2.2826708611906343,35.572982377614814,-0.08316367878913633,-0.08682631642981298,0.027796493400660795,0.11199561874077224
2020-06-29,218.92202758789062,219.03117169920628,205.4973775959621,208.1168211275584,58514300,230.49321365356445,216.00014617919922,228.6946291974701,226.08047244668947,36.40888053047735,2.614156750780637,5.4371998165769675,-2.8230430657963304,243.50745496946467,217.47897233766423,0.11889384964402812,8.163085411351508,313490700.0,35.53048440730897,31.288932253157867,0.02110342113288577,0.02088382801237319,0.02731182691862499,0.09164249598913354
2020-06-30,225.30197143554688,225.72861605804886,216.76892758571236,218.87241577847084,33927100,230.21291427612306,216.9691424560547,228.1726818494819,226.02280570512335,43.17991663647544,2.149876144358558,4.779735082133286,-2.6298589377747277,243.42945409833163,216.99637445391448,0.11732289547221728,8.38278924227412,347417800.0,52.416026714553354,30.076393994350997,0.02914253955141577,0.028725969660335172,0.028177845147061394,0.07270888205458848
2020-07-01,235.70034790039062,237.13905461798524,225.7881284096902,226.72081163267626,43399700,230.57953643798828,218.29374755859374,229.33078431885247,226.73966068255055,59.5072454989754,2.5911236363019157,4.342012792967012,-1.750889156665096,243.98601581617464,217.17305705980192,0.11375867280308026,8.294196856688629,390817500.0,79.93699397013127,55.96116836399788,0.04615306470062763,0.04511968830284937,0.02993638364195549,0.029257082573038495
2020-07-02,231.60250854492188,238.13127618375734,230.7988179101983,237.1390625329917,30633600,230.933260345459,219.308583984375,229.68028035363238,227.0998716353188,53.50825641490579,2.5804087183135778,3.989691978036325,-1.4092832597227472,244.03736463424704,217.82915605667094,0.1131602966748209,8.30553486161808,360183900.0,69.09140638232233,67.148142355669,-0.01738580104769527,-0.017538708962920424,0.02995556848363917,0.04991006240355467
2020-07-06,238.40908813476562,238.52814892473828,230.46146246454367,231.93985107329897,26206200,231.40505752563476,220.40299560546876,231.0231738584221,227.93759137601856,55.40876481010173,3.085582482403538,3.808870078909768,-0.7232875965062298,244.88605744403947,217.92405760723005,0.11309132570302265,8.246001139934194,386390100.0,87.10610845123705,78.71150293456355,0.029389058143657998,0.02896547882667171,0.030330105059138364,-0.005327124062154631
2020-07-07,238.98458862304688,245.7217128783308,236.96047936852221,237.5458818087057,27887800,231.8743751525879,221.41088592529297,232.2480068991336,228.75588746839102,53.756316879244665,3.4921194307425765,3.74551994927633,-0.25340051853375334,245.73861891343114,218.01013139174466,0.11602625793340564,8.449405278529587,414277900.0,83.25112345841677,79.81621276399206,0.002413920093331079,0.002411011268396115,0.03033004439649862,-0.004691518260585115
2020-07-08,241.6834259033203,245.06687840847746,234.74784637309824,236.25601550518834,29791300,232.1179641723633,222.52375335693358,233.69960982285463,229.7134829080154,55.59419005091949,3.986126914839218,3.793641342388908,0.19248557245031028,246.50864893273697,217.7272794119896,0.1190870636377882,8.771166701975735,444069200.0,89.96058742161446,86.7726064437561,0.011292934393063891,0.011229645243876821,0.02964463960113602,-0.013548044332442166
2020-07-09,242.59625244140625,244.61044506438395,237.37721376974662,243.09235929711465,22174900,232.50344009399413,223.74596252441407,235.06832407186258,230.66776213271103,55.90671435199026,4.400561939151544,3.9150254617414353,0.4855364774101085,247.60201229775646,217.4048678902318,0.12447490059566403,9.005044801794721,466244100.0,92.22992644649912,88.48054577551012,0.003776951334888423,0.0037698365633320485,0.02956165366352942,-0.01460130168412832
2020-07-10,243.16180419921875,243.57853211152505,237.45657576506048,241.79254453022762,22982700,233.52740554809571,224.75563903808595,236.3134748606866,231.59324673023013,54.47421345562375,4.720228130456462,4.0760659954844405,0.6441621349720217,248.59931984310344,218.45549125308798,0.12396613312393044,9.068121187692165,489226800.0,93.6359204892306,91.94214478578141,0.0023312468849827628,0.0023285337448116163,0.026695755862885865,-0.01240473367850048
2020-07-13,237.13905334472656,248.2022290661148,236.563567632783,245.08667892902588,24674900,234.04434814453126,225.4360986328125,236.4404869351543,232.00404722019283,49.854916128883055,4.436439714961466,4.148140739379846,0.2882989755816201,248.85164708343171,219.2370492056308,0.12488283755923782,9.630848219147241,464551900.0,74.09386675923355,86.6532378983211,-0.02476849057082109,-0.02508039060163859,0.02727071866556562,0.02686185606015523
2020-07-14,237.86338806152344,238.45872234252025,230.2233455352895,234.9165121365507,23378100,234.40303268432618,226.17946533203124,236.65939480074954,232.43807246769882,48.29323128862083,4.221322333050722,4.162777058114021,0.058545274936700586,249.21572123697766,219.5903441316747,0.12454786483424825,9.795982117870762,487930000.0,75.79000827909381,81.17326517585268,0.0030544724986478755,0.0030498170750252406,0.02705604928438334,0.008426021169937181
2020-07-15,238.40908813476562,242.91374646179125,236.1964559945626,239.66920367523048,19133600,234.63273010253906,226.87441162109374,236.92857839059818,232.8803699245186,54.7525017996707,4.048208466079586,4.1398633397071345,-0.0916548736275482,249.54914578152918,219.71631442354894,0.125132945188384,9.528792880503874,507063600.0,77.06784921388973,75.65057475073904,0.0022941743060560515,0.00229154670619678,0.026917480152494896,-0.00170630792470583
2020-07-16,239.0540313720703,239.87757053195742,234.48985759074168,236.1468525967872,18880700,234.90062866210937,227.54633911132814,237.2555711569785,233.3376781798928,54.04779931860495,3.9178929770856996,4.095469267182848,-0.17757629009714826,249.93817872134457,219.86307860287417,0.12580879705668166,9.590451526510519,525944300.0,78.5780833327002,77.14531360856125,0.0027051956884298622,0.0027015432321633374,0.026915538532309283,-0.03457428185804934
2020-07-17,240.14544677734375,242.2588665054799,236.00791804787727,239.12346802147917,18152400,235.20275650024413,228.2123129272461,237.70016740626548,233.84195733525954,77.99351212960585,3.858210071005942,4.0480174279474666,-0.1898073569415244,250.4146195058048,219.99089349468346,0.12668874808744296,8.599653841762285,544096700.0,81.1338009331014,78.92657782656379,0.004565559505560923,0.004555168952550317,0.026924349153594734,-0.04677087021288118
2020-07-20,243.50904846191406,244.13414784535723,233.8052011207294,238.19078321001928,20872200,235.53167419433595,228.89019317626952,238.5938414148268,234.55803815945617,77.42360851277971,4.035803255370638,4.045574593432101,-0.00977133806146302,251.17909648502362,219.88425190364828,0.12851614664442337,8.370736171861115,564968900.0,85.0693997002591,81.59376132202026,0.01400651867319791,0.013909333820120409,0.026967135034883197,-0.04856977196446133
2020-07-21,239.8676300048828,244.9874556480956,238.21063516352848,244.30282586394793,19364200,235.65718841552734,229.47361419677733,238.78980889022003,234.9513412591174,67.30312509883454,3.838467631102617,4.004153200966204,-0.1656855698635873,251.40621362188003,219.90816320917466,0.13131430202593067,8.214817029877588,545604700.0,62.815375956335004,76.33952552989852,-0.014953934894952337,-0.015066872299462405,0.027223673968695933,-0.04810754985777643
2020-07-22,238.00228881835938,240.01648136267946,236.26591489118834,238.3892515451012,15427900,235.53961181640625,230.0032586669922,238.66865195608761,235.17733737461683,53.4299334798332,3.491314581470789,3.901585477067121,-0.41027089559633234,251.17570825360133,219.90351537921117,0.13139450477409795,7.637208693381355,530176800.0,43.267109825256895,63.71729516061702,-0.007776544031745658,-0.007806939031531098,0.027142824909798257,-0.02743157684989561
2020-07-23,230.78890991210938,240.53244045663342,229.9455222212178,237.76417092837667,21771800,235.46916580200195,230.44975524902344,237.45638394932175,234.85226867369036,48.89071410180406,2.6041152756313863,3.6420914367799746,-1.0379761611485883,251.18116652831333,219.75716507569058,0.13615906182229404,7.869670119228254,508405000.0,4.619604718477021,36.90069683335632,-0.030308023263402983,-0.03077680767039411,0.026916383637614803,0.008168406415293594
2020-07-24,228.91363525390625,231.6719881993835,225.1332882424619,228.39767987749195,18325800,235.22260208129882,230.95796752929687,236.14211491925784,234.4123699018545,35.04223210980285,1.7297450174033315,3.259622152904646,-1.5298771355013145,251.1945445319502,219.25065963064742,0.13954557519420502,7.760528226137325,490079200.0,16.38717199969769,21.42462884781055,-0.008125497273319016,-0.008158689048350659,0.02692185452369795,0.09951870686765929
2020-07-27,231.68186950683594,233.12057616100276,229.03266108130668,229.65776047765974,13163100,236.08682022094726,231.48761108398438,235.45592331734676,234.21011061333462,39.23969577579179,1.2458127040121383,2.8568602631261446,-1.6110475591140063,248.86553378824277,223.30810665365175,0.11031259022984072,7.43522161165789,503242300.0,28.38700447562732,16.464593731267357,0.0120929198903299,0.012020384723701023,0.018754729132823278,0.07905797496137756
2020-07-28,228.32818603515625,233.1305113076569,228.04045075621468,232.8030790068061,14170100,236.55712814331054,231.86941467285158,234.35934835085592,233.77441249643252,30.694078704210256,0.5849358544234065,2.4024753813855972,-1.8175395269621908,247.18773172594183,225.92652456067924,0.09311687503175342,7.061723648519532,489072200.0,13.849347557734784,19.541174677686612,-0.014475381603309856,-0.014581172085755956,0.018739416067412928,0.08565111767691924
2020-07-29,231.4735107421875,231.88032196348667,228.5167183683108,229.3402574968024,13588300,236.86570510864257,232.2682843017578,233.9153733341377,233.6039753294514,34.896179089279684,0.3113980046863105,1.98425990604574,-1.6728619013594295,246.42500973008774,227.3064004871974,0.08259523598008765,6.798788265211895,502660500.0,27.483804080636617,23.24005203799959,0.013775455241198165,0.013681436111222472,0.01787474191001478,0.06785539314566624
2020-07-30,232.67408752441406,233.06105022002825,227.2169127637135,228.4274145581944,20615300,236.71439208984376,232.61794006347657,233.72440628648792,233.53509475130048,35.99994295344669,0.18931153518744281,1.6252702318740806,-1.4359586966866378,246.4456238069054,226.98316037278212,0.08364688840600312,6.7789440587726215,523275800.0,32.68810362499867,24.673751754456703,0.0051866702949165955,0.00517326585018792,0.014521565498693066,0.1312581036505227
2020-07-31,251.69482421875,253.85785775778805,247.0611884844534,253.82809256073517,53005100,237.71900787353516,233.08824859619142,236.4890859683744,234.8802598970375,64.42480395460103,1.608826071336921,1.6219813997666488,-0.013155328429727886,249.21644073948198,226.22157500758834,0.09136010564884964,7.460737544489921,576280900.0,92.4697442765551,50.88055066073014,0.08174840996138055,0.07857863024553978,0.022946092194313105,0.05822526873480749
2020-08-03,249.9981689453125,253.41137133431812,248.3808557796647,250.68278367643498,23124900,238.2984619140625,233.4964456176758,238.5674064263649,236.00010501172451,61.7982281979234,2.567301414640383,1.8110454027413958,0.7562560118989872,251.04285856155616,225.55406526656884,0.10195591992740967,7.231818883591539,553156000.0,86.56310998400923,70.57365262852102,-0.006740922379726455,-0.006763745018571742,0.02228895559674534,0.043816360959674894
2020-08-04,247.88475036621094,250.83162626496386,245.50342840339124,249.6012758271747,17183500,238.74347000122071,233.79252227783203,240.00084395557198,236.88044911205685,58.940315531583366,3.120394843515129,2.0729152908961423,1.0474795526189866,252.19090239586387,225.29603760657756,0.10849745597320272,7.132597983187537,535972500.0,79.20558082103828,86.07947836053422,-0.008453736233419717,-0.008489671731039388,0.02242590417601313,0.025217084862614758
2020-08-05,247.18023681640625,250.305718609259,245.84075759659282,248.24191259105157,13050100,239.018310546875,234.12828704833984,241.10536593416188,237.64339634941607,57.65849015956314,3.461969584745816,2.350726149666077,1.1112434350797389,252.9352353252816,225.1013857684684,0.11260548139003072,7.066687131148283,522922400.0,76.75292944395058,80.84054008299938,-0.002842101213422321,-0.0028461476518195808,0.022342236952677275,0.04323237117083045
2020-08-06,263.2144470214844,264.52417636220866,246.7337769905804,247.10089121185337,45241600,240.0492202758789,234.84545959472655,244.5067630245192,239.53754825105077,66.9634061093532,4.969214773468423,2.8744238744265465,2.094790899041876,257.6493376937131,222.4491028580447,0.1337321535120572,7.890933625007258,568164000.0,96.67504490452332,84.21118505650408,0.0648684960075816,0.06285131361020815,0.026483230133410158,-0.01500311130037979
2020-08-07,266.3498229980469,276.71846729977585,261.3788231390226,262.0237559273697,72766400,241.2086212158203,235.69836608886717,247.8672337896773,241.52364267675418,66.85214734190168,6.3435911129231215,3.5682573221258616,2.77533379079726,262.3673145711896,220.04992786045102,0.1588789744044578,8.248840584730504,640930400.0,79.89995480870998,84.44264305239464,0.011911868866022246,0.01184148097229063,0.02653027104800132,-0.026821571788654408
2020-08-10,260.9521789550781,271.7276042056883,257.6679543343518,265.95294401876475,30248800,242.3992774963379,236.45066253662108,249.88030227666204,242.96279351218558,65.16342359643923,6.917508764476452,4.238107610595979,2.6794011538804723,265.20935093301034,219.58920405966546,0.17482186604465258,8.76904268378546,610681600.0,69.43639891629554,82.0037995431763,-0.020265243589098758,-0.02047340067523095,0.026283286988236624,-0.006996121218386775
2020-08-11,254.13568115234375,263.84946103998055,253.1434675252499,258.16406605594824,28238300,243.2128921508789,236.9312908935547,250.53497594984384,243.79041481886398,60.83133844179451,6.744561130979861,4.739398314672756,2.005162816307105,266.4976370556241,219.9281472461337,0.1832465618299933,9.265858901159714,582443300.0,56.222336413907534,68.51956337963769,-0.02612163588757699,-0.026468865979568084,0.027197367696364144,0.02424551949332332
2020-08-12,257.8664245605469,261.84518077653547,256.10025516377686,256.9535746633376,21415700,244.18575897216797,237.47046020507813,251.66289112072124,244.83308220713678,69.07058217823351,6.829808913584458,5.157480434455096,1.6723284791293613,268.2386479422872,220.13287000204878,0.1865530885698661,9.060329000358006,603859000.0,63.45453658517329,63.03775730512547,0.014680124377995929,0.014573414427995937,0.027305561335553216,0.010388807170659264
2020-08-13,259.2654113769531,263.09537176343133,257.5489011631833,259.51346478633786,17374000,245.19632797241212,238.08841033935548,252.83250962168,245.90214362712317,71.52101450615123,6.930365994556837,5.512057546475445,1.4183084480813921,270.0271588358225,220.36549710900175,0.19154757845664294,8.989455474881323,621233000.0,64.74240842122354,61.473093806768134,0.005425238352726236,0.005410574758886958,0.027304110620188237,0.029506419139581297
2020-08-14,259.2059020996094,260.6049270761182,256.6658374029572,260.2675780454647,14792700,246.14935073852538,238.7819677734375,253.81303154136145,246.8876072176777,70.29560130659098,6.925424323683757,5.794730901917108,1.130693421766649,271.6188370640908,220.67986441295997,0.19651933940746336,8.970323243885929,606440300.0,64.62219143430207,64.273045480233,-0.0002295303373778257,-0.00022955668349728032,0.027323717510751754,0.02208706518592285
2020-08-17,259.12652587890625,262.04363649322056,257.3802201288519,260.4560885640764,13351100,246.930224609375,239.38503540039062,254.63049220867603,247.7941937851761,73.86226280367663,6.836298423499926,6.003044406233672,0.8332540172662544,273.0092162894611,220.85123292928887,0.20128384457462473,8.939848659094963,593089200.0,64.46184046866988,64.60881344139851,-0.00030622844642103075,-0.0003062753439262073,0.027239837823554297,0.03917144365284053
2020-08-18,260.2973327636719,263.0854507776414,257.2413279573134,258.9181714962435,18690400,247.95170974731445,239.99901733398437,255.50231383252154,248.72035222802765,73.0372914099686,6.781961604493887,6.158827845885715,0.623133758608172,274.4627651715517,221.4406543230772,0.20369824878925724,9.103562008523365,611779600.0,66.82703262417891,65.30368817571697,0.004518282645107341,0.004508105848989941,0.026893032298047147,0.07044298307165686
2020-08-19,260.54534912109375,265.82393240661906,259.3150140244503,259.3547110443287,23291500,249.07886276245117,240.47369140625,256.2781654153788,249.59627792381033,72.62039363363655,6.68188749156846,6.263439775022264,0.41844771654619617,275.72536181588777,222.43236370901457,0.20454403921101733,9.15104636037008,635071100.0,48.18805693996048,59.82564334426977,0.0009528194345620467,0.000952365790262475,0.026755011478234808,0.15735579879473627
2020-08-20,266.9154052734375,267.53057289532575,259.4241740031318,259.4638710277575,20299700,250.88518753051758,241.11426483154298,257.9146638550801,250.87917624600493,65.5452242198719,7.035487609075176,6.417849341832847,0.6176382672423291,277.20721861195074,224.5631564490844,0.19723126175102523,8.21694840742865,655370800.0,68.59506707787664,61.20338554733869,0.02444893441326834,0.024154843055586853,0.025749091689933883,0.08999673461323687
2020-08-21,264.9309997558594,268.38388418339855,264.3455972842934,266.5979115677721,15538600,252.68605575561523,241.9592349243164,258.9941001475077,251.9200520615497,65.16221669638674,7.0740480859579975,6.549089090657877,0.5249589953001204,277.56770181530754,227.8044096959229,0.18783491613002165,8.146074932032347,639832200.0,62.23785725955285,59.67366042579667,-0.007434585933866367,-0.007462360213677402,0.0257273344238413,0.09980879501464024
2020-08-24,269.2768859863281,275.0912436348155,266.67726070148495,268.95937034055146,23685600,254.56580657958983,242.80876861572267,260.57606719963394,253.20574346338515,70.77873550816317,7.370323736248793,6.713336019776061,0.6569877164727318,278.42556358239057,230.70604957678907,0.1772135541110808,8.491221076131168,663517800.0,75.89982746213975,68.91091726652309,0.016403841885145987,0.0162707523515983,0.02578462633524348,0.08036399840655783
2020-08-25,278.6334533691406,280.8857675258708,268.1556793125237,270.28893267224026,42127200,257.08106994628906,243.76764373779298,263.3541266103273,255.08927753047814,76.15518019296965,8.264849079849142,7.023638631790678,1.2412104480584647,279.87731116083575,234.28482873174238,0.16362888905766565,9.081587304751233,705645000.0,93.40502816274554,77.18090429481272,0.03474701272090441,0.03415696468520904,0.0258901796493331,0.05206181948139266
2020-08-26,301.5436706542969,302.2977627595192,281.78869215846566,281.78869215846566,69015200,260.5845779418945,245.12221435546874,269.2294410786303,258.53034368779805,78.60215248017212,10.699097390832264,7.758730383598995,2.9403670072332693,287.8999305635046,233.26922532028442,0.18117012744681765,9.501152306090537,774660200.0,98.46586732123215,89.25690764870582,0.08222349832058473,0.07901771946386002,0.03048771188033115,-0.004639619357709623
2020-08-27,290.9369201660156,298.8845620799674,289.74625154101784,297.82288608867316,30301300,263.4977195739746,246.26703155517578,272.5690532459204,260.9308308343327,66.50684391385137,11.638222411587662,8.534628789196729,3.1035936223909335,290.7070509523572,236.28838819559206,0.187046259806808,9.24813623127095,744358900.0,76.88738585279951,89.58609377892576,-0.03517484039796448,-0.035808375818097614,0.032361642766121926,-0.007162067006167061
2020-08-28,291.3734436035156,294.9156533521209,288.7143184756924,292.70300616742725,17157400,265.4816505432129,247.41244262695312,275.4620363778581,263.1858391876055,71.88128607773498,12.276197190252617,9.282942469407907,2.9932547208447104,294.7739331674961,236.18936791892966,0.20106350298788725,8.686828017348953,761516300.0,77.7754535901369,84.3762355880562,0.0015004057829817175,0.0014992812988726975,0.027887361733426194,-0.037219651801869036
2020-08-31,290.91705322265625,294.5683921740452,289.279876482208,291.66121345742096,17345100,267.52759475708007,248.49216979980469,277.8397312770578,265.24000319020183,79.12027321606321,12.599728086855976,9.946299592897521,2.6534284939584545,297.96020677952794,237.0949827346322,0.20921848124974626,8.299865315713703,744171200.0,75.36510056515375,76.67598000269673,-0.0015663417201480234,-0.0015675697158149093,0.027770035138980124,-0.07517038594238612
2020-09-01,293.1396179199219,299.1424986923142,290.4308636184182,292.4152910182119,17295900,269.79033813476565,249.60781524658202,280.1935599913446,267.30664131832924,78.60944801676905,12.886918673015373,10.534423408921091,2.352495264094282,300.7976976916662,238.78297857786512,0.2115535237230946,8.371446419264007,761467100.0,79.93040011168488,77.69031808899184,0.007639857040503406,0.007610821125757774,0.027501124277443598,-0.0735175390936057
2020-09-02,300.1446228027344,301.2360638507357,290.76819189575707,296.5528143101857,24341400,272.43855743408204,250.80363128662108,283.26295427002,269.7390843912481,80.39252787705846,13.523869878771848,11.132312702891243,2.391557175880605,304.34903172079464,240.52808314736944,0.21263398949969053,8.722975087459051,785808500.0,95.28150534759766,83.5256686748121,0.023896479542816706,0.02361542731048528,0.02755683181719842,-0.11375212897346954
2020-09-03,288.85321044921875,295.28276530131205,281.4215404790347,293.6852857036353,32294100,273.7204956054687,251.93673889160155,284.1229936822044,271.15494558072743,68.88749078682511,12.968048101476995,11.499459782608394,1.4685883188686013,306.12683535205264,241.31415585888482,0.22437929421789163,9.778974562497528,753514400.0,70.16063882989731,81.79084809639329,-0.03761990552446692,-0.038345797748855034,0.02633970609753623,-0.08419197514416588
2020-09-04,280.52862548828125,286.74979526681267,269.0288708964707,285.0134210740205,30333700,274.42943572998047,252.87041320800782,283.5700139600624,271.8492922405462,62.338464321721595,11.720721719516177,11.543712169989952,0.17700954952622538,306.7771630908907,242.0817083690702,0.230619797210403,10.861897647381767,723180700.0,51.68473189829694,72.3756253585973,-0.028819430284300007,-0.029242865347690206,0.027331631354705423,-0.05864270793513138
2020-09-08,269.0487060546875,277.1253108936608,267.3222636782899,269.16776686961657,24864000,274.8342620849609,253.96343719482422,281.3359665900047,271.6418414119641,54.50923672167845,9.694125178040622,11.173794771600086,-1.4796695935594641,306.67042680647535,242.9980973634465,0.2366572594855247,11.387771860929146,698316700.0,22.645578322610138,48.16364968360147,-0.04092245279287299,-0.041783344795296655,0.028615088762604598,0.004646566066875968
2020-09-09,271.5887145996094,276.3116611433854,269.23717315355583,273.6227404185277,22918800,275.70691375732423,255.0167709350586,279.8363893607131,271.6379060925304,55.558911218629476,8.198483268182713,10.578732470916613,-2.3802492027339,306.0772368128583,245.33659070179016,0.22364937438808993,11.441631625681225,721235500.0,28.37304025402251,34.23445015830987,0.009440701582134947,0.009396416661256193,0.02787679653791805,-0.03726434276215107
2020-09-10,266.0025329589844,276.9863444713146,264.95078899476385,273.3647709884832,24814700,276.1137191772461,255.83078216552735,277.70810376044716,271.2204710456011,49.53683129538122,6.487632714846086,9.760512519702509,-3.272879804856423,305.6853115938968,246.54212676059535,0.22234068290778608,11.722285667420996,696420800.0,4.3658527883710505,18.461490455001243,-0.020568533743607342,-0.020783012134863443,0.028257075339871908,-0.049498237282465385
2020-09-11,264.5340881347656,269.2768988349684,260.595028693732,267.95723761672286,18913900,276.37715301513674,256.40745697021487,275.6813321257269,270.7251834225762,49.79755697921131,4.956148703150689,8.799639756392144,-3.843491053241456,305.40566913065067,247.34863689962282,0.2194690016715387,12.053970184716084,677506900.0,9.445566409927002,14.061486484106863,-0.005520416696352171,-0.00553571050804826,0.028291747416983596,-0.05281127581301559
2020-09-14,264.0776672363281,274.4860094229294,263.6311892443126,268.8403111108716,24093800,276.62074127197263,257.056960144043,273.8961529119732,270.2327748161875,47.23859994655402,3.663378095785731,7.772387424270862,-4.109009328485131,305.1194904227977,248.12199212114757,0.21583611707173248,12.103582777548988,653413100.0,8.351103639916435,7.387507612738172,-0.0017253764974326513,-0.0017268666737851142,0.028298204141334438,-0.06763115838968659
2020-09-15,270.2988586425781,272.38248310509124,267.2031265875012,268.5624847371786,18478500,277.1793579101562,257.6947555541992,273.342723024374,270.23766991443864,45.420834902431295,3.1050531099353407,6.838920561403758,-3.7338674514684174,304.65384911011756,249.70486671019492,0.2032897315063503,11.787491895792991,671891600.0,23.26904977814019,13.688573275994552,0.023558188283610226,0.023284976758782477,0.02872655003568268,-0.06486322410824341
2020-09-16,261.4681396484375,270.3186990512302,259.75162935073587,265.2088046240385,29183400,277.2378982543945,258.14442657470704,271.5158640434607,269.58807507992003,23.951934268258015,1.9277889635406495,5.8566942418311365,-3.928905278290487,304.56553024529273,249.91026626349628,0.20903221346694223,10.851974775086976,642708200.0,4.137721336566034,11.919291584874228,-0.032670204522830315,-0.03321579154170961,0.029773458865329564,-0.05502423729438688
2020-09-17,252.83587646484375,259.4638560363653,248.24192265848913,256.2689270376447,31281400,276.85242462158203,258.3674755859375,268.64201980059653,268.34717147880326,24.58291174472572,0.2948483217932676,4.744325057823563,-4.449476736030295,305.3633390820239,248.34151016114015,0.22552902585726403,10.954031766277643,611426800.0,8.668795649697328,12.02518892146786,-0.03301458906312804,-0.03357187057453171,0.030708756951890404,-0.020759690551249377
2020-09-18,250.56370544433594,257.1817836445312,248.10301989417528,256.3879945767653,28130800,276.03483963012695,258.5268246459961,265.86074066886414,267.0298776984724,23.42675789380823,-1.1691370296082368,3.561632640337203,-4.73076966994544,306.60874200006253,245.46093726019137,0.24404095011061158,11.159562400129602,583296000.0,4.631177449810918,5.81256481202477,-0.00898674291116175,-0.009027367255412654,0.030152098625051204,0.009068236824158138
2020-09-21,246.21778869628906,248.00377613111147,242.22910108849263,245.6125378194875,24709400,275.09917907714845,258.5879443359375,262.83874805769875,265.48824147608843,22.29732553585042,-2.6494934183896817,2.3194074285918265,-4.968900846981509,308.148993813885,242.04936434041193,0.26846000779824775,11.377140161844325,558586600.0,6.7596897400065625,6.686554279838279,-0.017344558104854246,-0.017496737172393712,0.03031445761278838,0.03493873902470668
2020-09-22,252.7664031982422,253.33197219192002,246.28724989370133,251.33761325629538,30293100,274.27365493774414,258.90049133300784,261.28915654085927,264.54588308513684,26.25184736910755,-3.2567265442775692,1.2041806340179473,-4.460907178295517,308.73065388046035,239.81665599502793,0.2726390731262804,11.263036477682537,588879700.0,17.85772664156426,9.749531277127256,0.02659683744471808,0.02624929052829209,0.030744481766347035,0.027635058081354247
2020-09-23,247.0810546875,255.9811974630854,246.21781849122172,253.27245835747246,19641300,272.69603500366213,259.0848446655273,259.10329471726556,263.25219209271927,18.294968399251218,-4.148897375453714,0.13356503212361498,-4.282462407577329,309.14428139721974,236.24778861010452,0.295030684887242,11.212715550317183,569238400.0,9.14536944979483,11.254261943788558,-0.022492500739044963,-0.02274931527383005,0.029720624587621702,0.051722677077281176
2020-09-24,247.5870819091797,250.2759876821249,243.70752273115838,244.58067562687125,20006800,269.9982055664062,259.2684045410156,257.33156966986775,262.0918135606052,21.695907273196383,-4.760243890737456,-0.8451967524485994,-3.9150471382888568,305.42927260310285,234.5671385297096,0.28621095061569896,10.34452859512196,589245200.0,12.034809697949083,13.012635263102732,0.0020480211334685805,0.002045926797196151,0.021534016115757382,0.0685286647548633
2020-09-25,252.83587646484375,253.7586278443611,244.68979615867002,247.45806543720002,18351300,268.09315338134763,259.5440414428711,256.6399245614025,261.4061885905488,30.16904377504882,-4.766264029146328,-1.6294102077881452,-3.1368538213581827,302.87516241355985,233.3111443491354,0.27513507591197084,9.57627803318932,607596500.0,30.395207488912718,17.19179554555222,0.021199791665986067,0.020978202376148246,0.021697413881639153,0.020092756410859947
2020-09-28,254.82032775878906,257.5786806125648,252.83590037391562,257.3802257620939,18826300,266.2654975891113,259.8375390625,256.35998659176965,260.9183470474555,38.207201043551564,-4.558360455685829,-2.215200257367682,-2.343160198318147,299.7126537007288,232.8183414774938,0.2625156038828922,8.971738200170014,626422800.0,36.22619472796601,26.21873730494261,0.007848772578053165,0.007818131189657782,0.021870495469443214,0.030488137507369117
2020-09-29,259.7516174316406,261.2796046364811,254.89967819508988,255.80259624156326,20200200,264.70722579956055,260.16239044189456,256.88177595174983,260.8319226314692,40.56321277762931,-3.950146679719353,-2.5621895418380163,-1.3879571378813367,296.1632951392328,233.2511564598883,0.24220114315900726,8.914332613669599,646623000.0,50.41399903222469,39.01180041636781,0.019352026254041643,0.019167157049334586,0.022604279134121448,-0.0119561193443114
2020-09-30,259.8607482910156,264.00819407144127,258.07477583703985,259.94014233961224,20142500,263.04328231811525,260.5622528076172,257.34007938855996,260.7599837914356,44.63513225676829,-3.419904402875659,-2.733732514045545,-0.6861718888301138,291.5491032612572,234.53746137497328,0.21939304901268547,8.478465667801787,666765500.0,54.66006543210233,47.10008639743102,0.0004201354372845856,0.0004200472051038666,0.022442054089696805,-0.014432919712083825
2020-10-01,264.55389404296875,266.24063884854394,262.73812635584693,263.2838619564372,20009800,261.263745880127,261.09328491210937,258.44989702769976,261.0410141804381,50.01637785120163,-2.5911171527383203,-2.7052094417841004,0.11409228904578006,283.84553250771836,238.68195925253556,0.1707159647699132,8.314038554679781,686775300.0,69.20933873241218,58.09446773224641,0.01806023334735163,0.017899084695589353,0.022070928086382686,-0.010763992948587986
2020-10-02,257.9160461425781,263.0854713326593,257.16195399847294,259.1761467118416,16367600,259.7168876647949,261.6358276367188,258.3677661222964,260.8095350665225,45.377414379314224,-2.441768944226112,-2.652521342272503,0.2107523980463908,278.20941415640414,241.22436117318568,0.14339958112870888,8.066689973671142,670407700.0,52.02383283218455,58.63107899889969,-0.025090720831773106,-0.025410859320377947,0.021291996306635547,0.017350039218386737
2020-10-05,262.5893249511719,262.80761315583914,258.80899353212766,260.1584197827861,12822300,258.81992263793944,262.30934143066406,259.0172367113542,260.94137135427434,44.07860810503968,-1.9241346429201371,-2.5068440024020298,0.5827093594818926,274.604030806709,243.0358144691699,0.12021896298872445,7.82288648399242,683230000.0,72.4831444329085,64.57210533250175,0.01811937984661216,0.01795718025738941,0.021164919999615086,0.04194234035177069
2020-10-06,256.64599609375,263.62125710707375,256.2292530217347,259.7416979545767,18696900,258.1997871398926,262.80862396240235,258.652430462492,260.6231954090503,46.12440213820625,-1.9707649465582904,-2.399628191233282,0.4288632446749916,273.24926638571975,243.15030789406538,0.1172781144057262,7.5960960829099,664533100.0,60.04153148676202,61.516169583951694,-0.022633550920346912,-0.0228936214391114,0.019794812092768375,0.06757908890795661
2020-10-07,256.1101989746094,258.15415680274714,252.83590583088255,257.19170828911257,23133400,257.4258613586426,263.36426422119143,258.2613179258947,260.2888993768695,53.02532925550307,-2.0275814509748216,-2.32521884318159,0.2976373922067683,271.10593676118594,243.74578595609924,0.10682960270472935,7.031241367332486,641399700.0,57.81011622101535,63.444930713561966,-0.002087689374841828,-0.002089871636089481,0.019605862096823516,0.05307583131469751
2020-10-08,261.70623779296875,262.5595268534085,257.13211789378187,257.72745203917947,16312800,257.2110466003418,263.968918762207,258.7913055977522,260.39388740769164,59.6994466057311,-1.6025818099394087,-2.1806914365331536,0.5781096265937449,270.4519371604155,243.97015604026802,0.10118895653185302,6.8434245193641425,657712500.0,81.11574068392089,66.32246279723275,0.02185012092749239,0.021614828314126682,0.019869064629204392,0.01122255145127049
2020-10-09,262.3908996582031,262.6885516273848,260.1286538525536,262.46033159770803,14107800,257.1038871765137,264.5632550048828,259.34508929936004,260.54181424106287,65.03698947823952,-1.1967249417028256,-1.983898137567088,0.7871731958642625,270.1281551806514,244.079619172376,0.09927377832922887,6.430945477863277,671820300.0,82.91519392562098,73.94701694351907,0.0026161465275276186,0.0026127303730109244,0.019846854514476132,0.005596517804961065
2020-10-12,273.6029357910156,277.99843534360474,265.78428676115146,268.09616170666186,31019300,257.58015060424805,265.0014172363281,261.53860414423013,261.5093047262446,67.82692744408384,0.029299417985555465,-1.5812586264565596,1.610558044442115,272.2684800622419,242.8918211462542,0.10736967726993363,7.037613491418325,702839600.0,87.18173644679983,83.73755701878058,0.04273027817434816,0.04184254063324754,0.022037760145697867,-0.05203994324415995
2020-10-13,273.9898986816406,276.92684268053154,271.2613110760602,275.41865851572834,18063300,257.7647026062012,265.4812518310547,263.45418791921634,262.43379316738503,75.31749188171008,1.0203947518313043,-1.0609279507989868,2.081322702630291,273.19966950291035,242.32973570949198,0.11266814558476598,6.744910108033155,720902900.0,88.31020711477868,86.13571249573317,0.0014143228745198133,0.0014133236619516224,0.021446187658609027,-0.03107126997123333
2020-10-14,269.7034606933594,276.579492467608,269.3859451298855,275.4582864515571,15577800,258.1764686584473,265.91762603759764,264.41561449985375,262.97228705819794,69.4265060535279,1.4433274416558106,-0.5600768723080274,2.003404313963838,274.444350724454,241.90858659244054,0.12063532313738147,6.789558849944298,705325100.0,75.09662701937073,83.52952352698308,-0.01564451101630515,-0.015768177879548796,0.02035373835688041,0.0254214839861715
2020-10-15,264.64324951171875,266.9451926519491,261.61700972164607,265.5164024462862,15416100,258.766837310791,266.2668862915039,264.4506352709099,263.096062054755,60.405792097321644,1.354573216154904,-0.17714685461544113,1.531720070770345,275.07560514673287,242.45806947484914,0.12325096420205263,6.719388798945886,689909000.0,46.92432281388605,70.11038564934516,-0.018762129223821367,-0.01894037095434598,0.019294515301684464,0.04274126683756485
2020-10-16,263.859375,269.25701980773687,263.23427554072794,265.2980969389582,16622700,259.4316207885742,266.2797848510742,264.3596721523084,263.1526037544028,58.13829395544194,1.2070683979056298,0.09969619588877306,1.1073722020168568,275.41311924148914,243.45012233565924,0.12113648380251753,6.810813093180733,673286300.0,43.809066028540116,55.2766719539323,-0.0029620045595912803,-0.0029663999767396733,0.019152896165109356,0.07092097934061714
2020-10-19,259.3646545410156,266.4589764240774,257.8565006211909,263.462501957598,13587000,260.08896408081057,266.1400814819336,263.5912079044172,262.8720149237815,49.64883788453275,0.7191929806357393,0.22359555283816632,0.495597427797573,274.8141413213897,245.36378684023148,0.11354806433927933,6.963898730694622,659699300.0,25.946313174010072,38.89323400547875,-0.017034530074909737,-0.017181286689901345,0.01913588440406844,0.06009934743020273
2020-10-20,265.4766845703125,267.60003633807696,260.83313190654906,261.011723098242,18763200,260.72447814941404,266.23057159423826,263.88128123763187,263.06495341611713,54.59566451993751,0.8163278215147329,0.34214200657347965,0.4741858149412533,275.21423194636304,246.23472435246504,0.10916027387038832,7.128324699456044,678462500.0,50.23651828221959,39.99729916158993,0.023565393056787176,0.023292015682316602,0.01894837178003699,0.058790639074667084
2020-10-21,276.5597229003906,280.8460628763154,274.2180829295083,277.3832469106849,28998600,262.1984115600586,266.6790524291992,265.83181072421013,264.0645659705078,58.89448934601211,1.7672447537023572,0.6271625559992552,1.140082197703102,276.8410958321582,247.55572728795903,0.10589166143598927,7.770430967204228,707461100.0,84.69719405778685,53.62667517133884,0.04174769000154033,0.04089977389683971,0.01988787237031491,-0.039679953530606826
2020-10-22,275.9544372558594,280.25073903320055,272.8984327390067,277.6908110286055,16720000,263.6167793273926,267.04081268310546,267.3891378829254,264.94529717683014,64.67545183213116,2.4438407060952727,0.9904981860184587,1.453342520076814,277.78821768322496,249.44534097156023,0.10270853766118566,7.767599985039802,690741100.0,82.53624350143023,72.48998528047889,-0.002188625437512637,-0.00219102397847638,0.01995282067097541,0.009743903079632465
2020-10-23,282.5725402832031,283.01901826787457,274.6645961018009,276.6291597942717,17535200,265.10361251831057,267.5069552612305,269.7250459445066,266.25101888841334,65.75900544088101,3.4740270560932345,1.487203960033414,1.9868230960598205,280.68241361553237,249.5248114210888,0.1102640835631673,8.014946781669279,708276300.0,98.5207689015217,88.58473548691292,0.02398259326124763,0.023699527704522484,0.020076459355255018,-0.07612640084273847
2020-10-26,274.9523010253906,283.00910103507454,272.1245164393334,280.9552115795528,21322900,266.11021118164064,267.8218832397461,270.52923903387335,266.8955583059672,64.06458451824915,3.633680727906153,1.9164993136079618,1.7171814142981914,281.49171996884155,250.7287023944397,0.11188492498399215,8.264416818126572,686953400.0,73.27407085648919,84.77702775314705,-0.026967373581931353,-0.027337665582288204,0.02135500650263907,-0.0568366960844261
2020-10-27,281.084228515625,282.2947304449759,274.15856596508183,276.5895016504046,16287200,267.17684173583984,268.26103729248047,272.15308356952744,267.94657091409,67.66807848922346,4.20651265543745,2.3745019819738595,1.8320106734635906,283.623513615258,250.73016985642172,0.11702308568695728,8.465696354414392,703240600.0,92.52598910949128,88.10694295583407,0.022301786409374857,0.0220567382207355,0.021476280263841466,-0.06350411831279024
2020-10-28,265.5858459472656,276.61925709522393,265.17903470962136,276.61925709522393,23121800,267.46309661865234,268.36680755615237,271.1427393199487,267.77170239802894,52.40736454527441,3.3710369219197673,2.573808969963041,0.7972279519567262,283.56938197376223,251.35681126354243,0.12128873282131117,9.141115349214715,680118800.0,30.71769460551677,65.50591819049909,-0.055137859033232206,-0.05671624470514101,0.02524888016795222,0.07363539455551638
2020-10-29,278.643310546875,281.3917613867869,271.6482173165359,274.39663787649414,32368100,268.16756744384764,268.728766784668,272.29667335486045,268.57700670535087,58.74248844003408,3.719666649509577,2.8029805058723483,0.9166861436372287,284.9561423415164,251.3789925461789,0.12050226409325179,10.08725946812115,712486900.0,82.6102149901428,68.61796623505029,0.04916476084422827,0.047994381755941555,0.027211185766829436,0.04931820352345473
2020-10-30,261.0613098144531,274.54551949414935,257.08255380705526,272.36263742827884,47247800,268.32483062744143,268.61168487548827,270.5681558871055,268.0202884171362,43.68629667478625,2.547867469969276,2.751957898691734,-0.20409042872245786,284.7643705622653,251.8852906926176,0.1259439014268955,10.51248954343673,665239100.0,15.340394652690351,42.889434749449975,-0.06309859259823902,-0.06517722383617615,0.030411533331971764,0.1151611376385433
2020-11-02,259.3249206542969,268.3640019017437,255.3362330569995,262.53971316849265,27165700,268.16161041259767,268.499563293457,268.83842738975034,267.37618710137036,42.71631928756332,1.4622402883799737,2.494014376629382,-1.0317740882494082,284.90296975763033,251.42025106756498,0.1291149288914689,11.03836363202765,638073400.0,14.408548730805983,37.45305279121305,-0.006651269624711409,-0.006673487893118917,0.03018327523897845,0.06661312972348887
2020-11-03,263.2342224121094,267.94723641131566,258.848655815937,261.1109013243579,17961900,268.49102172851565,268.37871002197267,267.9762420085748,267.06937490216586,46.774829594249624,0.9068671064089244,2.1765849225852905,-1.269717816176366,284.5225487496108,252.45949470742048,0.12180427661868992,11.174437436145947,656035300.0,28.53032776384753,19.426423715781294,0.015074917396866505,0.014962420013126915,0.02988377625706617,0.026875279906149796
2020-11-04,285.1423645019531,286.69021537855144,276.4505632103181,278.81203654973183,35364400,269.9426300048828,268.5088882446289,270.61718393063296,268.40811487252046,58.74976845559378,2.2090690581125045,2.1830817496907335,0.025987308421770994,286.5027974386791,253.38246257108648,0.11615367967310863,12.272261864340859,691399700.0,95.06330372430874,46.00072673965409,0.08322680041026431,0.0799443647551972,0.03497130002314484,-0.03792896593316564
2020-11-05,292.385498046875,295.0644868941228,286.70013346565065,289.62714543435567,23823600,271.4765930175781,268.32572479248046,273.9661553331317,270.18421732988,61.53967896629702,3.781938003251696,2.502853000402926,1.27908500284877,290.3468941593664,252.60629187578982,0.12907822903557972,12.550788873280911,715223300.0,93.25671634307511,72.28344927707712,0.025401814835803727,0.025084550246727545,0.035065121567964735,-0.0665129370054216
2020-11-06,291.12542724609375,292.30616397917817,285.8170778605396,291.66123112597086,13891000,272.91331939697267,268.32949493408205,276.6060433197413,271.7354180644144,63.193469185023204,4.8706252553269,2.976407451387721,1.8942178039391786,293.1937868915717,252.63285190237366,0.13932460442526412,12.405499186384406,701332300.0,90.08499174144642,92.80167060294343,-0.0043096214046129955,-0.0043189345901059615,0.035135869263772546,-0.056099009622837315
2020-11-09,276.599365234375,290.3018321753482,276.3612436678267,287.61294188655734,25117700,273.0631408691406,268.03401336669924,276.6050159219926,272.0957104473744,54.31849677407369,4.509305474618202,3.2829870560338175,1.2263184185843845,293.4092249471595,252.71705679112176,0.1471159130157708,12.87184217075624,676214600.0,53.52143656757287,78.95438155069813,-0.04989623252468289,-0.05118407143120837,0.036102153598241565,0.0006816270076994702
2020-11-10,270.3087158203125,271.8664982783663,261.9443633047033,270.9735121867272,29067700,272.8790817260742,267.62184661865234,275.636354367888,271.9633404749995,47.47917143529907,3.6730138928884912,3.3609924234047526,0.31202146948373866,293.25644441977386,252.50171903237458,0.15077103697422375,12.820815286732584,647146900.0,37.68724098552093,60.43122309818008,-0.022742819415844107,-0.023005426590704512,0.036495213915054565,0.00943350001738641
2020-11-11,274.32720947265625,276.2322425059644,270.3583553266512,271.3406370382021,14957000,273.1102691650391,267.245598449707,275.43494746092927,272.13844188223334,49.36137237145473,3.2965055786959283,3.3480950544629877,-0.05158947576705941,293.4407952231801,252.77974310689808,0.1482209956294362,12.71875960040816,662103900.0,47.8021925983391,46.33695671714431,0.014866311802594678,0.014756891309137371,0.036446543446962666,-0.016312213585394142
2020-11-12,272.9380798339844,277.57173026289297,272.29314710652244,275.02173426728365,12899500,273.52501068115237,266.701467590332,275.05081397986083,272.1976743231038,46.056989807157485,2.853139656757037,3.249103974921798,-0.39596431816476096,293.4629031602106,253.5871182020941,0.14609828347283418,12.499056814000792,649204400.0,44.30561395601563,43.265015846625225,-0.005063769071038227,-0.005076633395996617,0.0361738353629421,-0.007779387240199331
2020-11-13,274.7935791015625,275.5972697257865,270.97355054002895,275.55757270188633,10391200,274.0717208862305,266.4202749633789,275.01123938319955,272.3899635659526,49.93182436644739,2.6212758172469535,3.123538343386829,-0.5022625261398757,293.48644565707104,254.65699611538992,0.14130406419478214,12.051852141859102,659595600.0,48.97609173522672,47.02796609652716,0.00679824254903072,0.006775238696481867,0.03616687835338074,-0.02617798605043109
2020-11-16,276.78790283203125,277.23441107281263,272.491631182549,272.9083439459854,12970400,274.94288330078126,266.34546051025393,275.28457222148137,272.71573684492137,48.08659378246687,2.5688353765600027,3.012597750021464,-0.4437623734614613,293.1019823393244,256.7837842622381,0.1312130974854274,11.809467528314071,672566000.0,53.996004612834724,49.09257010135903,0.007257533953264783,0.007231324786603262,0.03587769127484132,-0.037747417634771074
2020-11-17,272.8586730957031,275.51779762450263,271.1619967341118,275.51779762450263,15040300,275.3119827270508,266.4216598510742,274.9113569713616,272.7263247153496,53.61113955712968,2.1850322560119935,2.84708465121957,-0.6620523952075765,292.95365883807574,257.67030661602587,0.12930998975310012,11.075232692022341,657525700.0,44.10573923057514,49.02594519287886,-0.014195814542923069,-0.014297538973193028,0.03577993970667242,0.0069823028278723775
2020-11-18,269.8523254394531,275.23013630396935,269.7233328307537,272.3824579271771,12152900,274.9766128540039,266.3869320678711,274.1330444279911,272.51343588009803,45.15107330724021,1.6196085478930513,2.6015894305542666,-0.9819808826612153,292.77275696122035,257.1804687467875,0.13189542894051778,10.339581837286223,645372800.0,36.538460616972685,44.880068153460854,-0.011017966268550894,-0.011079113620032973,0.034619730503954615,0.013310344414223074
2020-11-19,270.8147888183594,271.34066082761194,267.09398773026356,268.9097253380734,12963700,274.7196304321289,266.4831771850586,273.62254356497084,272.3876101718211,56.58758588914965,1.2349333931497313,2.3282582230733597,-1.0933248299236284,292.60453661520387,256.8347242490539,0.13208219729145385,9.102861577109698,658336500.0,38.96107748512879,39.868425777558876,0.003566629923751341,0.0035602845824251788,0.034630271095549885,0.01784279324714877
2020-11-20,267.60003662109375,270.8743295920919,267.3122861808678,270.4377531586311,18114700,273.97100524902345,266.5444961547852,272.6960040351436,272.0329750939895,55.4796577260705,0.6630289411540957,1.995212366689507,-1.3321834255354112,291.72483957588645,256.21717092216045,0.13268932658631438,8.426738331858266,640221800.0,24.164517406826583,33.22135183630936,-0.011870667075799202,-0.011941686031986016,0.0342288416609153,0.026955821820247916
2020-11-23,266.3398742675781,268.84027177686704,262.4702475031481,268.7807413866415,20990800,273.54038391113284,266.58974029541014,271.7181379170566,271.6112639216627,52.13129117974113,0.10687399539386888,1.6175446924303793,-1.5106706970365105,291.6090018475288,255.47176597473685,0.13568090760787369,8.231841451739715,619231000.0,13.271420774970451,25.46567188897528,-0.0047091262371534715,-0.004720249105176435,0.0337383013855599,0.06750375970002609
2020-11-24,274.76385498046875,275.65684133200045,265.78430204794444,266.399469750556,16930400,273.224365234375,266.67904022216794,272.18670977296614,271.844789185278,41.26009917935494,0.3419205876881506,1.3624198714819338,-1.0204992837937832,290.9553726631347,255.4933578056153,0.12906360940393777,7.261594760140712,636161400.0,38.70605023790938,25.380662806568807,0.03162868772862559,0.03113880360371199,0.03414016030232963,0.03827805348653657
2020-11-25,273.44415283203125,277.99840979634354,270.5270423142432,275.97431577662064,12467000,273.6172805786133,266.91856048583986,272.38016255128383,271.96326056651895,32.28153592862188,0.41690198476487694,1.1733162941385225,-0.7564143093736455,290.9800334916605,256.2545276655661,0.1269930458064146,7.086540837992901,623694400.0,37.87584817595174,29.951106396277197,-0.004803041318994894,-0.004814612989627621,0.03167316527728277,0.022714849125322623
2020-11-27,275.6468811035156,276.95661043346155,272.6801718782236,275.23016831305193,7808400,273.4674591064453,267.3747805786133,272.88273463624256,272.2361213470372,35.771701329518365,0.6466132892053338,1.0679756931518847,-0.4213624039465509,290.69881985545004,256.23609835744054,0.12502489184728874,6.922827864343085,631502800.0,48.32066592697103,41.63418811361072,0.008055495971191817,0.008023223660652981,0.029720282945551357,0.006803288207991809
2020-11-30,274.81341552734375,275.5377423917736,268.89983065871155,273.880732275048,16693300,274.15506439208986,267.8597747802734,273.17976246564274,272.4270320270599,47.80600858526799,0.7527304385828302,1.0049266422380738,-0.25219620365524364,290.3694962733424,257.9406325108373,0.11800320483000021,6.35017549766716,614809500.0,80.16080075848849,55.45243828713709,-0.0030236713465982,-0.0030282518764792646,0.02579757541997049,0.031086210614757137
2020-12-01,284.3188171386719,287.04740475144206,276.7879189610211,276.9863738084787,20738900,275.4047592163086,268.6217953491211,274.8934631845703,273.30790499829044,65.95113786431321,1.5855581862798545,1.12105295104643,0.46450523523342446,290.6290197679649,260.1804986646523,0.10709288048445217,6.177246018697632,635548400.0,88.89787136041305,72.4597793486242,0.03458856472886551,0.034003825683420044,0.026630380383416245,-0.010992685174859074
2020-12-02,285.2812805175781,289.50812069353924,278.6433682468617,283.1380952289201,17361600,276.50711212158205,269.2720928955078,276.49158892810993,274.19482170342286,63.40450923931189,2.2967672246870734,1.3561958057745587,0.9405714189125147,291.20452390765166,261.80970033551245,0.10303803852397529,6.530190715913749,652910000.0,84.36696500852389,84.47521237580848,0.0033851553991124383,0.003379438658312153,0.02652434057440021,-0.03338893466766557
2020-12-03,279.6553955078125,284.4180084423758,278.88147014894713,284.0211290778213,12921700,276.232763671875,269.92357971191404,276.97832840191035,274.5993086518962,57.44772854219627,2.3790197500141517,1.5607605946224774,0.8182591553916743,290.4484322024591,262.01709514129084,0.10166561245686395,6.610278373932354,639988300.0,63.55954065993682,78.9414590096246,-0.019720484286801954,-0.01991752786953577,0.019462069312951545,-0.016781997933596582
2020-12-04,277.5221862792969,281.25288923153835,277.1252765720726,278.11749028021455,10880300,275.4895980834961,270.52228179931643,277.0619988445852,274.81581810577774,53.006788301523606,2.2461807388074817,1.6978446234594784,0.5483361153480033,287.5387145127798,263.4404816542124,0.08683353638009696,6.574842193482941,629108000.0,55.66983271798658,67.86544612881578,-0.007627992389140359,-0.007657234322829575,0.01850014720728817,-0.021988054120549827
2020-12-07,283.3563232421875,286.24366821412923,276.0338129120554,277.01609460561934,13007700,275.1011428833008,271.1326907348633,278.03035644421635,275.4484481158822,56.67333479718437,2.5819083283341797,1.8746573644344187,0.707250963899761,285.40187350858673,264.80041225801483,0.07270514035066591,6.965347580040811,642115700.0,77.24748019636962,65.49228452476434,0.021022236243912973,0.02080431783265207,0.019218736730984027,-0.03988359745051706
2020-12-08,281.1933898925781,284.19979654914306,279.3577882737597,283.7830837024698,10747700,275.3308441162109,271.66015197753904,278.51697697473355,275.8739993586004,58.783069310218885,2.64297761613318,2.028321414774171,0.6146562013590091,285.9715261729078,264.6901620595141,0.07568230576658871,6.909354878431093,631368000.0,69.2478371242287,67.38838334619497,-0.007633263040898175,-0.00766254550222006,0.015553796700313108,-0.027699585799876192
2020-12-09,275.75604248046875,285.3904289470905,269.6340706803854,281.45133938041425,25189700,275.60321044921875,271.9802404785156,278.09221782176974,275.8652618120721,55.9180823901447,2.2269560096976306,2.068048333758863,0.15890767593876776,285.9781792851085,265.228241613329,0.07524744511536578,7.641465935108913,606178300.0,49.1377220511222,65.21101312390685,-0.01933668289352941,-0.019526082089730463,0.01529738992382983,-0.008095862161621947
2020-12-10,274.96221923828125,276.5596988290288,269.74316617875854,273.39453512334353,20065100,275.6349609375,272.28226989746094,277.6106795781561,275.7983697695691,54.17162655167801,1.812309808587031,2.0169006287244966,-0.20459082013746555,285.9973669425305,265.2725549324695,0.07537330789471458,7.825027331746189,586113200.0,46.201754282620904,54.86243781932395,-0.002878715675808663,-0.00288286714696403,0.014968497464214865,-0.009526344284248922
2020-12-11,271.4200134277344,274.3272222377273,268.1457207169015,272.3923936395362,14391400,275.5590576171875,272.4195922851562,276.6582694011682,275.47404707758136,53.817118146573144,1.1842223235868232,1.850364967696962,-0.6661426441101388,286.0263481735131,265.09176706086186,0.07712983596261254,8.05748841104302,571721800.0,33.100850282247414,42.81344220533018,-0.012882518261453257,-0.012966217514990106,0.015213879107588067,0.01041849961957042
2020-12-14,272.0550537109375,275.06145975530757,269.4455270568558,271.24143127887464,16376900,275.42213134765626,272.70237243652343,275.95008237190194,275.22078830968184,55.78315193556676,0.7292940622201058,1.626150786601591,-0.8968567243814851,286.0026190988892,264.8416435964233,0.07778196072383856,8.003624727095362,588098700.0,26.43230314818283,35.244969237683726,0.0023396958653978395,0.002336963038851799,0.01513888272023756,-0.005105836427473753
2020-12-15,273.4044494628906,273.93032146756855,265.38737677799685,272.69005444899267,23979500,275.2529586791992,272.91867492675783,275.55844653974634,275.086244691401,48.39456995796861,0.4722018483453212,1.395360998950337,-0.9231591506050159,285.84968355170463,264.65623380669376,0.07751684285550542,7.908653684632197,612078200.0,33.23725301604624,30.923468815492175,0.004960009871336046,0.004947749546549402,0.015086401468972837,-0.030702260105769485
2020-12-16,273.5235595703125,275.69647968054255,270.3881606955199,272.6206414843473,15885000,275.2862030029297,273.25622619628905,275.2453870059873,274.97049023798706,50.09651462483781,0.27489676800024654,1.171268152760319,-0.8963713847600725,285.855437001298,264.7169690045614,0.07728207409242462,7.7541502205552195,627963200.0,33.731060785134936,31.13353898312135,0.0004356553364652793,0.0004355604662319995,0.014738441218397664,-0.027424181228675848
2020-12-17,272.34283447265625,278.2564198025171,271.4795830956817,274.9126643899615,16377800,275.41072845458984,273.58087890625,274.7988404623979,274.7758490701848,45.88179623546997,0.022991392213100426,0.9416128006508754,-0.918621408437775,285.7669380934712,265.0545188157085,0.0760527418239905,7.932750088526466,611585400.0,28.835999912462224,31.93477123788115,-0.004316721746057572,-0.004326065689204501,0.014544312859643367,-0.025794447189810055
2020-12-18,274.247802734375,275.8353503752591,269.02878036440524,273.6227033905307,26693200,275.58237915039064,273.83171020507814,274.71406542731745,274.73673452679145,49.313354122674056,-0.022669099474001086,0.7487564206259001,-0.7714255200999012,285.7295392588271,265.43521904195416,0.07399993733597637,7.937001486101451,638278600.0,36.73363469648849,33.10023179802857,0.006994743465189357,0.006970393727954305,0.014601710986442168,0.0021707992119781583
2020-12-21,270.6659851074219,272.5313517179054,265.70491658165054,270.85450813379794,16553700,275.73567657470704,273.9972119140625,274.0912838396412,274.43519753276405,30.641453903888504,-0.34391369312282905,0.5302223978761543,-0.8741360909989834,285.4588579134009,266.0124952360132,0.07184634844186212,7.673351266717605,621724900.0,21.88410252888126,29.151245712610674,-0.013060515312213195,-0.01314655380139886,0.01465806927321425,0.01462660089435519
2020-12-22,265.01031494140625,269.3859803553586,262.5694780729273,269.3859803553586,17312900,275.66919860839846,273.82535949707034,272.69421170145125,273.73705808155233,24.633560089345806,-1.042846380101082,0.21560864228070706,-1.2584550223817892,285.6768810012266,265.6615162155703,0.07552673861046383,7.475619451561678,604412000.0,10.310117701250778,22.975951642206855,-0.020895385741843464,-0.02111678387848598,0.015398872755005344,0.017896768924595463
2020-12-23,266.02239990234375,270.050815371756,264.15706358620935,264.8119282601544,14329000,275.2321258544922,273.6660095214844,271.6677791169732,273.16560192012946,30.71301144969125,-1.4978228031562821,-0.12707764680669076,-1.3707451563495914,286.13022355431843,264.334028154666,0.0819336845606001,7.439472409912797,618741000.0,14.585174017256895,15.593131415796327,0.003819039878358188,0.0038117658595252487,0.013520399643394241,0.018835561043668347
2020-12-24,265.3179016113281,268.29454231066234,264.1272634995675,266.78638859045014,6702000,274.82581329345703,273.57829833984374,270.69087488533546,272.58429078614415,32.006882103542,-1.8934159008086908,-0.4803452976070908,-1.4130706032016,286.5771288379589,263.07449774895514,0.08858290732086925,7.4423057064577325,612039000.0,11.609366664253601,12.16821946092044,-0.0026482668048789515,-0.002651779666781556,0.013501508369924737,0.005759416016012153
2020-12-28,274.8431396484375,275.14079158661707,263.59144218595503,266.6474464444262,23299700,274.78562622070314,273.7822961425781,271.3296848488896,272.75161292409183,38.6807397140281,-1.4219280752022314,-0.6686618531261189,-0.7532662220761125,286.5306146588967,263.0406377825096,0.08546684813175275,7.53798385635689,635338700.0,53.782428447659505,26.658989709723347,0.035901226337389014,0.03527179791883706,0.015774578628318457,-0.021768675758322753
2020-12-29,274.6249084472656,278.3258764729374,274.1288015940637,274.79359810053637,16383000,274.77620086669924,273.99760681152344,271.8366423255628,272.890375555438,40.79016730789879,-1.0537332298752062,-0.7456761284759365,-0.3080571013992698,286.52139795831573,263.03100377508275,0.08553628407578943,7.491917185177629,618955700.0,52.82615277638858,39.405982629433915,-0.0007940209148062927,-0.000794336316380884,0.015760172070626823,-0.04866689950970726
2020-12-30,269.7531433105469,275.9147821269852,269.5943854793394,275.7858197765918,11803800,274.047917175293,274.20537658691404,271.51610401556036,272.6579879817424,41.4475394602735,-1.1418839661820357,-0.8249176960171564,-0.3169662701648793,285.0868196676443,263.00901468294165,0.0818444771903403,6.817919926673389,607151900.0,45.592051272066286,50.73354416537146,-0.0177397060021387,-0.017898940580298846,0.01397241038642519,-0.011513166640099604
2020-12-31,271.0330810546875,274.9324733857731,267.70915931059875,269.88210960073656,12900400,273.33550720214845,274.3165045166016,271.44179279081067,272.53762450566427,44.47855232110541,-1.0958317148536025,-0.8791004997844456,-0.21673121506915694,283.0857862759077,263.5852281283892,0.07194899630567166,6.846975742737969,620052300.0,53.71534005650432,50.71118136831975,0.004744848302535409,0.004733626991441271,0.014005993279980786,-0.020464324013434232
2021-01-04,266.8459777832031,272.85879089842234,263.13510791657234,272.6405026545051,15106100,272.69503631591795,274.12222961425783,270.73474432810184,272.1160210447412,43.68673337036547,-1.381276716639377,-0.9795357431554319,-0.401740973483945,282.3799857828187,263.01008684901717,0.07258831140988181,7.054631775628702,604946200.0,27.14135300108716,42.14958144321927,-0.015448679752268046,-0.01556925402620572,0.013759414151158616,-0.04499171947329883
2021-01-05,268.86016845703125,270.27902689143673,266.12164874198504,266.2010428009507,9871600,272.2619354248047,273.98034423828125,270.4463480402448,271.87484677898493,45.75201746019514,-1.4284987387401316,-1.0693283422723718,-0.3591703964677597,281.8117491615004,262.71212168810894,0.07103926023331324,6.950449307842981,614817800.0,39.92467202213326,40.260455026574924,0.007548139531878384,0.007519794870297387,0.013865408259219277,-0.073366261786309
2021-01-06,261.259765625,265.6651965162372,257.9854727939254,259.9599682063647,24354100,271.1571075439453,273.5540887451172,269.0330276686687,271.0885444712823,36.15382740753853,-2.0555168026136243,-1.2665660343406224,-0.7889507682730019,280.4107768902531,261.9034381976375,0.07083883983567581,7.117002948809707,590463700.0,16.097482048953466,27.721169024057975,-0.028268980398433174,-0.028676241623151452,0.014032356710007913,-0.04432037995738791
2021-01-07,266.6474304199219,269.4950781505345,262.7182736723141,263.82954788133844,15789800,270.4298095703125,273.3879913330078,268.66601270732303,270.7595730600704,43.00129525613269,-2.0935603527473745,-1.4319648980219728,-0.6615954547254017,278.58327651509956,262.27634262552544,0.06115541358824878,7.326073915989123,606253500.0,42.58498386887159,32.86904597998612,0.020621869509961588,0.020412117509436955,0.015029757745027635,-0.08595647978604415
2021-01-08,265.486572265625,266.8558317342461,261.1307404858795,266.2208005627308,18528300,269.9163360595703,273.0760382080078,268.17686802398487,270.36898040863,43.018692958884586,-2.1921123846451565,-1.5839943953466096,-0.6081179892985469,277.9500688539723,261.8826032651683,0.06052082202006117,7.250949240384208,587725200.0,36.877829907922326,31.85343194191581,-0.00435353212468137,-0.004363036340297864,0.014513281781023263,-0.06058212322046508
2021-01-11,254.84011840820312,261.4184989309942,253.90743527127916,258.4517901775605,30412300,268.9102310180664,272.8611236572266,266.12506039078767,269.21869433452434,33.22467217521445,-3.093633943736677,-1.8859223050246232,-1.2077116387120537,279.0477647359279,258.77269730020487,0.07955995140155449,7.591846882062206,557312900.0,3.819585079912618,27.760799618902194,-0.040101666033677486,-0.04092790224669446,0.01685688869622772,0.01658635109017892
2021-01-12,249.13490295410156,257.69771095255174,248.3510608913129,254.63177463889247,26383500,267.7959754943848,272.2709555053711,263.51119001591286,267.73100608412267,32.04825058047305,-4.219816068209809,-2.3527010576616605,-1.8671150105481487,281.1580493705004,254.43390161826918,0.10726777916442586,7.6492585898132335,530929400.0,2.6150021194560216,14.437472369097003,-0.02238743055739345,-0.022641833197987685,0.017259835302201793,0.06527550015143335
2021-01-13,249.68063354492188,251.97264457383557,247.25962990122798,249.59133795314094,19528900,266.677254486084,272.0433419799805,261.38341209729884,266.3939414515893,36.02820264852427,-5.0105293542904406,-2.8842667169874168,-2.126262637303024,282.1221239772036,251.23238499496438,0.12371700016806325,7.4075805639641645,550458300.0,7.793035563622474,4.742540920997052,0.002190502351735235,0.0021881066992757844,0.01725692280586314,0.08436656446498114
2021-01-14,243.72735595703125,253.04424135584142,242.7053771272773,251.42692829090055,29739400,265.193399810791,271.7313906860352,258.6670957680269,264.71493511865907,31.358835844858916,-6.0478393506321595,-3.5169812437163657,-2.530858106915794,283.3766203342889,247.01017928729308,0.14920951693829204,7.725088595608268,520718900.0,2.8690749666589728,4.42570421657917,-0.023843569696884503,-0.024132428462109213,0.01765483045821395,0.11748900451238842
2021-01-15,249.40283203125,251.88336623941407,245.23553758953017,245.96976602555998,24942900,263.9873634338379,271.45476287841797,257.24182442390736,263.5807052603325,37.714458957356705,-6.338880836425119,-4.0813611622581165,-2.2575196741670025,283.0238942998483,244.95083256782752,0.15265689415768235,8.009997986414552,545661800.0,18.802248780380094,9.82145310355386,0.02328616766030689,0.023019181634580815,0.018768862177714816,0.10602315198217616
2021-01-19,259.0669860839844,260.15842713817875,250.75223098015417,254.8996767061357,28028500,263.3235710144043,270.9332553100586,257.5226185254577,263.2463556917141,37.84775733485659,-5.723737166256399,-4.4098363630577735,-1.3139008031986252,282.05678929902916,244.59035272977945,0.1446206525022213,7.95330125114789,573690300.0,45.933126308745,22.534816685261372,0.03874917527609889,0.03801727322917817,0.021108096061579734,0.0802374148423386
2021-01-20,265.3973083496094,268.2151913795209,261.547514682843,266.835999921806,25199900,262.881046295166,270.3934915161133,258.7341092676349,263.40568551822486,43.503753535818014,-4.671576250589965,-4.462184340564212,-0.20939191002575264,280.9334784391838,244.82861415114826,0.13604080807207877,8.306953423766661,598890200.0,68.32983373790762,44.35506960901092,0.024435078978271907,0.02414131819531552,0.02185851518927818,0.017421873230258678
2021-01-21,270.7453308105469,271.46965766775173,265.40721658830023,267.16345410838227,20838700,262.88501358032227,269.98588958740237,260.581989505006,263.94936294728575,50.6938489524375,-3.3673734422797565,-4.2432221609073215,0.875848718627565,280.9446827434312,244.82534441721333,0.13340705901773153,8.289235757373559,619728900.0,87.00738489589338,67.09011498084868,0.02015100489976529,0.019950660358123054,0.0221861063752474,-0.02884155304519964
2021-01-22,272.3626403808594,276.301729687912,269.8821063154599,269.8920381413077,21954000,263.25262985229494,269.90115509033205,262.39439733206035,264.572568683106,50.925410622855864,-2.1781713510456484,-3.830211998934987,1.6520406478893386,281.78752444408104,244.71773526050885,0.13610453009170242,8.23182927860768,641682900.0,88.27524713932537,81.2041552577088,0.005973545565756133,0.005955774677466429,0.021645310079386484,-0.05890722896331657
2021-01-25,275.8453063964844,277.9190291400611,269.3959181421236,275.97429900636445,19087000,263.74377517700196,270.01188690185546,264.46376795735637,265.4075862915044,56.32581744996361,-0.943818334148034,-3.2529332659775965,2.3091149318295625,283.0905029573229,244.39704739668105,0.1402722999572306,8.146074136899646,660769900.0,94.11102619016901,89.79788607512927,0.0127868712491368,0.01270580949707485,0.021786304930060087,-0.05755181023706535
2021-01-26,279.8538513183594,283.16787159655127,275.6468750801152,275.97432254542565,19373600,264.4705726623535,270.1224197387695,266.83147308981836,266.47767999719736,57.51693516457502,0.3537930926210038,-2.5315879942578765,2.8853810868788803,285.11491633846447,243.82622898624254,0.1475366058309209,8.386332591684246,680143500.0,91.80964910201828,91.39864081050423,0.014531858360183003,0.01442728280711254,0.021929939861512242,-0.053075755505492705
2021-01-27,270.0210266113281,281.24296012848583,266.03230851624016,280.33011028325467,35346200,264.22946701049807,270.0640786743164,267.32217363158907,266.7401501167626,55.81305266588413,0.5820235148264601,-1.9088656924410092,2.490889207267469,284.47247569099824,243.9864583299979,0.14993653593976017,8.696043730908517,644797300.0,67.50856525694047,84.47641351637594,-0.03513557044403692,-0.03576767501921927,0.02205580537379661,-0.020173486833086063
2021-01-28,262.9366149902344,284.55695871630996,262.6389630097755,275.02176987618066,37758800,263.64505233764646,269.82693939208986,266.6474723021499,266.4584067740568,47.59210786530055,0.18906552809306731,-1.489279448334194,1.6783449764272613,283.29047556556117,243.99962910973179,0.14943086742517267,9.673378243837087,607038500.0,48.34043802964744,69.21955079620209,-0.026236518355628458,-0.026586836815361115,0.022786027550988658,0.005622739428361889
2021-01-29,256.3185119628906,264.48444034559407,252.8656282026834,263.23424158830284,30389500,262.9733207702637,269.41755157470703,265.05840148072537,265.70730345471117,44.444442382159366,-0.6489019739858009,-1.3212039534645155,0.6723019794787146,282.6580600269933,243.28858151353404,0.15359592333759778,10.09435830773309,576649000.0,32.52716938863648,49.45872422507481,-0.025169955989543524,-0.0254921370141415,0.02311563965243031,0.037819894999967296
2021-02-01,259.96990966796875,262.1130947982749,252.92518665519498,257.49927707444425,22914300,262.42016220092773,269.15977630615237,264.27555658645514,265.2823113223599,53.39642747042471,-1.0067547359047353,-1.2583141099525594,0.25155937404782414,281.77019885247046,243.07012554938498,0.14886366407755752,9.923556246928383,599563300.0,41.251804316048016,40.70647057811066,0.014245548154581789,0.014145033796863755,0.023364239138600647,0.017441992868859835
2021-02-02,265.0003967285156,266.75663419137607,261.22006530975233,261.9443921433572,17320800,262.32788314819334,269.06273773193357,264.38707045446444,265.2614287598529,60.599222030816975,-0.8743583053884549,-1.1815229490397385,0.3071646436512836,281.6065218348674,243.04924446151927,0.14549894207459935,9.74070442279756,616884100.0,53.27162977885664,42.350201161180394,0.019350266601899202,0.019165430802056002,0.023590640041279948,0.008873692309339987
2021-02-03,264.5737609863281,267.1039239356935,261.7856430809958,263.5517821485724,14223400,262.1135627746582,268.93791717529297,264.41579207475115,265.2104904062585,59.96547334762647,-0.7946983315073339,-1.1041580255332577,0.30945969402592377,281.18057822908173,243.04654732023465,0.14413383536857102,9.783937721518283,602660700.0,52.25222805978492,48.92522071822987,-0.0016099437867052036,-0.0016112411388330171,0.023523539653232953,0.019576326484191275
2021-02-04,264.4150390625,266.07204938900765,261.94443645371734,264.93100960438716,16060000,262.2713264465332,268.8742172241211,264.4156762267125,265.1515680844986,65.00649939264122,-0.7358918577861004,-1.0305047919838264,0.29461293419772594,281.360798100432,243.18185479263434,0.14439021109829267,9.340276914855867,586600700.0,48.77621643084487,51.43335808982882,-0.000599915589650335,-0.0006000956110097016,0.022602479003369938,0.014634677815490438
2021-02-05,266.012451171875,267.07412690707577,263.60137958180314,264.7225554259444,12454400,262.23957748413085,268.867668762207,264.66133391058366,265.215337202082,62.805982750043825,-0.5540032914983612,-0.9352044918867334,0.38120120038837213,281.30049493270343,243.17866003555827,0.14330846067244432,9.00575813220514,599055100.0,45.14226622493358,48.72357023852114,0.006041305801057106,0.006023130279022312,0.02216183636277201,0.008951786319036481
2021-02-08,264.5043029785156,267.75876255758504,262.93661872589735,266.6574199342827,13755200,262.1904640197754,268.662477722168,264.6371753056501,265.1626680003364,54.79523430352031,-0.5254926946863065,-0.8532621324466481,0.3277694377603415,281.2211925796455,243.15973545990528,0.14389730787416252,8.581940183973634,585299900.0,36.72510616258474,43.54786293945441,-0.00566946466872309,-0.005685597087217783,0.02217774954258911,0.027721393927989224
2021-02-09,267.3519287109375,271.26125216283776,263.6807267996763,264.36535650896525,14613400,262.8160545349121,268.5406332397461,265.0548296756943,265.32483546038094,51.83662419255798,-0.2700057846866457,-0.7366108628946476,0.4666050782080019,281.65099886447024,243.98111020535393,0.14090000712074616,8.469963045946846,599913300.0,45.710610040711934,42.52599414274343,0.01076589567865427,0.010708356032597219,0.02015539926055851,0.01529041201344028
2021-02-10,269.7531433105469,271.6681085520547,265.63546236597006,270.32864423366914,14687200,263.8469665527344,268.4227584838867,265.7776471579793,265.65285826409695,49.01305323144628,0.12478889388233938,-0.5643309115392502,0.6891198054215896,281.76361895297515,245.93031415249362,0.13283739481481885,8.467127107942726,614600500.0,53.287491669273216,45.24106929085664,0.008981474759456765,0.008941381202386642,0.019312075177946232,-0.00912201922534106
2021-02-11,268.28466796875,271.44980170908656,266.39943777738347,269.772988469329,12828600,264.7771682739258,268.29218353271483,266.1633426673286,265.8478071311083,45.9315208585733,0.3155355362202954,-0.3883576219873411,0.7038931582076364,281.48823146083294,248.0661050870186,0.12457710172877777,8.369322862174942,601771900.0,48.653810097844314,49.217303935943164,-0.005443774718525973,-0.005458646055479508,0.019428175823890986,-0.03265669846227204
2021-02-12,268.39373779296875,269.0684356706943,266.25055311082446,268.4135711611543,9097600,266.01048736572267,267.97368194580076,266.50648037896553,266.0363945875424,42.02922677608857,0.47008579142311646,-0.21666893930524958,0.686754730728366,279.51328795507874,252.5076867763666,0.1006193415717601,7.96180654517011,610869500.0,48.99797306748805,50.31309161153521,0.0004065451262815767,0.00040646250920268047,0.018339728237007115,-0.03759685065799667
2021-02-16,271.83673095703125,274.44625727947283,267.94724075461835,268.6914008718187,15417200,267.1321823120117,267.70479095458984,267.3265189294372,266.4660491334305,41.31923905577107,0.8604697960067256,-0.0012411922428545482,0.8617109882495801,278.36196996025114,255.9023946637723,0.08262156191110535,7.888807974342853,626286700.0,59.862121426527274,52.50463486395322,0.012828142684604416,0.012746559032588194,0.017935302776187843,-0.029601643370688158
2021-02-17,271.4398498535156,271.83672919078657,267.4808974653651,269.12797548099434,12763200,267.7508255004883,267.5404800415039,267.95933907160315,266.8344788163998,51.930814267872556,1.124860255203373,0.223979097246391,0.9008811579569821,278.4610551606648,257.0405958403118,0.07891420265636258,7.1134638228728875,613523500.0,58.609788068884086,55.823294187633145,-0.001459998073543467,-0.0014610649092426547,0.016044373762332857,-0.03384885178448216
2021-02-18,267.2924499511719,269.8325144750873,263.95859633855946,267.4710411411446,15249100,267.84558258056643,267.3358853149414,267.856740745383,266.8684026041607,56.442672594318005,0.9883381412223002,0.37685090604157284,0.6114872351807275,278.5015354916507,257.18962966948214,0.07973253949395787,6.082267952045868,598274400.0,66.85079335030328,61.77423428190489,-0.015279259491861374,-0.015397190181701034,0.01563367288522496,-0.05456772450605629
2021-02-19,259.52337646484375,268.16554809850663,258.12435171092875,267.7587369051026,25622600,267.28448486328125,266.85922637939456,266.57468470222307,266.3243265938409,54.584201622421915,0.25035810838215866,0.35155234650969003,-0.10119423812753137,278.4663620333779,256.1026076931846,0.08617240822320597,5.969581112379241,572651800.0,30.659208013093842,52.03992981076042,-0.029065817189177445,-0.029496595881252922,0.016235141119065346,-0.015063330911745498
2021-02-22,258.302978515625,261.021664636817,255.524792274946,255.94153535102737,17434900,266.58150177001954,266.40141815185547,265.30211451966954,265.7301526621212,47.437425150631825,-0.42803814245166905,0.19563424871741822,-0.6236723911690872,278.1792273110847,254.9837762289544,0.08979939455373778,5.705935699435743,555216900.0,14.682722716594636,37.397574693330604,-0.004702458660343689,-0.004713550003785891,0.01613479548233861,0.017593186825442864
2021-02-23,263.7899169921875,265.3774649515965,252.97480897112868,257.4794524604842,21924600,265.9787322998047,266.16209564208987,265.06946874621076,265.5864315013854,48.16488249779939,-0.5169627551746316,0.053114847939008246,-0.5700776031136399,276.77461482805495,255.18284977155443,0.08185212423088935,6.1070736606543505,577141500.0,50.36971826605751,31.90388299858201,0.021242257863590908,0.021019786124015893,0.016659279366536644,-0.02580303169830911
2021-02-24,262.2519226074219,264.30581162260177,256.37803620761827,260.28732916508244,15736100,265.0986358642578,265.90788970947267,264.636000109474,265.3394308425733,46.59478057198354,-0.7034307330992533,-0.09819426826864405,-0.6052364648306092,273.7982597631445,256.39901196537113,0.06634554906130909,6.293466129246192,561405400.0,43.2067436841505,36.08639488893423,-0.005830375938179477,-0.005847438934750473,0.016205437906459102,-0.03367242409964499
2021-02-25,252.7069091796875,264.86152698084504,252.06196119196488,260.2576408874956,19053100,264.2329299926758,265.5336276245117,262.8007553510453,264.40368849717436,36.53576731740058,-1.6029331461290326,-0.39914204384072177,-1.2037911022883108,274.220632350563,254.24522763478856,0.0790457403029329,6.912891333074039,542352300.0,2.8812520401467157,32.152571330118256,-0.03639635253321971,-0.03707522299870902,0.016338451428369434,0.011582535292909979
2021-02-26,255.6140899658203,263.482337383236,254.4730502604885,254.4730502604885,26619500,263.8668037414551,265.2048083496094,261.69511452254915,263.7526071244815,38.39168206787472,-2.0574926019323243,-0.7308121554590423,-1.326680446473282,274.5660948595138,253.16751262339642,0.08371440807108363,7.434511395808029,568971800.0,15.868842870064986,20.65227953145408,0.011504160276305075,0.01143849059427362,0.015702442889168906,0.025851894633004857
2021-03-01,262.84735107421875,264.5737933288639,255.89192291964775,258.7892004251062,22157300,264.1932456970215,264.99366638183596,261.8723816843445,263.6855511207583,48.35989261763782,-1.8131694364138298,-0.9472836116499999,-0.8658858247638299,274.3051119154998,254.08137947854314,0.07694097868707916,7.730051362333451,591129100.0,48.1828413974164,22.31097876920938,0.028297583710528817,0.02790460345984433,0.015972561114816618,-0.0362387846625013
2021-03-02,256.98333740234375,264.6332962265504,256.6360565660787,263.71054479187086,15191700,264.0439170837402,264.66286193847657,261.1202210255751,263.1890908453202,40.31514170574079,-2.068869819745089,-1.1716008532690179,-0.8972689664760711,274.5007150459363,253.58711912154413,0.0813811359747772,7.759816669284179,575937400.0,21.985843070157973,28.67917577921313,-0.022309578726624535,-0.0225622017227844,0.016505521697675114,0.026023206738528204
2021-03-03,253.4212646484375,258.9578028951367,253.11368087250722,258.26327158301694,15513500,263.4649604797363,264.2844305419922,259.93576619832317,262.4655481640696,35.06888817682878,-2.5297819657464515,-1.4432370757645046,-1.086544889981947,274.93215890480366,251.99776205466893,0.09049910188851287,7.746350657608809,560423900.0,6.072576287848874,25.413753585141095,-0.013861103952935716,-0.013958066098604342,0.016073905688508618,0.037155826971421835
2021-03-04,255.63389587402344,264.4149609601681,251.52611752678283,254.47299277764384,31626500,263.0179672241211,263.91215240478516,259.27393999458474,261.9594998462884,38.58952820990188,-2.6855598517036583,-1.6917016309523354,-0.9938582207513229,274.98906499336243,251.04686945487975,0.09365814129078333,8.306242050586109,592050400.0,17.922134818481126,15.326851392162672,0.008731040106896515,0.008693144992320963,0.016256058095303064,0.06303366223920026
2021-03-05,262.2221984863281,263.3831016749771,253.61970873593322,258.64032206827693,26820100,262.9083251953125,263.74327667236327,259.7275182240837,261.97895900480984,45.01605132649587,-2.2514407807261136,-1.8036494609070912,-0.4477913198190224,274.86570674485466,250.95094364577037,0.09120037600604274,8.802349934812826,618870500.0,46.66673534494174,23.553815483757262,0.025772414060267756,0.025445903488471523,0.017371979033259276,0.015589531192155226
2021-03-08,253.32208251953125,263.5121065267149,253.06411240263364,263.48234132630284,18391800,262.2738067626953,263.50951202392577,258.7420665772295,261.3377088947892,36.25924183731001,-2.5956423175597365,-1.9620480322376204,-0.6335942853221161,274.86752534701805,249.68008817837259,0.09942850981695801,9.084419763329024,600478700.0,8.842495845868424,24.47712200309711,-0.03394112328465171,-0.0345304976462409,0.018845242752126262,0.07222602771906228
2021-03-09,263.6708679199219,266.4391527155024,257.7870477459127,259.1463757163709,22039700,262.2321350097656,263.46248138427734,259.50034370687445,261.51053548924347,44.97629182451735,-2.01019178236902,-1.9716767822639003,-0.03851500010511977,274.8002671221127,249.66400289741853,0.09533197361920233,9.710222385065096,622518400.0,66.34156588416201,40.61693235832407,0.04085228298086774,0.04003988041036898,0.021135677239013235,0.050952046460362554
2021-03-10,262.83734130859375,266.87565738580054,260.8231491821168,266.5482402649239,14210300,262.00640563964845,263.41287017822265,260.0137279532928,261.6088174017879,46.99017003098925,-1.5950894484951164,-1.8963593155101437,0.30126986701502734,274.347480828836,249.6653304504609,0.09390655930199858,9.608169148545636,608308100.0,67.97843070635392,47.720830812128135,-0.0031612389260282647,-0.003166246197374064,0.02099314630330931,0.07214059684738294
2021-03-11,271.7474365234375,275.73612386768207,265.7346251734787,266.0223452851112,21834000,262.10612030029296,263.3509561157227,261.8189138871612,262.3598262256138,58.133071477552456,-0.5409123384525856,-1.6252699200986322,1.0843575816460467,274.73950987575716,249.47273072482878,0.09297890524442608,9.812282446510666,630142100.0,83.52463320779262,72.61487659943619,0.03389965508889592,0.03333772600845832,0.022293483253694134,0.01730685868683901
2021-03-12,266.31011962890625,267.63968219657,261.9642192904478,267.04437827071723,20600200,262.0073928833008,263.18466033935545,262.50986861666047,262.6524405517836,55.044361021487354,-0.1425719351231578,-1.3287303231035374,1.1861583879803796,274.4671491096239,249.54763665697766,0.09357328398699497,10.118449937304863,609541900.0,61.06566802726264,70.85624398046974,-0.02000871457737674,-0.020211599782951936,0.02273496546093585,0.08088672942605535
2021-03-15,271.6185302734375,273.81131431341987,266.4094077750428,266.98487846120577,16844800,262.1686325073242,263.22196807861326,263.9112011792416,263.3165953459802,54.943010315329545,0.5946058332613688,-0.9440630918305563,1.5386689250919252,275.0526073850908,249.28465762955759,0.09486815840433539,9.768345559022421,626386700.0,82.99218291356486,75.86082804954005,0.019933191618584978,0.019737126737913,0.023173990847417274,0.07229217666270138
2021-03-16,277.1054382324219,279.9431851324288,272.6603099988258,273.93034231128775,22437700,262.43206787109375,263.34341522216795,265.9410838028078,264.33799111534626,58.933087727122484,1.6030926874615261,-0.43463193597213984,2.037724623433666,276.32438240608053,248.53975333610697,0.1002673539978282,9.796694090737265,648824400.0,90.01393479338707,78.02392857807153,0.020200786571743512,0.01999945750398406,0.023431725533535105,0.0406401142883448
2021-03-17,281.798583984375,284.0012993075215,273.26554127849425,273.5631932356945,21315000,262.9500045776367,263.6424673461914,268.3806992153566,265.63136836490395,68.58043680759226,2.7493308504526226,0.20216062131281262,2.54717022913981,278.8793852864747,247.02062386879874,0.11305507986314953,9.649279250747771,670139400.0,93.21723481349345,88.74111750681514,0.016936317749263186,0.016794497356846058,0.023680701204190892,-0.0065842709576026115
2021-03-18,276.4505310058594,282.9693812151874,276.11318203666434,277.6907979278797,18728300,263.4079086303711,263.79427459716794,269.6222117985109,266.43278781978955,62.9055546804138,3.1894239787213223,0.7996132927945145,2.3898106859268076,280.35676927197557,246.4590479887666,0.12261767470611407,9.369334320388814,651411100.0,76.74911151103075,86.66009370597044,-0.018978281944852404,-0.01916068097156857,0.02383783892644933,0.00043085505022721904
2021-03-19,287.85107421875,290.520131236803,279.0104776505019,279.0303110218043,38930500,264.8242935180664,264.32610076904297,272.42665217085533,268.01932755304585,64.72645088234347,4.407324617809479,1.5211555577975076,2.8861690600119716,284.8598369179691,244.78875011816365,0.13920770283231176,9.734326953810244,690341600.0,93.15521341600515,87.70718658017647,0.04123899914899787,0.040411349400125696,0.024203423966763907,-0.024438885769585084
2021-03-22,291.2544250488281,297.3763667697082,284.5172853838437,288.1884882749741,28273100,266.47186584472655,264.8182406616211,275.3232326136204,269.74044588606677,70.78717281992905,5.582786727553639,2.333481791748734,3.249304935804905,289.4523777658963,243.49135392355683,0.15780369288684357,10.081601362766875,718614700.0,86.64796413796773,85.51742968833456,0.011823304253128386,0.011753955080437995,0.024119774874732425,-0.00926630570028264
2021-03-23,288.3670349121094,295.67964408375025,287.5534125169044,290.86740220961764,23000900,267.70072174072266,265.2758499145508,277.3299714287726,271.1201932213292,71.3713179662525,6.209778207443378,3.108741074887663,3.101037132555715,292.62375062370563,242.77769285773965,0.17285629677178055,10.244609187353758,695613800.0,80.35052806219483,86.7179018720559,-0.00991363525630451,-0.009963102543593328,0.024109850589560954,-0.009049326975553829
2021-03-24,279.9431457519531,289.4485382452627,278.9707655714033,288.73414327750163,18675000,268.58528289794924,265.7779104614258,277.7319982477234,271.77374526063466,63.8168102221501,5.95825298708877,3.6786434573278846,2.279609529760885,293.94599045155513,243.22457534434332,0.18118470081119295,10.07238984738762,676938800.0,60.6582394252658,75.88557720847614,-0.029212386092341447,-0.02964756385585163,0.025191982663563327,0.04391433851107429
2021-03-25,276.56964111328125,285.8170802003852,275.5873592254311,278.7922204243197,24505600,269.7784194946289,266.32660522460935,277.5531740731939,272.12899680527516,58.46406502150848,5.424177267918708,4.027750219446049,1.3964270484726589,294.2225202428558,245.33431874640198,0.17676633378726309,10.105698992809776,652433200.0,53.04521073426251,64.68465940724106,-0.012050677753192796,-0.012123875822276467,0.023703349355651167,0.07146421228088884
2021-03-26,280.8163146972656,282.2848018961399,275.6071926939098,276.1330647516216,17629200,271.03853073120115,266.94931884765623,278.0551957076664,272.77250183431147,67.16210072931723,5.282693873354958,4.278738950227831,1.003954923127127,295.0018407764084,247.07522068599388,0.17066893047892137,9.836385784106126,670062400.0,58.17040433792074,57.29128483248303,0.015354807443398899,0.01523811539414015,0.02377630241793412,0.09147764635768119
2021-03-29,288.5555725097656,290.89718212081135,282.4832299943889,283.5448755560306,21718800,272.32394180297854,267.84588317871095,279.67063829260474,273.9416181806414,66.05629197864596,5.729020111963337,4.568795182574933,1.160224929388404,297.17866402956236,247.46921957639472,0.1722699167470949,9.619514157504309,691781200.0,75.8686243158642,62.36141312934916,0.027559858197139686,0.027186921844362843,0.023738766783433465,0.05309120544908308
2021-03-30,285.75750732421875,290.19270318034495,284.46764179897343,287.57324482882785,17474500,273.7626502990723,268.57297668457034,280.6070796820838,274.8168692283138,64.42307174143747,5.790210453769987,4.8130782368139435,0.9771322169560435,298.20625102041095,249.3190495777336,0.17107932491589875,9.596125098767724,674306700.0,67.18962199915694,67.07621688431398,-0.009696798302005316,-0.009744118401442632,0.023136563672120046,0.08711821456940849
2021-03-31,292.2366638183594,294.19132577755687,286.36274611540455,287.7320056973746,19498200,275.7034202575684,269.23637023925784,282.39624647228004,276.107224383132,63.30025985615593,6.289022089148034,5.108267007280761,1.1807550818672725,299.50196564324506,251.90487487189174,0.16287172919869303,9.277199091214138,693804900.0,85.4860455576329,76.18143062421802,0.022673617763572462,0.022420391844673034,0.022962956576536478,0.06277801894755553
2021-04-01,296.33447265625,300.04534127023726,294.2905153713312,296.07648746962576,17616000,277.7384490966797,269.8551135253906,284.5405889621216,277.60553907002964,69.83477171255618,6.935049892091968,5.473623584243003,1.4614263078489644,301.2702362805908,254.2066619127686,0.1588191004102862,9.136160535420434,711420900.0,88.96754681891882,80.54773812523622,0.014022227000365817,0.01392482504745309,0.023009523668485177,0.04620666245944505
2021-04-05,306.5047302246094,308.3502331272152,298.33880077200007,298.54718744548785,28237000,279.95257568359375,270.5703015136719,287.91968761788894,279.7462198962948,71.65553342946433,8.173467721594136,6.01359241171323,2.1598753098809063,305.57734394194495,254.32780742524255,0.1672063477752734,9.458629520166975,739657900.0,94.82906450396332,89.76088562683837,0.03432019730001823,0.0337443967175054,0.02343893448035372,0.008513725280520967
2021-04-06,303.8753356933594,308.9256990987487,302.87319030448623,306.4352333643989,17335200,282.48023834228513,271.2005554199219,290.37440270642287,281.53356180718845,67.22855473887927,8.840840899234422,6.579042109217468,2.261798790016954,306.9936944296468,257.9667822549235,0.16133889926557368,9.29633337268634,722322700.0,85.83751807352027,89.87804313213415,-0.008578642585134522,-0.008615650945773698,0.021663967197756873,0.011428198984331894
2021-04-07,310.6521911621094,311.8031627153539,303.12129263179196,303.95474852621874,22855200,284.82930450439454,271.89669311523437,293.4940624688362,283.6904973149604,68.08454801159051,9.803565153875809,7.223946718149136,2.5796184357266725,310.7190486137018,258.9395603950873,0.16667993882455534,9.149627090867389,745177900.0,96.82190799789105,92.49616352512489,0.022301433096855616,0.022056392615763473,0.0206164978729535,-0.032802260161181596
2021-04-08,310.58270263671875,313.4204493921913,307.63582691524516,312.39847055437156,20894100,287.2165725708008,272.5112701416016,296.12308403312585,285.68251252397954,72.90883966458722,10.44057150914631,7.8672716763485715,2.573299832797738,313.3717154944948,261.06142964710676,0.1684262690848375,9.07308589789761,724283800.0,92.49929957111789,91.71957521417642,-0.00022368593355381883,-0.0002237109549836179,0.020539869957728555,-0.016612371961017836
2021-04-09,310.027099609375,312.2893457464455,307.9136794786985,308.97535545757665,15988600,289.1305557250977,273.3113916015625,298.2621633525488,287.48581527104585,67.42009658555467,10.776348081502931,8.449086957379444,2.3272611241234866,316.1088861126773,262.1522253375181,0.17403853031926245,8.380662043383564,708295200.0,91.03073587494586,93.45064781465162,-0.0017889052501215419,-0.0017905072519565823,0.019759861106600156,-0.020098596629106402
2021-04-12,309.1142272949219,309.7194630445456,305.53232052434765,308.6280220501896,10881900,291.27076110839846,274.23494384765627,299.9317116513754,289.08791986540706,64.60083287861383,10.843791785968335,8.928027923097224,1.9157638628711116,317.4046641505056,265.1368580662913,0.16908896928366302,7.783211879038054,697413300.0,88.61784200239872,90.7159591494875,-0.0029444919995810226,-0.002948835544599967,0.018890859817179823,-0.02985164953690156
2021-04-13,307.34808349609375,311.98170388654387,306.9115071052222,309.7789885616756,14036900,293.05723876953124,275.25553527832034,301.0726919351782,290.44052457879127,65.80727339766538,10.632167356386958,9.268855809755172,1.3633115466317864,318.40783012030226,267.7066474187602,0.16496339305199031,7.564923680072042,683376400.0,83.94959050352126,87.86605612695529,-0.005713563604897054,-0.0057299484498061345,0.01888356143434842,-0.02295331372226217
2021-04-14,300.46209716796875,305.63152098726067,299.59887627399337,304.90719423670697,17421400,294.2250717163086,276.0653790283203,300.97875427868445,291.18286328910074,67.5372450949847,9.795890989583711,9.37426284572088,0.4216281438628311,318.61529667979113,269.8348467528261,0.16235142597601948,7.370026147803543,665955000.0,65.74862860061819,79.43868703551273,-0.022404520144705953,-0.02265931429143866,0.01962921360446222,-0.00445785513890451
2021-04-15,305.4231872558594,307.7251299969415,301.73215157790185,303.95470027690254,14558300,295.4063018798828,276.8738348388672,301.6625131982498,292.23770210145324,74.00914682745076,9.424811096796589,9.384372495936022,0.04043860086056661,319.54959647345737,271.2630072863082,0.1580973259463057,7.15811985166202,680513300.0,78.85063907366677,76.18295272593542,0.01651153384953319,0.016376700652027697,0.019614973289619936,-0.036709739414256815
2021-04-16,303.7959899902344,306.54444137804103,302.2382071802452,305.77051588644764,13059200,296.77357482910156,277.6582794189453,301.9907403970167,293.09387157469627,69.99304355356215,8.896868822320414,9.2868717612129,-0.3900029388924864,319.4495329369154,274.09761672128775,0.14928411733507568,6.988735922773856,667454100.0,68.89035411072042,71.16320726166846,-0.0053276808491355965,-0.005341923550318279,0.018993091984547503,-0.016493572388841637
2021-04-19,299.88665771484375,305.30416629522637,298.2197459731686,302.6351090312537,14553500,297.37535400390624,278.3677117919922,301.66703536899007,293.59704091841087,60.5623072909337,8.069994450579202,9.043496299086161,-0.9735018485069595,319.6902445524403,275.0604634553722,0.14882216313706642,6.774703986953289,652900600.0,53.255684671318825,66.99889261856868,-0.012868281360515321,-0.012951794917340878,0.017324392925384638,0.002647077560023803
2021-04-20,300.2934265136719,302.72436183660926,294.89578234939887,299.6385619334526,16796400,297.8273040771484,279.05333129882814,301.45571092971034,294.0930694810228,64.18195036277552,7.362641448687555,8.70732532900644,-1.344683880318886,319.98581112567007,275.6687970286268,0.14757903498438918,6.924955280227493,669697000.0,51.485080811363005,57.87703986446743,0.0013564084575410362,0.0013554893666037965,0.017175593904753626,0.0030398327644824974
2021-04-21,299.1226806640625,299.62871936655654,295.07446188399217,299.598954165231,14863500,298.3650863647461,279.7456988525391,301.09678319653375,294.46563327235907,57.49465071749186,6.631149924174679,8.29209024804009,-1.660940323865411,320.0743830708116,276.6557896586806,0.1451531301997571,6.695322864251892,654833500.0,25.259707049744684,43.33349084414218,-0.0038986729186896163,-0.003906292554713112,0.017014009650985668,0.018675015191316646
2021-04-22,294.211181640625,300.5613732471118,293.7349384661089,298.98372689165404,16375400,299.0784881591797,280.2828839111328,300.0374598802401,294.44678500334174,47.72925762762913,5.590674876898333,7.751807173811739,-2.1611322969134052,319.1118950618181,279.0450812565413,0.13618385807721553,6.625162673475111,638458100.0,2.4192573729998252,26.38801507803585,-0.016419681090493743,-0.01655597808235069,0.015989669341115603,0.11125713536510573
2021-04-23,298.7853088378906,300.2339323251979,294.83628751007234,296.4337672726164,17536800,300.1892715454102,280.8635272216797,299.8448212583402,294.76815713923423,40.62200622062927,5.076664119105942,7.21677856287058,-2.140114443764638,317.2039004013961,283.1746426894243,0.1138920044105474,6.197090545875661,655994900.0,25.65526691427492,17.77807711233982,0.015547088223359484,0.015427470459439334,0.01584815240833265,0.07953365867270401
2021-04-26,300.68048095703125,303.4189704776687,299.21199361990506,300.97813298754755,16172600,301.18247985839844,281.5114434814453,299.97338428890805,295.20610705166365,46.04821009188238,4.7672772372444,6.726878297745344,-1.959601060500944,315.5484788351067,286.81648088169015,0.09555657840497639,6.09574432055535,672167500.0,35.28251065796325,21.119011648412677,0.006342922704305032,0.0063228910316997095,0.015634670406304077,0.06447980035519207
2021-04-27,301.2062683105469,302.96247535635484,298.7654012272768,301.9107314378546,15309300,301.8150146484375,282.1676940917969,300.16305875377554,295.6505634412106,36.178780454250095,4.512495312564965,6.284001700709268,-1.771506388144303,314.8967328908955,288.7332964059795,0.08686219125407191,5.775401752377929,687476800.0,37.95344643130033,32.96374133451284,0.0017486580832986043,0.0017471309607700477,0.014576988666788849,0.048720319815941826
2021-04-28,304.70880126953125,308.49906447197213,302.9922608483322,304.9667562140213,33907200,302.7625793457031,282.82513549804685,300.8624037561995,296.3215440210862,42.189970087422594,4.540859735113315,5.935373307590078,-1.3945135724767628,313.4784977091034,292.0466609823028,0.07033546992245558,5.883128444126437,721384000.0,59.144238007864985,44.126731699042864,0.011628353482249665,0.01156126377423687,0.014436539677602413,0.025789463036338223
2021-04-29,326.94427490234375,329.2263538042602,319.1057641523862,327.5495105933915,56526800,304.49795989990236,283.93522399902344,304.8749993171448,298.5898944567349,64.267734338348,6.285104860409888,6.00531961815404,0.2797852422558478,318.708225975488,290.2876938243167,0.08692775599040643,7.321834606053719,777910800.0,93.57005382538507,63.555912754850134,0.07297286307507744,0.07043317262518368,0.02091448739911832,-0.028800342751213237
2021-04-30,322.5487976074219,327.25191086363225,321.97332701790543,323.6005719261197,26332400,305.8086761474609,285.04035095214846,307.59404520795664,300.36462802345244,60.701880614244196,7.2294171845042,6.250139131424072,0.9792780530801277,321.5967867343527,290.02056556056914,0.09789595065307098,7.377820660389395,751578400.0,81.18543277570512,77.96657486965172,-0.013444117644313525,-0.013535308032432256,0.021247307876006503,-0.018456982732691585
2021-05-03,320.06829833984375,325.991815642022,319.33406985399984,323.6303723508017,18719500,306.48685455322266,286.2512493896484,309.5131610744008,301.82415915799993,60.01880616011123,7.689001916400855,6.537911688419429,1.1510902279814257,323.51722918416704,289.4564799222783,0.10641712858960985,7.491217018010859,732858900.0,74.19642080231719,82.98396913446913,-0.007690306973635597,-0.007720029867823724,0.020189784306416013,-0.05149123788925203
2021-05-04,315.8811340332031,319.681329401256,310.68194401650095,317.52821238291256,24032600,307.08714447021487,287.4028125,310.49284922190884,302.86541655616315,62.68370307227109,7.627432665745687,6.755815883884681,0.8716167818610057,324.5702814995608,289.60400744086894,0.11069440460795754,7.608156096671032,708826300.0,62.39873883717541,72.59353080506591,-0.013082096316189173,-0.01316842063342429,0.020342681066208925,-0.03715908529906842
2021-05-05,312.56707763671875,318.5600554972605,312.04120570676747,315.7124076720553,15577600,307.1828887939453,288.37835571289065,310.8119612857258,303.5840581176858,56.0402381376316,7.227903168039973,6.850233340715739,0.37766982732423315,324.7689008904123,289.59687669747836,0.11252632381780343,7.555000165351053,693248700.0,53.06111066761472,63.21875676903577,-0.010491466692455376,-0.01054689011864769,0.019949047544869154,-0.03958456964022761
2021-05-06,317.5281677246094,317.7464559156763,310.83072629681925,312.07099322789145,19012200,307.53016204833983,289.4838806152344,311.8452238147848,304.61695512560607,60.9910659714179,7.228268689178719,6.925840410408336,0.3024282787703836,325.6646087097253,289.39571538695435,0.11422260136060369,7.7413926954268515,712260900.0,67.03939257179661,60.83308069219559,0.015872081363785373,0.01574743706019228,0.020241247860020576,-0.046122050064955844
2021-05-07,316.59552001953125,320.4254804771027,316.2681028362469,319.86984325216355,15916700,307.8585830688477,290.76165283203125,312.576038615515,305.5042562288598,64.04270291721653,7.071782386655229,6.955028805657715,0.1167535809975142,326.4164019644673,289.30076417322806,0.11723361653680228,7.5323182181981405,696344200.0,64.41158047648888,61.50402790530007,-0.002937212505465081,-0.0029415345794241102,0.020252082553829882,-0.009840853301294916
2021-05-10,303.58758544921875,312.1305297025952,302.4564474516533,311.9023399620006,24239200,307.5822509765625,291.7211227416992,311.19319966685407,305.36228061555306,52.28462106949395,5.830919051301009,6.730206854786374,-0.8992878034853646,326.2257351777649,288.9387667753601,0.12282112375323663,7.983067723960111,672105000.0,27.760648283420842,53.07054044390211,-0.041086919263766064,-0.04195484351786605,0.022353552755530987,0.031016214583937662
2021-05-11,304.1432800292969,304.45086386985815,297.3565416027839,298.40828575695355,18920100,307.42201080322263,292.54704132080076,310.1085966456914,305.2719842758304,53.511932426526734,4.8366123698610295,6.3514879578013055,-1.514875587940276,326.12895175271194,288.7150698537333,0.12301400147777287,8.117021840916863,691025100.0,29.326363752268676,40.499530837392804,0.0018304259024817249,0.0018287527144428331,0.02232758795273963,0.011189557630330693
2021-05-12,300.1942443847656,302.58548304780106,295.86820716463995,298.78531788021286,24645500,307.4086181640625,293.41125946044923,308.5833116824721,304.89585539501076,54.242302400068304,3.687456287461316,5.818681623733308,-2.131225336271992,326.1369103606319,288.6803259674931,0.12477449216224756,8.22049598974929,666379600.0,15.57995506232279,24.222322366004107,-0.012984129204337003,-0.013069159844436127,0.021932423108651632,0.03648994359426094
2021-05-13,302.88311767578125,306.4550622284353,300.41248534825166,303.6967097732454,18079200,307.28161468505857,294.4004965209961,307.7063587583658,304.7467637121049,52.98537293570137,2.9595950462609153,5.24686430823883,-2.287269261977915,326.10082677189877,288.4624025982184,0.12426715778186796,8.23750078682763,684458800.0,21.02907750456145,21.97846543971764,0.00895711140806954,0.008917234430472558,0.021700160591739688,0.04373314966013675
2021-05-14,313.4799499511719,314.3828679110663,306.673349284258,307.12978931670204,19245700,307.7658126831055,295.5574176025391,308.59460355725906,305.3936663964802,58.27554377290196,3.2009371607788353,4.837678878746832,-1.6367417179679968,326.7053500446909,288.8262753215201,0.12083412265783151,8.727935686506697,703704500.0,52.795927112707396,29.80165322653055,0.034986539879498624,0.03438842168542301,0.023030275148142668,0.0009181170257992477
2021-05-17,313.00372314453125,313.2220113682099,309.1539291705394,311.10859135712974,15401300,308.42166595458986,296.57304809570314,309.27292964760863,305.9573743037433,57.63257932945785,3.3155553438653556,4.533254171770537,-1.2176988279051812,327.1192909723656,289.7240409368141,0.11947222116039824,8.737146161617728,688303200.0,51.36830941028767,41.73110467585217,-0.0015191619327322714,-0.0015203170292218328,0.022787936266446,0.029068476145775124
2021-05-18,307.5465087890625,314.0355939964766,307.3976828099841,313.1326760167942,14522400,308.78432006835936,297.65753662109375,309.0073264386015,306.0750879693225,51.790617897105605,2.9322384692790138,4.213051031272232,-1.2808125619932182,327.0955066103341,290.47313352638463,0.11907913774780557,8.690368663408249,673780800.0,35.008844316913766,46.39102694663628,-0.017434982244440733,-0.01758876159561427,0.023215928478231635,0.057523534177098545
2021-05-19,311.1483154296875,312.2099914407722,301.2063442614852,301.82151195988223,19106200,309.38560180664064,298.6070855712891,309.33670936030705,306.4508825960162,36.96800929711155,2.8858267642908686,3.9476061778759597,-1.061779413585091,327.14233976124405,291.6288638520372,0.1141368091939166,7.7250897094481115,692887000.0,48.68803379969235,45.021729175631265,0.011711420997125854,0.011643373082787614,0.023289112425891795,0.04486740891363317
2021-05-20,316.129150390625,316.7641816085727,310.7216046125785,311.138317354396,17320200,310.48150024414065,299.6729217529297,310.38170028804825,307.1677913215428,44.75432539768859,3.213908966505471,3.800866735601862,-0.586957769096391,326.95397061566564,294.00902987261566,0.10421354912174839,7.779660648752923,710207200.0,67.2593498900543,50.318742668886806,0.01600791234900023,0.015881136871044785,0.023050305997650653,0.04438030219366507
2021-05-21,313.76776123046875,317.43893389264736,313.3510181373768,316.8039328459837,13600900,311.23062286376955,300.5133282470703,310.90263274072834,307.65667798146325,44.841612488021404,3.2459547592650893,3.689884340334508,-0.4439295810694186,326.8015184844459,295.6597272430932,0.09925108659738456,7.596101360699237,696606300.0,72.88901270653658,62.94546546542775,-0.007469697613264659,-0.007497735514838893,0.023009941719104327,0.03952811747498575
2021-05-24,322.1022644042969,323.4119934551115,315.5536494301759,315.73224058802725,16445400,312.3017120361328,301.6291711425781,312.625652996662,308.72672142019167,54.769478544844794,3.898931576470318,3.73169378756167,0.16723778890864782,327.7636735769276,296.839750495338,0.0960065373609868,7.614521210792089,713051700.0,95.2449200775997,78.46442755806353,0.02656264984376855,0.026215988097414846,0.023614858885608235,0.01386214053392787
2021-05-25,325.2376708984375,326.616831914703,322.2709319498647,324.533177513485,16437000,313.50328216552737,302.7015539550781,314.565963443089,309.9497547148765,59.74069238124085,4.616208728212484,3.908596775691833,0.7076119525206512,329.06942595649673,297.937138374558,0.09572165332490176,7.471358190785883,729488700.0,95.51472292360704,87.88288523591444,0.009734195752828079,0.009687123695250575,0.02364749329627354,0.004149046651956478
2021-05-26,325.1087341308594,327.2618208339103,323.2830646151076,325.7933639842611,9686900,314.5232788085938,303.6616198730469,316.1879281642845,311.0726420790234,56.295384284132886,5.1152860852610615,4.149934637605679,0.9653514476553822,330.33455867641135,298.7119989407762,0.09726764130214591,7.261574376496286,719801800.0,93.14164107813468,94.63376135978048,-0.0003964386020289812,-0.0003965172045863156,0.023598991258494444,-0.004944259277737562
2021-05-27,330.1590576171875,331.1810363589441,324.2157081628903,325.4460432710368,20477700,314.68401794433595,304.62882934570314,318.3373326955003,312.48645063740594,60.54297318829083,5.850882058094385,4.4901241217034205,1.3607579363909643,331.08147221480635,298.28656367386554,0.09933063408172742,7.462142273296142,740279500.0,97.10592788500651,95.25409729558275,0.015534259637255188,0.01541483818735631,0.01737403867638998,-0.007212636102908232
2021-05-28,326.17041015625,330.2781589983809,325.773500464872,328.4227242830254,12037400,314.86509857177737,305.62322692871095,319.54242153561563,313.5000772684314,70.41635350358303,6.042344267184205,4.800568150799577,1.241776116384628,331.70233830772315,298.0278588358316,0.10324198156344107,6.77396984226978,728242100.0,85.81074833743317,92.01943910019145,-0.012080987538928167,-0.012154555787338239,0.01731849407142951,0.023879598261668855
2021-06-01,326.5672912597656,328.839469050858,324.0966889019142,327.57933830612393,11765900,315.19004821777344,306.3975512695313,320.6231707239464,314.4680190455673,70.3311577671367,6.15515167837907,5.071484856315476,1.083666822063594,332.68799534295226,297.6921010925946,0.10716288858984477,6.606002548117606,740008000.0,86.93464894964579,89.9504417240285,0.0012167906442692722,0.0012160509545042022,0.01720550224154958,0.013824184136054463
2021-06-02,326.58709716796875,329.2859193445906,324.5729047910016,327.8075307847348,11654300,315.72534637451173,307.10420471191406,321.5406978691806,315.36572853611557,75.76537222181389,6.1749693330650075,5.292181751665383,0.8827875813996249,333.9521656681016,297.49852708092186,0.11161995958594492,6.351569811612754,751662300.0,85.06936777676145,85.93825502128014,6.064878122580275e-05,6.064694216282824e-05,0.0168813911620454,0.0033420217488850934
2021-06-03,323.5013122558594,324.8308747707798,320.961248006466,323.24332704492036,12610800,316.2720581054688,307.80689025878905,321.84233085174657,315.9683643672077,69.97322187391151,5.873966484538869,5.40853869824008,0.4654277862987888,334.75416086831564,297.7899553426219,0.11426292297837261,6.306214905743689,739051500.0,74.3793061197798,82.12777428206236,-0.009448581829680558,-0.009493502862942964,0.01684298139895882,0.019690786021138162
2021-06-04,327.7777404785156,329.87129645914183,322.6479832868195,323.3623782282559,13289400,316.78453674316404,308.7635821533203,322.7554707943264,316.8431329680453,65.7832502154843,5.912337826281089,5.509298523848282,0.4030393024328065,335.9683775882762,297.60069589805187,0.11705395745974756,6.000755115532066,752340900.0,88.64610228438866,82.69825872697665,0.013219198997480364,0.013132587838220633,0.016736900942928484,0.0027545893296114787
2021-06-07,333.959228515625,335.060601318784,326.36880079638615,326.9145364253234,20136700,317.65272216796876,309.9113739013672,324.47912582837233,318.1109918974957,70.54483437611071,6.368133930876638,5.681065605253954,0.6870683256226844,338.31518853107417,296.99025580486335,0.12374244877104015,6.312596525658165,772477600.0,96.74672286483096,86.5907104229998,0.018858779208390297,0.01868315700973291,0.01712263915731139,0.0005644613592983294
2021-06-08,331.0818176269531,335.66583948741965,329.6530276600603,334.07832199527667,14580500,319.02743377685545,310.91668395996095,325.4949245666155,319.0717938033814,74.30346994444974,6.423130763234099,5.829478636849983,0.5936521263841152,339.40631394730826,298.64855360640263,0.1231047981826338,6.267946571434367,757897100.0,86.69736213116806,90.69672909346257,-0.008616054425150454,-0.00865338721767489,0.013994766532937502,0.009200665616543757
2021-06-09,327.6785583496094,334.17754565379573,327.4305049367785,333.1258016057894,13727900,320.2041976928711,311.6991436767578,325.83086822553764,319.7093319179168,67.14005171111573,6.121536307620829,5.887890171004153,0.23364613661667644,339.66145207304123,300.746943312701,0.11875817861363172,5.963903252700809,744169200.0,67.97945024745547,83.80784508115151,-0.010279209235157682,-0.01033240516177096,0.014370372495936689,0.0025131850245279086
2021-06-10,329.8713073730469,331.33979432346086,325.9917487704963,328.2143277062519,13240200,321.6880508422852,312.5814196777344,326.4524742482314,320.46207084051906,65.123536586842,5.990403407712336,5.908392818345789,0.08201058936654615,339.1435336356812,304.23256804888916,0.10583207695391253,5.914293863912978,757409400.0,74.03280974462307,76.23654070774887,0.006691768404016196,0.00666947790846249,0.01382165037935597,0.012182096714999702
2021-06-11,328.6806335449219,330.2383856316364,326.3687592749121,329.990332271847,13587900,322.97792663574216,313.31029907226565,326.7952679861838,321.0708532630674,66.84602107529525,5.724414723116354,5.871597199299902,-0.14718247618354852,338.2597771579567,307.6960761135276,0.09298905358307896,5.898701764016814,743821500.0,65.26879507766678,69.09368502324844,-0.0036095101377776606,-0.0036160401376310607,0.01390879469559589,-0.004829897884042533
2021-06-14,334.1477355957031,334.1973644395812,327.24193798799115,329.31566060726266,12250800,324.0113159179688,314.0665643310547,327.92641684918675,322.03951121363303,64.54946371675297,5.886905635553717,5.874658886550666,0.012246749003050894,339.38378783506926,308.6388440008683,0.09201003196801649,5.706644208798764,756072300.0,89.67598729567136,76.3258640393204,0.01663347788951497,0.01649665671952305,0.012279805936791403,-0.013302703821860495
2021-06-15,334.12799072265625,337.2733217313355,332.4213818082864,334.3661123404878,15795200,325.067529296875,314.6190295410156,328.88050513741285,322.9349541402273,61.61245726555699,5.945550997185535,5.8888373086776395,0.05671368850789538,340.1557227808864,309.97933581286367,0.09031385518692056,5.730742238273259,740277100.0,80.71777345702505,78.55418527678773,-5.9090249442173004e-05,-5.909199533973993e-05,0.012254156452119472,0.006770571791771651
2021-06-16,328.5020751953125,334.9216985906193,326.16046556361823,334.0783412293465,17232200,326.1153076171875,315.1115643310547,328.8222851463205,323.34733347764103,53.87578172348208,5.474951668679466,5.8060601806780054,-0.3311085119985391,338.79938528732634,313.4312299470487,0.07722372933320104,6.072347724573144,723044900.0,46.22850114322015,72.2074206319722,-0.016837606197481203,-0.016980970238748797,0.01220146353378002,0.028724152192662444
2021-06-17,333.88983154296875,335.348386848026,327.5793368606947,327.9166858746589,17794100,327.25238342285155,315.57631713867187,329.6019076688818,324.1282592602579,54.22859378597159,5.4736484086238875,5.739577826267182,-0.2659294176432949,338.2526821221491,316.252084723554,0.06589178621261435,6.129756423950108,740839000.0,79.25775565861478,68.73467675295333,0.016400981164131023,0.016267937796081183,0.012413384525030222,0.01982103486531539
2021-06-18,327.0931396484375,333.5325962354284,326.43827503756376,331.92521504508204,23039500,327.8005828857422,315.9065258789062,329.21594335804417,324.3478800297527,50.98326535196798,4.868063328291498,5.565274926672046,-0.697211598380548,337.4804024465725,318.1207633249119,0.05918693110613242,6.3402491362284,717799500.0,37.59112265564899,54.35912648582798,-0.020356091298505352,-0.020566131816065827,0.013142979360495514,0.035521395967303526
2021-06-21,329.7026672363281,330.3277666521811,325.0987815754126,328.51199879851725,11337500,328.59732818603516,316.3000372314453,329.2908239547032,324.74453093394345,53.19061583519273,4.5462930207597765,5.361478545489593,-0.8151855247298165,335.6917527836867,321.5029035883836,0.043035287867818885,6.37497805964445,729137000.0,53.5886446859237,56.81250766672917,0.007977934329944647,0.007946278863885547,0.013023662425625169,0.07027001960532586
2021-06-22,336.3902282714844,337.2733130481438,330.0103010916536,330.09959669604154,15345300,329.31172637939454,316.8455572509766,330.3830400034388,325.6071751811687,58.78383808846418,4.77586482227008,5.244355800845691,-0.46849097857561084,336.52877825460945,322.09467450417964,0.04290880809647283,6.579094578089212,744482300.0,94.58625876947443,61.92200870368237,0.020283612174610166,0.02008063979870097,0.012478892194146425,0.03793162103941494
2021-06-23,337.9380187988281,340.7460001805239,335.56664409367676,336.70768365205276,14817800,329.9467437744141,317.45735595703127,331.5453444334987,326.52057100469904,63.302263152869905,5.024773428799676,5.200439326436488,-0.1756658976368115,337.856202208326,322.03728534050214,0.04681011306171133,6.54720221561381,759300100.0,84.48459077570321,77.55316474370045,0.004601175650365885,0.004590622600259579,0.012369088775512276,0.020904943517225272
2021-06-24,340.50787353515625,342.214482226336,339.1287123056329,339.18824270230544,12329100,330.7167007446289,318.258271484375,332.92419506452296,327.55666748843663,62.11066625140828,5.3675275760863315,5.233856976366457,0.13367059971987416,339.5833411242461,321.8500603650117,0.05207891545980211,6.3367129481270625,771629200.0,90.02898726212564,89.69994560243443,0.00760451500977144,0.007575746440795738,0.01241714363889498,0.03266515274299642
2021-06-25,338.7119445800781,341.4405319220191,337.0351012093616,339.9224463575193,14594400,331.14434509277345,318.9240466308594,333.81461806691607,328.3829843100397,54.9330724788545,5.4316337568763515,5.273412332468436,0.1582214244079152,340.6962817336927,321.5924084518542,0.05640153406908246,6.030543676002752,757034800.0,79.53611296149741,84.68323033310875,-0.005274265574046089,-0.005288223613288275,0.012126167953665988,0.03904868882204959
2021-06-28,352.8708801269531,355.351414273791,339.1088512451318,339.79348109205574,29156100,332.47936859130857,319.9055444335938,336.74635069153715,330.19690251869997,68.32446004185257,6.549448172837174,5.5286195005421845,1.0208286722949893,345.81743548800466,319.1413016946125,0.07559743604741442,6.789590666456576,786190900.0,91.80060071965616,87.1219003144264,0.04180229181001782,0.04095218618256997,0.014698242936702646,-0.008041859492878611
2021-06-29,349.1500549316406,353.9622666221002,346.33214168796724,353.49592502331853,21417300,333.60850677490237,320.8908123779297,338.6546128823223,331.60083973447337,67.96144956638058,7.053773147848915,5.833650230003531,1.2201229178453836,348.5646123719954,318.65240117780934,0.08567150648176901,6.8526681105362695,764773600.0,79.50142255461353,83.61271207858904,-0.010544438220501107,-0.010600424721109544,0.015048397000649857,-0.003978603523186797
2021-06-30,345.0025939941406,350.17204882576885,344.466820433669,349.4278886007124,15107500,334.52928161621094,321.78499572753907,339.63122536106357,332.5935622722265,62.2568635743757,7.037663088837064,6.074452801770239,0.9632102870668255,349.9262922900069,319.13227094241495,0.08925736178121307,6.878181170474505,749666100.0,65.79200103512635,79.03134143646535,-0.011878734884667397,-0.011949850794973306,0.015422329232900888,-0.005924434621887853
2021-07-01,351.630615234375,351.9084338493456,343.80203488402134,344.1195505239757,17137000,335.93574676513674,322.8351544189453,341.477285341573,334.00371434349677,67.0852566721046,7.473570998076241,6.354276441031439,1.1192945570448014,352.20550769261234,319.66598583766114,0.0925389327469748,7.180807785374506,766803100.0,87.70090828990075,77.66477729321355,0.019211511320830654,0.019029300239042878,0.015549585833384996,-0.011202343434848383
2021-07-02,351.9382019042969,353.66464400562825,349.87438050780213,352.3350813174818,11521300,337.1437698364258,323.98969482421876,343.0866571204536,335.33219490355606,64.34631697381694,7.754462216897537,6.6343135962046595,1.120148620692877,354.4197856546497,319.86775401820194,0.09817641690924911,6.954724717248512,778324400.0,88.71763524050495,80.73684818851068,0.0008747437128500124,0.000874361347533285,0.015421028382113284,-0.004341714336354663
2021-07-06,350.03314208984375,355.9963560178773,346.4611667728856,353.72417820404075,13488500,337.94746551513674,325.0146514892578,344.1553471157444,336.4211539543922,62.447504466825166,7.734193161352209,6.85428950923417,0.8799036521180392,356.0742965204577,319.82063450981576,0.10357208404379221,7.2892425259587,764835900.0,80.70005805813386,85.7062005295132,-0.005413052076032265,-0.005427755727513178,0.015115187850728885,-0.00195607872650172
2021-07-07,347.76092529296875,353.71420672723315,347.2747503320895,352.4938034123803,14218900,338.7814208984375,325.95626037597657,344.710051450702,337.261137016509,65.90714541296003,7.448914434193,6.973214494225936,0.47569993996706383,357.11184858554526,320.4509932113297,0.10541970850615509,7.123401337968882,750617000.0,73.34602837197639,80.92124055687174,-0.006491433306311856,-0.006512594285933189,0.015040523649833788,-0.008160025554103667
2021-07-08,342.9586486816406,345.61777404774114,339.89271207759845,343.0380427319482,14406500,339.54542541503906,326.79130798339844,344.4406048708464,337.68317491762986,57.56368375688687,6.757429953216558,6.930057586024061,-0.1726276328075027,357.188216507692,321.9026343223861,0.10288582113600683,7.130484425685954,736210500.0,57.80346007065177,70.61651550025401,-0.013809132257404988,-0.013905365281026151,0.015218857379106897,-0.003442940241779935
2021-07-09,347.6915283203125,347.97924848366796,342.58160368473915,342.63123253632193,13018700,340.43643646240236,327.65096252441407,344.94074693999505,338.4245344289397,67.79222544050376,6.5162125110553575,6.847288571030321,-0.33107605997496314,357.8201298936655,323.0527430311392,0.09999492087278214,6.98377644665194,749229200.0,73.12142506926979,68.09030450396598,0.013800146626613552,0.013705791686811231,0.015406445006908433,-0.026425513703138948
2021-07-12,350.4101867675781,351.4321656465033,346.91760551570826,348.49522163288634,10018600,341.52291412353514,328.12028076171873,345.7821992211617,339.3123605280981,67.85283167745874,6.469838693063593,6.771798595436976,-0.3019599023733823,358.524981527145,324.5208467199253,0.09704094256190701,6.932746093368122,759247800.0,78.50320386475072,69.80936300155743,0.00781916792853532,0.007788756659334564,0.01537021998424328,-0.0459000120272689
2021-07-13,349.34844970703125,355.6986100896785,346.0840587937821,348.76304737206374,11456000,342.28294982910154,328.6562738037109,346.3308531420647,340.05577454135243,62.371979575816766,6.275078600712277,6.672454596492036,-0.39737599577975935,359.2558481602752,325.3100514979279,0.09716887735100808,7.07873934223103,747791800.0,67.45961795160851,73.02808229520967,-0.003029983432676575,-0.0030345831261575974,0.015100128701949423,-0.02962301647965271
2021-07-14,344.9231872558594,352.43425079221873,344.03020115303184,351.7992196115705,13894200,342.82270965576174,329.15337158203124,346.11428915957157,340.4163236313159,56.321796526015376,5.697965528255679,6.477556782844765,-0.7795912545890857,359.38530067855226,326.2601186329712,0.09603640250781173,7.309074595969585,733897600.0,41.601076119388196,62.52129931191581,-0.012667187889005893,-0.012748100731830948,0.015464096345648482,-0.0040271824418844915
2021-07-15,341.7778625488281,346.5107404450972,337.57088688988114,346.5107404450972,14781600,343.4864990234375,329.67130615234373,345.4471466040726,340.51717836594645,51.13753093681847,4.9299682381261505,6.168039073901042,-1.2380708357748915,358.6363891340574,328.33660891281755,0.08865343119439484,7.6421738908058865,719116000.0,25.01290862399245,44.691200898329726,-0.009118913495073544,-0.009160745287934882,0.015068260712577086,0.019537961799125148
2021-07-16,338.50360107421875,343.29597951923523,337.491554086067,342.2244021364838,11026100,343.7171875,330.1900366210937,344.3789088302489,340.3680244924851,49.81820097918794,4.010884337763798,5.736608126673594,-1.7257237889097956,358.38462340411024,329.0497515958898,0.0866604423560877,7.74210208512808,708089900.0,5.469104677944676,24.027696473775112,-0.009580086463738091,-0.009626270694709027,0.014888382076185641,0.08391956210941753
2021-07-19,334.32635498046875,337.1442377209551,331.93511678295374,334.94152251311635,14372300,344.07884826660154,330.52600036621095,342.8323620841289,339.92049341752096,30.404703375560544,2.9118686666079157,5.171660234660458,-2.2597915680525427,357.3063933643968,330.8513031688063,0.07912953855263972,7.0227459849532305,693717600.0,9.938134000782789,13.473382434239975,-0.012340329853194443,-0.01241710398958313,0.014388666623890729,0.10538660797432753
2021-07-20,338.99969482421875,340.77576560791334,331.8954419693958,336.16194824446416,11024300,344.54369964599607,330.97408386230467,342.2427209672196,339.8522861143134,39.486140383236126,2.3904348529061963,4.615415158309606,-2.2249803054034096,356.2046939325736,332.88270535941854,0.06879648840170255,7.112045892409275,704741900.0,29.477109624295743,14.961449434341072,0.013978377038277534,0.013881580521778106,0.014598649108989822,0.07653806481651348
2021-07-21,343.53411865234375,343.82183878893244,338.59288412390543,338.84093751886803,9279700,344.90089416503906,331.7730145263672,342.4413975341618,340.1250144504638,48.49103285976201,2.3163830836979855,4.155608743387282,-1.8392256596892969,355.9308785774836,333.8709097525945,0.06421478283271702,7.078026340475499,714021600.0,48.291432677833825,29.235558767637457,0.013375893540187977,0.013287226072169632,0.014207112134083696,0.07812727915240814
2021-07-22,348.45550537109375,348.8027861958201,342.5220569930656,343.9806122329509,12385400,345.42676849365233,332.6592590332031,343.3666448936898,340.742087851992,46.61874589123358,2.6245570416978126,3.8493984030493884,-1.2248413613515758,356.0545413744744,334.79899561283025,0.0609993110569675,6.9476213574348025,726407000.0,68.71134998323525,48.82663076178827,0.0143257582043268,0.014224114132403728,0.014495076882921296,0.02030234214004145
2021-07-23,366.9106750488281,372.40751658266703,354.40877765238,358.09981344980844,33694300,346.7469085693359,333.9935876464844,346.9888033790957,342.6805017184243,61.4997290287829,4.308301660671418,3.941179054573795,0.36712260609762337,360.8070628681106,332.6867542705612,0.07664074803440152,8.387746194131028,760101300.0,86.43159703082074,67.81145989729661,0.052962772558522886,0.051607878831272026,0.01847946874096221,-0.036480128926986044
2021-07-26,369.55987548828125,371.5244693516764,365.35289943975135,366.7022954251453,14925200,348.28930511474607,335.3271228027344,350.46127601127813,344.6715664421174,64.82816667111302,5.7897095691607205,4.31088515749118,1.4788244116695406,365.1310376238927,331.4475726055994,0.09114481103715333,8.14748767034055,775026500.0,92.97088307004987,82.70461002803529,0.0072202871696240845,0.007194345691321705,0.01836382616901522,-0.05506617897100663
2021-07-27,364.9460754394531,370.24449233760663,361.7114494701859,369.01415718461413,15705400,348.89306488037107,336.3564453125,352.6897066925358,346.17338192340156,62.60186143275422,6.516324769134258,4.751973079819796,1.764351689314462,367.22609766153096,330.5600320992112,0.10046981740567561,8.297029561217483,759321100.0,81.58217959643704,86.9948865657692,-0.012484580591256345,-0.012563167737633761,0.016479230193089348,-0.04505035015524039
2021-07-28,370.3735046386719,374.6102459613628,364.07294199741824,371.6435368808808,29676900,349.95423736572263,337.5038409423828,355.4102909919414,347.96598360601416,69.92065708161974,7.444307385927232,5.290439941041283,2.1538674448859485,370.6540819595296,329.25439277191566,0.11177821488068526,8.48767890040136,788998000.0,90.08132795274325,88.21146353974338,0.01487186618648595,0.014762364314425952,0.016456304010986963,-0.038469895394836695
2021-07-29,355.52996826171875,362.6738876890814,353.96225388818993,358.18909332168226,33413200,350.48060607910156,338.46351013183596,355.4287028795994,348.52627876569596,54.96601800364113,6.902424113903464,5.61283677561372,1.2895873382897447,371.1856812870059,329.77553087119725,0.11647443004108472,9.274365039798012,755584800.0,55.33099554012792,75.66483436310274,-0.04007720906341328,-0.04090242386233011,0.018840729298659546,0.012977246535323728
2021-07-30,353.5257263183594,357.92125598632435,350.1919028478955,351.24364693893176,15976200,350.57536163330076,339.31105834960937,355.13593725479325,348.8966082140414,51.99187095631995,6.239329040751841,5.738135228641344,0.5011938121104969,371.31990473769036,329.83081852891115,0.11735803965626304,9.503993111771857,739608600.0,50.63884725427983,65.35039024905034,-0.005637336152444883,-0.005653285902873945,0.0184382025010145,0.020235782282118864
2021-08-02,349.2096252441406,356.6015991711631,348.0090248606978,355.3117334679123,13180400,350.43893280029295,339.9726678466797,354.2241969454621,348.9197946607154,49.914790545517086,5.304402284746686,5.651388639862413,-0.3469863551157264,371.18162699492865,329.69623860565724,0.11879795226224936,9.430994755669635,726428200.0,40.53438540323307,48.83474273254694,-0.012208732640667797,-0.012283871409393169,0.0186524068519343,0.02744697345542013
2021-08-03,348.505126953125,351.0154263788304,344.99271229041113,349.9835459423059,12406100,350.362532043457,340.6674151611328,353.3443400235641,348.8890785342272,52.303795689931796,4.455261489336863,5.412163209757303,-0.95690172042044,371.1227681697319,329.6022959171821,0.11913877025440263,9.260899359186235,714022100.0,38.88507831257751,43.35277032336347,-0.00201740799819905,-0.002019445706768931,0.018618122081906937,0.028157371362200534
2021-08-04,356.1252746582031,357.6731252606666,348.77296915652533,349.6758870546211,14180600,350.78074951171874,341.3478753662109,353.77217612120086,349.42509306192915,58.72556711771339,4.347083059271711,5.1991471796601845,-0.8520641203884738,371.6569908392396,329.9045081841979,0.1172409981153804,9.277195412923772,728202700.0,56.7246725346013,45.38137875013729,0.021865238459183534,0.021629622479685976,0.019173641353787293,0.002897635916768726
2021-08-05,360.1437683105469,361.06651968292107,354.121024546421,356.8397103759352,10247200,351.64000549316404,342.04599731445313,354.75242107340796,350.2190690062712,63.0426857447003,4.533352067136775,5.065988157155503,-0.5326360900187277,372.57523060417606,330.704780382152,0.11626037684461539,9.358700391733192,738449900.0,66.13240305586365,53.91405130101415,0.011283932757091053,0.01122074408801066,0.01894829353903483,-0.0008816059328249359
2021-08-06,360.6795959472656,362.30681059827253,358.5860093865691,358.5860093865691,8925000,352.2894088745117,342.7574145507813,355.66429413092453,350.9939228537523,66.61248079394332,4.670371277172251,4.986864781158853,-0.31649350398660214,373.51271566676405,331.06610208225936,0.11768509796908705,9.155294457478792,747374900.0,67.3868338073356,63.41463646593352,0.0014878159331546126,0.0014867102316135164,0.01876496372208598,-0.0009078795056904898
2021-08-09,358.79437255859375,362.9319169074044,357.94108333229246,360.92765618426364,7798900,352.7086181640625,343.3301208496094,356.1458446582583,351.5717339429998,62.93271411344079,4.574110715258485,4.904313967978779,-0.3302032527202945,374.1061335949715,331.3111027331535,0.11927453197396294,8.877473738664106,739576000.0,56.08819581315995,63.2024775587864,-0.005226864535324394,-0.005240572378650208,0.018778832699745632,0.01368872636785623
2021-08-10,358.318115234375,361.2649909446652,356.2443923686089,359.01264661164123,7469900,353.1571014404297,343.9730749511719,356.480040131507,352.07146589050905,60.19989555588535,4.40857424099795,4.805166022582614,-0.39659178158466357,374.63393300506453,331.68026987579486,0.11987577882065434,8.862591160880486,732106100.0,49.2270170074836,57.56734887599305,-0.0013273823689666786,-0.00132826412131145,0.018761787332630925,-0.007421026238169204
2021-08-11,357.1571960449219,359.5385026093773,355.0239428784297,359.2805476658655,8400300,353.7688018798828,344.584873046875,356.58421796434004,352.44818664268774,56.332108518015865,4.136031321652297,4.671339082396551,-0.5353077607442538,374.9530947814298,332.5845089783358,0.11862727749090357,8.736436198608564,723705800.0,41.071899805184394,48.795704208609315,-0.0032399120783881408,-0.0032451719576295467,0.018505534477822272,-0.012529086814373369
2021-08-12,359.8262634277344,360.1735442509098,354.3293914916329,355.65898438949955,7170700,354.6712219238281,345.2496563720703,357.08299418947763,352.9947108489875,43.30708932691636,4.088283340490136,4.5547279340152675,-0.46644459352513135,375.2333267613374,334.1091170863188,0.1142890718516932,7.44301773773025,730876500.0,50.08368117893245,46.79419933053348,0.007473088635393976,0.00744530345008801,0.01835660164661488,-0.020763753937714235
2021-08-13,360.3521423339844,361.8206294212598,358.6653973147733,360.143785948073,7195700,355.7636489868164,345.98667297363284,357.5859400578633,353.5397057738021,40.937524205360624,4.0462342840612,4.453029204024454,-0.40679491996325456,374.987065041844,336.5402329317888,0.10669239222788249,7.227565037341784,738072200.0,51.8592473421205,47.67160944207911,0.00146148005217972,0.0014604131296057947,0.018131378174969383,-0.010490752089745148
2021-08-16,363.705810546875,364.09278838073544,354.597297072418,359.6972591712923,11222100,357.23262176513674,346.705234375,358.5274585946343,354.2927505718075,48.748251308012314,4.234708022826794,4.4093649677849225,-0.17465694495812834,373.87547342096394,340.58977010930954,0.09151820605121866,7.296311354548696,749294300.0,63.18250014917852,55.04180955674383,0.009306641528947335,0.009263601572887501,0.01779232399566997,-0.0087571547767763
2021-08-17,355.6590270996094,361.83059777160577,352.30533981470364,360.1537541291529,12328700,358.0655883789062,347.1392303466797,358.08616144155354,354.39395624053356,35.895038604922235,3.6922052010199877,4.265933014431936,-0.5737278134119483,372.369333461744,343.76184329606843,0.08043515835649938,7.357966123707753,736965600.0,55.84435767794206,56.96203505641369,-0.022124429178533966,-0.022372845240423548,0.0185801388852552,0.019695844471988133
2021-08-18,352.6823425292969,357.05797793706466,352.384660276008,353.4761013114874,10042400,358.5229995727539,347.57124084472656,357.25480468582174,354.2671700397012,46.46642131097615,2.9876346461205117,4.010273340769651,-1.0226386946491397,371.3822993783915,345.6636997671163,0.07292284446913803,6.5195423316059475,726923200.0,40.259683794550675,53.09551387389042,-0.008369489717686363,-0.00840471055472223,0.018550407112301142,0.036404612218285504
2021-08-19,352.35491943359375,354.785855077009,348.2670038908366,348.61428473703285,12004500,358.7179702758789,348.06476806640626,356.500976185479,354.1255218466562,48.484077361846424,2.375454338822749,3.683309540380271,-1.3078552015575222,371.0416578749245,346.39428267683326,0.06995042168763135,6.433077906444773,714918700.0,38.54543357828139,44.88315835025804,-0.000928379610260599,-0.0009288108215167892,0.018306317216689582,0.026075687387265845
2021-08-20,356.57177734375,357.18694489775766,350.5589656746457,351.83892962795636,8697700,358.201025390625,348.5987774658203,356.5118686713668,354.3067259575521,59.556835185606595,2.2051427138147233,3.3876761750671616,-1.1825334612524383,369.9307820040827,346.47126877716727,0.06579183972908623,6.292749685919533,723616400.0,60.62313572980132,46.476084367544466,0.0119676430711817,0.0118965971042981,0.013917105527304758,0.036898124501033136
2021-08-23,360.5207824707031,362.8425584347706,356.3038750817874,356.6412240393063,10942000,357.7490707397461,349.23558044433594,357.1286246404955,354.7670264400077,64.3857898963166,2.3615982004877765,3.1824605801512846,-0.8208623796635082,368.27034433428133,347.2277971452109,0.05836708509524109,6.329604633388385,734558400.0,77.42920161028026,58.86592363945433,0.011074923417581983,0.011014045519539422,0.014067698136593346,0.0476401452739208
2021-08-24,362.6640319824219,365.09493733122457,359.02259445247506,360.82843061784286,9235100,357.63496856689454,349.8059063720703,357.9802257700226,355.3519898135199,59.010191752155144,2.628235956502749,3.071615655421578,-0.4433796989188288,367.87329976309786,347.3966373706912,0.05646179545425428,6.108486388474664,743793500.0,85.55434416073973,74.53556050027377,0.005944870908774602,0.005927269886468274,0.013888099063985741,0.03794686452747542
2021-08-25,365.5216064453125,367.9723451281747,362.5548669977145,362.75332184262254,9684500,357.3923736572266,350.43377868652345,359.1404381816057,356.1052947492082,57.655411951576355,3.03514343239749,3.0643212108167606,-0.029177778419270606,366.5306446207634,348.2541026936898,0.050001262865997056,5.999342316614673,753478000.0,87.56307412178113,83.51553996426703,0.007879398591777553,0.007848518237043214,0.013572580688041992,0.03708013049897585
2021-08-26,361.5428161621094,366.5634148299636,361.29476274855944,365.51167077890847,7888700,357.6930160522461,351.0945935058594,359.5100347939909,356.50807411312684,51.11910653197165,3.0019606808640447,3.0518491048262177,-0.04988842396217308,366.9679157861324,348.4181163183598,0.051307337993005984,6.10990309302187,745589300.0,67.37164361022974,80.16302063091688,-0.010885239649433442,-0.010944917336298302,0.01026771994038188,0.029913729469019046
2021-08-27,369.7286071777344,370.8299498840201,361.24516161543517,362.2572389995464,11219100,358.50316009521487,351.8113690185547,361.08212285302835,357.4873728586533,62.184905366341624,3.594749994375036,3.1604292827359814,0.4343207116390544,368.9960184856325,348.01030170479726,0.05675978643098897,6.438042713984227,756808400.0,95.11879916935655,83.35117230045581,0.022641276910214225,0.022388767517832066,0.011224222560348128,0.00974142790249699
2021-08-30,377.696044921875,378.5195689135399,367.63498415552175,369.65910844389265,13547300,359.92748107910154,352.82342712402345,363.63811086362017,358.9843115300031,68.50482365756172,4.653799333617087,3.4591032929122028,1.1946960407048843,372.6131431002471,347.241819057956,0.06717392036111759,6.856898869838643,770355700.0,97.27783745933723,86.58942674630784,0.021549421898832355,0.021320515797628156,0.011462844204731235,0.003992940079881491
2021-08-31,376.4259948730469,379.77968163648467,375.85049403674094,376.99156388391305,12345400,361.32352447509766,353.7578936767578,365.6054776343012,360.2762880739323,68.36233770452668,5.329189560368945,3.8331205464035514,1.496069013965394,374.834928155379,347.81212079481634,0.07178783540089023,6.815086574752651,758010300.0,89.35765855443842,93.9180983943774,-0.003362624697568206,-0.003368291026053166,0.011503827837450749,-0.00477092034546045
2021-09-01,379.0751953125,381.33744111851894,375.8604329249879,376.6343583249429,11567200,362.4710205078125,354.6115930175781,367.67774189248564,361.6687997212336,68.3503536648364,6.008942171252045,4.26828487137325,1.7406572998787944,377.88745543710627,347.05458557851875,0.08133708097985592,6.788861962913663,769577500.0,93.15931086312683,93.26493562563417,0.0070377722992978065,0.007013122764132416,0.010739070723053183,-0.010600701877770957
2021-09-02,372.35791015625,378.77753321392925,371.14740838049124,378.5294798195521,14832900,363.0817276000977,355.29999084472655,368.3977677792186,362.460585679383,60.23687631562809,5.937182099835638,4.602064317065728,1.3351177827699106,379.0671876661954,347.09626753399994,0.08586072501798,7.129758736165253,754744600.0,72.84725659604861,85.12140867120462,-0.017720191770164373,-0.01787907411694405,0.011517572258878927,0.009086726270638668
2021-09-03,373.3302917480469,374.2232779151266,370.20479474333473,371.8320395508646,7509600,363.7142623901367,355.95643920898436,369.1566176205768,363.2657490918766,58.55379962187707,5.890868528700196,4.859825159392622,1.0310433693075742,380.28977863769916,347.13874614257423,0.08879813191665115,6.738543869270566,762254200.0,75.78759144881408,80.59805296932984,0.0026114165035162618,0.002608012680018299,0.011519058778967067,0.0006645801737505952
2021-09-07,379.20416259765625,379.9780879459185,370.2444755627935,372.95322942168843,10793800,364.73475189208983,356.76628356933594,370.7023937708967,364.44637231452697,71.76654663299075,6.256021456369751,5.139064418788048,1.1169570375817033,382.5049544834784,346.96454930070126,0.09372366837778168,6.619482558624396,773048000.0,93.54928842606148,80.72804549030805,0.015733710817051882,0.01561121915071397,0.011797380750206697,-0.014783560155103515
2021-09-08,374.6300964355469,377.90438920545546,371.8717438371521,377.1999260274363,11067200,365.55035095214845,357.2014678955078,371.30665571930444,365.2007222494173,69.7077747520149,6.105933469887134,5.332438229007866,0.7734952408792681,383.5760405543243,347.5246613499726,0.09623193530729637,6.809418351442072,761980800.0,79.71800421751091,83.01829469746217,-0.012062278353633382,-0.012135617991927888,0.01223294299809839,-0.009667006330055905
2021-09-09,375.0567321777344,376.8724697008113,373.6378740295423,374.6995498243246,9098900,366.44532775878906,357.7196014404297,371.8835905590629,365.9307970589223,70.34861867589531,5.952793500140615,5.456509283234416,0.49628421690619895,384.4938157945015,348.39683972307665,0.0962440424994663,6.574828671806115,771079700.0,79.5938270138369,84.2870398858031,0.0011388186540450818,0.0011381706919758846,0.012167594621610687,-0.013068660917916142
2021-09-10,375.7414245605469,380.8017207031654,375.3147799184728,378.39061829617935,11549600,367.2410858154297,358.3343780517578,372.47710348236814,366.6575102071908,68.34414928352184,5.81959327517734,5.5291260816230015,0.29046719355433837,385.46335909909817,349.0188125317612,0.09699368817255409,6.511757907686051,782629300.0,77.6459472432432,78.985926158197,0.0018255701713094652,0.0018239058433414223,0.012111962493134766,-0.036890360408031175
2021-09-13,373.5783996582031,378.7775898927496,371.4352143764918,378.7081276647406,13026300,367.90239868164065,358.77333374023436,372.6465336632658,367.17016868504356,62.93754375052296,5.47636497822225,5.518573860942851,-0.04220888272060108,386.0317625775171,349.7730347857642,0.09705788082214331,6.569164490777093,769603000.0,65.2292414234918,74.15633856019063,-0.005756684679826152,-0.005773318255964339,0.01224308898607961,-0.05527088898286858
2021-09-14,373.5981750488281,375.64213258472364,372.1892184534272,374.46139601166345,8711600,368.39701690673826,359.206533203125,372.7929400302754,367.64631730458314,61.309487717278365,5.146622725692282,5.444183633892738,-0.297560908200456,386.58398905257275,350.21004476090377,0.09736114017932505,6.382062437387589,778314600.0,61.481393541644685,68.11886073612656,5.2935048287405806e-05,5.293364727717869e-05,0.01212171255069049,-0.05059350689609965
2021-09-15,371.008544921875,374.62018689725124,364.80720954935725,374.06454967027025,17940300,369.16449279785155,359.6260412597656,372.51841770590613,367.89537120216033,55.706925387079295,4.6230465037457975,5.27995620786335,-0.6569097041175525,386.3564223585005,351.9725632372026,0.09267673101313133,6.696026667204287,760374300.0,48.59271096868535,58.43444864460728,-0.006931592014909227,-0.006955727093179434,0.01099253449662882,-0.08212995944463564
2021-09-16,370.1552429199219,370.65134977316575,366.83132094719605,369.88735611995554,11934200,370.0381378173828,360.0739276123047,372.15485235421625,368.0627691071797,59.58061631953444,4.092083247036555,5.042381615697991,-0.9502983686614357,385.3797001855871,354.69657544917845,0.08289258445826352,6.618067516723913,748440100.0,44.34579611873171,51.473300209687245,-0.002299952423286622,-0.0023026013762846463,0.010767673579129694,-0.07264259685700192
2021-09-17,361.88018798828125,368.5181001758093,358.77455421002566,368.5181001758093,26299000,370.5144012451172,360.4523583984375,370.574134759457,367.60480013540945,41.28658385316492,2.969334624047576,4.627772217367909,-1.6584375933203326,384.0269388264784,357.001863663756,0.07467962065830895,6.74634611967472,722141100.0,13.764345806958355,35.567617631458475,-0.022355633453585377,-0.022609308466096333,0.012106886405270568,-0.03224406291401061
2021-09-20,352.9303894042969,358.2188745657045,347.0763049441087,356.50233413802766,19822800,370.3323318481445,360.5571356201172,367.85971239712467,366.5178067479196,23.091787945172058,1.3419056492050458,3.9705989037353366,-2.628693254530291,384.7065332800478,355.95813041624126,0.08145629769182045,7.0262959972571775,702318300.0,17.086661779739067,25.065601235143045,-0.024731385914595005,-0.025042344301837594,0.013157141837193758,-0.005960229568580555
2021-09-21,354.696533203125,357.2365976294864,352.4243555514342,355.70858018739267,11751900,370.04111938476564,360.64286254882813,365.8346079057401,365.6421568557126,26.642452847546622,0.19245105002750051,3.2149693329937694,-3.022518282966269,385.450955761017,354.6312830085143,0.08689025650795722,7.089371317136356,714070200.0,22.24160991043099,17.697539165709472,0.005004227042644693,0.004991747514775612,0.012946067779641425,-0.04707961044494324
2021-09-22,340.5376281738281,347.1160093217714,338.0372607512432,344.52634630694666,43692900,368.93479919433594,360.4666461181641,361.9427648700613,363.782562138536,16.792025026597756,-1.8397972684746833,2.204016012700079,-4.043813281174762,389.03719606239997,348.8324023262719,0.11806270558625448,7.888104478447125,670377300.0,5.84683502454489,15.058368904904983,-0.03991836317494668,-0.0407369597763809,0.015508944221281743,-0.010489090297584713
2021-09-23,343.2662048339844,346.94733905140663,340.32926108840206,342.6708706244858,21806300,367.82202911376953,360.4335064697266,359.0694479414341,362.26283196782845,23.081111022926365,-3.1933840263943694,1.1245360048811894,-4.317920031275559,390.955358525297,344.68869970224205,0.13478361158632307,7.794553837803968,692183600.0,12.22731232546261,13.438585753479495,0.008012555542800337,0.007980625467238104,0.015513900662008018,-0.018990505725076323
2021-09-24,350.2117004394531,351.5908918646858,339.7041621492039,340.5673831281829,18801900,367.2554733276367,360.60218322753906,357.7067175565139,361.37015555831914,30.73738769221886,-3.6634380018052184,0.16694120354390785,-3.8303792053491263,391.5616015020392,342.9493451532342,0.13880820169002142,8.356571448067541,710985500.0,28.468592147807577,15.514246499271692,0.020233554913533736,0.020031576490737817,0.01622771922664377,-0.028190084872108834
2021-09-27,350.82684326171875,352.3846257561215,344.3774553783491,347.08620919014766,15205800,366.3103851318359,360.84864807128906,356.6482753573147,360.5891694622747,24.084755430683927,-3.940894104960023,-0.6546258581568783,-3.2862682468031448,391.65916078290957,340.96160948076226,0.14450875774156954,8.23325416197093,726191300.0,29.9070361804057,23.534313551225296,0.0017564884939416103,0.001754947672053693,0.015236556748603162,-0.07735144391554061
2021-09-28,337.99755859375,346.87788247328035,336.2810484357312,345.26056945182785,21710300,364.32546081542966,360.9220721435547,353.77893431676625,358.91571680534696,20.929077964876228,-5.136782488580707,-1.551057184241644,-3.5857253043390624,392.0281927163363,336.622728914523,0.16392267456702816,8.74849530950546,704481000.0,3.855535126849039,20.74372115168744,-0.036568708792895976,-0.03725410533932136,0.015932848925192047,-0.022574503155793235
2021-09-29,336.9656982421875,342.54196497120427,336.2414015814139,340.47814340744986,14452200,362.3524459838867,360.8813922119141,351.1922826129849,357.2897895043722,20.059249801883894,-6.097506891387297,-2.4603471256707747,-3.6371597657165227,391.9803999543092,332.7244920134642,0.1758514538718892,8.967493003685556,690028800.0,1.6254296985134602,11.796000335256068,-0.0030528633279351958,-0.003057532821156162,0.015935099427608783,-0.017579008724387557
2021-09-30,336.7474060058594,340.1308279140143,335.5170404865727,337.7991500549551,16547100,360.2360565185547,360.7456579589844,348.9699939041964,355.76813146744536,19.12308274816793,-6.798137563248986,-3.3279052131864173,-3.4702323500625685,390.8645950098594,329.60751802724997,0.18190808864476762,8.886692925257737,673481700.0,2.8440820473781963,2.775015624246899,-0.0006478173816114596,-0.000648027305958075,0.015710471446036302,-0.0299655472693513
2021-10-01,340.3392028808594,342.3335316631441,336.0032342139593,338.95007959136314,14905300,358.63512115478517,360.58333190917966,347.6421799006061,354.625247868439,24.262333814856632,-6.983067967832881,-4.0589377641157105,-2.92413020371717,389.93568639711737,327.33455591245297,0.18393746578344905,8.814401634752524,688387000.0,12.017822619250087,5.495778121713914,0.010666145635988888,0.010609663580209382,0.01585691606445227,-0.03778309908282962
2021-10-04,323.68988037109375,333.32426674467087,320.1873672849246,332.9174555014666,42885000,356.1531005859375,359.718916015625,343.95721074221956,352.3337391649319,19.26927778679503,-8.37652842271234,-4.922455895835037,-3.4540725268773036,390.29123752183375,322.0149636500413,0.21093113505283895,10.007181739369546,645502000.0,6.434561191299415,7.098821952642567,-0.048919790517326756,-0.05015687774028073,0.018611162369405715,-0.002391042617522765
2021-10-05,330.367431640625,332.57014704290987,323.6203912754051,326.02153122963404,35377900,353.7112640380859,358.93506713867185,341.8664754958204,350.7066052742425,26.17489623157013,-8.840129778422124,-5.7059906723524545,-3.1341391060696697,387.89345951888873,319.5290685572831,0.2069344142735374,9.94552305505603,680879900.0,20.172930976802636,12.875104929117379,0.02062947183234698,0.020419566197632723,0.018954130828011395,-0.027600993212310243
2021-10-06,331.04217529296875,331.77640370121645,323.26319366414805,327.17251785068817,26443000,351.53186798095703,358.2569891357422,340.2011985415355,349.2499808311852,27.022580903273365,-9.048782289649694,-6.374548995811903,-2.6742332938377906,385.65641234930973,317.40732361260433,0.206164331406733,10.255236345226706,707322900.0,22.459431832590283,16.35564133356411,0.002042403662470438,0.002040320791669999,0.01900629475395779,-0.02727481403703491
2021-10-07,326.6565856933594,336.201676355274,326.4184641021134,334.3760068358188,28307500,349.11186065673826,357.3826507568359,338.11741194950844,347.5763960061611,28.316599024463173,-9.458984056652639,-6.991436007980051,-2.4675480486725885,383.07634128012137,315.14738003335515,0.20795221716586734,10.141130884031307,679015400.0,17.010155186602425,19.880839331998448,-0.013247827397606327,-0.013336362665679788,0.01899449106128156,-0.0020958749268840116
2021-10-08,327.4801330566406,330.80405514449114,326.1505702774925,328.9287869198579,15946100,346.698796081543,356.8216540527344,336.48090750445186,346.0877839358262,32.59127143543873,-9.60687643137436,-7.514524092658913,-2.092352338715447,379.53610985863855,313.8614823044474,0.20054537947446152,9.4161024428046,694961500.0,19.683987234540812,19.71785808457784,0.00252114115970814,0.0025179684148408147,0.019011571886518745,-0.016027965675473266
2021-10-11,322.9159240722656,327.8868935538608,322.7769996356763,325.07894242521274,14708200,344.1656723022461,356.2094580078125,334.3939869764232,344.3713498718588,29.062589840250226,-9.97736289543559,-8.007091853214249,-1.9702710422213414,376.0755822541213,312.2557623503709,0.1976360258079688,9.437363288528331,680253300.0,8.474500366847009,15.056214262663417,-0.01393736145693325,-0.014035398463170609,0.019078646503485196,0.030388678754207143
2021-10-12,321.24896240234375,321.85422839876105,314.89880189213005,320.5147340827116,31658700,341.5482116699219,355.6502447509766,332.3716755034879,342.6585804296725,34.78868811771865,-10.286904926184604,-8.46305446780832,-1.8238504583762847,371.83989039135867,311.25653294848513,0.1885869357828361,8.820066840546458,648594600.0,16.94016525576273,15.032884285716852,-0.005162215752323229,-0.005175586021384675,0.019011480418218363,0.050097533069761946
2021-10-13,322.0130615234375,324.4538988899083,320.1476948134663,324.4241336883645,14761500,339.0984375,355.12040344238284,330.77804258348016,341.12928273291436,32.703555580997374,-10.351240149434204,-8.840691604133497,-1.5105485453007077,367.2043107769326,310.9925642230674,0.17456356052120525,8.654932991506277,663356100.0,18.978533476895393,14.797733033168377,0.00237852634722846,0.0023757021308650587,0.019135720956155518,0.05003997451032638
2021-10-14,325.9719543457031,327.9464498506444,324.55309607109666,325.80326469937097,14302200,336.88927307128904,354.5173370361328,330.03864439305295,340.006517667195,29.26500470235689,-9.96787327414205,-9.066127938135208,-0.9017453360068419,361.4373431327556,312.3412030098225,0.15061461413599145,8.22969432091521,677658300.0,29.539573395676236,21.81942404277812,0.012294199507113746,0.012219239592434851,0.01959237278273181,0.040635404428743804
2021-10-15,322.2312927246094,326.5077308425533,319.9988121641068,326.1207530110209,21596400,334.90682830810545,353.75908752441404,328.83751336713857,338.68983433811457,26.78058568618512,-9.852320970975995,-9.223366544703367,-0.6289544262726281,357.2632501922859,312.550406423925,0.13876009182812096,8.122676342391928,656061900.0,22.92902328334006,23.815710051970566,-0.011475409375638068,-0.011541759974399055,0.01926707357514589,-0.0004618863278521568
2021-10-18,332.7289123535156,333.2746480135661,324.94996119096635,326.38868305478695,21585000,333.8967544555664,353.20007385253905,329.4361901342735,338.2482845614776,45.55352087295263,-8.812094427204102,-9.141112121203514,0.32901769399941294,354.5878925383652,313.20561637276757,0.12437234826659756,7.872502089746868,677646900.0,64.50097772724823,38.98985813542151,0.03257790247540582,0.03205849334619317,0.020495457792876867,-0.019830574745472784
2021-10-19,337.3427429199219,339.7935120917823,334.65385213782736,337.0053938787701,18786300,333.02906494140626,352.77104125976564,330.6525828705271,338.1812074028438,50.30006522353208,-7.528624532316712,-8.818614603426154,1.2899900711094414,351.3695379635233,314.6885919192892,0.10873494928847906,7.927076114638035,696433200.0,81.80850044561669,56.41283381873499,0.013866635555566553,0.01377137339832428,0.020765741483531542,-0.07111965418638078
2021-10-20,338.1265869140625,341.3016828983417,336.80695600282183,340.77581084319115,13639500,332.908512878418,352.36721069335937,331.8024296464556,338.17716144071187,51.087807865570106,-6.374731794256263,-8.329838041592176,1.9551062473359124,351.07202209277347,314.7450036640625,0.10743614916606296,7.918571790929341,710072700.0,84.66562351792128,76.99170056359539,0.0023235833898662683,0.002320888044413926,0.01879237801524358,-0.08380780329343707
2021-10-21,339.21795654296875,339.6446010811802,335.16970850239795,337.6304088854891,16354400,332.7061004638672,352.0084259033203,332.94327993822685,338.2542573742124,49.07931921468356,-5.310977435985535,-7.726065920470848,2.415088484485313,350.4694272572672,314.94277367046715,0.10473105241496825,7.786042871614874,726427100.0,92.107958386042,86.19402744986,0.0032276953991305923,0.0032224975720010584,0.018712806332259944,-0.07300791129930884
2021-10-22,322.08245849609375,327.06339039987455,318.60971071997267,323.80893083802226,35224500,331.29963836669924,351.2535498046875,331.27238433174483,337.0563463462036,48.69056425545885,-5.78396201445878,-7.337645139268435,1.5536831248096554,347.6230021498886,314.9762745835099,0.10136139583265946,7.818643602119254,691202600.0,27.20785130229372,67.99381106875234,-0.05051471396592899,-0.05183524539113188,0.02113265331127657,-0.0032038095895033925
2021-10-25,326.1307067871094,326.9939278171444,317.23054914233694,317.8060197357078,38409000,330.06483154296876,350.56912109375,330.48135701718553,336.2470397121966,46.39422239193709,-5.765682695011094,-7.023252650416968,1.2575699554058737,343.680295966815,316.44936711912254,0.08349697922026142,7.876759524069448,729611600.0,42.54045189959176,53.95208719597582,0.01256898096816017,0.01249064702912761,0.021422960043850733,0.003924709434227847
2021-10-26,313.3510437011719,327.63891663627965,307.1894043646494,325.7041178575458,65654000,328.83250579833987,349.56202575683596,327.8459241993373,334.55104000767625,37.51579091708588,-6.705115808338974,-6.959625282001369,0.2545094736623952,343.8174747602993,313.8475368363804,0.0956433320595537,8.729352540823864,663957600.0,18.062819609824803,29.27037427057009,-0.039185709348981246,-0.039974134626914494,0.021642939657084536,0.038852297459058605
2021-10-27,309.7889404296875,316.7642010297312,309.63018261546694,311.74360248983976,29971800,327.47366790771486,348.6446240234375,325.06792669631426,332.71681040930673,37.956937555844455,-7.648883712992472,-7.09747696819959,-0.5514067447928817,344.1828768695463,310.7644589458834,0.10787479332641911,8.540124409474126,633985800.0,7.620528961131531,22.741266823516032,-0.011367772161886891,-0.011432879168534383,0.021712589527017784,0.062135534407679716
2021-10-28,314.4523620605469,322.98537519345757,305.7109319804182,310.5529394184158,50806800,326.3589157104492,347.8800244140625,323.4347629061962,331.3638883093986,41.18201129028577,-7.929125403202363,-7.2638066552001455,-0.6653187480022176,343.4339059966113,309.2839254242871,0.10860144394701275,9.441621434191319,684792600.0,24.56095995288732,16.74810284128122,0.015053544598432334,0.014941364401292425,0.022119015724623235,0.05973112318304352
2021-10-29,321.0505676269531,323.46163945137965,317.1114783524973,317.6968807534924,37059400,325.3944839477539,347.2539373779297,323.0679636324665,330.59993862921743,48.77124646701241,-7.531974996750932,-7.317440323510303,-0.21453467324062903,341.2823489002396,309.5066189952682,0.09897422122577719,9.72014882509477,721852000.0,43.10006181515795,25.093850243058935,0.0209831642642766,0.02076604958945211,0.02257461252232192,0.05426957795894283
2021-11-01,327.4106750488281,330.8536576667593,323.46165377375024,323.50135079861377,31518900,325.5805236816406,346.67071533203125,323.73607308113753,330.36369688252194,53.8225178729396,-6.627623801384402,-7.179477019085123,0.5518532177007209,341.4714832969678,309.68956406631344,0.09707050396543906,9.847717957928385,753370900.0,60.970174857626375,42.877065541890545,0.019810298012820082,0.019616627658947138,0.020277536088738737,0.026183209671575725
2021-11-02,325.52545166015625,332.18322727188917,321.27877830987967,328.79977498067046,28353000,325.3384246826172,345.97080871582034,324.0113620932943,330.00530834753187,52.149073955180604,-5.993946254237585,-6.942370866115616,0.9484246118780311,341.0690427968755,309.60780656835885,0.09664754650693713,10.319021164040347,725017900.0,55.67322736425526,53.24782134567986,-0.005757977770244449,-0.005774618834242568,0.01976940272866277,0.02222012225201553
2021-11-03,329.037841796875,329.56371374990124,320.6834209371034,324.939995125202,20786500,325.2382080078125,345.29828491210935,324.78466666307594,329.93364415859435,51.88618491577649,-5.148977495518409,-6.583692191996175,1.4347146964777657,340.84084404043614,309.63557197518884,0.0948379429394363,10.529514341582557,745804400.0,65.54205577060176,60.72848599749447,0.010789909418160049,0.010732113714127816,0.01992592102395436,-0.012001674656591521
2021-11-04,333.2349548339844,334.64388123663895,330.0598590951158,331.40928538211995,22495300,325.56712646484374,344.6525518798828,326.08471099706185,330.1781856901047,56.731827670070906,-4.093474693042879,-6.085648692205516,1.9921739991626373,341.56793638221666,309.5663165474708,0.09603320231123068,10.465022967390947,768299700.0,77.33476294520025,66.18334869335243,0.012755715312831262,0.012675046444730562,0.01987203540204055,-0.024147568699245947
2021-11-05,338.4738464355469,344.0897793143083,336.99545779027494,337.6602239773612,26872800,326.11681213378904,344.19117248535156,327.99073183375185,330.792679078656,53.75633637591826,-2.80194724490417,-5.428908402745247,2.6269611578410768,343.11838388803733,309.11524037954075,0.10046017991222123,10.451556481060035,795172500.0,85.36711425760824,76.08131099113676,0.01572131472273819,0.015599014997377567,0.02013611418067014,-0.0007036265347989401
2021-11-08,335.98333740234375,342.10530814583177,335.7055188278553,341.73819398810986,18342500,326.77018280029296,343.5162670898437,329.22036345968905,331.17717228781805,49.08576468306926,-1.9568088281289988,-4.734488487821998,2.777679659692999,344.2514125654243,309.2889530351616,0.10406009952926544,10.404070022467875,776830000.0,78.87783902880528,80.52657207720459,-0.0073580545718098245,-0.0073852585832321575,0.019917216312841386,0.02640146666034493
2021-11-09,332.7586669921875,338.6524181419945,331.8656808167528,337.3526207608711,17556700,327.34566802978514,342.61751953125,329.7647178493042,331.29432004369727,46.5046876716064,-1.5296021943930782,-4.093511229136214,2.563909034743136,344.8193958291374,309.87194023043287,0.1050234270818408,10.567785053162291,759273300.0,70.47563147416435,78.24019492019262,-0.009597709324181913,-0.009644064175019186,0.020027620419500652,0.022631760052150396
2021-11-10,325.0888366699219,330.59560933041166,322.97541712866786,329.9010477876687,21872600,327.49945678710935,341.5907763671875,329.0453515140146,330.8346546086028,41.52583725457427,-1.789303094588206,-3.632669602226613,1.843366507638407,344.8291186189334,310.1697949552853,0.10661493030238807,10.946953430643532,737400700.0,50.491106521292714,66.61485900808744,-0.02304922781303753,-0.02331901491611265,0.02079181844509623,0.0400745889865779
2021-11-11,325.1881408691406,329.87139121269155,324.45391234730033,327.251962528312,12376600,327.46026611328125,340.51303527832033,328.4519344917263,330.4163943316056,52.34109548923295,-1.9644598398792823,-3.299027649757147,1.3345678098778646,344.8080085759122,310.1125236506503,0.10669357385706064,9.86189864795747,749777300.0,50.749853737831636,57.238863911096225,0.0003054678845204606,0.0003054212387051811,0.020611491811232417,0.03341045903320872
2021-11-12,338.2356872558594,339.1981053182596,327.2121791111643,327.6090584700832,25414300,328.26048583984374,339.8305908203125,329.9571272246699,330.99560121488366,58.0347434241796,-1.038473990213788,-2.8469169178484752,1.8084429276346872,346.06317816429913,310.45779351538835,0.10526797138936138,10.165226203265433,775191600.0,84.74656623121926,61.99584216344787,0.0401230695309065,0.03933904223952892,0.022252424446009278,0.012936752541457208
2021-11-15,344.8537902832031,350.89636806742686,340.5277530964521,341.6588609660316,25076600,328.8667297363281,339.2610607910156,332.2489215413673,332.02213373846286,72.7728219583933,0.22678780290442546,-2.232175973697895,2.4589637766023205,348.08002332558283,309.6534361470734,0.11142863515274827,9.608881098975237,800268200.0,86.62715620702548,74.04119205869212,0.01956654272953018,0.01937757886758993,0.021509633145729755,-0.018845735846959477
2021-11-16,340.2895812988281,343.95085205070313,338.2158584260246,341.15280232033473,18181100,329.0140716552734,338.4827691650391,333.48594611943815,332.63453726145286,71.73353801766704,0.851408857985291,-1.6154590073612578,2.466867865346549,348.5436451036384,309.4844982069084,0.11478208280032495,9.57344634489768,782087100.0,76.52609405176557,82.63327216333677,-0.013235200287712523,-0.013323566110016864,0.021577166776509473,-0.01664922516788092
2021-11-17,338.11663818359375,344.5957921753798,337.45187198784345,341.5596207966842,13602800,329.01357421875,337.7525,334.1983602831544,333.0406188112411,67.48271975019341,1.1577414719133117,-1.060818911506344,2.2185603834196557,348.54217086824474,309.4849775692553,0.1155139643787118,8.849837557361752,768484300.0,62.173237822329014,75.10882936037335,-0.006385570510095029,-0.006406045474893011,0.021629604699014836,0.0008511286615906499
2021-11-18,336.0528259277344,339.79346029139595,332.68920729614837,337.07480472247227,17487200,328.8553176879883,336.972421875,334.48366269001286,333.26374526431465,61.87927836688993,1.2199174256982133,-0.6046716440654326,1.824589069763646,348.0847340632447,309.6259013127319,0.11444281905483236,8.713764386248524,750997100.0,50.87026076544731,63.189864213180634,-0.00610384708349887,-0.006122551710405105,0.021661993503453724,-0.01644566241294887
2021-11-19,342.6113586425781,349.35842957953895,337.2534110290804,339.53552057480016,26488500,329.8817626953125,336.3098205566406,335.734077451946,333.95616107011193,61.99869339252734,1.7779163818340749,-0.12815403888553115,1.906070420719606,349.7693145341762,309.9942108564488,0.11609394339789518,8.963943929962694,777485600.0,72.57795014224482,61.87381624334038,0.01951637423889463,0.019328371951845415,0.018543961637201758,-0.021054114886410402
2021-11-22,338.3547668457031,351.07492208794804,337.8586600494858,346.332142327309,27116800,330.4929656982422,335.6053479003906,336.137260435601,334.2819837201557,59.76141149344171,1.8552767154452567,0.26853211198062643,1.5867446034646302,350.64473149717725,310.3411998993071,0.1191161926684171,9.129073435423603,750368800.0,58.14568296678939,60.53129795816051,-0.012423965783678548,-0.01250178849619603,0.01872469851132934,-0.048532412440317474
2021-11-23,334.6240234375,338.74170365953904,330.9032225838584,336.29093495274225,17225000,331.5566146850586,334.82586486816405,335.90445474358546,334.30731999551455,54.23626905016695,1.5971347480709142,0.534252639198684,1.06288210887223,350.0785111027994,313.0347182673178,0.11070272975305515,9.054658311343802,733143800.0,41.45484529103958,57.392826133357936,-0.011026129299086862,-0.011087367626624042,0.01637551133936401,-0.07902153769826792
2021-11-24,338.4044189453125,339.11881405607335,330.21865551282673,333.38381979578475,13566200,332.98738861083984,334.1737823486328,336.28906462077424,334.6108088066107,53.945187103806745,1.678255814163549,0.7630532741916571,0.9152025399718919,348.62577978522825,317.34899743645144,0.0924242728456547,9.289952533021136,746710000.0,54.90844710059547,51.50299178614148,0.011297442033532334,0.011234102538365105,0.016080163974520598,-0.08992557920416533
2021-11-26,330.5262145996094,335.1201687600475,329.315712704807,333.18533998164787,14750700,333.791081237793,333.3812017822266,335.4024723098258,334.30824627275877,44.169477127167475,1.094226037067017,0.8292878267667292,0.26493821030028775,346.8597122578411,320.72245021774484,0.07907772783395794,9.16380123017696,731959300.0,26.87163877660793,41.07831038941433,-0.023280441698299126,-0.023555711847762575,0.01701939948806129,-0.07889059258774356
2021-11-29,335.3979797363281,338.01743831325274,332.6991573903865,334.26687191807986,16650900,334.5084518432617,332.8515576171875,335.40178114467227,334.3889672700602,49.58506842433853,1.0128138746120499,0.8659930363357934,0.14682083827625647,346.12710588716055,322.88979779936284,0.06928279086852472,9.241760829867454,748610200.0,44.20918669286194,41.99642419002178,0.014739421327353064,0.014631851777236506,0.016719703789813724,-0.05963956830742245
2021-11-30,321.93359375,333.195223381446,320.91161502439473,332.39153284383184,25390000,334.23459777832034,332.23162170410154,333.32975231472267,333.46634700931503,43.2993562156714,-0.13659469459236107,0.6654754901501625,-0.8020701847425236,346.7789697868973,321.6902257697434,0.07793142593449487,9.791734214631147,723220200.0,3.3881521128240393,24.822992527431307,-0.04014450533337466,-0.04097253223942096,0.0186788097231679,-0.005085447885700423
2021-12-01,308.1815185546875,327.9265611101717,307.8739347926839,327.71820475396504,30329600,333.3674011230469,331.3013214111328,329.4607932747173,331.5933967534167,40.267333471364026,-2.132603478699423,0.10585969638024542,-2.2384631750796684,350.1341548076607,316.60064743843304,0.10881089666406153,10.5252611042003,692890600.0,0.7119831773618179,16.103107327682597,-0.04271711763635255,-0.04365633835166803,0.020903650812221418,0.06426286221744792
2021-12-02,307.97320556640625,312.1504165030923,304.80804163947613,308.975320750198,24396200,332.3141693115234,330.65003295898435,326.15501055036174,329.84375296178627,40.102675486700726,-3.6887424114245277,-0.6530607251807093,-3.0356816862438185,352.5198135326517,312.1085250903951,0.13121689715809698,10.662753675502083,668494400.0,6.841100796468865,3.647078695551574,-0.0006759425070594904,-0.0006761710591937873,0.020675234580683988,0.06259868291320769
2021-12-03,304.4508056640625,311.30700500958125,297.167961754166,311.2871716391293,27471000,330.87496185302734,329.87372497558596,322.8159021063157,327.96279390269564,28.18711122248436,-5.146891796379919,-1.5518269394205513,-3.5950648569593673,354.59866132026804,307.15126238578665,0.15584586426365332,10.67197359023753,641023400.0,13.51002517052965,7.021036381453444,-0.011437358311303658,-0.01150326793042931,0.020404786111847085,0.0746642724456219
2021-12-06,315.3949890136719,317.6076366411211,303.9547653556216,305.73083649801384,21758300,329.7210189819336,329.1773907470703,321.6742231689859,327.0318453923976,31.986473045125962,-5.357622223411681,-2.312985996218777,-3.044636227192904,354.123870118939,305.31816784492815,0.15474469783632233,10.74284433837553,662781700.0,33.81201081698787,18.05437892799546,0.035947296397321526,0.03531627033989929,0.021896433920713058,0.052285453614624666
2021-12-07,320.2964172363281,323.9973842578225,318.50051333741357,319.0660822637991,18794000,328.9366729736328,328.5667822265625,321.4622530255001,326.5329247882443,37.82475146561339,-5.070671762744212,-2.864523149523864,-2.2061486132203476,353.49990371013865,304.373442237127,0.1533781173604702,10.883163151730681,681575700.0,42.90439553357471,30.075477173697408,0.015540602715294893,0.015421084218122875,0.022268418741085618,0.03385897900933088
2021-12-08,327.98614501953125,330.15909535727707,320.55447439589165,322.46943949245696,19937700,328.698046875,328.36655395507813,322.4659287168895,326.6405707313026,44.21924368619927,-4.174642014413109,-3.1265469225017135,-1.0480950919113958,353.1975869859795,304.19850676402046,0.14939375021173898,11.077360146974437,701513400.0,57.16920982740076,44.62853872598779,0.02400816047070964,0.023724495795239442,0.02293493928464945,0.03357931416289439
2021-12-09,327.2519226074219,333.51278849439655,325.44608644592824,326.97410398872734,16879200,328.806201171875,328.17227844238283,323.2022354692791,326.68585605545957,44.90056753153213,-3.48362058618045,-3.197961655237461,-0.2856589309429891,353.25770588023613,304.35469646351385,0.1494353616842989,11.146106507918773,684634200.0,55.80719199603059,51.96026578566869,-0.0022385775230403526,-0.0022410868833348304,0.022320561949106286,0.015402310705634026
2021-12-10,327.1824035644531,332.42128966430977,323.82871706978085,329.9705210935841,14528000,328.9059143066406,327.98097839355466,323.8145690223828,326.72263735242205,40.33321401532421,-2.9080683300392707,-3.139982990197823,0.23191466015855244,353.31151718371973,304.5003114295615,0.14918652477147254,10.809461432399084,670106200.0,55.678230833062,56.21821088549779,-0.00021243280227312145,-0.00021245536931690574,0.022321183924640674,0.012251899592887527
2021-12-13,331.88555908203125,338.43417572097843,327.02371788704136,328.3731442981991,22948700,328.5884078979492,327.8119055175781,325.05625980079026,327.10507599905975,45.96936700636148,-2.048816198269492,-2.921749631812157,0.8729334335426651,352.64569176849176,304.53112402740663,0.1449733693570945,10.680475417790145,693054900.0,82.75778779698165,64.74773687535809,0.014374720236602245,0.014272383487890429,0.020593879876258485,-0.02702628892493819
2021-12-14,331.1413269042969,333.0860871840918,325.09875026625247,325.4956296139819,20461000,327.9027847290039,327.9609344482422,325.9924239705605,327.4040575475958,47.746236147865645,-1.4116335770353317,-2.619726420856792,1.2080928438214604,350.7599128722787,305.0456565857291,0.1380505922166624,10.691107977944338,672593900.0,80.98373044920567,73.13991635974976,-0.0022424361571887763,-0.002244954182192803,0.020031517933763607,0.0013785109151467356
2021-12-15,338.99969482421875,339.44617276651826,321.4573660255817,329.9010829872585,24681300,327.8382904052734,328.1335797119141,327.993542563431,328.2629936421605,50.36590937726542,-0.269451078729503,-2.1496713524313344,1.8802202737018314,350.55510519355465,305.1214756169922,0.13402262677587695,11.340297134922192,697275200.0,98.94395261152724,87.56182361923818,0.02373116032778655,0.02345395340559131,0.020621027948989703,-0.03281029698221394
2021-12-16,332.2923583984375,341.7779188431185,331.1413868855736,336.3406072064359,22635000,327.5470764160156,328.15858337402346,328.6548988457397,328.5614651055884,51.101483900576234,0.09343374015128347,-1.7010503339148109,1.7944840740660943,349.8547485868131,305.2394042452181,0.134265333565386,11.450856114710726,674640200.0,78.7366743560095,86.22145247224746,-0.0197856709849229,-0.01998402815294166,0.021053048031070835,0.0010151943012461917
2021-12-17,331.1910095214844,334.4851358944469,328.1746714850775,330.20869739741596,40012600,327.3039855957031,328.24927185058596,329.0450697189312,328.75624617343254,47.246772307517496,0.2888235454986443,-1.3030755580321198,1.5918991035307641,349.32551448646456,305.2824567049417,0.13298385679356972,11.366516164405441,634627600.0,76.26783343170119,84.64948679974599,-0.0033143972442259972,-0.0033199020254923036,0.02102428230003996,0.03711902556349633
2021-12-20,322.9159240722656,327.3312563674149,320.0186470744069,327.2121955817415,17901800,326.3192138671875,328.1579876708984,328.1021242348288,328.3236297214942,50.68972831134347,-0.22150548666542136,-1.08676154375878,0.8652560570933587,347.1899722926326,305.4484554417424,0.1292643494457983,11.129801716915734,616725800.0,57.71797149721719,70.90749309497596,-0.024985839625220718,-0.025303284628442235,0.02114702574061263,0.0638193251893504
2021-12-21,331.5978088378906,333.3837812684171,321.2291642430061,323.86845614497594,16116800,325.9813659667969,328.3316253662109,328.6399218660691,328.566161507894,67.70174154146568,0.07376035817509319,-0.8546571633720055,0.9284175215470987,346.241629654192,305.72110227940175,0.12219781402294998,10.565658196053107,632842600.0,77.17973593720231,70.38851362204024,0.026885898521628926,0.02653082304254922,0.022009052592437333,0.026151970260442026
2021-12-22,327.87701416015625,331.90539917403015,325.7040638349438,331.2009056779404,16764600,325.6440155029297,328.4641864013672,328.5225514497748,328.5151135562097,64.28769213030245,0.007437893565111153,-0.6822381519845822,0.6896760455496933,345.51938348734626,305.7686475185131,0.12123672673625224,10.484155372872408,616078000.0,68.83900906711884,67.91223883384612,-0.01122080598413533,-0.01128423415071166,0.022013866606513683,0.04209403423755709
2021-12-23,332.62969970703125,334.0485882622083,325.80326484001887,327.52973720926553,13987700,325.35527954101565,328.67651916503905,329.15442041242966,328.8198977155298,69.87677408697535,0.33452269689985314,-0.4788859822076951,0.8134086791075483,344.6081574837729,306.1024015982584,0.115761628980903,10.06317538478485,630065700.0,75.81317713270656,73.94397404567589,0.01449533008298487,0.014391277102102636,0.02211762544486745,0.003311035899449699
2021-12-27,343.4844970703125,345.1613404781223,335.3781289082556,336.2115846993633,17795000,326.0031936645508,329.0267700195312,331.35904759056547,329.9061643344026,69.83874018630137,1.4528832561628633,-0.09253213453358347,1.5454153906964467,346.79910582732543,305.20728150177615,0.12108792297847226,9.983087490898535,647860700.0,93.71045991972792,79.45421537318445,0.032633277704431585,0.03211212004507073,0.02263126470803863,-0.022069336223823455
2021-12-28,343.5242004394531,349.9636571382656,342.51215344868643,343.9310116569067,16637600,326.40950469970704,329.45262817382815,333.2306095673174,330.9149077495915,67.6147240664987,2.3157018177258806,0.38911465591830935,1.9265871618075712,348.26864332897634,304.55036607043775,0.1272640390476479,9.900880951286288,664498300.0,78.49572704812894,82.67312136685446,0.00011558998871641357,0.00011558330870842424,0.022439178645760033,-0.02798811115362443
2021-12-29,340.2697448730469,346.9671868790593,338.97987926535325,344.20883419741097,10747000,327.32631225585936,329.60344482421874,334.31355346050657,331.6078586476253,59.98705804099283,2.7056948128812905,0.8524306873109057,1.853264125570385,349.92075022814885,304.7318742835699,0.13280309702950152,9.766925915054653,653751300.0,67.62762061117222,79.94460252634303,-0.009473730125106106,-0.009518891362928257,0.020403500289204922,-0.054732667626849585
2021-12-30,341.6786804199219,344.52635905092467,340.54757259642133,341.3214980377505,10593300,329.0011703491211,329.69016357421873,335.44664991580123,332.3538454455732,61.602238677077295,3.0928044702280317,1.300505443894331,1.7922990263337006,350.56273621844855,307.4396044797936,0.12620960630513078,9.494776781441045,664344600.0,72.3326968286233,72.81868149597481,0.00414064302837347,0.004132094156455701,0.017341612461255932,-0.03455694991669889
2021-12-31,333.7310485839844,340.7658393357724,333.6516545396448,340.34909630287945,12870500,330.2890625,329.60225280761716,335.18271124936786,332.45586049286294,54.674237119487955,2.7268507565049163,1.5857745064164483,1.141076250088468,349.5124224909346,311.0657025090654,0.11520270632594146,9.454380587565911,651474100.0,45.79194156180754,61.917419667201024,-0.023260543579043058,-0.02353533965760472,0.01845197642602777,-0.013557158074669062
2022-01-03,335.9040222167969,338.4242231212458,334.564527714693,335.6658703471166,14537900,331.8617233276367,329.5359741210938,335.2936821674339,332.711279879821,52.975747366533405,2.582402287612865,1.7851000626557318,0.7973022249571333,346.8687425210943,316.8547041341791,0.08935301872492543,8.974574637803366,666012000.0,53.04848823888661,57.05770887643914,0.0065111521449154885,0.006490046160433783,0.018084999756183835,-0.030927137270129523
2022-01-04,333.90960693359375,340.41852505150547,329.28588840398794,337.30299041650676,15998000,332.78745422363284,329.77251708984375,335.08074751607387,332.80004484676715,52.01269685810591,2.28070266930672,1.8842205839859296,0.39648208532079043,345.64825884409146,319.9266496031742,0.0770316537973483,9.19923890420895,650014000.0,46.38822905418984,48.409552951628,-0.005937455794786217,-0.005955152569424841,0.016694407714843658,-0.006418286257431571
2022-01-05,321.6458740234375,333.1456252268606,321.3184266010709,330.426939558543,20564500,332.8549270629883,329.6828204345703,333.0138439018221,331.97380997096496,38.14237407854041,1.0400339308571347,1.7153832533601707,-0.675349322503036,345.45124361911155,320.258610506865,0.07832412956869086,8.813694160750828,629449500.0,5.43405043279718,34.956922575291216,-0.03672770311336149,-0.037419148184322466,0.018607520352798758,0.028040952240350192
2022-01-06,329.8713073730469,336.5290820753032,320.20715711438896,320.30638452508464,27962800,332.9491851806641,330.01322570800784,332.53037674354897,331.81806903778585,48.37935109400629,0.7123077057631235,1.5147681438407614,-0.8024604380776379,345.4196843664467,320.47868599488146,0.07560826847956134,9.219793660991494,657412300.0,32.90251122741265,28.24159690479989,0.025572948431510145,0.025251430502075938,0.01871510076459569,-0.01798713931611917
2022-01-07,329.20660400390625,334.37602909098933,326.31925839804165,330.1491888852964,14722000,333.04691925048826,330.4015789794922,332.01902709129627,331.6246271834244,48.663830134817175,0.3943999078718434,1.290694496646978,-0.8962945887751346,345.3590483689884,320.7347901319881,0.0747987978901787,9.344529824104228,642690300.0,30.682764539397105,23.006442066535644,-0.002015038453735296,-0.002017071375122564,0.018713475353769254,0.0003314965679537263
2022-01-10,325.5154724121094,325.7833591416775,312.9738799235406,322.77695361227416,24942400,332.9635726928711,330.62284118652343,331.0184802175752,331.172097200364,51.865527480386625,-0.15361698278883296,1.001832200759816,-1.155449183548649,345.46398700659165,320.4631583791505,0.0768038104062518,9.705984226481954,617747900.0,33.905563732990316,32.49694649993336,-0.011212203968280932,-0.011275534555807678,0.01889516869348603,-0.03023731047070677
2022-01-11,331.7664794921875,332.0244647355846,322.7472608791002,324.235581381853,16226800,332.9576187133789,330.8371594238281,331.13355702905403,331.2161255182769,50.125419852239595,-0.08256848922286508,0.7849520627632798,-0.8675205519861449,345.46030819548395,320.45492923127387,0.07537042018977964,9.500454714415765,633974700.0,50.80484659058134,38.464391620989595,0.01920341000615844,0.019021351597588682,0.019119184814812038,-0.04420243569228555
2022-01-12,330.6651306152344,333.7509005316702,327.4602696256606,332.57016386603556,14104900,332.9338088989258,330.9022485351563,331.06149142692794,331.1753110810145,52.1572183031325,-0.11381965408656924,0.60519771939331,-0.7190173734798793,345.4528651771074,320.4147526207442,0.07572045020222541,9.506832969195996,619869800.0,47.827405362617085,44.17927189539625,-0.003319650853934597,-0.0033251731195466584,0.01912781148780633,-0.05011114202876077
2022-01-13,323.9378662109375,333.01661345097716,323.2234712977567,332.37168074823325,14797100,332.1807174682617,330.87049682617186,329.9655490860063,330.6392040536014,43.47435786074673,-0.6736549675950982,0.3494271819956284,-1.0230821495907265,344.97250131724206,319.3889336192814,0.07897677414872371,9.617391449983927,605072700.0,29.6405848120002,42.75761225506621,-0.020344644117086474,-0.020554446841109807,0.01879833207559039,-0.07139798070542291
2022-01-14,329.31573486328125,330.1392892257927,318.7089675405318,319.2844684675813,16868500,332.0318862915039,330.8760546875,329.86557766712554,330.5411692987629,38.40917714318939,-0.67559163163736,0.1444234192690307,-0.8200150509063907,344.88730811660787,319.1764644663999,0.07807353529852458,9.53872580099606,621941200.0,44.17938189904382,40.5491240245537,0.016601543731975532,0.016465244553981465,0.01875756028181849,-0.06987051638686914
2022-01-18,315.6727600097656,321.6855721790978,315.1667516493473,320.7727525971954,22645600,331.25597381591797,330.5248107910156,327.68206725830095,329.4398056477261,31.36376110681408,-1.7577383894251284,-0.23600894246980114,-1.5217294469553273,346.05189800217204,316.4600496296639,0.09374216632310209,10.01711719559283,599295600.0,7.939445519899531,27.25313741031452,-0.04142825079153789,-0.04231086357710896,0.020896000554359064,-0.056576950908089896
2022-01-19,317.1015930175781,324.5531280704446,316.8436077495016,317.0916611903564,20814700,330.9652572631836,330.09736572265626,326.05430199049744,328.5258639714188,34.10925470201836,-2.471561980921365,-0.6831195501601139,-1.788442430761251,346.6527766959092,315.277737830458,0.0989431764340331,10.080907227519466,620110300.0,13.08205633301346,21.733627917318938,0.004526310752211549,0.004516097814056953,0.020232886195927405,-0.0781000665493512
2022-01-20,314.0951232910156,325.2674577074556,313.5196527472708,321.3779672147133,16925000,330.09012298583986,329.6596014404297,324.2144283444233,327.45692021731486,31.48649899165676,-3.2424918728915486,-1.1949940147064009,-2.0474978581851477,347.4885552319043,312.6916907397754,0.11078447868765172,10.615992283398539,603185300.0,4.034416396496289,8.351972749803094,-0.009481093103167804,-0.009526324790644155,0.019231414059789745,-0.06924440082162642
2022-01-21,300.8093566894531,315.8314521638722,300.68036409970733,312.3587051843493,28710700,328.7367401123047,329.020615234375,320.6136480898125,325.48302662265843,29.38113866544292,-4.8693785328459285,-1.9298709183343066,-2.939507614511622,350.51883503900973,306.95464518559965,0.14482325394679957,11.124853867961955,574474600.0,0.32460633973225944,5.8136930230806705,-0.042298544664932436,-0.04321918284094561,0.021132102289192475,-0.004815702591103199
2022-01-24,306.3062744140625,307.1198968928485,286.7596832302792,295.5209166368451,38878100,327.4205688476562,328.6449639892578,318.41251367815863,324.06252645905874,32.203879965968284,-5.650012780900113,-2.673899290847468,-2.976113490052645,351.2930718725836,303.54806582272886,0.15587341833329016,12.243928091198228,613352700.0,36.427530897036256,13.595517877754935,0.01827375911808571,0.01810880055979112,0.021322980318989306,0.014738801583414451
2022-01-25,297.8129577636719,303.845634457327,295.2629611011237,297.61453317714614,25108500,325.1369918823242,328.09746032714844,315.24335122977607,322.1181139631042,29.869534859504583,-6.874762733328112,-3.514071979343597,-3.360690753984515,351.17855490531906,299.09542885932933,0.1748853590424365,12.237547853014032,588244200.0,22.208977383048463,19.65370487327233,-0.027728183716241528,-0.02811986723299191,0.020118240615494054,0.06280188979411783
2022-01-26,292.3359375,305.11565524775347,288.5853707940254,304.61954838040253,28348800,322.57757873535155,327.17946533203127,311.7191337328874,319.9120268176891,32.31572543006118,-8.192893084801653,-4.449836200435208,-3.743056884366445,350.9661683229186,294.1889891477845,0.1942189511856853,12.518912433100118,559895400.0,11.204182487661807,23.280230255915512,-0.01839080577554364,-0.018562019059969338,0.02020331263420343,0.09629006988428346
2022-01-27,292.3457946777344,299.3607209780765,291.96874871003104,295.43156407033877,21629900,320.18138122558594,326.1293054199219,308.7386200320947,317.87008369621094,24.867206420771524,-9.131463664116268,-5.38616169317142,-3.7453019709448476,350.3185932773795,290.0441691737924,0.20617510222792917,11.881058669323775,581525300.0,11.73149964862619,15.048219839778824,3.371866565116122e-05,3.371809718973304e-05,0.020274560734827064,-0.19304898008651106
2022-01-28,299.3607482910156,299.54927129206766,290.7483417543587,293.31817127191175,21871600,318.06548461914065,325.31072875976565,307.2958705334671,316.49902181434464,31.57770809249287,-9.203151280877535,-6.149559610712643,-3.0535916701648915,347.78706769616815,288.34390154211314,0.19856700149703296,11.934212872521007,603396900.0,26.81578768144669,16.583823272578233,0.023995397713909794,0.02371203218720614,0.0213263416944825,-0.21417911885606666
2022-01-31,310.82086181640625,311.34673384669173,296.9894009293225,298.3387969768634,21579500,316.9199752807617,324.7648132324219,307.8381768846885,316.07841737005293,41.72355743038066,-8.240240485364438,-6.567695785643003,-1.6725446997214357,345.8549303213463,287.98502024017716,0.18618412465296924,11.800256360878405,624976400.0,51.20356519238918,29.91695084082069,0.0382819510935013,0.03756737704365974,0.02312521493343645,-0.28203413890535645
2022-02-01,316.51617431640625,317.17103900031117,309.6897391289893,312.11074301010717,18023800,315.95058288574216,324.3740802001953,309.17325341264507,316.11084381052353,41.35646798350715,-6.937590397878466,-6.641674708090096,-0.29591568978837035,343.4721525894523,288.429013182032,0.17390308576267666,11.671977504795368,643000200.0,63.32351616822869,47.11428968068819,0.01832345636878152,0.018157604761552534,0.023536015659202478,-0.3097806876893271
2022-02-02,320.4849853515625,325.4460532362616,314.4027112801285,325.2674620596017,58458300,315.27935180664065,323.931552734375,310.9135198647862,316.43485429504494,44.411762826755485,-5.521334430258719,-6.417606652523821,0.8962722222651021,341.58463657798217,288.97406703529913,0.1641592334972286,12.011456865518474,701458500.0,72.90864733056497,62.47857623039428,0.012539046523381892,0.012461083722504863,0.023763911514898175,-0.2817337215135295
2022-02-03,235.9087371826172,246.06901149472793,233.9143929833956,242.7450893560449,188119900,310.9924949645996,321.8826321411133,299.3743225290679,310.4699567311614,23.94577541766182,-11.095634202093493,-7.353212162437756,-3.742422039655737,354.9505301243591,267.0344598048401,0.3726698356723562,17.495560452300364,513338600.0,2.0725864896512554,46.10158332948165,-0.26390081293876433,-0.30639040430439873,0.06309369268080145,-0.0407554340848284
2022-02-04,235.24392700195312,240.72095050433083,228.3182800713967,233.14043894132064,89342200,306.2611259460449,319.89503021240233,289.50810783258873,304.89765823270153,21.358238029163687,-15.389550400112796,-8.960479809972764,-6.429070590140032,360.76788264242066,251.75436924966917,0.4634062812250469,17.56501393427702,423996400.0,7.130449617875516,27.37056114603058,-0.002818082062596261,-0.0028220603316690194,0.06249341265990699,-0.07398028117890532
2022-02-07,223.1587677001953,236.44450739450184,222.26576636304068,235.8491731697321,88613800,300.9587341308594,317.5901171875,279.3005170429897,298.84292560066405,21.562784083163734,-19.54240855767432,-11.076865559513076,-8.465542998161245,365.7326499334134,236.18481832830537,0.5805186726033111,17.56713949267182,335382600.0,0.8654766954110314,3.3561709343126007,-0.05137288539507112,-0.05273948213425253,0.06294496856132223,-0.03205730925399797
2022-02-08,218.465576171875,224.01206152431283,214.4669567033592,219.1303725857273,94729700,295.60623931884766,315.3489044189453,269.94129537051055,292.88904786519817,20.27745535292769,-22.94775249468762,-13.451042946547986,-9.496709548139634,368.95973024953486,222.25274838816046,0.671533632126805,17.614620689834297,240652900.0,3.603038403988354,3.8663215724249667,-0.021030728824535494,-0.021255024916185736,0.06293552804171232,0.0037242201076175263
2022-02-09,230.1935577392578,231.55288554145955,220.47979314969592,222.45428854589056,86563300,290.5275932312012,313.24481597900393,263.8262588118563,288.2449374854989,25.98001000505802,-24.418678673642603,-15.64457009196691,-8.774108581675693,367.32382740563696,213.73135905676546,0.667231828107227,17.71029957621999,327216200.0,14.170777675320494,6.213097591573292,0.05368343046483437,0.05229205440227077,0.06444842302143787,-0.0666378982053849
2022-02-10,226.29417419433594,233.1702075147075,224.93483120002207,226.49261389613994,49310400,285.3090454101563,311.33202758789065,258.0520919476224,283.65599205652387,27.45558658544273,-25.603900108901485,-17.636436095353826,-7.967464013547659,364.75997420169364,205.8581166186189,0.7021915528705289,17.21632016554289,277905800.0,10.657157843561752,9.476991307623534,-0.016939585899874432,-0.017084701822041186,0.06438161194473094,-0.08927086666151962
2022-02-11,217.84051513671875,228.62587292741537,217.06658968226097,226.6811426049242,46156900,280.0041778564453,309.52520751953125,251.86569551517567,278.7807715439457,23.70531002970762,-26.915076028770045,-19.49216408203707,-7.422911946732974,362.69717035950885,197.3111853533818,0.7592067293006962,16.587682278584687,231748900.0,3.0398142882060606,9.289249935696102,-0.03735694516977439,-0.038072595469263774,0.06454761615332141,-0.060988431534121035
2022-02-14,216.00489807128906,219.27920598503405,213.1076361709991,217.60236257569318,38184000,274.3386360168457,307.6858413696289,246.34864975457774,274.13070684226744,24.68216545948404,-27.782057087689708,-21.150142683167598,-6.63191440452211,358.3228866270339,190.35438540665757,0.7776143167130447,16.239700600091556,193564900.0,2.5790481795564504,5.4253401037747535,-0.008426426389405273,-0.0084621294277439,0.06409630349981864,-0.0717500028432978
2022-02-15,219.27919006347656,219.42801603694065,213.38543927466827,218.75331810393428,42685500,269.5189575195312,305.9824090576172,242.18411749440833,270.06763152532,27.077991034771784,-27.88351403091167,-22.496816952716415,-5.386697078195255,354.57235242837163,184.46556261069082,0.7757543694339558,15.490578622130434,236250400.0,5.493716267015941,3.7041929115928167,0.015158415486980603,0.015044674686822544,0.06428310839100199,-0.1020360830499264
2022-02-16,214.85394287109375,215.76679277675476,210.70649697006257,210.7561106818888,45817500,264.40657501220704,303.9715881347656,237.9794752446676,265.977728662044,26.34194602959124,-27.99825341737639,-23.59710424564841,-4.40114917172798,349.7088949149671,179.10425510944697,0.7940493785021114,15.574915823942474,190432900.0,3.6146609207489324,3.8958084557737735,-0.020180880780806376,-0.02038729657838148,0.06411018496762186,-0.04128568332127425
2022-02-17,206.0926971435547,215.8064617968669,205.54697662595777,212.35356264731095,38747500,259.006453704834,301.68751373291013,233.07381707526562,261.5418004014152,21.82592832195013,-28.46798332614955,-24.571280061748638,-3.8967032644009123,344.7375360472419,173.27537136242603,0.8319662319979404,15.679098369171058,151685400.0,0.4551498919095678,3.18784235989148,-0.04077768185429842,-0.0416324080815282,0.06429914082635342,0.0133358842056015
2022-02-18,204.5547637939453,209.10902068196484,203.5823835443195,207.75960955144294,37128400,254.1937240600586,299.21888610839846,228.68627041660096,257.32053843049147,15.852553152443676,-28.634268013890505,-25.383877652177013,-3.2503903617134924,340.84595612854264,167.54149199157456,0.8472277101869078,15.048334384905067,114557000.0,0.7979246415899874,1.6225784847494953,-0.0074623379232992,-0.007490320463971876,0.06409336938623288,0.023622263393760612
2022-02-22,200.5065460205078,205.8644939367054,198.5022701102353,200.76451613173913,39852400,248.90373764038085,296.68397857666014,224.3509282018174,253.11209454827045,12.322743159141396,-28.761166346453052,-26.05933539103222,-2.7018309554208315,335.0771372931907,162.73033798757103,0.8595569707135248,15.039828953129941,74704600.0,1.5788688984217105,0.9439811439737547,-0.019790386194649567,-0.019988838550961893,0.0635598366040109,0.006977414761517586
2022-02-23,196.90480041503906,205.3286999507496,196.50792100175778,202.57034715050102,44481400,243.85832977294922,294.0784265136719,220.1284470038515,248.9485912791422,9.768076134524534,-28.820144275290687,-26.611497167883915,-2.2086471074067724,329.79032881895773,157.92633072694068,0.8728278728083795,14.881074452619853,30223200.0,0.8007882984930881,1.0591939461682613,-0.017963232008895935,-0.018126529382468847,0.06352439536503288,0.04867714018672609
2022-02-24,205.98355102539062,206.72771123120492,188.73887367786082,189.5723294747781,49957200,239.54071044921875,291.56038635253907,217.95230916101139,245.7659957047902,30.838618271860994,-27.81368654377883,-26.8519350430629,-0.9617515007159305,323.8796867256597,155.20173417277778,0.8188904002926418,9.98237768013251,80180400.0,33.17427544260183,11.851310879838877,0.04610730968069454,0.04507595089760035,0.06513208068129495,-0.022302501055977753
2022-02-25,208.84112548828125,209.6745964633609,201.59796279185824,203.3442685110929,37627600,235.3654769897461,289.11438232421875,216.55058859597597,243.03082013319695,33.5558034849669,-26.480231537220988,-26.777594341894517,0.29736280467352927,316.9194435905216,153.8115103889706,0.7810144329580504,9.673375054315978,117808000.0,42.13810873868936,25.37105749326143,0.0138728284305496,0.013777481554813864,0.06537321197576769,-0.049505896711326325
2022-02-28,209.38681030273438,211.4902980438754,205.21951669821993,206.06288907557544,34239800,230.86678009033204,286.5221246337891,215.44846885855418,240.5386712568664,39.98265029943886,-25.090202398312215,-26.440115953178058,1.349913554865843,307.324151594882,154.4094085857821,0.7302978768720609,9.108520791044143,152047800.0,46.47156599040835,40.59465005723318,0.0026129183760013053,0.002609510639582144,0.06488694804240913,-0.11164285421749909
2022-03-01,201.9055633544922,210.10124274506424,200.64544776565825,208.2358762173396,27094900,225.42101516723633,283.91438873291014,213.36494493485233,237.67695956039424,38.42419848483075,-24.312014625541906,-26.01449568765083,1.702481062108923,292.88669556656487,157.9553347679078,0.6682894644252753,9.102141516647881,124952900.0,29.633793405085576,39.4144893780611,-0.035729313309781574,-0.036383228465416154,0.06376675846510416,-0.064868244856082
2022-03-02,206.48956298828125,207.52145842115084,200.4469860879729,203.18549004210848,29452100,219.91968460083007,281.4203598022461,212.30719386614908,235.366782036534,31.59187478235367,-23.059588170384927,-25.42351418419765,2.3639260138127227,272.38514141107095,167.45422779058916,0.5081657014618064,8.672653156904554,154405000.0,39.95083599155955,38.68539846235116,0.02270368165012271,0.022449788755024028,0.06390932043425815,-0.046177498614446755
2022-03-03,201.3896026611328,207.45202857519675,199.85166849923849,207.39249817950693,27263500,213.96491546630858,278.9898333740234,210.62756444999272,232.84995393465243,31.01356616890945,-22.222389484659715,-24.783289244290064,2.560899759630349,237.34175269624936,190.5880782363678,0.23215535381213986,8.627294854138327,127141500.0,31.71642194441615,33.767017113687096,-0.02469839275817476,-0.02500851505943181,0.06348765183180002,-0.03823221060276916
2022-03-04,198.50225830078125,204.2868656360038,197.2421427393917,200.7942693856852,32130900,212.0945915222168,276.32792236328123,208.76213273472942,230.30568018399532,33.889849882622016,-21.5435474492659,-24.13534088528523,2.59179343601933,234.0196489806617,190.1695340637719,0.2209048667368095,8.304826257813875,95010600.0,31.8138073340901,34.493688423355266,-0.014337107388855297,-0.014440876742051526,0.027501597846833103,-0.06223132153292743
2022-03-07,186.01026916503906,199.32577274078756,185.82174617449198,199.22654533313855,38560600,209.6329086303711,273.4905874633789,205.26184603170014,227.0245386270356,28.77995721153681,-21.762692595335466,-23.66081122729528,1.8981186319598145,231.66955835721018,187.59625890353203,0.23694014127023152,8.828573168689633,56450000.0,0.560975649225888,21.363734975910713,-0.06293121923486455,-0.0649985941387814,0.030045404946140778,-0.004480668304626345
2022-03-08,188.8083038330078,195.16839612218251,184.66085859156553,186.3873155646888,37508100,207.9153854370117,270.6141595458984,202.73053184728593,224.19370642007058,28.296772561174635,-21.463174572784652,-23.221283896393157,1.7581093236085046,230.8495417895659,184.9812290844575,0.24293588668471272,9.147498937857106,93958100.0,13.316310536580566,15.230364506632185,0.015042366642059823,0.014930352156687891,0.02902970766819848,0.009144041401868641
2022-03-09,196.9543914794922,197.54972567093753,192.41005156205978,194.2158875067939,31894700,206.83982620239257,267.68355743408205,201.84189486762534,222.17597938743515,37.892589161078966,-20.334084519809807,-22.64384402107649,2.309759501266683,229.70825567815413,183.971396726631,0.23222055932825167,9.1595509910368,125852800.0,39.47116646448329,17.78281755009658,0.04314475307023158,0.04223995169108176,0.030985417272237595,0.0258439154039678
2022-03-10,193.69003295898438,194.7516936899463,189.5822690603511,193.32290361390366,24853000,205.0146499633789,264.68687408447266,200.58776226629595,220.065909281624,40.93676302331435,-19.478147015328034,-22.0107046199268,2.5325576045987646,225.7636714309672,184.2656284957906,0.21424975927369583,8.95331079448194,100999800.0,33.65398066974873,28.813819223604195,-0.016574184997787733,-0.01671307358393358,0.027839302719547578,0.06469957073092347
2022-03-11,186.14920043945312,192.0528685324607,185.2165172013014,191.14003380617865,34694500,203.00740127563478,261.6044631958008,198.3664450621663,217.55356047850023,37.634962149289024,-19.18711541633394,-21.445986779208226,2.258871362874288,222.83553161030636,183.1792709409632,0.21303481602781185,9.16380212448463,66305300.0,5.547420588036116,26.224189240756044,-0.03893247579305281,-0.0397106079569224,0.02862486362826207,0.1539363910280067
2022-03-14,185.17681884765625,190.79273600899157,184.3731282981707,185.57369820987867,31010500,201.37421646118165,258.4744259643555,196.3372717983955,215.15528332065995,39.2573727043606,-18.81801152226444,-20.92039172781947,2.102380205555029,221.43752481429885,181.31090810806444,0.21669352004176246,9.096472401938254,35294800.0,2.9637700283349173,14.055057095373252,-0.005223667840105195,-0.005237358892108435,0.02786030563781242,0.133204809460447
2022-03-15,190.53477478027344,190.7828281781689,184.46243244458515,189.3143563018215,31721700,200.10071029663087,255.61050048828125,195.44457994945364,213.33154194729798,45.64330689774892,-17.886961997844338,-20.313705781824446,2.4267437839801076,219.47539762122616,180.72602297203557,0.203371666373641,8.917873600837677,67016500.0,22.72230671437049,10.41116577691384,0.02893426923499076,0.028523576517137796,0.029038019898787036,0.12820913651256705
2022-03-16,202.04446411132812,202.14367638925566,193.00539743531633,193.18398861957286,40640300,199.23897399902344,252.93330932617187,196.45994674358818,212.4954621075965,47.3926157828227,-16.03551536400832,-19.45806769826122,3.4225523342529023,216.43236453566033,182.04558346238656,0.17019412644895024,8.462163890526114,107656800.0,65.16659363134623,30.284223458017212,0.060407289663148234,0.05865306985567962,0.03233650161662103,0.04827392349899773
2022-03-17,206.22169494628906,206.42013466134534,199.54410088177565,200.1295033401846,29499700,198.8073616027832,250.37955108642578,197.9617541593883,212.03073861416632,48.29590180516027,-14.068984454778018,-18.38025104956458,4.311266594786563,214.73724464282782,182.8774785627386,0.15449279518523587,8.376406755388045,137156500.0,80.57096980326793,56.15329004966154,0.020674809643184577,0.020463986631427414,0.032523110360526936,0.05643759556550165
2022-03-18,214.80433654785156,215.11192035410394,204.39601000543493,205.09055652600136,52128000,199.24294357299806,248.24272033691406,200.55292068069033,212.23619031295783,53.19076848146932,-11.683269632267496,-17.040854766105166,5.35758513383767,216.43779001834864,182.04809712764748,0.16009775893439762,8.69391596988901,189284500.0,98.99936273786332,81.57897539082582,0.04161851935024519,0.04077577202824759,0.032510640964717584,0.024620141606944035
2022-03-21,209.84326171875,213.03819075246523,206.01331658056841,212.82981923288457,30142300,199.5073684692383,245.84215942382812,201.9822039173149,212.0589363430165,54.81810931310726,-10.076732425701607,-15.648030298024455,5.571297872322848,217.2015598178886,181.81317712058797,0.1686419778621779,8.646432040451666,159142200.0,82.8599034516531,87.47674533092811,-0.0230957852566277,-0.023366671926392746,0.0329496248053249,0.05721302520715099
2022-03-22,214.96307373046875,217.75120670745483,208.54345042733235,209.72418705211007,31998800,200.23019485473634,243.55728881835938,203.97926081164627,212.27405763097593,55.11010296204806,-8.294796819329662,-14.177383602285497,5.882586782955835,219.22926322643477,181.2311264830379,0.176765879292556,8.798809465233418,191141000.0,91.64681398457311,91.16869339136316,0.02439826740103168,0.024105384011298803,0.03290774714864986,0.06097387672471677
2022-03-23,211.79794311523438,215.11193324044734,210.50806227692397,211.66895048940947,23717300,200.9748519897461,241.28293823242188,205.18213501219827,212.23878988906915,56.42691974846146,-7.05665487687088,-12.753237857202574,5.696582980331694,220.58283163219363,181.36687234729857,0.18515741327836488,8.584774528630927,167423700.0,82.16415121313217,85.5569562164528,-0.01472406660505321,-0.01483354161430838,0.0328017561139025,0.06741301937481592
2022-03-24,217.8603515625,218.95177745927012,213.1175565355208,213.325928057074,31502300,201.56869201660157,239.00481567382812,207.13262986609084,212.65520186487885,61.502185913903325,-5.52257199878801,-11.307104685519661,5.7845326867316516,222.4907338919989,180.64665014120425,0.19206837522609238,8.592568203446902,198926000.0,96.84364217742088,90.21820245837539,0.028623547321076748,0.028221546689566626,0.03184409135038113,0.01270667200086062
2022-03-25,220.0928497314453,223.74418887246208,217.18565572386078,218.79303706963668,40039000,202.13127822875975,236.79337005615236,209.12650984537615,213.20613874388377,73.06301088308852,-4.079628898507622,-9.861609528117254,5.781980629609633,224.43611503082735,179.82644142669216,0.20268570132363406,8.096461530754453,238965000.0,90.72582986421178,89.91120775158828,0.010247381650372756,0.010195233189244472,0.03179094867367118,0.013659521055351842
2022-03-28,221.84902954101562,222.29552262165006,217.83056153535037,220.40040620029254,26224100,202.75438919067383,234.7515933227539,211.08382056778223,213.84635287700465,72.6777659293299,-2.762532309222422,-8.441794084338289,5.679261775115867,226.55856358514325,178.95021479620442,0.2145979582936916,7.664848927588933,265189100.0,95.18641533970812,94.25196246044692,0.00797926789404202,0.007947601872227095,0.03180919044611156,0.04606654415562783
2022-03-29,228.07020568847656,229.09218442696672,223.5357825280101,224.30972302063074,31417900,204.06262130737304,232.72668273925783,213.6971105863506,214.89997160378036,71.93622076215411,-1.2028610174297683,-6.994007470956586,5.791146453526817,230.4103947979977,177.71484781674837,0.23104967534964524,7.55782985959046,296607000.0,97.71466835855415,94.54230452082469,0.028042386123265706,0.02765639782039077,0.030865139845468684,0.008614012529363224
2022-03-30,226.0758819580078,229.35017482946435,224.94475902387336,227.12762598483724,25588000,205.04193725585938,230.93474517822267,215.60153695122094,215.72781681520462,73.24788088961486,-0.12627986398368307,-5.620461949562006,5.4941820855783225,233.16567494111882,176.91819957059994,0.2487990973799076,7.345922244336882,271019000.0,92.72008029672294,95.20705466499506,-0.00874434135071911,-0.008782797449846554,0.030800674243070942,-0.01996914304558639
2022-03-31,220.62863159179688,226.71090621508176,220.5294041691088,226.6712091900149,24192300,206.00388870239257,229.00528594970703,216.37493612669417,216.09084013198924,75.51773014762688,0.2840959947049271,-4.439550360708619,4.723646355413546,234.9069405617213,177.10083684306383,0.2620063556647049,7.1822069792147385,246826700.0,80.6089018486232,90.3478835013001,-0.02409478763958872,-0.02438981576853498,0.03077033090634421,0.002653273871891848
2022-04-01,223.09921264648438,225.51028419635097,220.96594452683215,222.80154556700074,19544800,207.23373641967774,227.1853677368164,217.40944020666188,216.60997883676666,77.4569344985978,0.7994613698952264,-3.3917480145878502,4.191209384483077,236.87655951890127,177.5909133204542,0.26573668949871704,7.072353043052827,266371500.0,86.07423351737467,86.46773855424027,0.011197916774730032,0.011135684256761452,0.03045287834003865,-0.011207281566346539
2022-04-04,232.06884765625,232.52527259224502,224.10137333817107,224.22043413017906,28054800,209.5366653442383,225.81055755615233,219.66473366044468,217.75508023080246,78.57732434779318,1.9096534296422192,-2.3314677257418364,4.2411211553840555,239.39276979393793,179.68056089453864,0.2573038540176986,7.294186201065462,294426300.0,98.84507495235991,88.50940343945258,0.04020469146154548,0.03941751250004395,0.02660133986090704,-0.07452233118791773
2022-04-05,230.03480529785156,235.01572198026443,229.2211979906724,232.2573692886443,29727200,211.59799041748047,224.28512817382813,221.2601292969688,218.6646894950283,72.14636501623585,2.5954398019405005,-1.3460862202053692,3.9415260221458697,241.1191359907282,182.07684484423274,0.25666677296962465,6.878873513966162,264699100.0,85.9580235438277,90.29244400452076,-0.008764822934835936,-0.008803459925302765,0.026962634538318538,-0.07634574925603099
2022-04-06,221.56134033203125,227.2070391684898,219.68605689148347,225.14323268714938,28995100,212.8283378601074,222.76009582519532,221.3064694562092,218.8792562236952,61.36434698941112,2.427213232513992,-0.591426329661497,3.018639562175489,241.82624677152916,183.83042894868566,0.2617596451435576,7.126924558737476,235704000.0,56.05973805418626,80.28761218345795,-0.036835577793755125,-0.037531142188005275,0.02774923883644202,-0.037214663885813515
2022-04-07,221.21401977539062,223.76401600245768,216.85820266353352,222.18638486720067,21037200,214.20453720092775,221.33765747070314,221.29224642839094,219.05220167196893,55.408568253980654,2.2400447564220087,-0.025132112444795855,2.2651768688668046,241.96418371789943,186.44489068395606,0.2509754720352481,6.854774772327128,214666800.0,52.411870618350214,64.80987740545473,-0.0015676045113292014,-0.0015688344888614488,0.027298340351832553,-0.0572773258142345
2022-04-08,220.598876953125,223.37707838161444,218.31678238186655,220.64849066684405,18375700,215.92702102661133,219.90271911621093,221.18557420142696,219.16677021131383,59.794042747961726,2.0188039901131276,0.3836551080667889,1.6351488820463387,240.44248136674545,191.4115606864772,0.2222627846409518,6.588294488931753,196291100.0,45.53982646042323,51.337145044319904,-0.00278075875521,-0.0027846322473352512,0.025212845402434476,-0.05199483052282439
2022-04-11,214.7745361328125,218.89221601096958,213.54418596956737,216.7192660715172,20516600,217.40690689086915,218.21099487304687,220.19926065240935,218.84141953883224,49.83049292978334,1.3578411135771091,0.578492309168853,0.7793488044082562,237.23107647448882,197.5827373072495,0.1846044688590157,6.434504110605693,175774500.0,17.40873631900852,38.45347779926066,-0.026402404675659907,-0.02675720719237504,0.026257064639422976,0.003926975338077732
2022-04-12,212.47262573242188,220.30119065314656,211.4704954183544,218.5251349202986,20128800,218.50379943847656,216.24403015136718,219.01054758779588,218.3696570346537,50.61614540495633,0.6408905531421851,0.5909719579635194,0.0499185951786657,234.02906749882473,202.9785313781284,0.14613899561725158,6.736420129982035,155645700.0,4.256193124283173,22.40158530123831,-0.010717799427429231,-0.01077564875601715,0.02607092468856267,-0.06407017907723922
2022-04-13,213.31600952148438,214.92339072532232,209.68450407431595,210.17069419373846,19231800,219.06737670898437,214.18002685546875,218.13446480836333,217.99531277441892,45.41265155459314,0.13915203394441278,0.5006079731596981,-0.3614559392152853,232.79067470646677,205.34407871150196,0.12866636712609464,6.599638151908508,174877500.0,14.336087038958684,12.000338827416792,0.003969376225079646,0.003961519036500115,0.022681337171175334,-0.12521511274991093
2022-04-14,208.54347229003906,213.3160329982505,208.36488108772562,213.21680557031203,18379500,219.18346557617187,211.94119659423828,216.6589274978519,217.29517644224262,38.91003309094326,-0.6362489443907293,0.2732365896496126,-0.9094855340403419,232.48193247970357,205.88499867264017,0.1275366402745649,6.484825206331621,156498000.0,0.6701146992954315,6.420798287512429,-0.022373085087008637,-0.02262715932248563,0.022952851190916484,-0.12403658272911489
2022-04-18,209.12887573242188,211.71855397049873,206.6781068000665,208.36486698096425,16580800,218.8996925354004,211.40559936523437,215.50045799547806,216.6902652785522,37.50488635032301,-1.1898072830741455,-0.019372184895139016,-1.1704350981790066,232.81932099029922,204.98006408050156,0.13312010028408358,6.525931355198231,173078800.0,8.648465711332914,7.884889149862343,0.0028071050891904648,0.0028031725273901004,0.020866864542870296,-0.11282444162805072
2022-04-19,215.61795043945312,216.7292249062666,207.37265725519583,208.88082627442776,20089900,219.18842697143555,211.01307983398436,215.5185337560896,216.61083454973004,37.83208726416324,-1.0923007936404474,-0.2339579066442007,-0.8583428869962467,232.54526876713618,205.83158517573492,0.12389359762003041,6.676889409849636,193168700.0,31.54762171136486,13.622067373997737,0.0310290708746217,0.030557401411910122,0.021372015756626967,-0.1673185788314807
2022-04-20,198.85946655273438,212.49248814621333,197.37114601309614,211.94676758701675,43036500,218.38324661254882,210.52709381103514,212.9556003401888,215.29591840180444,29.360417142096466,-2.3403180616156476,-0.6552299376384901,-1.6850881239771573,234.4742478347125,202.29224539038515,0.16183289134889225,7.665560025618636,150132200.0,3.953612177480071,14.716566533392616,-0.07772304602916003,-0.08090971661544692,0.027071323753872622,-0.12708327994098423
2022-04-21,186.60562133789062,201.38959810560033,184.13500399279943,200.03027030150272,49954100,217.12363052368164,209.88989471435548,208.9017574167583,213.1707112118849,26.613005062599186,-4.268953795126606,-1.3779747091361134,-2.8909790859904927,238.47083600426467,195.7764250430986,0.22879488117808847,8.456495173249204,100178100.0,4.855704563074964,13.452312817306634,-0.06162062801065704,-0.06360096399302474,0.029967873307849325,0.09390119831036481
2022-04-22,182.67645263671875,191.21941262522995,181.84299681832218,188.88770453092923,36426800,215.36443557739258,208.93955261230468,204.86709514290607,210.91187724335407,22.76011881221281,-6.044782100448003,-2.3113361873984917,-3.7334459130495117,241.67737049141147,189.0515006633737,0.28808239413698655,8.777549687703038,63751300.0,1.5674498830792187,3.4589222078780844,-0.02105600395637197,-0.02128084335488888,0.029001075853998144,0.08885986533113743
2022-04-25,185.53402709960938,185.72253496662242,180.24552677813085,181.307187460691,29281100,213.6364944458008,208.12434967041017,201.89277698239889,209.03203649196558,15.826285769428523,-7.139259509566699,-3.2769208518321333,-3.8623386577345657,243.00364344440234,184.26934544719924,0.3165688737283209,8.495474562183817,93032400.0,9.655799658672663,5.359651368275615,0.015642817788745766,0.015521730050995802,0.029207634783598176,0.12909783720221424
2022-04-26,179.5410614013672,185.73248018162553,178.10235460110894,185.17684294621372,31747400,211.52109603881837,207.35836059570312,198.454051508394,206.84751981858793,14.956615626480414,-8.393468310193924,-4.3002303435044915,-4.093237966689433,244.29494458287238,178.74724749476437,0.36508471419568467,8.626588961535573,61285000.0,2.9298768801880195,4.717708807313301,-0.032301167564398825,-0.03283436363146341,0.029429159466358868,0.17176013774133003
2022-04-27,173.58775329589844,179.7990196564615,167.6840858458877,173.07179802333295,71062900,208.79697341918944,206.5100177001953,194.62846716801008,204.38383340949983,15.498770395585893,-9.755366241489753,-5.391257523101544,-4.364108718388209,244.68786959771973,172.90607724065916,0.41351875921051306,8.75274506183598,-9777900.0,10.527237522270404,7.704304687043695,-0.03315847672394023,-0.03372068188595993,0.0284183640889677,0.2769934583874629
2022-04-28,204.12811279296875,206.90631407931315,191.39800967095255,201.33999482037984,100890600,207.6995849609375,206.20699615478514,196.0899511103114,204.36489114160864,41.43284418322654,-8.274940031297234,-5.967994024740682,-2.3069460065565517,242.69701459904786,172.70215532282714,0.3428967148058193,10.639369879299592,91112700.0,65.43736525389266,26.29815988545036,0.1759361413302647,0.1620645464121395,0.0509791633894771,0.012394843972150849
2022-04-29,198.9090576171875,210.82553726399675,198.3434886093317,202.867995252245,49193400,206.61360626220704,205.88809844970703,196.52365980367696,203.96075532498486,39.604329968555916,-7.437095521307896,-6.261814324054125,-1.1752811972537707,241.26805540489556,171.95915711951852,0.3484451593892029,11.16949506893653,41919300.0,59.343766414146536,45.102789730103204,-0.02556754728377142,-0.025900077248367855,0.051010877017032004,0.016461404769546828
2022-05-02,209.48606872558594,210.23022894872142,199.42502311439333,199.60361430075616,49915300,205.9329490661621,205.95596588134765,198.51787656089374,204.37003779910347,47.57574514877624,-5.852161238209732,-6.179883706885247,0.3277224686755149,239.74864599414843,172.1172521381758,0.3228443507838494,11.474243665220552,91834600.0,79.44561570239976,68.07558245681298,0.05317511045049805,0.0518095160501907,0.052510819754797156,-0.07066716809143703
2022-05-03,210.37905883789062,213.2267071664261,206.4697346374748,208.8113594552885,41556300,204.84845962524415,206.07245178222655,200.3426738342779,204.81515046864325,49.02774171039578,-4.472476634365364,-5.838402292381271,1.3659256580159065,236.45389488061684,173.24302436987145,0.30046179909690096,11.326120614803347,133390900.0,87.05240480319796,75.28059563991475,0.004262766100568083,0.004253706250709306,0.051600971630639904,-0.06782068151780885
2022-05-04,221.67042541503906,222.55349483936473,205.3485160921783,209.0097712514768,41375900,204.43024063110352,206.49572937011717,203.62386638516423,206.06368935356147,53.53661565564603,-2.4398229683972374,-5.158686427584464,2.7188634591872267,234.8307952871902,174.02968597501683,0.27428606769862934,12.180841478816209,174766800.0,98.39059789141423,88.29620613233732,0.05367153289648052,0.05228076293162551,0.05314417389827683,-0.15518551745657327
2022-05-05,206.6582489013672,218.4556680856586,204.5547608988458,217.03680989451814,41129200,203.68508605957032,206.69079833984375,204.09069446458008,206.1077308015471,49.265608678121616,-2.01703633696701,-4.530356409460974,2.513320072493964,233.0298767685076,174.34029535063306,0.28399341294082875,13.049735236363949,133637600.0,71.03076881947553,85.49125717136256,-0.06772295621106972,-0.07012525118447897,0.054679803770460625,-0.08181286228025064
2022-05-06,202.18338012695312,207.74969932081515,199.454792583687,205.7255749921496,34747200,202.73355407714843,206.614794921875,203.79726148956055,205.8170381589846,47.37394981722236,-2.019776669424033,-4.028240461453586,2.008463792029553,230.89544644979983,174.57166170449702,0.2785777184550803,13.282196633985086,98890400.0,62.875279528777156,77.4322154132223,-0.021653472814190944,-0.021891349428755157,0.0548532114055838,-0.02527363552043016
2022-05-09,194.68228149414062,200.99276203417244,194.0571819388603,198.2840073879454,36303200,201.4377243041992,206.3316180419922,202.39495687488056,204.99224136899613,42.144466150888306,-2.59728449411557,-3.742049267985983,1.144764773870413,228.50200489018482,174.3734437182136,0.2780353751586805,13.194313100915233,62587200.0,49.20445862825036,61.03683565883433,-0.037100471008559066,-0.0378062038922746,0.05537606214235285,0.019519703342770534
2022-05-10,196.1110076904297,201.37967450866105,192.67795718797927,197.95652555162374,34452500,200.5045478820801,206.0661019897461,201.42819546188812,204.33437220762085,48.83465330286619,-2.906176745732722,-3.574874763535331,0.6686980178026087,226.9116625243248,174.09743323983537,0.2693078267582978,12.512521164795574,97039700.0,51.8083251951982,54.62935445074189,0.007338758233794707,0.007311960575410116,0.05519842983188591,0.02514539969442109
2022-05-11,187.2703857421875,199.10748580190932,186.80404417527703,194.8012827465857,31153400,199.24443588256835,205.7733984375,199.2500708896265,203.07037321018134,50.29026150237461,-3.8203023205548448,-3.623960274939234,-0.19634204561561086,225.65215049620647,172.83672126893023,0.282027662932176,12.158867415783531,65886300.0,35.69621079438143,45.569664872609984,-0.045079682432704216,-0.04612737908478354,0.055975417356155355,0.018544193768540662
2022-05-12,189.75094604492188,196.50791865624595,183.3412391310792,185.6034850677345,38262200,198.06618270874023,205.43862609863282,197.78866706736426,202.08374897571767,53.12857133716161,-4.29508190835341,-3.7581846016220695,-0.5368973067313405,223.9275404358986,172.20482498158185,0.2725821216304864,12.429600538516315,104148500.0,40.217054645613835,42.57386354506448,0.013245875971811927,0.013158916418626598,0.05609088594251737,0.0002613481802689055
2022-05-13,197.07347106933594,198.33358664883283,189.7906264841729,191.08050726208492,24549800,197.49268264770507,205.35230346679688,197.67863691382144,201.71261727894864,54.909247125254105,-4.033980365127206,-3.813343754323097,-0.22063661080410935,222.8801246100766,172.10524068533354,0.2576444391486819,12.651431425331987,128698300.0,53.56242351071519,43.15856298357014,0.038590189809543984,0.03786420679281498,0.05671645486482968,-0.025576507190210873
2022-05-16,198.482421875,203.77092271249356,194.4044229626352,195.51571260175743,27112600,196.960359954834,205.35190673828126,197.80229613861815,201.47334354532282,58.38531679028149,-3.671047406704673,-3.7848844847994125,0.11383707809473931,221.76015511469276,172.16056479497522,0.24989412085546958,12.77545815171354,155810900.0,56.13024924728524,49.96990913453808,0.007149368192578054,0.0071239326200301005,0.056741568873957815,-0.01904619279100206
2022-05-17,201.04229736328125,203.86019524944308,196.81547324400356,200.5461906062778,24872700,196.2315773010254,205.6525473022461,198.3007578654894,201.44141419850493,62.530578455828206,-3.140656333015528,-3.656038854442636,0.5153825214271079,219.5342800448654,172.9288745571854,0.2318189062646083,12.41330016563252,180683600.0,45.141647456946515,51.611440071648964,0.01289724029009176,0.012814779143857842,0.05634387222599736,-0.10532018955170452
2022-05-18,190.7431640625,199.43495048394504,190.13791310966099,198.44273679994532,23960000,195.82576217651368,205.69124450683594,197.13805112656794,200.64895122546753,42.506379680031586,-3.510900098899583,-3.6270111033340253,0.11611100443444222,219.21828885851562,172.43323549451173,0.2452777460935587,10.812287556361488,156723600.0,18.876559885505436,40.049485529912396,-0.051228688867252736,-0.05258748819756532,0.05476035731870946,-0.04374753610722859
2022-05-19,189.800537109375,193.76939159776364,188.12370880561264,189.71124151698106,24446900,195.9855079650879,205.54816741943358,196.00920281623056,199.84536499464585,44.64409659802459,-3.836162178415293,-3.668841318350279,-0.167320860065014,219.15550177461893,172.81551415555685,0.24415098252518674,10.323975709039058,132276700.0,16.47265086248592,26.830286068312613,-0.004941864930038231,-0.004954116324355272,0.05287749879480088,0.0017774268319821207
2022-05-20,192.03302001953125,196.36900389432037,186.4071705328154,193.45189338862062,31465600,196.4533363342285,205.51502716064454,195.3974823859691,199.266672774267,38.62074385092305,-3.8691903882978806,-3.7089111323397996,-0.160279255958081,218.85702424470122,174.0496484237558,0.23333162086597484,10.226880139751275,163742300.0,22.165980332505658,19.171730360165665,0.011762258127171465,0.011693620467352861,0.052629563461495735,0.008215445023931567
2022-05-23,194.70208740234375,195.45617949343676,189.75095079783037,193.67019183029456,25059200,196.91173934936523,205.68608489990234,195.29049854233443,198.92855533930972,40.010096795371844,-3.6380567969752917,-3.694740265266898,0.05668346829160642,218.74256132741084,175.08091737131963,0.22424846358152414,10.151755580226638,188801500.0,28.97269760631059,22.537109600434047,0.013899002278571881,0.013803296932685626,0.05261025755213531,-0.013198750219043931
2022-05-24,179.8684844970703,182.24979113801103,174.73874187922655,179.14417279094744,50406300,196.9281105041504,205.57991821289062,192.9178809969092,197.5166982398846,24.512975107670243,-4.5988172429754,-3.875555660808599,-0.7232615821668014,218.70450751617065,175.15171349213014,0.24213688209926457,10.348781778507407,138395200.0,11.733996561203071,20.957558166673095,-0.07618615240945215,-0.07924469128357263,0.055047700946935514,0.04060024121424566
2022-05-25,182.39862060546875,184.00600172835072,177.92374289893897,178.99532022087533,28030200,197.3686538696289,205.41719512939454,191.2995332443799,196.39684063733526,32.55312428632621,-5.097307392955372,-4.119906007237954,-0.9774013857174184,217.4472190332377,177.2900887060201,0.2201613707050896,9.56068137230873,166425400.0,23.204048957271137,21.303581041594924,0.014066589349840397,0.013968572983070122,0.05449446860155458,0.0817603722904987
2022-05-26,190.1378936767578,191.32854694787179,180.84084211269274,181.4560248290842,23056500,196.66914291381835,205.1790637207031,191.12081946474572,195.93321493655174,41.72571456757906,-4.812395471806013,-4.258403900151566,-0.5539915716544472,216.7309631433179,176.6073226843188,0.21102390314268926,9.717309807883794,189481900.0,52.87906342185411,29.2723696467761,0.04243054605127328,0.041555049978659185,0.037975364549924305,-0.004435562601251886
2022-05-27,193.61065673828125,193.80909644271358,188.3221561022746,189.87000699281722,22562700,196.40422286987305,204.92684295654297,191.50387135298195,195.7611735885317,49.22075379167458,-4.2573022355497585,-4.258183567231205,0.00088133168144644,216.48142892464543,176.32701681510068,0.20739773722179264,9.528791390194234,212044600.0,64.80416556993542,46.96242598302022,0.018264444789881207,0.0180996533430223,0.03785990224518799,-0.004509921922804194
2022-05-31,192.13226318359375,196.0614361569242,190.51494998321056,193.37253032745087,26131100,195.53653259277343,204.4734014892578,191.6005470192299,195.49236541038815,47.10889131020383,-3.891818391158239,-4.1849105320166124,0.29309214085837354,214.71302414564028,176.36004103990658,0.1996176096103399,9.303417736839368,185913500.0,59.72751800072881,59.13691566417277,-0.007635910024756387,-0.007665212850177064,0.03568861132985911,0.010380031735493178
2022-06-01,187.1711883544922,197.97639474515785,183.55953115785042,194.979905186522,36623500,194.37613906860352,204.01996002197265,190.91910722465488,194.87598192476622,49.92361259032475,-3.9568747001113422,-4.139303365635558,0.182428665524216,212.55364292471955,176.1986352124875,0.19423399526308308,9.454376448316165,149290000.0,42.69171018625668,55.74113125230696,-0.025821143970812255,-0.026160361777493195,0.03596828884434923,0.042408843438089816
2022-06-02,197.3115997314453,199.3754058637499,186.26825737146237,186.98265238418233,31951600,193.15819778442383,203.6669305419922,191.90256761031495,195.0563980585943,55.20775635596455,-3.153830448279365,-3.94220878216432,0.788378333884955,206.16405932365177,180.1523362451959,0.13183068361849795,9.450124231681935,181241600.0,77.51281354154403,59.977347242843166,0.05417720251766389,0.05276055981874384,0.03601200312419847,-0.07472593214468193
2022-06-03,189.29452514648438,195.07913273257265,188.3023114639302,194.45403326777017,19465000,192.29001159667968,203.21686218261718,191.50133030818716,194.6295926576973,44.692665536143686,-3.1282623495101234,-3.779419495633481,0.6511571461233574,203.72472977611451,180.85529341724484,0.12081404013757031,9.480599064796516,161776600.0,49.98302482267136,56.72918285015734,-0.04063154216920206,-0.0414800674289942,0.033988216007262075,-0.07972540801311923
2022-06-06,192.73748779296875,195.38669623309409,186.93303229765272,192.47951771272406,30574200,191.81771697998047,202.71440490722657,191.69150838276894,194.48943674179148,46.18625885418481,-2.797928359022535,-3.5831212683112916,0.7851929092887566,202.26997389290938,181.36546006705157,0.10846106829156472,9.415396506623875,192350800.0,61.805795487982245,63.1005446173992,0.018188389990783094,0.018024959937081805,0.034055662176305554,-0.15438875220841275
2022-06-07,194.12660217285156,194.99975506385698,189.99900473350633,190.43556603902965,18828700,191.78993301391603,202.19507995605468,192.0661381966278,194.4625601070552,45.33656721382325,-2.3964219104273923,-3.345781396734512,0.9493594863071197,202.21304232098285,181.3668237068492,0.10738465712994884,9.269398529831813,211179500.0,78.50541191628777,63.43141074231378,0.007207286946558922,0.007181438577427529,0.03306735632743758,-0.1631485737502575
2022-06-08,195.10890197753906,200.45693323180112,192.89626965875735,193.15423977117806,22267200,191.73982772827148,201.66027740478515,192.5342557013834,194.5104372826466,53.36699943278712,-1.976181581263205,-3.071861433640251,1.095679852377046,202.0848178105037,181.39483764603926,0.10604324023537512,9.030561338362062,233446700.0,79.20525910342162,73.17215550256388,0.005060098892643472,0.005047339616274325,0.03304605353632464,-0.13878154391722564
2022-06-09,182.5673065185547,197.8970039563833,182.24979089220236,192.76726134545828,23501600,191.50467376708986,200.75021942138673,191.00087890402511,193.6257609297509,45.26808403276034,-2.624882025725782,-2.9824655520573575,0.35758352633157564,202.47249924867182,180.5368482855079,0.12015103570000125,9.744956357792772,209945100.0,30.439794664021136,62.71682189457683,-0.06427997560269272,-0.06643896648327201,0.034671761951334076,-0.12570662892462858
2022-06-10,174.20294189453125,181.67430878576448,173.65722140885484,181.61476325461828,27450800,190.7272735595703,199.7127606201172,188.41658090256453,192.1870335938087,39.202024391998805,-3.7704526912441736,-3.140062979894721,-0.6303897113494528,204.14823142982482,177.3063156893158,0.15408417015574907,9.669831482663835,182494300.0,2.036292364863401,37.227115377435375,-0.04581523813615196,-0.04689795556878089,0.03591527766680777,-0.06738051834159564
2022-06-13,162.98098754882812,171.2362113127509,162.75278267813596,169.26170095508755,31749300,189.02264938354492,198.55980773925782,184.5034126942974,190.023622775662,32.59282629754455,-5.52021008136461,-3.6160924001886987,-1.904117681175911,206.9526144004718,171.09268436661804,0.22002523468027413,10.080183662720184,150745000.0,0.6052513246818955,11.027112784522133,-0.06441885667176217,-0.06658739910515002,0.036912328656589784,-0.04389370330195652
2022-06-14,162.4551239013672,165.4516131279456,160.10358258056343,164.73721814492058,27244300,187.22128448486328,197.34692596435548,181.11136826461583,187.98151174793645,38.66425144349268,-6.870143483320618,-4.2669026168150825,-2.6032408665055353,208.13964771385943,166.30292125586712,0.2575278972634499,9.036232593024824,123500700.0,5.827375627538783,2.822973105694684,-0.003226533691872424,-0.0032317501755004903,0.03674902560558258,-0.04812796202076164
2022-06-15,168.03138732910156,170.81950525732464,162.70318974465354,165.8981189021135,30008300,185.57073898315429,196.0661767578125,179.09906350530593,186.5037247539487,41.00399500702117,-7.404661248642753,-4.894454343180617,-2.5102069054621365,207.0979108836304,164.04356708267818,0.2562279850527401,9.199241344920946,153509000.0,19.64596401636978,8.692863656196812,0.03432494644564077,0.033748988269262745,0.03772984778296801,-0.0625923926442764
2022-06-16,159.6173858642578,163.7946114907579,158.36720226576904,162.44520048319256,26944100,184.0144500732422,194.65782836914062,176.10188232976006,184.51214409545307,31.049786521990313,-8.410261765693008,-5.597615827683096,-2.8126459380099122,208.29189345353342,159.73700669295096,0.30419547656214985,9.140418504074765,126564900.0,2.9702817522592744,9.481207132055937,-0.05007398676274877,-0.05137117822331117,0.037661425096389166,0.0577487038372726
2022-06-17,162.46505737304688,164.60822720386258,158.65494571164365,160.42108467647037,31374200,182.64767608642578,193.47590270996093,174.00390925949648,182.87902656046,30.51038034987444,-8.875117300963524,-6.253116122339182,-2.622001178624342,208.57534397871964,156.7200081941319,0.3191783920989191,9.173728586344762,157939100.0,9.735997387314244,10.78408105198109,0.017840609864459234,0.017683334027302534,0.03810651646103294,0.035116569349441296
2022-06-21,155.8271484375,166.45374758302697,154.75555593593816,164.63799488371197,50724900,180.8373825073242,192.16816528320314,171.20748451765087,180.87518373653705,28.659756823502164,-9.667699218886185,-6.9360327416485825,-2.731666477237602,208.9681732304166,152.70659178423182,0.36105121610917806,9.613136120157273,107214200.0,2.3447706938919644,5.017016611155152,-0.04085745601471169,-0.041715576994839756,0.03855366827950326,0.023113625467671817
2022-06-22,154.63648986816406,159.5380121523933,154.22967867369047,157.1467889716582,47267800,178.83410263061523,190.8489175415039,168.65810072542214,178.93157678332423,29.9890268705432,-10.273476057902087,-7.603521404899284,-2.6699546530028035,208.47357032535146,149.194634935879,0.38334377248223195,8.962526826685515,59946400.0,0.880024562032777,4.320264214412987,-0.00764089301045956,-0.0076702341908968215,0.0381593291431364,0.05190898553293044
2022-06-23,157.51390075683594,158.50611430491048,153.04893979050044,155.05321539680466,40499200,177.71637344360352,189.70370483398438,166.94360842256273,177.34508226284362,23.120249217838804,-10.401473840280886,-8.163111891975605,-2.238361948305281,208.84043895470822,146.5923079324988,0.3951913496086021,8.41610011397998,100445600.0,9.418160614137175,4.214318623353964,0.018607580210369568,0.018436577233696592,0.03539067664875846,0.015748005561652567
2022-06-24,168.8350830078125,168.92437860519823,160.04406921900008,160.4707138331624,68736000,177.0381965637207,188.8309539794922,167.23460451260115,176.71471194765613,36.77189848335271,-9.480107435054975,-8.42651100059148,-1.0535964344634952,208.32335635461908,145.75303677282233,0.3706002240002538,8.587613655469065,169181600.0,33.29848422402661,14.532223133398844,0.07187417870155977,0.06940868514592406,0.039265282300676406,-0.05953233938039049
2022-06-27,168.17027282714844,170.41266990358127,166.70178593534752,169.98602536256894,29174600,175.93981552124023,187.92803924560548,167.37855348406995,176.0817905313222,33.52412166025586,-8.703237047252259,-8.481856209923636,-0.22138083732862235,206.8284950983397,145.05113594414078,0.36735005608093374,8.248843657811378,140007000.0,31.896167584168843,24.870937474110864,-0.003937630549411986,-0.003945403427775557,0.03777473372289647,-0.007669849590884237
2022-06-28,159.4288787841797,169.96619782883943,159.35943170287592,168.57708966300072,27744500,174.23072662353516,186.94574737548828,166.15552660716375,174.84824151301535,28.818927087733783,-8.692714905851602,-8.52402794910923,-0.16868695674237166,204.7833824784309,143.67807076863943,0.38327630587247796,8.649273357498009,112262500.0,13.45751745735483,26.21738975518342,-0.05197942475810502,-0.05337907312097884,0.03870878186815177,0.05657200178669686
2022-06-29,162.66351318359375,165.0349032740984,159.07170450541813,162.2963989666472,28595200,172.75728912353514,186.01644012451172,165.61829377276837,173.9456690441693,30.723919225289407,-8.327375271400939,-8.484697413567572,0.15732214216663287,202.50667304716035,143.00790519990994,0.3657782048522204,8.535168728614904,140857700.0,21.43810122398326,22.263928755168973,0.020288886330266598,0.020085809088849015,0.03925847475065718,0.05032317991324087
2022-06-30,159.9944305419922,163.943436123308,157.2559266696186,160.8874166564684,35250600,171.39845123291016,184.9039697265625,164.75308404495664,172.91224396993397,34.80702213543685,-8.159159924977331,-8.419589915849524,0.26042999087219343,200.85698236465436,141.93992010116597,0.3682444574095659,7.895189899294081,105607100.0,24.263410376991885,19.71967635277665,-0.016408613027981578,-0.016544725315264637,0.039084016335010074,0.05972087842184304
2022-07-01,158.783935546875,159.3693379164502,153.79310252765947,159.06175413379128,31423900,169.47206802368163,184.1024591064453,163.83475350679024,171.86570260526292,38.51613195701051,-8.03094909847269,-8.341861752374157,0.31091265390146816,196.75417981723146,142.1899562301318,0.34363818606191193,7.7017072496250005,74183200.0,31.53301884256244,25.744843481179185,-0.007565857080253036,-0.007594623363173882,0.036331951885422244,0.017809135135052
2022-07-05,166.88043212890625,166.9399625311862,155.7974064183734,156.90868096754664,28618600,168.35136337280272,183.70795532226563,164.30331944865424,171.49642331071797,53.04606632735852,-7.193103862063737,-8.112110174312074,0.919006312248337,193.99736195485505,142.7053647907504,0.3073577681323615,7.679735599369108,102801800.0,77.83372095530352,44.54338339161927,0.050990653142244824,0.04973319855578684,0.038026026993600234,-0.02925267238418694
2022-07-06,168.44808959960938,170.25391029109068,164.17165185057723,166.8903071423644,23085900,167.13689346313475,183.42338806152344,164.94097639495502,171.2706208135988,54.60645375012716,-6.329644418643795,-7.755617023178418,1.425972604534623,190.07839552029066,144.19539140597885,0.27238661016205556,7.732180448878485,125887700.0,86.65537310554917,65.34070430113837,0.009393896280734726,0.009350048027136137,0.037786669055630086,-0.03699100332680705
2022-07-07,170.84925842285156,171.3751304080076,166.4735929101582,168.13058776866583,24083400,165.97302627563477,183.12969268798827,165.84994286078526,171.23940878465456,52.27708326190787,-5.389465923869295,-7.282386803316594,1.8929208794472991,185.21240472488378,146.73364782638575,0.2252205087321081,7.484834459013625,149971100.0,97.13048937936409,87.20652781340557,0.01425465156030925,0.014154009300764422,0.037949124094444654,-0.08211845247967342
2022-07-08,169.5494384765625,171.0575920135158,166.84068486853087,168.65643729128615,19249200,164.69505310058594,182.9298602294922,166.4190960324433,171.11422579886997,59.06864649037939,-4.695129766426675,-6.764935395938611,2.0698056295119365,178.37913649684555,151.01096970432633,0.1614170299732513,7.095743179131653,130721900.0,90.03779906882893,91.27455385124739,-0.007607992907244676,-0.007637081315471321,0.03786608473704898,-0.036165654750462406
2022-07-11,161.6117401123047,166.18584496387152,160.64929180379883,165.76911710966948,21885600,163.64727478027345,182.6903399658203,165.67950281396043,170.4103379702355,49.28712505128392,-4.730835156275077,-6.358115348005905,1.6272801917308275,174.4818174535184,152.8127321070285,0.1340811337804541,7.306233549170563,108836300.0,46.72438751759401,77.96422532192899,-0.046816423785178585,-0.04794776406249377,0.03664052639798883,0.026706794870209105
2022-07-12,161.9987335205078,164.61817705836836,160.83784531918116,163.51681925608725,16639700,163.03706436157228,181.8477523803711,165.1132306149677,169.78725615914456,55.757129051792006,-4.674025544176857,-6.021297387240096,1.3472718430632389,172.6773110379698,153.39681768517477,0.11901632150941634,6.740672127177591,125476000.0,48.836083375500834,61.86608998730791,0.0023945872245061395,0.00239172476920682,0.0354095728371268,0.07662147800612029
2022-07-13,162.21702575683594,163.6954145029734,158.36723169686718,158.91295226825136,16555100,162.99886627197264,181.11391174316407,164.66766063679358,169.22649835156614,57.202117021395594,-4.558837714772551,-5.728805452746587,1.1699677379740363,172.6461001568131,153.35163238713218,0.11894231002979562,6.742089936277834,142031100.0,50.02723237570646,48.52923442293376,0.0013474934746973144,0.0013465864201071332,0.032328079967627,0.11988480917463029
2022-07-14,156.8193817138672,161.32402534796637,156.0553729091042,159.96469739428068,23765200,162.71707916259766,180.06057800292967,163.46023311018953,168.30745267469956,49.37030626796834,-4.847219564510027,-5.552488275099275,0.7052687105892481,172.75260156396806,152.68155676122726,0.12798829190235203,6.792409817229384,118265900.0,17.21234437023126,38.691886707146175,-0.033274214083174214,-0.033840395700753916,0.03318547780303443,0.1589367456383306
2022-07-15,163.41757202148438,163.695390610006,158.57558009298083,159.28995993490958,23342800,162.48638839721679,179.12134826660156,163.45366986577335,167.94523929297992,44.628083405571836,-4.491569427206571,-5.340304505520734,0.8487350783141636,172.21496893139079,152.75780786304279,0.11906406898390329,6.46851917778485,141608700.0,54.740383525583,40.65998675717356,0.04207509451641789,0.04121400840853057,0.03366444824977243,0.027747561237281948
2022-07-18,165.92787170410156,170.35315090475228,164.35025575538538,165.45161342788072,23574300,162.801912689209,178.00649719238282,163.83431630243922,167.7958046567667,47.854977190896456,-3.9614883543274857,-5.064541275282085,1.1030529209545996,172.54802226647945,153.05580311193853,0.11747405034701648,6.698854528858718,165183000.0,69.01802942375743,46.990252439857215,0.015361259205877609,0.01524446956898979,0.031754769760159715,-0.0034681935276633657
2022-07-19,174.41131591796875,175.11579427805594,168.19013203148896,169.0434363845627,25933700,163.39922561645508,177.36155853271484,165.4615470125207,168.28584252796685,64.40288874840297,-2.8242955154461526,-4.616492123314899,1.7921966078687461,174.43710979252504,152.36134144038513,0.1265730278792395,6.597508560858066,191116700.0,96.69610962208345,73.4848408571413,0.05112730083705097,0.049863208096631056,0.033433631698103934,-0.09460701543802308
2022-07-20,181.6643829345703,182.17042155610093,175.32413868697932,176.1079959030853,24784300,164.6910873413086,176.95117858886718,167.95429100052834,169.27684552104859,66.9558728647068,-1.3225545205202422,-3.957704602755968,2.6351500822357257,177.8429709236724,151.53920375894478,0.14479319908405705,6.725787622961773,215901000.0,98.21674971477889,87.97696292020657,0.041585988721126954,0.04074454069306677,0.032675116698352304,-0.0737889037866939
2022-07-21,181.74374389648438,182.41845694525634,177.47722284388294,179.22352828307407,27195800,166.04645004272462,176.69240783691407,170.0757452922139,170.20031947478458,70.34904353456514,-0.12457418257068298,-3.191078518718911,3.066504336148228,180.37033662624432,151.7225634592049,0.15762728638052215,6.601053669224915,243096800.0,97.64295302721693,97.51860412135976,0.0004368548233399938,0.00043675943005265673,0.03251850876997949,-0.12256356816249647
2022-07-22,167.95201110839844,174.23272541696684,167.09870675194256,171.72242605878435,42583900,166.56835556030273,176.12922790527344,169.7490169562423,170.03377811431153,56.943211486283396,-0.2847611580692444,-2.609815046588978,2.3250538885197334,180.33294981204443,152.80376130856104,0.16391103816980016,7.204175749954136,200512900.0,45.65787017794161,80.50585763997914,-0.07588559854880772,-0.07891940391004991,0.03747576939141892,-0.060081568811862884
2022-07-25,165.35240173339844,169.24189263554436,163.52673221768362,167.68410990943246,26166300,166.39422149658202,175.69086822509766,169.0726146142663,169.68700949350315,48.737686122698854,-0.6143948792368406,-2.2107310131185502,1.5963361338817097,180.12615353216236,152.66228946100168,0.16609292506946055,6.816504628886132,174346600.0,35.2653309119389,59.52205137236581,-0.015478286671555153,-0.015599325962375163,0.03407014901851356,-0.04032395964208113
2022-07-26,157.91078186035156,164.70745079555678,156.7201286175358,164.6479204044126,28468400,165.8812469482422,175.05406494140624,167.35540957520251,168.81469633549193,42.06515376150202,-1.459286760289416,-2.0604421625527234,0.6011554022633074,180.0919903250673,151.6705035714171,0.1799844596981651,6.998648534268217,145878200.0,7.037905537275671,29.320368875718717,-0.045004607099963234,-0.04604876270148642,0.03549683954654805,0.006534934684956584
2022-07-27,168.2595672607422,169.5395160150193,160.75843561805868,161.3239894406539,43846600,166.32278137207032,174.47778686523438,167.49451075759325,168.77357566328826,48.25836510887558,-1.2790649056950087,-1.9041667111811806,0.6251018054861719,180.23501854064847,152.41054420349218,0.16536637286151046,7.479162581183813,189724800.0,46.29274152614029,29.53199265845161,0.06553564790492006,0.06347762850079214,0.03659135310615157,-0.004599594506567883
2022-07-28,159.4685821533203,160.25242429053662,153.6442927588761,159.8059311673132,73214300,166.16303482055665,173.69751007080077,166.25975251078202,168.0843168847721,43.84094767469008,-1.8245643739900856,-1.8882462437429617,0.06368186975287604,180.3233466923515,152.0027229487618,0.17759375145356823,8.221903106675324,116510500.0,20.241385141600823,24.524010735005586,-0.05224656909879599,-0.05366090454349393,0.03837405248168169,0.061286681294387746
2022-07-29,157.86119079589844,158.8930862847135,153.96178345090468,156.4621659776194,42065400,166.05637283325194,172.83388793945312,164.96766609310762,167.32704828559628,47.51643643780531,-2.3593821924886527,-1.9824734334921,-0.37690875899655274,180.4426598223432,151.6700858441607,0.1822650255779653,7.979521108793321,74445100.0,14.65515387192994,27.063093513223674,-0.01007967422621503,-0.010130818108490059,0.03826005597039082,0.05034560132910726
2022-08-01,158.6847381591797,163.9037921865568,154.0213365507477,156.02561256985382,40596700,166.0514129638672,172.19271942138673,164.00106179558026,166.68687716512096,47.81813132323126,-2.6858153695407054,-2.123141820701821,-0.5626735488388843,180.44832136742434,151.65450456031004,0.1814529685786838,8.415387101409172,115041800.0,17.517260857621086,17.471266623717273,0.005216908342887239,0.005203347420171408,0.03823329639790227,0.06452819219422978
2022-08-02,158.94271850585938,160.97675966339588,156.7796847197048,157.07735186421888,27374500,165.65452728271484,171.5755630493164,163.2228551356232,166.11323578295344,47.84538718088499,-2.8903806473302325,-2.2765895860275034,-0.6137910613027291,180.38889822994454,150.92015633548513,0.18540479344684832,8.334593682665234,142416300.0,18.413830241877374,16.86208165714279,0.0016257413893256967,0.0016244213023462392,0.03636109414789492,0.05206303095002429
2022-08-03,167.4856414794922,168.21986977837946,160.3119421286126,161.42321640150777,31721900,165.60640487670898,171.08461547851562,163.87866841929537,166.21489546417854,56.73979721291301,-2.3362270448831737,-2.2885170777986374,-0.04770996708453623,180.3086115690411,150.90419818437687,0.17556378639338258,8.557129284435831,174138200.0,48.10339105066558,28.01149405005467,0.05374843877052404,0.05235374873902186,0.03837665267455099,0.0565166582409673
2022-08-04,169.24188232421875,170.80956650112654,165.50123278418064,166.98955319565712,23938200,165.52603607177736,170.57541137695313,164.70377825082204,166.4391167130704,53.92014166878808,-1.7353384622483645,-2.177881354688583,0.4425428924402186,180.12477926053157,150.92729288302314,0.17251927227785402,8.445152485922051,198076400.0,54.206924878059304,40.241382056867415,0.010485918847805253,0.010431322928035497,0.038314327043825355,0.040569769324729554
2022-08-05,165.80880737304688,170.27376835954388,164.50901004159635,165.68974659153304,25832700,165.33900451660156,170.29421783447265,164.8737827311643,166.39242713232792,49.92084515297029,-1.5186444011636127,-2.046033963983589,0.5273895628199763,179.8160517906292,150.86195724257394,0.17462338103013156,8.361522445542024,172243700.0,42.27582262669468,48.19537951847318,-0.020285019901841395,-0.020493586253227496,0.03855487951189233,0.08012702589236631
2022-08-08,168.92437744140625,176.12784324049753,165.82867563352886,166.69189668226872,27299100,165.70463638305665,170.0247329711914,165.49695114812462,166.57997900707446,46.071885645575016,-1.0830278589498334,-1.853432742976838,0.7704048840270046,180.15467320882354,151.25459955728977,0.1710829075664829,8.442316252220328,199542800.0,53.10348750019187,49.86207833498194,0.01879013616779579,0.01861578226219668,0.03716429328574917,0.062496364253229464
2022-08-09,167.21775817871094,168.20997178691073,165.30279318207488,167.63448607735745,18655100,165.9655876159668,169.56633026123046,165.76169069129176,166.62722190867717,38.76543607500749,-0.86553121738541,-1.6558524378585524,0.7903212204731425,180.322033744788,151.6091414871456,0.17170958736904024,8.146779010877413,180887700.0,47.172405535198415,47.5172385540283,-0.01010285956677437,-0.010154239803627256,0.037277667720806595,0.06491450738644966
2022-08-10,176.9513702392578,179.07470674304471,172.59555312980802,174.6196773573301,30262100,166.7023048400879,169.23314453125,167.4831798525173,167.39197363686833,46.75970679832909,0.09120621564898101,-1.3064407071570459,1.3976469228060269,181.74464158013384,151.65996810004194,0.17001661778269422,8.640758615374583,211149800.0,91.65040527446678,63.97543276995234,0.05820920078443015,0.05657804620007642,0.03931782415938552,-0.01956921309839843
2022-08-11,176.1079864501953,181.67430500840524,174.9966969915663,178.31070171750684,24079100,167.6667350769043,168.91265899658202,168.810073175237,168.03760421563328,56.685078520498166,0.7724689596037138,-0.890658773804894,1.6631277334086079,182.51320311516486,152.82026703864375,0.16860641402494542,8.07165653482438,187070700.0,80.14157643079571,72.98812908015363,-0.004766189648162333,-0.0047775841500315806,0.038358771759899865,-0.015944581482354003
2022-08-12,179.09457397460938,180.04710579418173,177.51695781529796,179.40215780114409,21274000,168.45058517456056,168.75112670898437,170.39230406744812,168.85663901259448,61.192823013800236,1.535665054853638,-0.40539400807318765,1.9410590629268256,183.99160294547994,152.90956740364118,0.17355096166255338,7.94479645811907,208344700.0,90.79653975268182,87.5295071526481,0.016958842041264743,0.016816646278233725,0.03753570163454952,-0.06947372707938615
2022-08-15,179.48153686523438,180.0272574321156,176.81247957083508,177.5665716777908,15878700,169.12826843261718,168.39452545166014,171.79064757479986,169.6436684831604,69.85026723853417,2.1469790916394516,0.10508061186934017,2.0418984797701114,185.37225082237492,152.88428604285943,0.181010065697785,7.557832511363204,224223400.0,92.17707033242745,87.70506217196832,0.002160662280476844,0.0021583314066153576,0.03746475596386713,-0.09862349013840765
2022-08-16,178.07261657714844,179.58078583197954,175.66152910699216,178.04285137356464,21156700,169.31133346557618,168.17008728027344,172.75710434439196,170.268035008641,60.80879938748356,2.489069335750969,0.581878356645666,1.907190979105303,185.8851783982364,152.73748853291596,0.18614703654314807,7.007155552100321,203066700.0,87.15059986394115,90.04140331635013,-0.007849945530296165,-0.00788091855020325,0.03589827744646658,-0.10230136381081778
2022-08-17,173.4885711669922,176.75294757211662,172.8138579795018,175.38368782395926,20118100,168.90254287719728,167.7851089477539,172.86963770171508,170.50659324259294,67.0199783265359,2.3630444591221362,0.9381115771409602,1.4249328819811762,184.5721439134923,153.23294184090224,0.18064130600524908,6.338832987513219,182948600.0,70.46196671373575,83.2632123033681,-0.025742562210120945,-0.026079700417423895,0.03510452587972549,-0.06628555587032847
2022-08-18,173.30001831054688,174.39144410658275,170.5218174061318,172.98250271462427,18844500,168.4803565979004,167.3685772705078,172.93585010307382,170.71351361799694,69.41110878876904,2.2223364850768803,1.1949565587281443,1.027379926348736,183.1139474117186,153.84676578408218,0.16888158416227506,6.221892130230027,164104100.0,69.71650001561927,75.77635553109872,-0.001086831571537994,-0.0010874226012424087,0.035101266406019814,-0.033665217096533584
2022-08-19,166.65220642089844,170.9782584134384,165.74928839232285,168.87475524203418,26240800,168.41536636352538,166.799443359375,171.96913569043144,170.4126760478415,58.73773733644492,1.5564596425899424,1.267257175500504,0.2892024670894384,183.07036669577678,153.76036603127397,0.17587526318419802,6.055340293259663,137863300.0,39.657249583670755,59.94523877100858,-0.03836013379834624,-0.03911525786416585,0.03177774421382175,-0.03679466574812995
2022-08-22,161.7804412841797,164.20144505183907,160.99658400957932,164.20144505183907,19499700,168.23676834106445,166.3837060546875,170.4016442433158,169.7732512505332,52.826075379495784,0.6283929927825795,1.1394843389569191,-0.5110913461743396,183.13399837972352,153.33953830240537,0.18416602056970477,6.159522255233093,118363600.0,6.874235606621244,38.749328401970416,-0.029233127129529746,-0.029668929248716298,0.03227724639435035,-0.023796591030953884
2022-08-23,159.8555450439453,163.76486932772292,159.44873380548583,161.21487292760173,18111800,168.33400650024413,166.0967581176758,168.77916744341263,169.0386063463415,41.247489122384295,-0.2594389029288777,0.8596996905797598,-1.1191385935086375,182.97055232788318,153.69746067260508,0.1831221534869544,5.805163987355736,100251800.0,1.830374727951841,16.120619972747935,-0.011898201197591884,-0.011969551316924027,0.030690095031558586,-0.024517450972400212
2022-08-24,161.98878479003906,164.17166679378263,158.52596906042174,159.3495081545654,20891500,168.02046737670898,166.0769140625,167.73449318904747,168.51639734217096,41.75129011929471,-0.7819041531234916,0.5313789218391096,-1.3132830749626012,182.92984564814233,153.11108910527562,0.18407914215490992,5.829261417099665,121143300.0,14.959242587670236,7.887950974081098,0.013344796675694326,0.013256539194943566,0.026904064693635852,-0.002021175955720822
2022-08-25,167.46583557128906,167.56506300231524,162.7429035700607,163.89386001407075,15550500,168.42033004760742,166.17712829589843,167.69316124785388,168.43857795173525,51.800764565049754,-0.745416703881375,0.2760197966950127,-1.0214365005763877,182.78293122344851,154.05772887176633,0.1715287315391208,5.815798552408855,136693800.0,38.61991000376807,18.469842439796707,0.033811296185406015,0.03325226057772272,0.025197824941028752,-0.020263067809951685
2022-08-26,160.52029418945312,169.58912471231218,160.41115010200173,167.16812141973682,24023600,168.55328521728515,166.02690643310547,166.58964323886914,167.85203841378842,41.56876635266536,-1.262395174919277,-0.03166319762784526,-1.2307319772914318,182.5488641269383,154.557706307632,0.17437768825834507,5.734294176898841,112670200.0,8.615414660590137,20.731522417342806,-0.04147437809116161,-0.04235898559775076,0.026955544115011637,-0.009024266297130601
2022-08-29,157.9306182861328,161.7804114453021,157.77186049524462,159.40902182632365,20052700,168.5155792236328,165.99317108154298,165.2574855538328,167.11711840433244,40.84506575049171,-1.8596328504996507,-0.3972571282022063,-1.4623757222974443,182.62669081907654,154.40446762818908,0.1787001374220893,5.761934654807847,92617500.0,0.6641906052501652,15.96650508986945,-0.016133012441802874,-0.016264566312615192,0.027208723085325553,-0.003957917095042451
2022-08-30,155.93629455566406,160.40125579993304,154.6960275433671,159.10145839344236,19567900,168.36525802612306,165.8625958251953,163.82345616949914,166.288909230357,25.55406297824574,-2.465453060857868,-0.8108963147333388,-1.6545567461245294,182.96146009788094,153.76905595436517,0.1872072452837146,5.322526061395858,73049600.0,4.597280215011044,4.625628493617108,-0.012627847292128624,-0.012708256200538061,0.02735322421107155,0.020552200457931047
2022-08-31,161.661376953125,166.5331500369243,160.87753476223943,165.7691563599794,40953000,168.07404479980468,165.9792803955078,163.49082859774927,165.94612906167316,34.9088335470739,-2.4553004639238907,-1.1397771445714493,-1.3155233193524414,182.9733947621436,153.17469483746575,0.18432788639006972,5.602472308854522,114002600.0,27.475554848477948,10.912341889579713,0.03671423906650073,0.03605632624488912,0.025792474933150993,-0.005339775584635276
2022-09-01,164.0724639892578,166.05689146124206,159.10147862233006,162.30632475039022,30145700,167.81557388305663,166.16799987792967,163.58031096567368,165.80733905630905,34.11668245132675,-2.227028090635372,-1.357227333784234,-0.8698007568511379,182.80868212005385,152.8224656460594,0.18276202931868993,5.8179218442063485,144148300.0,37.01532253546574,23.02938586631824,0.01491442842795987,0.014804301972191292,0.025919073371297875,0.022919552969857815
2022-09-02,159.07171630859375,166.62244844215843,157.98027512320076,166.14619007943259,22634200,167.47871932983398,166.19915618896485,162.8866810184306,165.30840403795978,30.33839795647812,-2.4217230195291677,-1.5701264709332208,-0.8515965485959469,182.95655858496352,152.00088007470444,0.19460202749183964,6.205592948326147,121514100.0,17.58381059724085,27.35822932706151,-0.03047889669647108,-0.030953037333105334,0.02640904922671222,0.053892191444273374
2022-09-06,157.3055419921875,160.43102400577848,156.46216949199575,158.85340797014467,19339800,166.89777755737305,165.96856536865235,162.02804424516245,164.71559944197665,30.131001936212257,-2.687555196814202,-1.793612216109417,-0.893942980704785,183.00648985158512,150.78906526316098,0.20480794370248062,6.209135647525814,102174300.0,11.83081973956826,22.14331762409161,-0.011103006602254384,-0.011165105060954741,0.02602900055727597,-0.0341238717817991
2022-09-07,159.14112854003906,159.70669752312688,155.58900226198247,156.53160209381846,16831200,166.49394607543945,165.78798248291017,161.58390336745117,164.30267567146277,35.51101026243272,-2.718772304011594,-1.9786442336898524,-0.7401280703217417,182.96965083639373,150.01824131448518,0.2070577846481599,6.12763112348994,119005500.0,22.56921544248118,17.327948593096757,0.011668924849085993,0.011601367981637599,0.026181574724263794,-0.05561441119795796
2022-09-08,160.7981414794922,160.96681598296698,156.51178639006864,157.47423484046743,22530800,165.68628463745117,165.8153677368164,161.46301692314978,164.04308054613162,37.738448519653346,-2.5800636229818394,-2.09892811154825,-0.48113551143358935,181.57683234019794,149.7957369347044,0.19764591252783123,6.16944561580761,141536300.0,37.4771367906761,23.95905732424184,0.010412223129586673,0.010358389298457176,0.022271655443826074,-0.07719366369562841
2022-09-09,167.8329315185547,168.21989423340526,161.75067218718405,161.97887708569115,22086800,165.27253189086915,165.91875610351562,162.4430037839813,164.32381024779258,51.149303720093386,-1.8808064638112683,-2.0553037820008537,0.17449731818958547,180.43476025331006,150.11030352842823,0.18068239916031809,6.16023296121397,163623100.0,88.20800552955787,49.41811925423838,0.043749199924426385,0.04281923064316267,0.024749761132256982,-0.135146251524784
2022-09-12,167.64443969726562,170.05551181144762,165.97751274599625,166.08665686268637,23220400,164.70002517700195,166.07175628662108,163.24322469371737,164.5697827996054,56.28056294466133,-1.32655810588804,-1.9095546467782911,0.5829965408902511,178.46507912091306,150.93497123309083,0.1642172441718701,6.047545579366274,140402700.0,84.30238885015422,69.99584372346271,-0.001123091991444003,-0.0011237231318513702,0.024343346490481067,-0.12393478469421249
2022-09-13,151.9376678466797,160.3714831377137,151.48124294581012,160.28217241060221,44444100,163.3228317260742,165.9348309326172,161.50390825571156,163.63407058087017,43.45257441446885,-2.130162325158608,-1.9536761824543545,-0.17648614270425345,176.35288454889476,150.29277890325366,0.17151839971598323,6.893764238596161,95958600.0,2.457296726706588,58.32256370213955,-0.09369098002265641,-0.09837494944158412,0.031618617803117435,-0.04597390861678874
2022-09-14,150.29058837890625,152.34446256485677,147.88943339273362,152.13610619670536,43064200,161.9337303161621,165.60303405761718,159.77878212081845,162.64566449183582,40.24815743190709,-2.8668823710173683,-2.1363174201669572,-0.7305649508504111,174.24681255590323,149.62064807642096,0.16385699693580166,6.808716484222036,52894400.0,10.832565601848168,32.53075039290298,-0.010840494599637429,-0.010899680888978233,0.031625890370016015,-0.061728255929979436
2022-09-15,148.3855438232422,152.99933091133602,147.54215622478398,148.63359721808547,34606300,160.6785789489746,165.20178314208985,158.02597622888365,161.58935925712518,33.08706970447351,-3.5633830282415317,-2.4217305417818724,-1.1416524864596593,173.14907367364222,148.208084224307,0.16808234014389636,6.8002090895274545,18288100.0,3.746165671190962,5.678675999915231,-0.012675740884460107,-0.012756763497208185,0.03137313134375672,-0.04500156561789981
2022-09-16,145.15093994140625,147.4231178621415,143.16651248084165,146.8972457962903,40122800,159.27112503051757,164.68781677246093,156.0452014154256,160.37169856707192,35.41709375821762,-4.326497151646322,-2.8026838637547624,-1.5238132878915596,172.09278593499928,146.44946412603585,0.1766665914758457,6.517427427533889,-21834700.0,7.380071813353278,7.31960102879746,-0.02179864559912259,-0.022039746293012145,0.03149864090050814,-0.04019411282621432
2022-09-19,146.86746215820312,147.4230993550111,143.9702002462915,144.10910954549348,22169500,158.28188781738282,164.23417724609374,154.63324152969906,159.37138475900755,39.32608286856233,-4.738143229308491,-3.189775736865508,-1.548367492442983,171.74274631461384,144.8210293201518,0.18330620410300558,6.477738010295468,334800.0,13.763805903372887,8.296681129305698,0.011825774035564507,0.011756396000123744,0.030976013294414007,-0.07870562672244852
2022-09-20,144.95249938964844,147.68108713223123,144.08927829406127,144.6449155574268,23217400,157.44049072265625,163.90099243164062,153.14389658507588,158.30331917609206,39.386398235100316,-5.159422591016181,-3.583705107695643,-1.5757174833205378,172.0364427037894,142.8445387415231,0.20138944885520874,6.326779480410041,-22882600.0,6.6420727925992376,9.261983503108459,-0.013038713547674163,-0.013124463770472609,0.03054070623343769,-0.08001909973749444
2022-09-21,141.01341247558594,148.43518218270748,140.8943516710801,145.25016940235443,38338600,156.49838409423828,163.4812860107422,151.27766826053897,157.02258534642493,29.334660938712005,-5.744917085885959,-4.015947503333707,-1.728969582552252,172.7737366702121,140.22303151826446,0.23083410705760507,6.108491982579123,-61221200.0,0.4082855549252921,6.93805475029913,-0.027175018924467054,-0.027551088540395955,0.030910534573858516,-0.003588720607306972
2022-09-22,141.7079620361328,143.4542526254641,139.77313328922853,140.44784645009264,34418500,155.48434295654297,163.07110473632812,149.8054057644765,155.8881688049218,26.82023057531663,-6.082763040445315,-4.429310610756029,-1.6534524296892856,172.81250821472656,138.1561776983594,0.24456163237694772,5.874613875245093,-26802700.0,6.389289221190972,4.479882522905157,0.00492541488326248,0.004913324710535472,0.030692846262185876,-0.04488179302341033
2022-09-23,139.3167266845703,141.50951044279367,137.80855764915447,140.31885705271978,31710700,154.07688751220704,162.72105163574219,148.1917628291063,154.66065457378465,28.353975687272168,-6.468891744678359,-4.837226837540495,-1.6316649071378642,171.87385509752193,136.27991992689215,0.255489315731762,5.535844665817998,-58513400.0,4.676934844074677,3.8248365400636373,-0.016874389534674017,-0.01701838422603577,0.0292744285203589,-0.03368742689831106
2022-09-26,135.30816650390625,141.13247074803093,135.12957531950997,139.028967578612,30497000,152.8162811279297,162.15886352539061,146.20967108676783,153.22713693897884,27.02590286350032,-7.017465852211018,-5.273274640474599,-1.7441912117364184,172.19310989412122,133.43945236173818,0.28641033674241867,5.681133302585015,-89010400.0,0.5113425789810819,3.8591888814155664,-0.028773000027052853,-0.029195058432210114,0.028658237511410167,0.01642605922082696
2022-09-27,133.35353088378906,138.33444848189532,133.075712226363,136.84612775712097,30826500,151.5874267578125,161.50737670898437,144.23180336323264,151.75501797192774,23.134195482891343,-7.523214608695099,-5.7232626341187,-1.7999519745763992,172.6431554852275,130.53169803039748,0.3157880948163874,5.76263623075558,-119836900.0,0.7512713982652178,1.9798496071069822,-0.014445806713822784,-0.014551163250681481,0.028635839983453513,0.043749743262081475
2022-09-28,140.50735473632812,140.92408259070461,133.22451125941086,133.571776901403,32658500,150.81597976684571,160.82929748535156,143.6588112667858,150.9218577322537,31.03315873444764,-7.263046465467909,-6.031219400388542,-1.2318270650793668,172.32649307806395,129.30546645562748,0.30618344999212627,5.994389212069537,-87178400.0,20.096492120421395,7.119702032555888,0.053645552578380995,0.052256105685423763,0.03174093325610663,-0.018571960700629497
2022-09-29,135.3478546142578,138.7511398392883,134.1472695516224,138.2748815722821,38985400,149.50030364990235,159.9029669189453,142.38020255101225,149.76822787166142,18.53127977947274,-7.388025320649177,-6.302580584440669,-1.0854447362085082,171.43252244732932,127.56808485247538,0.32408668552499664,5.918555814269013,-126163800.0,6.144279886118701,8.99734780160176,-0.03672049859420157,-0.037411668998799046,0.030934225878387785,0.019500331279367344
2022-09-30,134.62350463867188,139.8921704239107,134.4449134967865,134.99063388583852,33166400,148.02785568237306,158.96056213378907,141.1868644106522,148.64639652106962,18.34086752488396,-7.4595321104174275,-6.533970889636021,-0.9255612207814066,169.79439099678584,126.2613203679603,0.32336901899610965,6.016359947245642,-159330200.0,5.670447694183005,10.637073233574357,-0.005351765476078962,-0.005366137472906122,0.030459300468222823,-0.016435471011889136
2022-10-03,137.53074645996094,138.53287688225336,135.04029543467058,136.07219105782457,27723100,146.9508071899414,158.35213684082032,140.62438472593047,147.82301503506156,31.69443021533054,-7.19863030913109,-6.6669027735350355,-0.5317275355960547,168.54752506175237,125.35408931813043,0.3140638501238467,5.1410867681117844,-131607100.0,22.36056764494516,11.391765075082278,0.021595350894274112,0.02136547491757021,0.030785935456589503,-0.03477394026437852
2022-10-04,139.18771362304688,141.2812847896686,138.25503047678262,139.396085127203,34670700,146.04491577148437,157.8288430786133,140.4033584024099,147.18336307861603,35.896126780555946,-6.780004676206119,-6.689523154069253,-0.09048152213686578,167.3305366265279,124.75929491644084,0.3058548818854803,5.090765993653536,-96936400.0,30.6771650924385,19.56939347718888,0.012047976221581269,0.011975977075160007,0.031049320194595383,-0.0836896224278394
2022-10-05,137.89785766601562,139.11829143443242,133.7305630972215,137.1636292075968,27979300,144.9827522277832,157.42858459472657,140.01789675065694,146.49554786286785,36.466068130540165,-6.477651112210907,-6.647148745697584,0.16949763348667712,165.6272050377062,124.33829941786021,0.2994165849903662,5.090764267887345,-124915700.0,31.395259426558535,28.144330721314052,-0.009267024534395985,-0.009310230540831164,0.03078715202295364,-0.08260189964363152
2022-10-06,137.9871826171875,140.34864120337642,135.53641328119937,136.64768790999418,36231100,143.84220428466796,156.82313690185546,139.70547919166165,145.86529858541005,39.93871729097581,-6.159819393748393,-6.549682875307746,0.38986348155935335,163.2937000514429,124.390708517893,0.28193192147039453,5.061706880728524,-88684600.0,31.976822145974918,31.349748888323973,0.0006477617033631144,0.0006475519963061894,0.030578575514977446,-0.06313401734444102
2022-10-07,132.41090393066406,137.21321419500794,131.4087736296269,135.695128574833,33214800,142.07110290527345,156.28198333740235,138.58323684381588,144.86867675913257,31.682182446731616,-6.285439915316687,-6.496834283309535,0.21139436799284805,158.54818043475052,125.59402537579639,0.24887795552102202,5.284957586360027,-121899400.0,5.885740952674349,23.085940841735923,-0.0404115699788834,-0.04125080517440712,0.028950540619372533,-0.05013102002712477
2022-10-10,132.74826049804688,135.05020348397787,130.84321206485183,132.51013890638444,24024000,140.3262939453125,155.7797247314453,137.68554817523602,143.9708681472003,33.89209664895219,-6.28531997196427,-6.454531421040482,0.16921144907621155,152.1284308465776,128.5241570440474,0.17781230212713403,5.328899199285461,-97875400.0,10.829079519372051,16.23054753934043,0.002547800501078612,0.0025445603597042776,0.029030483818720698,0.0018686657953812524
2022-10-11,127.53914642333984,131.62707729352172,126.00121968105158,130.5951665340661,38481400,139.10636787414552,155.15681289672852,136.12456329032892,142.75370357506247,32.79271448513546,-6.629140284733552,-6.489453193779096,-0.13968709095445586,150.89889283756392,127.31384291072712,0.1849240063795872,5.27219993538317,-136356800.0,8.811802207091475,8.508874226379282,-0.03924054488671569,-0.04003120819785623,0.022763015075021317,0.033141428709100085
2022-10-12,126.50723266601562,128.6603343385144,125.2669656790939,127.32085507662566,34605200,137.91720008850098,154.50810317993165,134.6449739635115,141.55026128550344,30.75377496903367,-6.905287321991949,-6.572620019421667,-0.33266730257028243,149.7575533287537,126.07684684824827,0.18718855816744862,5.251646315610663,-170962000.0,7.635915460840968,9.092265729101486,-0.008090957061128501,-0.008123866486918013,0.02275623976672848,0.04494137944593368
2022-10-13,129.27549743652344,130.11888501437636,121.57592569909303,122.56813925422476,34325700,136.96169776916503,153.74390029907227,133.81890065166718,140.64101951891232,37.406649567992794,-6.822118867245138,-6.622519788986361,-0.19959907825877643,148.3195556434361,125.60383989489394,0.17571555475697154,5.58332881048959,-136636300.0,39.073491133293395,18.507069600408602,0.02188226484896827,0.021646284410533664,0.02370139028932271,0.00951748182496659
2022-10-14,125.77301025390625,130.76383636476277,125.53487351641806,129.97999420633082,23559400,135.99280128479003,152.87452285766602,132.58107135970397,139.53968549928223,37.88759365523632,-6.958614139578259,-6.689738659104741,-0.2688754804735183,147.70965623012376,124.2759463394563,0.18631747656639758,5.528047911905572,-160195700.0,21.299203609070755,22.669536734401692,-0.027093202130875293,-0.027466989802301275,0.023908703477712442,0.02563893209231005
2022-10-17,132.99632263183594,133.7404829345073,129.16637700182142,129.2854529454353,29612200,135.29924430847169,152.2182731628418,132.6449561708012,139.05499195354545,49.59980961622478,-6.410035782744245,-6.633798083832642,0.22376230108839668,145.8942032509451,124.70428536599825,0.15932709616043578,5.721529085124767,-130583500.0,57.95579202423846,39.44282892220085,0.05743133891243857,0.055842702088024,0.027665170309066248,-0.032229174532904636
2022-10-18,131.76597595214844,136.7667260943057,130.37686775600895,136.02256585565274,25445000,134.6399181365967,151.47510513305664,132.50972844485463,138.51506484233087,38.70807127825528,-6.005336397476242,-6.5081057465613625,0.5027693490851206,144.3059946585851,124.97384161460829,0.14671581874062378,5.627978157053554,-156028500.0,51.71207591650462,43.6556905166046,-0.009250982698922994,-0.009294038785839797,0.0276171975904203,0.03546685364860869
2022-10-19,132.19264221191406,135.93329253022526,131.1905117100772,131.85529314871923,30691000,134.1988796234131,150.7746028137207,132.46094594747916,138.04673724007776,45.35635973385207,-5.5857912925986,-6.32364285576881,0.7378515631702101,143.43592571963387,124.96183352719231,0.13975128935562312,5.512456416728006,-125337500.0,53.877305475543885,54.515057805428974,0.0032380609385882497,0.0032328297089189283,0.027130082238693416,-0.025594984496230544
2022-10-20,130.50587463378906,135.70508018627078,130.28758639540368,131.8949678417137,26356300,133.6387752532959,149.84569290161133,132.16016574537298,137.4881548247971,44.10687820647197,-5.327989079424128,-6.1245121004998735,0.7965230210757452,142.2991748652803,124.97837564131153,0.13272045624438322,5.510330478423929,-151693800.0,45.3173621104614,50.302247834169954,-0.012759920294361016,-0.012842027277472912,0.027150564152178355,-0.2553791240867207
2022-10-21,128.99769592285156,129.10684003395843,124.46328724863885,125.32650831104277,46348600,133.12282371520996,148.90348709106445,131.67363192652354,136.85923194317152,37.2780919553009,-5.185600016647982,-5.936729683729496,0.7511296670815142,141.5862228325109,124.65942459790901,0.1312178338807319,5.6627029885359805,-198042400.0,37.66371467410346,45.61946075336957,-0.011556404760855288,-0.011623698961421408,0.027041211599621084,-0.23698180256359336
2022-10-24,128.7099609375,132.440678957435,123.60005892557997,126.25919191467688,63563400,132.79291343688965,147.89579483032227,131.21768254359685,136.2555822390477,33.71381161797315,-5.037899695450847,-5.7569636860737665,0.7190639906229199,141.41063276999597,124.17519410378331,0.13390912824984835,6.026280252975078,-261605800.0,38.002148577807866,40.32774178745756,-0.002230543602295354,-0.002233034970102024,0.02637859948622523,-0.28183783877343527
2022-10-25,136.43930053710938,137.27277155210777,129.5731835448493,129.8609339964498,38433200,132.94720191955565,147.03495010375977,132.02100838875262,136.26919100186709,48.11102405460613,-4.248182613114466,-5.4552074714819065,1.2070248583674408,141.71634529895428,124.17805854015701,0.128542778288629,6.248113116459535,-223172600.0,79.17541196335289,51.613758405088056,0.060052380898185875,0.058318322844733136,0.029615149186901932,-0.30768682774143485
2022-10-26,128.80917358398438,134.49455312999504,127.5292095937446,130.65467629925334,82791500,132.36229286193847,146.0496812438965,131.5268799572498,135.71659711906096,40.05587318762542,-4.18971716181116,-5.202109409547758,1.0123922477365976,140.54944460520463,124.17514111867233,0.12712063148092595,6.540817617972945,-305964100.0,46.080900278709905,54.41948693995687,-0.055923234164116264,-0.05754779640150503,0.029606458317001594,-0.302572794521632
2022-10-27,97.17739868164062,101.70189010182288,95.62954037737664,97.21708813251803,232316600,130.45377006530762,144.52345779418945,126.24234437638685,132.86184167925205,25.601209313619307,-6.619497302865199,-5.485586988211246,-1.1339103146539529,148.073160813578,112.83437931703726,0.3626232228337912,8.440905062190597,-538280700.0,3.7169505356876456,42.991087592583476,-0.24557082405097208,-0.28179387403502393,0.061469508247025795,-0.09219920240152568
2022-10-28,98.4275894165039,100.06474342579838,96.75075352345948,98.80463544203202,95928300,128.64397430419922,143.02600921630858,121.96315130563563,130.3111563264559,26.530056011053716,-8.348005020820253,-6.0580705947330475,-2.289934426087205,151.20330550796197,106.08464310043647,0.45839446719153526,8.377119239562944,-442352400.0,6.71909686191189,18.838982558769803,0.012865036025084153,0.012782984430937332,0.06174444772321336,-0.08477811312383343
2022-10-31,92.43462371826172,98.54665563117554,91.87897894800474,97.45522217208263,121361400,126.38916816711426,141.54165756225586,117.42030090757811,127.50548724436743,26.24865401212169,-10.08518633678932,-6.863493743144303,-3.2216925936450176,153.7189113704264,99.05942496380212,0.5913313021452326,8.371450372861194,-563713800.0,1.22405452016475,3.886700639254752,-0.06088705142297546,-0.06281952098313763,0.062034103527394524,0.03821390141017478
2022-11-01,94.45872497558594,96.73089486642364,92.82157870798524,93.5955040497576,110189600,124.15271873474121,140.195223236084,113.88775076419469,125.05757892816139,28.60359088724995,-11.169828163966699,-7.7247606273087825,-3.445067536657916,154.25276915349158,94.05266831599086,0.6373164665631492,8.435943407771296,-453524200.0,5.68303699588033,4.542062792652314,0.0218976523720551,0.021661342316678513,0.062320123201114075,0.013340474443929384
2022-11-02,89.83502197265625,94.45873350080176,89.77549157791279,93.47644413758876,71821100,121.74957695007325,138.7948127746582,110.18733095011186,122.44850063516101,24.305107797425592,-12.261169685049154,-8.632042438856857,-3.629127246192297,154.76260651600043,88.73654738414606,0.7349701450727224,8.160249308314556,-525345300.0,0.12533432393297209,2.344141946659341,-0.04894945389242489,-0.05018806736803198,0.06268869035167862,0.12072011751141587
2022-11-03,88.21772003173828,89.75564666078411,87.7216132023707,89.37860819566096,60664000,119.26110382080078,137.3193914794922,106.80739080882361,119.9128872571297,24.917158209469576,-13.105496448306084,-9.526733240746703,-3.5787632075593816,154.54554558562464,83.97666205597693,0.799940006432483,7.93770973131033,-586009300.0,1.0012012753687667,2.2698575317273466,-0.01800302271212484,-0.01816704875066198,0.0625184256315411,0.25823858828164936
2022-11-04,90.08308410644531,90.67841082153454,87.40410253355893,89.64650764938459,55638100,117.14471282958985,135.7717364501953,104.23442054691925,117.70327220893085,19.129193061164173,-13.468851662011602,-10.315156924999684,-3.153694737011918,154.14419666832453,80.14522899085517,0.8214524226327508,7.602483703265657,-530371200.0,5.372073539472665,2.166203046258125,0.021145004360075603,0.0209245509985452,0.06297437376401877,0.24485071612052467
2022-11-07,95.96691131591797,96.12566157324486,92.37509495776996,94.04201429464656,81987300,115.3056453704834,134.4806687927246,102.96249604984213,116.09317140204101,25.862992576528853,-13.130675352198878,-10.878260610439524,-2.2524147417593543,152.69394572263687,77.91734501832994,0.7791914908894623,7.577677926730141,-448383900.0,17.1707185106592,7.847997775166867,0.06531556138242478,0.06327105704022404,0.0655089276085188,0.18093464482264476
2022-11-08,95.7188491821289,97.03849511420917,94.05192999686678,95.17312866285086,52088300,113.71463050842286,133.23643341064454,101.84808883942472,114.58396234871418,25.348695774449226,-12.735873509289462,-11.249783190209513,-1.486090319079949,151.61564073352702,75.81362028331868,0.7919236503353289,7.452233947958308,-500472200.0,16.673287681511102,13.072026577214311,-0.0025848714977650955,-0.0025882180462709205,0.06527164059263377,0.21364155650127947
2022-11-09,100.67991638183594,104.0832093724771,99.95559711456131,100.92796978473984,107677300,112.42326469421387,132.13130584716797,101.66836999979567,113.55403301783431,30.696106831209264,-11.885663018038642,-11.376959155775339,-0.5087038622633031,150.24893635965572,74.59759302877201,0.7514045109450673,7.662724405064101,-392794900.0,26.62155238807919,20.155186193416487,0.05182957423848,0.050531099517380794,0.06681522480588047,0.11589641898596259
2022-11-10,110.99893951416016,111.87208476763833,103.79546657050064,106.28592485654346,80671000,111.5094367980957,131.11805709838868,103.10384223277482,113.36476683237697,39.543459208753305,-10.260924599602149,-11.153752244540701,0.8928276449385528,148.49461491273956,74.52425868345185,0.6664059724629289,8.0305516193964,-312123900.0,47.31394970928922,30.202929926293162,0.1024933621635975,0.09757430760744919,0.07106947247553862,-0.0037543165773962217
2022-11-11,112.1399917602539,114.0053584062435,107.9627728904425,108.37950840773185,59961700,110.82778587341309,130.0794076538086,104.49401908315622,113.27404275296045,40.468034103281845,-8.780023669804237,-10.679006529593408,1.8989828597891716,147.2035912014062,74.45198054542,0.6487570536969823,7.830692011106826,-252162200.0,49.60206420788642,41.17918876841827,0.010279848177722428,0.010227369877998951,0.07094720226167221,-0.0085825592191483
2022-11-14,113.33065032958984,115.36468387805913,109.93728128327324,110.12579673918653,53395000,109.84450225830078,129.16458633422852,105.85350081337678,113.27823590678486,35.62523343152175,-7.424735093408074,-10.028152242356342,2.6034171489482674,144.72981703357306,74.9591874830285,0.6156377762559078,7.606734295405262,-198767200.0,55.05691168188252,50.65764186635271,0.010617608853418448,0.010561637881222819,0.06960605343179334,-0.03817213331336178
2022-11-15,116.16837310791016,117.81544379009492,113.51916454422182,115.16623522640658,50670500,109.06462211608887,128.34184295654296,107.440404243305,113.49232014390525,41.638223870301246,-6.05191590060025,-9.232904974005123,3.1809890734048736,142.55603723288004,75.5732069992977,0.5766012593751417,7.290641618058141,-148096700.0,94.58402485692204,66.41433358223031,0.025039323166924365,0.02473097591978163,0.06992775253476435,-0.04817212134092441
2022-11-16,112.34835815429688,115.1761656241988,111.78279666031649,113.60846619527436,33287800,108.07240791320801,127.40598754882812,108.19547407576529,113.40758221874907,65.87749033038064,-5.21210814298378,-8.428745607800854,3.216637464817074,139.808635060454,76.33618076596201,0.5649611203692025,5.2339232781285645,-181384500.0,82.02287235376937,77.22126963085798,-0.0328834333426089,-0.03343624616357556,0.0702054622798552,-0.008743339206955136
2022-11-17,110.58221435546875,111.45536726035598,108.94506779878482,109.55031876422171,35093800,107.07622489929199,126.40166900634766,108.56266488802736,113.19829571035794,62.5847703598848,-4.635630822330583,-7.6701226507068005,3.0344918283762174,137.0493167850149,77.10313301356908,0.542096069615206,5.240301881926647,-216478300.0,76.21535540188067,84.27408420419069,-0.015720245741397854,-0.015845119228018543,0.07022471291875367,-0.00035903937511139183
2022-11-18,111.17754364013672,113.42986531772654,109.75867780342048,112.91391754527949,33357700,106.18521728515626,125.26856124877929,108.96495392681341,113.04861037182303,71.84827073562248,-4.083656445009623,-6.952829409567365,2.869172964557742,134.42377494498578,77.94665962532672,0.5079903141453289,5.026266941293451,-183120600.0,78.17294510378323,78.80372428647776,0.005383589830768587,0.005369150112864065,0.0702517348754417,-0.02918338764541928
2022-11-21,109.00457763671875,111.49503568520781,108.33979639679968,110.65164813935317,24351100,105.19994812011718,124.09576400756836,108.97104988218346,112.74905239144493,66.89718504809301,-3.7780025092614693,-6.317864029506186,2.539861520244717,131.43329880402138,78.96659743621298,0.48132567003438137,4.944764665596751,-207471700.0,71.02769628027237,75.13866559531209,-0.019545008211833692,-0.019738537726030455,0.0703251584487605,-0.0036408881418150685
2022-11-22,110.57229614257812,110.75089490974986,107.47658670159785,109.00459669406948,29029000,103.90659790039062,123.26845657348633,109.21739546070572,112.58781118782517,75.93050510995388,-3.3704157271194504,-5.728374369028839,2.3579586419093888,125.8558511260106,81.95734467477064,0.397011801171559,4.84412654311554,-178442700.0,76.18274186863782,75.12779441756446,0.014382134584146833,0.014279692739885809,0.06880424116634963,0.05976306243622753
2022-11-23,111.36605834960938,111.79271052341535,109.86782118321183,110.85011058058302,21343100,103.03444213867188,122.4899659729004,109.54795898207551,112.49731097758696,79.55405417040808,-2.9493519955114493,-5.1725698943253615,2.223217898813912,122.00088517885645,84.0679990984873,0.3406144263567913,4.830660869538252,-157099600.0,78.79282802139689,75.33442205676901,0.0071786716449093735,0.0071530276350960185,0.06792939671180157,0.07305775471789633
2022-11-25,110.54251098632812,111.85223251914127,110.15554075232602,110.433366894428,12007600,103.70269775390625,121.73310531616211,109.70096698272977,112.35251097823446,76.83492432607076,-2.6515439955046958,-4.668364714561228,2.0168207190565326,122.74189911929668,84.66349638851582,0.3444684075928977,4.717973975169655,-169107200.0,71.41181965539798,75.46246318181089,-0.007394958351636172,-0.007422436606995279,0.037603654304116226,0.10842839146973837
2022-11-28,107.9330062866211,111.16762510453496,107.53611928816707,109.91743370890127,23309400,104.1779685974121,120.9887466430664,109.42897302948228,112.02514026033718,67.16968695097289,-2.5961672308549026,-4.253925217819964,1.657757986965061,123.13711715045889,85.21882004436532,0.3513132674670414,4.545754571567394,-192416600.0,58.41339967629643,69.53934911769709,-0.02360634543600859,-0.02388943929232382,0.03819029406817062,0.1254824787878981
2022-11-29,108.60770416259766,110.07618368108777,107.6948694302875,108.68708307062184,23899200,104.9866226196289,120.2235514831543,109.3026239730385,111.77199684568981,68.27003477465894,-2.46937287265132,-3.897014748786235,1.4276418761349152,123.20184021656218,86.77140502269563,0.3354314086165212,4.502522366814385,-168517400.0,48.44446430441372,59.4232278787027,0.006251080176390866,0.006231623217280645,0.03487296945111467,0.042572724713810794
2022-11-30,117.18043518066406,117.23997314960913,108.52833059963122,108.65732322402079,43348600,106.12270812988281,119.6681101989746,110.5145949280578,112.17262190753976,71.21714402666892,-1.65802697948196,-3.4492171949253803,1.7911902154434203,124.40736291401257,87.83805334575305,0.31207692232818923,4.5273282496450795,-125168800.0,95.47068728829262,67.4428504230009,0.07893299176301616,0.07597258218169889,0.03818733880465959,-0.03530915991419792
2022-12-01,119.50221252441406,120.25628943600728,117.4780958022648,118.27186216762439,36551400,107.6060676574707,119.23788619995118,111.89730532749722,112.71555454582675,63.76485330083515,-0.8182492183295267,-2.9230235996062097,2.104774381276683,125.12463621504526,90.08749909989615,0.29319237171438217,3.9475915260408527,-88617400.0,94.0994174261671,79.33818967295781,0.019813694497467838,0.01961995815972594,0.03545541058272901,-0.042427713942457146
2022-12-02,122.52845764160156,123.07417815982849,116.69424428941612,116.91253249670689,39950500,109.32160453796386,118.85429611206055,113.53286722197481,113.44243625662489,65.84920982595587,0.09043096534992401,-2.320332686614983,2.410763651964907,125.51571993358134,93.12748914234639,0.2643323144242233,3.9716878370845214,-48666900.0,96.50125135888226,95.357118691114,0.025323758056523316,0.025008424235183235,0.03465075085779451,-0.061462448747046206
2022-12-05,121.4767074584961,123.699263731685,120.40511498803421,120.80200192931514,35474900,110.8912857055664,118.49749572753906,114.75499648913193,114.0375674567635,62.48096968558106,0.7174290323684289,-1.7127803428183008,2.4302093751867297,125.21118281727794,96.57138859385486,0.2357636687939389,3.8193125620034425,-84141800.0,86.29969474255164,92.30012117586698,-0.008583721719421789,-0.008620774042285326,0.03510335492384466,-0.06305631855406868
2022-12-06,113.23143005371094,119.6113644410036,112.85438400330203,118.97634827925043,43689200,111.75451164245605,118.05596099853516,114.52060165291331,113.9778535750559,46.13981347918735,0.5427480778574107,-1.2616746586831586,1.8044227365405694,124.25182543730537,99.25719784760673,0.2207393086693555,4.114850418766942,-127831000.0,35.47406720287417,72.75833776810269,-0.0678753777352934,-0.07028875835928845,0.037717185871111315,0.05283910556029836
2022-12-07,113.04289245605469,114.97770589166707,112.00106517842416,112.87421796576824,29461100,112.62071380615234,117.64974822998047,114.29326177647353,113.90859719587063,51.00920447768622,0.38466458060290165,-0.9324068108259467,1.3170713914288483,122.58253437770826,102.65889323459642,0.17624850806836115,4.014212152027603,-157292100.0,34.311881718351735,52.02854788792584,-0.0016650641749098583,-0.001666451934950099,0.0377029173851343,0.06723420872501262
2022-12-08,114.4320068359375,116.42635090508423,113.6977632539732,115.48375092633268,30619400,113.30831832885742,117.12824127197266,114.31460717023721,113.94736828032002,55.655976705775956,0.3672388899171892,-0.6724776706773196,1.039716560594509,121.54970321430272,105.06693344341213,0.14403985586412146,4.012795587278852,-126672700.0,42.874675499063045,37.55354147342964,0.012288383194218433,0.012213493901500803,0.03635204312241107,0.007110020300247433
2022-12-09,114.99755859375,116.62478830403349,112.9833661822399,114.40223194340052,26033400,113.50824928283691,116.7212353515625,114.4196766200084,114.0251601553889,55.61714341761352,0.39451646461949963,-0.45907884361795576,0.8535953082374554,121.70764428463016,105.30885428104366,0.14260120131348386,4.010669487813675,-100639300.0,46.36085571906463,41.182470978826466,0.004942251503317063,0.004930078669352319,0.028584426996614686,0.03045725590726711
2022-12-12,113.81683349609375,114.81897146041706,112.25905827788338,114.28317514988747,24747100,113.5920913696289,116.30510192871094,114.32693152402153,114.00972855099667,57.28888023621893,0.31720297302486244,-0.3038224802893921,0.6210254533142545,121.76683267294298,105.41735006631482,0.14364731564236743,3.9809024183464246,-125386400.0,39.08261739012759,42.772716202751745,-0.010267392735069936,-0.010320466007154187,0.02864633226798793,-0.002005134667721342
2022-12-13,119.2144775390625,122.33995220727563,117.71623273284158,121.17905642537491,44701100,113.88628273010254,115.93877655029297,115.07886168018169,114.39526551307561,61.72906923300018,0.6835961671060744,-0.10633875081029882,0.7899349179163733,122.43628773749782,105.33627772270725,0.1434390383432036,4.35581745427713,-80685300.0,72.25300925189958,52.56549412036392,0.047423951951307775,0.046333770609522214,0.030415517741798927,-0.02546833161820794
2022-12-14,120.64324188232422,123.17338946222026,118.46037510083681,118.46037510083681,36922000,114.11002616882324,115.56788711547851,115.934920172819,114.8580785774644,62.37754314259781,1.0768415953546082,0.1302973184226826,0.9465442769319257,123.13262492727071,105.08742741037577,0.1495748724532476,4.554969241504267,-43763300.0,81.09265272700517,64.14275978967744,0.01198482242052834,0.011913573144634974,0.030054937011651975,-0.015050448205398248
2022-12-15,115.24562072753906,117.70630642075625,113.122284052751,117.40864685802285,34531000,114.25488929748535,115.11484237670898,115.8288741043144,114.88678540339585,55.59229038150431,0.9420887009185464,0.2926555949218554,0.6494331059966909,123.25139170532987,105.25838688964083,0.15612744937378284,4.970988245986979,-78294300.0,47.69802971096279,67.0145638966225,-0.04474035238583862,-0.04577209313621296,0.03089115723807527,0.008351210958358557
2022-12-16,118.50006866455078,122.34985464607499,117.89481777258587,119.29384255991133,67064000,114.65078201293946,114.72510009765625,116.23982711358153,115.15443601533325,62.375091650466324,1.0853910982482802,0.4512026955871404,0.6341884026611397,123.66363131723283,105.63793270864609,0.15211551192948053,5.219040253284696,-11230300.0,67.51395291882204,65.43487845226333,0.02823923300917275,0.02784785689358076,0.03114737828720709,-0.01163865070920167
2022-12-19,113.58861541748047,116.8827642422822,113.43978186458503,115.9203158462125,29769900,114.77133560180664,114.34865432739258,115.83194839110445,115.03844930438119,55.30655989548306,0.7934990867232585,0.5196619738143641,0.27383711290889445,123.65210784763087,105.89056335598241,0.1563672946128287,5.410395435367945,-41000200.0,33.35513230115107,49.52237164364529,-0.04144683882820033,-0.04233025515306979,0.03275080433619698,0.02096433256559327
2022-12-20,116.17828369140625,116.41642039944615,111.58433757114356,112.37811145796563,28742500,115.13002090454101,114.01725479125976,115.88523074499703,115.12288148119787,48.77632929545079,0.762349263799166,0.5681994318113245,0.19414983198784153,123.60008524359247,106.65995656548955,0.14581149023598453,5.13328402667685,-12257700.0,37.91972034337335,46.26293518778215,0.02279866045032586,0.022542654745266677,0.032681761133129976,-0.012554341687396442
2022-12-21,118.82750701904297,119.40298517401476,114.71974317671537,115.79132814906961,20392800,115.54278144836425,113.84302200317383,116.33788863331179,115.3972981877049,49.18269075365261,0.9405904456068868,0.642677634570437,0.29791281103644973,123.88122223776125,107.20434065896725,0.140345295438382,5.248097436816577,8135100.0,59.787153064891875,43.68733523647209,0.022803085425789238,0.022546981076599065,0.032880280565575244,0.004174970861881455
2022-12-22,116.20806121826172,117.69638163953562,113.48939046500924,116.28743255420459,23618100,115.78488159179688,113.63703857421875,116.31791518484255,115.45735470848689,42.267535651797076,0.8605604763556585,0.6862542029274813,0.17430627342817717,123.89064181824786,107.67912136534589,0.13950426745743158,5.173681914218102,-15483000.0,38.16551240564771,45.2907952713043,-0.022044102973240554,-0.02229070502879586,0.0333826711999746,0.027493196227348804
2022-12-23,117.12088775634766,117.259797047044,114.64035389392922,115.12653641136643,17796600,116.11380043029786,113.39394638061523,116.44144942661256,115.5805793786988,44.65285104940613,0.8608700479137639,0.7211773719247379,0.13969267598902602,123.84929099605857,108.37830986453714,0.13209412452291575,5.125488657751246,2313600.0,47.77397009490802,48.57554518848253,0.007855105132263285,0.0078244144084184,0.03331503897764766,0.0567603889945516
2022-12-27,115.96992492675781,117.67653356062343,115.14639337715077,117.01175225347482,21392300,116.5156463623047,113.19788467407227,116.36890719586567,115.60941978966613,54.07078126265208,0.7594874061995398,0.7288393787796983,0.030648027419841517,123.2292668016884,109.80202592292099,0.11578209511860546,4.690332709771146,-19078700.0,37.842503394195916,41.260661964917205,-0.009827135463524206,-0.009875740453260578,0.03286613695023018,0.08975027647280576
2022-12-28,114.71974182128906,117.23004107638656,114.61059771715533,115.34483367860929,19612500,116.82124824523926,112.83235305786133,116.11518944593081,115.5435177179345,52.41637434866811,0.5716717279963035,0.6974058486230194,-0.12573412062671585,122.49514406156574,111.14735242891278,0.09891751369464026,4.664818613056025,-38691200.0,27.0548814462479,37.55711831178393,-0.010780235533120464,-0.010838763280859903,0.03302799433211699,0.09790699273623082
2022-12-29,119.3236083984375,120.08760953159305,114.86856393098249,115.49366333718959,22366200,116.92840690612793,112.58350570678711,116.60879236170108,115.8235244350088,56.45119223102623,0.7852679266922706,0.7149782642368696,0.07028966245540103,122.71078170052498,111.14603211173089,0.09691920772440805,4.806562131718485,-16325000.0,66.78087991464763,43.8927549183638,0.04013142379905599,0.03934707420694091,0.02927532433452106,0.0811573720280021
2022-12-30,119.40299224853516,119.48237116081691,116.82323815929612,117.23997366378045,19583800,116.92344589233399,112.32771270751954,117.03866926736787,116.08867019897372,55.88549163555035,0.949999068394149,0.7619824250683256,0.18801664332582346,122.6966860073483,111.15020577731967,0.09670176611650441,4.73639862312757,3258800.0,67.46586994521199,53.76721043536916,0.0006652820105186308,0.0006650608085442299,0.02894993592820305,0.07586833784131497
2023-01-03,123.76871490478516,125.38602782036301,121.32787050390064,121.86366672409312,35528500,116.98545875549317,112.19296951293946,118.0740609038936,116.6575623994042,62.25262740074351,1.4164985044893967,0.8928856409525399,0.5236128635368569,123.03235567193941,110.93856183904693,0.09771284966638137,4.968151141410516,38787300.0,88.28177645450245,74.17617543812068,0.03656292504933911,0.03591036021579353,0.029562596132997998,0.06613761913694183
2023-01-04,126.37825775146484,128.04517701826012,124.87008873532221,126.38817443776281,32397100,117.2305362701416,112.14058074951171,119.35162964967378,117.37761390696424,59.4701093122132,1.9740157427095397,1.1091116613039398,0.8649040814055999,124.34665095981654,110.11442158046665,0.11261612268258164,4.664818527288594,71184400.0,89.87342490612771,81.87369043528071,0.021084026352597984,0.020864833888878553,0.029803797559141983,0.04333837157209053
2023-01-05,125.95160675048828,127.51930617905816,123.5702924084817,125.14790852344242,25447100,117.86654510498047,112.08541366577148,120.36701074210679,118.01272448796603,57.20833895784351,2.35428625414076,1.358146579871304,0.9961396742694562,125.713901271861,110.01918893809994,0.1246090680276313,4.610247056516665,45737300.0,87.28150969839278,88.47890368634097,-0.0033759841967090365,-0.003381695689586652,0.024881751643109642,0.07696540418102438
2023-01-06,129.00759887695312,129.31518262851256,125.05858595795442,127.96577171136643,27584500,118.66478042602539,111.93677963256836,121.69633199362161,118.82715962789099,69.95682937804887,2.86917236573062,1.6603517370431673,1.2088206286874525,127.61636489105508,109.71319596099569,0.13877608052480192,4.3770784023013025,73321800.0,98.26526174276023,91.80673211576023,0.02426322462498476,0.023973548882100407,0.02515552878199525,0.05353035645980042
2023-01-09,128.46189880371094,131.91479796779146,128.2733757932046,130.13874224666318,26649100,119.36627502441407,111.9298341369629,122.73718842594305,119.54084401128506,65.67773844860508,3.196344414657986,1.9675502725661311,1.228794142091855,129.08708145483624,109.6454685939919,0.15134147199981077,4.129734706304942,46672700.0,83.01612901260219,89.5209668179184,-0.0042299839543767925,-0.004238955645515391,0.025241295073489687,0.04549311137504164
2023-01-10,131.95448303222656,132.40097609349974,126.15995207065836,126.27901284967068,28684400,120.2141212463379,112.62537582397461,124.15523374998666,120.4603728276511,80.2550357637642,3.6948609223355646,2.313012402520018,1.3818485198155468,131.20547959493985,109.22276289773595,0.1665931781327594,4.214073079367486,75357100.0,97.85511449520435,93.04550175018892,0.0271877051564704,0.026824684602790208,0.02567391787809581,0.00022572295814105026
2023-01-11,131.85528564453125,132.8078175134379,129.325137534604,129.94032035951514,25423000,121.11604385375976,113.29392974853516,125.33985711837813,121.30444044371629,78.13402795872524,4.035416674661846,2.6574932569483836,1.3779234177134625,132.83350210464477,109.39858560287477,0.17773209763428216,4.117687161548292,49934100.0,95.06930938285258,91.98018429688636,-0.0007517545854890395,-0.0007520372946615989,0.025419812880541005,0.02453146922419247
2023-01-12,135.64552307128906,136.60795630012376,130.7340538147821,132.40098047601523,30757700,121.93759613037109,114.1581477355957,126.92534418805674,122.36674286057354,78.9942833672231,4.558601327483203,3.0377148710553477,1.520886456427855,135.28446867048874,108.59072359025343,0.19679046146039259,4.202734339265597,80691800.0,95.83696827624472,96.25379738476721,0.028745434119159308,0.028340034719010754,0.024196864279766497,0.019457313633303386
2023-01-13,135.91342163085938,136.3202328612328,133.79008502400478,133.91907764338632,22423800,122.70110511779785,114.98724166870117,128.3081253331033,123.37020054726138,86.96961806876398,4.937924785841929,3.4177568540126644,1.5201679318292647,137.41343226123172,107.98877797436398,0.21649557441637401,4.002165145208046,103115600.0,96.84264514026444,95.91630759978723,0.0019749900586805147,0.00197304232988961,0.02418654340694706,0.04591903064726588
2023-01-17,134.3060302734375,135.68520653868867,133.20467259831045,135.11963753309317,21147600,123.65412559509278,115.8766618347168,129.23087993930858,124.18026200845961,81.4224632381767,5.050617930848972,3.744329069379926,1.3062888614690462,138.7960839413223,108.51216724886325,0.22548441518823215,4.008544136596199,81968000.0,89.5354434538159,94.07168562344168,-0.01182658296829242,-0.011897073325238454,0.021505191805461475,0.05747635732366274
2023-01-18,131.98426818847656,136.18132782317699,131.76597996728842,134.75253769902895,20215500,124.32833557128906,116.75199279785156,129.65447813148828,124.75833654031271,78.07946349825013,4.896141591175564,3.9746915737390536,0.9214500174365101,139.70302822956302,108.95364291301512,0.23297765512960283,4.1432018274830495,61752500.0,78.9807121841578,88.45293359274604,-0.017287102300872048,-0.017438268942453233,0.02164813742284824,0.06374957065089149
2023-01-19,135.0898895263672,136.37977036748882,131.1111180301182,131.45839888195158,28625200,125.4033992767334,117.65212890625,130.49069526916196,125.52363676150193,83.5349145276932,4.9670585076600275,4.173164960523248,0.7938935471367792,140.62225733769466,110.18454121577213,0.22531453855383918,4.332431040207291,90377700.0,93.01697697474924,87.17771087090763,0.02353023872099458,0.023257670109740176,0.018915212260459727,0.0818948881038164
2023-01-20,138.28482055664062,138.85038964114324,133.56188872561822,134.8319210690861,28688600,126.50872611999512,118.49848709106445,131.6897914672356,126.46890963521591,82.73394253608687,5.2208818320197,4.382708334822539,0.838173497197161,142.11276136899832,110.9046908709919,0.22567965429888803,4.326761983437366,119066300.0,97.4324002540999,89.81002980433566,0.02365040819468467,0.0233750700802891,0.018949142051961188,0.08875642556016272
2023-01-23,142.15443420410156,142.6406091357408,137.5803293049433,138.20541352276183,27470100,127.67507247924804,119.42719879150391,133.2997365036765,127.63080034402225,84.73200786225611,5.668936159654265,4.6399538997888845,1.0289822598653808,144.31451755621129,111.0356274022848,0.2341037783326937,4.498272471242845,146536400.0,97.7188528371943,96.05607668868113,0.02798292416972803,0.02759855616517712,0.019182885662191253,0.02645361059561302
2023-01-24,142.02545166015625,143.87096953007216,140.25931269367496,140.58674499285107,21970200,128.96594200134277,120.25410949707032,134.64215422005802,128.69707081188403,82.01127277914264,5.945083408173986,4.900979801465905,1.044103606708081,145.86347861498086,112.06840538770467,0.23795082382939567,4.328888275854942,124566200.0,90.9090821957745,95.35344509568955,-0.0009073409821329648,-0.0009077528651262877,0.017912564215853084,0.04072915346086825
2023-01-25,140.39820861816406,142.05520332710776,139.2174721444914,140.12039005259123,26622000,130.1298080444336,120.8420948791504,135.52770105053588,129.56382176049738,75.45952223857311,5.963879290038506,5.113559699180425,0.8503195908580805,146.79715247188045,113.46246361698672,0.23742958819049378,4.226121780793612,97944200.0,82.89337398975903,90.50710300757594,-0.011457404450900266,-0.011523546203148168,0.018556437070692388,0.08212028578641961
2023-01-26,146.15306091308594,146.36141728300726,142.18420665958723,143.2756324953129,25482100,131.63896484375,121.52235626220703,137.1623717986205,130.79265429031875,80.7367928764119,6.369717508301761,5.364791261004693,1.0049262472970684,148.37369404249648,114.90423564500348,0.22900278781979505,4.369992844669808,123426300.0,99.02193108637863,90.94146242397072,0.04098949944990493,0.040171702598196996,0.019269727193270032,0.28153437039420504
2023-01-27,150.55848693847656,151.99719353324195,146.24235201420336,147.0857395731919,35771900,133.43090209960937,122.26691299438477,139.2233125893676,132.25679004203414,81.49660958958509,6.966522547333454,5.685137518270445,1.281385029063009,150.21253643736046,116.6492677618583,0.22292511938710755,4.483388269641084,159198200.0,94.43165557053301,92.11565354889022,0.030142550541657487,0.029697191249477384,0.018914423582439242,0.2292739202114198
2023-01-30,145.91493225097656,149.9433171179442,145.80578814738973,148.24664030943237,28040100,134.76046829223634,122.8618441772461,140.25279253730744,133.26850427973358,72.77911030312808,6.984288257573866,5.94496766613113,1.0393205914427357,151.04213890680398,118.4787976776687,0.22316661308608018,4.562765170819653,131158100.0,76.45932406585253,89.97097024092137,-0.030842198151191047,-0.03132783014485686,0.02032977872972112,0.2651979084108316
2023-01-31,147.81002807617188,148.7129458834056,146.37132170660882,146.79796619180027,29842100,136.18082008361816,123.57107757568359,141.4154441586712,134.34565419058086,71.59461248462108,7.069789968090333,6.169932126522971,0.8998578415673624,151.76273771712167,120.59890245011465,0.2108370837393195,4.316835857218773,161000200.0,81.53160234723774,84.14086066120775,0.012987675736543025,0.012904059088435055,0.020208619346271734,0.28629956937622225
2023-02-01,151.92774963378906,152.38417457555312,145.91493732172768,146.87738577590028,55661000,137.58877182006836,124.39798828125,143.03272192407394,135.6480316308185,74.64068332876293,7.3846902932554315,6.412883759869463,0.9718065333859682,153.5330208730148,121.64452276712191,0.20989251919256244,4.5301613768610265,216661200.0,97.89181340932753,85.29424660747259,0.027858201579497477,0.027477221312185388,0.019715012070535845,0.1979492880046947
2023-02-02,187.3001708984375,195.62484263627775,178.75721095112047,181.95214004621323,150475700,140.634867477417,125.92044082641601,149.84309868936063,139.47411602101252,85.71625715015469,10.36898266834811,7.204103541565193,3.1648791267829175,167.260989267152,114.00874568768198,0.28431497592357124,7.2318178423715285,367136900.0,87.0962779012818,88.83989788594901,0.23282396632551405,0.2093074453973556,0.05354051417431668,-0.05747743526140814
2023-02-03,185.07762145996094,195.23789526478814,181.4659641739447,182.04144994050517,76809700,143.59116821289064,127.44190170288086,155.26379450022222,142.85215346093463,83.09955284592428,12.411641039287588,8.245611041109672,4.166029998177915,175.88025769370557,111.30207873207569,0.3489248373315653,8.034802360486916,290327200.0,83.65119787837159,89.54642972966029,-0.011866243516038932,-0.011937209340816723,0.053777701263952885,-0.0663700722724172
2023-02-06,184.61126708984375,189.215137765212,184.075478386839,185.0776087109676,42483800,146.37135162353516,128.92268112182617,159.7787902832409,145.9454211371501,84.39621198143686,13.833369146090803,9.3631626621059,4.470206483984903,182.69637502407932,110.04632822299101,0.3935298638394162,8.208438813760065,247843400.0,82.9283216641134,84.55859914792225,-0.002519777196391515,-0.0025229571779711644,0.054015891173527286,-0.03563362759123223
2023-02-07,190.1279754638672,192.2711605893038,182.9641916734573,184.13501165753016,47080700,149.45465545654298,130.49791946411133,164.44789569564495,149.21820293912916,88.09151464122871,15.229692756515789,10.536468680987879,4.69322407552791,189.64215854958752,109.26715236349845,0.42274160859280757,8.557840318042775,294924100.0,91.47953833562954,86.01968595937149,0.029882836844073335,0.02944504513462805,0.053771511612142935,-0.06335470453307146
2023-02-08,182.00173950195312,189.34412947288163,181.49571599932648,188.52059034038672,36139100,151.9570182800293,131.92710403442382,167.1484870504616,151.6466130548939,78.83628918756372,15.501873995567706,11.529549743903845,3.9723242516638617,193.7566365709706,110.15739998908799,0.45933207457605363,8.798097969983496,258785000.0,78.04954118890996,84.15246706288428,-0.04274087462451526,-0.04368115576290047,0.055591711284872954,-0.034181792146091294
2023-02-09,176.53463745117188,185.1966577219229,175.88970468339843,184.6807175636952,37118800,154.19098587036132,133.29913665771485,168.59251018903242,153.49017041758114,72.87289235196752,15.102339771451284,12.244107749413333,2.858232022037951,196.24209740033416,112.13987434038847,0.4764063544368607,9.085130264483455,221666200.0,67.11109441678889,78.88005798044279,-0.030038735155729523,-0.030499141432294638,0.056476976836794104,-0.030800456446476665
2023-02-10,172.79400634765625,177.49710464211017,172.00024751549427,174.97688855603946,33433600,156.04841003417968,134.58286270141602,169.23889421343608,154.9200841901793,68.35037234301177,14.318810023256788,12.659048204182024,1.6597618190747632,197.9318161171186,114.16500395124078,0.4847784592559394,9.116314357041913,188232600.0,59.52508317589238,68.22857292719706,-0.021189219053684316,-0.02141693302156589,0.05698783482454908,-0.0072925059438930795
2023-02-13,178.03289794921875,179.59068073438124,174.45102100596873,176.83232784369244,31463200,158.15438385009764,135.7999119567871,170.59181786509495,156.63214446862668,70.32142479583362,13.959673396468276,12.919173242639276,1.040500153828999,200.01063166614637,116.29813603404894,0.470208015464508,9.343815610636755,219695800.0,68.81268434537515,65.14962064601879,0.030318711350566296,0.029868182874116085,0.05703704917005568,-0.04096322077170522
2023-02-14,178.0824737548828,180.09666593753346,174.51051425864426,175.78054632041483,24034600,160.34320602416992,136.97151718139648,171.74422646352386,158.2210577490901,71.65336255680286,13.523168714433751,13.039972336998172,0.4831963774355792,201.5213989873198,119.16501306102002,0.4624620502501396,9.540131360370529,243730400.0,67.1741015774621,65.17062303290986,0.0002784642964033246,0.00027842553241722934,0.05680141840966555,-0.04657893156200854
2023-02-15,175.7805938720703,176.80257283667697,173.96484086913352,175.04635023711833,25308900,162.53302230834962,138.03655990600586,172.3652060648387,159.5217641285701,67.72741879569281,12.84344193626859,13.000666256852256,-0.15722432058366564,201.98314982692972,123.0828947897695,0.4488564596304771,9.408304519006679,218421500.0,60.16735169224196,65.38471253835972,-0.012925920413599301,-0.013010187059793456,0.056676836962774944,-0.028900628708943943
2023-02-16,171.0972900390625,174.4807415430628,170.45234221145122,171.4048737867033,25827500,164.33339233398436,139.02897155761718,172.17014206087313,160.37921049231028,62.24851313989258,11.790931568562854,12.758719319194377,-0.9677877506315227,201.74399923445657,126.92278543351216,0.43730215588956606,9.371455879039756,192594000.0,50.76672399875893,59.36939242282099,-0.026642894587193378,-0.027004249316843067,0.057422064687268334,-0.011887953231561221
2023-02-17,171.53390502929688,171.83155701990117,168.37865766907873,168.8946130194248,24171300,165.9958465576172,140.1950210571289,172.07225944063063,161.2054841617167,66.0852295310213,10.866775278913934,12.380330511138288,-1.5135552322243537,201.43570926575495,130.55598384947945,0.41321116897659216,9.278613061878014,216765300.0,51.53694730445437,54.157007665151745,0.0025518521663008276,0.002548601720159187,0.057415501586388265,-0.01932003551793038
2023-02-21,170.74009704589844,176.78267349101887,170.5416573783694,172.95272886180098,34592600,167.42512969970704,141.34896514892577,171.86731137990262,161.9117517827672,64.59885391513475,9.95555959713542,11.895376328337715,-1.9398167312022956,201.07709872114873,133.77316067826536,0.39418940956084086,9.524541810465186,182172700.0,49.94006640444163,50.7479125692183,-0.004627703096148017,-0.004638444064272813,0.057407771435649124,0.01662030972803996
2023-02-22,169.78758239746094,171.41481205762443,168.36872424999137,169.73798383060884,22433200,168.81323623657227,142.45607666015624,171.5473530749116,162.49514664311488,61.848325964610346,9.05220643179672,11.326742349029516,-2.2745359172327966,200.2726907887679,137.35378168437663,0.37057426824714707,9.28003113573716,159739500.0,5.205650075732686,35.56088792820955,-0.0055787402310157885,-0.005594359520022363,0.05746654362492773,0.013440938730402863
2023-02-23,170.70042419433594,172.33758574816875,168.06114747660433,170.66074231120285,20017800,170.32834701538087,143.57013397216798,171.41705632405382,163.10294498024237,29.711381471384016,8.314111343811447,10.724216147985903,-2.4101048041744555,198.80289170956334,141.8538023211984,0.3336200812455543,6.464270083528283,179757300.0,9.711525228129107,21.619080569434463,0.0053763754921611895,0.005361974379577303,0.057252898877202876,0.01447355565461872
2023-02-24,169.06329345703125,169.39072579815928,166.35455426767354,167.3269194643697,19791300,171.47385864257814,144.6750631713867,171.0549389598965,163.54445227481932,30.14273187918927,7.510486685077183,10.08147025540416,-2.5709835703269768,197.59991145314115,145.34780583201513,0.3090683054415138,5.790980000372495,159966000.0,10.451751111380874,8.45630880508088,-0.009590665899229855,-0.009636952519509913,0.05698481651811865,0.08721149572931908
2023-02-27,168.21986389160156,171.77198990670246,167.7436056684524,170.5416549019025,19277000,172.35692749023437,145.6551708984375,170.61877356477422,163.89077906124763,29.863471685888612,6.727994503526588,9.410775105028646,-2.682780601502058,196.6349227901208,148.07893219034793,0.2886459986144184,5.711603204649427,140689000.0,7.197352927722049,9.120209755744002,-0.004988839080223295,-0.005001324881653701,0.056829757259699534,0.09059838502703577
2023-02-28,173.57785034179688,176.16752845436773,170.53174730970196,170.5615125066298,46051100,173.74007339477538,146.71386306762696,171.0740161458546,164.60833989684386,29.588886825361527,6.465676249010755,8.821755333825068,-2.356079084814313,194.58435673816572,152.89579005138503,0.24017215678550344,5.61451003657226,186740100.0,31.419876223605748,16.356326754236214,0.031851092529999514,0.03135436646443191,0.056363979995995406,0.05470437686001217
2023-03-01,172.06968688964844,176.46520116867393,171.70257268922543,173.23057502664264,30998400,174.95305633544922,147.85034439086914,171.22719626028444,165.16103226668125,35.36126408929147,6.0661639936031975,8.270637065780695,-2.204473072177498,191.90373458324996,158.00237808764848,0.19702108551718966,5.338107823351387,155741700.0,30.331712356577064,22.982980502634945,-0.008688686080503216,-0.008726652793952886,0.056512950400638584,0.06660131692093452
2023-03-02,173.1710662841797,173.64732464968225,170.0951975728522,171.0378127566329,17352000,176.01522216796874,148.9437643432617,171.52625318703755,165.75436811982928,44.3102477020536,5.771885067208274,7.770886666066212,-1.9990015988579382,189.11598877277078,162.9144555631667,0.15130433606389215,4.927048826087502,173093700.0,49.60308997459634,37.11822618492638,0.006400775258210256,0.0063803772918526735,0.056339049125176066,0.041024275485135764
2023-03-03,183.80755615234375,185.16688384157925,175.6714082467401,177.52684270021945,45877700,175.84059143066406,150.348143157959,173.4156844124693,167.09164130742295,65.10608816904833,6.324043105046343,7.481517953862238,-1.1574748488158955,188.38947177447506,163.29171108685307,0.1365436830399965,5.391260285429191,218971400.0,92.77427240032652,57.56969157716663,0.061421865074787974,0.05960939142068183,0.02418570290507393,-0.030985109428746993
2023-03-06,183.46031188964844,188.18325891520774,183.20234177126963,186.5361804963786,33209400,175.75972595214844,151.69378372192384,174.9610117166507,168.30413542462483,58.59792085373021,6.656876292025856,7.316589621494963,-0.6597133294691062,188.07668064706712,163.44277125722977,0.13427377908664342,5.261563339515844,185762000.0,78.36359462183455,73.58031899891913,-0.0018891729478602848,-0.0018909596857329429,0.02404500846545192,-0.02163340958833526
2023-03-07,183.0733184814453,188.87777386268286,182.5772117015097,187.5283628156589,36701500,175.6828285217285,152.97869995117188,176.20905891123448,169.3981489843893,57.82269449443191,6.81090992684517,7.215453682565005,-0.4045437557198346,187.78442139139824,163.58123565205878,0.132204878024279,5.312592659678984,149060500.0,74.22901571644766,81.78896091286957,-0.0021094121350665462,-0.002111640078496304,0.024043070085735464,0.05154213327290047
2023-03-08,183.52975463867188,183.81748992709475,179.92801435060838,181.44609997913568,19432400,175.35291748046876,154.3251338195801,177.3353197923787,170.44493458841023,62.891917837969665,6.890385203968464,7.150439986845697,-0.2600547828772335,186.07785905383213,164.6279759071054,0.11687414495244462,5.296295709017348,168492900.0,76.25552953380365,76.28271329069527,0.002493187762217852,0.0024900849258413828,0.023000017665440044,0.06909231824989526
2023-03-09,180.27528381347656,187.45890028532764,178.89610757316447,184.8990026283273,26582800,175.26659469604493,155.58822174072264,177.7876219494707,171.1731086050818,66.03114813873562,6.614513344388882,7.043254658354335,-0.42874131396545234,185.79214845722927,164.7410409348606,0.11677201154291011,5.527334355556211,141910100.0,61.806126279874796,70.76355717670869,-0.01773266047024702,-0.01789176783121508,0.02125438782819733,0.12791013702544518
2023-03-10,178.1122589111328,183.33131216676873,177.40779572946437,179.60057931970218,25665000,175.34547576904296,156.83106842041016,177.83756609741872,171.68711973886337,60.83680255475951,6.150446358555342,6.864692998394537,-0.7142466398391942,185.93449706794317,164.75645447014276,0.1189027792206429,5.703807004590634,116245100.0,52.20259294342855,63.42141625236899,-0.011998455121456031,-0.012071017593240743,0.02028504212058045,0.08968868986910983
2023-03-13,179.49143981933594,182.3490199218457,173.4587942651152,176.57434446133212,24728000,175.68034744262695,158.1265023803711,178.0920082084829,172.2652175226021,64.14368191322143,5.826790685880809,6.657112535891791,-0.8303218500109821,186.3529020943182,165.0077927909357,0.11891992913348443,5.893036257739278,140973100.0,58.32596665704935,57.444895293450884,0.00774332388255905,0.007713498217762835,0.019668925806196495,0.0934771644094341
2023-03-14,192.50930786132812,192.80697500171783,185.10738693821187,186.119449159545,41642600,176.40416793823243,159.5902163696289,180.31005430892063,173.76477976991512,76.4189891175622,6.545274539005504,6.634744936514534,-0.08947039750902963,189.4485646054798,163.35977127098508,0.1355196464229536,6.626568213078481,182615700.0,98.87470736848158,69.80108898965314,0.07252640045171566,0.07001698732286649,0.02452324191172696,0.04195440973535014
2023-03-15,196.2102508544922,196.24001605303158,189.35405084464165,191.4476222684607,42123600,177.3105567932129,161.12636154174805,182.75623839285473,175.42740725766157,77.85478690643401,7.328831135193155,6.773562176250259,0.5552689589428965,193.08045313771265,161.54066044871314,0.16074487725103184,6.812962994280304,224739300.0,99.90040241053602,85.70035881202232,0.019224748321416296,0.0190422876459566,0.024729123004612257,0.01041727341551546
2023-03-16,203.33432006835938,204.15785915002033,194.56315572437018,196.71625735908384,50447100,178.68824310302733,162.71767364501954,185.92209711216313,177.49458598437994,83.4170997595812,8.427511127783191,7.1043519665568455,1.3231591612263456,198.25303867809876,159.1234475279559,0.19243967834346803,7.187879672779429,275186400.0,97.73841558208741,98.837841787035,0.036308343640772955,0.03566472855145285,0.0252803932773454,-0.0031717615516102526
2023-03-17,194.0869140625,200.32793130379721,193.90830773144071,198.99836863693588,50141100,179.8377243041992,164.07184677124025,187.17822279683034,178.72364732349993,71.67085494510943,8.454575473330408,7.374396667911558,1.08017880541885,200.2094342097467,159.46601439865174,0.2099235798966577,7.573424536970044,225045300.0,70.4340629242692,89.35762697229752,-0.04547882523103075,-0.04654545191471021,0.026920945874608086,0.05316713942489115
2023-03-20,196.26979064941406,197.807724920832,192.1322613145537,196.93457201525698,25186300,181.07451858520508,165.47821044921875,188.5769255433817,180.02336164393802,70.07903675421916,8.553563899443674,7.610230114217981,0.9433337852256924,202.3087876565,159.84024951391018,0.21637837388051748,7.411124468649482,250231600.0,76.84247755124932,81.67165201920197,0.011246902437797246,0.011184126283571228,0.026921307289047236,0.0254284138749008
2023-03-21,200.58592224121094,201.9650986580919,196.4086959647701,201.61781781226705,31827000,182.5668098449707,166.90977691650392,190.42446349689388,181.54651428077304,74.03815974437099,8.87794921612084,7.863773934598553,1.0141752815222862,204.90913837276656,160.22448131717482,0.22277065387398934,7.4777444350230065,282058600.0,89.51362945725076,78.93005664425641,0.0219908095765311,0.021752499154514663,0.02696917228372876,-0.007321081374838889
2023-03-22,198.2542266845703,205.75536020155923,198.11531736536608,200.9232840906904,28477800,183.99014205932616,168.3056234741211,191.6290424488441,182.78412260698025,70.71453520232768,8.844919841863856,8.060003116051615,0.7849167258122414,206.53073566428967,161.44954845436266,0.22739080000373874,7.769738417834655,253580800.0,76.77420710140505,81.04343803663504,-0.011624422744068164,-0.011692514545756183,0.027167562961144393,0.02772614871218182
2023-03-23,202.68939208984375,206.26136708985172,200.57597228650752,201.26060208984055,27389700,185.58959045410157,169.72032165527344,193.3306347013056,184.25858701311827,67.37267003668873,9.072047688187325,8.262412030478757,0.8096356577085686,208.69234881174953,162.4868320964536,0.2279621850896614,7.484832906969073,280970500.0,89.11068646967401,85.13284100944327,0.022371101385545433,0.022124538773685445,0.02734231146347326,0.017427171792392615
2023-03-24,204.4059600830078,205.9637430207363,201.96512260628745,203.58242080981125,27716400,187.3567237854004,171.17133514404296,195.03453091387516,185.75098501829527,68.79786785942953,9.283545895579891,8.466638803498984,0.816907092080907,210.54353912738637,164.1699084434144,0.22687024715492615,7.414668854862697,308686900.0,94.34371499546471,86.74286952218124,0.008468958219595368,0.008433297789273932,0.02699292631468274,0.028784821441168562
2023-03-27,201.2606201171875,204.25710968337523,199.79214810341801,203.21528228672267,18527200,189.00876159667968,172.48363708496095,195.99239079130783,186.89984687747247,65.55236512732375,9.092543913835357,8.59181982556626,0.5007240882690969,211.13875684058837,166.87876635277098,0.21991381355203138,7.294186699035314,290159700.0,84.75501601587578,89.40313916033817,-0.015387711613413901,-0.015507331148283036,0.02739155259706135,0.050433986342190096
2023-03-28,199.11741638183594,199.46469719503838,196.3590638071846,198.5915443892571,19127300,190.28573989868164,173.74771697998048,196.47316395908138,187.80485202594383,62.95561380608398,8.668311933137545,8.607118247080518,0.06119368605702746,211.5989810651095,168.97249873225377,0.21407711644426627,7.366478180000779,271032400.0,78.22137078402973,85.7733672651234,-0.010648897604030316,-0.01070600288143959,0.02720253218799611,0.0699622104043578
2023-03-29,203.7510528564453,204.11816701489678,200.96292014125447,201.97498217317485,18851100,191.86980819702148,175.13661743164062,197.59283917406043,188.98605208746247,69.07448144872168,8.606787086597961,8.607052014984006,-0.0002649283860449714,212.16765512034937,171.5719612736936,0.19924163962606778,7.1120466029220415,289883500.0,92.34720322780035,85.10786334256862,0.023270874837606925,0.023004236707679013,0.027156747554873836,0.029851504104424498
2023-03-30,206.22169494628906,206.46974837510436,201.24079299646337,201.7964302546129,22608300,193.52233963012696,176.62136596679687,198.920355446711,190.26276637330147,72.72581477612789,8.657589073409525,8.617159426669112,0.040429646740413716,212.76444698039444,174.2802322798595,0.18661574239586312,7.062435098731801,312491800.0,99.24857237091273,89.93904879424758,0.012125788088979572,0.012052859671712319,0.027159968038292605,0.03974200412950246
2023-03-31,210.2897491455078,210.5179540303412,205.16000673960775,205.62634833468755,25440300,194.84644927978516,178.1253631591797,200.6694929388336,191.7462465786501,73.86222787462603,8.923246360183498,8.67837681337199,0.24486954681150763,214.90128189925613,174.7916166603142,0.1907352374612824,6.810129501160582,337932100.0,99.10192918954928,96.89923492942079,0.019726606360588317,0.019534558389105266,0.024393033494132264,0.0132585241325196
2023-04-03,211.41099548339844,211.82772345047837,206.57890412277334,207.2139203307019,17924600,196.24398345947264,179.58788665771485,202.32203179184359,193.2028946456685,67.95476133659221,9.119137146175092,8.766528879932611,0.35260826624248054,216.8460299072508,175.6419370116945,0.19490042512378195,6.233935511540807,355856700.0,98.14570597618672,98.83206917888289,0.0053319115289580665,0.005317747214953394,0.02430733740699894,0.0036606197416664266
2023-04-04,213.04811096191406,214.5562799124581,210.885077384689,211.72846502268536,21026400,197.7427230834961,181.0057601928711,203.97219781800828,194.67291066909408,66.64703491617726,9.299287148914203,8.87308053372893,0.4262066151852739,218.66915253559773,176.81629363139444,0.1964479230312687,6.0043096057821765,376883100.0,93.2743145708159,96.84064991218395,0.007743757484194758,0.007713928487586657,0.024204252118832235,-0.0033533106709120464
2023-04-05,209.8333282470703,213.51444737094567,208.30532596205177,212.48253674679614,19396600,199.05790176391602,182.36191772460938,204.87391019171014,195.795904563759,56.963641227670216,9.078005627951143,8.914065552573373,0.16394007537777,219.52445341157443,178.59135011625762,0.1950743651509913,5.691053747442445,357486500.0,78.9379782862892,90.1193329444306,-0.015089468291124342,-0.01520447268782127,0.024724131316598473,0.041942570182735395
2023-04-06,214.4173583984375,215.25081416311986,207.02535519459414,207.6206893922116,26104400,200.76500549316407,183.84230072021484,206.34213299274512,197.17527151447592,74.2026285254364,9.166861478269198,8.964624737712539,0.20223674055665875,220.30993810244937,181.22007288387877,0.18230737245597672,5.6052999354143775,383590900.0,96.39486186222076,89.53571823977528,0.021846053673464372,0.021610848021871333,0.0242186058089405,0.024942257560032433
2023-04-10,213.077880859375,213.98079891244384,209.019730673576,213.0381989750547,16106100,202.51328659057617,185.18079711914064,207.37840189530357,198.35324257706105,70.41943502725158,9.025159318242515,8.976731653818534,0.04842766442398094,219.63115101711168,185.39542216404067,0.16067237347674562,5.585454515313178,367484800.0,88.49797788087348,87.94360600979446,-0.0062470573701101095,-0.006266651880983437,0.023989398973465997,0.019138484268997447
2023-04-11,212.1848907470703,214.33799250651626,211.74831432764745,213.80218866814147,16710100,204.1479591369629,186.4133251953125,208.1178617186523,199.37780910817284,65.36940762626037,8.740052610479466,8.929395845150722,-0.1893432346712558,217.92774985814674,190.36816841577905,0.12988474978277034,5.3636238131839615,350774700.0,83.77109924108208,89.55464632805877,-0.0041909094867244034,-0.004199715961258092,0.024177127903826687,0.018891682857212544
2023-04-12,212.3336944580078,215.15157723684675,210.92475306858836,213.16715018583733,18972200,205.13917846679686,187.74170043945313,208.76645137086084,200.33750431927172,69.80175749244663,8.42894705158912,8.829306086438402,-0.4003590348492825,218.22867001377034,192.0496869198234,0.12329170441257613,5.1198224797600504,369746900.0,84.55876427013469,85.60928046403008,0.0007012926811780229,0.0007010468903731678,0.018966564209054276,0.007944162412837352
2023-04-13,218.63427734375,219.42803612820578,214.0105582384014,214.05024012163284,23310400,206.26037979125977,189.15818542480469,210.28457844361301,201.69282083960343,71.30730636785192,8.591757604009587,8.781796389952639,-0.19003878594305235,219.95702052228594,192.5637390602336,0.125292711622629,5.054622570111233,393057300.0,96.55919312583305,88.29635221234993,0.029673024348889854,0.029241299754507344,0.01951257534333668,-0.03303819487094739
2023-04-14,219.76541137695312,220.38057900800283,215.85608709194122,216.1835194200745,21591200,207.08193435668946,190.51493865966796,211.74316812566533,203.0315312497775,70.85123242833842,8.711636875887848,8.767764487139681,-0.05612761125183319,221.95979045078818,192.20407826259074,0.13539761330848776,5.0921848202264295,414648500.0,97.43909729722986,92.8523515643992,0.005173635383003861,0.005160298113134913,0.018127054973864576,-0.038827996105688545
2023-04-17,217.15586853027344,219.25935651194632,215.4393432459834,218.0786199086563,15481900,208.23538208007812,191.1120526123047,212.5758912648358,204.07777845574014,71.89715150181472,8.498112809095659,8.713834151530877,-0.21572134243521823,222.43263995890365,194.0381242012526,0.13075638226969033,5.071631688182139,399166600.0,86.57574074059531,93.52467705455273,-0.011874220016377612,-0.011945281661472523,0.014486315853560371,-0.027734620466236648
2023-04-18,216.19342041015625,218.7235681147785,214.52650883156815,218.19769611867787,12281000,209.23156356811523,191.7343685913086,213.1324342102697,204.97523341532653,74.3147566930924,8.15720079494318,8.602507480213339,-0.44530668527015926,222.66935449093066,195.7937726452998,0.12431267239605732,5.021310471982671,386885600.0,78.4363365977079,87.48372487851101,-0.0044320612960225825,-0.004441911996402453,0.014595900584741332,-0.04745500778772449
2023-04-19,214.0205078125,215.63782110731705,211.27207142203898,211.80787533785914,15898100,209.90329284667968,192.3225534057617,213.26906091830514,205.6452537410431,65.72476500653846,7.6238071772620515,8.406767419623081,-0.78296024236103,222.855756841115,196.95082885224434,0.12103946604764422,5.015638925915273,370987500.0,66.77041638639002,77.2608312415644,-0.010050780424001204,-0.010101630526627667,0.01438354272475474,-0.029207371884083067
2023-04-20,211.41099548339844,215.0623348939927,211.11332832406114,211.8177916231794,16475400,210.5611312866211,192.74821380615234,212.98320469755026,206.0723457219583,57.912296203740006,6.910858975591964,8.107585730816858,-1.1967267552248941,222.30226396114998,198.81999861209223,0.11107400206580903,4.924214011007456,354512100.0,41.06934110723239,62.092031363776755,-0.012192814397897433,-0.012267756552908191,0.014415201987739214,0.11963177852146267
2023-04-21,211.23236083984375,211.74831617092386,207.9481361196577,208.5732355565436,17717200,210.9882797241211,193.33282623291015,212.71384410405696,206.4545690640239,51.63063473867276,6.25927504003306,7.737923592660099,-1.478648552627039,222.12990002263388,199.84665942560832,0.1054916041672265,4.812944922474078,336794900.0,33.71660871184092,47.185455401821095,-0.0008449638257755909,-0.0008453210089277613,0.013717887358021635,0.12884593324551252
2023-04-24,211.1331329345703,212.2543391879995,209.0693418949524,212.01620246497654,15750900,211.32463836669922,194.0247961425781,212.4706577702898,206.80112935073103,49.5017025597229,5.669528419558759,7.324244558039831,-1.6547161384810725,222.0270817328623,200.62219500053612,0.10138099328521553,4.665529062855654,321044000.0,30.75783526401386,35.181261694362384,-0.0004697571190271921,-0.00046986748946885104,0.01364678328335698,0.14281676405295696
2023-04-25,205.9339599609375,209.61506437207524,205.5172320166566,209.17850305424275,19198200,211.5583053588867,194.68759521484375,211.46501195346636,206.7368945811167,38.68731694113514,4.728117372349658,6.805019120901797,-2.076901748552139,221.51356148566398,201.60304923210944,0.09668396731326519,4.804436090723125,301845800.0,2.8037288269962652,22.42605760095034,-0.02462509271457658,-0.024933361600529943,0.01439181989211091,0.15268602279416088
2023-04-26,207.76953125,212.44286418050763,207.25359105527792,210.84539960612796,41992700,211.99091110229492,195.28232788085938,210.8964764606254,206.81338618621916,46.567665337043465,4.083090274406231,6.260633351602684,-2.177543077196453,220.2828853797518,203.69893682483803,0.07981896313256362,4.897277720057141,343838500.0,15.15337853918905,16.23831421006638,0.008913397719398475,0.008873907875591882,0.014204368869217443,0.13194832049389915
2023-04-27,236.7024688720703,239.80810221766666,234.92641322808916,238.02211474831446,71196500,213.63848190307618,196.4547277832031,214.86662913930923,209.02739231109703,70.47776404682783,5.839236828212194,6.176354046924587,-0.3371172187123932,226.73786726721153,200.53909653894084,0.11068228757018263,6.598214291424351,415035000.0,90.9432646990268,36.30012402173736,0.1392549593195962,0.13037450429663822,0.03363527939452366,-0.021126723791659252
2023-04-28,238.44879150390625,238.5579204709665,233.91436785871295,237.1489789055397,39554000,215.24983673095704,197.70809173583984,218.494654118478,211.20675521426807,73.1402828350206,7.287898904209925,6.398663018381654,0.8892358858282705,231.94326094190154,198.55641252001254,0.140016848948224,6.544351783380926,454589000.0,96.03593986751399,67.37752770190993,0.007377711944271059,0.007350629749021194,0.03362155559345099,-0.03137496816403429
2023-05-01,241.28648376464844,242.10010614264476,234.61882263900713,236.7619924001167,29143900,216.79967346191407,199.11187561035158,222.00108944865806,213.434883255037,75.63362235569029,8.56620619362107,6.832171653429538,1.7340345401915327,236.95146115072265,196.6478857731055,0.1670361917865627,6.893752163721556,483732900.0,97.77594735675486,94.91838397443188,0.01190063595141222,0.011830380225968128,0.033520665234512616,-0.040751533347570645
2023-05-02,237.377197265625,243.01296348744427,237.1291438550172,241.2865062992217,24350100,218.09798355102538,200.42874145507812,224.36664449742221,215.20838799656204,70.68856805199032,9.158256500860176,7.2973886229156655,1.8608678779445107,240.0531222723592,196.14284482969157,0.18498102576184702,7.012108982590748,459382800.0,84.9695791984757,92.92715547424818,-0.01620184619556464,-0.01633453121908518,0.033933707069199515,-0.024536098537792483
2023-05-03,235.1843719482422,239.8676210238987,230.93769924844847,237.6053753853161,34463900,219.2047966003418,201.717626953125,226.03091025908682,216.68809051150131,64.66759109425598,9.342819747585509,7.706474847849634,1.6363448997358745,242.29079739402573,196.1187958066579,0.19632257536877948,7.143221847251624,424918900.0,79.12137933329177,87.28896862950744,-0.009237725201250213,-0.009280657587634331,0.034108165123291116,-0.01666432773852644
2023-05-04,231.70172119140625,236.3452735137011,231.11630366840006,234.22193704205742,17889400,220.2982162475586,202.9559097290039,226.90334271021288,217.8002113026054,60.15532257954818,9.103131407607492,7.985806159801206,1.1173252478062858,243.58595270716955,197.01047978794765,0.20101479039401016,7.193541699340154,407029500.0,69.83325340499421,77.97473731225388,-0.014808172532834729,-0.014918908073484347,0.03409929824222258,0.009720770844325655
2023-05-05,230.96746826171875,232.85266794504628,228.0602898361694,230.43167960792348,27000500,221.12572174072267,204.16125061035157,227.52859279505995,218.77556366994713,62.13812858042537,8.753029125112818,8.139250752863529,0.6137783722492891,244.70790423149836,197.54353924994697,0.20420349816584343,7.226849554904951,380029000.0,67.87502269214637,72.27655181014411,-0.0031689575973453676,-0.003173989376614359,0.033925858218213964,0.004424747190335809
2023-05-08,231.4536895751953,233.7853826412468,228.4770485325923,229.61808820959843,16400500,222.04451217651368,205.40905853271485,228.1324538381577,219.71468410737293,63.52447786155362,8.417769730784755,8.194954548447773,0.22281518233698172,245.73809328295013,198.35093107007722,0.20473712171037842,7.306226328150962,396429500.0,69.17176046573108,68.96001218762389,0.0021051506393341413,0.0021029379145954263,0.033841371079936115,0.023963531383258907
2023-05-09,231.55288696289062,234.043352831237,229.2807244414687,229.6577704607354,16865600,223.01291198730468,206.67571899414062,228.65867431888583,220.59158802259645,66.13107109545211,8.067086296289375,8.169380898016094,-0.10229460172671878,246.5926694714381,199.43315450317127,0.20366627938361548,7.294889142554608,413295100.0,69.4363169467,68.82770003485915,0.00042858417110291924,0.0004284923551400347,0.03379358399210995,0.023353530960359192
2023-05-10,231.2651824951172,234.90660513811633,228.9235574412563,234.3311193467459,19119000,223.95948638916016,207.82946563720702,229.05967557676757,221.38222465019058,69.08260183387424,7.677450926576995,8.070994903728275,-0.3935439771512801,247.252393797713,200.6665789806073,0.20143894690282352,7.44017779447807,394176100.0,68.66901769294384,69.09236503512496,-0.0012425000247116014,-0.0012432725678568595,0.03380902933996588,0.04037233619651892
2023-05-11,233.95404052734375,236.35521078761784,230.49122471674158,231.23538492451843,20449000,224.72547454833983,209.06715270996094,229.81265479993314,222.31347027072044,70.83337528723177,7.499184529212698,7.95663282882516,-0.45744829961246225,248.28706817541345,201.1638809212662,0.20142070274969087,7.587592510164506,414625100.0,75.84012204718134,71.31515222894171,0.011626730851641787,0.011559659793977098,0.03334747808397564,0.04690618801529722
2023-05-12,231.98944091796875,235.11492259304225,229.64781640285656,234.89663440722848,16161400,225.33667602539063,210.24352020263672,230.14754497193863,223.0302088371833,68.49052216977398,7.117336134755334,7.788773490011195,-0.6714373552558612,248.9905304281988,201.68282162258245,0.20392181910703563,7.750600288531548,398463700.0,70.60059335348672,71.70324436453728,-0.008397374137872116,-0.008432830718387707,0.03345769262208973,0.05059676420019921
2023-05-15,237.00013732910156,238.3892302909992,233.49762458805176,235.075240553345,20653200,226.32888946533203,211.30737182617187,231.2017899499637,224.06501835510318,77.63461256186915,7.136771594860534,7.6583731109810635,-0.5216015161205299,250.20166145449838,202.45611747616567,0.20145787473545892,7.806592321039886,419116900.0,83.18531408631243,76.54200982899349,0.02159881239122674,0.021368863236717585,0.03350097001092426,0.039604775702047235
2023-05-16,236.96046447753906,237.77407177480512,233.68615649688385,233.9540432740443,18163800,227.36724166870118,212.3773748779297,232.08773987728298,225.02023658639473,76.82353219625719,7.067503290888254,7.540199146962502,-0.4726958560742478,251.19030899486927,203.5441743425331,0.2010720849884747,7.633664539493539,400953100.0,59.522295800360816,71.10273441338664,-0.00016739590115688596,-0.0001674099134144995,0.03345213813202416,0.03316294514400098
2023-05-17,240.60189819335938,241.94137756334118,236.2857626745779,236.5933464897594,21193100,228.69631118774413,213.52794647216797,233.3976103874486,226.1744337424662,56.695123527827334,7.223176644982402,7.476794646566483,-0.25361800158408077,252.34950887029802,205.04311350519023,0.19661688340916608,5.749167676714726,422146200.0,83.87535666761455,75.52765551809593,0.01536726273663036,0.01525038225568119,0.033329253761124195,0.027712431299524942
2023-05-18,244.9279327392578,245.16605431320838,239.31200014059405,239.42114424198073,22943300,230.3721580505371,214.7559100341797,235.17150613388077,227.56358181630262,60.21910262482701,7.607924317578153,7.503020580768817,0.10490373680933551,253.61465319668753,207.1296629043867,0.18979048152007727,5.835632073883352,445089500.0,98.60794543701174,80.6685326349957,0.017980051605502423,0.01782032226393883,0.03312749877629865,0.023658019821952925
2023-05-19,243.72735595703125,246.753610562604,241.51472379688204,245.5431087203749,21733600,231.99690780639648,216.0249514770508,236.48779072205775,228.76089841931955,54.05945867982908,7.726892302738207,7.5477949251626955,0.1790973775755118,254.1221386831524,209.87167692964056,0.18155722233048444,5.675460878317947,423355900.0,83.8110379065429,88.76478000372306,-0.004901755258370888,-0.004913808264064482,0.033196014609895935,0.06676439042188664
2023-05-22,246.386474609375,251.59559571740687,243.21137915535476,243.49912956161424,27738500,233.75957489013672,217.39043579101562,238.0106651662604,230.06649665561994,65.63359215258498,7.944168510640452,7.627069642258247,0.3170988683822049,254.45725018459018,213.06189959568326,0.1680098335533059,5.854060659005449,451094400.0,77.86677965820157,86.76192100058539,0.010910218271979799,0.01085113122054626,0.03314670506278357,0.057184336290464044
2023-05-23,244.8187713623047,249.65084639913246,244.7294606383974,244.88821843648043,17748100,235.70381546020508,218.696982421875,239.058066119498,231.159257745004,67.08910364671053,7.898808374493996,7.681417388705397,0.21739098578859828,252.29366603445357,219.1139648859566,0.13552760257666144,5.567736657954366,433346300.0,71.20570945620564,77.62784234031669,-0.006362781275050855,-0.006383110045385989,0.03243778483249959,0.07287027664344592
2023-05-24,247.26956176757812,247.64659264626343,243.04272207618027,243.37015438607577,17724300,237.67881698608397,219.7921875,240.32137314227955,232.352613598528,78.66281365483874,7.96875954375156,7.73888581971463,0.22987372403692952,248.75500821465184,226.6026257575161,0.08958798769562239,5.5230867097245175,451070600.0,81.61896015936772,76.89714975792496,0.010010631095139999,0.009960856634544128,0.0324382936985569,0.09389673273616173
2023-05-25,250.72244262695312,253.62962104103107,247.2298467160668,251.42690576416305,22371400,238.37981567382812,220.8824313354492,241.92153767838317,233.71334167470764,83.06217819103442,8.208196003675539,7.8327478565068125,0.37544814716872654,250.8790323957386,225.88059895191765,0.09970560745140716,5.637900725159333,473442000.0,88.44182473189572,80.42216478248969,0.013964035179633516,0.013867436275316421,0.011043056832029862,0.07883188632264204
2023-05-26,259.9996643066406,260.2675510820646,250.7423094564224,250.9605825230714,25727200,239.45735931396484,222.01573822021484,244.70278792888433,235.66047668448044,86.91306827389425,9.04231124440389,8.07466053408623,0.9676507103176615,255.2606606343169,223.65405799361278,0.12156401326513891,5.940527464191973,499169200.0,99.14533297994727,89.7353726237369,0.037001959547319,0.036333818876577925,0.013404108416027585,0.035681667914563286
2023-05-30,260.4759216308594,266.5581962700264,259.25551819647967,263.18467584953015,23816500,240.41683120727538,223.34351837158204,247.12942388303435,237.49865779161962,87.03945426653905,9.630766091414728,8.38588164555193,1.2448844458627981,258.80623387228763,222.02742854226312,0.14119848429655085,6.121959584461858,522985700.0,83.83862625152724,90.47526132112341,0.0018317613043417058,0.0018300856755263007,0.013297027531428597,0.03275957716652367
2023-05-31,262.6587829589844,262.93660155320083,256.43761464566063,257.9755335993669,25473700,241.68091049194337,224.67129821777343,249.51855604856513,239.36237076697998,88.34219975741175,10.156185281585152,8.739942372758575,1.416242908826577,262.5050626324062,220.85675835148055,0.15856429323145552,6.158812385224727,548459400.0,89.43545602627432,90.80647175258294,0.00838028065879537,0.008345361061879813,0.012448535897255631,-0.0042308392558769725
2023-06-01,270.48736572265625,271.866557317883,263.8197186411394,263.8296201878953,25609500,243.44606018066406,226.06932708740234,252.74452676765608,241.66792594888193,89.64254536324725,11.076600818774153,9.20727406196169,1.8693267568124625,267.6604839604604,219.23163640086776,0.17904291917741205,6.397654405797754,574068900.0,96.73322423572513,90.00243550450888,0.02980514367529974,0.029369603446813906,0.013117533525336098,-0.02945619761421492
2023-06-02,270.48736572265625,273.20605188620755,269.0089769801132,270.5369945762739,19416900,245.38534240722657,227.51398986816406,255.47419429919458,243.80269926545782,93.63475613449319,11.671495033736761,9.700118256316705,1.9713767774200566,271.75595368579934,219.01473112865384,0.1949859004180758,6.306937885505517,574068900.0,93.15337738241502,93.10735254813817,0.0,0.0,0.012201938250866639,-0.02809869428307421
2023-06-05,269.2768859863281,273.4243319144258,267.4611179895091,268.1953464254039,20742900,247.30081329345703,228.84573974609376,257.5976853279844,245.68967605959637,90.03207045491612,11.908009268388014,10.141696458730967,1.7663128096570464,274.8029418105969,219.79868477631715,0.20426653714746415,6.275753924925965,553326000.0,89.5630690503156,93.14989022281857,-0.004475180321617311,-0.004485223916874206,0.012267277644503962,-0.0012529940789909322
2023-06-06,269.0090026855469,274.4165800492298,267.5901442077969,268.0366525332248,19419000,249.1785789489746,230.13780059814454,259.35327261376324,247.41703358744456,89.52527877571613,11.936239026318674,10.500604972248508,1.4356340540701655,277.24743292225463,221.1097249756946,0.20868338005840337,6.471362536605367,533907000.0,85.8183544522287,89.51160029498642,-0.000994824712860276,-0.0009953198793947783,0.012361882806064314,0.00073750236389869
2023-06-07,261.5475158691406,272.11458484922684,260.75372680643784,269.5546870369073,26163600,250.6783103942871,231.3435385131836,259.6908484992059,248.4637359786813,73.60767720306286,11.2271125205246,10.645906481903728,0.5812060386208717,277.97658244451367,223.38003834406055,0.20874426552676287,6.878879904750063,507743400.0,63.34078284310477,79.57406878188301,-0.02773694092731993,-0.028128874231209782,0.014621786915954234,0.036987936020173695
2023-06-08,262.51983642578125,265.56593916023627,256.8642376024119,258.59067941544686,20899400,252.2410430908203,232.6115869140625,260.12607741098674,249.50492860439243,71.44927032278008,10.621148806594306,10.640954946841845,-0.019806140247538906,278.41531291813715,226.06677326350345,0.1994079394813028,7.082283289407924,528642800.0,63.84172512078839,71.00028747204061,0.0037175675456504464,0.003710674469790281,0.014530511771105077,0.06519770990147933
2023-06-09,262.88702392578125,265.86366493518454,259.6623294989277,260.43625495017426,16949800,253.68769226074218,233.79430633544922,260.5508384132628,250.4961949244953,73.84539595298807,10.054643488767482,10.523692655226974,-0.4690491664594916,278.78227323786587,228.59311128361847,0.19091532630540523,7.151029623017558,545592600.0,63.25107312596021,63.47786036328444,0.001398703827486969,0.0013977265524611968,0.01451900371367334,0.06057753855747938
2023-06-12,268.9394836425781,269.6340452732035,263.2640206504683,265.0897203172627,15442500,255.53519439697266,235.048662109375,261.84139921777285,251.8623644591681,75.88247034629792,9.97903475860474,10.414761075902527,-0.435726317297787,279.30954244663656,231.76084634730876,0.17680072652522916,7.034087107686856,561035100.0,82.54248357922063,69.87842727532306,0.0230230447528883,0.022762013355932996,0.014585008302239286,0.048994684774962716
2023-06-13,269.2073974609375,273.5731311839987,266.9947502630428,272.73967540522887,16164000,257.14555740356445,236.2270150756836,262.97462971672127,253.14718171855844,78.84976588460802,9.827447998162825,10.297298460354588,-0.4698504621917632,279.97816859429804,234.31294621283087,0.16962840847675179,7.152443904845488,577199100.0,83.3964232463823,76.39665998385436,0.0009961862599372484,0.000995690395693112,0.014262111869550573,0.038036191130012664
2023-06-14,271.22161865234375,272.8488333609741,266.23078499484023,269.77299514100963,19175100,258.8586151123047,237.4232275390625,264.2433972452786,254.48602889883884,78.629035467574,9.757368346439733,10.189312437571617,-0.4319440911318839,280.42034937058315,237.29688085402623,0.15899716523642343,7.296313747420537,596374200.0,88.24808645225772,84.72899775928687,0.0074820425085031506,0.007454190866954855,0.014176567394779,0.04218032515732961
2023-06-15,279.6355285644531,281.77871344375353,269.3066122627581,270.1797347425138,25973500,260.8102966308594,238.75497589111328,266.6114174482285,256.34895479999545,80.89481157896033,10.262462648233054,10.203942479703905,0.05852016852914943,282.4800962802342,239.1404969814846,0.15498602599333244,7.7300513799941895,622347700.0,93.09460953947439,88.24637307937145,0.031022268630047645,0.030550803860778623,0.015074210993629373,0.02448298866638643
2023-06-16,278.81207275390625,285.6087432168888,277.94885160832325,282.5328744365651,43127700,262.5045036315918,240.13455078125,268.48844134140967,258.0128894632481,74.53428457040455,10.475551878161582,10.25826435939544,0.21728751876614183,284.24417749532324,240.76482976786028,0.15594499656347396,7.595393033812338,579220000.0,76.70069415671084,86.0144633828143,-0.002944746737920556,-0.0029490910352622532,0.015045826330411235,-0.00900371864886973
2023-06-20,282.1160888671875,282.5824304857627,274.0692508402336,276.55971674793904,20701600,264.42394027709963,241.488525390625,270.5850024992216,259.7983116413177,76.28353246184616,10.78669085790392,10.363949659097136,0.4227411988067846,285.96099282195905,242.88688773224018,0.15268219995066276,7.68185743181108,599921600.0,88.02701670573549,85.9407734673069,0.011850333741457275,0.011780668368413898,0.014836283999326513,0.009566136398547087
2023-06-21,279.447021484375,281.78863078326714,276.19253217277145,281.3222892323925,20556200,266.0769676208496,242.815908203125,271.9483900353991,261.2537716296923,70.15250366720815,10.694618405706763,10.430083408419062,0.2645349972877007,286.8461493282817,245.30778591341752,0.1486448601034266,7.640755273730783,579365400.0,78.5638277591522,81.09717954053282,-0.009460883260965058,-0.009505921711115617,0.01527847100776281,0.012959816182734007
2023-06-22,282.6618347167969,283.0388807556065,275.6270434409826,276.90697727173125,17563100,267.96912078857423,244.22544708251954,273.59661229407567,262.839554080589,66.43456664328612,10.757058213486687,10.495478369432588,0.26157984405409884,287.4383778122349,248.4998637649136,0.13775653188671313,7.512474056282587,596928500.0,89.7479242102351,85.44625622504093,0.011504195733936795,0.011438525648633742,0.015011392021597016,-0.011759329226561532
2023-06-23,286.4818420410156,287.4145252422429,276.7779942979955,279.3180586775212,51092000,269.9297348022461,245.70841003417968,275.5789553320664,264.5908346702502,69.57266359300414,10.988120661816197,10.59400682790931,0.3941138339068875,288.49889889248357,251.36057071200864,0.12963588866884565,7.972435201864946,648020500.0,96.94705590601136,88.41960262513288,0.013514407872028622,0.013423902765486249,0.015064810592296503,-0.006060866240700236
2023-06-26,276.3017272949219,287.5335927129634,275.4385062924321,286.45208350341085,24232700,271.20869903564454,246.86175903320313,275.69015101865955,265.4583081980037,57.048968866719505,10.231842820655856,10.52157402645862,-0.289731205802763,287.6040323685538,254.81336570273527,0.1186770237987622,8.410426094408844,623787800.0,63.37756246197988,83.3575141927421,-0.03553493887628756,-0.03618167215126336,0.01776919193450947,0.027112428904593644
2023-06-27,284.8148498535156,287.09695888551886,278.46469002697944,279.81411602259055,26108300,272.44945831298827,248.16274780273437,277.09395083940666,266.892126098412,63.60834524670859,10.201824740994653,10.457624169365827,-0.25579942837117464,289.02800021794303,255.8709164080335,0.1164162747376504,8.693911505063422,649896100.0,91.13531128855142,83.81997655218088,0.03081096394850591,0.03034583608846539,0.017228402155356617,0.025500885960106467
2023-06-28,283.068603515625,287.2954125192088,281.848169985602,282.6022619501645,16722100,273.57909240722654,249.4810025024414,278.0131281742095,268.0903836848722,70.55152574766164,9.922744489337276,10.350648233360117,-0.42790374402284037,289.7973890662293,257.3607957482238,0.11458915935979126,8.271510397264693,633174000.0,85.44152890695544,79.9848008858289,-0.006131163240922111,-0.006150036003132706,0.01738966220067711,0.023484862206099688
2023-06-29,279.3379211425781,284.33868665809604,278.50446526998496,282.28479703637055,15395700,274.4130493164063,250.74389251708985,278.21694247703545,268.92353460766526,65.25665237055446,9.293407869370185,10.139200160562131,-0.8457922911919464,289.9687807928726,258.8573178399399,0.11137572308721004,8.066690385142314,617778300.0,70.59454568616765,82.39046196055817,-0.013179428331905885,-0.013267047697760416,0.017787836756553373,0.031968094723841434
2023-06-30,284.7455139160156,286.79937337324867,282.2054491291331,282.54279817177024,19694900,275.1259567260742,252.15839263916016,279.2213380830324,270.0955330749505,68.16768081528573,9.125805008081898,9.936521130066085,-0.8107161219841874,291.22167571837923,259.0302377337692,0.11305336313078759,8.156698727600437,637473200.0,88.51203972343026,81.51603810551778,0.01935860606149986,0.019173611920716472,0.017106850721604727,0.02480992259719983
2023-07-03,283.7929382324219,287.1466252255622,282.6320652147703,284.4676665294726,8629300,275.7912353515625,253.60603149414064,279.92466118293845,271.1101556792076,63.488979725914895,8.814505503730857,9.71211800479904,-0.897612501068183,292.17698613095166,259.4054845721733,0.11547680419002898,7.99723720355541,628843900.0,82.44055651789218,80.51571397583002,-0.0033453580022851925,-0.003350966223531925,0.01715105174403749,0.04289923346065794
2023-07-05,292.077880859375,295.7986814551919,284.1302410971252,285.41020498047294,33865500,276.93128509521483,255.22294189453126,281.79438728700563,272.66332050736816,68.12966109941358,9.131066779637479,9.595907759766728,-0.46484098012924946,294.5360974860598,259.32647270436985,0.12054875459275924,8.384905939399276,662709400.0,87.41607945739264,86.12289189957168,0.029193617989774934,0.02877560046352785,0.018054426644660577,0.050854640485944236
2023-07-06,289.7164306640625,295.79870469399134,289.0417327035368,293.58608781168573,47600500,277.96665649414064,256.7946078491211,283.01316319116825,273.92651385230846,64.58075498090352,9.086649338859786,9.494056075585341,-0.40740673672555516,296.0391552391451,259.8941577491362,0.12475991578096045,8.394829055422182,615108900.0,77.04117163833965,82.29926920454149,-0.008085001809669534,-0.008117862676765985,0.01823110572598968,0.0733589594822861
2023-07-07,288.267822265625,293.89368682314864,286.4123876380687,289.90496868523604,25586000,279.3026718139648,258.4412850952148,283.8215722795462,274.9888329940356,57.64505750816645,8.832739285510627,9.361792717570399,-0.5290534320597722,296.17525530822314,262.4300883197065,0.11706185839022328,8.038343198571075,589522900.0,65.34251399182114,76.59992169585114,-0.005000090588984318,-0.005012632867753772,0.016809773295302137,0.06312603483393953
2023-07-10,291.8100280761719,295.8086477039445,284.8149039740183,293.24871963934146,37058300,280.7671813964844,260.1220950317383,285.0505654790271,276.2348474445642,60.98255803815565,8.815718034462918,9.252577780948902,-0.43685974648598425,296.5560781018346,264.97828469113415,0.10821353062773299,8.276475492953978,626581200.0,81.60657513335394,74.6634202545049,0.012287898741895953,0.01221301532993321,0.016884178634951317,0.05617143470879782
2023-07-11,295.9674377441406,297.8427059212955,289.6271775662314,291.61160499769574,27585900,282.4212020874023,261.30739440917966,286.73008428904456,277.69652080008836,61.53724531806645,9.03356348895619,9.208774922550361,-0.17521143359417124,297.22344981149536,267.6189543633093,0.10002619096827371,8.255214686492192,654167100.0,91.62983632918876,79.52630848478793,0.014246973263316143,0.0141464388882992,0.016966626100407233,0.046129507135351355
2023-07-12,306.931396484375,307.0405557419897,297.7633511630034,299.4004977875397,36677100,284.3207977294922,262.6770465087891,289.83797847294153,279.86206714707254,70.11334480114424,9.975911325868992,9.362202203214087,0.613709122654905,301.4123757052934,267.229219753691,0.11137067221906899,8.623040493880264,690844200.0,99.6545817106404,90.96366439106102,0.03704447632415753,0.03637481774343947,0.017963927459308447,0.02156195836591257
2023-07-13,310.9697265625,313.7776782560323,307.87402439239906,311.178082979344,30281000,286.40891418457034,264.0707113647461,293.0890166405659,282.166338214882,70.4692832508857,10.922678425683898,9.67429744770805,1.2483809779758488,305.77858995697636,267.0392384121643,0.12457595783693129,8.58264366938265,721125200.0,92.67602415324734,94.65348073102548,0.013157109778864085,0.013071306803334074,0.017963610599112105,-0.034747105356542796
2023-07-14,306.46502685546875,312.4282406131699,304.9667745464392,309.36230405201036,23054100,288.17108459472655,265.452467956543,295.1468643659356,283.9662410771477,64.30805508416182,11.1806232887879,9.97556261592402,1.2050606728638797,308.1269012196959,268.2152679697572,0.13023226062516222,8.355853320988603,698071100.0,80.9264232197932,91.08567636122696,-0.014485975071679147,-0.014591921208717364,0.018617388285916612,-0.04730137062963802
2023-07-17,308.201416015625,309.2829253198248,302.3374293890318,305.14541112925815,25323100,289.59937896728513,266.9128088378906,297.15525692742625,285.7614392207386,75.98193249405968,11.393817706687628,10.259213634076742,1.1346040726108857,311.0183690429715,268.18038889159874,0.1389934566335705,7.98802542886444,723394200.0,84.20903321724087,85.93716019676044,0.005665863990983677,0.005649873355678799,0.01768459313278399,-0.06120043441305523
2023-07-18,309.6202697753906,311.75355343232627,305.22477039697566,308.4593967151567,20731900,291.13978881835936,268.4711798095703,299.0729512117285,287.5287600025647,72.84363363051447,11.544191209163785,10.516209149094152,1.0279820600696326,313.6935152630275,268.5860623736912,0.14568636905477414,7.6832791034897,744126100.0,88.21369495552247,84.44971713085216,0.004603657498100766,0.004593093077827556,0.0175858624611419,-0.05633732017023674
2023-07-19,313.5494384765625,316.1986319082592,308.1021650649504,310.59263096242654,21763700,292.7114562988281,270.12281921386716,301.30010309862604,289.4562176673053,76.98523855321089,11.843885431320757,10.781744405539474,1.0621410257812833,316.9364877297167,268.48642486793955,0.15452128728783784,7.872509411325557,765889800.0,92.97187424768148,88.4648674734816,0.012690282532284547,0.012610435706513802,0.01760307010845696,-0.05518800730515527
2023-07-20,300.1644287109375,313.08306835899816,299.86677676142403,311.0589442624439,23836900,293.74732666015626,271.49703399658205,301.12538396205855,290.2494184853521,65.74635656320908,10.875965476706426,10.800588619772865,0.07537685693356089,317.3479007874282,270.1467525328843,0.15725097226626833,8.433112291827513,742052900.0,52.831121163223365,78.00556345547577,-0.04268867401153231,-0.043626625919970234,0.02042548146649594,0.03037834894367375
2023-07-21,291.96881103515625,303.0815862304324,288.93263955652174,302.1985317891098,42139300,294.2126754760742,272.70535247802735,299.71668043484283,290.37678089644874,55.24040834091264,9.339899538394093,10.50845080349711,-1.1685512651030177,317.25329277725575,271.17205817489264,0.1578293052569044,8.910790466344663,699913600.0,27.815611603551027,57.87286900481862,-0.02730376051212169,-0.027683435169650678,0.02146986393484612,0.10609660012496813
2023-07-24,289.33935546875,295.2033407103772,286.0551313052597,293.47689896206384,24915700,294.3555511474609,273.8668359375,298.12016890159776,290.29993456847103,53.92827453126789,7.820234333126734,9.970807509423036,-2.1505731762963016,317.2291530769495,271.4819492179723,0.1581091648761832,9.241765423082203,674997900.0,16.24376602537163,32.29683293071533,-0.009005946755352712,-0.009046745432366334,0.021415899621164605,0.09255546208276866
2023-07-25,292.1770935058594,295.97725766591697,289.5874006764084,292.8914883953681,19585600,295.1493194580078,275.0312969970703,297.2058496099457,290.43898337864795,50.07614298911864,6.76686623129774,9.330019253797978,-2.563153022500238,316.43144276530154,273.8671961507141,0.1456796154135671,8.8583482069677,694583500.0,23.45862017104107,22.505999266654566,0.009807646223971345,0.00975986343220374,0.019708399282037384,0.09590133087753072
2023-07-26,296.2452697753906,299.42033564139683,289.62719066887496,298.8448649834203,47256900,295.72084045410156,276.31641357421876,297.05806809693723,290.8690786672955,54.882789932475504,6.188989429641708,8.701813288966726,-2.5128238593250174,316.4409237161272,275.0007571920759,0.13988465218523383,9.075217705686795,741840400.0,36.42131306057215,25.37456641899494,0.013923666022948034,0.013827622279041505,0.018793912353969672,0.05271760153244465
2023-07-27,309.2829284667969,322.81673806688707,307.4274936654851,322.5885180117678,64229200,297.0315567016602,277.76206939697266,298.9388158461464,292.2330675413327,63.39485891553798,6.70574830481371,8.302600292136123,-1.5968519873224132,317.69818568562766,276.3649277176927,0.1336422225851121,10.438801213287974,806069600.0,64.38643048738075,41.42212123966465,0.044009677188402874,0.04306875875503758,0.0208632046588126,0.004747901319669401
2023-07-28,322.9457092285156,323.66010426666475,311.80313905459457,314.4126657950555,39220300,299.21194610595705,279.48177429199217,302.63218405881855,294.50807803667954,67.57782106132531,8.124106022139017,8.266901438136703,-0.14279541599768564,321.17922791186004,277.24466430005407,0.13604318731083676,10.680474932569524,845289900.0,98.10026445208904,66.3026693333473,0.044175670572730974,0.043227742137289256,0.022184280190805265,-0.045317717298296145
2023-07-31,316.1192932128906,323.12431956427827,315.1171476788954,321.16965734963014,25799600,300.78063507080077,280.9921221923828,304.7071239286758,296.1089087904729,61.044018449511675,8.598215138202875,8.333164178149937,0.26505096005293716,322.87865597163244,278.6826141699691,0.1398081127933546,10.665592327592297,819490300.0,79.94730361244264,80.81133285063747,-0.021137967839649052,-0.02136457369604035,0.022883256683513382,-0.006403183751621966
2023-08-01,320.197265625,321.6161541887826,312.2099576770772,315.06753789734006,22817900,302.60085144042966,282.49750885009763,307.0902226511872,297.8932315189564,57.863747329324134,9.196991132230835,8.505929568966117,0.6910615632647179,324.8041795565143,280.397523324345,0.13868530746348195,10.546526507153462,842308200.0,90.79154066637236,89.61303624363467,0.012900106066487504,0.012817608426264495,0.02284150281742161,-0.031204442451857717
2023-08-02,311.86260986328125,315.9108577326105,308.2311049698939,315.52387994923936,20461100,303.590087890625,283.86021392822266,307.8244360684325,298.9280002852027,50.503630996331935,8.896435783229776,8.584030811818849,0.3124049714109276,325.581317895911,281.598857885339,0.14103152676703912,10.91223214168552,821847100.0,68.62783436600834,79.78889288160777,-0.026029753081901363,-0.02637452311819431,0.023262303669099937,-0.028952118549611994
2023-08-03,310.7513732910156,313.48989245918426,307.5167473332486,307.5167473332486,15180200,304.64183502197267,285.14751190185547,308.27473410267606,299.8038056930407,52.51395287285959,8.470928409635349,8.561410331382149,-0.09048192174680025,325.8369170713061,283.4467529726392,0.13641183190836273,10.8059235030573,806666900.0,65.6728087810237,75.03072793780146,-0.00356322475705817,-0.003569588163053755,0.023165155770542883,-0.023787401790546503
2023-08-04,308.310546875,315.9307401558167,307.7846748712968,312.50759107890946,17612800,305.6439712524414,286.4173474121094,308.28024375995665,300.43393466948214,50.06348096459597,7.846309090474506,8.41839008320062,-0.5720809927261143,325.4276181518782,285.8603243530046,0.12833584254552144,10.891678456894937,789054100.0,59.18210762174937,64.49425025626046,-0.007854595750184545,-0.007885605573869968,0.02323070167172428,-0.02925360694941559
2023-08-07,314.0951232910156,314.60116189806973,308.04261449667547,310.79106544719536,16236500,306.7582260131836,287.7538586425781,309.1748406108888,301.4458745673735,52.477186468095525,7.7289660435153,8.280505275263556,-0.5515392317482561,325.7558877285008,287.76056429786644,0.12096756878148314,10.893804483040912,805290600.0,74.56458488559066,66.47316709612123,0.01876217493902632,0.018588336361918385,0.023402287067602147,-0.03275837427101835
2023-08-08,310.2056884765625,315.41481011229837,307.6953588862012,311.95196390121913,15183500,307.4701385498047,288.94352355957034,309.3334325902232,302.0947496717579,48.1481544004359,7.238682918465315,8.072140803903908,-0.8334578854385928,325.8213063735866,289.1189707260228,0.11831612704399794,10.866874796097225,790107100.0,64.22171130251024,65.98946793661675,-0.012382983771605627,-0.012460291780652631,0.02354249772555492,-0.03419273533618894
2023-08-09,302.8335266113281,311.1879790598838,300.4919168777885,310.4438188052483,19955800,307.26524505615237,289.8002008056641,308.33344705500855,302.14947388950384,51.583682705149705,6.18397316550471,7.694507276224069,-1.5105341107193588,325.7328768408326,288.79761327147213,0.12196556960737395,10.653546258022711,770151300.0,44.61749067827374,61.13459562212487,-0.02376539869864891,-0.024052351267518614,0.022776145202730635,-0.035778503592926114
2023-08-10,303.3594055175781,309.90802196268254,301.503970752123,305.5422877592659,14358900,306.8847290039063,290.6578704833984,307.56820989540387,302.23909845454637,57.43521400387311,5.329111440857503,7.221428109150756,-1.8923166682932537,325.3445876604267,288.4248703473858,0.12170289314105871,10.24319658206906,784510200.0,46.01591983490613,51.618373938563366,0.001736528026254236,0.0017350220047082652,0.022559808716823736,-0.067541097860355
2023-08-11,299.2913513183594,302.34735615356055,298.021288729232,300.21410278081095,14046300,306.52604522705076,291.3905218505859,306.294847037397,302.02074681482884,56.37641343696645,4.2741002225681655,6.631962531834239,-2.357862309266073,325.2964052125803,287.75568524152123,0.12543202403174888,9.971047109442534,770463900.0,28.480131070201296,39.70451386112705,-0.013410015068687331,-0.013500741327359934,0.02252720852089054,-0.060966665337708226
2023-08-14,303.8058776855469,303.82571105631087,295.9276994586192,298.63645342569663,15641900,306.3062683105469,292.05689208984376,305.9119286755739,302.15297873117834,57.29403386332587,3.7589499443955674,6.0573600143465045,-2.298410069950937,325.0969539805065,287.5155826405873,0.12370192316956309,10.061054923765726,786105800.0,41.661690162126206,38.7192470224112,0.015084052202983145,0.014971419117387703,0.022769772430164335,-0.05320211899194294
2023-08-15,299.5989074707031,304.8377940471984,297.6938440429067,303.75628486098515,11623600,305.8052001953125,292.63912292480467,304.9406946440553,301.96378826743944,52.09987815467046,2.9769063766158865,5.441269286800381,-2.4643629101844944,324.75755914502525,286.8528412455998,0.12651821136274355,9.871826711749284,774482200.0,13.237972102897029,27.793264445074836,-0.013847560313491214,-0.013944332184958488,0.02292653345700495,-0.04752437468021875
2023-08-16,291.99859619140625,298.735705826755,291.9886643642091,297.8625831522771,18547700,304.7276580810547,293.09355712890624,302.949602574417,301.225625891437,38.38665187960667,1.7239766829799805,4.6978107660363015,-2.973834083056321,324.2675698341171,285.1877463279923,0.13383565543071266,8.517453484249112,755934500.0,0.031358937981382846,18.31034040100153,-0.025368287699914505,-0.025695610316875686,0.02327274563590541,-0.00017014676726367917
2023-08-17,282.87017822265625,293.7448310552386,282.73128406097686,290.76819018544745,23950100,303.8629455566406,293.37078063964844,299.8604603664538,299.8659631011569,21.326054911388894,-0.005502734703100032,3.7571480658884213,-3.7626508005915213,325.65411000095685,282.0717811123244,0.1540718401723047,8.277194283848672,731984400.0,0.343856706843926,4.53772924924077,-0.031261855665793314,-0.03176093649609189,0.022377873198586164,0.005822901708797845
2023-08-18,281.0445556640625,283.4655597310148,272.24362420262435,276.8574122643297,35347900,303.3167327880859,293.7607214355469,296.96570579685516,298.47178477248326,22.969799276231925,-1.5060789756280997,2.704502657585117,-4.210581633213216,326.841868464143,279.79159711202885,0.16741214303526356,8.506820258349213,696636500.0,17.82556304837379,6.066926231066357,-0.006453923740086687,-0.006474840350617279,0.021646362220796876,0.007943410920390193
2023-08-21,287.64276123046875,288.23809553886474,279.6554526227014,281.24300068510377,20181500,303.2319030761719,294.26317993164065,295.5314066327957,297.6696348804822,25.850089101174518,-2.1382282476864702,1.7359564765307998,-3.87418472421727,326.9804295758437,279.48337657650006,0.16512514619231958,8.447995001524784,716818000.0,35.24869218648126,17.80603731389965,0.023477435991655415,0.02320607994717932,0.02227751978776154,0.00124184683259565
2023-08-22,285.36065673828125,290.6193770623764,284.51726906518275,290.2720962228701,12980200,302.89108123779295,294.7126525878906,293.9666758797935,296.75785872180063,28.400427400493683,-2.7911828420071174,0.8305286128232163,-3.6217114548303337,327.4881023125621,278.2940601630238,0.17239251798700703,8.02913409738818,703837800.0,30.024944996164606,27.699733410339878,-0.007933815133831956,-0.007965455307763313,0.022217064195366194,0.03612650093073255
2023-08-23,291.94891357421875,295.08431211507826,285.43009337789294,286.25361732465876,18287000,302.6762634277344,295.17284118652344,293.6562509097051,296.4016405627205,35.93164097335898,-2.7453896530154225,0.11534495965548858,-2.8607346126709112,327.59066491374296,277.76186194172584,0.17067644596440576,8.297027686735419,722124800.0,45.10549378506966,36.793043655905166,0.02308747432544611,0.022824990963426193,0.022630535300060022,0.002923092071964728
2023-08-24,284.5173034667969,297.1283322231521,284.4081744845914,296.17581546587223,18360900,301.4379821777344,295.47903930664063,292.2502589954115,295.5213192963558,33.43461079691281,-3.2710603009442707,-0.5619360924644633,-2.7091242084798073,327.40917330831763,275.46679104715116,0.18256317499237137,8.623748576309756,703763900.0,28.43025737020089,34.52023205047838,-0.025455173017907562,-0.025784761110864415,0.020688945241396063,0.03187439578602014
2023-08-25,283.2770080566406,286.1445201506835,273.8807432156826,283.90210752516674,23701400,299.4545471191406,295.72014709472654,290.86975885098525,294.61433327859913,27.094345574310964,-3.744574427613884,-1.1984637594943475,-2.5461106681195362,324.5541236180798,274.3549706202014,0.17720870939106073,9.03126497156737,680062500.0,25.55728692940142,33.03101269489065,-0.004359296939214108,-0.004368826378637783,0.01731709166789225,0.038108592575148315
2023-08-28,287.9999694824219,289.1807062538626,283.57467440628267,285.7575567433899,14239300,298.0485809326172,295.88743591308594,290.4282527942832,294.1243804048082,33.69752880212556,-3.696127610525025,-1.697996529700483,-1.9981310808245418,322.35541464851065,273.74174721672375,0.16879747424679514,8.90156832664771,694301800.0,40.45861161943443,31.482051973012243,0.016672590049513936,0.016535128212448298,0.01768222384161384,0.03407287958705485
2023-08-29,295.66973876953125,296.8207102483981,285.9361251901025,286.3330045979978,20844500,296.82220458984375,296.22458923339843,291.2346352520137,294.23885139478773,44.76354146371116,-3.0042161427740552,-1.9592404523151976,-1.0449756904588576,318.7859065253909,274.8585026542966,0.14856915710719662,8.915034246376308,715146300.0,62.196971037533835,42.73762319545656,0.026631146179956433,0.026282709842187255,0.0186342496157611,0.003959950068668894
2023-08-30,292.80230712890625,295.9674716672728,291.14529671052844,294.85619702307446,17717000,295.869189453125,296.4383135986328,291.47581554076635,294.13244070842615,42.538576973209906,-2.656625167659797,-2.0987173953841176,-0.5579077722756796,316.7104490911869,275.0279298150631,0.14235720915195202,8.659185942532364,697429300.0,63.07472478570758,55.24343581422528,-0.009698089674507138,-0.009745422419587372,0.01795482964250467,0.012097393665109424
2023-08-31,293.58612060546875,298.75554540509034,293.35790055805364,293.49679472781526,17229900,295.0109268188477,296.72109558105467,291.8004778584129,294.0919725526515,45.77141592118586,-2.2914946942386223,-2.1372728551550186,-0.15422183908360365,314.65085233736147,275.3710013003339,0.1337932834018854,8.70312319166365,714659200.0,65.47949066953308,63.58372883092483,0.0026769375017847707,0.0026733608860864747,0.017998603769729185,0.006759401802243881
2023-09-01,294.0722961425781,299.39054694781646,292.17716437490265,297.03900536445764,12842300,294.29901428222655,296.9493048095703,292.1499883636691,294.09051504079423,42.32753982875567,-1.940526677125149,-2.0979236195490447,0.15739694242389568,312.9146073385475,275.6834212259056,0.12660555448783498,8.654221118465232,727501500.0,66.97109342982056,65.17510296168706,0.0016559895137642222,0.0016546198749925222,0.01798040806220493,0.03772176492277368
2023-09-05,297.8129577636719,299.0433234319612,293.20910160479315,294.7073238109135,14956000,293.4849060058594,297.1759271240234,293.021214425208,294.36625153878515,48.58180604544512,-1.3450371135771775,-1.9473463183546713,0.6023092047774938,309.72827141533946,277.2415405963793,0.10908434294769623,8.560669105813544,742457500.0,94.18869976573727,75.5464279550303,0.012720210880660776,0.012639988578364462,0.017657396206245023,0.005030467575971587
2023-09-06,296.840576171875,300.9383931826944,293.35789651003546,299.3607770852688,15418100,292.816650390625,297.5867041015625,293.60880854007985,294.54953484493996,54.2972816772735,-0.9407263048601067,-1.7460223156557584,0.8052960107956517,307.1511322890525,278.4821684921975,0.09658034008212964,8.558544360539612,727039400.0,85.71928906441883,82.29302741999221,-0.0032650748278337804,-0.0032704168158124874,0.017506121113518413,0.01968772694860177
2023-09-07,296.3444519042969,304.6591765120229,289.9446620146728,295.67965546312854,33748700,292.49219665527346,297.81729614257813,294.0296767499594,294.6824916641516,64.12237373622867,-0.6528149141922199,-1.5273808353630507,0.8745659211708308,306.149812101216,278.8345812093309,0.09217392367685169,8.82289918218878,693290700.0,74.34958217244768,84.75252366753459,-0.0016713492271719366,-0.0016727474894984824,0.016744467948118524,0.0436936280554836
2023-09-08,295.5705871582031,302.8732662842707,294.4692140806798,296.89021820572583,17548000,292.1027557373047,298.0673358154297,294.2667398896892,294.74827651556285,65.56794549387214,-0.4815366258736731,-1.3182119934651753,0.8366753675915022,304.870862867253,279.33464860735637,0.08639633092527045,8.62162180184595,675742700.0,70.47091621910084,76.84659581865577,-0.0026113691048403886,-0.002614784676649496,0.016735987425987545,0.008123377624362549
2023-09-11,305.16522216796875,306.6337092437882,298.93412177158643,299.063114388511,19489300,292.39644927978514,298.5838818359375,295.94342947096294,295.5199021194448,67.64595242890448,0.42352735151814613,-0.969864124468511,1.393391475986657,306.0969576328209,278.6959409267494,0.08979075830269223,8.798798885376073,695232000.0,95.51647604826238,80.11232481327029,0.03246139983688612,0.03194566000833578,0.018060562965422522,-0.016289463615441147
2023-09-12,299.31109619140625,306.2565899522784,297.89223830458747,303.9447157865305,13480400,292.1717102050781,298.8751934814453,296.4615320433388,295.80073130996044,63.105869195352966,0.6608007333783803,-0.6437311528991327,1.304531886277513,305.21593292874746,279.12748748140876,0.08716163810597725,8.96038771755445,681751600.0,77.64290096086327,81.21009774274216,-0.01918346374784563,-0.019369853978865023,0.018290783119457674,0.01130423806458225
2023-09-13,302.6846923828125,304.78818046723666,298.97382303689284,300.00570342701496,13210900,292.3259994506836,299.25302856445313,297.4189413263348,296.3106543523939,60.7341801954165,1.108286973940892,-0.2933275275311278,1.4016145014720198,305.8058419246027,278.84615697676446,0.0890685443509039,8.68115214995065,694962500.0,87.94302519513367,87.03413406808643,0.011271203220774906,0.011208156508972762,0.018194409388184313,-0.017668726278869173
2023-09-14,309.2928161621094,310.4338557149774,302.65490493687196,304.3515816681793,19343100,293.1907104492187,299.59732727050783,299.24569130106937,297.27229596792836,75.18657779277764,1.9733953331410135,0.1600170446033005,1.813378288537713,308.6548652768612,277.72655562157627,0.09999685747332228,8.328208795632422,714305600.0,96.87840658204183,87.48811091267959,0.021831707864960137,0.021596808813954652,0.017693534516872816,-0.051295981305008564
2023-09-15,297.97161865234375,309.5705963015512,296.42376809323207,309.18361852179754,28131100,293.94578247070314,299.76243103027343,299.04968012434233,297.3240976482554,62.397405534513325,1.7255824760869132,0.47313013090002304,1.25245234518689,308.74874393961426,279.142821001792,0.09935819750794703,8.391283886583725,686174500.0,53.60157511898748,79.47433563205432,-0.03660349325356416,-0.037290210756431186,0.018269350189200687,-0.004095787620031044
2023-09-18,300.1942443847656,301.23608694316124,295.48122928524634,295.86820716463995,14234200,294.9032669067383,300.00095947265623,299.2257669336382,297.53670111021916,60.74110511066035,1.689065823419071,0.7163172694038327,0.9727485540152383,308.6308612331726,281.17567258030397,0.0914580781158439,8.380652419490364,700408700.0,58.20179620150309,69.56059263417747,0.007459186020716713,0.007431503865007804,0.01816452612265775,-0.00568510074196138
2023-09-19,302.694580078125,303.7860209854351,297.4755273722306,300.12475074361265,15924400,295.6558578491211,300.2186505126953,299.7594304943285,297.9187662189529,56.80766417412489,1.840664275375616,0.9411866705981894,0.8994776047774266,309.3578306166989,281.9538850815433,0.09053332084136642,8.053931601983853,716333100.0,62.22752466164815,58.0102986607129,0.008329059401134487,0.008294564195267022,0.01759266026517849,-0.020028035943434497
2023-09-20,297.3366394042969,305.66129510671567,297.0984875686937,302.67472271647927,19379500,296.25465698242186,300.24603454589845,299.38669340355443,297.87564571416357,54.19181085978061,1.511047689390864,1.0551588743567244,0.4558888150341396,309.0810026232801,283.42831134156364,0.08627490824242406,8.321119643503684,696953600.0,36.077444029207406,52.16892163078621,-0.017700814703868306,-0.01785934768562156,0.01803343841949124,-0.006440334812427229
2023-09-21,293.4273376464844,297.92206402517564,290.98647039875095,293.39757244980257,21319600,296.32857818603514,299.9759533691406,298.4698694409283,297.546141412854,49.861230599957466,0.9237280280742652,1.0288727051002327,-0.10514467702596741,309.0671805080478,283.5899758640225,0.08682628158770853,8.391287882806584,675634000.0,16.997621685766028,38.43419679220719,-0.01314772967651967,-0.01323492620861133,0.017641773550185175,0.02782945903324041
2023-09-22,296.7511901855469,303.0021531913707,295.9474997002191,296.9694783593366,25369600,296.94027252197264,299.69158264160154,298.20545724779265,297.4872561367572,52.23059869350529,0.7182011110354551,0.9667383862872772,-0.248537275251822,308.401703860058,285.4788411838873,0.0772460682022468,8.559961666518907,701003600.0,33.22008796490936,28.765051226627595,0.01132768529927164,0.011264007502298229,0.016696417468456633,0.0037785083684673815
2023-09-25,298.48760986328125,298.6067009327977,291.41315219064484,293.3380490350795,18987000,297.7008026123047,299.5320343017578,298.2488653424832,297.56135641279604,50.58115049071731,0.6875089296871693,0.9108924949672557,-0.2233835652800864,307.19453767830356,288.20706754630584,0.06361225559980434,8.65705644616068,719990600.0,41.69489523672412,30.6375349624665,0.005851432901241793,0.005834379758950852,0.01664002654851827,0.019911680405429344
2023-09-26,296.6322021484375,297.9617648857279,293.7051898730457,295.3423364379203,19417200,298.13241424560545,299.30065002441404,298.00014792801466,297.4925301709917,49.823194725642935,0.5076177570229561,0.8302375473783958,-0.32261979035543975,306.4855699384665,289.7792585527444,0.05631995199685731,8.457193825987579,700573400.0,32.63935238866363,35.8514451967657,-0.006216029253923172,-0.006235429199300756,0.016417725189937973,0.006622809526376727
2023-09-27,295.42169189453125,298.9539701789239,284.5569702480841,298.1106127734607,36429800,298.1200119018555,299.01667846679686,297.60346238440184,297.3391347431057,49.22641679160215,0.26432764129611996,0.7170555661619407,-0.4527279248658207,306.489284226888,289.750739576823,0.05665983612347893,8.434514214093989,664143600.0,41.986202937472996,38.77348352095358,-0.004080845724566684,-0.004089195098225967,0.01535579573480659,0.026331616389360102
2023-09-28,301.59326171875,303.9448032957464,294.3898109917405,296.6123599455331,22167100,298.55955963134767,298.7775549316406,298.2172776666092,297.6542552598201,54.63000281760738,0.5630224067891163,0.6862489342873759,-0.12322652749825957,306.6723676019637,290.44675166073165,0.05379966332392131,8.51672422126649,686310700.0,65.83594262842657,46.82049931818773,0.020890713151903828,0.020675494424945144,0.015847117489979887,0.0027306557135524656
2023-09-29,297.8724670410156,308.2212789671032,297.0290793382049,304.9866526085404,25373700,298.773876953125,298.73171569824217,298.16422987805635,297.67041909546424,43.837018266914775,0.49381078259210653,0.647761303948322,-0.15395052135621545,306.55309643425034,290.9946574719997,0.05223188002840264,8.525944045788865,660937000.0,51.457107577543255,53.0930843811476,-0.012337128013172216,-0.012413862149373307,0.016146202395885795,0.05069777377304985
2023-10-02,304.4309997558594,304.78818213594394,299.28140848326984,300.3827511018216,16265600,299.29181213378905,298.98095947265625,299.1283483207953,298.1712028480861,54.275835726137345,0.9571454727091577,0.7096381377004891,0.24750733500866862,307.13212971601763,291.4514945515605,0.05150801060677906,8.422470006305824,677202600.0,76.80224705725858,64.69843242107612,0.02201792189789953,0.021779027731376913,0.0168273526770944,0.037611591088050345
2023-10-03,298.59674072265625,304.3813322519074,297.30687525176296,301.89089689380233,17362300,299.3310012817383,299.1661071777344,299.0465625364662,298.20272417212834,46.72076487181952,0.8438383643378415,0.7364781830279596,0.1073601813098819,307.1479956191208,291.51400694435574,0.05235820269480536,8.516024797288152,659840300.0,54.256028964505624,60.83846119976915,-0.019164470891209984,-0.019350489834762594,0.017250088291701604,0.06944919973778707
2023-10-04,303.20062255859375,304.51035179503504,296.1757635012426,296.4039835330329,16880500,299.64900360107424,299.3865777587891,299.6856486937166,298.57293886742207,44.950659723084826,1.1127098262945196,0.8117245116812717,0.30098531461324796,307.55636052634316,291.7416466758053,0.05215923937452214,8.555713191265792,676720800.0,74.53398507642662,68.53075369939693,0.015418392795565339,0.015300737209495735,0.01755166726565523,0.07277984571745244
2023-10-05,302.41680908203125,303.8257355185984,297.1679903566098,302.25805126327083,19130000,299.95262145996094,299.5100085449219,300.10582721499577,298.8576699944302,54.46400659457806,1.248157220565588,0.899011053458135,0.34914616710745294,307.7917527693955,292.1134901505264,0.05184322480770682,8.09220725938504,657590800.0,75.47162710414776,68.08721371502666,-0.0025851314880167564,-0.0025884787103395883,0.017560741581405276,0.06355194773872674
2023-10-06,312.97393798828125,313.84709082731973,298.56700698401727,299.09287899662587,21803900,300.82278900146486,299.5838287353516,302.085536564732,299.9033194754562,60.99352145623257,2.1822170892758095,1.15565226062167,1.0265648286541396,310.3052440690245,291.3403339339052,0.06059581272811747,8.772580558341295,679394700.0,97.01895102259269,82.34152106772235,0.03490920011455567,0.03431369351096997,0.019075339512810992,-0.0023460513498571034
2023-10-09,315.8811340332031,317.8357962026818,309.3920783387563,310.0667763769625,22503700,301.35858459472655,299.4425372314453,304.20793617526607,301.08686129454856,61.26466487683588,3.121074880717515,1.548736784640839,1.572338096076676,312.8684066972298,289.84876249222333,0.07287438762514632,8.924953719107085,701898400.0,94.12640886704747,88.8723289979293,0.009288939723251843,0.009246062838670157,0.017859048501396246,0.008763676367598006
2023-10-10,319.33404541015625,322.13209523981016,315.6827063546983,316.63522300395726,19038000,302.35973205566404,299.50683227539065,306.5350299037107,302.43850456237135,69.42355915022245,4.0965253413393725,2.058294495980546,2.0382308453588265,316.3382123656794,288.3812517456487,0.08754769816078482,8.77399524389922,720936400.0,92.55345170190236,94.56627053051416,0.010931046539139455,0.01087173448700728,0.017248868262035987,0.0067112400704210096
2023-10-11,325.26751708984375,326.2795642087612,320.435440997427,320.49497139971857,22036300,303.48887329101564,299.6082373046875,309.41695100926967,304.1295425273693,77.14434379882242,5.287408481900343,2.7041172931645057,2.583291188735837,320.8233652123641,286.1543813696672,0.10658606230612569,8.774704184769238,742972700.0,97.57434276294751,94.75140111063244,0.0185807675848233,0.018410254065711822,0.01750037597494317,-0.033097474791164094
2023-10-12,321.635986328125,327.9663143762472,320.1774310246236,325.44608318054617,20530500,304.1060317993164,299.8037048339844,311.2968025967859,305.4263161422401,71.10403809655429,5.870486454545755,3.337391125440756,2.5330953291049996,323.10916818619523,285.10289541243753,0.11816548641725882,8.647137599536185,722442200.0,85.41713039873044,91.84830828786009,-0.011164750769489418,-0.011227544420463833,0.01725972601007591,-0.03501367444423609
2023-10-13,312.23968505859375,322.5190029215304,309.9377423510793,321.0108492234802,21341000,304.8194351196289,299.8334710693359,311.441861437064,305.9310101360441,60.3216981195462,5.510851301019898,3.7720831605565843,1.7387681404633133,323.9239265689014,285.71494367035643,0.12237068100864497,9.031974158700345,701101200.0,63.77132703995852,82.25426673387881,-0.029214085702292558,-0.02964931461102667,0.016447593301820575,-0.019193527420790946
2023-10-16,318.6494140625,319.3142105445774,313.0632462556419,316.15897834118726,16536100,305.7421936035156,300.0402484130859,312.55071568713106,306.8731141305964,65.46768819955413,5.6776015565346825,4.1531868397522045,1.524414716782478,325.6710609657777,285.8133262412535,0.1250833454120412,9.195695979825208,717637300.0,78.53710876850596,75.90852206906497,0.020528232990958184,0.020320368726283417,0.016909386468491015,-0.022232525122817592
2023-10-17,321.4771728515625,321.8740521941541,314.8293303133299,315.7024830350031,16387800,306.6813232421875,300.18788940429687,313.9240167893513,307.95489625807534,67.89798191341396,5.969120531275962,4.516373578056956,1.4527469532190063,327.74349270758955,285.6191537767854,0.13103368602241144,8.670533261966954,734025100.0,80.67356373836785,74.32733318227743,0.008874200498319107,0.008835056193562594,0.016918656669716804,-0.035339301723421035
2023-10-18,314.5019836425781,323.4021419109411,313.10295866554907,318.8875816026241,16851000,307.5395904541016,300.2738153076172,314.0129347667708,308.4398656939644,58.770406034238306,5.5730690728063905,4.727712677006843,0.8453563957995476,328.39638704027817,286.682793867925,0.1326337999182841,8.72368975778025,717174100.0,57.64675237247327,72.28580829311569,-0.02169730792116009,-0.021936155729797666,0.017199165497078922,-0.0550210511740169
2023-10-19,310.37432861328125,319.38364490768606,309.3225846372319,317.3892859153871,18709200,308.3869400024414,300.42463134765626,313.4531492046955,308.58315924354343,58.44727691073126,4.869989961152044,4.756168133835883,0.1138218273161602,328.1795402369791,288.5943397679037,0.12754018879698514,8.642894089319952,698464900.0,44.66284704350833,60.994387718116464,-0.013124416518745519,-0.0132113027311088,0.017198017778766256,-0.07819438984671712
2023-10-20,306.2467041015625,312.8449181089046,304.08368584423033,311.69397704496873,22312300,308.86171569824216,300.4823773193359,312.344465342675,308.4100884922856,51.26850889449971,3.9343768503894125,4.59180987714659,-0.6574330267571771,327.921069312364,289.8023620841203,0.12447058765929493,8.774716744301807,676152600.0,31.679037710294583,44.66287904209205,-0.013298859252182771,-0.013388080995414364,0.017446558415896297,-0.03861957618325773
2023-10-23,311.5650329589844,314.8889246228949,304.8675904983353,307.090139491986,17796800,309.51558685302734,300.72785095214846,312.224552668261,308.64378808241145,59.125849500150494,3.580764585849579,4.389600818887188,-0.8088362330376091,327.96389280001415,291.06728090604054,0.11842346858875792,8.981660288620605,693949400.0,48.40831326819669,41.583399340666524,0.017366158675974352,0.0172170902977576,0.01777692280081633,-0.036145350106563945
2023-10-24,310.11639404296875,315.8712519348251,308.2113606083932,314.313469087205,19525500,310.1897964477539,300.8540612792969,311.9002205720622,308.7528700054157,55.09281939554167,3.147350566646537,4.141150768439058,-0.9938002017925207,327.61272846138627,292.76686443412154,0.11236382434666319,8.933467648094856,674423900.0,42.042559451230076,40.70997014324045,-0.004649555510956027,-0.004660398316720442,0.017740859335366836,-0.036090319383374814
2023-10-25,297.19775390625,308.4593849099364,296.5131240641257,307.5862320515774,42192500,310.27859954833986,300.8060382080078,309.63830262347574,307.89693547955153,46.73939900619647,1.741367143924208,3.661194043536088,-1.9198268996118801,327.4000954081138,293.1571036885659,0.11521955085282973,9.42957656358446,632231400.0,2.176662638380112,30.87584511926895,-0.04165739182085548,-0.04254993636565155,0.020269962484001987,0.04113116743146028
2023-10-26,286.10479736328125,292.703011741462,277.22447353914265,292.703011741462,66684100,309.5041763305664,300.6881622314453,306.0177633526766,306.28270302649446,33.325164290339956,-0.264939673817878,2.875967300065295,-3.140906973883173,329.4482280211591,289.5601246399737,0.13941780686234875,9.76480488671338,565547300.0,17.500988685987764,20.573403591865972,-0.03732516951143572,-0.03803958724907961,0.02133881377204896,0.07809937022417501
2023-10-27,294.4195861816406,296.9794842399318,290.68885292835586,292.1871053257045,29596300,309.33153228759767,300.919150390625,304.23342840328644,305.40395363057934,37.518803818618665,-1.1705252272928988,2.066668794593656,-3.237194021886555,329.7535883178024,288.90947625739295,0.13872756425658064,9.938445530479454,595143600.0,33.887443495320156,17.855031606562665,0.02906203913736438,0.028647745741366224,0.02231146673588847,0.06022301434116728
2023-10-30,300.30340576171875,306.9909164922188,296.7214985151733,296.7611955420491,28435100,309.1251525878906,301.3043273925781,303.62880953535296,305.026135269923,39.23684680462094,-1.3973257345700176,1.3738698887609215,-2.7711956233309394,329.8370955816653,288.4132095941159,0.13794011387409286,10.375727060869906,623578700.0,45.48304090151373,32.2904910276072,0.019984470654232034,0.019787402331488402,0.02220859115798859,0.043414954480240686
2023-10-31,298.9241943359375,301.31543285724274,294.5485285219265,300.9483186528854,19434200,309.1415252685547,301.5299560546875,302.9050225815967,304.5741396451833,34.29180671910456,-1.6691170635866115,0.765272498291415,-2.4343895618780262,329.8189143880897,288.4641361490197,0.1383453699053701,10.36296888492071,604144500.0,42.764945927029615,40.711810107954484,-0.0045927265536096495,-0.004603305525518558,0.021797431142199442,0.058253535321773686
2023-11-01,309.4218444824219,310.30489891866,299.4997076080775,299.4997076080775,20434600,309.4525863647461,302.0111798095703,303.90761056633903,304.9332288923862,43.26809315038724,-1.0256183260471516,0.40709433342370166,-1.4327126594708532,329.93997695425816,288.965195775234,0.13242368601209703,10.619527544284917,624579100.0,69.72498196172567,52.657656263423,0.035118101329352,0.03451552777215076,0.02293294968155369,0.025428796440722046
2023-11-02,308.44940185546875,316.3375111890121,305.92917112013004,314.8293273096192,21631800,309.754216003418,302.3411895751953,304.6063476877436,305.19368614891084,47.69712053965212,-0.587338461167235,0.20820777450551434,-0.7955462356727493,329.981436750424,289.52699525641196,0.13115422254236667,10.464318937029987,602947300.0,67.61910987848736,60.036345922414206,-0.0031427730274821153,-0.0031477219101633835,0.02293821762214837,0.031138477551307053
2023-11-03,312.1504211425781,313.093005944509,308.59827930973705,310.1163649869128,16764300,309.7130401611328,302.89385192871094,305.76697437310276,305.70899985214544,45.916985725463356,0.057974520957316145,0.1781611237958747,-0.12018660283855856,329.91600222307807,289.5100780991876,0.12944375976169079,10.290681694391171,619711600.0,75.63384820877845,70.99264668299715,0.011998788990498888,0.011927374214853159,0.021707277672032774,0.045041205762891945
2023-11-06,313.341064453125,315.85136382365476,312.00160022439076,313.5196859262533,12887700,309.5860366821289,303.4951330566406,306.9322190007985,306.2743379707365,44.78110733588202,0.6578810300620148,0.27410510504910274,0.3837759250129121,329.6572417278388,289.514831636419,0.12811091377850678,10.062470388565442,632599300.0,78.21224454731735,73.82173421152771,0.0038143254979081664,0.003807069403955886,0.02161955704115135,0.042400336594088595
2023-11-07,316.33758544921875,318.5006040914344,312.66638257356414,314.59127961258827,14055600,309.436213684082,304.06188537597654,308.3791984544016,307.0197637098833,51.24077550129739,1.3594347445182962,0.4911710329429414,0.8682637115753548,329.2440475406026,289.62837982756145,0.1252322504035822,9.743544550885316,646654900.0,92.77485927612932,82.20698401074169,0.009563128922548403,0.009517691657087086,0.02158469013279203,0.05485835564238006
2023-11-08,317.2900695800781,318.8279885761275,312.4282289074521,315.66285499199586,13609700,309.03734130859374,304.4942919921875,309.7501017045057,307.78052710767554,54.88435870408896,1.9695745968301708,0.7868517457203873,1.1827228511097836,327.79639381180687,290.2782888053806,0.11824544353398801,9.482023079329691,660264600.0,96.30339168302194,89.09683183548952,0.003010973639148151,0.0030064497366462375,0.021146144875356813,0.04043393064569534
2023-11-09,318.0540466308594,321.6557867220615,316.3176728894775,316.93287073587214,16103100,308.85824432373045,304.99932678222655,311.0276316931755,308.5415285538373,58.75511350922141,2.4861031393382405,1.126702024443958,1.3594011148942824,327.1740031141539,290.542485533307,0.11517387679510409,9.237514619894673,676367700.0,91.89368975593158,93.65731357169427,0.002407818977103071,0.0024049248257871523,0.021021106757533672,0.042551929836849745
2023-11-10,326.2100524902344,326.53749993312164,316.9725463498959,317.44881977593377,19096200,309.5567626953125,305.65180541992186,313.3633887388769,309.8503081046815,60.42071286158839,3.5130806341953758,1.6039777463942417,1.909102887801134,329.4160619473938,289.6974634432312,0.12175773922648098,9.204916009799401,695463900.0,99.33598185342645,95.84435443079332,0.025643458857925072,0.025320180367952718,0.020631817830250674,0.019071214624860167
2023-11-13,326.6268310546875,329.74236633406514,323.16401492354265,323.66012177465035,16908900,309.95563354492185,306.3028961181641,315.4039183259247,311.09301350838564,61.923142008921474,4.31090481753904,2.1453631606232015,2.1655416569158383,330.87598303399125,289.03528405585246,0.12809939355880215,9.127663158663012,712372800.0,94.06766891336598,95.09911350757466,0.0012776386296851072,0.001276823143974536,0.020185507508282435,0.03274689458229485
2023-11-14,333.69134521484375,335.46741599370006,330.7345378585308,331.9351380866725,17179400,310.56634216308595,307.0204638671875,318.2173686165276,312.76696400516033,78.78823915121552,5.450404611367276,2.8063714507720166,2.644033160595259,333.5174054256707,287.6152789005012,0.1375586366964833,8.78747137010369,729552200.0,96.95058198474167,96.78474425051137,0.021628701283800567,0.02139811978536517,0.020629609704872046,0.00199233647796615
2023-11-15,330.1193542480469,335.7650516417798,327.450297436741,335.2987100726681,14531200,311.3472106933594,307.68603942871096,320.048443329069,314.05232624537416,89.39590192905004,5.996117083694855,3.4443205773565846,2.551796506338271,335.8709031804354,286.8235182062834,0.14857470288548583,7.954719501384509,715021000.0,87.47521406917939,92.83115498909565,-0.010704475911705424,-0.010762180985145232,0.02010277432044522,0.02638945523723879
2023-11-16,331.5878601074219,331.97480765966105,323.838674437655,326.8053833646593,18932600,312.4078872680664,308.39090759277343,321.8237382180464,315.35125467959995,87.91476716234861,6.472483538446454,4.049953169574558,2.4225303688718958,338.5368842111354,286.27889032499746,0.15759923740636436,7.759108526052756,733953600.0,89.86525010100989,91.43034871831031,0.004448408857214758,0.004438543931197758,0.01975955481082573,0.012089121585249218
2023-11-17,332.4312744140625,332.88768422104437,326.78557624437,327.6884943120668,14494400,313.7171157836914,309.1281213378906,323.45566686358734,316.61644132659717,86.52956530932768,6.83922553699017,4.607807643057681,2.2314178939324893,341.1383352068683,286.29589636051446,0.16497376470675978,7.297021216488198,748448000.0,91.91155154222461,89.75067190413795,0.002543562078440864,0.002540332699342406,0.019364371063662067,-0.0010149536752963595
2023-11-20,337.3228454589844,339.2080451684162,331.5878522890542,332.2824138935604,16960500,315.00500640869143,309.7712738037109,325.5890789551869,318.1502490401073,90.43025669041768,7.438829915079566,5.174012097462058,2.264817817617508,344.3525117178438,285.65750109953905,0.17400247688068785,7.357970398205757,765408500.0,95.25238318647888,92.34306160990445,0.014714533262683238,0.014607324919049076,0.019279018704013193,-0.0028825532788794295
2023-11-21,334.3561706542969,337.2534175899777,333.28456294277595,335.6956348737611,12027900,316.2169952392578,310.47217529296876,326.9378622935115,319.35068767819547,81.2018061330276,7.58717461531603,5.656644601032853,1.9305300142831774,346.6947766569113,285.7392138216043,0.18230727644722064,6.833511679169037,753380600.0,85.4205568736079,90.86149720077044,-0.008794763961660679,-0.008833666156601435,0.019400577735335548,-0.014184867120237032
2023-11-22,338.8310241699219,340.2499126792458,335.9436788615161,336.5687782957013,10702700,318.2986587524414,311.1951019287109,328.76757950526695,320.7936755664715,84.95438752430687,7.973903938795445,6.120096468585372,1.8538074702100733,348.99324361559763,287.60407388928513,0.1811793057519024,6.511040390316672,764083300.0,95.51717128239584,92.0633704474942,0.01338349313807563,0.013294725332257082,0.016236338387223253,-0.04199250370288976
2023-11-24,335.5964660644531,339.1981765257003,334.1478121943514,337.4816661250414,5467500,320.7732421875,311.72117492675784,329.81817743744944,321.890178566322,77.26760352912477,7.927998871127443,6.481676949093786,1.4463219220336567,348.362509657392,293.18397471760795,0.16441929674309125,6.5400946933387205,758615800.0,83.52663854499325,88.15478890033232,-0.009546227690905407,-0.009592084998692239,0.013170513440477594,-0.03964771649998977
2023-11-27,332.0938720703125,337.2533641257745,331.59776531805926,333.56232867781216,15684500,322.6569564819336,312.4036199951172,330.16828430404377,322.64600771476574,70.69643307239963,7.522276589278022,6.689796877130633,0.8324797121473884,347.69679994433466,297.61711301953255,0.15079979227740462,6.669082922513809,742931300.0,70.68459020474904,83.2428000107127,-0.010436921565997404,-0.010491768185567378,0.012817075457636334,-0.04386020210158892
2023-11-28,336.3504943847656,336.7374722413347,330.80402373364524,330.80402373364524,12637200,324.4593109130859,313.1267449951172,331.11939354723177,323.6611548755065,71.48942833440756,7.458238671725269,6.843485236049561,0.6147534356757083,347.8600868045752,301.05853502159664,0.13914518505044998,6.676170564643749,755568500.0,85.9842476561632,80.06515880196848,0.01281752742956943,0.01273607817190096,0.012505321883914611,-0.061063737685129627
2023-11-29,329.6133728027344,337.25339941898335,328.20441615570996,337.04504303961954,16024500,325.99376983642577,313.66512084960937,330.88769804807833,324.10205990715303,61.770292012409364,6.7856381409253,6.831915817024709,-0.04627767609940836,346.14328138930455,305.844258283547,0.12226149310354452,6.865400821400747,739544000.0,55.55560210618313,70.74147998903179,-0.020030062968554363,-0.020233384286577713,0.013605799943827093,-0.04440081175686439
2023-11-30,324.6026611328125,330.9032233148891,319.88964670778785,329.3057740125749,23146400,326.7528106689453,314.2104412841797,329.9207692918836,324.1391414794241,55.78541250200634,5.781627812459476,6.621858216111662,-0.8402304036521864,345.3583955063342,308.1472258315564,0.11463605857363167,7.270791019580547,716397600.0,32.77911544901958,58.10632173712196,-0.015201785131820689,-0.015318516798163232,0.0123335500201415,-0.0017117344108726895
2023-12-01,322.29083251953125,324.31492648520225,318.2624476796763,322.9456971366447,15276400,327.44488220214845,314.78771118164065,328.74693286536785,324.0022297046172,46.138831868540024,4.744703160750646,6.24642720503946,-1.5017240442888138,344.11260836659903,310.77715603769786,0.1034328282573194,7.040452438859863,701121200.0,18.32127914587059,35.55199890035775,-0.0071220260647689715,-0.007147508756750116,0.01246030082320631,0.02441343129789275
2023-12-04,317.5281677246094,318.36162346869537,311.21770411369187,314.8194441263184,19037100,327.71376953125,315.20325073242185,327.02096899755884,323.52266955794994,41.74314390065255,3.4982994396088998,5.696801651953348,-2.198502212344448,343.49241521126606,311.935123851234,0.09938422655907984,7.361507938525356,682084100.0,21.736078384981592,24.27882432662391,-0.014777537287329556,-0.014887812840709877,0.012794091040050868,0.01643651085565323
2023-12-05,315.8116760253906,319.37371922485295,312.93426263406553,316.49630583352786,16952100,327.8373001098633,315.54973205566404,325.296462386456,322.95148485183444,32.030339919645215,2.3449775346215915,5.026436828486997,-2.681459293865405,343.174676987667,312.4999232320596,0.09712989127463806,7.189998770794988,665132000.0,15.823708007496071,18.627021846116076,-0.005405793481312315,-0.005420457654430422,0.012850753878043006,0.0500486204931585
2023-12-06,314.978271484375,319.7408854394483,314.5714602075518,319.4233697677871,11294300,327.7693344116211,315.9166534423828,323.7090484015205,322.3608764542449,33.896239871966586,1.3481719472756026,4.290783852244718,-2.942611904969115,343.3316753144012,312.20699350884104,0.09881532989206256,6.965332415570535,653837700.0,12.953087472013511,16.83762462149705,-0.0026389288436208247,-0.002642416954276955,0.012684959062630046,0.05446484558784204
2023-12-07,324.0470275878906,325.6841739294483,315.29569659562253,315.29569659562253,15905100,328.10718231201173,316.48916015625,323.76104519942356,322.48577653821866,43.09590041264534,1.2752686612049047,3.687680814036755,-2.4124121528318505,342.9901885935152,313.22417603050826,0.09185707637738959,7.148887360075341,669742800.0,44.1899673074771,24.322254262328883,0.028791687949705214,0.02838499510398518,0.014236890288359602,0.020147719429332467
2023-12-08,330.1590576171875,330.57580062992184,320.4849755382466,320.5742711238423,14087400,328.7124328613281,317.06047607421874,324.7453548021565,323.0541677292534,48.102687661014066,1.6911870729031193,3.288382065810028,-1.5971949929069087,342.8393873256655,314.58547839699077,0.08557665851298417,7.433795725432548,683830200.0,65.24255107934394,40.795201952944836,0.018861552518450786,0.018685878982927475,0.014778496750589601,0.006521422447084868
2023-12-11,322.7472229003906,327.3213431195111,317.5083365583756,326.83513788878696,25802500,328.53929138183594,317.55797119140624,324.4379498941925,323.0314310752635,38.32084266583147,1.406518818928987,2.91200941643382,-1.5054905975048332,342.878664960578,314.19991780309385,0.08885823059842494,7.793119166821823,658027700.0,39.71285463959203,49.71512434213768,-0.022449284809235026,-0.022705105920371903,0.01463620035262153,0.059456507278280446
2023-12-12,331.61761474609375,331.86566813423246,322.032828194819,322.0725252153085,18485500,328.78883056640626,318.1017034912109,325.5425137175619,323.6674446805102,47.995314042064535,1.8750690370517304,2.704621340557402,-0.8295523035056718,343.1617359140991,314.4159252187134,0.0866836061087864,8.207016125622184,676513200.0,70.26647864435377,58.40729478776323,0.027484022220202853,0.027113117116693616,0.01591456367272243,0.048291594142187755
2023-12-13,332.1335144042969,335.7352540057981,330.049890421897,331.3298239470967,16353300,328.71093902587893,318.77243896484373,326.55651382321344,324.29456095634623,44.79561801179913,2.2619528668672046,2.6160876458193627,-0.35413477895215806,342.9885464982433,314.43333155351456,0.08597510852207846,8.192131951261624,692866500.0,74.75145516442747,61.57692948279108,0.0015557064379649876,0.0015544975802937947,0.015151734711564726,0.043436989214075794
2023-12-14,330.5758361816406,332.0939218599385,326.08110954354635,331.2505341986713,19607300,328.73376312255857,319.3199432373047,327.1748711091253,324.7598406026643,45.99426540701611,2.415030506460994,2.5758762179476893,-0.16084571148669546,343.0223057985453,314.44522044657185,0.08644638302078214,8.263706274790309,673259200.0,74.35227613556722,73.1234033147828,-0.0046899158172882816,-0.004700947979263573,0.01498953148518718,0.06279067556141538
2023-12-15,332.3121643066406,336.0230331691818,328.64096218319736,329.4049556902048,31776900,328.76997833251954,319.91785034179685,327.96522390874304,325.31927198814407,50.179216666514755,2.645951920598975,2.5898913584779466,0.05606056212102839,343.09261040959973,314.44734625543936,0.08619986636338714,8.387025716095252,705036100.0,81.02130534555502,76.70834554851655,0.005252435099478703,0.00523868917428573,0.015002667214027774,0.055147552094023444
2023-12-18,341.9366455078125,344.8537559101192,334.39581610239355,334.85225615932194,18993900,329.24524688720703,320.4971044921875,330.11467338552296,326.5501885451565,54.21471473022799,3.564484840366447,2.784810054855647,0.7796747855107999,344.6680115530127,313.82248222140134,0.09020831705768904,8.85903593722305,724030000.0,91.32742920936448,82.23367023016222,0.028962169414571637,0.02855069175875889,0.016323330210522354,0.029626724071763588
2023-12-19,347.6319580078125,350.8467508068738,342.4327681993937,342.8891779975481,17729400,329.7607025146484,321.1321209716797,332.8096402504906,328.11180109794583,63.81204133589695,4.697839152544759,3.1674158743934697,1.5304232781512894,346.91236402243203,312.6090410068648,0.09867712741990285,8.84911608263647,741759400.0,91.88778669123712,88.07884041538551,0.016656046009756675,0.016518855348864683,0.01641136117174915,0.021320924460662916
2023-12-20,346.5603942871094,352.196160744239,345.0820055877461,345.9352948214848,16369900,330.37091369628905,321.67664794921876,334.92514087150886,329.47836355640237,67.91337179467314,5.4467773151064875,3.6232881625360736,1.823489152570414,349.0144775738637,311.7273498187144,0.10759200523144208,8.57058597902159,725389500.0,86.24700166528243,89.820739188628,-0.0030824660852355468,-0.003087226669228422,0.01626941280715373,0.025881705245229147
2023-12-21,351.3329162597656,353.6348591200321,346.49090896056947,350.2315736784916,15289600,330.9960083007812,322.19795593261716,337.4494140081637,331.0972193122071,72.77833386547562,6.352194695956655,4.16906946922019,2.1831252267364647,351.5721005527925,310.41991604876995,0.11713159399387388,8.627995743759195,740679100.0,94.57308520369146,90.90262452007032,0.013771111908138067,0.013677151787369718,0.01628401277166442,-0.0003671668573148601
2023-12-22,350.63836669921875,354.4186979641028,348.4852499373512,352.81128655167174,11772800,331.7481033325195,322.77800354003904,339.4784836529414,332.544711711245,77.73919978131757,6.9337719416964205,4.722009963715436,2.2117619779809843,354.0587288955138,309.43747776952523,0.1272571839357932,8.260875716681495,728906300.0,90.88735031411709,90.56914572769698,-0.001976898629200252,-0.0019788552724441548,0.01608984317604999,-0.02009100658519203
2023-12-26,352.0671081542969,354.2003914352068,350.69787893895216,352.22586595026877,9898600,332.74676513671875,323.5745520019531,341.4151951146884,333.99081515147105,80.52138363722065,7.424379963217348,5.262483963615819,2.161895999601529,356.8394587430984,308.6540715303391,0.13686421167080912,8.055344869910114,738804900.0,94.09848726500417,93.18630759427089,0.004074686602403954,0.0040664075490286404,0.015809182370391698,-0.02919698158935935
2023-12-27,355.0437927246094,356.2046960041271,352.5434252578998,353.29751731228595,13207900,333.6814300537109,324.3024395751953,343.51190243929165,335.5502949717035,82.55412887292195,7.961607467588124,5.80230866441028,2.159298803177844,359.7334975921195,307.6293625153024,0.14675410792840365,7.981642199762523,752012800.0,97.1622300782845,94.0493558858019,0.008454878349521744,0.008419336062193743,0.015696910054701467,-0.029930355442955303
2023-12-28,355.52996826171875,359.0820794651083,355.0239296591303,356.89922781228415,11798800,334.97725982666014,324.9834954833984,345.36083564274196,337.0302707709639,79.72657952033582,8.330564871778051,6.307959905883834,2.0226049658942173,362.7018436179186,307.2526760354017,0.15596200751689862,7.506802725541426,763811600.0,91.45587826366041,94.23886520231633,0.0013693396337912667,0.0013684029432757237,0.014758329143804849,-0.017777244063221898
2023-12-29,351.20391845703125,357.19689709783825,349.0805970920824,356.19475166917226,14987100,336.3073226928711,325.7175341796875,346.25977146032494,338.0801705995615,70.56438913067994,8.179600860763458,6.682288096859759,1.4973127639036985,364.48491888140626,308.1297265043359,0.16046288043897564,7.365765219404324,748824500.0,81.05015219206616,89.88942017800366,-0.012167890728983277,-0.012242525561623339,0.014566055838190291,0.013278474138118224
2024-01-02,343.59368896484375,350.4101922055912,337.36258817062776,348.58452264014767,19042200,337.3724655151367,326.3819213867188,345.8496049225586,338.48857936736016,70.29184619345956,7.3610255551984665,6.818035588527501,0.5429899666709659,364.92272181392843,309.82220921634496,0.16036532208605647,7.450808735660867,729782300.0,58.19513223667491,76.9003875641338,-0.021668976603740786,-0.02190719648495055,0.01548715666278913,0.032169457738151275
2024-01-03,341.7878112792969,345.24072541994775,340.5078472895794,342.29384989196654,15451100,338.58544769287107,327.0927435302734,345.22471359282605,338.7329669163925,61.47823467376786,6.491746676433536,6.752777806108708,-0.26103112967517195,364.54736945801034,312.6235259277318,0.1519183593350794,7.086525749300502,714331200.0,47.59466698283996,62.279983803860326,-0.005255852314946519,-0.005269712894160869,0.01504152598778683,0.07547834080957316
2024-01-04,344.4172058105469,345.43918468397345,340.72616973060616,341.81761082843025,12099900,340.0157241821289,327.7497869873047,345.10048162632154,339.1540216492928,63.23229093668812,5.946459977028724,6.591514240292711,-0.6450542632639875,363.75134020676416,316.28010815749366,0.13783060558067164,7.017072275690944,726431100.0,55.56229501747039,53.7840314123284,0.007693061146353708,0.007663620447778007,0.014904374072084272,0.06496321991503895
2024-01-05,349.2096252441406,350.7475443733981,343.5639268458326,344.2882234705981,13920700,341.7272918701172,328.53165161132813,345.7326575675245,339.8988811748371,68.76502049148274,5.833776392687412,6.439966670771652,-0.6061902780842399,362.6286490331136,320.8259347071208,0.11970664982893178,7.097873180463442,740351800.0,67.56868635859871,56.90854945296967,0.013914576138306822,0.01381865718068969,0.014949559309135253,0.06404293806264683
2024-01-08,355.86737060546875,356.1848862578455,349.3088222783808,351.9382128171741,13890200,343.3183090209961,329.7050439453125,347.29184418874667,341.08173224377276,71.58186941845193,6.210111944973903,6.393995725612102,-0.1838837806381992,363.3805298327697,323.25608820922247,0.11275111161576841,7.068815325300615,754242000.0,86.9777421828664,70.03624118631181,0.019065182858787333,0.01888571967148544,0.014287922862153506,0.02453567265142742
2024-01-09,354.64691162109375,357.8319391849978,352.5930221333329,353.62493279017207,13463900,344.5427017211914,331.07588623046877,348.4233930244924,342.08656034579656,63.765315708071476,6.336832678695828,6.382563116228848,-0.04573043753302031,364.20848249150265,324.87692095088016,0.110903437339515,6.5471957144567785,740778100.0,79.57978027810708,78.04206960652404,-0.0034295332620648544,-0.00343542759165416,0.013999078753561649,0.030607250451120338
2024-01-10,367.58538818359375,370.0361570840026,356.28406029694395,357.3655998102049,22117200,346.78460998535155,332.5392022705078,351.37139227973876,343.9753624078556,68.67917820945948,7.396029871883172,6.585256467359713,0.8107734045234594,366.2101947548831,327.35902521582,0.10569291051269576,7.009991440445889,762895300.0,92.49923108237311,86.3522511811155,0.036482699097415194,0.03583296109728933,0.014406754473317811,0.015277909459480377
2024-01-11,366.7916564941406,369.8774266062331,360.10411548022216,369.232493748975,17205400,348.5433120727539,333.86896728515626,353.74374062041596,345.66545826609894,69.03830069907168,8.078282354317025,6.883861644751176,1.1944207095658497,368.5475847061284,328.5390394393794,0.10907703203818146,7.199931152554318,745689900.0,90.06995348636516,87.38298828228176,-0.0021593124073165937,-0.0021616470838222135,0.01365276201387836,0.037276472167593555
2024-01-12,371.57403564453125,374.1240316871446,366.6625968326006,367.27776437721,19310000,350.5153381347656,335.3219641113281,356.48686293181834,347.5846121459828,69.04404360910348,8.90225078583552,7.287539472968045,1.6147113128674748,371.46222294267017,329.56845332686106,0.112746762682544,7.222608630774415,764999900.0,93.06339523256672,91.87752660043498,0.0130384076783574,0.012954139333936602,0.013735243174525904,0.01946649968979286
2024-01-16,364.59881591796875,372.68535103334375,364.37062615979,370.74062077604117,15306900,352.216487121582,336.4255035400391,357.7348556989184,348.8449235365003,61.746556051829316,8.88993216241812,7.608018010858061,1.2819141515600592,371.8287784921198,332.60419575104424,0.10758285827757791,7.392699834117427,749693000.0,74.08911386834662,85.74082086242613,-0.018772085930232718,-0.01895051809320396,0.014628606083108694,0.04827744201264661
2024-01-17,365.5016784667969,365.67036808327623,355.81766511480436,363.4477892753066,12724800,353.87596282958987,337.5665490722656,358.92975150936127,350.07875723504077,61.40500319790583,8.850994274320499,7.856613263550549,0.99438101076995,371.95349422057296,335.79843143860677,0.09891900615512662,7.842033993580555,762417800.0,76.54511793793085,81.23254234628138,0.0024763178304760824,0.0024732568078125444,0.014639362263690274,0.06061856968149737
2024-01-18,373.2013244628906,373.91571950102383,368.06166503074314,368.59743859937487,16354300,355.43919677734374,338.7875671386719,361.12537811759654,351.7915399926593,64.27015207328168,9.333838124937245,8.152058235827889,1.1817798891093556,374.54739131213074,336.33100224255674,0.10240153655557047,8.14749493532318,778772100.0,97.49001362034566,82.70808180887435,0.021065966176659234,0.02084714647511826,0.014050103410328344,0.045330136140460775
2024-01-19,380.46435546875,381.3672432896038,375.02701349065325,376.0489923907014,21670800,357.0808166503906,340.1300329589844,364.10060540238936,353.9154522501475,67.70970517808675,10.185153152241867,8.558677219110685,1.6264759331311822,378.82450050752607,335.33713279325514,0.1143007671788135,8.440907008232838,800442900.0,97.94819929984202,90.6611102860395,0.019461428804713687,0.019274476873525067,0.0141913809093439,0.027878434170825805
2024-01-22,378.8072814941406,387.310558740859,378.19211394834883,384.9292523171683,17680500,358.6931610107422,341.3794268798828,366.3631709549665,355.75929145340626,70.37793854255678,10.603879501560243,8.967717675600596,1.6361618259596469,381.8862130223084,335.50010899917595,0.12245304219119128,8.51248877871529,782762400.0,82.97573024395102,92.80464772137954,-0.004355398740488514,-0.004364911119767403,0.014230533438716273,0.05039565343944141
2024-01-23,382.2007141113281,385.35594628431977,379.10498205560805,381.62521323149974,15506100,360.23655090332034,342.6776397705078,368.7997160559452,357.7179153539931,80.39360871743656,11.081800701952147,9.390534280870908,1.6912664210812398,385.3924843686217,335.080617438019,0.13163729180251554,7.991584100413552,798268500.0,89.08216111423181,90.00203021934159,0.008958203242035667,0.00891831657099471,0.014106620373152782,0.03857711698534794
2024-01-24,387.6578674316406,393.0654134087709,384.7903555799496,386.96330579643376,15698500,362.08752593994143,344.06971618652346,371.7009701137445,359.935689581967,84.14829528261876,11.765280531777535,9.865483531052234,1.8997970007253002,389.6066331157597,334.5684187641232,0.14197626044914954,8.429571326633152,813967000.0,89.6682764250892,87.24205592775733,0.01427823946640494,0.014177265424637094,0.014193132926326452,-0.0014333090892830747
2024-01-25,390.11859130859375,392.41060262725716,382.65715487917475,387.13204853940346,15091100,363.99010009765624,345.34788696289064,374.5344502975675,362.17146008023565,84.10838568970078,12.362990217331856,10.36498486830816,1.9980053490236962,393.76157025714775,334.2186299381647,0.15262779484375572,8.789602240541374,829058100.0,94.04700281602473,90.93248011844855,0.0063476691270480945,0.006327607526885144,0.014193370248593433,0.004069259788822999
2024-01-26,391.07110595703125,393.70046609647795,388.5409429594839,391.2794623469608,13163700,365.79146575927734,346.6367724609375,377.07855116825425,364.3121745896279,83.14214678904652,12.766376578626364,10.845263210371801,1.921113368254563,397.5754841406764,334.0074473778783,0.16254853860203777,8.64502406978627,842221800.0,94.0769029613732,92.5973940674957,0.002441602809141852,0.002438626939945809,0.014185368998422376,0.2051300319681788
2024-01-29,397.89752197265625,399.7926537489581,390.03920652616733,391.91447464954996,18742400,367.9098434448242,347.92089599609375,380.28146975354684,366.79997809948185,83.18705021650305,13.481491654064996,11.372508899110441,2.108982754954555,402.35067967325676,333.4690072163917,0.17311410263469468,8.843465941863835,860964200.0,95.98485896522477,94.7029215808742,0.0174556900564653,0.01730508953032383,0.014426309733934956,0.14560365433975853
2024-01-30,396.9449157714844,403.1958484793343,396.45874086397106,400.4474280863184,18614700,370.1968933105469,349.2574072265625,382.84507683322954,369.0329364455561,83.54042090009688,13.812140387673423,11.860435196823039,1.9517051908503849,406.0141157309671,334.3796708901267,0.18046444731913214,8.950479553556574,842349500.0,86.8063056351844,92.28935585392743,-0.002394099356158641,-0.0023969697943468974,0.013945148371998712,0.1366297814015447
2024-01-31,387.10223388671875,394.90101835810526,384.0858960218771,385.97109583241945,20180800,372.3723205566406,350.3676947021484,383.50002407222786,370.3714029226793,66.27503113349482,13.128621149548565,12.114072387368145,1.0145487621804197,406.63772166887827,338.10691944440293,0.17703540880244606,8.769749145463607,822168700.0,66.03159207382257,82.94091889141056,-0.024796090071177335,-0.025108691462137907,0.014287768451560606,0.20364480739821933
2024-02-01,391.7060852050781,397.38154822868097,389.98954477012256,390.87262941167637,29727100,374.8682342529297,351.5531909179688,384.7624950157433,371.9517497584125,69.53472477921672,12.81074525733078,12.253406961360673,0.5573382959701068,406.95643402768184,342.7800344781776,0.16383814797236207,8.805892232317271,851895800.0,75.74883108832837,76.19557626577843,0.011893114829470752,0.011822947529885733,0.014085071455276597,0.19053665928475283
2024-02-02,471.2915344238281,482.176118971358,449.48269858581074,456.0213826629202,84707600,381.2119506835937,354.2325646972656,398.0746549246794,379.3102523262211,85.98022043512125,18.764402598458332,13.555606088780205,5.208796509678127,432.420877952846,330.00302341434144,0.2173131640561172,14.735077868869833,936603400.0,91.38594671251654,77.72212329155582,0.20317644331995233,0.18496509566402738,0.04609458753201682,-0.01448448681339154
2024-02-05,455.8328552246094,468.2255934429309,455.64433221754496,466.221332864614,40832400,386.54311218261716,356.6620983886719,406.96053189389943,384.97859328165725,81.02014324565096,21.981938612242175,15.2408725934726,6.741066018769574,445.35930670282414,327.7269176624102,0.25806035631734175,15.258826249779077,895771000.0,79.15195782828596,82.0955785430436,-0.0328006723441735,-0.033350674826722854,0.04740844217958688,0.020656929551720493
2024-02-06,451.1794128417969,463.4828566103552,449.47280407428997,460.3871547251005,21655200,391.30871429443357,358.90906616210935,413.7634366551144,389.88235769351945,78.40647445036012,23.881078961594937,16.96891386709707,6.912165094497869,454.9103006311007,327.70712795776643,0.2819347892496532,15.555779790321461,874115800.0,72.83717788596687,81.12502747558977,-0.010208659444961521,-0.010261125184134256,0.04770687037632841,0.011875342721208604
2024-02-07,465.93359375,467.8485587840739,452.6280053703203,454.4338414397377,23066000,396.87304840087893,361.5158087158203,421.7896146697122,395.5157825865921,79.37145029344632,26.273832083120112,18.829897510301677,7.443934572818435,466.18556273248555,327.5605340692723,0.2975209998221195,16.145430140896462,897181800.0,84.84119382113616,78.94344317846297,0.03270136111768163,0.03217804971283008,0.047739729931939104,0.007857889905180215
2024-02-08,466.3404541015625,466.9258565699246,461.40915064167314,464.6735422987729,18815100,401.81080169677733,364.2007403564453,428.64358996691993,400.76205455066395,78.43484027797507,27.881535416255986,20.64022509149254,7.241310324763447,476.22131639754963,327.40028699600504,0.3191252830258072,15.956200648149197,915996900.0,84.77105698406292,80.81647623038863,0.0008732153187065439,0.0008728342880085601,0.04754880169344172,0.02985097091533806
2024-02-09,464.4651184082031,469.9024601255168,463.8301174160843,469.26745913339795,18413100,406.6944747924805,366.7630328369141,434.154594342502,405.48080002159276,78.32163470767777,28.673794320909224,22.246938937375877,6.426855383533347,484.18486119709655,329.20408838786443,0.33367580614099984,15.738621927929367,897583800.0,82.81672144699445,84.14299075073116,-0.0040213875439401026,-0.004029495065787248,0.04758172265089459,0.011129863985193333
2024-02-12,465.24896240234375,475.41915205194476,462.947019526659,464.5444992074422,19382000,411.3782211303711,369.4757446289062,438.9383432747853,409.9080713090558,77.94097262486345,29.030271965729526,23.60360554304661,5.426666422682917,491.21890869669943,331.5375335640428,0.3432170472947028,16.16172676615127,916965800.0,82.9910241487595,83.5262675266056,0.001687627257837887,0.0016862048151010788,0.04764689319317697,0.006078078733624981
2024-02-13,456.5373229980469,464.2468421541009,451.54648973334866,453.3126287541774,20916600,415.975146484375,372.11443786621095,441.64587861682554,413.36208995268476,72.67737556745817,28.283788664140786,24.539642167265445,3.7441464968753415,495.05863385898465,336.8916591097653,0.3464491658875741,16.36442486411929,896049200.0,74.23727607302605,80.01500722292666,-0.018724683144512033,-0.01890220960129126,0.047645268741537586,0.01827041310337063
2024-02-14,469.5948486328125,470.4183725927847,462.4608304684062,464.2864998480657,16858400,421.17980499267577,375.0605181884766,445.9457201577466,417.52747948454606,74.45949717352809,28.418240673200557,25.31536186845247,3.1028788047480873,499.97757742154715,342.3820325638044,0.3355989643339774,16.65925356745182,912907600.0,87.17377740501526,81.46735920893359,0.028601222675547877,0.02819984303729164,0.04772052706752244,0.028240767096594954
2024-02-15,480.26116943359375,484.8154264310746,468.5431287071876,471.5793000388415,24212300,426.5327972412109,378.31517822265624,451.2250200463385,422.1744194807718,75.90041467270935,29.050600565566697,26.062409607875317,2.98819095769138,506.14865783221467,346.91693665020716,0.3315523538365611,17.45302318080132,937119900.0,95.47872706252602,85.62992684685575,0.02271387948959691,0.022459760156138434,0.04773554944198423,0.0010610529269567959
2024-02-16,469.6345520019531,475.2306210030674,465.5565383292655,474.38723338064216,23324600,430.9913070678711,381.3916357421875,454.0572557318177,425.6899848527112,70.38226605926769,28.367270879106513,26.523381862121557,1.8438890169849564,509.7269055337337,352.2557086020085,0.33530581653427904,17.80667917233971,913795300.0,84.92907256858943,89.19385901204355,-0.022126747086743115,-0.022375215594101914,0.048371313659570016,0.018869210672438852
2024-02-20,468.0767822265625,472.4722813616275,462.9271910394476,466.0625897590752,18015500,435.4547821044922,384.45360595703124,456.21410596177844,428.82974762114463,70.14106223599504,27.38435834063381,26.695577157824008,0.6887811828098016,511.82004903301817,359.08951517596626,0.3262937613152664,18.007249365683755,895779800.0,83.38258489109609,87.93012817407049,-0.003316982893933562,-0.0033224962769336105,0.04835385715282038,0.03352770971851493
2024-02-21,464.8784484863281,465.84191805812145,458.68047616341727,463.3587521836112,12921800,439.5886688232422,387.270234375,457.5470817347861,431.5000217593064,72.883453953338,26.047059975479726,26.565873721355153,-0.518813745875427,512.6975745584085,366.47976308807586,0.3145291246484464,17.75991267379361,882858000.0,78.97517260443672,82.42894335470739,-0.0068329254124086525,-0.006856376735734472,0.0485285087518715,0.03416440093724615
2024-02-22,482.8565673828125,486.69056087896115,472.85436813311964,477.00621413077533,21625800,444.3486038208008,390.3241845703125,461.4408487575594,435.3042103240105,74.86182827429094,26.13663843354891,26.480026663793907,-0.3433882302449973,515.5939113353262,373.1032963062754,0.2950992585673648,18.58368396312724,904483800.0,89.69848312683791,84.01874687412355,0.038672730377203424,0.03794367729883591,0.048924233209337246,0.008228226034183272
2024-02-23,480.770751953125,491.031180902857,479.1020716150301,484.7636721147276,18374300,448.88121185302737,393.4846551513672,464.41468001841565,438.6721022965375,54.47916825170255,25.74257772187815,26.332536875410756,-0.5899591535326074,517.0686989896128,380.6937247164419,0.2836590489732358,12.973617928952024,886109500.0,75.31080438292737,81.32815337140065,-0.004319741245299991,-0.004329098283892818,0.04904785988748526,0.03774545674289076
2024-02-26,478.4961853027344,482.8665820728748,477.3638772756252,480.2145472288163,12101400,453.2524658203125,396.4222265625,466.58106544677236,441.6220343710706,62.233206988754496,24.959031075701773,26.05783571546896,-1.098804639767188,516.8931756368908,389.61175600373434,0.2660029976051495,12.24901097116391,874008100.0,69.83761985572907,78.28230245516477,-0.004731083663368052,-0.004742310664266176,0.049143968875907496,0.03414698671113103
2024-02-27,483.77032470703125,483.98884449892734,476.68836166366407,476.7479552149011,10809600,457.5461059570313,399.4549627685547,469.2255668714276,444.7441299515121,67.47481959459564,24.481436919915495,25.74255595635827,-1.261119036442775,516.9051876166177,398.18702429744485,0.24540191337918038,11.769755992535197,884817700.0,81.61095862325253,75.58646095396963,0.011022322781863103,0.010962019697507758,0.04912174570224405,0.006508755322452098
2024-02-28,480.7607421875,487.74340304330303,479.49930490259146,481.73415407096195,12715500,461.73689727783204,402.4586608886719,471.00020922774644,447.41202715417785,59.09568802985533,23.58818207356859,25.311681179800335,-1.7234991062317455,514.5559292923151,408.917865263349,0.2197310528066507,11.167966863851953,872102200.0,73.98880829026689,75.14579558974948,-0.0062210978347087,-0.006240529496609202,0.04918348159831153,0.024937144398018196
2024-02-29,486.8296203613281,488.38905573969606,479.360238325875,485.1509978759403,17732000,466.7232666015625,405.54901000976565,473.43550324829744,450.331848873226,61.752622317209365,23.103654375071415,24.870075818854552,-1.7664214437831376,507.2820540083969,426.1644791947281,0.16662415642142492,11.418831969964069,889834200.0,89.35901378996459,81.65292690116132,0.012623489485048767,0.01254447748494553,0.04847019459302753,0.04500855762879552
2024-03-01,498.91766357421875,500.8545450353312,488.5380486516633,488.7962772842843,16273600,472.0838455200195,408.6886303710937,477.3558356061315,453.9307981103366,67.68952677304775,23.425037495794925,24.58106815424263,-1.1560306584477047,495.6947615303636,448.4729295096754,0.09464854718190094,11.986873538861968,906107800.0,96.07187618694158,86.47323275572433,0.02483013092736397,0.0245268729317901,0.04854746745289158,0.007266706605008055
2024-03-04,494.83538818359375,501.02344874221626,493.07731757525386,499.6129971227631,12324100,473.2610382080078,411.63269897460935,480.0449975411257,456.9607677453927,64.69335296623649,23.08422979573305,24.281700482540714,-1.1974706868076623,498.96091418449333,447.56116223152225,0.10387242541736073,11.663587727553155,893783700.0,87.49304588750418,90.97464528813676,-0.008182262703187893,-0.008215921141856958,0.01906265992082721,-0.02930606584146822
2024-03-05,486.9190673828125,492.2429608634323,484.6047699531748,491.6668796750701,15325300,474.81534881591796,414.43987243652344,481.10254674753907,459.1799010518682,65.20846718419824,21.922645695670838,23.80988952516674,-1.887243829495901,499.82810257012903,449.8025950617069,0.10273885509825893,11.415598124797716,878458400.0,66.69014832668435,83.41835680037669,-0.01599788735773311,-0.016127234938014746,0.017744486721283682,0.01944023339110279
2024-03-06,492.7495422363281,499.58322016092893,490.96167477767403,494.2791810340301,11757900,476.8938552856445,417.26820495605466,482.8943922073528,461.666541139606,62.49480845629061,21.22785106774677,23.293481833682748,-2.0656307659359783,500.50631332941055,453.2813972418785,0.09583959403230143,11.328676923610475,890216300.0,80.45978824161378,78.21432748526742,0.01197421757347561,0.011903093834685245,0.01753774028648366,-0.0010481582384500587
2024-03-07,508.7411193847656,516.3495133273082,498.0039120353607,499.8911121312514,18586400,479.0342315673828,420.4302600097656,486.8708117731086,465.1535469355438,64.53317991995968,21.717264837564812,22.97823843445916,-1.260973596894349,505.98779989182526,452.0806632429403,0.10596182340062525,11.852082164117117,908802700.0,86.80679560890164,77.98557739239989,0.032453763581109074,0.031938263815104825,0.01751690575528933,-0.03975092662582347
2024-03-08,502.54315185546875,520.0445011354961,495.9875874923853,510.72765736734266,18597100,480.8443664550781,423.43978088378907,489.2819410165486,467.92314729998265,67.58804959757731,21.35879371656597,22.654349490880524,-1.295555774314554,509.04237346294144,452.64635944721476,0.1122212367385839,12.520102345458733,890205600.0,71.47946327069411,79.58201570706983,-0.012182949820907396,-0.012257770264208693,0.017900188863067164,-0.0431861040773206
2024-03-11,480.3337097167969,493.97126872640746,472.79482114316187,493.6633585577727,20428300,481.63779602050784,425.9455792236328,487.90529004735606,468.84244821974664,55.3661704659746,19.062841827609418,21.936047958226304,-2.873206130616886,508.76807233194546,454.5075197090702,0.11296428196735785,13.963190944753519,869777300.0,35.28652751001769,64.52426212987113,-0.044194099664220055,-0.04520041966631935,0.02084681643698552,0.027688740007274726
2024-03-12,496.3848876953125,498.9276472763487,481.46603715056744,489.9385984033987,15448200,483.19459228515626,428.7626776123047,489.20984353165704,470.8826289216404,62.398410541686616,18.327214610016654,21.214281288584374,-2.88706667856772,509.9356785277072,456.45350604260534,0.10774335361702207,14.620164623068275,885225500.0,49.92640490999851,52.23079856357009,0.03341672186193079,0.032870518143098,0.022005889022424237,-0.007023560238393567
2024-03-13,492.2330627441406,497.6066378852909,487.7236245660359,492.0542820577353,12090700,484.97937927246096,431.58326049804685,489.67495417973146,472.4641425381219,54.140387968798684,17.210811641609553,20.41358735918941,-3.2027757175798577,508.8387554252059,461.12000311971605,0.09694341139838002,13.768086117826991,873134800.0,41.13941428538986,42.117448901802,-0.00836412440041956,-0.008399299968121245,0.021573519992308245,0.02007775445886617
2024-03-14,488.5181884765625,497.9741037778643,484.8729178506202,496.8914470652399,12620000,485.92554626464846,434.48175048828125,489.4969902253978,473.6533311261545,53.37252275657525,15.843659099243268,19.499601707200185,-3.6559426079569164,508.6919409006488,463.15915162864815,0.09320592425431289,13.851805877785365,860514800.0,33.27719327542281,41.44767082360371,-0.007546982412900416,-0.007575604984972102,0.02090720478322312,0.03238934557006212
2024-03-15,480.84027099609375,488.5182008794358,478.05910688483056,485.71721266457956,29153600,485.9545013427734,437.2627996826172,488.16518726704334,474.1856970424463,50.97455431984589,13.979490224597043,18.395579410679556,-4.416089186082512,508.6920174510252,463.21698523452164,0.09457409239517085,14.205833677596486,831361200.0,17.027522417224603,30.481376659345738,-0.015716748447815676,-0.015841566084358057,0.020685957694070122,0.05263371678936779
2024-03-18,493.633544921875,494.070584561547,483.5320123264852,488.5976770138942,11755300,487.15445098876955,440.24712646484375,489.0064730600944,475.6262783668484,53.85934417856168,13.380194693245983,17.39250246719284,-4.0123077739468584,508.7709842076599,465.5379177698792,0.08758129767016345,14.629393015467198,843116500.0,44.1034178044231,31.469377832356816,0.02660607835379314,0.026258291985482723,0.02077977496808997,0.012153343623866997
2024-03-19,492.89849853515625,493.28588697301825,478.039241983051,484.88286188860536,10903100,488.3955368041992,443.12090393066404,489.60524621010387,476.9057020830193,54.835409101614026,12.69954412708455,16.453910799171183,-3.7543666720866327,508.17210279691733,468.61897081148106,0.08024599811722721,15.154407643903799,832213400.0,42.5477535399827,34.55956458721011,-0.0014890527482994687,-0.001490162489121634,0.020755925315608666,-0.0007052683939086091
2024-03-20,502.1159973144531,504.7779741854075,491.835714780714,496.13654476437773,11711100,490.25741424560545,446.04587646484373,491.5299771492345,478.7731313594218,55.94071523655862,12.7568457898127,15.714497797299487,-2.957652007486786,507.5697190466007,472.9451094446102,0.06895739189187128,15.433939214680404,843924500.0,62.05581958529184,49.56899697656586,0.018700602267384347,0.018527895825433943,0.020917452365627684,-0.023065412201792257
2024-03-21,504.3409729003906,511.5719209963109,502.6027566454652,511.24418672335725,9712500,491.3316345214844,449.03975769042967,493.5008995724893,480.66704554764175,52.282640438182106,12.83385402484754,15.138369042809098,-2.304515017961558,509.3617007519509,473.3015682910179,0.07149951005082236,15.107582000955736,853637000.0,66.76479451644775,57.1227892139074,0.00443119836419803,0.004421409511638436,0.019272637306167507,-0.04368209475292184
2024-03-22,506.148681640625,506.5360700886192,500.9439753750218,503.5860676514322,8120600,492.60053100585935,451.8110235595703,495.44671219835635,482.55457414712197,54.854653973236985,12.892138051234383,14.689122844494156,-1.7969847932597727,511.0678922470118,474.1331697647069,0.07297208077789528,14.939436540001095,861757600.0,70.59065903127494,66.47042437767149,0.0035842987926173464,0.0035778905019538724,0.019209484858888445,-0.0357746655508312
2024-03-25,499.6328430175781,503.80457393392254,496.871563696633,502.38421028695126,8380600,493.65736389160156,454.46784729003906,496.09073232439044,483.81963110048906,55.521985742295,12.271101223901383,14.205518520375602,-1.9344172964742192,511.11793136174623,476.1967964214569,0.06989359372250221,14.871329376684884,853377000.0,56.8004309832414,64.718628176988,-0.012873368753873904,-0.012956948643406048,0.019461031946005566,-0.011232185939272221
2024-03-26,492.5508728027344,506.56584667768334,491.87542863664703,501.7286443250279,11205400,494.09639129638674,456.88738403320315,495.546138551828,484.46638974509983,49.91463969222604,11.079748806728162,13.580364577646115,-2.5006157709179533,510.9409131624165,477.251869430357,0.0683970846307929,15.01606260975059,842171600.0,41.812032721405906,56.40104091197406,-0.014174348851992091,-0.01427576440827897,0.019683934117643378,0.021879741934076824
2024-03-27,490.53448486328125,496.52390980676483,484.78349475828026,495.93785600976236,9989700,494.58507843017577,459.4060974121094,494.7751149074362,484.91587827237254,41.109686166353335,9.859236635063667,12.836138989129626,-2.9769023540659596,510.331934044386,478.83822281596554,0.06420284852592616,14.168951463858056,832181900.0,37.544516116557816,45.38565994040169,-0.004093765843879993,-0.004102168242748102,0.019648097574294768,0.03454434082123781
2024-03-28,482.310302734375,489.57110826984064,481.88320544172586,489.5214267607809,15212800,494.35911254882814,461.7422698974609,492.857451496196,484.7228726769653,40.31199074540252,8.134578819230683,11.895826955149838,-3.761248135919155,510.69330800159804,478.02491709605823,0.06773313926808532,13.068549019461235,816969100.0,24.538920205490836,34.63182301448483,-0.016765757317140362,-0.016907893547058322,0.019846011936448412,0.08600027941684885
2024-04-01,488.0413818359375,494.0804273460892,478.5358164738241,483.91933292845414,9247000,493.81529846191404,464.03907104492185,492.1165177023101,484.96868817022255,54.38215994256669,7.147829532087542,10.946227470537378,-3.7983979384498365,510.23445850749295,477.39613841633513,0.06728593376165161,12.053997602315393,826216100.0,29.82803684916751,30.637157723738696,0.011882555834016317,0.01181251258335723,0.01918396670240658,0.056782644474097976
2024-04-02,494.0208740234375,494.1798002750776,481.3865249828398,481.8335069600827,11081000,493.7745727539062,466.3102014160156,492.40949559786816,485.6392204556459,48.48211709540839,6.7702751422222605,10.111037004874355,-3.3407618626520943,510.1871185679535,477.36202693985894,0.06644474627308417,11.639664583221535,837297100.0,47.65987242948962,34.00894316138263,0.012252018804237652,0.012177570301311056,0.019320864327924576,0.03926680354107548
2024-04-03,503.3277587890625,503.8243919426412,495.39157069474135,495.57035135513,12099200,494.5950073242187,468.80061096191406,494.0892283965135,486.9494825544175,56.681367892691625,7.1397458420959765,9.51677877231868,-2.377032930222704,511.20393667475287,477.9860779736846,0.06599647669142249,11.633986340360726,849396300.0,75.41454351218843,50.967484263615155,0.01883905165752875,0.01866379442263747,0.019363951514023963,0.025831738519584313
2024-04-04,507.47967529296875,526.4311846012982,507.1419380470807,512.9426101041053,26476300,495.3315139770508,471.3061901855469,496.1492971498143,488.47023757208797,61.359057582632616,7.679059577726321,9.149234933400209,-1.470175355673888,512.8759155348033,477.7871124192983,0.06914326784663484,12.348432046431558,875872600.0,60.837469455520925,61.30396179906631,0.008248932095251682,0.008215095604155884,0.019279038650549685,0.023956686996898346
2024-04-05,523.7891235351562,527.1264840478417,510.94613579364227,513.3796505682054,19263300,496.0839141845703,474.0288153076172,500.4015781321746,491.08645134713004,73.3175115999928,9.315126785044583,9.182413303729085,0.13271348131549843,517.0137444537988,475.1540839153417,0.07991700983773399,13.004697386450678,895135900.0,93.2011651638272,76.48439271051215,0.03213813091681361,0.03163250589016518,0.019252607522594386,-0.02927907220907222
2024-04-08,515.753662109375,527.9112351234567,515.3961006970031,525.7161548218018,13260600,496.74443969726565,476.5415167236328,502.7634372055901,492.91365214433335,62.663528401968556,9.849785061256739,9.315887655234617,0.5338974060221222,519.3030225185461,474.1858568759852,0.08747812949700962,12.953613162236413,881875300.0,75.62244408277324,76.5536929007071,-0.01534102382949143,-0.015459914842798357,0.01938440162382752,-0.03662994603145897
2024-04-09,513.4194946289062,522.3290663211401,503.3278727144739,518.7135615949388,10863800,498.3987289428711,478.9884844970703,504.40283065533106,494.4326034394869,61.53681447124301,9.970227215844147,9.446755567356524,0.5234716484876234,520.7416911934234,476.05576669231885,0.08703589358912649,13.196962495653711,871011500.0,70.64988836228378,79.82449920296138,-0.004525740972778136,-0.004536013142959197,0.016239731758767938,-0.03315941233008379
2024-04-10,516.32958984375,519.0411871916722,502.39403584687636,505.8605555247708,11418500,499.39596405029295,481.3571258544922,506.23771668431857,496.0546024323953,58.60078658871719,10.183114251923257,9.59402730426987,0.5890869476533869,523.0994325018106,475.6924955987752,0.09181526264528346,13.461597634232447,882430000.0,76.54370211490189,74.27201151998628,0.005668065286354551,0.005652062246681762,0.014653621624974071,-0.049362116917885834
2024-04-11,519.63720703125,520.3325056145172,513.8067382940332,517.6010230992423,10369500,500.76617126464845,483.8109716796875,508.2991767376926,497.8014620323105,59.136198202121896,10.497714705382123,9.774764784492321,0.7229499208898016,525.8540584030959,475.67828412620094,0.09655924094341746,13.252300751277184,892799500.0,83.24261683379031,76.81206910365863,0.006406019047835221,0.006385587717055738,0.014470982783190992,-0.04082878538869428
2024-04-12,508.45306396484375,516.6872509060779,505.9003620426098,514.2636784657437,11984500,501.7629150390625,486.23798828125,508.3228516957159,498.59046958286854,51.23773492589149,9.732382112847347,9.766288250163328,-0.0339061373159808,526.3815436684474,477.14428640967753,0.09683736955939423,13.834068628065953,880815000.0,60.59137989837857,73.45923294902357,-0.021522983564442266,-0.02175798099053552,0.015310609050256935,-0.06022667320489361
2024-04-15,496.86163330078125,515.0384255513786,493.93148546628265,513.2405552726893,13512900,502.56398315429686,488.3410992431641,506.5595873272644,498.46240763604726,48.58848359105302,8.09717969121715,9.432466538374092,-1.335286847156942,525.2856235949096,479.84234271368416,0.09146063578975469,14.679055923859096,867302100.0,37.11526368338419,60.31642013851768,-0.02279744480970214,-0.023061324794051853,0.015818043700667146,-0.036982925420188106
2024-04-16,496.3948059082031,501.37104976093684,493.76262580382166,494.7558921640913,9847900,502.7020462036133,488.8431646728516,504.995774801255,498.30925195250325,52.09938256774744,6.686522848751736,8.883277800449621,-2.1967549516978853,525.2279203474936,480.17617205973295,0.09075789623812458,14.173199203579015,857454200.0,36.169798499825404,44.6254806938627,-0.0009395521032221632,-0.0009399937589602202,0.014700426801647067,-0.007323496168202603
2024-04-17,490.84246826171875,499.77192346212956,483.85980671013607,499.71232990333476,12193700,502.59924468994143,489.54335693359377,502.8183430259417,497.756156864297,50.16195147264417,5.062186161644718,8.11905947268864,-3.0568733110439226,525.3313224530872,479.8671669267957,0.09262473902736931,14.471177896686795,845260500.0,24.924653044409105,32.73657174253955,-0.011185325834193294,-0.011248352010787284,0.014923555949921103,-0.001355763511968422
2024-04-18,498.4210510253906,508.76098785932845,495.67965646364473,496.4544030177161,14808700,502.4144973754883,490.4881896972656,502.14183656431845,497.8054082836373,58.52966770530063,4.336428280681162,7.362533234287145,-3.0261049536059836,525.2230419431888,479.60595280778773,0.09152319919384237,15.133123623547817,860069200.0,40.27355128321885,33.789334275817765,0.015439949176587753,0.015321966047152911,0.014723792753586063,-0.12040659893936301
2024-04-19,477.83062744140625,499.4142847960301,472.52658902325265,499.4142847960301,25215400,501.08898010253904,490.72613037109375,498.40165054540887,496.32579488791646,45.3289735203996,2.0758556574924114,6.3051977189281985,-4.229342061435787,526.3730775899645,475.80488261511357,0.10582870178419411,15.943343973584414,834853800.0,9.576730721473892,24.924978349700595,-0.041311304050308806,-0.04218886998811122,0.017285534391908577,-0.07853321150928172
2024-04-22,478.4862365722656,488.69701401127566,470.2123104372898,486.4224254546389,17271100,499.7058578491211,490.9690460205078,495.3377407033868,495.00434612379416,42.529624587506746,0.33339457959266383,5.110837091061092,-4.777442511468428,526.7871367756669,472.62457892257527,0.1131956443326275,16.349874565137846,852124900.0,14.33982726686083,21.396703090517835,0.0013720533871381946,0.0013711129819820554,0.017251234320828486,-0.10194516410669863
2024-04-23,492.75946044921875,495.4015526749956,485.6774662629057,487.94211241184524,15079200,499.3621887207031,491.5349328613281,494.9410822027456,494.83805829604785,45.14954388868122,0.10302390669772876,4.109274454188419,-4.006250547490691,526.6212359322552,472.10314150915104,0.11063835156691533,16.85786014967544,867204100.0,39.07724473926601,20.997934242533557,0.02982995703116198,0.029393698351639456,0.018517360779733785,-0.13289659300928947
2024-04-24,490.177001953125,506.565898674962,481.3170517213348,504.6389593020942,37772700,499.24349517822264,492.03349365234374,494.20814677972703,494.49279486323877,41.94263804180321,-0.2846480835117404,3.2304899466483876,-3.515138030160128,526.6477062605712,471.83928409587406,0.11181353255316213,17.011104516917687,829431400.0,34.60149669006861,29.339522898731797,-0.005240809570128735,-0.005254590783501508,0.018277072222852152,-0.11005079030663445
2024-04-25,438.4078674316406,442.76829055814767,411.70886546766474,418.56239661086227,82890700,496.6371643066406,491.6709045410156,485.62348841848296,490.3383557942315,20.11119792688079,-4.714867375748554,1.6414184821689994,-6.356285857917554,535.1803014782217,458.09402713505955,0.1758323243484721,21.21262792624535,746540700.0,22.976297336132124,32.21834625515556,-0.10561314446660841,-0.11161687309650535,0.029870178915907552,0.0006798810142094602
2024-04-26,440.3050537109375,443.4338366860677,429.05132886461274,438.48735929530994,32691400,494.5369018554687,491.0851086425781,478.65142154039904,486.6321852695431,22.402216125536583,-7.98076372914403,-0.2830179600936064,-7.697745769050424,540.273676035229,448.8001276757085,0.20775039393386865,21.346011740174024,779232100.0,25.850783150260252,27.809525725486974,0.004327445787894568,0.004318109320052186,0.029811093901964382,0.019558264686320603
2024-04-29,429.7068786621094,436.7988148712777,425.6742197513567,436.60014947867506,21502600,491.6201766967773,490.07402282714844,471.12149186681603,482.4154958912147,21.125066551165787,-11.294004024398646,-2.485215172954615,-8.808788851444032,545.7679158198367,437.4724375737179,0.252021746971555,21.03384319395364,757729500.0,16.569149376642816,21.798743287678377,-0.02407007359898683,-0.02436449186682585,0.02988028239957609,0.07641807347466933
2024-04-30,427.2734069824219,436.65975597546355,426.8264249918601,428.147455924362,18429500,488.2828033447266,489.2267999267578,464.3756326538323,478.3308967127856,19.18057866790771,-13.955264058953276,-4.779224950154347,-9.176039108798928,549.5653690029491,427.0002376865041,0.2868541063251506,20.54714173958276,739300000.0,14.328871223217657,18.91626791670689,-0.0056630968702761075,-0.005679193001422592,0.02957440290162388,0.0884997709075026
2024-05-01,436.2326354980469,446.9301028028631,424.23396143290347,425.7139488551081,20344900,484.9280471801758,488.5899169921875,460.0459407837115,475.21250699317534,22.22296303120747,-15.166566209463838,-6.856693202016245,-8.309873007447592,549.973225916403,419.8828684439486,0.29821326257245784,21.70216845740244,759644900.0,23.360780343240936,18.086266981033784,0.020968373807531693,0.020751563000060147,0.029675209537540957,0.0760720001460704
2024-05-02,438.7059326171875,440.97057898429546,429.36923374620153,435.88505944497143,15221300,481.4893600463867,488.0664666748047,456.76286260424627,472.50831629865775,25.340670540354566,-15.74545369441148,-8.634445300495294,-7.111008393916187,548.7485979170649,414.2301221757085,0.30662561351486556,21.54963276093485,774866200.0,26.127148056557523,21.272266541005354,0.005669674659523949,0.005653662547951345,0.0296124061953858,0.0763900927104113
2024-05-03,448.9166564941406,451.11179697891964,440.86128084790545,442.92726154360383,16489100,477.74573669433596,487.3876684570312,455.55575397192234,470.7607859427676,32.88176805509251,-15.205031970845255,-9.948562634565286,-5.256469336279968,543.4075349839004,412.08393840477146,0.29253447088533907,20.928127352123145,791355300.0,38.33794677455551,29.275291724784637,0.023274642802387113,0.023007918975918557,0.029059855679394862,0.05363314636656802
2024-05-06,462.54425048828125,463.02102923203086,450.2873477934908,452.51225464015755,15094600,475.08526611328125,487.02313842773435,456.63090728213143,470.1521536868797,38.952272907066806,-13.521246404748297,-10.66309938860189,-2.8581470161464075,538.5375466474821,411.63298557908035,0.27436199008945844,21.39212369360708,806449900.0,52.37946761735034,38.948187482821105,0.030356623656085047,0.029904978874804766,0.030166704313399018,0.005003612275799707
2024-05-07,465.0870056152344,468.3548602507181,458.2036773866879,463.15015450497714,13406800,472.6686416625977,486.75495483398436,457.93184548722417,469.77695753342454,41.4258129668931,-11.84511204620037,-10.899501920121585,-0.945610126078785,533.6052993898384,411.73198393535705,0.2620441207409413,20.980628415895413,819856700.0,54.999456819302445,48.572290403736076,0.005497322957249695,0.005482267827472728,0.030257728337987188,0.007709791573750291
2024-05-08,469.417724609375,472.377639194553,459.8823607432109,460.378993962156,11683900,470.3230484008789,486.46790283203126,459.6989038137089,469.75034768719865,40.131163443534724,-10.051443873489745,-10.729890310795218,0.6784464373054728,527.690407764552,412.95568903720584,0.24441922985081657,20.593254048304875,831540600.0,60.83772303418656,56.0722158236131,0.009311631892212846,0.009268545908655416,0.03033289882464146,0.018916608372968824
2024-05-09,472.2187194824219,472.8742486238149,464.48116583313845,466.8352023225762,9437700,467.9521240234375,486.2970623779297,461.6250293012032,469.9331900424004,47.8274450893388,-8.308160741197185,-10.245544396875612,1.9373836556784276,520.4509416563807,415.4533063904943,0.22234958279707692,19.272210263869088,840978300.0,63.790582488367626,59.875920780618856,0.005966955924763484,0.005949224144796312,0.030324904651396,-0.004606536926647586
2024-05-10,472.99346923828125,474.2847034264408,466.437904971436,473.87746056720033,10750000,466.17914428710935,486.02033935546876,463.37402006075365,470.1598773902434,47.87552811175269,-6.785857329489772,-9.553606983398446,2.7677496539086732,515.1986198659145,417.1596687083043,0.20727337169262433,18.51235989822758,851728300.0,64.60733769318,63.07854773857804,0.0016406587115151972,0.0016393143012893906,0.030074461863615898,-0.009008874737483907
2024-05-13,464.858642578125,470.1626818020876,459.7333840408823,469.56671586760143,14668800,464.57899475097656,485.3391589355469,463.60242352496465,469.7671933300865,38.67066775473872,-6.164769805121864,-8.87583954774313,2.711069742621266,511.42237704049563,417.7356124614575,0.2015381795623881,18.25127197641822,837059500.0,56.031456300924226,61.476458827490596,-0.01719860249499161,-0.01734821637335599,0.029907628232499314,0.001773315035600298
2024-05-14,468.6727294921875,469.35808569307136,456.9819652481851,460.24982000044906,10478600,463.1928909301758,484.81590576171874,464.3824705968451,469.6861219346866,41.35450631347541,-5.3036513378414725,-8.1614019057628,2.857750567921327,507.65227240189654,418.73350945845505,0.18972463586645213,17.331791511508154,847538100.0,91.0317238758182,70.55683928997412,0.008204831672934843,0.008171355030366124,0.03000855575027496,-0.015301350456989438
2024-05-15,478.2975158691406,479.25104313597546,468.02714482052664,471.78169064027946,13100500,462.5656433105469,484.64347473144534,466.5232467925829,470.32400296686836,74.25710859191335,-3.800756174285482,-7.2892727594673365,3.4885165851818547,505.7172868858442,419.41399973524955,0.18043850174251527,12.528631642221622,860638600.0,98.2668523333104,81.77667750335092,0.020536262878750655,0.020328237059507342,0.0303572341064349,-0.028574950584938197
2024-05-16,470.0434265136719,474.47338576625015,469.5666477728062,471.8014969689751,16608200,461.1467620849609,484.18935241699216,467.0648129035197,470.3032195258908,66.78626169586835,-3.2384066223711443,-6.479099532048099,3.2406929096769543,501.08051810276186,421.21300606716,0.16991517704647402,12.124943090427296,844030400.0,83.2640766501759,90.85421761976814,-0.017257228151122184,-0.01740786973252444,0.03031503866088436,-0.01574275876661424
2024-05-17,468.7323303222656,469.6163216180006,465.2658404350713,467.65958568158874,10807300,460.6918472290039,483.38917663574216,467.3213540448652,470.18685736265934,74.60856404561416,-2.8655033177941505,-5.75638028919731,2.8908769714031592,500.028180140131,421.3555143178768,0.16784134725284408,11.42113967035728,833223100.0,80.88100551881632,87.47064483410084,-0.002789308641396593,-0.002793206011744698,0.028908457404014824,0.013371207156832376
2024-05-20,465.6829833984375,470.013640367692,463.8951161258971,466.7855247891009,11745100,460.0516845703125,482.65197326660154,467.0692970223379,469.8532370690133,74.03353528578596,-2.7839400466754114,-5.16189224069293,2.377952194017519,498.57706553108994,421.52630360953503,0.16545754229466964,11.155796331656669,821478000.0,75.33845976869809,79.8278473125634,-0.006505518665059107,-0.00652677177676438,0.028934634321705805,0.023632949965595174
2024-05-21,461.50140380859375,467.53053854336395,459.1572791821748,463.9746276136805,11742200,458.48878173828126,482.2753271484375,466.21269806637724,469.23458275342665,66.81655204672677,-3.0218846870494076,-4.733890729964226,1.712006042914818,493.83198155767485,423.1455819188877,0.15316616386307708,10.132733331030206,809735800.0,64.41660888976361,73.54535805909266,-0.008979455421213034,-0.009020013707816629,0.02805048373309077,0.020941144698640057
2024-05-22,464.63018798828125,470.5301932433233,462.51452555786585,464.71957833310466,10078600,457.21144104003906,481.6402331542969,465.9692349774394,468.893516474527,67.10356129164362,-2.924281497087634,-4.371968883388908,1.4476873863012738,489.44207376944524,424.9808083106329,0.1387367138969416,9.948979345075609,819814400.0,61.914702574605606,67.22325707768908,0.006779576733389803,0.006756698746882995,0.028125871150942887,-0.001560656609437605
2024-05-23,462.6436462402344,471.16585905076363,458.43220618871834,469.6958441033179,11747900,458.42322998046876,481.04844482421873,465.45760594094634,468.4305631238387,60.158816900902956,-2.972957182892344,-4.092166543289595,1.1192093603972513,489.4781247834752,427.3683351774623,0.1342497408334913,9.97239280938369,808066500.0,42.66133274849229,56.33088140428715,-0.004275533100094209,-0.004284699328076831,0.01422085631501426,0.0022541695011717433
2024-05-24,474.9998474121094,476.61887645447604,463.16009887613995,464.4712177669983,12024300,460.15796966552733,480.7780780029297,466.92564309035606,468.9171767748217,59.39469911631549,-1.9915336844656508,-3.6720399715248067,1.6805062870591558,490.82514852764535,429.4907908034093,0.1291250051097857,9.963168343408793,820090800.0,80.90987087073768,61.82863539794517,0.02670781555586066,0.026357387601065454,0.015195371912031791,-0.0015265861195088437
2024-05-28,476.6884460449219,477.6220886169313,471.64263552507384,473.37090944104057,10175800,462.50704803466795,480.6950415039062,468.4276127756739,469.4928263503847,58.86466872475572,-1.0652135747108105,-3.1506746921620077,2.085461117451197,490.4275541917051,434.5865418776308,0.11714362447293718,9.665187645396454,830266600.0,88.49257654559857,70.68792672160949,0.003554945632114004,0.0035486417484486337,0.013700248202219682,-0.006105328080879269
2024-05-29,471.165771484375,476.6188238980227,470.5102424233148,471.46376955148327,9226200,464.7016662597656,480.24568603515627,468.8488679616279,469.6167482121617,51.31178895974796,-0.7678802505338354,-2.6741158038363735,1.9062355533025381,487.3668340692894,442.0364984502418,0.09620888944508318,9.213968014701091,821040400.0,63.69283140964558,77.69842627532726,-0.01158550119342816,-0.011653136008686067,0.014009955146160446,0.04363786630878885
2024-05-30,463.9050598144531,468.5535696018269,461.5808200768087,468.4939760428169,10719600,466.0852874755859,479.6658172607422,468.0882820928318,469.1936601827018,44.15256368328898,-1.1053780898700438,-2.360368261043108,1.254990171173064,484.39250444279145,447.7780705083804,0.07892656732189049,9.29910148733608,810320800.0,31.088375553048536,61.09126116943088,-0.015410100031348906,-0.015530069715270581,0.014187222517103307,0.057188751892033096
2024-05-31,463.6865234375,465.9611118987805,451.3998233629331,462.66346029491183,16919800,467.3343170166016,478.8972277832031,467.41108845354995,468.7857241275017,43.40231083758184,-1.3746356739517296,-2.1632217436248324,0.7885860696731029,480.44843891639346,454.2201951168097,0.05656460232042748,9.778707921681981,793401000.0,44.115482819959794,46.29889659421795,-0.0004710799598532933,-0.00047119095287667575,0.014196836636595545,0.0559732474753325
2024-06-03,474.27471923828125,476.3705269083725,465.0870058983624,467.68935877281706,11279400,468.6022201538086,478.29590270996096,468.4670316512009,469.19231635792977,56.45067276616427,-0.7252847067288712,-1.8756343362456402,1.150349629516769,478.7972996097204,458.4071406978968,0.04299229557200868,9.73755922693009,804680400.0,82.13247412836043,52.4454441671229,0.02283481461200676,0.022578002389041,0.014163864577254347,0.05258762061777866
2024-06-04,473.7781066894531,475.6653370045295,470.04344582485936,473.78804905282203,7088700,469.1639129638672,477.6484912109375,469.28412011862434,469.5320045306352,53.66408905593149,-0.24788441201087608,-1.5500843513986875,1.3021999393878114,479.1901327267813,459.13769320095304,0.04232453809642164,9.25511427941465,797591700.0,80.34938328761035,68.86578007864351,-0.001047098925335388,-0.0010476475164012853,0.012608884637689569,0.06390075827898412
2024-06-05,491.7264404296875,493.30573030037567,480.65152660799043,481.18789892832643,15690500,470.49588470458986,477.4903631591797,472.7367847818648,471.1760368194539,58.60924495126734,1.5607479624109146,-0.9279178886367672,2.488665851047682,484.52185791028455,456.46991149889516,0.057047870736575884,9.84823751480563,813282200.0,96.23134305622341,86.23773349073137,0.03788341733570011,0.03718346373043683,0.015027257471854426,0.027835102475707085
2024-06-06,490.4352111816406,499.4342020437463,487.58454155763394,489.6604646276873,10667300,471.5467590332031,477.4480499267578,475.45961961259957,472.602642327764,64.35466129191357,2.8569772848355797,-0.17093885394229785,3.0279161387778775,488.1459677322845,454.94755033412173,0.06769174937128887,10.071008399789772,802614900.0,81.26552042503488,85.9487489229562,-0.0026259097373705353,-0.0026293634858243183,0.014996025230970546,0.020941433293544254
2024-06-07,489.64056396484375,495.550510782331,486.8693727151729,492.57071177763146,9380700,472.41785125732423,477.43017150878904,477.6413033590987,473.8647105971773,64.82601229509024,3.7765927619213926,0.6185674692304403,3.1580252926909522,490.8885588072168,453.9471437074317,0.07544598593027824,10.349833541829595,793234200.0,79.61119025859152,85.70268457994992,-0.0016202898949329025,-0.0016216039842669881,0.01499429912095934,0.02373536122128006
2024-06-10,499.2156982421875,499.2752918011658,490.087577609636,490.53452930197295,11220900,473.72896270751954,477.7682794189453,480.96044103342,475.7425615338447,71.76381152993899,5.217879499575304,1.538429875299413,3.6794496242758905,495.7526649149973,451.7052605000418,0.08823321175606647,10.600990941438678,804455100.0,99.54510954746344,86.80727341036327,0.01955543511307467,0.019366684358505807,0.015503270355836584,0.009019152356907423
2024-06-11,504.0528869628906,504.18201644117164,494.914824216535,496.792112209235,9673700,475.6886749267578,478.08850952148435,484.51312502256934,477.839622676737,77.38423641410331,6.673502345832333,2.565444369405997,4.108057976426336,501.1031539880304,450.27419586548524,0.10084052574087782,10.664843288827784,814128800.0,99.75535408487639,92.97055129697709,0.009689576545240053,0.009642933656282665,0.014827545807394014,-0.014747828045436173
2024-06-12,505.4136962890625,510.5488971678868,501.0731267567173,510.5290124391708,11983200,477.5257232666016,478.31636596679687,487.72859752510675,479.88214664802035,76.85761299973046,7.846450877086397,3.6216456709420775,4.224805206144319,505.9394459182046,449.1120006149985,0.11243748580708159,10.69677050143064,826112000.0,91.31820576485946,96.8728897990664,0.0026997352090794013,0.002696097469797499,0.01479955792868783,-0.013053005918100102
2024-06-13,500.70562744140625,505.93018839723624,497.98405673480437,502.30477188866905,9954600,478.64612884521483,478.26392333984376,489.7250636660759,481.4246267067897,74.19800449029842,8.30043695928623,4.557403928610908,3.7430330306753223,508.895859201214,448.39639848921564,0.12082840175204176,10.354804701458253,816157400.0,83.35853954404645,91.47736646459407,-0.009315277528536892,-0.009358936065366131,0.014534645499941158,-0.017513979599834806
2024-06-14,501.2623596191406,504.2351649770315,497.87195484771325,499.76102858798566,10243300,480.20707550048826,478.1395770263672,491.50003227423974,482.89408840400085,69.64360876494817,8.605943870238889,5.367111916936504,3.238831953302385,511.7806344056455,448.633516595331,0.12597618113255846,9.81108898110658,826400700.0,84.29977520829507,86.32550683906697,0.001111895187955625,0.0011112774903353992,0.013788952370828802,-0.010413406338306674
2024-06-17,503.71820068359375,507.8145165497157,493.15924290347647,498.786716272725,11266600,481.9563690185547,477.73815856933595,493.3797504910634,484.43661523952625,69.98807093155975,8.943135251537171,6.082316583856638,2.860818667680533,514.707836252627,449.2049017844825,0.1300388478701995,10.430790449276705,837667300.0,88.45172705881741,85.37001393705297,0.004899312739777839,0.004887350163474366,0.013716957600603897,0.007836075938707276
2024-06-18,496.61920166015625,503.0917955375381,492.1748915017007,501.6600694232584,13060400,483.5031799316406,477.35546936035155,493.8781275940008,485.3390290484618,68.39358834775504,8.539098545538991,6.573672976193109,1.9654255693458822,515.9391946129991,451.06716525028213,0.13062730789678542,10.81401227501142,824606900.0,76.44985016260989,83.0671174765741,-0.014093195389413116,-0.014193447497191173,0.014113113842428622,0.027287903351383758
2024-06-20,498.8165283203125,500.7752071040244,493.9148400723255,499.1147919555252,11801200,485.3689361572266,477.0634100341797,494.6378815518949,486.33736232785816,77.22029089344394,8.300519224036748,6.919042225761837,1.3814769982749109,516.751972273414,453.9859000410391,0.125829976892967,10.619399105306607,836408100.0,80.16474630344358,81.68877450829028,0.004424570481388557,0.004414810846953508,0.013813652766289038,0.035598786678918914
2024-06-21,491.936279296875,500.5564623228992,489.56003146184884,500.5564623228992,22359200,486.73424072265624,476.5755438232422,494.222250435738,486.7520969181557,69.9533890238809,7.4701535175822755,7.0292644841259255,0.44088903345635,516.6604806769294,456.80800076838307,0.12166713948012443,10.364766414249678,814048900.0,59.058857095812336,71.89115118728857,-0.013793145641355697,-0.013889154943860877,0.014350147740765415,0.019079244812952645
2024-06-24,496.0425109863281,504.88139980100635,491.44906935987734,496.3308527028193,13525300,488.40418395996096,476.10364990234376,494.50229052044415,487.4402757380203,66.92479444259541,7.06201478242383,7.035814543785507,0.026200238638323547,516.3308442047115,460.47752371521045,0.11259785049156905,10.418218340696573,827574200.0,64.18658303705665,67.80339547877084,0.00834708042944543,0.008312436205507534,0.014292811377721615,
2024-06-25,507.6653747558594,507.77472797570107,492.65215468981233,494.193234056006,12063200,490.03746032714844,476.08789611816405,496.5273804028157,488.9384312208232,72.46163741013997,7.588949181992518,7.146441471426909,0.442507710565609,518.4793959070663,461.59552474723057,0.11204993286609645,11.09683849114076,839637400.0,90.35526416226419,71.20023476504439,0.023431184852323206,0.023160888736522334,0.01403021124380222,
2024-06-26,510.1708984375,510.85693517121933,501.77940391512504,503.7380827860577,8882300,491.71158294677736,476.3540814208984,498.62638317738254,490.51120657020664,65.37272734996293,8.115176607175897,7.340188498576707,0.7749881085991897,520.7798799827079,462.6432859108467,0.11395513591605504,10.350403322938742,848519700.0,97.1400314811153,83.89395956014538,0.004935384223998973,0.0049232451395930495,0.014034286788793902,
2024-06-27,516.5737915039062,519.8747168625777,510.94634943596475,511.29431351366713,10121200,493.9819839477539,476.7576611328125,501.38752291992466,492.44176841714733,70.07494095608355,8.945754502777334,7.661301699416833,1.2844528033605007,523.3847858954672,464.57918200004065,0.1138377611535909,10.19712889000769,858640900.0,89.998815510515,92.49803705129814,0.01255048668204406,0.012472382145092808,0.013703312438041666,
2024-06-28,501.3220520019531,518.8805567277017,500.9442311555743,514.1777613035174,15855100,495.8528335571289,476.9672528076172,501.37745047100594,493.09956720120704,57.34134403590265,8.277883269798906,7.784618013493248,0.49326525630565765,521.7503899945519,469.9552771197059,0.1033170447380285,10.85821371179121,842785800.0,38.79974469216663,75.31286389459896,-0.02952480314100059,-0.02996943377436407,0.015087073260293514,
