date,close,high,low,open,volume,sma_20,sma_50,ema_12,ema_26,rsi_14,macd,macd_signal,macd_hist,bb_upper,bb_lower,bb_width,atr_14,obv,stoch_k,stoch_d,returns,log_returns,vol_20,future_return_5d
2020-01-02,5.970753192901611,5.970753192901611,5.8913625714305295,5.9418839191567505,237536000,,,5.970753192901611,5.970753192901611,,0.0,0.0,0.0,,,,,0.0,,,,,,0.012963383126582295
2020-01-03,5.875186920166016,5.918989028814216,5.826158464010726,5.8510460365310895,205384000,,,5.956050689403828,5.963674209736012,,-0.007623520332184164,-0.0015247040664368328,-0.006098816265747331,,,,,-205384000.0,,,-0.01600573154643381,-0.01613520668915829,,0.034947034207818195
2020-01-06,5.899825096130371,5.905051443474641,5.7557269623863725,5.781858699107725,262636000,,,5.947400598130988,5.958944645765223,,-0.011544047634235,-0.003528572779996466,-0.008015474854238534,,,,,57252000.0,,,0.00419359865467217,0.004184830026025495,,0.06293774342652414
2020-01-07,5.971251487731934,6.017044442487873,5.883149809298522,5.928196075296092,314856000,,,5.951069965761903,5.959856263688684,,-0.008786297926780762,-0.0045801178093533255,-0.004206180117427436,,,,,372108000.0,,,0.012106526962707864,0.012033829122571225,,0.03063407966798004
2020-01-08,5.982451438903809,6.023764739731018,5.926952474390596,5.967021135605146,277108000,,,5.955897884706811,5.961529980371285,,-0.0056320956644739795,-0.004790513380377457,-0.0008415822840965228,,,,,649216000.0,,,0.0018756455317425758,0.0018738887051085301,,0.021590995137138025
2020-01-09,6.048154354095459,6.120576999500233,5.994397505336159,6.068811004490261,255112000,,,5.97009118768968,5.96794660064715,,0.002144587042529622,-0.003403493295796041,0.005548080338325663,,,,,904328000.0,,,0.010982607357977958,0.010922736485782349,,0.024319020515694678
2020-01-10,6.080507278442383,6.185781374034128,6.066321616134521,6.155418721169793,316296000,,,5.987078278574711,5.976284428631982,,0.010793849942729139,-0.0005640246480910052,0.011357874590820145,,,,,1220624000.0,,,0.005349222664103426,0.005334966389939818,,0.02030153042547589
2020-01-13,6.271146774291992,6.296283085616818,6.140985084223415,6.163633065444852,319840000,,,6.030781124069677,5.998126083866057,,0.03265504020362009,0.0060797883222512145,0.026575251881368875,,,,,1540464000.0,,,0.03135256436999856,0.030871110080084422,,-0.016033169631438082
2020-01-14,6.154175281524658,6.2537250915044345,6.140984569750498,6.228339569543208,359088000,,,6.049764840601213,6.009685283692621,,0.04007955690859255,0.012879742039519481,0.02719981486907307,,,,,1181376000.0,,,-0.018652328988192135,-0.018828477502156618,,0.0114443082226654
2020-01-15,6.111618518829346,6.189267527995452,6.085735515773977,6.1668687570940355,263104000,,,6.059280791097849,6.017235893702749,,0.0420448973951002,0.018712773110635628,0.023332124284464573,,,,,918272000.0,,,-0.006915104095762681,-0.006939124226608522,,0.029685746102849464
2020-01-16,6.195239543914795,6.201212580149905,6.141731430548025,6.165125624680976,284192000,,,6.080197522300456,6.030421349274011,,0.049776173026445214,0.024925453093797546,0.024850719932647668,,,,,1202464000.0,,,0.013682304421949842,0.013589546828824458,,0.006226736807380506
2020-01-17,6.203950881958008,6.22186999285586,6.156415799010118,6.214403577975669,253792000,,,6.099236500709311,6.043275388732085,,0.05596111197722564,0.03113258487048317,0.024828527106742472,,,,,1456256000.0,,,0.0014061341747100276,0.0014051464938175443,,-0.0364249904001559
2020-01-21,6.170600414276123,6.204198560894106,6.13650431691283,6.16736492115884,217916000,,,6.1102155643349745,6.052706872105717,,0.05750869222925736,0.03640780634223801,0.021100885887019354,,,,,1238340000.0,,,-0.005375682096206313,-0.0053901830669594005,,0.00012116821927610211
2020-01-22,6.224605560302734,6.311213856784252,6.196980451112162,6.215894983052631,239240000,,,6.127814025253091,6.065440108268459,,0.06237391698463224,0.04160102847071686,0.02077288851391538,,,,0.12089966257915805,1477580000.0,84.40857953642949,,0.008752008297550296,0.008713931477412987,,-0.0182716426545112
2020-01-23,6.293046474456787,6.301508314316864,6.175826780010042,6.2646751491590695,244516000,,,6.15323440205366,6.082299839097224,67.92144449867409,0.07093456295643641,0.047467735367860774,0.023466827588575635,,,,0.12420615635313949,1722096000.0,96.72946680147116,,0.010995221061159688,0.010935213084689229,,-0.027880787802212148
2020-01-24,6.233815670013428,6.458300831398263,6.179560864595715,6.4085256847471355,373512000,,,6.165631520201317,6.093523233979905,70.78169104335258,0.07210828622141197,0.05239584553857102,0.019712440682840948,,,,0.13378795906111535,1348584000.0,68.04817657379775,83.06207430389946,-0.009412103451607257,-0.009456677206305483,,-0.05609228731718696
2020-01-27,5.977972030639648,6.02899133900115,5.779618620640297,5.929192314169117,470536000,,,6.136760829499522,6.08496388558433,53.57144033860574,0.05179694391519174,0.05227606521389516,-0.00047912129870342213,,,,0.15556457108146265,878048000.0,29.226257379807283,64.66796691835873,-0.041041258342697895,-0.04190722727934203,,0.0005411305480638173
2020-01-28,6.1713480949401855,6.203701607240368,5.99066457305883,6.043923950276957,310976000,,,6.142081947259625,6.091362715906986,58.22763597587632,0.05071923135263834,0.0519646984416438,-0.0012454670890054628,,,,0.16212420989656037,1189024000.0,57.719130914777665,51.66452162279423,0.032348104559439594,0.03183592080254561,,-0.0033875858573332307
2020-01-29,6.1108717918396,6.1930004533573255,6.071051388818257,6.15691349496701,258848000,,,6.137280384887313,6.092807832642736,55.07478223263437,0.044472552244577024,0.05046626920223045,-0.005993716957653425,,,,0.16391969555360658,930176000.0,48.80828839483945,45.25122556314147,-0.009799528752910569,-0.009847860143910219,,0.021259065343667505
2020-01-30,6.117591381072998,6.1310308331058625,5.958062920851865,6.013063944753105,290504000,6.103205609321594,,6.1342513073774185,6.0946436510449775,52.87810844375452,0.03960765633244101,0.04829454662827257,-0.008686890295831556,6.349826138577296,5.8565850800658925,0.08062667605381824,0.16640843495771898,1220680000.0,49.79838200816592,52.10860043926101,0.0010996122095658922,0.0010990080788925967,,0.03433519214555125
2020-01-31,5.884146690368652,6.083744287335184,5.842335907093359,6.0717982136305295,370420000,6.098875284194946,,6.095773673991454,6.079051283587472,43.02393379407387,0.016722390403981713,0.041980115383414396,-0.025257724979432683,6.3580119638113874,5.839738604578505,0.08807961230490866,0.1762390388177883,850260000.0,15.4016221314539,38.00276417815309,-0.03815957558502392,-0.03890672106238262,0.018825858129285774,0.06412035705168995
2020-02-03,5.981206893920898,6.0006189034883555,5.859755803690975,5.86597757728614,255564000,6.10417628288269,,6.078148015519061,6.071803551019578,38.9656710142226,0.006344464499483671,0.03485298520662825,-0.02850852070714458,6.347927015376492,5.8604255503888885,0.0815055345239912,0.17088813114799864,1105824000.0,29.702896258093315,31.634300132571045,0.016495204599694446,0.016360636514580175,0.01882523127736736,0.09420393032247776
2020-02-04,6.150442123413086,6.169605872146606,6.073042338363258,6.123066221076983,271544000,6.116707134246826,,6.0892701859642955,6.077628630456133,49.86336109710221,0.011641555508162149,0.030210699266935034,-0.018569143758772885,6.341234318775236,5.892179949718416,0.0730117217666986,0.17504790069687104,1377368000.0,54.63875380087813,33.247757396808446,0.028294495156854227,0.027901599895154637,0.019783103489530225,0.08400437201106614
2020-02-05,6.240783214569092,6.281598562985633,6.157409927409583,6.27139460720877,208220000,6.130183720588684,,6.112579882672725,6.089714155205241,54.56781433903864,0.022865727467483943,0.028741704907044818,-0.005875977439560875,6.3502623332561114,5.910105107921257,0.07052916440156232,0.17702107407909048,1585588000.0,67.95000457345968,50.76388487747704,0.014688552358228302,0.014581720439938503,0.019858958524996192,0.08685606696459636
2020-02-06,6.327640056610107,6.327640056610107,6.193994633007796,6.275127851182207,218284000,6.147443151473999,,6.145666063278476,6.107338296050046,54.67155509948192,0.0383277672284299,0.030658917371321835,0.0076688498571080635,6.372818043048566,5.922068259899431,0.07123505431985873,0.18016759995635848,1803872000.0,80.74787087026942,67.77887641486907,0.013917618839611068,0.013821658120621291,0.02002413991593987,0.06501488354617013
2020-02-07,6.261440277099609,6.309722042005786,6.236054755001405,6.287572013355755,189752000,6.158107447624206,,6.163477480789419,6.118753257609273,51.94934662004531,0.044724223180145906,0.03347197853308665,0.011252244647059255,6.383884833765892,5.932330061482521,0.07211675785439864,0.1820341076537128,1614120000.0,70.99370634914206,73.23052726429039,-0.01046200145998244,-0.010517112918363668,0.02014798489589049,0.1518343498442487
2020-02-10,6.5446600914001465,6.545406305582232,6.279110375824013,6.284087985183651,529608000,6.181315088272095,,6.222120959344916,6.150301911964153,60.84576635811977,0.07181904738076295,0.04114139230262191,0.030677655078141033,6.4622018614541235,5.900428315090067,0.08583693247908196,0.19748209226095184,2143728000.0,99.90255586557679,83.88137769499609,0.045232374943569464,0.044239229063645705,0.02235703309281444,0.12777101768017496
2020-02-11,6.6671061515808105,6.781837531508206,6.590950532170923,6.652920487059736,638556000,6.201113057136536,,6.290580219688899,6.188583707491313,62.34042023520892,0.10199651219758632,0.053312416281614795,0.048684095915971524,6.554992782722919,5.847233331550153,0.10615691952121567,0.20437952066094686,2782284000.0,88.55226342580565,86.48284188017483,0.018709307812878162,0.01853644152401997,0.02170998559895258,0.1747359718093382
2020-02-12,6.782833099365234,6.789304086608207,6.681043216849115,6.7198677162340585,374644000,6.232545948028564,,6.366311431946797,6.232602180963456,63.30813806042473,0.1337092509833413,0.0693917832219601,0.0643174677613812,6.670551260665117,5.7945406353920115,0.12915113971403572,0.20413069214098792,3156928000.0,99.35910850906814,95.93797593348353,0.017357897887524176,0.017208970485713727,0.021283471550002545,0.13267780846632804
2020-02-13,6.739030838012695,6.806227140199574,6.697468796769711,6.724845173517911,528016000,6.263916563987732,,6.423652879033859,6.270115414818955,63.843418577143694,0.15353746421490388,0.08622091942054887,0.06731654479435502,6.752416371831495,5.7754167561439695,0.14497627910775923,0.1919891476143676,2628912000.0,93.45453482596542,93.7886355869464,-0.006457812054470047,-0.006478753930555733,0.021270136496668927,0.08601086892224674
2020-02-14,7.212141990661621,7.341059034322316,7.117818524879411,7.149176609223402,1041924000,6.314761686325073,,6.544958896207361,6.339895161177671,80.21939886408758,0.20506373502969044,0.10998948254237718,0.09507425248731326,6.9597770175416285,5.669746355108518,0.1788692823995229,0.2025485152526883,3670836000.0,91.39820809911458,94.73728381138272,0.07020462793852467,0.06784987125361536,0.025751486779893248,-0.056972323493394206
2020-02-18,7.38087797164917,7.39929502877194,7.089445772386045,7.108857781612772,620164000,6.373608040809631,,6.6735618308907165,6.417004998990374,79.97780003986097,0.2565568319003422,0.1393029524139702,0.11725387948637198,7.1724598120402945,5.574756269578968,0.21646524283402271,0.20855706380877223,4291000000.0,98.81711357385636,94.5566188329788,0.023396098025528334,0.023126604625604116,0.02592669722559979,-0.11639735140068463
2020-02-19,7.832089424133301,7.849759796148318,7.5033260411474485,7.5033260411474485,694332000,6.45668249130249,,6.85179684523573,6.52182606751948,85.73791947461696,0.32997077771624994,0.17743651747442615,0.1525342602418238,7.480525436337919,5.432839546267061,0.2614482265436409,0.2333379752344922,4985332000.0,99.11974879333866,96.44502348876988,0.06113249050008518,0.059336725068712466,0.02815038539835291,-0.1495075032197708
2020-02-20,7.682764530181885,7.872406892694111,7.375404030472952,7.784056461298665,810052000,6.529590439796448,,6.979638027535138,6.6078215091981765,80.68104957549,0.3718165183369617,0.21631251764693327,0.15550400069002845,7.683286046057871,5.375894833535025,0.3003334546383944,0.2564833288035752,4175280000.0,90.65833831605205,96.19840022774902,-0.01906578000645598,-0.019249875698080735,0.029012306294074554,-0.18124041664791757
2020-02-21,7.318660736083984,7.5956585896152315,7.23379453271584,7.5705222779789745,768180000,6.580871152877807,,7.031795367311884,6.660476266745273,76.74959218377944,0.37131910056661077,0.24731383423086878,0.12400526633574199,7.780555236365042,5.381187069390573,0.3278425183920064,0.26889150905260417,3407100000.0,72.48672855615207,87.42160522184759,-0.04739228863093636,-0.048552095572492564,0.0318125222493452,-0.08106398970468731
2020-02-24,6.8012495040893555,7.015033220439057,6.669843655720504,6.724347196251177,856916000,6.609242844581604,,6.996326772969956,6.670903913955946,63.21913108733965,0.3254228590140107,0.2629356391874972,0.06248721982651351,7.801182358899487,5.417303330263721,0.35050603969203337,0.30517393623589706,2550184000.0,40.47024065071684,67.87176917430699,-0.07069752932303319,-0.07332100577934865,0.036228569193529486,0.01213152342375734
2020-02-25,6.521763324737549,6.938379636288666,6.41997344513621,6.876409681886865,1055496000,6.636432409286499,,6.923317011703432,6.659856462902731,55.780258233520385,0.26346054880070113,0.263040621110138,0.0004199276905631488,7.791994104994789,5.480870713578209,0.35437093870768216,0.328745880016379,1494688000.0,21.245133635269486,44.7340342807128,-0.0410933577989987,-0.04196155795004719,0.03623205492616418,0.015260439526453284
2020-02-26,6.661133289337158,6.8552557873010365,6.520519381374337,6.522012284469121,747732000,6.660921669006347,,6.882981054416313,6.659951042638614,56.44509720568482,0.22303001177769932,0.25503849924365024,-0.03200848746595092,7.795553136370907,5.526290201641787,0.34067220038392776,0.3432873061845328,2242420000.0,27.832176114963875,29.8491834669834,0.021369981960395412,0.021144845686942998,0.03587715129761881,0.0636285328892583
2020-02-27,6.290337085723877,6.64893125360864,6.197949244815988,6.3476124078584535,906416000,6.6698949337005615,,6.791805059232861,6.6325722310153,49.47385675665615,0.15923282821756146,0.23587736503843248,-0.07664453682087102,7.788941837227783,5.55084803017334,0.3557987078520593,0.3668257791073084,1336004000.0,5.517478508327038,18.198262752853466,-0.05566563338506303,-0.05727497362872595,0.038224290920660355,0.08190804691977815
2020-02-28,6.725380897521973,6.784897622495817,6.021142320573181,6.03782676252008,1133252000,6.70028440952301,,6.7815859574311865,6.639446947052831,55.926999589899985,0.1421390103783553,0.21712969410641705,-0.07499068372806175,7.788772732746094,5.611796086299926,0.3236956656608541,0.4148379219868751,2469256000.0,38.040947100368285,23.796867241219733,0.06916065162635587,0.0668739029091651,0.04105143899460984,-0.014922207980546998
2020-03-02,6.883759021759033,6.912646039429373,6.499515804177386,6.895463350895679,890744000,6.75026502609253,,6.7973048904047015,6.657544137771809,54.47484248686278,0.13976075263289278,0.20165590581171222,-0.06189515317881944,7.770631663766618,5.729898388418441,0.2964562339991241,0.42406393675611537,3360000000.0,46.59607890252128,30.051501503738866,0.023549316633562967,0.023276309260836223,0.03989621749975669,-0.11210775844124488
2020-03-03,6.621288299560547,6.999306015519978,6.535873107011647,6.939540411907499,652792000,6.782269096374511,,6.770225414890216,6.65485852012653,49.416923085124196,0.11536689476368611,0.184398103602107,-0.0690312088384209,7.739254795284029,5.825283397464994,0.2890632927048448,0.44022504164184906,2707208000.0,32.418163654242996,39.01839655237752,-0.03812898176255686,-0.038874913981766145,0.04117882151573221,-0.0180900727128801
2020-03-04,7.0849714279174805,7.094434352559706,6.653911295478629,6.728618670281707,597408000,6.828995561599731,,6.818647878432873,6.686718735518452,53.532187704185255,0.13192914291442026,0.17390431146456967,-0.041975168550149405,7.746533326125092,5.9114577970743705,0.25900958779026634,0.46529276435411776,3304616000.0,57.4649957002557,45.493079419006655,0.07002914046012898,0.06768588217786102,0.04337228493162564,-0.1337035246787276
2020-03-05,6.805566310882568,7.052348512985512,6.76099087219597,6.885502676379965,540328000,6.857234716415405,,6.81663532957898,6.695522259619498,50.73722981068229,0.12111306995948201,0.16334606316355213,-0.04223299320407012,7.732330503847812,5.982138928982999,0.25717060049303114,0.48066577951780687,2764288000.0,42.37233303649173,44.085164130330135,-0.03943630823039734,-0.040234987915679025,0.044603382593517475,-0.20849656611226197
2020-03-06,6.625023365020752,6.683544058488482,6.424808193310589,6.6260193871475765,515412000,6.872103881835938,,6.787156565800791,6.69030011927885,43.04355795189165,0.09685644652194103,0.1500481398352299,-0.05319169331328888,7.7189612044402285,6.025246559231647,0.25565413914631174,0.46486077389368957,2248876000.0,32.61992117255969,44.15241663643571,-0.02652871746662966,-0.026886953800297743,0.045105377030456986,-0.09472241373614376
2020-03-09,6.112036228179932,6.459673198416253,5.931245111708743,5.9740769221666445,614160000,6.864633679389954,,6.683291898474504,6.647465756975226,36.10010883370283,0.03582614149927821,0.12720374016803956,-0.09137759866876136,7.736440214486179,5.992827144293728,0.28527531662090155,0.4922842736741263,1634716000.0,9.313552231915471,28.101935480322297,-0.07743174756927262,-0.0805939194295394,0.04853328397836412,-0.1998045072858835
2020-03-10,6.501508712768555,6.501508712768555,6.125732346102121,6.38845186990878,580648000,6.862476110458374,,6.6553252545197426,6.636654124071028,35.223899044670716,0.01867113044871438,0.10549721822417453,-0.08682608777546015,7.737823266472206,5.987128954444542,0.2692750851182295,0.4866121779662317,2215364000.0,29.377438107016566,23.770303837163908,0.06372221466766437,0.06177428039290087,0.049606249565652794,-0.16780281594279045
2020-03-11,6.137685775756836,6.389946856189542,6.040566703714004,6.361558080137427,499964000,6.836005091667175,,6.575688411633141,6.599693505677385,33.62213958162131,-0.024005094044243336,0.07959675577049097,-0.1036018498147343,7.766510598712754,5.905499584621596,0.3032105392951104,0.4840364027400454,1715400000.0,12.403207896617324,17.031399411849787,-0.055959770737089576,-0.05758649800005291,0.05098113796495366,-0.1771008556782886
2020-03-12,5.386629104614258,5.879944558155126,5.373928754039136,5.614485429792799,816540000,6.766194891929627,,6.392756210553313,6.509836883376412,31.073085788730282,-0.11708067282309909,0.04026127005177296,-0.15734194287487205,7.900644592040008,5.631745191819245,0.4212095089816363,0.5065211901865921,898860000.0,0.7381754862443094,14.172940496626067,-0.12236805509157322,-0.130527970377727,0.057248038316407825,-0.015440690899369502
2020-03-13,5.997485160827637,6.001967498882198,5.468808182759905,5.739994622297284,634836000,6.729117608070373,6.404515075683594,6.331945279826286,6.471884903928355,42.26758797452716,-0.13993962410206873,0.004221091221004624,-0.14416071532307334,7.914628277087662,5.543606939053085,0.39533592405043694,0.5041298554654822,1533696000.0,36.24262582825994,16.46133640370719,0.11340228635569338,0.10742045025509671,0.0635521523064082,-0.14569842127750854
2020-03-16,4.890823841094971,5.630424311039589,4.8310582281153325,5.289510622766234,726972000,6.613051700592041,6.382916488647461,6.110234289252237,6.3547692696444,36.46421385831892,-0.24453498039216282,-0.04553012310162887,-0.19900485729053394,8.031160475807393,5.194942925376689,0.5799058895966541,0.5504170512911857,806724000.0,2.640551533073378,13.20711761585921,-0.18452089335056387,-0.20397947754426327,0.07277646441667743,0.08294301507848312
2020-03-17,5.410537242889404,5.49993703157345,4.756352318047779,5.0031345877682165,833632000,6.514534664154053,6.373623495101929,6.002588589811801,6.284826156551437,40.23717779762158,-0.28223756673963596,-0.09287161182923029,-0.18936595491040567,7.980985881869882,5.048083446438224,0.5420723125575218,0.5796205018339693,1640356000.0,27.979553963699594,22.287577108344305,0.10626295664700924,0.10098762949469986,0.07738777961724613,0.14686774211999087
2020-03-18,5.05069637298584,5.228001143281701,4.499358442377343,4.982962115786236,874268000,6.375465011596679,6.356640920639038,5.856143633377038,6.193409135546578,40.30611996362511,-0.3372655021695401,-0.14175038989729224,-0.19551511227224785,7.84335577966198,4.9075742435313785,0.5812627248458105,0.6116201272618902,766088000.0,21.245541536289693,17.288549011020887,-0.06650741945755423,-0.06882226403146774,0.07625210956887837,0.21102459781734995
2020-03-19,5.303455829620361,5.397088566428177,4.815867575219832,5.029280412841666,765512000,6.256499576568603,6.343285007476807,5.771114740491396,6.127486668440933,38.55436966310071,-0.356371927949537,-0.1846746975077412,-0.17169723044179577,7.662648244940847,4.85035090819636,0.5302763758373379,0.5985819622108693,1531600000.0,30.985505425028492,26.736866975005928,0.05004447663621803,0.04883252197348758,0.0777928977567438,0.20786973529315778
2020-03-20,5.123661041259766,5.735511767463592,5.108221508815818,5.453617044388222,804636000,6.146749591827392,6.326109199523926,5.671506479071145,6.053129214575661,35.88096373364837,-0.3816227355045161,-0.22406430510709618,-0.1575584303974199,7.546463284635777,4.747035899019007,0.5463724791850143,0.6138791067391399,726964000.0,24.057199875820952,25.429415612379714,-0.03390143976620352,-0.03448942074671409,0.07755911713665539,0.22833541924613798
2020-03-23,5.296483516693115,5.390863877993336,4.943617068293397,5.122665029285088,643876000,6.071511292457581,6.3110757827758786,5.613810638705295,5.99708138510288,39.2176910009788,-0.38327074639758507,-0.255905593365194,-0.1273651530323911,7.484798519438462,4.6582240654767,0.5336700180512497,0.6127229568242546,1370840000.0,30.716830705448924,28.586512002099454,0.03373027099990544,0.03317388228842685,0.07710714475434478,0.24871872966188446
2020-03-24,6.205170631408691,6.2918312232495754,5.678983959481302,5.702641033345908,1101644000,6.055681657791138,6.3135690498352055,5.704789099121202,6.012495403347755,43.32313029499383,-0.3077063042265529,-0.26626573553746574,-0.04144056868908713,7.454755420030988,4.6566078955512875,0.4509380467825215,0.6500230749354906,2472484000.0,66.81624844537018,40.530093008880016,0.17156422971045493,0.15833980436030262,0.08660115468051711,0.05786999432729223
2020-03-25,6.116517543792725,6.519935497420141,6.067708657505267,6.320218564952922,793432000,6.028450870513916,6.31047646522522,5.768131936762974,6.020200747084419,44.614846504651624,-0.252068810321445,-0.2634263504942616,0.011357540172816594,7.398812645587006,4.658089095440827,0.4480856190672696,0.6591835238064451,1679052000.0,74.03945382417994,57.19084432499968,-0.014286970154733791,-0.014390011522931023,0.08652931780898801,-0.01038179060278388
2020-03-26,6.4058837890625,6.529897349588991,6.225590457622035,6.323705539046025,696108000,6.034228205680847,6.3155106353759765,5.866247606347517,6.048769861305018,48.315993314045556,-0.18252225495750096,-0.2472455313869095,0.06472327642940853,7.410201567610614,4.65825484375108,0.4295967292691523,0.6615136443938942,2375160000.0,93.89257890971845,78.24942705975619,0.04730898639593306,0.04622400429670445,0.08614708174693674,-0.006880916282371308
2020-03-27,6.293574333190918,6.552309772659619,6.192719592793357,6.225590704111467,638828000,6.012637877464295,6.319149751663208,5.93199017970804,6.066903525889158,51.48659965976473,-0.1349133461811176,-0.22477909434575113,0.08986574816463352,7.35611594932669,4.6691598056018995,0.42693642777116,0.637643067719198,1736332000.0,87.39690334952584,85.1096453611414,-0.01753223435981477,-0.017687744285648968,0.08489347711890888,-0.03489897626881433
2020-03-30,6.613818168640137,6.623032205750341,6.314989641822439,6.35906683290393,602252000,5.999140834808349,6.327521324157715,6.036886793389901,6.10741572164849,50.93023945737815,-0.07052892825858859,-0.19392906112831865,0.12340013286973006,7.310817592705298,4.6874640769114,0.3966473599520327,0.6333563097171122,2338584000.0,99.56612742198074,93.61853656040834,0.05088425408123398,0.04963195650685608,0.08550783044108427,0.010580250497073562
2020-03-31,6.564263820648193,6.8581118150438165,6.418584732759713,6.65391201514309,949960000,5.996289610862732,6.334727582931518,6.1180217206604075,6.141256321574394,53.72731772245868,-0.023234600913986547,-0.15979016908545224,0.1365555681714657,7.302508705759843,4.690070515965621,0.3979788535580605,0.6318266720906517,1388624000.0,87.54223316959744,91.50175464703466,-0.007492547682503403,-0.007520757816742827,0.08503330974555144,-0.017337026711468972
2020-04-01,6.0530171394348145,6.512714924766712,6.0084421721262595,6.366289194622449,656912000,5.944691896438599,6.3323759174346925,6.10802101585647,6.1347200858603514,56.077399987524444,-0.02669907000388161,-0.1331719492691381,0.1064728792652565,7.147253458004231,4.742130334872966,0.39734285691380633,0.6169741454338113,731712000.0,65.8677890788746,84.32538322348425,-0.07788332327613479,-0.08108351600914558,0.08533292341822826,0.09824338036805602
2020-04-02,6.361805438995361,6.3750035629693125,6.034090420769602,6.082151692967112,675764000,5.922503852844239,6.335119915008545,6.1470647732624535,6.151541223129612,53.51630523821321,-0.0044764498671581165,-0.10743284938874212,0.102956399521584,7.073454556787098,4.771553148901379,0.36183146906316405,0.597372341714652,1407476000.0,78.95895422602021,77.45632549149741,0.051013947664020565,0.04975536265739514,0.08577107486943997,0.029279611335100153
2020-04-03,6.073935031890869,6.365790446984206,5.93647398835557,6.324203549888502,663212000,5.894949436187744,6.330737686157226,6.135814043820671,6.145792616371186,63.56265457275513,-0.00997857255051482,-0.08794199402109666,0.07796342147058184,7.000578911883954,4.789319960491534,0.3640570634658296,0.5447215935658185,744264000.0,66.75460890029322,70.52711740172934,-0.04524979738298185,-0.0463055406565621,0.0861790384014493,0.10635073969821707
2020-04-06,6.683794021606445,6.720649696082763,6.2985542597634785,6.356078940367916,727884000,5.92353732585907,6.339737253189087,6.220118655787713,6.185644572314539,64.30048395106277,0.03447408347317449,-0.06345877852224244,0.09793286199541693,7.081146687224944,4.765927964493196,0.34639288931517476,0.5378023043276915,1472148000.0,92.60974901473443,79.44110404701595,0.10040591256138631,0.09567912315579785,0.08702219622927766,0.057935859287895575
2020-04-07,6.450459003448486,6.929082636686835,6.407377832223849,6.9054250880511185,784520000,5.920984840393066,6.349186992645263,6.255555632350909,6.205260456102239,66.18114098945873,0.05029517624867008,-0.04070798756805993,0.09100316381673001,7.073441944133229,4.768527736652903,0.35732561144068875,0.509982733181329,687628000.0,77.35092642773446,78.9050947809207,-0.03491056388088354,-0.03553450202148636,0.08649926389295136,0.08419879279336695
2020-04-08,6.647686004638672,6.672588463674239,6.489555935983957,6.559531613136199,542444000,5.946484851837158,6.358713750839233,6.3158833819336415,6.23803271895679,65.74129302008461,0.07785066297685184,-0.016996257459077582,0.09484692043592942,7.140934983938994,4.752034719735322,0.35935816802068077,0.48433333811114376,1230072000.0,85.82717135033823,85.26261559760236,0.030575653776691913,0.03011753328411737,0.08554328609610547,0.10395203916332063
2020-04-09,6.548076629638672,6.796353134002259,6.485073584152493,6.773443194720866,525564000,6.0045572280883786,6.367457847595215,6.351605420042108,6.260998934562855,66.99953427180273,0.09060648547925254,0.0045242911285884434,0.0860821943506641,7.197334085732277,4.81178037044448,0.36431365272819566,0.4617611446255717,704508000.0,80.81024350552897,81.32944709453389,-0.014984067377805443,-0.015097462689907191,0.08016196820958638,0.11169437455251519
2020-04-13,6.719902515411377,6.728618304084489,6.399907202770345,6.488310473583268,398408000,6.040678095817566,6.379504070281983,6.40826651163738,6.294991792403486,66.99168245657094,0.11327471923389343,0.026274376749649442,0.08700034248424399,7.275563858858977,4.805792332776155,0.3675308563507677,0.45329430831230066,1102916000.0,83.2669111709063,83.3014420089245,0.026240665082471137,0.025902285599375473,0.07670504796514456,0.06373900961330436
2020-04-14,7.071025371551514,7.105141388817027,6.820507495955721,6.8481491312848295,530948000,6.149688172340393,6.403241643905639,6.510229413162631,6.352475761229266,61.923051278274286,0.15775365193336466,0.05257023178639249,0.10518342014697217,7.341349135490892,4.958027209189893,0.33705464215836267,0.40971510594438565,1633864000.0,97.08077608540717,87.0526435872808,0.05225118300970499,0.05093185293467742,0.06224976385299965,-0.050854085723158304
2020-04-15,6.993579864501953,7.0765047828116625,6.857613073884868,6.902935179098929,366148000,6.228840303421021,6.4234891033172605,6.584591021060988,6.399964954064281,62.11477646603454,0.18462606699670747,0.07898139882845549,0.10564466816825198,7.424074100167927,5.033606506674114,0.3418088646742079,0.3930483108738086,1267716000.0,90.45395420668338,90.26721382099895,-0.010952514378062217,-0.011012934738603578,0.05918024572001288,0.018907585943572558
2020-04-16,7.33872652053833,7.445806762036778,7.135772595346985,7.148970722910891,745620000,6.343241810798645,6.447254791259765,6.700611867134425,6.469502847877173,62.689719969116474,0.2311090192572518,0.10940692291421476,0.12170209634303704,7.501084031076827,5.185399590520463,0.3155430896730701,0.39582310314084845,2013336000.0,92.90545833929401,93.48006287712819,0.04935192887240403,0.048172763018849055,0.05643875172646423,-0.03627430691485123
2020-04-17,7.2794599533081055,7.442321265054624,7.145485193271459,7.420905119403796,539120000,6.442042016983033,6.4680283260345455,6.789665418853453,6.529499670501687,63.607651175391304,0.2601657483517661,0.13955868800172502,0.12060706035004107,7.5629404623004515,5.321143571665614,0.30796197863772395,0.39134066684919866,1474216000.0,88.97878502878152,90.77939919158628,-0.008075865351346745,-0.008108651790488348,0.05632327424160348,-0.009339234150571474
2020-04-20,7.14822244644165,7.3088427830521985,7.103896370864844,7.152954145646521,449388000,6.543270087242126,6.484439973831177,6.844828038482406,6.57533098723798,57.78212900420855,0.2694970512444259,0.1655463606502652,0.1039506905941607,7.519145753398316,5.567394421085936,0.27304009450404726,0.38244699110833663,1024828000.0,80.28371730959188,87.38932022588914,-0.01802846745613529,-0.01819296031073486,0.05567034674416616,0.03494191046053308
2020-04-21,6.711434841156006,7.091444608493572,6.6516692364294805,7.030185208005617,735160000,6.614017653465271,6.493439865112305,6.824306008124498,6.585412754194871,51.9259346843808,0.23889325392962757,0.18021573930613768,0.058677514623489885,7.39501317464086,5.833022132289682,0.2327357829316471,0.3865202859460557,289668000.0,51.344598474257495,73.53570027087697,-0.061104366653149556,-0.06305095254658814,0.05825633828993443,0.08107312173252534
2020-04-22,7.125811576843262,7.16864386436496,6.858111442244834,6.9036824351032005,483356000,6.660049700737,6.505062894821167,6.870691480235077,6.62544229661327,64.4041848223464,0.24524918362180692,0.19322242816927154,0.05202675545253538,7.448075837693213,5.872023563780787,0.22117512607744505,0.3794765269951286,773024000.0,78.79889766117988,70.14240448167641,0.06174189953334652,0.0599108608280984,0.046573215450297384,0.04301933028236915
2020-04-23,7.072519302368164,7.29987788446425,7.047367959603796,7.167895675399219,424160000,6.707849788665771,6.513171157836914,6.901741914409398,6.658559111854374,60.245550652252525,0.24318280255502422,0.20321450304642208,0.039968299508602145,7.472693998879979,5.943005578451563,0.21628621358675043,0.373162011470896,348864000.0,75.26804778042023,68.4705146386192,-0.007478765597490833,-0.0075068717856693265,0.046426673132294954,0.02911884374400797
2020-04-24,7.211475372314453,7.2134674170069335,6.987603082107009,7.062310457773697,352328000,6.748129367828369,6.521744003295899,6.949393215625561,6.699515871888454,67.13427349319262,0.2498773437371069,0.21254707118455907,0.03733027255254784,7.530661430283008,5.965597305373731,0.2170241239286081,0.3586297169188452,701192000.0,79.57455834232317,77.88050126130776,0.01964732282876347,0.01945680557415553,0.0456083513338,-0.023516024004930025
2020-04-27,7.3979949951171875,7.557868235493159,7.321295566640802,7.345949140962652,479388000,6.803350400924683,6.534923286437988,7.0184088740088875,6.7512550662016935,62.3301845755672,0.267153807807194,0.22346841850908608,0.04368538929810792,7.606424866993797,6.000275934855568,0.21710597711924876,0.33717815970361753,1180580000.0,86.19355602476678,80.3453873825034,0.02586428063233792,0.025535457913355045,0.04541564519947925,-0.019489877999731897
2020-04-28,7.255551815032959,7.575298228797527,7.250073455209136,7.545415186633848,442904000,6.835437083244324,6.535791482925415,7.054892403397206,6.788610380929935,64.34971623744215,0.26628202246727106,0.23203113930072308,0.03425088316654798,7.657678357727037,6.013195808761611,0.2266516167051804,0.3231438717840036,737676000.0,72.79659216275662,79.52156884328218,-0.01925429527571232,-0.019442073484744395,0.04472125478382995,0.008168706680042881
2020-04-29,7.432359218597412,7.485152200070191,7.315068924983544,7.390274070522347,379160000,6.878841853141784,6.53682110786438,7.112964221120315,6.836295480016415,64.08831336836032,0.27666874110389994,0.24095865966135846,0.03571008144254148,7.731884087584514,6.025799618699055,0.22954817154376192,0.32367750927053784,1116836000.0,87.83902480848111,82.27639099866816,0.02436856741869331,0.0240763909781867,0.04479834053129621,-0.002244785920279768
2020-04-30,7.278462886810303,7.432359499221081,7.264517624193777,7.3783211316071595,375916000,6.940114140510559,6.52574857711792,7.13842555430339,6.869048621260406,62.862879314475855,0.2693769330429836,0.2466423143376835,0.022734618705300108,7.715947770814121,6.164280510206997,0.21318611975324955,0.31343196106893345,740920000.0,74.74582192974665,78.46047963366146,-0.02070625588198516,-0.020923636391778425,0.04072351918890634,0.04307495727049515
2020-05-01,7.0418901443481445,7.194292483570223,6.993579499567315,7.080986751472618,342096000,6.974118375778199,6.5129310894012455,7.123573952771814,6.881851697044683,55.54411003099051,0.24172225572713124,0.24565830261557306,-0.003936046888441819,7.701319396919675,6.2469173546367225,0.20653574714599351,0.31030141006385087,398824000.0,42.248663773070774,68.27783683709951,-0.03250311860363597,-0.033043077446326466,0.04058214193598801,0.10509954215605544
2020-05-04,7.253808975219727,7.26750535035429,6.994575294874223,6.994575294874223,317556000,7.0331120729446415,6.51163405418396,7.143610110071493,6.909404088020612,53.30570709754324,0.23420602205088148,0.24336784650263477,-0.009161824451753287,7.633145922367924,6.433078223521359,0.16543966114164368,0.30227935164059494,716380000.0,65.19281476802952,60.72910015694898,0.030094026820578712,0.02965008625035163,0.03905633024844114,0.10755597100774761
2020-05-05,7.314820289611816,7.477432690608223,7.253809290895876,7.357901461463599,368896000,7.064663386344909,6.521905469894409,7.169950137693081,6.939434917768108,55.84449040531518,0.23051521992497293,0.24079732118710243,-0.0102821012621295,7.653617795796032,6.475708976893786,0.16103045218691975,0.3026173521021451,1085276000.0,71.7984231703394,59.74663390381323,0.008410934806873938,0.008375759992464059,0.032702876776970514,0.06250403349610734
2020-05-06,7.415675163269043,7.520514477907579,7.356407792498963,7.394259493984852,323464000,7.112924194335937,6.539783706665039,7.2077539877816905,6.9747119729903995,51.53655031176635,0.23304201479129105,0.23924625990794016,-0.006204245116649104,7.645445464436052,6.580402924235822,0.14362044139629332,0.2850078728707835,1408740000.0,82.71783717546452,73.2363583712778,0.013787744560239679,0.013693558366196195,0.03135804301092174,0.04503144909675405
2020-05-07,7.591982364654541,7.655234286800449,7.503579100729449,7.554877806490733,373732000,7.160139012336731,6.558400688171386,7.2668660457621295,7.020435705706261,55.96193396695273,0.24643034005586806,0.24068307593752575,0.00574726411834231,7.6863899363538595,6.633888088319602,0.1386333367862281,0.2809166622813722,1782472000.0,93.69727721591141,82.73784585390511,0.023774935862721502,0.023496713263569825,0.031130263815774058,0.05362967064557389
2020-05-08,7.781989574432373,7.7882150710969285,7.629836099073873,7.66370323790601,339216000,7.221834659576416,6.588233737945557,7.346115819403705,7.076847103389677,61.825110187148695,0.2692687160140279,0.2464002039528262,0.022868512061201718,7.73511428376526,6.7085550353875725,0.13191475503262487,0.2802942547281603,2121688000.0,99.45224403018472,91.95578614052022,0.025027351309775847,0.02471929643901381,0.030919783984143485,0.08681591285302126
2020-05-11,8.0339994430542,8.080815810300923,7.748369065529269,7.777006721824612,469060000,7.2875395059585575,6.614406108856201,7.451944069196089,7.14774727669816,76.5045800269852,0.30419679249792875,0.2579595216618467,0.046237270836082034,7.862956808316039,6.712122203601076,0.14324554200833525,0.26857236435383763,2590748000.0,96.17108031740615,96.44020052116741,0.03238373249044191,0.03187043175487998,0.03112858719164478,0.08489874302297684
2020-05-12,7.772026062011719,8.140580863403843,7.762314252138268,8.091772452263047,493060000,7.322589540481568,6.6321714496612545,7.501187452706186,7.19399014968435,63.79285108248124,0.30719730302183645,0.2678070779338447,0.03939022508799178,7.927138584331722,6.718040496631414,0.15557051379564524,0.2629336206435962,2097688000.0,68.0345269396319,87.88595042907424,-0.032608090515735544,-0.033151581782800275,0.03076591123862924,0.1285487805476615
2020-05-13,7.7496137619018555,8.046947492395388,7.565087014048781,7.886576536375384,625852000,7.360391235351562,6.654737958908081,7.539406884890135,7.235147454293054,64.6450074323983,0.3042594305970807,0.27509754846649187,0.029161882130588845,7.972815374857603,6.747967095845521,0.15805281613305705,0.27931580303546427,1471836000.0,66.09066466804363,76.76542397502722,-0.002883713967379853,-0.002887879881299695,0.030595562990995216,0.1529564331245934
2020-05-14,7.999137878417969,8.0046162389776,7.65747702951931,7.811124761788539,602312000,7.393411803245544,6.673021287918091,7.610134730048263,7.291739337561567,66.25884536112366,0.31839539248669624,0.28375711727053277,0.03463827521616347,8.068887706850353,6.717935899640735,0.16888717606112852,0.2879782940753476,2074148000.0,87.66845530248932,73.9312156367216,0.032198264866154735,0.031690765725607674,0.02952597316671104,0.09274027791157158
2020-05-15,8.457590103149414,8.467301439832687,7.843248550692167,7.858936971441873,987660000,7.45231831073761,6.706061763763428,7.740512479756132,7.378098653531037,69.6644390984847,0.36241382622509555,0.29948845906144533,0.06292536716365021,8.27532466807698,6.62931195339824,0.19461958957620829,0.30781115307261997,3061808000.0,99.34103324301907,84.36671773785066,0.05731270440635483,0.05573050457969386,0.03158170616980705,0.06306868885188877
2020-05-18,8.716075897216797,8.88167683840197,8.646598471953777,8.726285957195563,774460000,7.530710983276367,6.747882814407348,7.890599159365466,7.477208078989241,75.98581243481945,0.41339108037622463,0.32226898332440124,0.09112209705182339,8.514694634787567,6.546727331765167,0.22578593007098618,0.31487272176291753,3836268000.0,91.2292158517804,92.74623479909626,0.030562582356779,0.03010484959344206,0.03134191448206148,-0.003714329980694764
2020-05-19,8.771110534667969,9.052008785604071,8.728527135745038,8.755919887687877,717320000,7.633694767951965,6.801064300537109,8.026062447873542,7.573052705335813,74.89809934585932,0.45300974253772885,0.3484171351670668,0.10459260737066206,8.685442949491822,6.5819465864121085,0.23982098444268912,0.32246790057363484,4553588000.0,86.35375751282308,92.30800220254086,0.006314153077618956,0.006294302329695561,0.02649356152637909,-0.031826834671860094
2020-05-20,8.934967041015625,9.00768188667525,8.85403418096202,8.955884932236916,587536000,7.724152541160583,6.849733467102051,8.165893923741555,7.673935248719503,80.69395269919914,0.49195867502205193,0.37712544313806384,0.11483323188398809,8.896288660943618,6.552016421377549,0.26237055254986136,0.3273771489293475,5141124000.0,94.31402641200583,90.63233325886976,0.018681386547348966,0.018509032676410887,0.02402760770745187,-0.053846134141218194
2020-05-21,8.74098014831543,9.017146733214183,8.703377331498277,9.01615118571963,761068000,7.807575583457947,6.901799354553223,8.25436872752215,7.752975611652535,81.98786603793492,0.5013931158696154,0.4019789776843742,0.09941413818524125,9.021196877959856,6.593954288956039,0.2776854023025779,0.3294404356774131,4380056000.0,84.88268808985241,88.51682400489376,-0.02171098022071105,-0.021950131358405636,0.024821575233413624,0.011423933581086176
2020-05-22,8.990999221801758,9.057489064070714,8.67922186989456,8.79078398433552,1038764000,7.896551775932312,6.973886756896973,8.36769649587286,7.844681064256181,82.24261107445395,0.5230154316166784,0.4261862684708351,0.09682916314584333,9.184797001055163,6.60830655080946,0.2865633047768616,0.3369645170128478,5418820000.0,96.31365588166148,91.83679012783989,0.028603093616968334,0.02820166195377518,0.02506653557376678,-0.02437369441221693
2020-05-26,8.683701515197754,9.145890013958184,8.638130530977474,9.120987084096292,770780000,7.96083710193634,7.027611083984375,8.416312652692074,7.906830727288891,73.27853652662542,0.5094819254031835,0.44284539985730476,0.06663652554587873,9.272435455556131,6.649238748316549,0.30208278147845163,0.35725992898372017,4648040000.0,74.17194236636445,85.1227621126261,-0.034178370948899084,-0.03477611083477083,0.026778341613238842,0.01233109011554645
2020-05-27,8.49195384979248,8.599033119211315,7.965517427372133,8.591313828721544,1175892000,8.022657203674317,7.099633684158325,8.42794975993829,7.950173180807675,67.75384334324283,0.477776579130615,0.4498316357119668,0.02794494341864817,9.31062596842627,6.734688438922364,0.30333861618511454,0.39386635037871004,3472148000.0,60.18195096311553,76.88918307038048,-0.02208132845995303,-0.022328770339644755,0.026938889679824378,0.028650364946371187
2020-05-28,8.453853607177734,8.726284915463808,8.34652354679556,8.379394654282432,734896000,8.073731923103333,7.160500011444092,8.431934967205896,7.987482842020272,64.89627975932831,0.4444521251856237,0.44875573360669824,-0.004303608421074523,9.344032997905147,6.8034308483015185,0.3005259219826723,0.40388079645991304,2737252000.0,56.22247633751104,63.52545655566367,-0.004486628553177718,-0.0044967236777643405,0.026802115435164774,0.03340399715359266
2020-05-29,8.840836524963379,8.840836524963379,8.451861551510003,8.521090089361191,745256000,8.151850605010987,7.2363028144836425,8.494842899168585,8.050694225941983,67.13409244800843,0.4441486732266018,0.447834321530679,-0.0036856483040771937,9.408316321459619,6.895384888562354,0.28424136401590955,0.4176481012464122,3482508000.0,80.70262456363545,65.70235062142068,0.0457759189793725,0.044759116095777776,0.02732869995451717,0.005472429176695659
2020-06-01,8.771855354309082,8.806220730447182,8.655561576329143,8.798750326921363,389876000,8.238348865509034,7.305670804977417,8.537460199959432,8.10411356878399,62.69165451565636,0.43334663117544103,0.44493678345963145,-0.011590152284190414,9.40828891277504,7.068408818243027,0.2667485953678627,0.4071358300937395,3092632000.0,76.33894543254742,71.08801544456463,-0.007802561495116267,-0.007833160750365607,0.025817269633825402,0.00031474380669527235
2020-06-02,8.790781021118164,8.802734236486176,8.624184566222704,8.761894954765905,391320000,8.315197467803955,7.379013204574585,8.576432633983853,8.154977824512448,69.12216185616312,0.42145480947140435,0.44024038866198606,-0.018785579190581714,9.412501050987572,7.217893884620338,0.24964871279299436,0.39287033430787505,3483952000.0,77.53616398528261,78.19257799382183,0.0021575443329426847,0.0021552201765483213,0.025504103370145897,0.02548145425558057
2020-06-03,8.735251426696777,8.831623838211076,8.666022881980009,8.787796002330985,365440000,8.386219024658203,7.447788562774658,8.600866294401225,8.19796105430388,68.27336567657001,0.4029052400973452,0.4327733589490579,-0.0298681188517127,9.39085738105108,7.381580668265327,0.23001933369026759,0.37028036844247936,3118512000.0,72.41097784830698,75.42869575537901,-0.006316798733580931,-0.006336834124285828,0.025762552085809697,0.06859259299694576
2020-06-04,8.736246109008789,8.912385353241994,8.647552560413976,8.69787819453533,424280000,8.45224757194519,7.49841007232666,8.621693958187004,8.237834021319058,65.05288729956573,0.38385993686794606,0.42299067453283556,-0.0391307376648895,9.356917883589118,7.547577260301262,0.2071073319949251,0.3644013386831742,3542792000.0,68.55282768231152,72.83332317196704,0.00011386991208661712,0.0001138634294002951,0.025816491036403266,0.0033938758280283032
2020-06-05,8.889217376708984,8.965951317079053,8.677949089907083,8.764150747814513,481748000,8.517109322547913,7.553864068984986,8.662851407190386,8.28608464023683,60.071036292773925,0.3767667669535566,0.4137458930169798,-0.036979126063423184,9.344824022980452,7.689394622115375,0.18622892552977025,0.340397719971135,4024540000.0,78.25494755227128,73.07291769429659,0.017509954022752572,0.01735842111010555,0.025659460658941338,0.0014013487794253265
2020-06-08,8.774616241455078,8.859073012868846,8.65577744970242,8.846616337617116,387736000,8.566740655899048,7.601238718032837,8.680045997077261,8.322272166252995,51.46421900723043,0.35777383082426617,0.4025514805784371,-0.04477764975417092,9.324982889717568,7.808498422080529,0.17282630099223154,0.32678009081070697,3636804000.0,68.54605254241052,71.78460925899776,-0.012892151288163789,-0.012975976306514082,0.025753634873972,0.04187938247457956
2020-06-09,9.014782905578613,9.078313178349852,8.721050788735848,8.769632482507,468488000,8.615779829025268,7.655662889480591,8.731543983000547,8.373569258054893,55.57816787713047,0.3579747249456542,0.39363612945188053,-0.035661404506226346,9.35558854570538,7.875971112345154,0.1641323422713369,0.3283036266126162,4105292000.0,88.89273516189543,78.56457841885909,0.027370617416734966,0.02700273967062467,0.02550998243499873,0.0024872298188292064
2020-06-10,9.33442497253418,9.467215360522856,9.121910741750701,9.136112317494959,632180000,8.693899774551392,7.710075025558472,8.82429490446726,8.44474375542373,58.53561978857837,0.3795511490435306,0.39081913337021057,-0.01126798432667997,9.387059034328445,8.00074051477434,0.14851675637580677,0.34372227682239914,4737472000.0,91.15731692980087,82.86536821136895,0.03545754460240658,0.034843401111878655,0.024600793198945266,-0.013958933183923716
2020-06-11,8.76589584350586,9.229290402084363,8.755681123434155,9.118424384663026,583652000,8.744713878631591,7.754107666015625,8.815310433550122,8.468532798985368,50.45893870294833,0.34677763456475397,0.38201083360911925,-0.03523319904436528,9.276661096830331,8.212766660432852,0.12136745124409123,0.36264902306412194,4153820000.0,53.29822981919303,77.78276063696312,-0.060906711522260126,-0.06284045595704786,0.029138946303918865,0.04794658402986696
2020-06-12,8.901674270629883,9.15554539189167,8.673215446649964,9.130881046214606,570908000,8.789840698242188,7.8110808086395265,8.828597177716238,8.500617352440518,48.28237627485336,0.32797982527572067,0.3712046319424395,-0.04322480666671885,9.193017987078306,8.386663409406069,0.09058459713951993,0.3700820767116614,4724728000.0,62.33989019817013,68.93181231572134,0.015489395442065845,0.015370659287633068,0.028600464979252442,0.03680372638680485
2020-06-15,9.142091751098633,9.150562516844673,8.713575356427903,8.784829388857338,400004000,8.824065780639648,7.866686534881592,8.876827112082761,8.54813397456334,59.04705118532643,0.3286931375194211,0.36270233305783584,-0.03400919553841475,9.224692886589835,8.42343867468946,0.08764451656308148,0.3650269108142371,5124732000.0,78.34959994081001,64.66257331939106,0.0270081192772893,0.02664983673531572,0.02644651104666313,0.038479360596058276
2020-06-16,9.03720474243164,9.234771362037131,8.808247914587062,9.193165484284528,535716000,8.84012222290039,7.925951929092407,8.901500593674896,8.58436143884988,61.14345420541618,0.317139154825016,0.3535896974112719,-0.03645054258625591,9.24819731556562,8.432047130235162,0.09031002490166617,0.34419400793026916,4589016000.0,61.62989561980055,67.4397952529269,-0.011472977030053011,-0.011539299395658132,0.02590880640052492,0.04206846291486577
2020-06-17,9.204126358032227,9.266908669502051,9.038947864267794,9.08229864167295,408304000,8.861773014068604,7.976358575820923,8.948058403576024,8.630269951381907,64.56654243407306,0.317788452194117,0.34642944836784095,-0.028640996173723954,9.299315516803194,8.424230511334013,0.09507529247526189,0.3334756192447093,4997320000.0,74.08893324709159,71.35614293590072,0.01847049174584403,0.01830198399780668,0.026153528708123853,-5.3879165196168977e-05
2020-06-18,9.186190605163574,9.250467881789225,9.083047401732872,9.195159372769865,254408000,8.874334192276,8.031073207855224,8.984694126897185,8.671449259069437,57.82660867737232,0.3132448678277484,0.3397925322598225,-0.02654766443207407,9.334560702169922,8.41410768238208,0.10019964306754689,0.3176502982877792,4742912000.0,66.66494771887596,67.4612588619227,-0.0019486643458561659,-0.0019505654623827114,0.02589725470242719,0.029507125883954988
2020-06-19,9.229289054870605,9.412405087364501,9.195406943583055,9.210604521255469,524160000,8.89874963760376,8.082705268859863,9.022324115816174,8.712770725425079,60.489678632072255,0.30955339039109475,0.33374470388607697,-0.024191313494982214,9.38049590538408,8.41700336982344,0.10439509802243896,0.3205745506854,5267072000.0,71.7772698246997,70.84371693022241,0.004691656374167241,0.004680684857408377,0.025306841676023265,-0.01147256280501463
2020-06-22,9.493873596191406,9.49835845482481,9.241248418658067,9.267906669276206,398468000,8.923893356323243,8.141621208190918,9.094870189720055,8.770630197333697,64.49043284353917,0.32423999238635837,0.33184376158613327,-0.007603769199774901,9.473610197203634,8.374176515442851,0.11580454180492089,0.32704024566330947,5665540000.0,99.47286923402916,79.30502892586827,0.02866792227957915,0.02826468589386994,0.025310293781163208,-0.03429817716599659
2020-06-23,9.417386054992676,9.60922181477153,9.375033186793932,9.518037317434473,375108000,8.960577583312988,8.195570878982544,9.144488015146612,8.818538038641769,63.93809187693928,0.3259499765048428,0.3306650045698752,-0.004715028065032378,9.539928244757295,8.38122692186868,0.12303852853885318,0.33193936507377597,5290432000.0,80.05179434508088,83.76731113460325,-0.008056515649146001,-0.00808914474070736,0.023925178031053446,0.005053142606288974
2020-06-24,9.203630447387695,9.523522838602178,9.112943915397793,9.443549028011027,449372000,8.996161413192748,8.238222980499268,9.153586850876009,8.847063402252578,58.786157200600165,0.3065234486234303,0.32583669338058624,-0.019313244757155956,9.540697228937878,8.451625597447618,0.118330656333488,0.34234980295780215,4841060000.0,57.460405366280646,78.9950229817969,-0.022697976525201113,-0.022959541164918752,0.023961385748973007,0.03188740803004464
2020-06-25,9.45724868774414,9.4721972631526,9.150561019377776,9.323462311698346,376072000,9.04633116722107,8.28749635696411,9.20030405654803,8.89226231228899,60.288842657163144,0.3080417442590395,0.32227770355627694,-0.014235959297237422,9.564755925684409,8.52790640875773,0.10963542898796304,0.3447522327151488,5217132000.0,84.06061922061076,73.85760631065743,0.027556325930973236,0.027183484310082558,0.0244095573563176,0.01288207986492207
2020-06-26,9.123405456542969,9.4672151136185,9.093509253870403,9.4672151136185,592084000,9.060459613800049,8.323189935684205,9.188473502701097,8.909384026678174,55.852824242456634,0.2790894760229232,0.3136400580496062,-0.034550582026682986,9.570640228137048,8.55027899946305,0.11183995203701409,0.35477122791097265,4625048000.0,48.09689599820824,63.20597352836656,-0.03530024875350979,-0.03593836466148264,0.02417134723248733,0.07474057615550134
2020-06-29,9.168251037597656,9.172735896063203,8.869286133575109,9.138105831903935,342248000,9.080279397964478,8.360965757369994,9.185362354223644,8.928559360820358,52.75591091014953,0.2568029934032854,0.3022726451203421,-0.04546965171705669,9.573778254567763,8.586780541361193,0.10765387085923331,0.35092746883055054,4967296000.0,52.88805795331061,61.6818577240432,0.004915443171773726,0.004903401823906043,0.024070989779422045,0.07301649911250796
2020-06-30,9.464973449707031,9.493374700558492,9.23452168587974,9.2818574207599,367892000,9.113989019393921,8.407300777435303,9.228379445836472,8.968293737774927,52.363787929155166,0.2600857080615455,0.29383525770858276,-0.03374954964703725,9.616252057774929,8.611725981012913,0.1061308921889378,0.3418339836888787,5335188000.0,84.58895464569599,61.857969532404944,0.03236412385443632,0.031851438020661135,0.0249794846743903,0.07562341154593
2020-07-01,9.497110366821289,9.542703093000721,9.380514522786697,9.487892601594718,326648000,9.152081966400146,8.463014287948608,9.269722664449521,9.007465339926508,66.43154434875106,0.26225732452301287,0.2875196710714688,-0.02526234654845594,9.648933550548893,8.6552303822514,0.1046321596692246,0.3120800351970215,5661836000.0,88.02236259829552,75.1664583991007,0.0033953520614737887,0.0033896008682035984,0.02486247294798528,0.10272831834537977
2020-07-02,9.57907772064209,9.703895336504779,9.545194661870283,9.605735016599972,364056000,9.194223546981812,8.512079610824586,9.317315750017608,9.049806997757292,65.59959126512724,0.2675087522603157,0.2835174873092382,-0.01600873504892253,9.685511814114927,8.702935279848697,0.10257527529491292,0.2923982512285775,6025892000.0,87.39623361663752,86.66918362020967,0.008630767744592927,0.008593735593376351,0.02485656971270727,0.09019750425884454
2020-07-06,9.805294036865234,9.874554159667008,9.678981462887307,9.708130664633469,315892000,9.240027379989623,8.566735105514526,9.39238933260955,9.105769000654178,65.37310948815924,0.2866203319553726,0.2841380562384651,0.0024822757169075116,9.77998806551664,8.700066694462606,0.1101365616363797,0.28229034255773094,6341784000.0,93.50466865814633,89.64108829102645,0.02361566768955936,0.023341131643524218,0.025056125671008,0.021648195474710308
2020-07-07,9.837684631347656,10.035250331547491,9.816757188984752,9.911927631799411,357800000,9.293180799484253,8.61925929069519,9.460896301646182,9.159984973298139,69.20054194980634,0.30091132834804313,0.28749271066038073,0.013418617687662393,9.849291213784882,8.737070385183623,0.11305717455682426,0.26824983164574434,6699584000.0,83.05559455650878,87.9854989437642,0.0033033781914793003,0.0032979340238763507,0.024699196259024055,0.05118132219675897
2020-07-08,10.180747032165527,10.189716751183488,9.931111711651702,9.959263970260519,365480000,9.351479005813598,8.674914331436158,9.571642567879927,9.235596977658686,71.60029637423621,0.33604559022124114,0.29720328657255285,0.03884230364868829,10.018171403769076,8.68478660785812,0.13097121377225043,0.2769875597004173,7065064000.0,99.32069736254573,91.96032019240027,0.034872270628060864,0.034278009080491924,0.025094171296274736,0.001101047681434597
2020-07-09,10.472732543945312,10.533521899501254,10.198183016858287,10.344427021104382,494548000,9.408394384384156,8.739257946014405,9.710271794966909,9.327236649235473,75.37843644275173,0.3830351457314354,0.3143696584043294,0.06866548732710598,10.242333108556243,8.574455660212069,0.1592590511927509,0.2902271587918011,7559612000.0,96.34731101421885,92.90786764442446,0.028680165694842774,0.028276588026849122,0.024724201857999197,-0.03561212647940315
2020-07-10,10.443086624145508,10.61847890023209,10.342933337817453,10.552208677085298,497676000,9.492253923416138,8.799472494125366,9.823012537917462,9.409892202932513,74.07122836162839,0.41312033498494927,0.3341197937204534,0.07900054126449585,10.389095250661095,8.595412596171181,0.17175790252881093,0.2937508073784946,7061936000.0,89.97295893685192,95.2136557712055,-0.002830772167188078,-0.0028347863800571404,0.019248853310043654,-0.026504766505606625
2020-07-13,10.017560958862305,10.755007091244167,9.990404705995894,10.558438359648575,457076000,9.548048257827759,8.854254455566407,9.852943064216669,9.454904703371756,59.762260514221964,0.39803836084491273,0.3469035071453453,0.05113485369956744,10.428890407479441,8.667206108176076,0.17585960360389358,0.3291460206137852,6604860000.0,60.89314646519325,82.40447213875468,-0.04074711630748551,-0.04160054366463481,0.02213683699334167,0.045611392195140654
2020-07-14,10.341190338134766,10.366851638295143,9.751731237272898,10.040232450582947,542676000,9.608003187179566,8.92024045944214,9.928058029434839,9.52055549113198,65.76810214296529,0.4075025383028592,0.3590233133768481,0.04847922492601109,10.534550319277024,8.681456055082108,0.17919545077526897,0.35635543297411715,7147536000.0,78.0552497861893,76.30711839607815,0.03230620513331184,0.03179533345004131,0.02242927096447046,-0.004673572908585832
2020-07-15,10.191956520080566,10.396996003532037,10.02104815021368,10.378311468876817,403984000,9.665740776062012,8.979003410339356,9.96865779722649,9.570288900683726,67.24933680187331,0.3983688965427632,0.36689243001003113,0.03147646653273206,10.586420569540833,8.745060982583192,0.1806679201711395,0.3538817851251151,6743552000.0,70.1413631971826,69.69658648285504,-0.014431009697585373,-0.014536149459193574,0.022562830157224115,0.02067999926265829
2020-07-16,10.099776268005371,10.171527353998105,9.861351715438127,9.980439491512932,344964000,9.71052327156067,9.034702529907227,9.98882986965401,9.609510187151995,61.883758306964026,0.37931968250201464,0.36937788050842785,0.009941801993586796,10.62376309010639,8.797283453014948,0.18084357401831413,0.35452239661565904,6398588000.0,65.25303379449853,71.14988225929014,-0.009044411825499643,-0.009085560818335694,0.022618726084712645,-0.0004934665724554144
2020-07-17,10.166295051574707,10.213132788399555,10.052938091572605,10.190212395992338,266284000,9.759528493881225,9.08971492767334,10.016132205334117,9.650753510442566,71.40524427575471,0.3653786948915503,0.36857804338505235,-0.0031993484935020633,10.659388836666068,8.859668151096383,0.17702817756513153,0.3392715992641485,6664872000.0,68.78053256166952,68.05830985111687,0.006586164069797951,0.006564570053852136,0.022563214620770072,-0.0006862953773654201
2020-07-20,10.474475860595703,10.494905294919302,10.121697469119031,10.238792265552878,284852000,9.82178783416748,9.147364797592163,10.0866466138359,9.71176998082428,74.19475945101864,0.37487663301161867,0.3698377613103656,0.005038871701253056,10.739310515818815,8.904265152516146,0.17519209435633817,0.34425431807216117,6949724000.0,81.54988989212129,71.86115208276311,0.03031397450669715,0.029863585408588467,0.023242604842080006,-0.00849108517998809
2020-07-21,10.29286003112793,10.523561835266866,10.251254140272492,10.476723132609838,277036000,9.861737155914307,9.197582206726075,10.11837175495775,9.754813688254181,66.01768197154362,0.3635580667035683,0.36858182238900616,-0.005023755685437892,10.78867208124143,8.934802230587184,0.18011221808590855,0.34048174893169963,6672688000.0,66.37689636265893,72.23577293881658,-0.017338894268781546,-0.017490973382250533,0.023220748160796358,-0.010940673108835286
2020-07-22,10.402726173400879,10.565910768554447,10.255984157807204,10.331722094937254,367292000,9.911004161834716,9.244956741333008,10.162118588564384,9.802807205672455,67.0099436563335,0.35931138289192965,0.3667277344895909,-0.0074163515976612415,10.843224617883692,8.978783705785741,0.17922618369646315,0.3510344661126439,7039980000.0,70.88136061435422,72.93604895637814,0.01067401499104137,0.010617449855083652,0.02307321152627514,0.0025624197324378706
2020-07-23,10.094792366027832,10.510602112104115,9.996632039770423,10.413936738581402,411660000,9.955562257766724,9.29141206741333,10.151760708174146,9.82443573606915,58.928623034827794,0.32732497210499645,0.358847182012672,-0.03152220990767557,10.828742555367334,9.082381960166114,0.17299618772529451,0.3729762591590869,6628320000.0,38.64321553279867,58.63382416993728,-0.02960126050038825,-0.030048220302427462,0.02355967229842773,0.047804675924976836
2020-07-24,10.159317970275879,10.32898036367836,9.743259250895763,9.840920619627777,473292000,9.990665721893311,9.33960615158081,10.152923363882104,9.84924182749187,56.49276729491223,0.30368153639023454,0.3478140528881845,-0.04413251649794997,10.835484371383147,9.145847072403475,0.1663140482385935,0.3937080215703496,7101612000.0,41.12276818160688,50.215781442919926,0.0063919694341803,0.006371627435164018,0.022955857374241724,0.04122327455733066
2020-07-27,10.385536193847656,10.405715681180023,10.182488715413822,10.196939292576193,292132000,10.053772258758546,9.387334117889404,10.188709953107574,9.888967336110817,59.380627219825335,0.29974261699675786,0.3381997657098992,-0.03845714871314132,10.809702739669827,9.297841777847264,0.14557370304271655,0.3948824084433416,7393744000.0,63.48191878481308,47.74930083307288,0.02226706795019573,0.022022776577322576,0.021342580212894695,0.05649399854398851
2020-07-28,10.180249214172363,10.346174763234469,10.174021351300896,10.338451947166476,271636000,10.10437216758728,9.421787300109862,10.187408300963696,9.910543771522782,49.99105373916732,0.276864529440914,0.32593271845610217,-0.04906818901518817,10.735984691798304,9.472759643376257,0.12408586684336344,0.3848454600655508,7122108000.0,43.19158839955648,49.265425121992145,-0.019766623103860903,-0.019964595978336684,0.022150494383025375,0.09908930079491207
2020-07-29,10.42938232421875,10.479956960079575,10.311291523626386,10.354890347644337,284508000,10.152592611312866,9.456053428649902,10.224635073772166,9.948976256907669,49.20879132456109,0.2756588168644978,0.3158779381377813,-0.04021912127328353,10.722954447738404,9.582230774887327,0.10937595702116783,0.3810549513920854,7406616000.0,67.8156201854168,58.16304245659546,0.024472201495770562,0.024177554600795154,0.021712365493232206,0.07847238478419905
2020-07-30,10.577370643615723,10.586339409099345,10.259720292587549,10.339195130438815,308880000,10.206605625152587,9.492178630828857,10.278902084517329,9.995523989256414,52.34939952510695,0.2833780952609146,0.309377969562408,-0.025999874301493364,10.717057696564881,9.696153553740293,0.0965177620433282,0.3847030623990254,7715496000.0,82.44261649308787,64.4832750260204,0.014189557425018373,0.014089827959197445,0.021802062663162362,0.06797664485924271
2020-07-31,10.578118324279785,10.729345196481006,10.396995248418266,10.526795731850012,386080000,10.256557655334472,9.52504165649414,10.32493535217309,10.038679125184071,61.51960162888513,0.2862562269890194,0.3047536210477303,-0.01849739405871087,10.699512462351077,9.813602848317867,0.08374926304234996,0.35382788831434453,8101576000.0,84.6639257232181,78.30738746724093,7.068681709787583e-05,7.068431890254574e-05,0.02182400643026899,0.0550885456593293
2020-08-03,10.972256660461426,11.060451293418115,10.67827455060579,10.695465086289587,412720000,10.314905786514283,9.56966718673706,10.424523245755912,10.107833016686097,62.60334014339543,0.31669022906981503,0.30714094265214725,0.00954928641766778,10.811735459620198,9.818076113408367,0.0905610738939864,0.34434307175120765,8514296000.0,93.3043450732632,86.80362909652307,0.03725977759929022,0.03658240664993536,0.022628423190844342,0.014054807177074524
2020-08-04,11.189002990722656,11.189002990722656,10.868363657948816,11.011866768848385,310336000,10.382471704483033,9.613627262115479,10.542135514212335,10.187919681429547,69.3896411356329,0.35421583278278845,0.3165559206782755,0.03765991210451297,10.966016501017226,9.79892690794884,0.10430684432170378,0.3403924631408851,8824632000.0,99.99999993083145,92.65609024243759,0.019754033921050684,0.019561455001823526,0.02282789018250407,-0.033644093511027484
2020-08-05,11.247800827026367,11.332507541797073,11.127717043617789,11.205198944403296,249924000,10.435824394226074,9.664909248352052,10.650699408491416,10.2664293959182,72.61941004722055,0.38427001257321614,0.3300987390572636,0.05417127351595252,11.126920087541182,9.744728700910967,0.12288547849363288,0.3314057269649454,9074556000.0,94.6700137289834,95.99145291102603,0.005254966537453054,0.0052412073823483235,0.0218438500415083,0.01359993501876433
2020-08-06,11.296384811401367,11.318807209573707,11.140175976018053,11.31058544182103,244316000,10.477007007598877,9.720997867584229,10.750035624323717,10.342722389657695,72.42452450390205,0.407313234666022,0.3455416381790153,0.0617715964870067,11.268267805575944,9.68574620962181,0.14009097798765718,0.3327226224455671,9318872000.0,97.72705551550477,97.46568972510654,0.004319420758079451,0.004310118836559226,0.0211346922904907,0.009483147403005932
2020-08-07,11.16085147857666,11.465048251791373,10.999410824519805,11.273461440715383,342516000,10.512895250320435,9.775137825012207,10.813238063439554,10.403324544392433,64.62168340275929,0.40991351904712126,0.3584160143526365,0.051497504694484775,11.360762939630149,9.66502756101072,0.15193602225371472,0.33932473683637404,8976356000.0,82.33251728987662,91.57652884478826,-0.011997938728850133,-0.012070494929613722,0.021388626493710695,0.03254618195794401
2020-08-10,11.126469612121582,11.36888005134779,10.819033954905294,11.295136017955185,427796000,10.568340682983399,9.82085048675537,10.861427532467559,10.456890845705702,68.94669193224306,0.4045366867618565,0.3676401488344805,0.036896537927376016,11.424809775470845,9.711871590495953,0.15395163467743211,0.3591489083683828,8548560000.0,80.33564854363505,86.79840711633881,-0.0030805773664378533,-0.0030853321123124307,0.018782744501021263,0.10497080256372082
2020-08-11,10.812559127807617,11.098319449331218,10.758495619381051,11.035536173478329,354512000,10.59190912246704,9.861664562225341,10.85390931636603,10.483236644379918,58.52424233947027,0.370672671986112,0.3682466534648068,0.0024260185213051955,11.44800154838825,9.73581669654583,0.15835149029974244,0.3632951499393319,8194048000.0,62.10400204291029,74.92405595880733,-0.028212945818139823,-0.028618578583054482,0.019097290058557502,0.13002295861891966
2020-08-12,11.40077018737793,11.427427485593178,10.920433215644131,10.952821324520649,464412000,10.652349805831909,9.913864345550538,10.93804175806017,10.551202092009401,74.32710433198761,0.38683966605076847,0.37196525598199914,0.014874410068769328,11.558757436011758,9.74594217565206,0.15900813985064893,0.3705021703287511,8658460000.0,96.26678615424561,79.56881224693032,0.054400725361821056,0.05297257270386326,0.021900220588027684,0.061034378974943015
2020-08-13,11.403510093688965,11.681298546736729,11.316561436383628,11.50615432938051,374460000,10.71753649711609,9.967229518890381,11.009652271233831,10.614336018059738,73.72223580944419,0.3953162531740926,0.3766354554204179,0.018680797753674705,11.64392148371893,9.791151510513249,0.1624736557414071,0.3547175987266442,9032920000.0,81.5701813372727,79.98032317814288,0.00024032642233851043,0.00024029754856986712,0.021665118678887582,0.06099797055341338
2020-08-14,11.524094581604004,11.664358807033938,11.401020889958053,11.490211514904173,366436000,10.785426473617553,10.022986488342285,11.08879724206001,10.681725541285239,72.61931291426305,0.4070717007747717,0.3827227044912887,0.024348996283483026,11.740290615549222,9.830562331685885,0.1657161237562082,0.3559276134531971,9399356000.0,89.57033473972434,89.13576741041423,0.010574330791514264,0.0105188135842702,0.021686139514594808,0.09680898260485504
2020-08-17,12.294424057006836,12.366923082983908,11.776468107391905,11.810350216026855,621300000,10.876423883438111,10.091090621948242,11.274278290513369,10.80118469059795,84.30068204941395,0.4730935999154191,0.4007968835761148,0.07229671633930429,12.032247501051181,9.720600265825041,0.18802403630357017,0.4010214462269931,10020656000.0,96.55946607165276,89.23332738288327,0.06684511914996905,0.06470580634771612,0.02507096343469767,0.031065175736396
2020-08-18,12.218440055847168,12.452878719522852,12.044542712246516,12.407036978701228,503448000,10.972702884674073,10.159967098236084,11.419533946718568,10.906166569505299,80.75380399424682,0.5133673772132692,0.4233109823035457,0.0900563949097235,12.23933761639491,9.706068152953236,0.2073316603316616,0.40878060775335917,9517208000.0,89.31045465345653,91.81341848827789,-0.0061803628057195414,-0.006199540304689202,0.024589058761569044,0.0399037212330382
2020-08-19,12.096609115600586,12.27249936656039,12.056248246226009,12.254063835239679,622624000,11.057397031784058,10.221603622436524,11.5236993573158,10.99434749884569,76.3526115540331,0.5293518584701111,0.4445191575368588,0.08483270093325235,12.388447794036043,9.726346269532073,0.22007006253271,0.4008971794549724,8894584000.0,82.67072965193125,89.5135501256802,-0.009971071568033674,-0.010021115642066153,0.024941209317330165,0.05227174502101595
2020-08-20,12.099101066589355,12.332293735229182,11.837756147522825,11.933674519900297,921388000,11.157612466812134,10.276897144317626,11.61222269720404,11.076181096456331,76.36691240784984,0.5360416007477085,0.4628236461790287,0.07321795456867974,12.485311981863534,9.829912951760734,0.2194707702240342,0.41248201085808794,9815972000.0,80.0644188754481,84.01520106027864,0.00020600409296145372,0.00020598287703195748,0.02342955942410371,0.040132572155354485
2020-08-21,12.639730453491211,12.764548088001417,12.153164638813207,12.159642451084375,999868000,11.2816330909729,10.354373836517334,11.770300813555911,11.191999567347803,77.50921383702897,0.5783012462081079,0.48591916618484454,0.09238208002326331,12.67829776692887,9.88496841501693,0.22099595890831644,0.4255615860204974,10815840000.0,93.77794761600491,85.5043653811281,0.04468343424246268,0.043713905783810236,0.024704772870930463,0.03660263482292292
2020-08-24,12.676352500915527,12.867939296377706,12.464336268553247,12.83928809456214,490564000,11.396173906326293,10.429867401123047,11.909693380842006,11.301951636500968,76.0880768856149,0.6077417443410376,0.5102836818160832,0.09745806252495437,12.85764783045739,9.934699982195196,0.230582720703853,0.43148756423839874,11306404000.0,90.917662393142,88.25334296153169,0.0028973756647003857,0.0028931863618677917,0.02463038039692521,0.051433785689098954
2020-08-25,12.706001281738281,12.717212003155831,12.530359043130268,12.587162502642434,289076000,11.52246150970459,10.50114559173584,12.032202288672202,11.405955313925954,75.84104002944991,0.6262469747462482,0.5334763404021162,0.09277063434413202,12.978032106296233,10.066890913112946,0.22911544935599282,0.430206311513133,11595480000.0,92.32318846297817,92.33959949070838,0.0023389047299380294,0.0023361737497761587,0.02368820880905451,0.0843240606916893
2020-08-26,12.728919982910156,12.824090403622819,12.633998562589216,12.755079279788657,321244000,11.63743839263916,10.57497989654541,12.139389626247272,11.503952696813673,75.61926347013718,0.6354369294335989,0.5538684582084128,0.08156847122518607,13.09274329015867,10.182133495119649,0.22866117462807575,0.43102492633298645,11916724000.0,93.40966929254176,92.21684004955398,0.0018037697827730792,0.0018021449436555095,0.023572007031900006,0.12352583755143387
2020-08-27,12.58466911315918,12.805654096298026,12.523131806331266,12.73738997776775,317604000,11.737803316116333,10.64259075164795,12.207894162695258,11.584005764691119,75.38421061354231,0.623888398004139,0.567872446167558,0.056015951836580924,13.161817189911917,10.313789442320749,0.22630930714047323,0.41794527366835726,11599120000.0,86.57133218709356,90.76806331420453,-0.01133253017103164,-0.011397232583547228,0.024034927365532702,0.030973897963789243
2020-08-28,13.102377891540527,13.10262689195199,12.598871498450452,12.631259609222237,537160000,11.86401629447937,10.720914497375489,12.345507044056069,11.696477774087372,80.04853816682649,0.6490292699686968,0.5841038109277858,0.06492545904091096,13.302635797890721,10.42539679106802,0.21959670455546654,0.41566753669337964,12136280000.0,99.98937766778377,93.32345971580638,0.041138052476882736,0.04031439609177514,0.024968603445929036,-0.039662521702161335
2020-08-31,13.32834529876709,13.5281529158447,12.992757381915121,13.13725649731869,500840000,11.981820726394654,10.802895622253418,12.496712929396226,11.817356849989572,89.31016839308634,0.679356079406654,0.6031542646235595,0.07620181478309451,13.496811805988713,10.466829646800594,0.22733370806865283,0.4276262182068831,12637120000.0,92.33784144877147,92.96618376788295,0.01724628987937038,0.01709926068669062,0.02425358154236342,-0.10900870455701839
2020-09-01,13.777422904968262,13.949627750320245,13.394134719856545,13.437497512438236,511316000,12.111241722106934,10.888566608428954,12.693745233330386,11.962546928136142,88.82424288660397,0.7311983051942441,0.6287630727376965,0.10243523245654762,13.775909964858053,10.446573479355814,0.24165161427262644,0.42808436776171127,13148436000.0,93.45991229407649,95.26237713687726,0.033693425262827814,0.033138238180111614,0.024742587819943717,-0.08002291184649757
2020-09-02,14.301270484924316,14.680321655884619,13.85617738039282,14.65739345260157,874012000,12.263915205001831,10.986244297027588,12.941056810498683,12.135785710120452,90.45013577946355,0.8052711003782314,0.6640646782658035,0.14120642211242784,14.141614449884088,10.386215960119575,0.26259194899664795,0.466524484944801,14022448000.0,88.44109769426372,91.41295047903724,0.03802217465264501,0.03731714737933403,0.025435207401198673,-0.14182898084145146
2020-09-03,12.974465370178223,13.840725107880663,12.838146289033148,13.785150980513366,945128000,12.347819232940674,11.061660995483399,12.94619658891092,12.19791012938399,65.14553728437456,0.7482864595269305,0.680909034518029,0.06737742500890154,14.193171997059995,10.502466468821353,0.28445916058489157,0.5522235048601783,13077320000.0,41.25542980621736,74.38547993151919,-0.09277533182417219,-0.09736515482649456,0.034651404217925216,-0.0653838122127236
2020-09-04,12.582704544067383,13.133462408954491,11.667847643821455,12.743445322871539,1463684000,12.41891188621521,11.124170112609864,12.89027473585807,12.226413419360538,53.26882408620772,0.6638613164975311,0.6774994909139295,-0.013638174416398363,14.179324383730865,10.658499388699553,0.27981464419677127,0.5967082379854022,11613636000.0,30.36895575791796,53.35516108613302,-0.03019475677289185,-0.030660007821985958,0.03542139292699713,0.01978600449510015
2020-09-08,11.875439643859863,12.510431332094637,11.667348039280267,11.697502261061345,795728000,12.456360387802125,11.179210796356202,12.734146260166037,12.200415361916043,46.5977748433017,0.5337308982499938,0.6487457723811424,-0.11501487413114864,14.130774975689551,10.781945799914698,0.28199622718863704,0.6329239878076007,10817908000.0,6.906519305836222,26.176968289990523,-0.056209290914407406,-0.057850843894277026,0.038079422397286004,0.09048962115515846
2020-09-09,12.67491340637207,12.768865989379982,12.19318633889439,12.36090597859169,736200000,12.549478101730347,11.24934404373169,12.725033513428503,12.235563365209082,55.05646183943153,0.4894701482194215,0.6168906475487983,-0.12742049932937682,14.03553042596609,11.063425777494604,0.2344871758238062,0.681293646749439,11554108000.0,33.44089577169712,23.57212361181711,0.06732161389288605,0.06515234573328257,0.03978490094794779,-0.015768651702216863
2020-09-10,12.27293586730957,13.024060336153877,12.128641619060451,12.948299724016278,698684000,12.593086385726929,11.30550329208374,12.655480029410207,12.238331698698007,51.42069396238195,0.4171483307121999,0.5769421841814787,-0.15979385346927877,13.985440073438621,11.200732698015237,0.22689822594451783,0.7099280131342296,10855424000.0,20.099340548186184,20.148918541906518,-0.03171442093327548,-0.03222821551828411,0.039239044653107014,0.01232548710065795
2020-09-11,12.126145362854004,12.612606606994955,11.85824254598659,12.446133343329347,636928000,12.629218149185181,11.358083992004394,12.574043926863098,12.2300215997466,45.51384663308444,0.34402232711649816,0.5303582127684826,-0.18633588565198445,13.925805884512142,11.33263041385822,0.21384994102063057,0.7162792302482514,10218496000.0,15.227392662619195,22.92254299416751,-0.01196050448259578,-0.012032606813212296,0.03940213891494501,0.002034968425547845
2020-09-14,12.831665992736816,13.273020068340417,12.59142659294428,13.039758568536314,1201744000,12.69459671974182,11.423135757446289,12.61367809084367,12.27458785107921,51.21471266732375,0.3390902397644613,0.49210461816767836,-0.15301437840321708,13.883989640355317,11.505203799128324,0.18538402126220171,0.7693700643669622,11420240000.0,38.643483190613246,24.656738800472883,0.058181772424074074,0.05655212626306589,0.04122732036584099,-0.027578642460704295
2020-09-15,12.950043678283691,13.256823189308754,12.787308384101589,13.238132111969612,727556000,12.727377700805665,11.486030750274658,12.66542664275752,12.32462161605732,51.88253702158404,0.34080502670020074,0.46184469987418286,-0.12103967317398212,13.906426099648327,11.548329301963003,0.18209180264308186,0.7895601961656481,12147796000.0,42.57241522158796,32.147763691606805,0.009225433830172936,0.009183139439231524,0.03870243897623161,-0.027191777366770475
2020-09-16,12.47504711151123,13.051474082556064,12.474299886610241,12.9164012983545,556384000,12.740208053588868,11.53877799987793,12.636137484104244,12.335764245350202,48.16931436583498,0.30037323875404276,0.42955040765015484,-0.12917716889611208,13.901386918558774,11.57902918861896,0.1861602372464694,0.8172089358022353,11591412000.0,26.807372872822366,36.00775709500787,-0.036679147852527794,-0.03736874287600055,0.039684893024872055,-0.03122398189439901
2020-09-17,12.424205780029297,12.55005801210448,11.99680748160983,12.093999936822648,792512000,12.756587886810303,11.583647174835205,12.603532606554253,12.342315470141246,48.82709266442787,0.26121713641300737,0.39588375340272536,-0.134666616989718,13.888411711518271,11.624764062102335,0.1821965676916371,0.836546667268513,10798900000.0,25.11995911038929,31.49991573493321,-0.0040754420426212246,-0.00408376928904999,0.03961472027319894,-0.009267083030005896
2020-09-18,12.150821685791016,12.592673981885103,11.950954253863882,12.554046450865343,698460000,12.759173917770386,11.61720895767212,12.533884772590678,12.328130745374562,42.78696273155105,0.20575402721611624,0.3578578081654036,-0.15210378094928734,13.88489236239977,11.633455473141003,0.18529091673623702,0.8453868064991138,10100440000.0,16.04639495300872,22.657908978740135,-0.022004150533124545,-0.022249852855225433,0.039979959885008194,0.05615568877314758
2020-09-21,12.47778606414795,12.483019489295126,11.866967870062911,11.887403420828344,721044000,12.751076698303223,11.657902946472168,12.525254202061028,12.339216324542962,43.649777762477,0.186037877518066,0.3234938220359361,-0.13745594451787008,13.882726696500502,11.619426700105944,0.18138634408051205,0.851147955449302,10821484000.0,26.8982781705228,22.688210744640276,0.026908828621794445,0.026553152538154035,0.03914620077861235,0.04136287425460905
2020-09-22,12.597908973693848,12.608126751676911,12.117180011879032,12.535356930920344,646452000,12.74715452194214,11.7095099067688,12.536431859235307,12.358378742998584,40.73892692257062,0.1780531162367236,0.2944056808760936,-0.11635256463936999,13.88043756266318,11.613871481221098,0.17991605481314255,0.8418382617524965,11467936000.0,30.885133841745354,24.6099356550923,0.00962694094355765,0.009580897218547402,0.03920047101339529,0.046527273367290345
2020-09-23,12.085526466369629,12.686875066180855,12.04116736498731,12.535852009546938,647012000,12.716130781173707,11.744396629333496,12.467061798794434,12.338167463248292,32.57148353835821,0.1288943355461427,0.2613034118101034,-0.1324090762639607,13.887488813027892,11.544772749319522,0.19384476714584514,0.8234674724865815,10820924000.0,19.240951463900817,25.674787825389668,-0.04067202806387504,-0.041522268888329696,0.04025571706615678,0.11603268565478264
2020-09-24,12.309069633483887,12.529871698718129,11.976123011187333,12.034189790419692,731240000,12.695138263702393,11.786738891601562,12.44275531182358,12.336012068450929,43.66699996895133,0.10674324337265162,0.23039137812261307,-0.12364813474996145,13.880496284922014,11.509780242482773,0.1925991251191133,0.7585120790322691,11552164000.0,39.965919701520896,30.030668335722368,0.0184967669994609,0.0183277824032602,0.040504959137476294,0.10256740627853356
2020-09-25,12.833159446716309,12.842879070512348,12.207140191257526,12.408253885902678,588016000,12.707562780380249,11.841406555175782,12.502817486422462,12.37283780017429,52.32517131174393,0.1299796862481717,0.2103090397477248,-0.08032935349955311,13.893254568163256,11.521870992597242,0.18478563953109717,0.6992352300409681,12140180000.0,72.60582395474432,43.937565040055354,0.042577532570516885,0.04169604369565645,0.041553524282646526,0.014642467980074736
2020-09-28,12.993903160095215,13.010600685407562,12.709801858885758,12.99913658510344,573808000,12.702139043807984,11.897958717346192,12.578369128525962,12.418842641649913,61.556264575246,0.15952648687604842,0.20015252917338955,-0.040626042297341125,13.881200430260696,11.523077657355271,0.18147917095052024,0.6553382530220172,12713988000.0,80.27132148780989,64.2810217146917,0.012525653877076826,0.012447856840121684,0.04061000393700026,0.04660525302759355
2020-09-29,13.18405532836914,13.400371235855967,12.892477901208894,12.896714077035497,621460000,12.694924545288085,11.952150306701661,12.671551620809527,12.475525062888375,56.018386605466006,0.19602655792115264,0.1993273349229422,-0.0033007770017895455,13.859529775774316,11.530319314801854,0.1766687413667418,0.6278001808167997,13335448000.0,85.972901628276,79.61668235694341,0.014633953010969813,0.014527910020818621,0.040557057198589624,0.03861757154914436
2020-09-30,13.487842559814453,13.579552517363965,13.108791403649274,13.116018379126281,689184000,12.680445528030395,12.01604995727539,12.7971348421949,12.550511544142159,64.70227320993281,0.2466232980527412,0.208786527548902,0.037836770503839184,13.794487369717979,11.566403686342811,0.1651919996466669,0.5974674948611758,14024632000.0,94.67208347007674,86.97210219538755,0.023042017336777354,0.02278055879150211,0.040162753115922115,0.03203854224144931
2020-10-01,13.571578979492188,13.71936123395186,13.418313273374288,13.714626908491043,525004000,12.643960952758789,12.079427013397217,12.91628009408679,12.626146168982903,67.76309366523992,0.2901339251038877,0.22505600705989917,0.06507791804398852,13.565698056694352,11.722223848823226,0.1358334362314637,0.5650877734018334,14549636000.0,92.02209108168924,90.88902539334735,0.0062082886352201605,0.006189096603486277,0.03918373306629709,0.016471278699657255
2020-10-02,13.021068572998047,13.476876636179565,13.009853546705289,13.18330571184835,552496000,12.64629111289978,12.137952537536622,12.932401398534676,12.655399680391431,52.419779715745776,0.2770017181432447,0.2354451492765683,0.04155656886667641,13.571774203370323,11.720808022429237,0.14215163452709692,0.5232913967804395,13997140000.0,62.303219435485516,82.99913132908385,-0.04056347513623937,-0.041409120111674164,0.03423582846726509,0.05362754676795389
2020-10-05,13.5994873046875,13.601231779612217,13.181060496314407,13.194269071030487,479820000,12.697130250930787,12.206755924224854,13.035029999481264,12.725332097005955,57.42446389035398,0.3096979024753086,0.25029569991631634,0.059402202558992256,13.715003408702817,11.679257093158757,0.14969287223367417,0.531194854023797,14476960000.0,93.52870008409114,82.6180035337553,0.04442175605225884,0.04346338877510426,0.034749805633791694,0.042770890181945465
2020-10-06,13.693191528320312,14.09741348387712,13.621917127514193,13.786396879631232,784420000,12.788017845153808,12.272909030914306,13.136285619302656,12.797025388214426,65.25586322148231,0.33926023108823067,0.26808860615069924,0.07117162493753143,13.821465208835606,11.75457048147201,0.15094324234703332,0.5255342813983539,15261380000.0,81.87707631730453,79.23633194562707,0.006890276194494005,0.006866646721775465,0.03168007452652283,0.03725497187978122
2020-10-07,13.919973373413086,14.074734441277332,13.819790128206504,13.95561104695372,418084000,12.850270843505859,12.347703514099122,13.256852966088877,12.880206720451364,67.94208454251779,0.37664624563751303,0.289800134048062,0.08684611158945105,13.998641395469976,11.701900291541742,0.16499608456974282,0.5132694515742375,15679464000.0,92.04463402803867,89.15013680981146,0.01656164997208598,0.01642600150647971,0.028521196842627394,0.009399396416178263
2020-10-08,13.795120239257812,14.040095885233358,13.714625307805663,14.030625334081545,378900000,12.926380062103272,12.415018272399902,13.339663315807174,12.947978092214804,70.45253941246622,0.39168522359237024,0.31017715195692364,0.0815080716354466,14.11471444130276,11.738045682903783,0.1722832941778581,0.4906802265318428,15300564000.0,86.44695734289459,86.78955589607926,-0.008969351507075451,-0.009009818295939288,0.027408537441602515,0.009484120268516971
2020-10-09,13.719356536865234,13.780663178589986,13.617678851729561,13.723593661635226,346892000,13.006040620803834,12.477857990264893,13.398077657508415,13.005117236262985,66.47261260646565,0.39296042124543007,0.32673380581462497,0.0662266154308051,14.182044412252603,11.830036829355064,0.17143716446011645,0.459350924267274,14953672000.0,82.17797361083274,86.88985499392201,-0.005492065388235767,-0.0055072022264598085,0.027220247197049848,0.0035421069739105526
2020-10-12,14.18114948272705,14.301768294691879,13.868638402637721,13.945395309887523,434744000,13.073514795303344,12.549918613433839,13.51855024600359,13.092230736001063,69.25961479175122,0.42631951000252677,0.34665094665220536,0.07966856335032141,14.357308302236119,11.78972128837057,0.18105633940273497,0.4658841398407572,15388416000.0,94.81353352686693,87.81282149353143,0.033659956618295794,0.03310585992796733,0.025252993121455257,-0.051191616308607135
2020-10-13,14.203330993652344,14.303265189006954,13.974554697574565,14.25142907850557,344604000,13.136179161071777,12.614540100097656,13.623901130257245,13.174534458790047,79.25096659022225,0.4493666714671978,0.3671940916152039,0.08217257985199389,14.513537461791982,11.758820860351571,0.19394863097054696,0.4432414820006746,15733020000.0,95.70571161211564,90.8990729166051,0.0015641546513778248,0.0015629326356062542,0.025248679049670784,-0.04230379999774392
2020-10-14,14.050812721252441,14.297531907685247,13.915989026074767,14.24544672497904,276100000,13.214967441558837,12.671776294708252,13.689579836564198,13.239443959713187,74.53826884537281,0.45013587685101086,0.3837824486623653,0.06635342818864554,14.613207506052245,11.81672737706543,0.19902621894298128,0.43094106729208065,15456920000.0,87.95623023888707,92.82515845928988,-0.010738204472462431,-0.010796275080298182,0.02361175417417402,-0.04047478695435425
2020-10-15,13.925954818725586,13.961591541202662,13.724342005426598,13.767206653022203,267224000,13.290054893493652,12.725339374542237,13.72594521843518,13.290296615936327,67.34704722720433,0.43564860249885307,0.3941556794296629,0.04149292306919017,14.670675967058825,11.909433819928479,0.19828027471534174,0.4088504841900108,15189696000.0,76.32136467075875,86.6611021739205,-0.008886169434028757,-0.008925886903475889,0.023746384242767198,-0.04359331623206064
2020-10-16,13.767951965332031,14.076974954252234,13.749011819056257,13.992491995908145,242392000,13.370911407470704,12.77477071762085,13.73240779488085,13.325678493669342,62.29796152996499,0.40672930121150763,0.39667040378603186,0.010058897425475777,14.656771504580151,12.085051310361257,0.1867903229684804,0.4107907919524517,14947304000.0,62.05570967888504,75.44443486284364,-0.011345926038844767,-0.011410782092331371,0.02319836051537981,-0.016019193801594
2020-10-19,13.455193519592285,13.939411256075054,13.364479876319214,13.859165412616278,298068000,13.41978178024292,12.820657558441162,13.689759444836454,13.335272199293264,54.14626511198918,0.35448724554319,0.3882337721374635,-0.03374652659427352,14.635077821993317,12.204485738492522,0.18064341326355338,0.4155792237459351,14649236000.0,34.43141827223592,57.60283087395991,-0.02271641029306881,-0.022978403237517594,0.023554299754320607,-0.02641161437409989
2020-10-20,13.602476119995117,13.756239916495703,13.464412595526133,13.540671331298878,229212000,13.470010137557983,12.870177688598632,13.67633124101471,13.355065082308217,51.84111056619777,0.3212661587064929,0.3748402494512694,-0.05357409074477654,14.62376198374535,12.316258291370616,0.169638503462086,0.4034567439737013,14878448000.0,45.81855872095392,47.43522889069163,0.01094615251637765,0.010886677013927837,0.023572604950773773,-0.018229321128524156
2020-10-21,13.482109069824219,13.74801839791896,13.435008244461862,13.582043246069873,219596000,13.539839267730713,12.923568687438966,13.646450906985404,13.364475748050143,48.57974943876258,0.2819751589352606,0.3562672313480677,-0.07429207241280711,14.492261109499289,12.587417425962137,0.14128677298721687,0.4043111863222389,14658852000.0,36.51239151623942,38.92078950314309,-0.008848907295191943,-0.008888291384931657,0.021361217437748044,-0.0663784351662331
2020-10-22,13.318876266479492,13.568835305575032,13.1900332336967,13.47986707572771,290480000,13.590329599380492,12.961930809020997,13.596054808446032,13.361098008674539,55.39015295530962,0.23495679977149386,0.33200514503275297,-0.0970483452612591,14.356977156606865,12.82368204215412,0.1151219580222163,0.3912452319716269,14368372000.0,12.280805002838724,31.53725174667736,-0.012107364100033546,-0.012181255256519752,0.021491915149097464,-0.02522258932393251
2020-10-23,13.54740047454834,13.550391274244133,13.24934342311036,13.407592472112725,233484000,13.626041650772095,13.004808616638183,13.588569526307927,13.374898191331857,48.920534284433785,0.21367133497606972,0.30833838302141636,-0.09466704804534665,14.3057992736963,12.94628402784789,0.10035248078792292,0.3713084208658842,14601856000.0,32.10177706684898,26.96499119530905,0.017157919594462223,0.017012384848986182,0.01978475335809497,-0.07772099765168072
2020-10-26,13.099820137023926,13.649581780090575,12.997394244849335,13.384669660400956,336896000,13.63133749961853,13.036323127746583,13.513377312571926,13.3545220391609,39.27576514579501,0.15885527341102623,0.2784417610993384,-0.11958648768831215,14.291733491345507,12.970941507891553,0.10082519986064617,0.3823270891552856,14264960000.0,7.843492693853268,17.408691587847002,-0.033038097483372386,-0.0335961819092635,0.02119102108619134,-0.04265203142334495
2020-10-27,13.354512214660645,13.399619486373137,13.149908603860732,13.264047645682204,250520000,13.639860343933105,13.057524890899659,13.488936528277883,13.35452131142014,39.882271998634096,0.13441521685774305,0.24963645225101933,-0.11522123539327628,14.280041524396598,12.999679163469612,0.0958748878541141,0.3764882631832993,14515480000.0,27.3471104580097,22.430793406237324,0.0194424102753048,0.01925582123215061,0.021384787815646646,-0.028159806947273047
2020-10-28,12.587187767028809,13.218192332927055,12.569244869673387,13.156387540997912,376520000,13.594827604293823,13.064899845123291,13.35020594962418,13.297681789613375,32.4268991464276,0.05252416001080462,0.2102139938029764,-0.15768983379217177,14.38837432998775,12.801280878599895,0.12608800955088048,0.40933088943755386,14138960000.0,1.0347570409076892,12.075120064256895,-0.057458066254899465,-0.05917486861247061,0.024358856543659702,0.09244108267960982
2020-10-29,12.982939720153809,13.151157516010835,12.709803385953837,12.798024396978246,320080000,13.565395641326905,13.082626457214355,13.293703452782584,13.274367562245999,40.199057514626176,0.0193358905365848,0.17203837314969808,-0.15270248261311328,14.404906075499651,12.725885207154159,0.129325168608701,0.4369400581128235,14459040000.0,23.85755493343012,17.41314081078251,0.031440855610467944,0.030956713650144418,0.02549677531738414,0.08722351818942231
2020-10-30,12.49448299407959,12.895713186897273,12.261220547784955,12.809486688870361,416820000,13.539066362380982,13.090534095764161,13.17074645913597,13.216598334974414,27.710419021709683,-0.0458518758384443,0.1284603233520696,-0.1743121991905139,14.477642184433888,12.600490540328076,0.150238440837871,0.4468905877229813,14042220000.0,11.422984663098076,12.105098879145304,-0.03762296803365517,-0.03834897997807884,0.025269580723493022,0.16179992771773133
2020-11-02,12.541086196899414,12.796278653138547,12.355921817146161,12.6178430986326,299652000,13.486146306991577,13.088561210632324,13.073875649561115,13.16656039882071,28.174036593297785,-0.09268474925959502,0.08423130882973669,-0.1769160580893317,14.524433844536775,12.447858769446379,0.16558175603671368,0.45486532662012397,14341872000.0,13.743755227625167,16.341431608051128,0.00372990245710092,0.0037229636197032416,0.022881072671057674,0.083460795745673
2020-11-03,12.9784517288208,13.063681927532116,12.563015709327276,12.668432382996889,272900000,13.450409317016602,13.09460319519043,13.059195046370297,13.152626423265161,36.89942134990632,-0.09343137689486447,0.04869877168481646,-0.14213014857968093,14.507718534589555,12.393100099443648,0.1629330277085399,0.4649405301217112,14614772000.0,39.50045105694012,21.555730315887796,0.034874613335288185,0.034280272842544646,0.024375504068060896,-0.019163424975124688
2020-11-04,13.750761032104492,13.78390701250947,13.294952940813513,13.347038123353176,410228000,13.441948699951173,13.115498390197754,13.165589813406328,13.196932690586593,48.15206219982977,-0.03134287718026485,0.032690441911800205,-0.06403331909206506,14.486062761204376,12.397834638697969,0.15186273091583308,0.4991537135404845,15025000000.0,82.03424858526078,45.09281828994204,0.05950704440103971,0.05780374750169705,0.027786024205282558,-0.02727586460876763
2020-11-05,14.115357398986816,14.293792964075415,13.946890534905274,14.117850049572407,319028000,13.457960557937621,13.143227138519286,13.311707903495634,13.26496415046809,53.51138366812896,0.04674375302754363,0.03550110413494889,0.011242648892594742,14.534206359361669,12.381714756513574,0.15249288714450815,0.5145157704529806,15344028000.0,91.22119514312489,70.91863159510861,0.02651463188336156,0.026169211523690016,0.02832723207649605,-0.04966466849424278
2020-11-06,14.51608943939209,14.542754714559118,13.851192528563923,14.06526480662683,383348000,13.497797203063964,13.181855545043945,13.496997370556628,13.357640097795795,60.535592011829706,0.13935727276083298,0.05627233786012571,0.08308493490070727,14.669527239801258,12.32606716632667,0.16143880094284738,0.5228465423272202,15727376000.0,98.8312567682016,90.69556683219577,0.0283897905719368,0.027994268872899075,0.02889272849354855,-0.0868698921236487
2020-11-09,13.587775230407715,14.6451809486513,13.567838779939635,14.506619243028116,582976000,13.468128490447999,13.19156349182129,13.510963195149102,13.374687144655937,49.87361346234704,0.1362760504931657,0.07227308038673372,0.064002970106432,14.596241925611416,12.340015055284582,0.1660482920910912,0.5782962403135236,15144400000.0,55.64499651857608,81.8991494766342,-0.06395070882280618,-0.06608714237701789,0.03159827117105871,-0.008473299239216692
2020-11-10,12.729740142822266,13.563602104010792,12.588436707125263,13.563602104010792,644068000,13.394448947906493,13.179591388702393,13.390775033252666,13.326913292668257,44.259808964479085,0.06386174058440908,0.07059081242626879,-0.00672907184185971,14.512827545297993,12.276070350514994,0.17571114332952092,0.6273196953010488,14500332000.0,19.652994012422273,58.043082433066665,-0.06314757736537147,-0.06522950900443931,0.034436718723572804,0.0510768573804512
2020-11-11,13.375697135925293,13.392643737566482,12.907427719129638,13.01259532860774,404744000,13.360693168640136,13.171556873321533,13.388455356740762,13.330526910687297,50.403772719981596,0.05792844605346481,0.06805833915170799,-0.010129893098243178,14.43556500320854,12.285821334071732,0.16072012152270476,0.6476126612200407,14905076000.0,46.748955530798305,40.68231535393223,0.05074392610184231,0.049498414350423826,0.03656583456047352,0.00080125857058988
2020-11-12,13.414322853088379,13.722597713712116,13.27401668464067,13.436502877183004,365812000,13.335111570358276,13.153817920684814,13.392434971563473,13.336734017531821,49.02811168046971,0.05570095403165176,0.06558686212769675,-0.00988590809604499,14.377192179942444,12.293030960774107,0.15536835082871892,0.6581507453584459,15270888000.0,48.369188699639814,38.25704608095347,0.002887753570566698,0.0028835920199878815,0.03654083247362707,-0.0012260825567468325
2020-11-13,13.255078315734863,13.625656173241703,13.018077819853307,13.584286919539194,346312000,13.309467887878418,13.159430179595947,13.37130317835907,13.330685447028342,51.183729569919244,0.040617731330728546,0.060593035968303115,-0.01997530463757457,14.331754234666652,12.287181541090183,0.15424825450856783,0.6549643752260998,14924576000.0,41.68935722136329,45.60250048393382,-0.01187123189873518,-0.011942257640457284,0.03654867434054396,-0.01573650454490938
2020-11-16,13.472641944885254,13.606468395688703,13.11452445020162,13.130971953063362,413776000,13.310340309143067,13.177228927612305,13.386893757824637,13.341200743165892,50.905780512612665,0.04569301465874531,0.05761303170639156,-0.011920017047646246,14.333179919063479,12.287500699222655,0.15183950024126078,0.6686889892359479,15338352000.0,50.81549996182431,46.95801529427581,0.01641360571156536,0.01628035855252007,0.0363864050288244,-0.027764955681952586
2020-11-17,13.379935264587402,13.553386505139883,13.261809087038849,13.509774620039446,312028000,13.29921326637268,13.207318840026856,13.385823220403525,13.344069966974892,56.77995174201161,0.041753253428632675,0.05444107605083978,-0.012687822622207107,14.313477638161418,12.284948894583943,0.15160975770535828,0.6334254230297891,15026324000.0,46.92673233693952,46.47719650670905,-0.006881106220821609,-0.006904890201760739,0.0363405272453236,-0.03460692711604996
2020-11-18,13.386414527893066,13.562856562891689,13.143433355007053,13.42279943508766,510924000,13.294428539276122,13.221548862457276,13.385914190786531,13.34720660111698,53.69686260487059,0.03870758966955101,0.05129437877458203,-0.01258678910503102,14.305959254084422,12.282897824467822,0.15112795329930792,0.6231006700942612,15537248000.0,47.198518030216626,48.31358344299349,0.0004842522162877838,0.000484135004021967,0.036283379577714624,-0.01444665698203551
2020-11-19,13.397875785827637,13.44497661001742,13.058698515613026,13.171093089061117,565936000,13.298378515243531,13.244047660827636,13.38775443617747,13.35095987405851,59.07021984189772,0.03679456211895982,0.04839441544345759,-0.011599853324497776,14.310927662433162,12.2858293680539,0.15115069931618746,0.5991405930967998,16103184000.0,45.51489841786781,46.54671626167467,0.0008561857927444905,0.0008558194747645635,0.036166128939340944,-0.013318322682163042
2020-11-20,13.046489715576172,13.451957113116418,13.023810585909859,13.411585106093474,341088000,13.273332977294922,13.26245454788208,13.335252171469579,13.328406528985745,54.78169214341292,0.006845642483833458,0.04008466085153277,-0.03323901836769931,14.284726532353101,12.261939422236743,0.1550445487034997,0.5982684281835265,15762096000.0,23.219771269145685,38.64439590574338,-0.026226998657739697,-0.026577060672041596,0.03644121655126082,0.023972539655017666
2020-11-23,13.0985746383667,13.340309476449224,12.974466868389637,13.129726118332753,361356000,13.27327070236206,13.267792720794677,13.298840243299905,13.311381944495446,51.22586989843705,-0.012541701195541322,0.029559388442117952,-0.042101089637659274,14.284709394105084,12.261832010619036,0.1544349243589367,0.5870717765711612,16123452000.0,24.803177793992454,31.179282493668662,0.003992255689156288,0.0039843077827729405,0.03567351375571553,0.019025834353791016
2020-11-24,12.91689682006836,13.120502239825685,12.844376096717541,13.101063940439783,346500000,13.251389932632446,13.267129783630372,13.240079716648898,13.282160824167514,40.32385208178069,-0.04208110751861582,0.015231289249971199,-0.05731239676858702,14.274297643442722,12.22848222182217,0.15838288794271918,0.5492625522439808,15776952000.0,15.969905550322132,21.3309515378201,-0.01387004489528132,-0.013967132755353946,0.03552511851730901,0.04528184007085456
2020-11-25,13.193025588989258,13.22766602005471,12.97895327690436,12.991413678956471,259916000,13.28168182373047,13.281489353179932,13.232840620085877,13.27555821415431,39.07292581821445,-0.04271759406843323,0.0036415125862903136,-0.04635910665472354,14.256523865937389,12.30683978152355,0.14778142218120324,0.5326723571022256,16036868000.0,29.395433295170207,23.38950554649494,0.021377330233983916,0.021152040187745587,0.03323800898314431,0.012482822980376396
2020-11-27,13.219438552856445,13.365228168197541,13.12897493434627,13.332830370269797,167276000,13.293506765365601,13.297394008636475,13.230778763589042,13.27140120220632,33.143205583433186,-0.040622438617278434,-0.005211277654423437,-0.035411160962854994,14.258781373676182,12.32823215705502,0.1460386694111159,0.5001502890919454,16204144000.0,30.679645659598552,25.34832816836364,0.002002039917911702,0.0020000385068199874,0.032551479823112246,0.022698052012229963
2020-11-30,13.359247207641602,13.370213157845031,12.931350792165748,13.223178161034154,286952000,13.3367449760437,13.321562519073487,13.250543139597127,13.277908313720044,46.262916973771354,-0.027365174122916613,-0.009642056948122073,-0.01772311717479454,14.225780946105308,12.447709005982093,0.13309671664030165,0.4545445888753466,16491096000.0,67.96305774577698,42.67937890018192,0.01057599036647039,0.010520455792609433,0.031268489895682074,0.015615440857224439
2020-12-01,13.347785949707031,13.486098591334457,13.186545104830103,13.44971368699047,296948000,13.377079963684082,13.338962516784669,13.265503571921728,13.283084434904264,63.97662140304482,-0.017580862982535805,-0.01122981815500482,-0.006351044827530985,14.183480585944196,12.570679341423968,0.12082912106899844,0.4045599433911968,16194148000.0,57.321505491863235,51.98806963241293,-0.0008579269292968705,-0.0008582951592295247,0.03128600997220807,-0.0026928084887234416
2020-12-02,13.501797676086426,13.630390679939252,13.192525541134518,13.308409069816136,283360000,13.403247261047364,13.35704029083252,13.30185651102399,13.299285415732573,53.667731752406446,0.0025710952914170804,-0.008469635465720441,0.011040730757137521,14.18888073875387,12.617613783340857,0.11637464825857567,0.388485767966948,16477508000.0,74.85827789916078,66.71428037893368,0.01153837250310219,0.011472313142486064,0.03048271885675511,-0.0450316616565406
2020-12-03,13.357711791992188,13.620957172844438,13.290903852700819,13.54866416232819,199520000,13.383594799041749,13.38248399734497,13.310449631172943,13.303613295455508,48.448598032644476,0.006836335717435915,-0.00540844122908917,0.012244776946525086,14.152103688659599,12.615085909423899,0.11506594865724884,0.38001950304353194,16277988000.0,65.3086730932527,65.82948549475891,-0.010671607407466532,-0.010728957385688239,0.027454727032282873,-0.03163257030126421
2020-12-04,13.51949405670166,13.521239046704657,13.350478223899119,13.41005703243741,202244000,13.35380163192749,13.406692485809327,13.342610312023515,13.319604462955223,57.236133566918646,0.023005849068292505,0.0002744168303871648,0.02273143223790534,14.0451949677925,12.66240829606248,0.10228094823153298,0.3488182508590421,16480232000.0,85.89127651525726,75.35274250255692,0.01211152532924542,0.012038767687892197,0.026875456697165134,-0.040196689991413126
2020-12-07,13.56785774230957,13.692002161308737,13.46141332691698,13.562373622565351,223244000,13.306390047073364,13.421386451721192,13.377263762836755,13.337993594759249,52.87166247244745,0.03927016807750583,0.008073567079810898,0.03119660099769493,13.746621431596633,12.866158662550095,0.06489327834717278,0.33015002863794746,16703476000.0,85.35386946688813,78.8512730251327,0.0035773295513181758,0.0035709461271703144,0.02596552786247695,-0.021900719269723035
2020-12-08,13.311842918395996,13.559881665713313,13.243538190304427,13.546170890394157,271920000,13.292593431472778,13.427745246887207,13.367199017538177,13.33605650762123,48.13052165946849,0.031142509916946892,0.012687355647238097,0.018455154269708795,13.71252140073004,12.872665462215515,0.06309088408441968,0.3324887524882409,16431556000.0,55.15012346304021,75.46508981506187,-0.018869214932525802,-0.01904951019124914,0.02206369064995868,0.0007866902977036183
2020-12-09,12.893789291381836,13.375657659277737,12.831467938222275,13.262482439496566,401300000,13.300795888900756,13.421939926147461,13.294366751975662,13.303295973084978,38.96811470227998,-0.008929221109315932,0.008364040295927291,-0.017293261405243225,13.678742678091574,12.92284909970994,0.058624626267692395,0.3414006462861571,16030256000.0,7.242170202553064,49.248721044160476,-0.0314046394309867,-0.031908338856181724,0.018133774816628728,0.02410925703459088
2020-12-10,12.935173034667969,13.031397616453376,12.812773594068839,12.832218590000648,207764000,13.27876968383789,13.410886535644531,13.239106180082171,13.27602760727631,39.77523054821933,-0.036921427194139156,-0.0006930532020859985,-0.036228373992053156,13.688358626424918,12.869180741250862,0.06332948797658539,0.3294253554275958,16238020000.0,13.921231067839157,25.437841577810826,0.0032095873719444334,0.0032044476410691114,0.01385230058625115,0.02844528762167209
2020-12-11,12.976055145263672,12.982785958539413,12.786348532943185,12.930186145778586,209264000,13.256856298446655,13.398976058959962,13.198636790110095,13.253807424905004,48.19597616609835,-0.05517063479490858,-0.011588569520650516,-0.043582065274258064,13.682490743768156,12.831221853125154,0.0656030574094562,0.31287470531257217,16447284000.0,20.946927850704267,14.036776373698842,0.0031605383620407768,0.0031555543593317905,0.013857066000213903,0.019883686917460786
2020-12-14,13.270711898803711,13.350483171632279,13.04012303356649,13.050592977464667,270156000,13.257637977600098,13.403968925476073,13.20972526837065,13.25505960815676,53.921614718599095,-0.04533433978610901,-0.018337723573742217,-0.026996616212366795,13.683316094430033,12.831959860770162,0.06415301908080881,0.31348794947750214,16717440000.0,53.48218680466641,29.450115241069955,0.022707729756187955,0.022453746986646945,0.01463897993321504,0.0017656041709335213
2020-12-15,13.322315216064453,13.4255188210078,13.149061880169898,13.401338098547036,193016000,13.250121641159058,13.398425483703614,13.227046798785082,13.260041505038812,59.818091718792736,-0.03299470625372969,-0.021269120109739713,-0.011725586143989976,13.6649863277636,12.835256954554517,0.062281169582939354,0.31351157788677064,16910456000.0,59.18009554013876,44.53640339850316,0.003888511607684997,0.00388097088821891,0.014167428741827132,-0.006156429811889685
2020-12-16,13.204648971557617,13.39884214592736,13.174734036543057,13.38413382690294,223116000,13.241357326507568,13.38865463256836,13.223600979211627,13.255938354410576,50.30488530591183,-0.0323373751989493,-0.023482771127581632,-0.00885460407136767,13.652060263468973,12.830654389546163,0.06220580915797849,0.3073214999866244,16687340000.0,46.187684237236354,52.94998886068052,-0.008832266959495905,-0.008871502626755816,0.014220554274063088,-0.017613868707080815
2020-12-17,13.303117752075195,13.341258393471877,13.140832689289908,13.328544212374,231384000,13.237192487716674,13.376317520141601,13.235834328882945,13.259433124607956,52.11498764181569,-0.023598795725011,-0.023505976047067507,-9.281967794349394e-05,13.64336619372145,12.831018781711899,0.06106443821282648,0.30476239072453126,16918724000.0,57.06035976403345,54.142713180469535,0.007457129737388435,0.007429462804233025,0.01433260465137046,-0.0260473442093635
2020-12-18,13.2340669631958,13.366686251250297,13.033142941006943,13.340760540292104,342064000,13.229002046585084,13.365096454620362,13.235562426469537,13.257554149688536,46.718709269370414,-0.021991723218999226,-0.023203125481453854,0.0012114022624546278,13.628077321763502,12.829926771406665,0.06031030011987316,0.2972396010505363,16576660000.0,49.435945016447505,50.894663005905784,-0.00519057187692884,-0.005204089692217599,0.014372564281705144,-0.028029120284212783
2020-12-21,13.294142723083496,13.331785067544075,12.930435361494242,13.03737902706712,302332000,13.241384696960449,13.356592178344727,13.24457477979476,13.260264414384459,48.62882128541825,-0.015689634589698187,-0.02170042730310272,0.006010792713404534,13.631892076400652,12.850877317520245,0.058748786977010484,0.3045107595894991,16878992000.0,56.069359595681384,54.18855479205413,0.004539478306613276,0.004529205950658178,0.013062663245431656,-0.029177357486797395
2020-12-22,13.240297317504883,13.29912869656647,13.01668843755986,13.281180494833558,185580000,13.248470830917359,13.337775135040284,13.243916708673241,13.258785370171157,42.95501658940099,-0.01486866149791588,-0.020334074142065353,0.005465412644149473,13.633167093142202,12.863774568692516,0.05810991294224776,0.2934089824610617,16693412000.0,50.1238850971875,51.87639656977214,-0.004050310478848518,-0.004058535202303947,0.013090179655871538,-0.009978709915065775
2020-12-23,12.972064018249512,13.237054329375765,12.967826592484048,13.218108585765947,179144000,13.251229190826416,13.313149795532226,13.202093217838822,13.237546751510294,40.26181600564184,-0.03545353367147186,-0.023357966047946654,-0.012095567623525205,13.626593013701836,12.875865367950997,0.057872644221820944,0.2892959399522913,16514268000.0,20.506237626014713,42.233160772961206,-0.02025885769957314,-0.020466882718536673,0.013532858772908638,0.003516932377458204
2020-12-24,12.9566068649292,13.094960322845292,12.901764729583272,12.999982466523308,97884000,13.239408254623413,13.291265678405761,13.164326086621957,13.216736389541325,34.6520650224801,-0.05241030291936788,-0.0291684334222309,-0.02324186949713698,13.636737618921252,12.842078890325574,0.0613323177032292,0.2908984235563257,16416384000.0,18.79949756346554,29.80987342888926,-0.0011915723896033237,-0.001192282876436898,0.012591043561631158,0.00921626084288163
2020-12-28,12.863127708435059,13.025163617065004,12.726769309604906,13.025163617065004,212564000,13.221592712402344,13.27000913619995,13.117987874593203,13.190543153903823,31.245916933428532,-0.07255527931062034,-0.03784580259990879,-0.03470947671071155,13.65316897932014,12.790016445484548,0.06710285036426837,0.2957416716326357,16203820000.0,16.367348013349556,18.55769440094328,-0.007214786824100483,-0.007240939263999378,0.012650543513066409,0.039127987190360036
2020-12-29,12.906254768371582,13.035135865574905,12.80554361813499,12.88805741816548,170372000,13.198943090438842,13.252775192260742,13.085413550559107,13.169484754975509,37.8273634272469,-0.08407120441640181,-0.047090882963207396,-0.036980321453194416,13.64732145596135,12.750564724916334,0.06948233605636182,0.2889754355922622,16374192000.0,25.686666764095815,20.284504113636984,0.0033527662100596434,0.003347158220785328,0.012394504781461464,-0.025399261031527787
2020-12-30,13.108176231384277,13.175981710757751,12.859888338350087,12.953120278145812,225396000,13.186962604522705,13.245834846496582,13.088915501455286,13.16494338285764,57.39341210229243,-0.07602788140235361,-0.05287828265103664,-0.023149598751316974,13.631382697101738,12.742542511943672,0.06780807409576622,0.27268283926027664,16599588000.0,54.58421294174076,32.21274257306206,0.015645240748503486,0.015524115689751013,0.012985273985799588,0.015080991019299494
2020-12-31,13.017685890197754,13.113411217008528,12.878085702431163,13.09895299632336,192424000,13.162757015228271,13.234139041900635,13.077957099723358,13.154035420438388,52.75234065623572,-0.0760783207150304,-0.0575182902638354,-0.018560030451195003,13.587265166890653,12.73824886356589,0.06522021736321568,0.2738758029883358,16407164000.0,41.6338867403899,40.63492214874217,-0.0069033509764589995,-0.0069272893373620355,0.012713080835252825,0.01698581974124158
2021-01-04,13.076018333435059,13.613478260876672,12.925449902304845,13.066795083910115,560640000,13.148672342300415,13.226017227172852,13.077658827986697,13.14825637695666,53.29605144029005,-0.07059754896996218,-0.06013414200506076,-0.010463406964901417,13.564550040703653,12.732794643897178,0.06360922534650298,0.3089894410580215,16967804000.0,39.387109257820114,45.201736313316935,0.004481014807802941,0.0044710049526820875,0.012604263037484987,0.03873862526537608
2021-01-05,13.366436004638672,13.405074943901147,13.049594230220292,13.062307460654432,322760000,13.141019439697265,13.226968421936036,13.122086085933155,13.164417830859032,53.16512566631973,-0.042331744925876436,-0.056573662589223896,0.01424191766334746,13.533118692850826,12.748920186543705,0.05866922985566035,0.3076360615803249,17290564000.0,72.13941997483245,51.05347199101416,0.0222099467741661,0.02196689805618186,0.013337629229129793,0.0059680113563880255
2021-01-06,12.578445434570312,13.207143187349473,12.550027288519626,13.184707458538943,580424000,13.091548824310303,13.207589321136474,13.038449062646563,13.121012468170978,33.45894552966328,-0.08256340552441443,-0.06177161117626201,-0.020791794348152426,13.505928615645779,12.677169032974827,0.06588728209554476,0.346204045528978,16710140000.0,2.6722572796165283,38.066262170756374,-0.058952930294574823,-0.06076211970682229,0.018618800733352505,0.07271376469203883
2021-01-07,13.30586051940918,13.339514588897183,12.849668624043453,12.930436488917543,461480000,13.091249704360962,13.21171012878418,13.07958928676389,13.134704916410845,51.77048170428774,-0.05511562964695571,-0.06044041487040075,0.005324785223445039,13.504968049890506,12.677531358831418,0.062185883419724024,0.38455840588201856,17171620000.0,71.0736319610089,48.628436405152634,0.05783028503980758,0.05621990945337482,0.022751039762533242,-0.010772776720756605
2021-01-08,13.238801956176758,13.382639576611059,13.004723124897778,13.324307443387072,292528000,13.108500337600708,13.209395923614501,13.104083543596639,13.142415808245357,48.862430068374415,-0.03833226464871764,-0.05601878482606413,0.01768652017734649,13.516280721001321,12.700719954200094,0.06160381955262309,0.3972363164199694,16879092000.0,64.76788163377614,46.17125695813386,-0.005039776505593507,-0.005052519010152521,0.021554288680896982,-0.03142713276074083
2021-01-11,13.582565307617188,13.92109533146687,13.324305789405765,13.380394628106359,518344000,13.140869951248169,13.229303474426269,13.177696122676723,13.175019474865492,55.61802788990333,0.0026766478112314473,-0.044279698298605015,0.04695634610983646,13.5912715029098,12.690468399586537,0.06632054276360347,0.42214703535188075,17397436000.0,75.30902814457923,70.38351391312143,0.02596634896256922,0.0256349479286061,0.02223678383828144,-0.043772615646629154
2021-01-12,13.446207046508789,13.71518662773532,13.30685695821669,13.713191537825285,291476000,13.164377546310424,13.238568820953368,13.219005495573963,13.195107443135365,52.39253588357754,0.023898052438598327,-0.030644148151164348,0.054542200589762675,13.627458096361579,12.70129699625927,0.06887898549374043,0.42264560417108055,17105960000.0,65.36362377822634,68.4801778521939,-0.010039212624431748,-0.010089945349494391,0.022416932466228914,-0.00882493331262324
2021-01-13,13.493071556091309,13.586055290946524,13.346741517718936,13.451440936900354,210028000,13.175495529174805,13.258540592193604,13.261169504884323,13.217178858909879,53.98583228368536,0.043990645974444575,-0.015717189326042564,0.059707835300487136,13.659528509109393,12.691462549240217,0.07174541066093672,0.41956514090115044,17315988000.0,68.78172616850587,69.81812603043716,0.0034853330326107823,0.0034792733353967054,0.021889143704918335,0.024812080932050007
2021-01-14,13.162519454956055,13.56087745931454,13.142826263852895,13.536198445576108,283120000,13.167505741119385,13.270969257354736,13.245992574126127,13.213130014172558,52.94528313187824,0.03286255995356946,-0.006001239470120159,0.038863799423689616,13.646584521738154,12.688426960500616,0.07279438898582331,0.4299637459326369,17032868000.0,44.67263088366433,59.605993610132195,-0.024497913596702836,-0.024802980117263347,0.022604639411957502,0.03880595587477731
2021-01-15,12.822744369506836,13.28716288467263,12.811776129686693,13.190190863914939,277780000,13.148410511016845,13.267855110168457,13.18087746572316,13.184212559012135,48.11861151455898,-0.003335093288974633,-0.005468010233891055,0.0021329169449164215,13.65111718456074,12.64570383747295,0.07840859320869835,0.4501202574843453,16755088000.0,19.890849487095455,44.44840217975523,-0.02581383348468924,-0.02615285755108956,0.023249354924444104,0.06172462679673729
2021-01-19,12.988020896911621,13.056573821043251,12.807288385767938,12.97904584526776,226188000,13.132655668258668,13.252600307464599,13.151207224367539,13.169679843300985,51.72060305218889,-0.018472618933445872,-0.008068931973802018,-0.010403686959643854,13.634697330336039,12.630614006181297,0.07730841612623979,0.4466124808997178,16981276000.0,31.94543190803508,32.16963742626496,0.012889325610968339,0.012806965211969177,0.02338725041093785,0.031477222838480534
2021-01-20,13.327545166015625,13.392109800780052,13.01942840763839,13.074270546993267,258572000,13.137329578399658,13.236844062805176,13.178336138467245,13.181373570909477,55.365744498756406,-0.003037432442232202,-0.007062632067488055,0.004025199625255853,13.645054835967112,12.629604320832204,0.07619186447960734,0.45907652778746894,17239848000.0,56.708919803685305,36.181733732938625,0.02614133991613299,0.025805495463646563,0.024125120399452395,-0.0335181307345489
2021-01-21,13.827862739562988,13.959236264193995,13.21511912323299,13.380145761603893,337780000,13.164015579223634,13.223079528808594,13.27826330786659,13.229261657476403,58.518741249449384,0.04900165039018667,0.004150224424046891,0.04485142596613978,13.755620227276214,12.572410931171053,0.08556704086452013,0.4896496541127076,17577628000.0,90.67749866729922,59.77728345967321,0.037540114650906675,0.03685263709902062,0.025496231436524686,-0.05887866291161148
2021-01-22,13.673303604125977,13.802184678912516,13.588297382902153,13.700725149865594,246820000,13.185665893554688,13.224790096282959,13.339038738060342,13.26215365352452,57.644430191016205,0.07688508453582266,0.018697196446402043,0.05818788808942062,13.819229241376279,12.552102545733097,0.09267158342485869,0.4899524999758126,17330808000.0,79.70970482016095,75.69870776371516,-0.011177369803852755,-0.01124030601537343,0.025638757574526584,-0.05270731336806467
2021-01-25,13.61422348022461,13.788972601299603,13.198664758310809,13.742356162385255,251112000,13.217773866653442,13.242479763031007,13.38137485223946,13.288232899946749,56.274318612082745,0.0931419522927115,0.03358614761566393,0.05955580467704756,13.870554051275466,12.564993682031417,0.09589679287551325,0.4829724631484531,17079696000.0,75.51727311703682,81.96815886816567,-0.0043208375687305844,-0.004330199364309473,0.025156179688894238,-0.030486955737180854
2021-01-26,13.39684772491455,13.605748262959864,13.34923373913582,13.541681919123254,163980000,13.23978590965271,13.24290277481079,13.383755294189475,13.296278442536957,50.360677761139364,0.08747685165251795,0.04436428842303474,0.04311256322948321,13.885133306592387,12.594438512713033,0.09634317119832651,0.4765088222490199,16915716000.0,60.09189910167613,71.77295901295797,-0.015966812622534743,-0.016095655489007266,0.025491795124602604,0.00904345813057339
2021-01-27,12.880830764770508,13.194930060178827,12.75718461539109,13.192187524225385,371272000,13.240671062469483,13.232232933044434,13.30638228966348,13.265504540480183,53.83354617480086,0.040877749183296785,0.04366698057508715,-0.002789231391790367,13.883888259736077,12.597453865202889,0.09987200499921389,0.463884136063621,16544444000.0,10.286259280097633,48.631810499603525,-0.038517789463590746,-0.03927921590666838,0.027002319897917057,0.047434463181883046
2021-01-28,13.013696670532227,13.30162199857024,12.923455463539968,12.95910366922323,228316000,13.246043157577514,13.227405300140381,13.261353732874056,13.246852105669223,45.638548729423405,0.014501627204833056,0.037833909901036335,-0.02333228269620328,13.87921656066668,12.612869754488347,0.09730876923278887,0.4395785703116826,16772760000.0,21.339520243010842,30.57255954159487,0.010315010591173346,0.010262173899499719,0.02708692453768739,0.04698871818171835
2021-01-29,12.952620506286621,13.296634637804713,12.874594241549072,13.037626732062714,271552000,13.238265371322631,13.217004871368408,13.213856313399067,13.225057172381623,45.720210373001535,-0.011200858982556738,0.02802695612431772,-0.03922781510687446,13.882297952400194,12.59423279024507,0.09944436815159954,0.4427302806361369,16501208000.0,16.258526905027416,15.961435476045303,-0.0046932217487367645,-0.0047042694938260925,0.026879813884926045,0.04628647719703283
2021-02-01,13.199167251586914,13.232820370910638,12.865872136369923,13.01594228284471,217204000,13.24733943939209,13.213389511108398,13.211596457735657,13.223139400470904,44.09464368052414,-0.011542942735246697,0.02011297635240484,-0.031655919087651536,13.883350349149849,12.61132852963433,0.09637136913789664,0.42020562772546566,16718412000.0,36.769022052279865,24.789023066772714,0.019034506969507037,0.01885561722906252,0.027166268614057153,0.09078692487823625
2021-02-02,13.518001556396484,13.53320722236084,13.247526137181742,13.360453169364302,220440000,13.26943860054016,13.216021251678466,13.258735703683477,13.244981041650577,51.04697443787165,0.0137546620329001,0.018841313488503892,-0.005086651455603792,13.911074916464694,12.627802284615628,0.09493064684859748,0.4148992206722725,16938852000.0,63.29319885132573,38.773582602877674,0.024155637907477656,0.02386850521200549,0.027649221732870346,0.052114224744282955
2021-02-03,13.491826057434082,13.891929046731677,13.477866134624353,13.597023775479286,245408000,13.275708103179932,13.217900257110596,13.294595758106647,13.26326585763454,49.98172650574561,0.03132990047210704,0.021339030885224524,0.009990869586882518,13.923753434668177,12.627662771691687,0.09606488087372984,0.4273813020208251,16693444000.0,61.11563027790426,53.72595039383662,-0.0019363438340497252,-0.0019382209713517983,0.027245795480577092,0.09118295804719034
2021-02-04,13.62519359588623,13.634416844530163,13.299626897697083,13.492324230974786,201340000,13.328045511245728,13.229474334716796,13.34545696391889,13.290075319727258,57.204985316806805,0.05538164419163216,0.02814755354650605,0.02723409064512611,13.904057913399718,12.752033109091737,0.08455107783978971,0.4214340699759275,16894784000.0,72.21062261654595,65.53981724859197,0.009885062102372943,0.009836524478827673,0.02336975096077746,0.11610562599657559
2021-02-05,13.552151679992676,13.697984368062173,13.507031081489062,13.685769436183508,169152000,13.340360069274903,13.238545875549317,13.377256151007165,13.309488383450622,62.38778565822251,0.06776776755654268,0.036071596348513375,0.031696171208029304,13.924844061138138,12.755876077411667,0.08625700267598414,0.40111739366072563,16725632000.0,66.13418522672738,66.4868127070592,-0.005360798390094623,-0.005375219030303658,0.019735274922876165,0.10082058562350649
2021-02-08,14.397479057312012,14.432378862406338,13.68801261621437,13.68801261621437,434624000,13.398293924331664,13.268157520294189,13.53421352120791,13.390080285218133,69.44558009505258,0.14413323598977712,0.05768392427676613,0.08644931171301098,14.147013838632219,12.64957401003111,0.1040070850348352,0.4461846613134649,17160256000.0,97.9166710884021,78.75382631055847,0.0623758792906155,0.06050779550132122,0.023940281686658002,0.06174360467623341
2021-02-09,14.222481727600098,14.54156676786031,14.18184770115254,14.299759600879625,287560000,13.43028974533081,13.288746643066407,13.640100937575939,13.451739651320501,62.93417035509977,0.18836128625543758,0.08381939667250042,0.10454188958293716,14.262233204184378,12.598346286477243,0.11698991424810214,0.44301538723056055,16872696000.0,82.11789774741678,82.0562513541821,-0.012154720212844361,-0.012229192902949354,0.02365484012292578,0.04506350785098423
2021-02-10,14.722050666809082,14.862398307109832,14.300509448878522,14.421911341669587,485352000,13.494081926345824,13.318798885345458,13.806554742073345,13.545836763578915,62.92614778009571,0.26071797849443,0.11919911303688635,0.14151886545754366,14.507115015073607,12.481048837618042,0.13762119308713824,0.43557248998404113,17358048000.0,93.33333039842145,91.12263307808011,0.03512530012533066,0.03452248231283291,0.024527747180044922,0.00438544867203472
2021-02-11,15.207155227661133,15.228594355564622,14.882336987014472,14.937429221920697,450828000,13.579786109924317,13.35575704574585,14.022031739856082,13.668897390547968,70.23882482256978,0.3531343493081138,0.16598616029113186,0.18714818901698196,14.849874060276912,12.309698159571722,0.16703820423196075,0.4546423708479487,17808876000.0,99.13251418628343,91.52791411070723,0.03295088244368838,0.03241964054981451,0.025315310211052138,-0.021261069802578247
2021-02-12,14.918487548828125,15.247544255487185,14.732769210253142,15.006983766434686,374756000,13.66758451461792,13.387171077728272,14.159948018159474,13.761459624494647,66.22636059956281,0.39848839366482736,0.21248660696587096,0.1860017866989564,15.053694181547286,12.281474847688553,0.1858244225351447,0.44924717100832356,17434120000.0,86.78677961893767,93.08420806788085,-0.018982358929823695,-0.019164836836181923,0.024990117494613596,-0.04047127794063199
2021-02-16,15.286431312561035,15.328561180758324,14.907268204475995,15.021191826127696,321960000,13.79076886177063,13.422863750457763,14.3332531403751,13.874420490277343,72.65940579536286,0.4588326500977562,0.26175581559224803,0.19707683450550817,15.293720165974392,12.287817557566868,0.19663861021228282,0.460411687807862,17756080000.0,98.3615830622269,94.76029228914933,0.02466361033775266,0.024364373689538258,0.024079289864192145,-0.07751014802247302
2021-02-17,14.863396644592285,15.179989298031265,14.737756367516171,15.12763862786288,274756000,13.884537649154662,13.452977447509765,14.414813679485436,13.94767798318956,74.31669789605425,0.46713569629587504,0.3028317917329734,0.16430390456290161,15.4104452695897,12.358630028719626,0.205324214501159,0.45391253320224795,17481324000.0,81.11151961969782,88.75329410028746,-0.027673867060203805,-0.028064003082694376,0.025414443950595528,-0.02730452684534712
2021-02-18,14.786613464355469,14.830736516708235,14.533338832562045,14.686898922585039,233868000,13.957491064071656,13.478319835662841,14.472013646388518,14.009821352164813,72.04862766222466,0.4621922942237049,0.33470389223111974,0.12748840199258515,15.510547673276053,12.404434454867259,0.21006251538909662,0.44743157450442705,17247456000.0,77.9936602870062,85.82225432297696,-0.005165924187642057,-0.005179313706731464,0.025140646430518113,-0.10260299848667076
2021-02-19,14.883834838867188,15.133618542959208,14.804312733125371,14.981554292445454,271724000,14.010289669036865,13.504639377593994,14.535370752923699,14.074563091920545,73.80327404801906,0.4608076610031535,0.35992464598552654,0.10088301501762698,15.615707036116937,12.404872301956793,0.21572630769695653,0.4420719089578627,17519180000.0,81.94143333995311,80.34887108221905,0.0065749588129884184,0.006553438051865527,0.023991151488598067,-0.08119770879830068
2021-02-22,14.314717292785645,15.089995130190827,14.284054911103434,14.732519345236469,325884000,14.04236035346985,13.524696865081786,14.501424066748614,14.092352291984627,62.73695734802616,0.40907177476398715,0.36975407174121866,0.03931770302276849,15.645057381419146,12.439663325520552,0.22392297314275666,0.47342847928262544,17193296000.0,51.28174839655515,70.40561400783815,-0.03823729248831542,-0.03898752453170942,0.025598729369599643,-0.03580429910082361
2021-02-23,14.101577758789062,14.19805147445636,13.351228116185384,14.035018027091663,391780000,14.06672806739807,13.548852634429931,14.439909250139452,14.093035659896067,56.82786273973313,0.34687359024338527,0.365177975441652,-0.018304385198266715,15.6567866022595,12.476669532536642,0.22551498308342074,0.5183891368416493,16801516000.0,39.52571886590357,57.58296686747061,-0.01488953848246799,-0.01500150042505842,0.02585697499942126,-0.05202576986044638
2021-02-24,14.457558631896973,14.46528699059649,13.71668224012593,14.082384712334376,448320000,14.119763612747192,13.579300346374511,14.44262453964061,14.120037361525764,60.48957636879797,0.32258717811484594,0.35665981597629076,-0.03407263786144482,15.68632959642971,12.553197629064675,0.21671238188531816,0.5422849824390232,17249836000.0,57.07093341052433,49.292800224327685,0.025244045680352212,0.024930677597333962,0.02598527104106208,-0.11685281297986538
2021-02-25,13.269462585449219,14.333662277875408,13.17847394109998,14.005353050124018,824436000,14.139195203781128,13.585168495178223,14.262138085149626,14.05703182255713,46.85640274749788,0.20510626259249598,0.3263491052995318,-0.12124284270703584,15.649693076493387,12.628697331068869,0.22766526722319752,0.6097346070078741,16425400000.0,4.2318582534064095,33.60950350994477,-0.08217819319968156,-0.08575201744278192,0.031089771689056914,-0.07043015544011655
2021-02-26,13.675301551818848,13.814900794289937,13.322811562682315,13.713192095526345,500932000,14.17227544784546,13.593260288238525,14.171855541560276,14.028755506206146,51.027821064127195,0.14310003535413074,0.28969929131045163,-0.1465992559563209,15.606017881038916,12.738533014652003,0.20968348343335297,0.6350549585984175,16926332000.0,23.10732333664477,28.13670500019184,0.03058443126511068,0.030126050321180643,0.03170108105517518,-0.09136319280470517
2021-03-01,13.802188873291016,13.885200981115693,13.514513605959072,13.835343696524083,353184000,14.214753866195679,13.602857761383056,14.11498374644193,14.011972792656877,44.354636851104104,0.1030109537850521,0.25236162380537175,-0.14935067002031965,15.54279160013949,12.886716132251868,0.1924387133281058,0.5986592580800574,17279516000.0,29.00881975375368,18.782667114601622,0.009278575758740137,0.00923579420565956,0.03167734851239643,-0.1624433655660984
2021-03-02,13.367932319641113,13.880712294925438,13.357711524851588,13.860270705346387,264116000,14.223192119598389,13.606123428344727,14.000052757703342,13.964266090952005,42.27580550873836,0.03578666675133668,0.20904663239456475,-0.17325996564322807,15.525963783214504,12.920420455982274,0.19490997298093593,0.6103222368919202,17015400000.0,8.811660055390206,20.309267715262887,-0.0314628757537323,-0.03196846517507797,0.03239220939311263,-0.06576626457048451
2021-03-03,12.768152236938477,13.41305321076399,12.76216886866683,13.38787589697503,377592000,14.185699653625488,13.595424118041992,13.810529600662594,13.87566506472878,32.653145120063286,-0.06513546406618609,0.1542102131024146,-0.21934567716860068,15.611292801855566,12.76010650539541,0.22330453487323146,0.6111056485053078,16637808000.0,0.2331431652567169,12.684540991466868,-0.044867079542391,-0.0459047644613178,0.03346997869628469,-0.025943247195440722
2021-03-04,12.334892272949219,12.937914367477056,12.049211189236068,12.764161819483274,573344000,14.127852964401246,13.577440624237061,13.583508473322075,13.761533746819183,24.262911526799556,-0.1780252734971075,0.08776311578251017,-0.2657883892796177,15.752051731672285,12.503654197130206,0.263350296270192,0.6384027548971255,16064464000.0,8.711515524862406,5.918772915169776,-0.03393286326394429,-0.034521947457847424,0.0342076807511298,0.05074550381349363
2021-03-05,12.425882339477539,12.514129408982628,11.645867786362965,12.514129408982628,542840000,14.06788740158081,13.560075416564942,13.4054121450383,13.662596605534617,26.84455204079822,-0.25718446049631716,0.018773600526744705,-0.27595806102306186,15.851008436052464,12.284766367109157,0.2870011136040786,0.6636517961389555,16607304000.0,21.180545578132087,10.041734756083736,0.007376640550632363,0.007349566201361035,0.03415899913949941,0.03201362878432157
2021-03-08,11.560114860534668,12.435604699983601,11.533440753468302,12.414415664202755,543112000,13.96828556060791,13.526471767425537,13.121520255114664,13.506857217016103,18.314463574022085,-0.38533696190143907,-0.06204851195889205,-0.323288449942547,16.067270388445138,11.869300732770682,0.3631425557894755,0.6979997225841678,16064192000.0,0.731489152909338,10.207850085301276,-0.06967452735266066,-0.07222078347172062,0.03718353035833976,0.13823140875353768
2021-03-09,12.488773345947266,12.58503018119177,12.028931897775243,12.099753496667573,521824000,13.872850275039672,13.516805953979492,13.024174576781219,13.43144359693693,31.406936607860303,-0.4072690201557112,-0.13109261359825589,-0.27617640655745535,16.061329375461447,11.684371174617898,0.3504714257836954,0.7320168922707563,16586016000.0,26.535705958807615,16.149246896616347,0.08033298082382956,0.07726930919426767,0.03911969278818385,0.06158011788541762
2021-03-10,12.436904907226562,12.947367629501878,12.426182115532276,12.808218669435043,384376000,13.783571434020995,13.50641191482544,12.933825396849732,13.357774064365792,31.529953836599915,-0.42394866751605953,-0.18966382438181661,-0.23428484313424291,16.056067228207155,11.511075639834836,0.36544394463701463,0.7456688709807107,16201640000.0,25.09498714603947,17.454060752585473,-0.00415320522551843,-0.004161853736675024,0.03909816060854969,0.07001788200941039
2021-03-11,12.960832595825195,13.01345056221535,12.702483926792517,12.917442013123948,299916000,13.695510530471802,13.508366012573243,12.937980350538265,13.328370992622045,35.83438164652587,-0.39039064208377994,-0.22980918792220928,-0.16058145416157066,15.951318839803806,11.439702221139799,0.3480962033347488,0.7620646264367855,16501556000.0,40.134121139768375,30.588271414871816,0.042126854913411726,0.04126367768076078,0.03951446778957447,-0.02085653288956968
2021-03-12,12.82367992401123,12.85634771978624,12.558348854288102,12.616451888507894,243964000,13.576336765289307,13.506714515686035,12.920395669534106,13.290986469021243,38.26990055393313,-0.3705907994871378,-0.257965510235195,-0.11262528925194282,15.746088584704271,11.406584945874343,0.33839768806959875,0.733246306611764,16257592000.0,44.00773661877545,36.4122816348611,-0.010582088056452665,-0.010638476508104563,0.03846392424463083,-0.000797301742306189
2021-03-15,13.158085823059082,13.17354692311485,12.735152011430825,12.832406735192682,221988000,13.488316679000855,13.50771270751953,12.956963385461025,13.28114197672775,42.716452009274505,-0.3241785912667243,-0.2712081264415009,-0.05297046482522344,15.569853230024599,11.406780127977111,0.3163889609803159,0.6957395734034615,16479580000.0,55.413720148844554,46.51852596912946,0.02607721816432007,0.025743005285316086,0.03908787389319715,-0.0003790609623524066
2021-03-16,13.257833480834961,13.478526797408927,13.083771743024755,13.322918874295542,272128000,13.38688678741455,13.512515659332275,13.00325109244163,13.27941542147643,40.35689511892315,-0.2761643290348008,-0.2721993669601609,-0.003964962074639922,15.289512080280147,11.484261494548953,0.28701903604626844,0.6704645951115767,16751708000.0,61.58058252608999,53.667346431236666,0.007580711899680237,0.007552122696660997,0.038576712859991334,-0.016589739233192513
2021-03-17,13.307710647583008,13.419428593633414,12.956844570714871,13.006968295981748,243864000,13.309102487564086,13.517149505615235,13.050091024001842,13.281511364150992,50.376278030495,-0.2314203401491497,-0.26404356159795866,0.03262322144880897,15.08022160036478,11.537983374763392,0.2661793842237426,0.6121431188345446,16995572000.0,75.4443362253461,64.14621296676022,0.0037620903008133144,0.003755031337862289,0.03830297774601832,-0.05233777832050779
2021-03-18,12.69051456451416,13.150854487628825,12.685028551725626,13.103474248516884,293896000,13.204297542572021,13.503631076812745,12.994771568696045,13.237733823437152,40.698632877206705,-0.24296225474110678,-0.2598273002265883,0.01686504548548151,14.85098670141652,11.557608383727523,0.2595149551223166,0.617660539335735,16701676000.0,49.20033075443862,62.07508316862491,-0.04637883249895769,-0.04748878545407043,0.03941555864933117,-0.014718077422439357
2021-03-19,12.813455581665039,12.889015495891451,12.580792308071988,12.717946442193226,299208000,13.100778579711914,13.508331279754639,12.966876801460506,13.206305805528107,40.65439302947777,-0.23942900406760081,-0.2557476409947908,0.01631863692718999,14.55155826323911,11.649998896184718,0.22644628129872138,0.6131988116687951,17000884000.0,54.53203027617381,59.72556575198618,0.009687630594164665,0.009641006377844036,0.03947754084036181,-0.0005060330241066779
2021-03-22,13.153098106384277,13.360824589518188,12.87430079133781,12.880286224197679,297804000,13.042697620391845,13.505276031494141,12.99552623298724,13.202364494480415,47.93238376694185,-0.20683826149317497,-0.24596576509446766,0.03912750360129269,14.377198528889013,11.708196711894677,0.20291811065401005,0.6149394000816022,17298688000.0,83.26918786594948,62.33384963218731,0.026506707933279028,0.026161492217583553,0.03941113954024304,-0.018049056327704815
2021-03-23,13.03788948059082,13.3109506075864,12.988513462737627,13.22092748700998,222048000,12.989513206481934,13.501257781982423,13.002043655695484,13.190181160118224,52.86306120901418,-0.18813750442273935,-0.234400112960122,0.04626260853738265,14.22763270911157,11.7513937038523,0.18992636875359198,0.5914788859924317,17076640000.0,77.34612723358687,71.71578179190338,-0.00875904861817589,-0.008797634567229389,0.03934149302981339,-0.015224832198564853
2021-03-24,12.611214637756348,13.1261673732416,12.604980921274594,13.118187112663936,245840000,12.897196006774902,13.481830768585205,12.941916114474079,13.14729475105438,52.937063190653724,-0.20537863658030098,-0.22859581768415782,0.023217181103856843,13.933278473218794,11.86111354033101,0.1643112889922585,0.5652276912585759,16830800000.0,55.41008774863456,72.00846761605698,-0.03272576006029604,-0.03327322503865672,0.03927319277818458,0.05578177616946767
2021-03-25,12.503734588623047,12.682783882467008,12.241147031908534,12.46807503156729,295144000,12.858909606933594,13.46298131942749,12.874503572035458,13.099623627911319,50.824610029688046,-0.22512005587586081,-0.22790066532249842,0.0027806094466376052,13.893661566102066,11.824157647765121,0.16551086426770084,0.5347544932542052,16535656000.0,49.88436566488059,60.88019354903401,-0.00852257710462867,-0.008559101936739541,0.034979388647159944,0.1018328264352173
2021-03-26,12.806971549987793,12.823929009605243,12.342392711032783,12.522937430864202,363968000,12.815493106842041,13.449259319305419,12.864114030181971,13.07794569621328,64.99340115428785,-0.2138316660313091,-0.22508686546426057,0.011255199432951474,13.776236468734389,11.854749744949693,0.15003443368987007,0.5047096612582881,16899624000.0,53.67290212406469,52.98911851252662,0.024251711295972145,0.023962308223015285,0.034692705352741195,0.08943268873980448
2021-03-29,12.91569709777832,13.029660048696257,12.668071206371831,12.788018639128039,273520000,12.771168518066407,13.444322872161866,12.872049886735256,13.065927281514394,56.394740003851624,-0.1938773947791379,-0.21884497132723604,0.02496757654809814,13.614914676715243,11.927422359417571,0.13065437386170536,0.4573291985202398,17173144000.0,54.514392762181316,52.6905535170422,0.008489559562629756,0.008453725916926013,0.034678808176558,0.07053058053959615
2021-03-30,12.83938980102539,12.942629963313632,12.673059062634387,12.80971472304937,200204000,12.74474139213562,13.444655780792237,12.867025258164508,13.049146727404098,55.984862475655206,-0.18212146923958983,-0.2115002709097068,0.029378801670116972,13.541593125685793,11.947889658585446,0.12412610659838909,0.4393567261423571,16972940000.0,48.347547399197474,52.1782807618145,-0.005908105166546163,-0.005925627068119842,0.03402965159042293,0.09880171515038616
2021-03-31,13.314690589904785,13.436632836630071,12.949859836344844,12.98277686105414,314776000,12.772068309783936,13.4511891746521,12.935896847663013,13.06881664314489,55.33900064480628,-0.13291979548187705,-0.19578417582414087,0.06286438034226383,13.608788607237887,11.935348012329985,0.12568377639783132,0.44083511047206375,17287716000.0,86.7594239909458,63.207121384108206,0.037018954657910275,0.036350207438983685,0.033454157788986305,0.07257512016110068
2021-04-01,13.77702522277832,13.835128246846539,13.477279865489436,13.53812732257779,308276000,12.84417495727539,13.460178775787353,13.065301213065368,13.121276537932552,63.09871613794847,-0.05597532486718393,-0.1678224056327495,0.11184708076556557,13.766449856853123,11.921900057697657,0.13388592742835148,0.4492603901438252,17595992000.0,96.35484882210316,77.15394007074882,0.034723648270435836,0.034134384562755526,0.03302477889095566,0.04259054490097025
2021-04-05,13.952333450317383,13.97876657407877,13.698472914587166,13.832635263043771,255672000,12.920497512817382,13.462668190002441,13.20176771110414,13.182836309220317,61.41166451270486,0.018931401883822474,-0.1304716441294351,0.14940304601325757,13.944098081117495,11.89689694451727,0.1467282260626918,0.43796744355865236,17851664000.0,98.47877374162348,93.8643488515575,0.012724679290650798,0.012644400853427301,0.03305762304052922,0.0873279452569029
2021-04-06,13.826648712158203,14.018914070443666,13.73887061935649,13.964551469176358,191744000,13.03382420539856,13.465735092163087,13.297903249727842,13.230526116845345,58.11221388341318,0.06737713288249658,-0.09090188872704877,0.15827902160954535,13.915265768279054,12.152382642518065,0.12749894515008772,0.4297737576088669,17659920000.0,89.18500821481435,94.67287692618034,-0.009008151834008826,-0.009048970552791807,0.0281331443902936,0.13115489741826147
2021-04-07,14.107943534851074,14.207691563848941,13.677029424056386,13.845853464933775,251284000,13.11478271484375,13.475609493255615,13.422524832054494,13.295519999660584,60.705925775453025,0.1270048323939097,-0.047320544502857075,0.17432537689676678,14.078987063806737,12.150578365880763,0.13668956734638155,0.43463648024272494,17911204000.0,94.92775127503864,94.19717774382549,0.020344396429593292,0.020140213865845802,0.022874754782634205,0.08014282999727373
2021-04-08,14.281005859375,14.43511743681889,14.213176027468212,14.21691739862396,244416000,13.206987762451172,13.493292655944824,13.554598836257648,13.368518952232023,74.14809478456516,0.18607988402562547,-0.0006404587971605653,0.18672034282278605,14.247893270155185,12.16608225474716,0.14577481697771213,0.41352875210775597,18155620000.0,92.97567651647772,92.36281200211023,0.0122670128425455,0.012192382746216476,0.022771895487846663,0.12713907171553118
2021-04-09,14.36379623413086,14.371776494039445,14.139362482793082,14.178263990565366,195172000,13.277135944366455,13.522951965332032,13.679090743622758,13.44224319533564,73.82901882932559,0.23684754828711796,0.04685714261969514,0.1899904056674228,14.43114483208407,12.123127056648839,0.16068299339634068,0.4081138109239631,18350792000.0,96.74921760585748,94.88421513245795,0.005797236943328565,0.005780497628598013,0.021234952440372767,0.10503479991278453
2021-04-12,15.170762062072754,15.313901610057965,14.103701731984685,14.253823650541044,869324000,13.394490051269532,13.566093273162842,13.908578638768912,13.57028162990876,77.11640494566815,0.33829700886015246,0.1051451158677866,0.23315189299236586,14.803521537940695,11.98545856459837,0.18575619087636647,0.4554588730825438,19220116000.0,95.3416537084835,95.02218261027292,0.05618053993445016,0.054659136518092025,0.023700182327020206,0.010043439977515334
2021-04-13,15.640081405639648,15.660530051339101,15.08772349362151,15.193207722114034,676212000,13.51858983039856,13.619842491149903,14.174963679825948,13.72360013181475,81.93276456677869,0.45136354801119793,0.1743888022964689,0.276974745714729,15.242067629419118,11.795112031378,0.22039243330269254,0.4733424025731736,19896328000.0,99.40197846870987,97.16428326101696,0.0309357790760032,0.030466913158742868,0.02391157264711034,-0.0324150017798982
2021-04-14,15.238594055175781,15.680978662596893,15.189218033930018,15.585718757163326,385500000,13.6176278591156,13.66063102722168,14.33859912218746,13.835821903915567,82.44240370159005,0.502777218271893,0.24006648549155374,0.2627107327803393,15.498475077199439,11.736780641031762,0.24685311666859575,0.47124055805173565,19510828000.0,87.13935285826831,93.96099501182056,-0.025670413091270383,-0.026005647662305408,0.02513627407923145,0.005465608733158378
2021-04-15,16.0966796875,16.17348576432492,15.592200556342737,15.623122755169474,598480000,13.757076311111451,13.71220458984375,14.609073055312466,14.003292850847748,87.42726075340235,0.6057802044647183,0.31320922928618666,0.2925709751785316,15.931776125796407,11.582376496426495,0.27020476979159075,0.5064730479510687,20109308000.0,97.99519153577148,94.84550762091656,0.056310026319834394,0.054781727726417276,0.0273935274825485,-0.07975327562867807
2021-04-16,15.8724946975708,16.125108122447834,15.82536274319291,16.0126405831472,335208000,13.916175317764282,13.759817962646485,14.803445615659902,14.141752246901307,82.46790188085706,0.6616933687585949,0.38290605718066834,0.2787873115779265,16.223849367130573,11.60850126839799,0.2907764775904405,0.49348798228553054,19774100000.0,91.41353860742761,92.18269433382245,-0.01392740579308982,-0.01402530213338735,0.024713756226429347,-0.04067559759154271
2021-04-19,15.323128700256348,15.767758276852438,15.194702542617696,15.497439688816309,404420000,14.041658973693847,13.793776664733887,14.88339685944397,14.229261613816496,73.32108060775128,0.654135245627474,0.4371518948700295,0.21698335075744457,16.36970589658312,11.713612050804576,0.30386051940558656,0.516073933187579,19369680000.0,75.70704553205007,88.37192522508307,-0.03461119425659853,-0.03522435128246952,0.026786325175058287,0.007567715255642371
2021-04-20,15.133108139038086,15.458038566239265,14.925381656950178,15.284725469092292,334132000,14.140659475326538,13.825395793914796,14.921813979381525,14.296213208277354,71.74055844030232,0.6256007711041711,0.47484167011685785,0.15075910098731327,16.47798861397237,11.803330336680705,0.30890272073274194,0.5348657909454249,19035548000.0,67.72647791004712,78.28235401650828,-0.012400898337105448,-0.01247843112787448,0.026885165131958398,0.013875033447368512
2021-04-21,15.321882247924805,15.323877075097695,15.064281282601483,15.080739320235335,216776000,14.254859113693238,13.84388385772705,14.9833629437728,14.372188692695683,70.11746662463611,0.6111742510771165,0.5021081863089096,0.1090660647682069,16.588508393497737,11.921209833888739,0.3046165271398778,0.5107481307233914,19252324000.0,68.41474468058698,70.61608937422807,0.0124742456838558,0.01239708331342352,0.02663254924734879,-0.005452268053133813
2021-04-22,14.81291675567627,15.39968805660098,14.746334039888772,15.336347292085806,277788000,14.364944219589233,13.855692558288574,14.957140453296411,14.40483521587943,60.286273922540964,0.5523052374169808,0.5121475965305239,0.0401576408864569,16.57666427530545,12.153224163873016,0.2986204664748004,0.5202421564212809,18974536000.0,45.49998783646668,60.54707014236694,-0.0332182093565867,-0.033782464997733026,0.02667280558332759,0.0319522285864533
2021-04-23,15.226871490478516,15.29644596297973,14.862789373652932,14.896703337927875,227500000,14.501101064682008,13.865788974761962,14.998637535939812,14.465726791775658,62.08331990787453,0.5329107441641536,0.5163002260572499,0.016610518106903727,16.560413429406616,12.441788699957401,0.2704839751241497,0.5347589812649849,19202036000.0,62.08168117350704,58.6654712301869,0.02794552495163516,0.02756217433670154,0.026700656066697914,-0.016753794750168693
2021-04-26,15.43908977508545,15.440087664541794,15.086977488529014,15.146827073987488,197796000,14.63270697593689,13.87042766571045,15.066399418885295,14.53782775350231,65.04005315985303,0.5285716653829855,0.518754513922397,0.00981715146058848,16.56889916487524,12.696514786998536,0.25081688326767126,0.5399780330453853,19399832000.0,70.58246210441241,59.388043704795386,0.013937090408862707,0.013840862227467244,0.026514656219495714,-0.041429955873284574
2021-04-27,15.343080520629883,15.631104301229037,15.31589873770508,15.539335580819824,164572000,14.754076147079468,13.878919525146484,15.108965742230616,14.59747610662287,61.93321946650089,0.5114896356077452,0.5173015382594667,-0.00581190265172149,16.535198741142093,12.972953553016843,0.2321727493599185,0.5245882775976282,19235260000.0,59.879618775736624,64.18125401788537,-0.006218582562457775,-0.00623799848185094,0.026753482017681622,-0.06699497388986064
2021-04-28,15.238343238830566,15.493201692864114,15.177247490188085,15.325873065531082,209416000,14.874023818969727,13.877957763671875,15.128869972476762,14.644947746045663,59.373017442811395,0.4839222264310994,0.5106256758937933,-0.026703449462693873,16.41979094136226,13.328256696577196,0.2028786329544783,0.5237868705053577,19025844000.0,54.819318758333814,61.760466546160956,-0.006826352873433028,-0.0068497590000118945,0.026781158920422835,-0.05356183200727527
2021-04-29,15.286222457885742,15.397691160532714,15.033609024260754,15.361282946905519,173196000,14.972600412368774,13.886414279937744,15.153078047155066,14.692449576552335,59.093375519241604,0.4606284706027317,0.500626234835581,-0.03999776423284929,16.34093952757884,13.604261297158708,0.1790290726148863,0.5331917365786146,19199040000.0,57.132565854839235,57.277167796303225,0.0031420226139262653,0.0031370967762382115,0.02597074339024563,-0.05231731500728132
2021-04-30,14.971763610839844,15.32637005581225,14.959295227808386,15.136349691451016,201912000,15.032337331771851,13.89011728286743,15.125183518491186,14.713139505018075,47.827272026355445,0.4120440134731105,0.4829097905630869,-0.07086577708997643,16.279895145050343,13.78477951849336,0.16665475700875151,0.4729685187165135,18997128000.0,15.795767677201852,42.58255076345831,-0.02057139021182297,-0.02078592859454381,0.025834406497196677,-0.013141574588802718
2021-05-03,14.79944896697998,15.20841803404415,14.750323136442555,15.086974247402853,203912000,15.07469310760498,13.888429565429687,15.075070510566384,14.719532798496735,40.1851604338331,0.35553771206964946,0.45743537486439945,-0.10189766279474999,16.22129915058695,13.92808706462301,0.15495253175172102,0.4647748287082281,18793216000.0,3.7217435360613713,25.55002568936749,-0.011509308344616387,-0.011576053051731823,0.025995189831641966,-0.03848554230679335
2021-05-04,14.315171241760254,14.60070173515506,13.975028897504052,14.600452500628666,405324000,15.099119234085084,13.88843864440918,14.958162930750056,14.68958009059033,39.423016927530654,0.268582840159727,0.41966486792346497,-0.15108202776373797,16.1506521174868,14.047586350683368,0.1469116737261489,0.4885362173374463,18387892000.0,15.47186798317107,11.663126398811436,-0.03272268625002395,-0.03327004723730402,0.027101935269692203,-0.003135662296072539
2021-05-05,14.422149658203125,14.776257644037008,14.351328061036348,14.672019599835691,292024000,15.114829540252686,13.894850082397461,14.875699350358222,14.669770428932019,26.833627887716872,0.205928921426203,0.3769176786240126,-0.1709887571978096,16.111993828957836,14.117665251547535,0.13828233825572273,0.454692981132276,18679916000.0,20.795548150222636,13.329719889818364,0.007473079758263168,0.0074452946388046636,0.026796573357007084,-0.04841443867240813
2021-05-06,14.486488342285156,14.534617237657999,14.182255771749805,14.4588080917108,193380000,15.125103664398193,13.895428676605224,14.815820733731597,14.656193978069288,29.937916920459287,0.159626755662309,0.3334594940316719,-0.17383273836936292,16.089800346088865,14.16040698270752,0.13318571884323166,0.458451273036081,18873296000.0,28.52965151280731,21.599022548733675,0.004461102235576719,0.004451181014443211,0.02668718984327278,-0.05906169405189565
2021-05-07,14.77501106262207,14.933112300510395,14.63486422135409,14.771021408101264,229328000,15.145664405822753,13.925539646148682,14.80954232279167,14.664995243591717,41.4180955755746,0.14454707919995258,0.29567701106532807,-0.1511299318653755,16.058157746659397,14.23317106498611,0.12351846465212822,0.4419392589840906,19102624000.0,48.305902185104124,32.543700616044696,0.019916677770328572,0.019720935499033528,0.02700427960307453,-0.038431012962086286
2021-05-10,14.229884147644043,14.768775720170076,14.21417381349999,14.750072669633822,268904000,15.098620510101318,13.936631298065185,14.720364141999728,14.632764792040037,37.27335966531621,0.08759934995969054,0.25406147884420055,-0.16646212888451,16.098496343183758,14.098744677018876,0.14053183043629827,0.4439521404007329,18833720000.0,15.389109059458178,30.74155425245654,-0.03689519504706795,-0.03759304137892967,0.02508294818078395,-0.007027289850657925
2021-05-11,14.270283699035645,14.318661830890395,13.715432492355607,13.790243752058554,285584000,15.030130624771118,13.945993194580078,14.65112099692833,14.605914340706379,34.536142041917145,0.045206656221951746,0.2122905143197508,-0.16708385809779905,16.0610183536967,13.999242895845535,0.14448034119955824,0.4684973936892027,19119304000.0,28.963792431475888,30.886267892012736,0.0028390639707556176,0.0028350414403228706,0.023844456848686624,-0.020305842017867892
2021-05-12,13.723909378051758,14.224397903406471,13.674783549250568,13.974277782332045,303408000,14.954396390914917,13.953112735748292,14.508473055562703,14.540580639768999,34.16031002227015,-0.03210758420629567,0.1634108946145415,-0.19551847882083717,16.132799291440495,13.775993490389338,0.17172991573525886,0.46436497462297904,18815896000.0,2.5111336536401923,15.621345048191428,-0.03828755843311016,-0.039039790291243937,0.024594621175576543,0.022331719914760795
2021-05-13,13.630891799926758,14.045347763133767,13.425160176303176,13.99846505068462,285404000,14.831106996536255,13.970367527008056,14.373460554695635,14.473196281262167,24.39593899534708,-0.09973572656653218,0.11078157037832677,-0.21051729694485893,16.02220170824416,13.640012284828348,0.17476401825951057,0.4741262874463455,18530492000.0,9.326239101238947,13.600388395451683,-0.006777775600424807,-0.006800849038292549,0.019929500584612875,0.06931835148134491
2021-05-14,14.207192420959473,14.291978764788404,13.713935458707894,13.855080192512533,258616000,14.74784188270569,14.007813529968262,14.347880841813149,14.453492291610116,32.30406670521863,-0.10561144979696735,0.06750296634326795,-0.17311441614023532,15.862809512951415,13.632874252459963,0.15695819373866512,0.4961246295069787,18789108000.0,35.45113565957017,15.762836138149778,0.042279010756714586,0.04140967213038223,0.02281665330356192,0.05256958616921792
2021-05-17,14.129886627197266,14.13362704722991,13.818671694394718,14.121407897860808,216980000,14.688179779052735,14.041893615722657,14.314343270333783,14.429521501653609,32.47858784884053,-0.11517823131982574,0.030966726810649218,-0.14614495813047496,15.801231375858556,13.575128182246914,0.15754572222305235,0.5013614268670358,18572128000.0,34.07699724158577,26.28479066746497,-0.005441313911407342,-0.005456171782017913,0.021750345478538397,0.102114501230405
2021-05-18,13.980513572692871,14.368037075620663,13.96879289213659,14.231132182866967,186256000,14.630550050735474,14.09030158996582,14.262984855312105,14.396261655063924,32.06517351316103,-0.13327679975181894,-0.0018819785018444155,-0.13139482124997454,15.765738866363963,13.495361235106985,0.16239586760900845,0.5073107112104676,18385872000.0,28.15435603030944,32.560829643821805,-0.010571426257368621,-0.010627700736298849,0.021716178661970537,0.1164403114921515
2021-05-19,14.030387878417969,14.04410338609354,13.509201440576488,13.532392615609274,344000000,14.565975332260132,14.121133880615234,14.2272007050207,14.36915989383089,32.10380243231066,-0.14195918881019054,-0.029897420563513643,-0.1120617682466769,15.682356833242558,13.449593831277706,0.15913765330745883,0.5195121261565454,18729872000.0,31.833818471043017,31.355057247646084,0.0035674158510539122,0.0035610677162713966,0.021456184206357715,0.11618647127691228
2021-05-20,14.575762748718262,14.646833580285021,14.234622566942482,14.266541704450896,321592000,14.55411763191223,14.163911037445068,14.280825634820324,14.384463809007732,44.705274933604734,-0.10363817418740773,-0.04464557128829246,-0.058992602899115267,15.664476984887772,13.44375827893669,0.15235694654445195,0.5373243314324875,19051464000.0,64.5225011500827,41.503558550478395,0.03887097598628819,0.038134523449585234,0.022356491729771156,0.05991437336080474
2021-05-21,14.954058647155762,15.183730127808582,14.832116394533218,15.125626149353618,672992000,14.540476989746093,14.20377555847168,14.384399944410392,14.42665601924092,51.959286486392884,-0.042256074830527623,-0.044167671996739495,0.0019115971662118716,15.62237577960345,13.458578199888736,0.14469634169358198,0.5480295086816821,19724456000.0,86.93987229080018,61.09873063730864,0.025953763446840306,0.025622680866498798,0.022226845197975142,0.08356275358380594
2021-05-24,15.572752952575684,15.705418021198524,15.137848205171483,15.174256423810533,554816000,14.547160148620605,14.258757019042969,14.567223484128128,14.511552088376828,65.41162709435612,0.05567139575130042,-0.024199858447131514,0.07987125419843194,15.653799836362872,13.44052046087834,0.14212511957421523,0.5428108875793131,20279272000.0,94.18201455323799,81.88146266470697,0.041373002474990095,0.04054003715000197,0.023955199125483242,0.04179459943420438
2021-05-25,15.60840892791748,15.778729299964287,15.443574568167058,15.726361521757942,435408000,14.560426568984985,14.307763481140137,14.72740586009572,14.592800743157616,64.79622680914265,0.13460511693810417,0.007561136629915625,0.12704398030818856,15.712663196510494,13.408189941459476,0.14764305994887128,0.5338157682593468,20714680000.0,92.76331545727042,91.29506743376953,0.002289638540493133,0.0022870213124129347,0.023901303665166608,0.07224681871980398
2021-05-26,15.660529136657715,15.754043443944218,15.547065605147322,15.69469328900032,370440000,14.581535863876343,14.355817394256592,14.870963287259103,14.671891735268733,64.68859680572277,0.19907155199036985,0.04586321970200648,0.1532083322883634,15.79965145074626,13.363420277006426,0.15556506121093794,0.5234312234656827,21085120000.0,94.97783332267365,93.97438777772736,0.0033392390589543908,0.0033336761806217765,0.02383122908531025,0.08087560908103542
2021-05-27,15.449060440063477,15.71040181104527,15.421130958607247,15.660278094852826,581476000,14.589677762985229,14.3986443901062,14.959901310767469,14.72945978747575,58.598923818063795,0.2304415232917183,0.08277888041994884,0.14766264287176945,15.829606997232805,13.349748528737653,0.16051840033353917,0.512191715909453,20503644000.0,85.99281162186901,91.24465346727102,-0.01350329192257227,-0.013595290496724803,0.024065385411590454,0.13495948088319198
2021-05-28,16.20366096496582,16.236578947504775,15.462031299114846,15.462031299114846,644536000,14.651272630691528,14.468907318115235,15.151248949874908,14.838659874697237,73.90222542911891,0.3125890751776712,0.12874091937149332,0.1838481558061779,16.07925169804607,13.223293563336988,0.17625388119906918,0.5283832343608257,21148180000.0,98.82913268331146,93.26659254261806,0.048844428295811815,0.04768901364548347,0.025765888696296247,0.08461323412652866
2021-06-01,16.223609924316406,16.34704949574134,15.86326820041709,16.229096888512235,472804000,14.72248067855835,14.537110404968262,15.316227561327446,14.94124876726162,73.77231736883749,0.3749787940658269,0.17798849431036004,0.19699029975546686,16.314217012614286,13.130744344502416,0.19622468013979988,0.5198512312743587,21620984000.0,95.77535084708737,93.53243171742263,0.0012311390243056053,0.0012303817940970733,0.025511344855627574,0.07331912036007249
2021-06-02,16.736066818237305,16.876214600887355,16.194681963051526,16.211390186002433,594168000,14.843525457382203,14.608769779205323,15.534664370082808,15.074198252519077,86.9636338093414,0.46046611756373146,0.23448401896103432,0.22598209860269713,16.657524125139663,13.029526789624745,0.21677717799032006,0.5259964089922696,22215152000.0,95.93898657143528,96.84782336727805,0.031587106464684656,0.03109849636676315,0.024553008607521798,0.034805782516397654
2021-06-03,16.92708396911621,17.215608058599543,16.54130706968029,16.658761189100893,580008000,14.968772172927856,14.68655366897583,15.7488827699341,15.211449046341087,89.49912773358454,0.5374337235930131,0.2950739598874301,0.242359763705583,16.993889804550047,12.943654541305666,0.23927542810292154,0.5298616519986027,22795160000.0,92.21553056260778,94.64328932704348,0.011413503121937563,0.011348860496056068,0.024563288789893525,0.02706298726476164
2021-06-04,17.5340576171875,17.6165979934895,17.052521354002085,17.069476909819976,617120000,15.121150636672974,14.785010528564452,16.02352505412693,15.383494125663043,89.57575901004579,0.6400309284638883,0.3640653536027218,0.2759655748611665,17.431946332259603,12.810354941086343,0.2635779744811043,0.5318921562494342,23412280000.0,97.99044537778157,95.38165417060821,0.03585813416999195,0.035230198331332147,0.02529576208161313,0.014283855707711623
2021-06-07,17.574705123901367,17.76771918028066,17.149528167001655,17.52707659864361,575756000,15.261135339736938,14.88642993927002,16.26216814178454,15.545806051458475,91.33945539972609,0.7163620903260632,0.4345247009473901,0.28183738937867314,17.810527102997522,12.711743576476355,0.29012057332255825,0.5482971767290236,23988036000.0,95.46757653409756,95.22451749149565,0.0023182030994368663,0.002315520212150151,0.02523479305017504,0.02292264543221134
2021-06-08,17.413110733032227,17.577196435464696,17.207627375092446,17.483183670666758,323848000,15.420296669006348,14.978552722930909,16.43923623274572,15.684124916760235,91.07231873751829,0.7551113159854861,0.49864202395500934,0.25646929203047675,18.093084085276544,12.747509252736151,0.30698563366969084,0.5461775250781791,23664188000.0,91.6729606440527,95.04366085197728,-0.009194714206008148,-0.00923724650632257,0.023265759504943247,0.01922309966005753
2021-06-09,17.318578720092773,17.53483445076462,17.216313965511866,17.475719983872768,381656000,15.572711420059203,15.066610355377197,16.574519692337574,15.805195568858942,88.92841758416893,0.7693241234786328,0.5527784438597341,0.2165456796188987,18.316099816965266,12.82932302315314,0.3168144962985008,0.5307217064878722,23282532000.0,87.28762583606787,91.47605433807273,-0.005428783770387913,-0.0054435731669098784,0.02347963400424202,0.026039097468117278
2021-06-10,17.385181427001953,17.452029665221186,17.13675177103503,17.310353951056314,287772000,15.755775022506715,15.157526187896728,16.69923688228594,15.922231558351017,87.51284505931247,0.7770053239349242,0.5976238198747721,0.17938150406015207,18.46816714568931,13.043382899324119,0.3120349516709466,0.509209720224951,23570304000.0,86.96902196694846,88.64320281568968,0.0038457374583462656,0.003838361514627658,0.020638713957235065,0.07071685938165473
2021-06-11,17.78451156616211,17.898251342387297,17.403883229039902,17.439550960234815,416308000,15.963456010818481,15.246922607421874,16.86620221826689,16.06017822559628,87.58259617847857,0.8060239926706068,0.6393038544339391,0.16672013823666765,18.62642241327378,13.300489608363185,0.29947028823912364,0.5024313299603099,23986612000.0,95.87959542392407,90.04541440898015,0.022969569851018834,0.022709740535884725,0.020275912603534372,0.04563745159641486
2021-06-14,17.977563858032227,17.9982664755166,17.622378570506847,17.865072468441838,321376000,16.151974582672118,15.330933380126954,17.03718093207694,16.202206790961906,86.00015097102353,0.8349741411150333,0.678437911770158,0.15653622934487532,18.82525312851274,13.478696036831495,0.29740164651354833,0.4756119393150951,24307988000.0,99.19668103052767,94.01509947380008,0.010855079778374632,0.010796586319936869,0.019119517458629054,0.022671029760898742
2021-06-15,17.747844696044922,17.97507495598846,17.68748377402905,17.8740566646082,243032000,16.332872486114503,15.406843605041503,17.146513818841246,16.31669848763472,80.26877227369181,0.8298153312065253,0.7087133956574315,0.12110193554909376,18.918214449122544,13.747530523106464,0.2913415129876789,0.47239232161551986,24064956000.0,90.28294093456022,95.11973912967066,-0.012778102962191284,-0.012860445122987233,0.019537759258989523,0.0617392919191031
2021-06-16,17.76953887939453,17.913709313816597,17.54430492642031,17.75008462449621,307124000,16.522323751449584,15.48570140838623,17.242363828157135,16.424316294431744,80.09742386739202,0.818047533725391,0.7305802232710235,0.08746731045436751,18.931147412440605,14.113500090458562,0.27111830839733064,0.48399421794404784,24372080000.0,91.12473536868482,93.53478577792424,0.0012223559379265225,0.001221609469145472,0.0190026784586817,0.07001621664092705
2021-06-17,18.614606857299805,18.79195023048878,17.715667091470888,17.733874892512524,809656000,16.751534700393677,15.575834674835205,17.45347814033293,16.58656003982938,88.25676378458226,0.8669181005035504,0.7578477987175289,0.1090703017860215,19.03090212458564,14.472167276201713,0.2449009470536413,0.5402093812711815,25181736000.0,94.67424349389356,92.0273065990462,0.047557113532372464,0.04646089498638456,0.02043860198577618,0.029385470338129993
2021-06-18,18.59615135192871,19.330718581922177,18.54152604115206,18.74106970383863,968856000,16.952554130554198,15.66213758468628,17.629274019039972,16.735418655540443,85.17237979422507,0.8938553634995294,0.7850493116739291,0.10880605182560033,19.1308756035238,14.774232657584594,0.23427659108008686,0.5403289550803827,24212880000.0,78.81534989802009,88.20477625353283,-0.0009914528688450552,-0.0009919446833414269,0.019865465762487503,0.021044871047317226
2021-06-21,18.385133743286133,18.494135068349298,17.78201553321056,18.39311488047978,672384000,17.12410788536072,15.742564334869385,17.745560130462458,16.857619773151235,80.08667608554501,0.8879403573112228,0.8056275208013879,0.0823128365098349,19.17651788964395,15.071697881077487,0.2232684333920311,0.5639257067513755,23540496000.0,69.8477743007017,81.11245589753845,-0.011347380683729091,-0.011412253431996857,0.020276514542806382,0.08453533808377434
2021-06-22,18.843584060668945,18.920409647101682,18.343978923682204,18.429284231032042,580144000,17.28764944076538,15.81602077484131,17.914486888955764,17.00472823889329,79.78271807103798,0.909758650062475,0.8264537466536054,0.08330490340886965,19.34082755773847,15.234471323792292,0.21791800438416195,0.5564184271502075,24120640000.0,82.536297712234,77.0664739703186,0.0249359250677319,0.024630098507364882,0.019270579223257985,0.06035974620083162
2021-06-23,19.013694763183594,19.108977447011597,18.86453654386818,18.964308379906097,332356000,17.457913732528688,15.883493041992187,18.083595792683123,17.153540574025904,79.6625469768864,0.9300552186572197,0.8471740410543283,0.08288117760289149,19.489423514835554,15.426403950221822,0.21368911277996308,0.5272107412518788,24452996000.0,86.08444362436265,79.48950521243279,0.00902751312950656,0.008987008719740707,0.019192005595236004,0.04960058792302102
2021-06-24,19.161605834960938,19.375616025449478,19.044623366172903,19.183806109567367,320924000,17.63296756744385,15.96195327758789,18.249443491495093,17.30228614890998,76.6097029616884,0.9471573425851112,0.8671707013604849,0.07998664122462629,19.61512484365028,15.650810291237422,0.20688843025775236,0.5038112582442071,24773920000.0,90.44112697002596,86.35395610220753,0.007779186192877541,0.007749084335152249,0.019135427463820735,0.05240688021341411
2021-06-25,18.987504959106445,19.30128697907614,18.851317522351227,19.236435003149623,278364000,17.809889793395996,16.01976978302002,18.362991409589146,17.4271171718875,72.13282640479254,0.9358742377016469,0.8809114086287173,0.0549628290729296,19.59295588095463,16.026823705837362,0.18781468038047536,0.49179543277605753,24495556000.0,82.6648236308017,86.39679807506344,-0.00908592303557565,-0.009127451776971631,0.0188697472169798,0.07650658403014954
2021-06-28,19.939327239990234,20.03286298538225,19.27484893935136,19.31700206223911,495436000,17.996673107147217,16.10110643386841,18.605504614266238,17.613206806561777,81.72150887730506,0.9922978077044604,0.903188688443866,0.0891091192605944,19.852450138820988,16.140896075473446,0.18614239180064532,0.5400660731977399,24990992000.0,96.7702985335527,89.95874971146013,0.05012887595993987,0.048912895647082615,0.01900868294405627,0.03570162474471372
2021-06-29,19.98097801208496,20.052812050401002,19.612072127487256,19.837056837882255,367632000,18.184541511535645,16.19426342010498,18.81711590623835,17.788597266230163,83.88150966266022,1.028518640008187,0.9282546787567303,0.10026396125145665,20.045293313006635,16.323789710064656,0.18625232462050292,0.5487960330306679,25358624000.0,97.53660650296895,92.32390955577445,0.002088875496821796,0.002086696829849675,0.018987399879573784,0.017226963473006895
2021-06-30,19.956785202026367,20.116419372850345,19.81835223637548,19.953542508047825,326568000,18.345577430725097,16.290736961364747,18.99244964405189,17.949203779992846,83.08315534057864,1.0432458640590454,0.9512529158171934,0.091992948241852,20.23574614681997,16.455408714630224,0.18942617229782577,0.5475666931941472,25032056000.0,94.11494766145749,96.14061756599305,-0.0012107920865516153,-0.0012115256875086526,0.018492746984238667,-0.004987048297240282
2021-07-01,20.16580581665039,20.40924764246024,19.973246122217304,20.079004759784198,480136000,18.507513523101807,16.387615432739256,19.172965978297814,18.11339652344896,82.21215836694009,1.0595694548488552,0.9729162236235258,0.08665323122532942,20.440449449216544,16.57457759698707,0.19170430814312034,0.5432375878404707,25512192000.0,91.50273318339242,94.38476244927296,0.010473661589683214,0.01041919279120264,0.018487479633611876,-0.008002788315934706
2021-07-02,20.440174102783203,20.458383806119546,20.241380242470996,20.393531838306902,342764000,18.65281934738159,16.500160579681395,19.36792107437249,18.28575041821446,82.5950583167678,1.0821706561580307,0.9947671101304268,0.0874035460276038,20.710535557819053,16.59510313694413,0.2013403799879842,0.5372868795875707,25854956000.0,99.37511285446146,94.99759789977047,0.013605619761858145,0.013513894368003782,0.017421811668317473,0.0012448983057775642
2021-07-06,20.651193618774414,20.794365027841287,20.30374010137351,20.690104043459606,446708000,18.806643772125245,16.608647022247315,19.565347619665094,18.46096843307075,88.61984087654899,1.1043791865943433,1.0166895254232102,0.08768966117113308,20.981638576211054,16.631648968039435,0.21064107423877698,0.5516115111921851,26301664000.0,95.59480730955637,95.49088444913674,0.01032376314067096,0.010270837050589812,0.017380219951427515,-0.02166835239448006
2021-07-07,20.3251895904541,20.827289518235947,20.285531292892728,20.805839022549197,418428000,18.95224771499634,16.70636901855469,19.682246384401864,18.59905888917322,81.44880253100794,1.0831874952286427,1.0299891193842967,0.053198375844345946,21.124338548479344,16.780156881513335,0.21373388167588314,0.563922499616966,25883236000.0,83.86372574314932,92.94454863572237,-0.015786207535429586,-0.01591213676451616,0.01778596449869777,-0.02602884897721558
2021-07-08,19.85725975036621,20.086982890992743,19.655721781967447,19.81111606957633,503300000,19.07918176651001,16.796652603149415,19.709171517627148,18.692258952965293,66.85613934165555,1.0169125646618546,1.0273738084398083,-0.010461243777953655,21.143328111171943,17.01503542184808,0.20789840799900547,0.5348642617218776,25379936000.0,68.14638770366294,82.53497358545621,-0.023022163606663648,-0.023291312566848948,0.018881684717952738,-0.04705375306300896
2021-07-09,20.004423141479492,20.03435525988892,19.709100137865747,19.916874216592717,296624000,19.210143852233887,16.89197420120239,19.754594844373663,18.789456300262643,68.45818595959605,0.9651385441110207,1.0149267555740509,-0.04978821146303014,21.150395529973807,17.269892174493968,0.19398226722336984,0.5017258746685245,25676560000.0,72.97890496774515,74.99633947151914,0.007411062400519253,0.007383735409203449,0.01886686814677497,-0.09422573952770574
2021-07-12,20.465620040893555,20.485822176822126,20.141611349333026,20.193741842138916,321984000,19.34419927597046,16.995562152862547,19.863983336145953,18.913616577346414,75.59060597089083,0.9503667587995395,1.0020147562191486,-0.051647997419609126,21.23968502869188,17.44871352324904,0.1852360934028814,0.4779589615702733,25998544000.0,85.43599503864135,75.52042923668314,0.023054746250481095,0.0227930009339564,0.01887062254381832,-0.08447299359107407
2021-07-13,20.203716278076172,20.414483746196098,20.06802744154041,20.353871638255328,290708000,19.455506896972658,17.100201206207274,19.916249942596757,19.00917951814121,67.5800590507522,0.9070704244555472,0.9830258898664284,-0.07595546541088116,21.27293156510751,17.638082228837806,0.17990993766894348,0.4651848098512496,25707836000.0,68.44220251385704,75.61903417341452,-0.01279725521601871,-0.012879845462126392,0.019364968747443916,-0.08088880446909652
2021-07-14,19.7961483001709,20.371081261605372,19.707602218648773,20.31121893436614,380100000,19.557922077178954,17.200135192871095,19.897772766838933,19.06747350199526,59.528515593140725,0.8302992648436742,0.9524805648618776,-0.12218130001820338,21.19174568461358,17.92409846974433,0.1650647977233551,0.4936194996093887,25327736000.0,47.8160003941996,67.23139931556601,-0.020172921273277855,-0.02037917316555634,0.019808483872415284,-0.021747041565070124
2021-07-15,18.922901153564453,19.801638809987963,18.815397482477785,19.766469664881527,550564000,19.615590190887453,17.292289791107176,19.74779251864286,19.056764439148534,47.52954465103773,0.6910280794943269,0.9001900677883675,-0.20916198829404065,21.053276774881805,18.1779036068931,0.15195202599507737,0.5382137899839812,24777172000.0,5.3434115311621335,40.533871479739595,-0.04411197235771902,-0.04511449868770494,0.02272248671046174,0.03309831116666073
2021-07-16,18.119491577148438,19.113215466883993,18.03169335944509,18.9870054099986,688224000,19.590834426879884,17.366236629486085,19.497284681489873,18.98733681974112,42.051882738541956,0.5099478617487527,0.8221416265804447,-0.3121937648316919,21.115513123759776,18.06615572999999,0.16829155392006195,0.5833246936064092,24088948000.0,3.1405901526891626,18.766667359350304,-0.04245699799920366,-0.04338464822999903,0.022427128177646548,0.07692304453384025
2021-07-19,18.736827850341797,18.998477447310524,17.824666134451522,17.8743037047261,749060000,19.597868251800538,17.451243419647216,19.380291322851708,18.968780599785614,38.27061212852827,0.41151072306609393,0.7400154458775745,-0.3285047228114806,21.10441590372618,18.091320599874894,0.160811388561502,0.5924999283623519,24838008000.0,30.378825413556275,12.954275699135863,0.034070286716649356,0.0335027493240213,0.023767022570416883,0.02738343404088206
2021-07-20,18.569461822509766,18.794945132479892,18.122485771322793,18.687192164183777,434687000,19.607084655761717,17.527132434844972,19.2555483227991,18.939201431098514,36.56140705590112,0.3163468917005865,0.6552817350421769,-0.3389348433415904,21.084365488868567,18.129803822654868,0.15910863192772778,0.6090513168083057,24403321000.0,24.80483206227065,19.441415876172034,-0.008932463337382845,-0.00897259696152394,0.023708951213647005,0.03202250757158209
2021-07-21,19.36564064025879,19.48237382941793,18.699168004217075,18.838847442192375,371017000,19.63318748474121,17.629847564697265,19.272485602408285,18.970789520665942,45.09318706747428,0.3016960817423424,0.58456460438221,-0.2828685226398676,21.07160317274905,18.19477179673337,0.1485533801569725,0.6529688075535413,24774338000.0,51.320938670365486,35.50153204873081,0.04287570772696814,0.04198200087054911,0.02497695605812373,0.0047912115749431106
2021-07-22,19.549217224121094,19.841546833620864,19.23194323043398,19.597107853695302,323826000,19.659963607788086,17.735426235198975,19.31505969805641,19.013636017218175,44.86027806701946,0.30142368083823357,0.5279364196734148,-0.2265127388351812,21.069471106093854,18.250456109482318,0.14420091425109605,0.6641931763216135,25098164000.0,57.43481178520785,44.52019417261467,0.009479499659859947,0.00943485114490335,0.024984173543900454,0.0034705378450683444
2021-07-23,19.51329803466797,19.65497367183318,19.206001448211797,19.61107361577112,195672000,19.677548217773438,17.851214008331297,19.345557903688956,19.050648018510753,41.953947902597875,0.29490988517820327,0.48133111277437246,-0.1864212275961692,21.069543759386878,18.28555267616,0.1426714786132385,0.6753641930467725,24902492000.0,56.2385515537335,54.99810066976895,-0.0018373722610645071,-0.0018390622999483633,0.02495324865043354,-0.003016542157694202
2021-07-26,19.249906539916992,19.39756711649879,18.870773917905094,19.266867886400917,203943000,19.690668296813964,17.963594303131103,19.3308423092625,19.06540790898529,37.94527668493239,0.2654344002772113,0.43815177027494023,-0.1727173699977289,21.060041570189554,18.321295023438374,0.14227323862960375,0.6862141352107081,24698549000.0,47.466505879084664,53.71328973934201,-0.013498051138409628,-0.01358997799015596,0.0250682543520685,0.023634195508642764
2021-07-27,19.16410255432129,19.577155964444557,18.69816886887377,19.220971495871236,248863000,19.65190706253052,18.06273250579834,19.305190039271544,19.072718623454623,39.58103975639637,0.23247141581692077,0.39701569938333636,-0.1645442835664156,21.035457914824786,18.268356210236252,0.14438984015792503,0.7103019116555345,24449686000.0,50.332877818515485,51.34597841711122,-0.004457371541922939,-0.00446733524141872,0.022249032072944017,0.0316011660203539
2021-07-28,19.458425521850586,19.601098340577916,18.951587150781002,19.274846044574673,202191000,19.6257794380188,18.169303283691406,19.32876472889909,19.101289504817288,46.305984952914166,0.22747522408180032,0.3631076043230292,-0.13563238024122887,21.002885933590363,18.248672942447236,0.14154346599370643,0.7088764388919816,24651877000.0,61.392844341805464,53.06407601313521,0.015358035509099865,0.01524129463803194,0.022564972023492967,0.039532459848582
2021-07-29,19.617063522338867,19.80762698019667,19.283825335460097,19.4743887933179,190781000,19.608793354034425,18.282034282684325,19.373118389428285,19.139494987596663,46.41987292681536,0.2336234018316219,0.33721076382474774,-0.10358736199312585,20.97706129763766,18.24052541043119,0.13949773288393802,0.7230583333715102,24842658000.0,67.35408817354077,59.69327011128724,0.008152663755355727,0.008119610319709371,0.022659088736125536,0.04958798699969691
2021-07-30,19.454435348510742,19.585134561055348,19.21897466845994,19.3736191961783,183497000,19.573224830627442,18.39051523208618,19.385628690825587,19.162823903219927,40.108321891733084,0.2228047876056607,0.31432956858093036,-0.09152478097526967,20.917296229835305,18.22915343141958,0.1381763464351334,0.7171076061241026,24659161000.0,62.92988378946353,63.892272101603254,-0.008290138513490142,-0.008324692817607553,0.02256412805358918,0.044463641036667
2021-08-02,19.704862594604492,19.915380808627756,19.316751690978577,19.654977627712686,217444000,19.536459255218507,18.493097229003908,19.434741599099265,19.20297491739656,45.109098598532846,0.2317666817027053,0.2978169912052854,-0.06605030950258006,20.819523101438193,18.25339540899882,0.13022814445516714,0.7314673574309621,24876605000.0,73.83699693600673,68.04032296633702,0.01287250139145879,0.012790354947834788,0.02253879015682927,0.027594943888906265
2021-08-03,19.769710540771484,20.175779873517374,19.176069279723396,19.694881202710075,301811000,19.49238510131836,18.58941026687622,19.486275282433454,19.24495533394285,49.72212261843232,0.24131994849060234,0.2865175826623488,-0.04519763417174644,20.670485606287514,18.314284596349204,0.1191823727049047,0.7554838967764892,25178416000.0,82.72863933267149,73.16517335271392,0.003290961601769782,0.0032855582392312525,0.022397582170084838,0.006106595818127447
2021-08-04,20.227664947509766,20.271565011875875,19.782683207905936,19.944313619581152,231309000,19.487508869171144,18.6825085067749,19.600335230906733,19.317748638651512,65.02560652811908,0.2825865922552211,0.28573138458092323,-0.0031447923257021393,20.651822209288497,18.32319552905379,0.11512088450532615,0.7208848356046472,25409725000.0,98.20588967720732,84.92384198196184,0.023164446732481636,0.02290022354479089,0.022819693976180902,-0.02836157849009191
2021-08-05,20.589834213256836,20.685615479502886,20.295508346135612,20.45314818824978,211435000,19.524137592315675,18.78213701248169,19.75256584357598,19.41197719973339,81.66650908064099,0.34058864384259024,0.2967028364332567,0.043885807409333566,20.779927850051703,18.268347334579648,0.12198158030116459,0.6763440087870912,25621160000.0,96.65211593563355,92.52888164850413,0.017904650224674468,0.017746249915151443,0.022478304734469975,-0.03547039310688471
2021-08-06,20.31945037841797,20.52298458479839,20.163806797419902,20.477090195052455,178497000,19.5398889541626,18.875315437316896,19.839778848936284,19.479197435191505,72.26782659008083,0.3605814137447787,0.3094785518955611,0.051102861849217585,20.828517737855513,18.251260170469685,0.12683697242732647,0.622930873285515,25442663000.0,85.71414077198426,93.52404879494172,-0.013131909273207287,-0.01321889516021671,0.0226889986873616,-0.00873977916961255
2021-08-09,20.24861717224121,20.461129719952012,20.096964132095703,20.399271142893213,146443000,19.52903881072998,18.97130657196045,19.902677052521657,19.53619148978778,74.28578019166865,0.3664855627338781,0.3208799540632245,0.04560560867065361,20.788164890716,18.269912730743957,0.12436662407862152,0.6009098894783157,25296220000.0,78.01207309395518,86.79277660052433,-0.0034859804206117673,-0.0034920706079934263,0.02210136886409614,-0.016999546067122395
2021-08-10,19.89043617248535,20.383306595035517,19.78966527712816,20.27555363193905,179238000,19.51337480545044,19.04504207611084,19.90079384020838,19.562431836654266,58.691322935235085,0.3383620035541135,0.3243763639614023,0.013985639592711208,20.744647484821858,18.28210212607902,0.12380549814937199,0.5781048402639721,25116982000.0,59.98990345880422,74.57203910824789,-0.017689158558782392,-0.017847481569774226,0.022273352876635105,-0.02397683154434216
2021-08-11,19.653976440429688,20.00317688001312,19.38559215044887,19.997190075674563,185925000,19.50626621246338,19.113649406433105,19.86282193255012,19.56921291841541,51.70508708629064,0.2936090141347094,0.31822289399606374,-0.024613879861354326,20.732295428278064,18.280236996648696,0.12476144148546459,0.5786749207194986,24931057000.0,48.0922388537743,62.03140513551123,-0.0118881119551697,-0.011959340637290117,0.021963987333235447,-0.033453560944782135
2021-08-12,19.85950469970703,19.983219923418048,19.57515626394466,19.824584849910885,151652000,19.55309638977051,19.1761181640625,19.862311589035798,19.5907160133259,55.340108356615545,0.2715955757098989,0.30889743033883077,-0.037301854628931874,20.75664837910888,18.349544400432137,0.1212066471482672,0.5757528804232133,25082709000.0,58.43356113507429,55.50523448255094,0.010457337216226437,0.010403037491029821,0.01945949123663812,-0.0053752845247356795
2021-08-13,20.141862869262695,20.16780442422177,19.8056331423008,19.859510585376018,183063000,19.654214954376222,19.240413742065428,19.905319478301475,19.631541706358256,63.67806180466404,0.2737777719432195,0.30187349865970853,-0.028095726716489022,20.67685102524855,18.631578883503895,0.1015433455693824,0.555727677934506,25265772000.0,72.64064312175539,59.72214770353466,0.014217785076977796,0.014117660289883477,0.016446464174628354,0.031107550972113263
2021-08-16,19.904399871826172,20.240629464521078,19.408534249799988,20.08897647359914,210876000,19.71259355545044,19.287820587158205,19.905178000382197,19.65175342231884,60.847815787815186,0.25342457806335617,0.29218371454043807,-0.0387591364770819,20.643954608950185,18.781232501950694,0.09358343476791256,0.5523782578738131,25054896000.0,54.947932782504715,62.00737901311147,-0.011789525079078045,-0.01185957262573406,0.015407585615473314,0.10065172824124402
2021-08-17,19.41352653503418,19.72481369476368,19.222963104205142,19.64000698314387,204585000,19.75479679107666,19.32459701538086,19.82953931340558,19.63410698622368,49.37791401874002,0.19543232718189785,0.27283343706873003,-0.07740110988683219,20.531751354373906,18.977842227779416,0.08004259935927992,0.5546586562898214,24850311000.0,15.73037348496963,47.772983129743245,-0.024661549202837474,-0.02497073919689907,0.016424067840319412,0.12000221255479437
2021-08-18,18.99648094177246,19.589123091355606,18.956571456849645,19.45542860045095,285913000,19.736338806152343,19.356264419555664,19.701376487000484,19.586875427375443,41.97623464336563,0.11450105962504153,0.24116696157999234,-0.1266659019549508,20.56784521872656,18.904832393578126,0.08754320498864292,0.5624265127019206,24564398000.0,2.30818211548442,24.328829460986256,-0.02148221718033083,-0.021716318760127095,0.014223924308793358,0.1666493132724749
2021-08-19,19.75275421142578,20.44816179796092,18.71912067132583,19.449448117020804,766555000,19.746515655517577,19.404947929382324,19.709280752296685,19.599162744712505,53.34378322391768,0.11011800758418033,0.21495717078082996,-0.10483916319664963,20.573348223820517,18.919683087214636,0.08371820551735183,0.6574945321845037,25330953000.0,52.56223079136983,23.533595463941293,0.03981122987838792,0.03903918694607693,0.01677351876423004,0.11465757678639088
2021-08-20,20.7684268951416,20.817314696928367,19.887445490471492,19.945311597000565,675741000,19.80927209854126,19.472612838745118,19.872226312734366,19.685774904003548,60.17561605397068,0.186451408730818,0.20925601837082758,-0.022804609640009577,20.744938723405838,18.873605473676683,0.09010471805001848,0.6907753441740329,26006694000.0,97.67000562546038,50.846806177438204,0.051419294385200986,0.05014096037160153,0.020229071368811153,0.08743261438506944
2021-08-23,21.907812118530273,21.946722537110478,20.902116621288442,20.9230685315231,575807000,19.942167377471925,19.55507884979248,20.18539335977989,19.85037025322775,66.96749527019838,0.3350231065521392,0.2344094360070899,0.10061367054504927,21.23149600246166,18.65283875248219,0.11770491895894832,0.7035314190436684,26582501000.0,98.79444797759497,83.00889479814172,0.05486141194715177,0.05340939521587585,0.022844976365372714,0.033245420534889325
2021-08-24,21.743192672729492,21.90881365504365,21.48578289478911,21.70328507988881,297299000,20.071121883392333,19.630391426086426,20.425054792541367,19.99057932133899,62.614163822189816,0.43447547120237573,0.2744226430461471,0.16005282815622862,21.536653681497654,18.605590085287012,0.13480373560258277,0.6979011539829649,26285202000.0,93.69408391178857,96.71951250494799,-0.007514189226661361,-0.007542562973023425,0.02293382803397309,0.02734590706154849
2021-08-25,22.1622314453125,22.41864404034006,21.672354404189694,21.68731951267329,347701000,20.20631217956543,19.718679161071776,20.69231273912154,20.151442441633325,62.96476961996128,0.5408702974882154,0.32771217393456076,0.2131581235536546,21.912880631684267,18.499743727446592,0.15400691544350703,0.718496804279911,26632903000.0,93.06903699795868,95.18585629578074,0.01927218228206984,0.019088825818224596,0.02302919113899973,0.01044254294889102
2021-08-26,22.01755714416504,22.288934759604295,21.740192726079528,22.149255384450086,237940000,20.32633686065674,19.80363952636719,20.896196493743616,20.289673160339376,64.2976646463,0.6065233334042404,0.3834744058284967,0.22304892757574368,22.18893613663851,18.463737584674966,0.1691921827463395,0.7272621341147563,26394963000.0,89.15841698890317,91.9738459662168,-0.006527966351423498,-0.006549366708481719,0.02321616037692915,0.015042351389404685
2021-08-27,22.584264755249023,22.670068642424027,22.116336798954833,22.133298143105087,304722000,20.48282833099365,19.88303268432617,21.155899303205988,20.45964290811046,68.15002937668423,0.6962563950955278,0.44603080368190295,0.2502255914136249,22.551506822115755,18.41414983987155,0.18319644350089387,0.7478582705720905,26699685000.0,97.82827086610719,93.35190828432303,0.025738895889918068,0.025413226924428125,0.023357146096432118,0.009322876370310151
2021-08-30,22.636146545410156,22.990334740001824,22.499460525203325,22.777822203844707,262580000,20.629392528533934,19.9638325881958,21.383629648160476,20.62086539976229,72.40305795131803,0.7627642483981845,0.5093774926251593,0.25338675577302516,22.873881601271307,18.38490345579656,0.1983101733534659,0.7405177632071721,26962265000.0,91.70755223658139,92.8980800305306,0.002297253894399054,0.0022946192408785926,0.023354590125640437,-0.0009696777683592117
2021-08-31,22.337779998779297,22.647125533698055,22.073339614358837,22.647125533698055,259850000,20.757796001434325,20.042885513305663,21.53042200979414,20.748044258948735,71.67893456285316,0.7823777508454057,0.5639775442692087,0.21840020657619708,23.08742252583366,18.42816947703499,0.2085817412944923,0.7373892767625269,26702415000.0,84.72203145107105,91.41928485125322,-0.013180977867956023,-0.013268617929787587,0.02378663313590515,-0.002055086355807978
2021-09-01,22.393661499023438,22.64912199389681,22.30983905945331,22.437569306889998,201767000,20.86609582901001,20.113887062072752,21.663228085060187,20.8699418322876,70.97728118912264,0.7932862527725852,0.609839285969884,0.18344696680270123,23.291377091871446,18.440814566148575,0.21660426214508954,0.7324763678318205,26904182000.0,86.03035969996117,87.4866477958712,0.0025016586360504522,0.0024985346970194658,0.02346626843621516,-0.011764261977621815
2021-09-02,22.348752975463867,22.545337883825013,22.247966214051775,22.470495343605453,187834000,20.954041767120362,20.18058822631836,21.7686934528146,20.979483398448806,69.01576207392813,0.7892100543657925,0.6457134396490658,0.1434966147167267,23.463254715308107,18.444828818932617,0.22455060029009644,0.7278478241069823,26716348000.0,84.97893678303448,85.24377597802224,-0.0020054122708574873,-0.0020074258024699006,0.02332783599105485,0.0036612895778789234
2021-09-03,22.794815063476562,22.93751306703993,22.15317176699286,22.277908090222944,280532000,21.07781000137329,20.25325241088867,21.92655831599336,21.113952410673086,74.0411522215108,0.8126059053202752,0.6790919327833077,0.1335139725369675,23.69701354739892,18.45860645534766,0.22980695730427755,0.7244368302016954,26996880000.0,95.42238636753477,88.81056095017682,0.01995914888416439,0.019762576380588176,0.023194963160455197,-0.030250234121727226
2021-09-07,22.61419677734375,22.85069635544666,22.474490803126553,22.7848355929797,198107000,21.196088981628417,20.32578624725342,22.032348848508807,21.22508162301906,78.0704619671688,0.8072672254897455,0.7047269913245953,0.10254023416515023,23.87069488502415,18.521483078232684,0.23654219778217483,0.7026346005373438,26798773000.0,91.19365226087562,90.53165847048162,-0.007923656569699955,-0.007955215555339065,0.02331157133504112,-0.018533272291510916
2021-09-08,22.291873931884766,22.562302133901152,21.930636197722126,22.465506645086627,254434000,21.316160869598388,20.37283718109131,22.072275784412803,21.30410327552763,79.38949586809392,0.7681725088851721,0.7174160948367106,0.05075641404846143,23.959399502764676,18.6729222364321,0.23714817706604563,0.7062780966170339,26544339000.0,83.64725350396586,90.08776404412542,-0.014253119340586373,-0.014355670663174886,0.023141439249140323,8.949838295424506e-05
2021-09-09,22.130216598510742,22.490455112570046,22.084314109745772,22.264932037922602,196856000,21.43997287750244,20.415821952819826,22.081189755812485,21.365296855007863,73.71866208416446,0.7158929008046222,0.717111456030293,-0.0012185552256708254,23.98556209183202,18.894383663172864,0.2300555173509584,0.6117852306305469,26347483000.0,72.28008887703373,82.37366488062507,-0.007251850332008147,-0.007278272817396721,0.022975811523474693,0.0029310654062488783
2021-09-10,22.430578231811523,22.57826480477666,22.223016871977077,22.30085143025267,248376000,21.568526554107667,20.46529781341553,22.134941829043107,21.444206586622947,69.34314874527837,0.6907352424201605,0.7118362133082665,-0.02110097088810603,24.03655429770823,19.100498810507105,0.2200592172073703,0.5677486392564991,26595859000.0,73.19453825699348,76.37396021266436,0.013572466946437212,0.013481186027635204,0.023016733546063047,-0.025713934161859187
2021-09-13,22.105266571044922,22.91555377675498,21.81188619564653,22.636143804788667,297500000,21.666696739196777,20.504087028503417,22.130376404735696,21.493173992876425,52.835023807371414,0.6372024118592705,0.6969094530184673,-0.05970704115919678,24.050545345809404,19.28284813258415,0.21568150729610877,0.5624180634807543,26298359000.0,41.173966707440975,62.21619794715607,-0.0145030438985847,-0.014609241078642251,0.023393103284206802,-0.0469032124350901
2021-09-14,22.19508171081543,22.36272658870624,22.039410651348902,22.228011138976065,199755000,21.78123083114624,20.539185180664063,22.1403310672095,21.545167157168205,56.63058981484592,0.5951639100412969,0.6765603444230333,-0.08139643438173638,24.02454260367067,19.537919058621807,0.2021449437990841,0.5552955761309543,26498114000.0,39.66123712361935,51.3432473626846,0.004063065219405804,0.0040548332603746505,0.023063487070673114,-0.044780118616968956
2021-09-15,22.293869018554688,22.31981514344312,21.919660118755335,22.261936936889985,166538000,21.925247955322266,20.572038688659667,22.163952290493377,21.600626554307944,52.13188136472444,0.5633257361854334,0.6539134227755133,-0.09058768659007999,23.87978827025379,19.970707640390742,0.17534330297758582,0.5305716753121984,26664652000.0,44.28907163075981,41.70809182060672,0.0044508647918659605,0.0044409889862419985,0.021936947369182953,-0.017904234691328402
2021-09-16,22.19508171081543,22.230007727042683,21.880745661445022,22.13620615441447,156033000,22.085177993774415,20.609436531066894,22.168741432081386,21.644660269604795,52.918400916324934,0.5240811624765911,0.6279469707157289,-0.10386580823913782,23.471552587700664,20.698803399848167,0.1249262888048466,0.5208846269968339,26508619000.0,32.51694922779757,38.82241932739225,-0.004431142376275732,-0.004440988986242081,0.021079580357183082,0.01079025128871236
2021-09-17,21.85379981994629,22.273911214791905,21.78394779506993,22.252955607329,294503000,22.190230274200438,20.649367332458496,22.120288876368296,21.66015208814861,37.03029882336603,0.4601367882196854,0.5943849342165203,-0.13424814599683488,23.05135309949481,21.329107448906065,0.07880760621852256,0.5092740499584758,26214116000.0,5.79018407915543,27.53206831257094,-0.015376464719336291,-0.015495908550803789,0.020296242122042216,0.008264845821821742
2021-09-20,21.068458557128906,21.387783145343043,20.618409823242526,21.10138797741771,349440000,22.205231857299804,20.670648040771486,21.958468827254542,21.616322937702705,27.916797761098735,0.342145889551837,0.5439371252835836,-0.20179123573174662,22.966757397910683,21.443706316688925,0.07229057964026543,0.5624537486659946,25864676000.0,19.406153430038255,19.237762245663756,-0.03593614242318588,-0.03659774426591597,0.019209959926980217,0.025908523855823873
2021-09-21,21.201183319091797,21.379804680314123,20.90580818268113,21.37182213437268,204688000,22.16990041732788,20.68535930633545,21.841963364460273,21.585571854842637,33.205626545849626,0.2563915096176359,0.4864280021503941,-0.2300364925327582,23.046414351023348,21.293386483632414,0.08268537850018594,0.5553259328298356,26069364000.0,25.129260508631706,16.775199339275137,0.006299690202916208,0.006279930099522064,0.014527525770707646,-0.025746239989002717
2021-09-22,21.89471435546875,21.91367337565563,21.151285132509745,21.32092658519888,268726000,22.177476501464845,20.7191792678833,21.8500789015385,21.60847129933346,43.79652142994177,0.24160760220503974,0.43746392216132324,-0.1958563199562835,23.040983931615454,21.313969071314236,0.07887816357238077,0.5855477405942917,26338090000.0,55.03439896819778,33.189937635622584,0.032711902252758884,0.03218825700186447,0.01632937269579521,-0.06490131313018677
2021-09-23,22.434572219848633,22.48745990832766,21.843820146489403,22.093292745342225,248555000,22.191093540191652,20.771947746276854,21.94000095050929,21.66966396011236,50.95007176154358,0.27033699039693104,0.40403853580844484,-0.1337015454115138,23.0621451080585,21.320041972324805,0.07765261216758992,0.6102811757417932,26586645000.0,78.31313248689649,52.82559732124199,0.024656995090919676,0.02435791765058029,0.01669591353969485,-0.0785516150624157
2021-09-24,22.0344181060791,22.102275447550486,21.81488289522603,22.023441631035194,217655000,22.191936588287355,20.83417808532715,21.954526666750798,21.696682785739526,41.495492129179276,0.2578438810112722,0.3747996048490103,-0.11695572383773811,23.062313343643122,21.321559832931587,0.07900156483965767,0.5985203203543311,26368990000.0,61.642122168922114,64.99655120800547,-0.017836494043577122,-0.01799748147714503,0.017140681073981975,-0.06064031302291706
2021-09-27,21.61431121826172,21.753017957009202,21.280018765785552,21.664204989181176,245215000,22.14343891143799,20.904074478149415,21.90218582852171,21.690581188148577,39.38559600315073,0.21160464037313176,0.3421606119538346,-0.13055597158070287,23.029717796090868,21.25716002678511,0.0820085244172916,0.625534162352434,26123775000.0,43.35389573922296,61.103050131680526,-0.01906593974004145,-0.019250038536317203,0.016541532504204967,-0.08901226283792874
2021-09-28,20.655332565307617,21.37381486341932,20.607433491656852,21.169247409834707,343069000,22.04439821243286,20.942444572448732,21.710362249565694,21.613896104975172,34.69577179059141,0.09646614459052216,0.29302171848117214,-0.19655557389064998,23.12109855438341,20.96769787048231,0.10425398269877853,0.6486282442798085,25780706000.0,2.07524165613301,35.69041985475937,-0.044367763713139774,-0.04538213001945107,0.019002305615886256,-0.011981336263889641
2021-09-29,20.473718643188477,20.972663870201263,20.423822978492204,20.895826640226495,218394000,21.95119514465332,20.980529708862306,21.520109387046123,21.529438515213194,34.566751116078535,-0.009329128167070877,0.23255154915152354,-0.24188067731859442,23.225543062527578,20.67684722677906,0.12448621963438276,0.6588210934858646,25562312000.0,2.002450052430826,15.81052914926227,-0.008792592496146834,-0.008831475426512098,0.01892068540529173,0.008919404236488848
2021-09-30,20.672300338745117,21.021562413613808,20.64435952502164,20.724190693278036,221009000,21.865127086639404,21.00666290283203,21.389677225769045,21.46594679843778,33.3018029697982,-0.07626957266873546,0.17078732478747174,-0.2470568974562072,23.24203924319448,20.48821493008433,0.13321325000047468,0.6659493480686799,25783321000.0,9.972078858857053,4.683256855806968,0.009699346709675982,0.009652610013643542,0.019121775695739376,0.017329752554819944
2021-10-01,20.698244094848633,20.814995951669495,20.16037968568149,20.706226639761606,240978000,21.782601642608643,21.02964344024658,21.283302897935137,21.40907993150525,35.83203202674693,-0.12577703357011316,0.11147445311595477,-0.23725148668606794,23.23333478579909,20.331868499418196,0.14017934434849044,0.6338742541315051,26024299000.0,23.113273178197204,11.695934029828365,0.0012550009277336738,0.0012542140723367315,0.01915190305760789,0.004290792686697076
2021-10-04,19.690372467041016,20.498663106552392,19.51374583182753,20.460743167184962,345635000,21.627379512786867,21.033184928894045,21.03823667779758,21.281768267470863,28.71434673122951,-0.2435315896732817,0.04047324455810748,-0.28400483423138917,23.273296011439573,19.98146301413416,0.16717982368365505,0.6953872773932025,25678664000.0,5.939597103497133,13.008316380183802,-0.04869358111678934,-0.04991906130672236,0.0207801855770738,0.04880405012831979
2021-10-05,20.407854080200195,20.60443896543691,19.81211346850352,19.907911604183766,279282000,21.517062377929687,21.056343879699707,20.941254739705677,21.21703388322859,35.497227161031205,-0.27577914352291444,-0.0227772330580969,-0.2530019104648175,23.180159164984865,19.85396559087451,0.16298595438005634,0.7320952398009245,25957946000.0,30.06705503860348,19.70664177343261,0.03643819406464477,0.03579002165572736,0.022941312032324534,0.010757511991343893
2021-10-06,20.65633201599121,20.676288377439814,20.0376391312872,20.077555660834182,297202000,21.43528528213501,21.086188468933106,20.897420474518835,21.17550041158138,38.43383974183905,-0.2780799370625431,-0.07383777385898614,-0.20424216320355693,23.098810760317843,19.771759803952175,0.16106688030527458,0.7482042318754208,26255148000.0,38.42286630072388,24.809839480941502,0.012175603315004668,0.012102076874493177,0.023132631138303814,0.011545940499546381
2021-10-07,21.030546188354492,21.277024919797615,20.92776281199335,21.04750862400744,256919000,21.380301761627198,21.117630882263185,20.917901353570475,21.16476306171272,43.842419537022415,-0.2468617081422444,-0.1084425607156378,-0.1384191474266066,23.01963258002342,19.740970943230977,0.1558999755606907,0.7575420521671659,26512067000.0,51.00693331626784,39.832284885198405,0.018116196625498793,0.017954053682890714,0.02360934754738693,0.031838562866909115
2021-10-08,20.78705596923828,21.16126489932197,20.73117434597139,21.056486855696548,151258000,21.298125648498534,21.141030731201173,20.897771294442446,21.136784758566463,47.70957751313999,-0.23901346412401736,-0.13455674139731372,-0.10445672272670364,22.879529283026578,19.71672201397049,0.15215272781949343,0.7000206633562244,26360809000.0,42.818848894886536,44.082882837292765,-0.011577931306940625,-0.01164547742262789,0.02338942538869383,0.04949339371159289
2021-10-11,20.651342391967773,21.0185661050647,20.46773053541931,20.53159660479376,163388000,21.225429439544676,21.16496887207031,20.859859155600187,21.10082606474434,45.52685151050713,-0.2409669091441522,-0.1558387749466814,-0.08512813419747078,22.784115475167884,19.66674340392147,0.15095251495413195,0.705509168499967,26197421000.0,38.25507531970152,44.026952510285305,-0.006528754118492963,-0.006550159652173248,0.023260238995968928,0.07378594991471066
2021-10-12,20.627391815185547,21.012577186630253,20.4846938393816,20.784060195567157,162134000,21.147044944763184,21.183419456481932,20.824094949382552,21.065756861073318,38.42931416777048,-0.24166191169076612,-0.17300340229549838,-0.06865850939526774,22.657337780874805,19.636752108651564,0.1464356569791599,0.6887588187930219,26035287000.0,37.44966578273754,39.50786333244187,-0.0011597588344446352,-0.0011604318751485968,0.023204401036178185,0.07832241947853547
2021-10-13,20.89482879638672,20.945721806793706,20.66930570613976,20.873873186805923,180652000,21.077092933654786,21.205921821594238,20.834977079690887,21.053095522948386,35.20619928272524,-0.21811844325749874,-0.18202641048789847,-0.03609203276960027,22.49020580905545,19.663980058254122,0.13525957921655996,0.6655224066337292,26215939000.0,53.353956456083374,43.01956585284082,0.012965137987260622,0.012881810051704622,0.023432956599178885,0.055590151920947184
2021-10-14,21.70012855529785,21.70910844363068,21.07744429344667,21.24309449297666,243589000,21.052345275878906,21.23537109375,20.968077306707343,21.101023895715013,47.02014667183211,-0.13294658900766976,-0.17221044619185275,0.03926385718418299,22.39878256639442,19.705907985363392,0.12409486764877212,0.6794217153923976,26459528000.0,97.6380984654359,62.81390690141894,0.038540624896165276,0.03781648239044493,0.02519590866008619,0.043501969787249184
2021-10-15,21.81587791442871,21.88473259084707,21.616300990357516,21.763987571571747,226994000,21.050449180603028,21.259891967773438,21.098508169433707,21.15397604524936,51.89985046950321,-0.05546787581565482,-0.14886193211661317,0.09339405630095834,22.392233094691775,19.70866526651428,0.12300984808879138,0.6447097339778265,26686522000.0,97.0959484641833,82.69600112856753,0.005334040249388217,0.005319864643189813,0.024991089632126293,0.039520701659226054
2021-10-18,22.175121307373047,22.243975990824204,21.59833961734775,21.70311955926144,189494000,21.105782318115235,21.297005386352538,21.264140959885914,21.229616435036302,66.15054802108992,0.03452452484961199,-0.11218464072336815,0.14670916557298014,22.538861614078364,19.672703022152106,0.12925108964221466,0.6189067801829398,26876016000.0,97.47806300508961,97.40403664490293,0.016467061025618346,0.01633294925785754,0.02371630940512689,0.04248027076891314
2021-10-19,22.242979049682617,22.33179009685353,21.990512506917007,22.22900674096052,161473000,21.157872104644774,21.336892623901367,21.414731435239254,21.30468033241751,69.26747985874471,0.11005110282174257,-0.067737492014346,0.17778859483608858,22.678606028120548,19.637138181169,0.13673833168470959,0.6040808300563302,27037489000.0,96.84848640450366,97.14083262459219,0.0030600843787496057,0.003055411850341043,0.023702436827892123,0.1088826723520453
2021-10-20,22.05637550354004,22.38567930946501,21.93563045748002,22.257949059996356,146276000,21.16595516204834,21.38021141052246,21.51344590728553,21.360361456204366,65.11218736471662,0.1530844510811633,-0.023573103395244144,0.17665755447640746,22.704790371066057,19.627119953030626,0.1395365443221379,0.5970954787391631,26891213000.0,88.53372442730802,94.28675794563378,-0.008389323468127818,-0.00842471190460744,0.022722144457352055,0.10622988296415392
2021-10-21,22.644126892089844,22.66308781338826,22.036412424885217,22.05038282865257,187590000,21.1764328956604,21.440014419555663,21.687396828024653,21.45545519219588,68.92461654450021,0.2319416358287718,0.027529844449559044,0.20441179137921275,22.75400413475942,19.598861656561382,0.13933601826353512,0.5950997017759515,27078803000.0,99.39794019184292,94.92671700788487,0.02664768689921293,0.026298821360009755,0.02283707397810575,0.09911006057592098
2021-10-22,22.678056716918945,23.08120376239796,22.51340579315989,22.774852206054973,249384000,21.208614826202393,21.4963854598999,21.839806041700697,21.546018268101292,85.84762145312926,0.293787773599405,0.08078143027952824,0.21300634331987678,22.883160751442684,19.5340689009621,0.14767984277868024,0.5510496807914491,27328187000.0,87.66791339142159,91.86652600352419,0.0014983940423400899,0.0014972725701187875,0.02241580309322821,0.1250110073034667
2021-10-25,23.11712646484375,23.30572690449076,22.72196200749555,22.924532850079377,230235000,21.283755588531495,21.555890731811523,22.036316876030398,21.662396653045178,84.83440348693145,0.37392022298521965,0.13940918882066652,0.23451103416455313,23.157923400699485,19.409587776363505,0.16214539597023028,0.5305928014468722,27558422000.0,94.22902768598455,93.76496042308304,0.019360995230126354,0.019175955713972768,0.022189619384828205,0.11486694094537042
2021-10-26,24.664854049682617,25.205712322725873,23.873527758265784,23.938391161876506,485898000,21.484231662750243,21.651099815368653,22.440707210438433,21.88480090464795,88.63235106923085,0.555906305790483,0.22270861221462981,0.33319769357585316,23.86474451660463,19.103718808895856,0.1930287403330505,0.6341597022846942,28044320000.0,88.58462741713983,90.16052283151532,0.06695155590348278,0.0648055691365951,0.023449359771232577,0.06813145309584279
2021-10-27,24.39942169189453,25.03707368304749,24.23077756713748,24.422373889856782,245990000,21.68051681518555,21.75081771850586,22.742047899893215,22.07106911111066,83.16307980891438,0.6709787887825556,0.31236264752821497,0.3586161412543406,24.341111762382035,19.019921867989062,0.2180867219554088,0.6474170745778088,27798330000.0,82.98240331313042,88.5986861387516,-0.010761562069389274,-0.010819886497201683,0.023532719988132274,0.08780804801379327
2021-10-28,24.88838768005371,24.897369471375516,24.471270169615977,24.825520850776506,234204000,21.891321182250977,21.868655853271484,23.072254019917906,22.27975937547681,88.51209619049028,0.7924946444410956,0.40838904691079114,0.3841055975303045,24.865218196565333,18.91742416793662,0.23897867973968645,0.6522640193014091,28032534000.0,93.3025355974283,88.28985544256619,0.020040064651270617,0.019841905594650402,0.02366052679030085,0.19485981841998923
2021-10-29,25.513063430786133,25.654764066294884,24.94726013432384,24.94825747657164,292503000,22.13206214904785,21.983862037658692,23.44776316005148,22.519263379573797,91.81266689394599,0.9284997804776829,0.5124111936241695,0.41608858685351335,25.457997272390685,18.806127025705017,0.2607240900227991,0.6676597919153936,28325037000.0,97.2592125394408,91.1813838166665,0.025099084712227215,0.024789275930249315,0.023818796452427002,0.1636876052850016
2021-11-01,25.772520065307617,25.839378171796714,25.17378532756758,25.594896041853243,265740000,22.43616952896118,22.08394390106201,23.805418068552424,22.76024535629482,92.5273439041263,1.045172712257603,0.6189634973508563,0.4262092149067468,25.93008063796633,18.94225841995603,0.2711346116058168,0.6774961845568566,28590777000.0,98.70682455767727,96.4228575648488,0.010169560202966554,0.01011819815174048,0.019289325956632974,0.19270530097083216
2021-11-02,26.345306396484375,26.6217224937928,25.74557436813177,25.7675292231353,294112000,22.73304214477539,22.172693786621092,24.196170119003494,23.025805433345898,92.88642061121448,1.1703646856575958,0.7292437350122043,0.4411209506453915,26.49965002728242,18.966434262268358,0.2859414747979293,0.7173403369892044,28884889000.0,95.01438982190123,96.99347563967312,0.022224692413676195,0.02198132320749529,0.018659924451279657,0.16120589945591424
2021-11-03,26.541887283325195,26.727495711922842,26.179654119222267,26.613735891491203,239910000,23.02731990814209,22.26866767883301,24.557049682745294,23.286255940751772,92.13280109801667,1.270793741993522,0.8375537364084679,0.43324000558505416,27.02343458058915,19.03120523569503,0.30111759799067483,0.6983090473789625,29124799000.0,96.38130666840554,96.70084034932802,0.007461704331024777,0.007434003526726658,0.01870076683500092,0.10756472972441777
2021-11-04,29.738134384155273,31.298834251427845,27.060793699318,27.171559601999014,1153631000,23.462699317932127,22.420185737609863,25.35413963680837,23.764172862485363,94.87855081980707,1.5899667743230061,0.9880363439913755,0.6019304303316306,28.34250195181735,18.582896684046904,0.32818485321562224,1.0189172879227553,30278430000.0,83.91113106100197,91.76894251710291,0.12042275165707994,0.11370607092477072,0.03050507582590358,0.019764424459284946
2021-11-05,29.68923568725586,31.333757862133087,29.347956214634998,30.123317473930538,851260000,23.907808303833008,22.57361930847168,26.021077490723368,24.203066405060955,94.11771277844812,1.8180110856624125,1.1540312923255829,0.6639797933368297,29.35144288560695,18.464173722059066,0.36670762690671954,1.1146433789243007,29427170000.0,82.50159734067842,87.59801169002866,-0.001644309500647978,-0.001645662861280901,0.030077884747074478,0.021443994523860477
2021-11-08,30.73902130126953,31.034396431529643,29.843912215673015,30.08540230696262,503101000,24.412192249298094,22.736714439392088,26.74691500003816,24.687211212187517,94.72584455480009,2.059703787850644,1.3351657914305952,0.7245379964200489,30.42499149978825,18.39939299880794,0.39121605021574474,1.186349318519819,29930271000.0,93.67175463586698,86.69482767918247,0.03535913234924726,0.03474835430804639,0.029707654463373603,-0.025288996717568124
2021-11-09,30.59232521057129,32.24183980327339,29.90078828330195,32.21389899422513,646746000,24.91043891906738,22.89583801269531,27.33851657088941,25.124627063919647,95.1255343219307,2.213889506969764,1.510910534538429,0.7029789724313349,31.245548599354713,18.57532923878005,0.4141633325797812,1.3214209376617085,29283525000.0,83.83688862424698,86.67008020026412,-0.004772308436904682,-0.004783732260644603,0.02985677612918317,-0.014808853490036133
2021-11-10,29.39685821533203,30.784924757486024,28.717294974334806,29.294076749454003,636206000,25.33554039001465,23.037019577026367,27.655184516188275,25.441088630690935,83.54321183771322,2.21409588549734,1.6515476047302113,0.5625482807671285,31.67710383452435,18.99397694550495,0.4314449794639779,1.4243462515651497,28647319000.0,70.75601699419113,82.75488675143502,-0.039077349858524624,-0.03986136217791658,0.032665566518817635,-0.006721397418445685
2021-11-11,30.325891494750977,30.525470354822794,29.714185657516225,30.40372797344251,332172000,25.766828536987305,23.19566417694092,28.06606251289023,25.80292587988057,84.8871371832187,2.263136633009662,1.7738654103861016,0.48927122262356026,32.23928798167226,19.294369092302343,0.4268602916953165,1.4644044065831994,28979491000.0,79.87423420318588,78.15571327387467,0.03160314862948188,0.031114047200970454,0.032468851310412064,0.04228365405933188
2021-11-12,30.325891494750977,30.615280651522603,29.567494491133164,29.946693944604604,413054000,26.19232921600342,23.35520694732666,28.413728510099578,26.13796036987097,84.25648175324196,2.2757681402286067,1.8742459563546028,0.40152218387400396,32.69001303286872,19.69464539913812,0.42852384524227194,1.4944126903558868,28979491000.0,77.10472196795665,75.9116577217779,0.0,0.0,0.03259443430636138,0.08538991255134354
2021-11-15,29.96166229248047,30.57935600274197,29.185303594652737,30.487551019532958,384909000,26.58165626525879,23.49854389190674,28.651872168927408,26.421197549323526,78.36080328370969,2.2306746196038816,1.9455316890044587,0.28514293059942286,32.99845826606558,20.164854264451993,0.42833417840219307,1.4448031582278233,28594582000.0,71.53713896737713,76.1720317128399,-0.01201050271955073,-0.01208321157371718,0.0332385505716067,0.0643129788000667
2021-11-16,30.1392879486084,30.32589375894315,29.643336595058535,29.696226196021204,264484000,26.97647171020508,23.649045715332033,28.880705365801408,26.69661165297426,81.02480060002804,2.184093712827149,1.9932440937689968,0.19084961905815234,33.23910846968168,20.713834950728476,0.4155796095883389,1.4359646616545807,28859066000.0,72.94211422689746,73.86132505407708,0.005928431286421176,0.005910927284440747,0.033187462237914675,0.05108752133556549
2021-11-17,29.199270248413086,30.4446385457493,28.739242339156842,30.353829013241555,428508000,27.33361644744873,23.787193641662597,28.929715347741666,26.881993771154914,72.21760848971576,2.0477215765867527,2.004139590332548,0.04358198625420462,33.218125647610655,21.449107247286808,0.4030586483908264,1.522210977876829,28430558000.0,58.28999485200839,67.589749348761,-0.03118911441432093,-0.03168585065270597,0.03443060322738319,0.11664009267333153
2021-11-18,31.60818099975586,32.690891284605854,31.254927669456258,32.29872256948904,781711000,27.781819152832032,23.9767529296875,29.341786986513082,27.232081714014242,76.53342419795472,2.1097052724988394,2.0252527267658067,0.08445254573303274,33.52625823995686,22.0373800657072,0.36347799243298434,1.7168713100162285,29212269000.0,85.59671378993642,72.2762742896141,0.08249900531242527,0.07927226201410903,0.037574973478236816,-0.005430252253980972
2021-11-19,32.9154167175293,33.018200072194944,31.837695120260975,32.17498143367427,533867000,28.29368715286255,24.186449699401855,29.89157617590019,27.653069492052396,78.49518745195383,2.2385066838477954,2.0679035181822045,0.17060316566559086,33.94697707507764,22.64039723064746,0.34350407717635845,1.7700446120312248,29746136000.0,98.58670912220755,80.8244725880508,0.04135751177151059,0.04052516177042326,0.03774061105677686,0.011853863770616258
2021-11-22,31.888586044311523,34.573909183585116,31.832704423703742,33.446291928728265,754335000,28.732260131835936,24.38211608886719,30.198808463348087,27.966811458886404,71.34073038257338,2.2319970044616824,2.1007222154381,0.13127478902358236,34.04536419655873,23.41915606711314,0.3332292035363279,1.9032629430469636,28991801000.0,68.00998874392057,84.06447055202152,-0.031196040506785594,-0.03169299974374672,0.03940347783875257,0.022530859416191484
2021-11-23,31.67902946472168,32.29173450046671,30.814855236904044,31.468474145181016,532163000,29.08296890258789,24.57179504394531,30.426534771251717,28.241790570429757,69.75742742220072,2.18474420082196,2.117526612514872,0.06721758830708824,34.187514446330496,23.978423358845284,0.32226653593836374,1.96962277667997,28459638000.0,61.468984131281275,76.02189399913647,-0.006571523092891329,-0.006593210616360757,0.03789107755993389,-0.009675153765127065
2021-11-24,32.60507583618164,32.78569378331727,30.862758634892,31.394635245658122,435162000,29.493251609802247,24.77801918029785,30.76169493508709,28.56499688641138,63.3590511430747,2.19669804867571,2.1333608997470397,0.06333714892867048,34.32452722905795,24.661975990546544,0.2963511352360952,1.767193360988729,28894800000.0,66.38273791438061,65.28723692986084,0.02923215726956596,0.028813045855301256,0.03761163819742777,-0.016651486301109464
2021-11-26,31.436540603637695,32.64099310849513,31.283863498749785,32.53122455866597,283069000,29.820659255981447,24.962848358154297,30.865517345633336,28.777703828428145,57.37261326563272,2.0878135172051913,2.12425142323867,-0.03643790603347874,34.20480532263426,25.436513189328636,0.2789203889785187,1.7222882154349615,28611731000.0,46.43033554342092,58.09401919636094,-0.03583905887583394,-0.03649704693280483,0.039275502968742416,-0.025592348797318976
2021-11-29,33.30559158325195,33.34151493953768,31.968418209027394,32.29772388938831,454964000,30.210285663604736,25.19188419342041,31.240913382190048,29.113102921378058,60.129144414224974,2.1278104608119897,2.124963230753334,0.0028472300586557253,34.36142238217804,26.059148945031435,0.24927566340906812,1.762274900551119,29066695000.0,78.34384243521899,63.71897196434018,0.05945472827878451,0.05775436848699243,0.04058711970108503,-0.09993189675107639
2021-11-30,32.60706329345703,33.282636999598125,31.79677797027339,33.09902325931394,622066000,30.552012825012206,25.42265628814697,31.45109029161574,29.371914800791316,57.61942285535769,2.079175490824422,2.1158056827675518,-0.03663019194312955,34.267327551697,26.836698098327414,0.2278840442175185,1.702829335765913,28444629000.0,66.41667317465287,63.73028371776426,-0.020973303778401675,-0.021196367955592887,0.0413391397945767,-0.007498701996994317
2021-12-01,31.372529983520508,33.2228476004512,31.317638978190622,33.15298701314343,484368000,30.803374004364013,25.626083221435547,31.439004090370318,29.520108518030515,57.44966751599655,1.9188955723398031,2.076423660682002,-0.157528088342199,33.95832491044332,27.648423098284706,0.20112824230220203,1.6912278242737246,27960261000.0,45.131756690220726,63.29742410003087,-0.037860916784377974,-0.03859626161948283,0.04276271206455264,0.012438290513860917
2021-12-02,32.06215286254883,32.413454492397044,30.963341136104958,31.15196660239209,472890000,31.079387283325197,25.82943199157715,31.534873132243934,29.708408099105945,56.667299911868426,1.826465033137989,2.0264319351731994,-0.1999669020352104,33.5579580018039,28.6008165648465,0.1546103737390553,1.7141921969023906,28433151000.0,56.951161247460725,56.16653037077811,0.021981742607005916,0.021743627245236274,0.04284750659638724,-0.05092457365054037
2021-12-03,30.63200569152832,32.06515280246205,30.070122891831872,31.936407545327572,544325000,31.124080848693847,25.993380661010743,31.395970449056918,29.776822735581675,51.0591548176492,1.6191477134752432,1.9449750908336083,-0.3258273773583651,33.53204904590973,28.716112651477967,0.1572191009276181,1.7818524647767293,27888826000.0,32.43995591375614,44.84095795047921,-0.0446054629316871,-0.0456308959949856,0.03585039266629785,-0.016127528822708737
2021-12-06,29.9773006439209,30.180893752438724,27.982273206253097,29.820611196732987,658938000,31.1384840965271,26.15223831176758,31.17771355595907,29.79167295101421,50.05304243263969,1.38604060494486,1.8331881936558587,-0.4471475887109988,33.51353652205857,28.76343167099563,0.1584567238887207,1.8715438988614428,27229888000.0,30.266043880849033,39.88572034735531,-0.02137323472058794,-0.021604949919270262,0.0362278131879643,-0.06245614945950306
2021-12-07,32.362552642822266,32.38451208748878,30.590083198512986,30.89547671326527,593053000,31.219660663604735,26.367203140258788,31.35999649239956,29.98210848374073,56.558700392831554,1.3778880086588288,1.7421281566564528,-0.36424014799762405,33.647617664632676,28.791703662576797,0.15004731102794758,1.9947334902673906,27822941000.0,66.45208338215268,43.052694392252626,0.07956860516675879,0.07656152167844847,0.03961842913784535,-0.12612956995274083
2021-12-08,31.76275062561035,32.22582919300085,31.358554819452596,31.935407148072855,475551000,31.278181934356688,26.589351501464844,31.42195866673968,30.114007901657,57.71725529519531,1.3079507650826798,1.6552926783416984,-0.34734191325901853,33.698883631150316,28.857480237563063,0.1524239336401685,1.944633605751477,27347390000.0,57.352642527354575,51.3569232634521,-0.018533829016264103,-0.018707732508885605,0.039884754349301534,-0.04295228156128905
2021-12-09,30.429401397705078,32.14099491923516,30.367524347573724,31.67092845038367,488507000,31.32980909347534,26.788465156555176,31.269257548426665,30.13737038284575,46.20561134596599,1.1318871655809168,1.5506115757895422,-0.4187244102086254,33.62221194869968,29.037406238251002,0.150670256392045,1.8219085725706676,26858883000.0,37.124747171964046,53.643157693823774,-0.041978392980556056,-0.04288494696557504,0.04004931458567898,-0.0689734150611423
2021-12-10,30.13798713684082,31.242787533822337,29.801656967245915,31.088094881745874,488825000,31.320413875579835,26.97777889251709,31.095215946644228,30.137416068326864,40.43411850997726,0.9577998783173634,1.4320492362951065,-0.47424935797774315,33.63160405288516,29.009223698274514,0.15337389101743376,1.8241308221519061,26370058000.0,32.703776993662444,42.393722230993696,-0.009576733273702676,-0.00962288507582831,0.039528128268457856,-0.07937625407529969
2021-12-13,28.10503387451172,30.233796207467403,28.060123228578693,30.188885561534377,598344000,31.20937099456787,27.125914688110353,30.63518793554692,29.98686923915537,37.813466672160686,0.6483186963915486,1.275303128314395,-0.6269844319228464,33.90344181480981,28.515300174325933,0.1917144688222685,1.7835928377952874,25771714000.0,2.2906350253485788,24.03971973032503,-0.06745484537831026,-0.06983770544973246,0.0423430329456413,-0.015695414197850366
2021-12-14,28.280677795410156,28.620999634166335,27.195838403139206,27.643945385119483,667035000,31.125321769714354,27.297720794677733,30.27295560629511,29.86048468776684,39.03020349992692,0.4124709185282711,1.1027366863571701,-0.690265767828899,34.07596005683779,28.17468348259091,0.2086681449765195,1.7798986926141775,26438749000.0,17.65207435941908,17.54882879281004,0.006249553787506024,0.006230106309549952,0.042334408674176136,0.026043992063245813
2021-12-15,30.398468017578125,30.439386903160617,27.78267647993618,28.343559883214983,698297000,31.13828077316284,27.49753307342529,30.29226520803096,29.9003353047899,43.385994644475346,0.3919299032410599,0.9605753297339482,-0.5686454264928883,34.07291819888222,28.203643347443457,0.19307798169449905,1.8323112122426897,27137046000.0,52.1119130652233,24.018207483330325,0.07488470529202362,0.07221340493669721,0.04569265956010873,-0.034768137540821864
2021-12-16,28.330581665039062,31.0980712089087,28.037167251669285,31.090087687112458,707366000,31.094846343994142,27.65101806640625,29.99046773987836,29.784057257400946,41.166555737815024,0.20641048247741267,0.8097423602826411,-0.6033318778052285,34.17254683114807,28.017145856840212,0.21727054696881984,1.9540093799208373,26429680000.0,18.464090242865346,29.409359222502577,-0.06802600549946436,-0.0704503675822599,0.047770787134951496,0.04413997510600942
2021-12-17,27.745746612548828,28.86451893479829,27.70482773381929,27.929380931127152,713758000,30.90172462463379,27.785322074890136,29.645126027981508,29.633071283708198,32.941559234063504,0.012054744273310547,0.650204837080775,-0.6381500928074645,34.31069662413492,27.492752625132656,0.2457293398592002,1.9007748702836242,25715922000.0,9.034440693325958,26.536814667138206,-0.02064324197098788,-0.02085929218034311,0.04374368463698568,0.11308956591164421
2021-12-20,27.66391372680664,28.08806836031616,27.09105503438404,27.250736913132904,461847000,30.639149475097657,27.922859230041503,29.340324135493066,29.487207760974748,34.23717206908037,-0.14688362548168143,0.49078714456828376,-0.6376707700499652,34.20063134661918,27.07766760357613,0.25748214129734004,1.8642177069231638,25254075000.0,9.342434307046329,12.280321747745882,-0.0029493848871660067,-0.0029537428938410945,0.04234008859813692,0.093906669521999
2021-12-21,29.01721954345703,29.062130190371207,27.346544620384616,28.31761243890149,524385000,30.49558115005493,28.09017677307129,29.29061573671829,29.4523938189364,42.545797159805616,-0.16177808221810963,0.3602740992110051,-0.5220521814291148,34.07643829558043,26.914724004529436,0.24680911554345872,1.8506732031893074,25778460000.0,36.18977725941266,18.188884086594985,0.04891953575386632,0.047760620803746975,0.04377662857426313,0.03184854384758684
2021-12-22,29.341569900512695,29.49626253795648,28.39245970985011,28.833582616767877,395184000,30.378708171844483,28.264460334777834,29.298454838840506,29.444184639793903,41.18597874006113,-0.14572980095339716,0.25907331917812465,-0.4048031201315218,33.94949788839052,26.807918455298452,0.2433945919494675,1.8259367368903274,26173644000.0,42.515030217984354,29.34908059481445,0.011177857911917055,0.011115847327280092,0.043897333745243954,0.006326546226710361
2021-12-23,29.581092834472656,29.999260737951445,29.37250856669955,29.695864054966595,343022000,30.227509021759033,28.438185615539552,29.3419376073993,29.454325987547886,46.310681789430305,-0.11238838014858743,0.18478097931278226,-0.2971693594613697,33.65456283666924,26.800455206848827,0.23170569350409206,1.730412517376654,26516666000.0,47.039916913234414,41.914908130210485,0.008163262387530734,0.008130123188290813,0.04333440327403701,-0.007725895111822756
2021-12-27,30.883501052856445,31.025219046682178,29.58109424412039,29.601054953911746,403686000,30.19985704421997,28.621853065490722,29.579101214392704,29.56019080720037,53.04291237424964,0.018910407192333167,0.15160686488869246,-0.1326964576963593,33.59460811115062,26.805105977289323,0.21984237221813716,1.6442977835862467,26920352000.0,71.64403110688512,53.73299274603463,0.04402840103547545,0.04308669314739215,0.04391913851260869,-0.026628027472341165
2021-12-28,30.26173973083496,31.267735891884268,29.952354442300354,31.249772014643753,420591000,30.047664451599122,28.79077030181885,29.68412252461459,29.61215739413627,41.99803461042962,0.07196513047832198,0.13567851800661837,-0.06371338752829639,33.11311130888542,26.982217594312818,0.20259554702089974,1.5663099268731062,26499761000.0,61.74925318794427,60.14440040268794,-0.0201324752966755,-0.020337895329165606,0.0418054863882141,-0.034034761541868463
2021-12-29,29.941375732421875,30.48728951276,29.30763749732145,30.212836426014583,343139000,29.914380073547363,28.946095390319826,29.723699941200326,29.63654393771298,42.91151370219637,0.08715600348734753,0.1259740151027642,-0.038818011615416675,32.733154029383996,27.09560611771073,0.1882862017448542,1.578856654878026,26156622000.0,56.44266590229793,63.278650065709115,-0.010586436908868624,-0.010642871882314879,0.0416471832477584,-0.0798973544493583
2021-12-30,29.52720069885254,30.39646994729714,29.481292592153306,29.7677209545132,308864000,29.822113609313966,29.091779823303224,29.693469288531436,29.628444438538132,46.21821644810853,0.06502484999330349,0.11378418208087207,-0.04875933208756858,32.55955406256801,27.084673156059925,0.1854182169974835,1.51754999655534,25847758000.0,58.3273117339225,58.8397436080549,-0.013832865839923603,-0.013929431482493497,0.04094250636744058,-0.047590050021455665
2021-12-31,29.35255241394043,29.97032369459482,29.272711469744927,29.61503025561197,266530000,29.686633586883545,29.23770336151123,29.641020538594358,29.608007992271634,46.67512076599019,0.033012546322723324,0.09762985492924232,-0.064617308606519,32.21770871718701,27.155558456580078,0.1724603090463356,1.4644415435748737,25581228000.0,54.145802759956446,56.30526013205897,-0.005914827033329129,-0.005932388907285837,0.04054731713731244,-0.07357813675845604
2022-01-03,30.061134338378906,30.64996185658539,29.725801701923427,29.755742761742617,391547000,29.658090019226073,29.386043510437013,29.705653430868903,29.6415729067981,59.32621634111124,0.06408052407080334,0.09091998875755453,-0.02683946468675119,32.156946555152736,27.15923348329941,0.1662516462485173,1.4018512909860343,25972775000.0,71.11099470169643,61.19470306519179,0.024140385287309885,0.023853612227792923,0.039797929386275965,-0.0903355004970594
2022-01-04,29.231788635253906,30.40744692192532,28.292658836690123,30.216826539242714,527154000,29.620814418792726,29.51711814880371,29.632751154620443,29.611218516313343,54.26858992473656,0.02153263830710017,0.07704251866746366,-0.05550988036036349,32.12186249292133,27.11976634466412,0.1711183742695997,1.4511103520008963,25445621000.0,51.25442123530035,58.83707289898441,-0.027588636336526307,-0.02797635040578458,0.03999579535630393,-0.050290110659906184
2022-01-05,27.54913902282715,29.357538070443287,27.478280983281813,28.891465241719928,498064000,29.38014373779297,29.605758399963378,29.31219544203686,29.45847188716622,36.692427136551835,-0.14627644512935944,0.03237872590809904,-0.17865517103745848,31.689331788375313,27.070955687210628,0.16764139515713758,1.3955779708535416,24947557000.0,10.967655991978212,44.444357309658336,-0.05756232139683237,-0.05928548534419147,0.037203084945497594,0.014309577411800056
2022-01-06,28.121999740600586,28.381483256103156,27.01121270492406,27.58506883228335,454186000,29.19810619354248,29.67490131378174,29.129088411046663,29.35947395038358,48.86771225463948,-0.2303855393369183,-0.020174127140904434,-0.21021141219601386,31.27919989825313,27.11701248883183,0.1480046741986212,1.2748184418492332,25401743000.0,26.09611146530211,29.43939623086023,0.020794142325056608,0.020580895273993736,0.03761848086616608,-0.056888325014597396
2022-01-07,27.192846298217773,28.36551212654154,27.003223390433572,28.08507047729888,409939000,29.036278438568115,29.730769805908203,28.83120500907299,29.198983013186115,47.10673664251248,-0.3677780041131271,-0.08969490253534897,-0.27808310157777816,31.215280248155928,26.8572766289803,0.16026287102800457,1.289289694358445,24991804000.0,4.446531876157722,13.836766444479352,-0.03304009142142783,-0.033598243976141286,0.03721187790678486,-0.011193751116565953
2022-01-10,27.34554672241211,27.41440984015935,25.593035959641192,26.528174103666952,594681000,28.89665641784668,29.77991298675537,28.602642195740543,29.061691436091746,48.34628758741577,-0.4590492403512023,-0.16356577009851964,-0.2954834702526827,31.135460502556924,26.657852333136432,0.16374176807921317,1.3481725911145908,25586485000.0,30.882879859505845,20.475174400321894,0.005615463071416027,0.005599755136113947,0.03726742585613114,-0.054635081874502944
2022-01-11,27.76171875,28.009226996384303,26.785663592042308,27.268700993300914,404089000,28.879490661621094,29.82488609313965,28.473269357934306,28.965397163047914,42.77508906747793,-0.49212780511360776,-0.22927817710153728,-0.26284962801207046,31.148906617611477,26.610074705630712,0.1634924679143205,1.3130281507114054,25990574000.0,38.21669543537277,24.515369057012112,0.015219005559204968,0.015104358242810013,0.034351535204734815,-0.09886042974795972
2022-01-12,27.943355560302734,28.538169841179762,27.553131884370423,28.01121930597054,383413000,28.86262454986572,29.86830280303955,28.39174415829868,28.88969037765938,41.8194620293789,-0.4979462193607027,-0.28301178555337037,-0.21493443380733235,31.15566961682976,26.569579482901684,0.16412095261899137,1.3045449456187606,26373987000.0,41.41751331895255,36.83902953794372,0.006542707673772297,0.006521397064142077,0.03435442898655011,-0.13746939837543992
2022-01-13,26.522186279296875,28.423399112253964,26.445337738615446,28.322600004609768,540171000,28.66881046295166,29.871840400695802,28.104119869221478,28.714319703706604,34.27722080885903,-0.610199834485126,-0.3484493953397215,-0.2617504391454045,31.068078887028182,26.26954203887514,0.18092538818712553,1.398857126775887,25833816000.0,16.37355861254634,32.00258912229055,-0.0508589341727026,-0.052197844604197255,0.03129040875569948,-0.12045150670997684
2022-01-14,26.888456344604492,27.142950637215478,26.1579107320568,26.24773202314796,395832000,28.59670419692993,29.878771781921387,27.917094711588096,28.579070565995337,27.278906473684344,-0.6619758544072418,-0.4111546871532256,-0.2508211672540162,31.12213687090241,26.071271522957453,0.18784512146077423,1.3660652477008266,26229648000.0,22.827997959408773,26.873023296969222,0.013809949958519363,0.013715461526118501,0.027972290684384542,-0.13250676814239892
2022-01-18,25.851520538330078,26.585060416480562,25.71878543976193,26.20781139067626,424270000,28.501992893218993,29.801039505004884,27.599314069548402,28.37702982320532,26.0487641575219,-0.777715753656917,-0.48446690045396396,-0.2932488532029531,31.290204857303824,25.713780929134163,0.21570970728400637,1.355657351647873,25805378000.0,5.111496270767357,14.771017614240826,-0.03856434869242642,-0.03932764151003775,0.028865782381666732,-0.13816920942725208
2022-01-19,25.017183303833008,26.49024985304365,25.002213722761,26.027173172244265,488315000,28.369656372070313,29.707598457336427,27.202063182515264,28.128152303251813,24.671450257055454,-0.9260891207365489,-0.572791344510481,-0.35329777622606795,31.549141943922265,25.19017080021836,0.2541841368180571,1.3776847884224517,25317063000.0,0.26505397752611404,9.401516069234082,-0.03227420349452936,-0.03280649990639966,0.029591723304825037,-0.0915546557698188
2022-01-20,24.101999282836914,25.528159867275054,24.030141886890853,25.253706835668737,435181000,28.123895359039306,29.574858016967774,26.72513027487244,27.829918746184042,23.462191095232797,-1.1047884713116005,-0.6791907698707049,-0.4255977014408956,31.81182588248859,24.43596483559002,0.30602693827772776,1.4193162616539066,24881882000.0,1.0854886728667672,2.1540129737200817,-0.03658221670606199,-0.03726812606709396,0.027559696741976433,-0.09134555765891661
2022-01-21,23.32754898071289,24.773668763232777,23.216769512080788,23.460284088756683,718958000,27.823194313049317,29.429562492370607,26.20242546038636,27.49640987466766,22.161748645660808,-1.2939844142813008,-0.8021494987528242,-0.4918349155284767,32.03639998727338,23.609988638825254,0.36122146203251104,1.4806939063897706,24162924000.0,1.4903350200415488,0.9469592234781458,-0.03213220169148001,-0.03265977302769478,0.027602847057883694,-0.02284594542398366
2022-01-24,23.32555389404297,23.333537417415997,20.846490952240618,22.2856247841545,913982000,27.51041736602783,29.308136405944825,25.759829834795067,27.18745757980657,16.704531288753415,-1.4276277450115025,-0.9272451480045598,-0.5003825970069427,32.087240178244706,22.933594553810956,0.39242993611274835,1.5656679794276578,23248942000.0,25.92902790686959,9.50161719992597,-8.552491612257018e-05,-8.552857358674677e-05,0.027361416704101763,0.04766393977484262
2022-01-25,22.27963638305664,22.897407670690043,21.956280840945627,22.50119533882482,664616000,27.080224132537843,29.147211303710936,25.22441545760454,26.823915268936204,16.354363914488488,-1.5994998113316647,-1.061696080669981,-0.5378037306616839,31.9313067090397,22.229141556035987,0.4354723293591127,1.512416905703525,22584326000.0,16.83864994217401,14.752670956361717,-0.044839986040093205,-0.045876398652272,0.024990955564396046,0.10365513204153154
2022-01-26,22.726743698120117,24.009189816429384,22.25568159985635,23.19381403507695,755959000,26.7034743309021,28.99522834777832,24.840158263837704,26.520421078505382,23.491349899026872,-1.6802628146676781,-1.1854094274695204,-0.49485338719815775,31.682878277670458,21.724070384133743,0.43819774736846595,1.5034348435186367,23340285000.0,24.445283959252432,22.404320602765342,0.02006798079539096,0.019869272913929783,0.0262185936724963,0.10846655984095821
2022-01-27,21.900388717651367,23.947313152254385,21.631922323422884,23.521161726766028,573353000,26.301424980163574,28.834002876281737,24.38788602596288,26.178196459182864,16.727161796090414,-1.7903104332199824,-1.3063896286196128,-0.48392080460036957,31.474766661531643,21.128083298795506,0.47244290939899497,1.5709434347795226,22766932000.0,13.701790993761668,18.328574965062703,-0.036360465513460394,-0.03703798118086319,0.026677409254576036,0.0913231896120843
2022-01-28,22.79460906982422,22.81257294726287,21.253676914429107,21.96825357562381,543774000,25.96479539871216,28.687109298706055,24.14276649424924,25.92756035626741,26.390250305632946,-1.7847938620181694,-1.4020704752993243,-0.3827233867188451,31.130516300405695,20.799074497018623,0.4532405785832915,1.5849868131170795,23310706000.0,25.327605916203478,21.158226956405862,0.04083125481019989,0.04001967736770009,0.029475413745038436,0.06475473895777228
2022-01-31,24.437341690063477,24.460296700397127,23.00619130743321,23.135932134973686,564680000,25.71903486251831,28.591870727539064,24.18808575514374,25.817173788400453,36.54167473248318,-1.6290880332567141,-1.4474739868908024,-0.18161404636591172,30.669323455429357,20.768746269607263,0.4051413329399814,1.5738663666924186,23875386000.0,46.68487581456055,28.571424241508566,0.07206671609095183,0.06958829587155305,0.03502015797232019,0.009883154382871684
2022-02-01,24.589035034179688,25.095027394146598,23.842520509649365,25.054108511883626,518925000,25.44542989730835,28.45148780822754,24.24977025961081,25.726200547347062,34.94932494428532,-1.4764302877362532,-1.4532652470598926,-0.023165040676360604,29.97199068521172,20.918869109404984,0.3681771799187139,1.5759337581320785,24394311000.0,48.657050502126204,40.223177410963416,0.006207440483507742,0.006188253684500755,0.034362782300167635,0.019076329208106646
2022-02-02,25.191835403442383,25.765691523974446,24.50420361965189,25.74273842128798,543419000,25.243432235717773,28.2970161819458,24.394703358661822,25.686617944094863,37.44878239821869,-1.291914585433041,-1.4209951147345223,0.1290805293014814,29.404354736176614,21.08250973525893,0.33033897164080905,1.5956801829544511,24937730000.0,57.34983662017374,50.89725431228683,0.02451500713325183,0.024219336840632696,0.03488530295796151,0.05795903428714766
2022-02-03,23.900402069091797,25.027157834017917,23.73273670872328,24.409388646213237,410178000,25.060995388031007,28.137252502441406,24.31865700642028,25.554305657057597,37.897333714018714,-1.2356486506373159,-1.3839258219150812,0.1482771712777653,29.114839396996864,21.00715137906515,0.3392281014559435,1.558611420174493,24527552000.0,48.5020355749066,51.50297423240219,-0.051263963648084054,-0.05262466832325194,0.03442868097661313,0.07833668270887473
2022-02-04,24.270668029785156,24.586039987928007,23.585033117362396,23.92435754479338,354829000,24.868428802490236,27.989085273742674,24.311274086937953,25.45922138837075,37.92023597056871,-1.1479473014327972,-1.3367301178186244,0.18878281638582717,28.66795994592831,21.068897659052162,0.3130965442545923,1.5597519177035595,24882381000.0,59.669523881965674,55.17379869234867,0.015492038988423218,0.01537326250823623,0.03422714003803374,-0.015214517769210123
2022-02-07,24.67885971069336,25.13195606384545,24.153904034057735,24.323566276250155,376868000,24.742729473114014,27.83056095123291,24.36782572136186,25.401416819653907,44.2554269971651,-1.033591098292046,-1.2761023139133088,0.24251121562126277,28.381413117114324,21.104045829113705,0.29488263936470827,1.5460648551996419,25259249000.0,67.90454420773362,58.692034554868634,0.016818312557662862,0.016678450720762978,0.03402909861016727,-0.018642875746879728
2022-02-08,25.058103561401367,25.179860856231137,23.9323449370335,24.310591474393373,410359000,24.628357315063475,27.702992210388185,24.47402231213717,25.375986207931497,50.209813171244605,-0.9019638957943279,-1.2012746302895128,0.29931073449518486,28.060504778828147,21.196209851298804,0.2739351328287614,1.5288848401221409,25669608000.0,85.61579360079153,71.06328723016361,0.015367154526336524,0.015250275683110286,0.03424764210691596,0.05524133173457102
2022-02-09,26.65192985534668,26.671890566783304,25.302617361297145,25.571081886954367,524282000,24.57286787033081,27.569918975830078,24.809085011092478,25.470500552184475,62.22374684568078,-0.6614155410919977,-1.0933028124500097,0.43188727135801197,27.822761225218525,21.322974515443097,0.24387677534246163,1.5371540561934078,26193890000.0,99.65735033209793,84.39256271354104,0.06360522415592484,0.06166429214217614,0.037240270106965,-0.007264647180008521
2022-02-10,25.772680282592773,26.871492136649884,25.54912640450638,25.943341891805627,513200000,24.464334106445314,27.433231315612794,24.95733043747714,25.492884235918424,61.60476409289493,-0.5355537984412848,-0.9817530096482647,0.4461992112069799,27.366687176645726,21.5619810362449,0.22522710392373912,1.520401661978516,25680690000.0,81.76246242543318,89.01186878610754,-0.032990090305881514,-0.03354653570739269,0.03784181242799169,-0.05099913730497685
2022-02-11,23.90140151977539,26.100024146681793,23.72575262390276,25.864493128365556,605472000,24.33329486846924,27.28380874633789,24.794879834753793,25.374996627315237,52.32115827053231,-0.5801167925614443,-0.9014257662309006,0.3213089736694563,27.076748906472446,21.58984083046603,0.2295642818881015,1.5123463089502054,25075218000.0,47.13085959826752,76.18355745193288,-0.07260706850429022,-0.07537792890447026,0.03955241336297544,-0.012818785851463121
2022-02-14,24.218774795532227,24.825566329350934,23.707791249016562,23.886436378110282,440424000,24.199810791015626,27.12694118499756,24.706248290258166,25.28935056570168,58.30411232667691,-0.5831022754435153,-0.8377610680734237,0.2546587926299083,26.66553242032155,21.7340891617097,0.20362067446622367,1.4943821680385647,25515642000.0,52.780267119629194,60.557863047776635,0.01327843789805594,0.01319105215568532,0.039539677987814055,-0.03613970594315641
2022-02-15,26.442346572875977,26.49224644503513,24.734746450060985,24.89941755103267,699869000,24.22935209274292,27.043148002624513,24.97334033373783,25.37475767734422,63.81035393820168,-0.4014173436063899,-0.7504923231800169,0.349074979573627,26.790697867761413,21.66800631772443,0.19373059557776676,1.5315224132478409,26215511000.0,92.36098825393778,64.09070499061148,0.09181190196929134,0.08783861154194327,0.044106853922898884,-0.15504827277281452
2022-02-16,26.45831298828125,26.529172937045136,25.501219224442693,26.206814897463676,732676000,24.301408576965333,26.97276824951172,25.201797665206048,25.455021033709926,68.02712859711303,-0.2532233685038783,-0.6510385322447892,0.39781516374091097,27.031593986883802,21.571223167046863,0.20637637865480737,1.4395626192314797,26948187000.0,92.64519865906604,79.262151344211,0.0006038199129290156,0.0006036376870361161,0.04336686407279489,-0.10422097357973481
2022-02-17,24.458295822143555,25.733755858622583,24.11697644225443,25.579063213609647,810595000,24.319223403930664,26.814683113098145,25.087412766273356,25.38118953655686,56.05080654278364,-0.2937767702835039,-0.5795861798525322,0.28580940956902834,27.048579832774738,21.58986697508659,0.22318451364653338,1.4954512273166982,26137592000.0,37.56769727620258,74.19129472973547,-0.07559125810566725,-0.0786009437958905,0.04606666164529814,-0.01428162459718485
2022-02-18,23.595014572143555,24.936343397057144,23.054091914566957,24.61897459185381,761255000,24.332596683502196,26.65132839202881,24.85781304409954,25.24888027993365,46.7523342400512,-0.39106723583411096,-0.5418823910488481,0.1508151552147371,27.044056547727152,21.62113681927724,0.2298332858354006,1.5109200738822182,25376337000.0,14.169922616595578,48.127606183954725,-0.035296050725595496,-0.035934013028993114,0.046194354764140834,0.03142705562057979
2022-02-22,23.343515396118164,24.01617571252817,22.9542910697266,22.98922136037415,633422000,24.33349475860596,26.50961067199707,24.624844175179327,25.107742140391764,45.23446680099127,-0.48289796521243744,-0.530085505881566,0.04718754066912856,27.04356175370568,21.623427763506236,0.23219013495716972,1.497304199475385,24742915000.0,9.936286640448397,20.557968844415512,-0.01065899642724999,-0.01071621045561376,0.04627487190534932,0.003719341679790933
2022-02-23,22.342506408691406,24.106994175655707,22.256678790095112,23.754695100866613,566511000,24.336638259887696,26.353701057434083,24.27371528802734,24.902909863969516,39.42044742409959,-0.6291945759421758,-0.549907319893688,-0.07928725604848774,27.036802097444586,21.636474422330807,0.24170643956995846,1.539363305278102,24176404000.0,1.8598286026404802,8.655345953228148,-0.0428816727232616,-0.04382825120513434,0.04617461690750261,0.08206228015449679
2022-02-24,23.700801849365234,23.752698549006187,20.8484821049316,20.973233676940158,735801000,24.38534116744995,26.265616416931152,24.1855747590024,24.81386482585068,49.262546342908784,-0.6282900668482796,-0.5655838692846064,-0.06270619756367324,26.996926309715047,21.773756025184856,0.22037947567035923,1.6425860016606368,24912205000.0,47.357047870404024,19.717721037830962,0.0607942285358567,0.05901789976333386,0.047917889356179355,-0.001261382743955708
2022-02-25,24.108991622924805,24.168871850041366,23.334534721068575,23.67385918065925,528866000,24.49577131271362,26.182182693481444,24.173792738067384,24.761651996004318,49.404330929767994,-0.5878592579369339,-0.570038947015072,-0.01782031092186198,26.837802576427556,22.153740048999687,0.19428695321184147,1.6306810201182924,25441071000.0,54.13422026995501,34.450365580999836,0.01722261449861051,0.017075986425078668,0.047080997869571636,-0.050382613050338754
2022-02-28,24.336536407470703,24.615980608442836,23.659884397014633,23.944317823201498,477319000,24.572867679595948,26.060944061279297,24.198830225667894,24.730161952409237,48.72175333113319,-0.5313317267413424,-0.5622975029603261,0.030965776218983665,26.776539274849277,22.36919608434262,0.18109985401019166,1.6291127473783273,25918390000.0,57.912144983841024,53.13447104140001,0.009438170957325687,0.009393909700740945,0.0463719049358669,-0.12423058408756427
2022-03-01,23.43033790588379,24.32855064649455,23.08602429102147,24.242721132949434,412056000,24.522517490386964,25.962939186096193,24.0806006380088,24.633878689703646,44.15200674662495,-0.5532780516948463,-0.5604936127072302,0.007215561012383853,26.784473073394153,22.260561907379774,0.19307921141326526,1.629326761467727,25506334000.0,42.86653661420111,51.63763395599904,-0.037236132801080735,-0.03794710265268567,0.044361873769583414,-0.08345755070824457
2022-03-02,24.175983428955078,24.364641033795944,23.372447983953073,23.712827876260754,389642000,24.501864910125732,25.891543922424315,24.095274913538997,24.59996052224079,40.52749396817344,-0.5046856087017915,-0.5493320119061424,0.04464640320435098,26.76880048245954,22.234929337791925,0.18753616199279363,1.5849271932149365,25895976000.0,55.2464848298073,52.00838880928314,0.03182393382743509,0.03132804574802151,0.04495192124944597,-0.04979346246656258
2022-03-03,23.67090606689453,24.281793413023205,23.426350459230303,24.21790863660906,365095000,24.42581844329834,25.811683769226075,24.029987398670617,24.53114167369662,41.722005498318715,-0.5011542750260034,-0.5396964645301147,0.03854218950411126,26.697335777057148,22.15430110953953,0.19192483188767237,1.5515755661898936,25530881000.0,49.68451980365892,49.26584708255577,-0.020891698720128415,-0.0211130181779477,0.0448009720836977,-0.04453065548720059
2022-03-04,22.894317626953125,23.63696498590784,22.441142240714978,23.341503399554565,431415000,24.375514221191406,25.689225730895995,23.855268972252542,24.409895448011916,45.65921759418638,-0.554626475759374,-0.5426824667759665,-0.011944008983407417,26.73873367231882,22.012294770063992,0.20644593908710623,1.469825016432788,25099466000.0,36.01385081715883,46.98161848354167,-0.03280771922066483,-0.03335796071078132,0.04391762317841312,-0.03644923160592961
2022-03-07,21.313194274902344,22.991140894785616,21.2912348972877,22.775531944141846,450821000,24.227640533447264,25.52865821838379,23.46418055727559,24.180510175929726,38.70655031153677,-0.7163296186541359,-0.5774118971516005,-0.13891772150253545,26.95980017686932,21.49548089002521,0.2563819958831181,1.511405796230184,24648645000.0,8.180557323448648,31.29297598142213,-0.06906182476429645,-0.07156241074608054,0.04623143747640127,-0.001030225557827058
2022-03-08,21.474899291992188,22.332337355011067,20.612469250055778,21.270271945662213,557467000,24.06744251251221,25.36653434753418,23.158137285693527,23.980094554897317,27.00711737947053,-0.8219572692037893,-0.6263209715620383,-0.19563629764175106,27.052247010551447,21.08263801447297,0.27798076791468335,1.4718626859053543,25206112000.0,14.576191193875466,19.590199778160976,0.007587085023677664,0.007558447851327699,0.04604297686368848,0.06781639842572607
2022-03-09,22.972177505493164,23.17780252535281,22.206571146307404,22.34631612059236,492742000,23.963146209716797,25.208307876586915,23.129528088739626,23.90543403271923,35.809627405608694,-0.7759059439796054,-0.6562379660455517,-0.1196679779340537,26.947973339718626,20.978319079714968,0.25986453650622277,1.52007336595951,25698854000.0,46.076473264146934,22.94440726049034,0.06972224610428324,0.06739903169618627,0.048882528454972485,0.06439551788158737
2022-03-10,22.616825103759766,22.74658802016599,21.842234335180756,22.490055090570973,428066000,23.761390972137452,25.05540958404541,23.050650706435032,23.809981519462976,41.345486481565146,-0.7593308130279439,-0.6768565354420302,-0.08247427758591375,26.51772668771122,21.005055256563683,0.24374205512298563,1.4335452676941949,25270788000.0,46.35555488196773,35.66940644666337,-0.015468816643456007,-0.015589707096254133,0.0463251747842022,0.09303542920946928
2022-03-11,22.059837341308594,23.10293830541665,22.005934624302842,22.980160740629042,367209000,23.57574882507324,24.897778816223145,22.898217881030966,23.68034120997006,42.5711201310947,-0.7821233289390932,-0.6979098941414428,-0.08421343479765042,26.26092552898733,20.890572121159153,0.24344483255875204,1.3774561390244535,24903579000.0,36.152466205926025,42.86149811734689,-0.024627141957187404,-0.024935462582160933,0.046117032205534224,0.19696848649473075
2022-03-14,21.291236877441406,22.221542360192014,21.1205481082041,21.829256910095523,385354000,23.445240592956544,24.733059539794922,22.65099003432488,23.50337051867164,40.5421431103421,-0.8523804843467602,-0.7288040121825063,-0.12357647216425383,26.311399708593445,20.579081477319644,0.2692336882197452,1.380249682537764,24518225000.0,16.954307517927173,33.15410953527364,-0.03484161972617672,-0.03546306647403942,0.044002945411469783,0.25335204439053505
2022-03-15,22.931249618530273,22.996132023942444,21.28325099056678,21.47889393725402,491996000,23.380864334106445,24.60463348388672,22.694106893433403,23.460991192735243,52.56229308417863,-0.7668842993018394,-0.736420069606373,-0.03046422969546647,26.231665472360003,20.530063195852886,0.2486389695875871,1.370432943095983,25010221000.0,57.91866589906474,37.008479874305976,0.07702759358365419,0.07420501862938207,0.04755137961214133,0.15457282501533154
2022-03-16,24.45148277282715,24.552299054127236,23.12988952261609,23.457292552284873,671422000,23.281321144104005,24.492440452575682,22.964472413340133,23.534360939408717,53.221657838317554,-0.5698885260685849,-0.7031137608988154,0.13322523483023052,25.80192851770862,20.76071377049939,0.20617214890589444,1.2787781567761525,25681643000.0,95.89116098721716,56.92137813473635,0.06629525994381069,0.06419026670135636,0.04519523215052452,0.04645637284540194
2022-03-17,24.720991134643555,24.796851321954325,23.862553485348077,24.076165263385313,471941000,23.194455051422118,24.402224502563477,23.23470606277143,23.622259472389075,52.65812694655507,-0.3875534096176452,-0.6400016906425814,0.2524482810249362,25.346927334704393,21.041982768139842,0.17414126088705556,1.2859182073213995,26153584000.0,98.18706353795696,83.99896347474628,0.011022168443539648,0.010961867041793085,0.04529818025220335,0.1366389991327004
2022-03-18,26.404930114746094,26.520720452738885,24.57925510917665,24.753936346817458,730719000,23.291786766052248,24.379340324401856,23.7224328399983,23.82838322367478,57.974837187883274,-0.10595038367647902,-0.5331914292493609,0.4272410455728819,25.826920430293242,20.756653101811253,0.19201972156140829,1.3563017167595446,26884303000.0,98.04019268983333,97.3728057383358,0.06811777775943195,0.06589801325870938,0.044471122564523076,0.046837541863542054
2022-03-21,26.685415267944336,27.102656804840144,25.919808947289926,26.45882851334558,591727000,23.446306800842287,24.35060863494873,24.17827629045154,24.040015226954008,63.18641930671614,0.13826106349753076,-0.3989009306999826,0.5371619941975134,26.401232262094176,20.491381339590397,0.2214637045428686,1.351468555409615,27476030000.0,93.57119444839553,96.5994835587286,0.01062245391218064,0.010566432026016854,0.043468091865315577,0.05554718897210131
2022-03-22,26.475797653198242,27.188500789536455,26.02461941553547,26.678427854459326,547007000,23.602920913696288,24.33626766204834,24.531741115489492,24.22044355482395,59.739602976716746,0.3112975606655404,-0.25686123242687803,0.5681587930924183,26.85226790662326,20.353573920769314,0.24545791106954293,1.3637320071351946,26929023000.0,89.16210889575329,93.59116534466072,-0.007855137821216385,-0.007886151936507541,0.04341242315805008,0.08037998571134541
2022-03-23,25.58740997314453,26.563631155484853,25.52851719273499,26.078514418683618,502120000,23.765166091918946,24.301104927062987,24.694151708974882,24.3217003265514,57.86108406216794,0.3724513824234812,-0.1309987094568062,0.5034500918802873,27.073044966351922,20.45728721748597,0.25855519397272225,1.3765656506321202,26426903000.0,75.65262867831544,86.12864400748806,-0.03355470878311362,-0.034130586988245844,0.04289310598994757,0.08020627689305804
2022-03-24,28.09884262084961,28.268533755984528,25.859918794556325,26.118448890609304,877379000,23.985068130493165,24.30784740447998,25.21795031080176,24.601488644647564,68.68815342765704,0.6164616661541977,0.018493365665394584,0.5979683004888031,27.818007608448426,20.152128652537904,0.27281831708692394,1.480234218965009,27304282000.0,97.78357227814176,87.5327699507368,0.0981511083122899,0.09362795503212396,0.04602727395270666,-0.030692811497455286
2022-03-25,27.641672134399414,28.306462114881743,27.22143772985282,27.835319803468362,579016000,24.161702156066895,24.301813735961915,25.590830591355246,24.826687421666218,74.71924410182328,0.764143169689028,0.16762332647012126,0.5965198432189067,28.329641775225493,19.993762536908296,0.30156928270426125,1.4363141037886524,26725266000.0,91.35962311019166,88.26527468888294,-0.01627008245923167,-0.016403893648712663,0.04634104446490925,-0.035389320197620866
2022-03-28,28.167715072631836,28.19865887077309,27.15655559634973,27.705557176871118,425494000,24.353261089324953,24.334724311828612,25.98727435770549,25.074170951367375,75.41887980537771,0.9131034063381165,0.31671934244372035,0.5963840638943961,28.89080851755957,19.815713661090335,0.3221807247435107,1.387902330179229,27150760000.0,98.06918030049252,95.73745856294197,0.019030792915663453,0.018851972543248188,0.046407835946363926,-0.03044042200718511
2022-03-29,28.60392189025879,28.89339386605595,27.929149831104116,28.64285057154714,488984000,24.6119402885437,24.3690336227417,26.389835516559845,25.335633983877848,73.26402417002282,1.0542015326819971,0.46421578049137574,0.5899857521906213,29.503982820342635,19.719897756744764,0.3420539708203402,1.3351409588643155,27639744000.0,96.27585589914088,95.23488643660835,0.01548605616402221,0.015367370938637026,0.04516346598563465,-0.09509349827992075
2022-03-30,27.639680862426758,28.444215914701186,27.45302041414032,28.25256539037633,463487000,24.785125160217284,24.40479682922363,26.582119415923987,25.50630412302962,69.75500963556489,1.0758152928943687,0.5865356829719743,0.4892796099223944,29.8542198626417,19.71603045779287,0.36679835253201615,1.3366379807076056,27176257000.0,83.87060487851002,92.7385470260478,-0.03371009861974239,-0.03429138484359485,0.045941856671606426,-0.11856282243379801
2022-03-31,27.23641014099121,28.196661710311588,27.2204403767065,27.73150900758,523440000,24.96340036392212,24.449181365966798,26.68277952747279,25.634460124360107,70.60877240610407,1.0483194031126821,0.678892427000116,0.36942697611256614,30.11757798762285,19.809222740221387,0.3784770163923782,1.3280106701712686,26652817000.0,78.682405679056,86.27628881890229,-0.014590281394448068,-0.014697766321404756,0.045756697690373424,-0.1128049192550864
2022-04-01,26.6634521484375,27.44602766304198,26.219261218650903,27.325247285194962,517235000,25.151857089996337,24.500410423278808,26.679806084544282,25.710681755773248,71.7260990252646,0.9691243287710343,0.7369388073542997,0.23218552141673454,30.262941063699817,20.040773116292858,0.38337751205280396,1.336994398200066,26135582000.0,70.69776803392683,77.75025953049762,-0.021036472486196,-0.021260891983394956,0.045277173940845634,-0.13450861157274507
2022-04-04,27.310277938842773,27.507918058034864,26.56463575752181,26.679426533913535,397120000,25.45171127319336,24.580065002441405,26.776801754436356,25.829170361926547,69.25639975355396,0.947631392509809,0.7790773243854016,0.16855406812440743,30.31208379116302,20.591338755223703,0.355937243030168,1.2820230601384512,26532702000.0,72.53205977470233,73.97074449589505,0.024258891414522976,0.023969318309798687,0.041503581684975636,-0.198940025006895
2022-04-05,25.883874893188477,27.269352943730603,25.773076554519676,27.204470536288614,436615000,25.672160053253172,24.631231422424317,26.639428391167453,25.83322254942743,56.35123251498955,0.8062058417400237,0.7845030278563261,0.021702813883697658,30.15863278292305,21.185687323583295,0.3466615990212906,1.2760339136188894,26096087000.0,40.178603463348225,61.13614375732578,-0.05222953237050576,-0.05364292879725945,0.04401386948821052,-0.17072238120555416
2022-04-06,24.362642288208008,25.25401899900753,23.959377188284968,24.888684944472697,703833000,25.741683292388917,24.672891540527345,26.289153606096768,25.72429067822599,48.56983256229164,0.5648629278707773,0.7405750078592164,-0.17571207998843907,30.093049436849544,21.39031714792829,0.35721627342258955,1.3467624756401224,25392254000.0,8.173160452783259,40.2946078969446,-0.05877144018265945,-0.06056927854197777,0.04425746813721206,-0.09030214496297317
2022-04-07,24.16400909423828,24.677074985912075,23.435336116546427,24.396585485641776,557992000,25.819042491912843,24.701636848449706,25.962208296580076,25.60871426459727,39.85357349018414,0.35349403198280527,0.6631588126839342,-0.3096647807011289,29.98767139805778,21.650413585767904,0.3450279206473992,1.296782013197509,24834262000.0,13.350407983935877,20.567390633355778,-0.008153187639497905,-0.00818660664541441,0.04411938863512108,-0.12186069824530943
2022-04-08,23.076988220214844,23.879528064694085,23.020092591188025,23.873538449886215,524781000,25.869900035858155,24.725168838500977,25.51832828483158,25.421179002050426,34.77385424447802,0.09714928278115309,0.5499569067033779,-0.45280762392222484,29.866700770012088,21.873099301704222,0.3463884191484605,1.2940012021617975,24309481000.0,0.9687163377875806,7.497428258168896,-0.04498512104444741,-0.046028358564604396,0.04504506305061016,-0.05778805632338835
2022-04-11,21.87717056274414,22.27943807836627,21.62063763333046,22.17363171495148,575207000,25.899196720123292,24.706820068359374,24.958150173741203,25.15865985839811,32.09207636030388,-0.20050968465690744,0.39986358843132086,-0.6003732730882283,29.760994581457762,22.037398858788823,0.35304363059736266,1.3148918602248971,23734274000.0,3.5273137331906774,5.948812684971369,-0.05199195172356563,-0.053392287020078685,0.045961311613461515,0.012820993452623775
2022-04-12,21.46491813659668,22.683699749756602,21.243321479658512,22.496041696902733,662258000,25.825880146026613,24.64737159729004,24.420729860334355,24.885049360486892,33.32798518419459,-0.46431950015253776,0.22702697071454916,-0.6913464708670869,29.970265138463805,21.68149515358942,0.3861542789088219,1.3438393107497706,23072016000.0,2.8966609166106885,2.464230329196306,-0.018843955390168587,-0.019023765186006698,0.04264169641865084,-0.0010229434522510683
2022-04-13,22.162643432617188,22.459104495357092,21.416003788195233,21.688508305265152,516943000,25.711438179016113,24.59884376525879,24.073331948377866,24.683389662126174,21.86582350735023,-0.6100577137483079,0.059610033821977756,-0.6696677475702856,30.132775173495144,21.290101184537082,0.39899003996716964,1.2268376624870465,23588959000.0,12.017166719535185,6.1470471231121735,0.0325053788502887,0.03198825537971235,0.040384224334939475,-0.09097837035466261
2022-04-14,21.2193660736084,22.735606515539892,21.124539407798157,22.464099572114247,569097000,25.536356925964355,24.51939437866211,23.63426027533641,24.426795322235968,20.90268324622764,-0.7925350468995589,-0.11081898232232959,-0.6817160645772293,30.3799898912874,20.69272396064131,0.45652946921419274,1.2644121426808188,23019862000.0,1.220600364024599,5.378142666723481,-0.04256159071803456,-0.04349388450594266,0.041096552863801226,-0.08199246403996596
2022-04-18,21.7434139251709,22.047858038582817,21.040692857198728,21.161473248993577,525701000,25.303281116485596,24.47625461578369,23.343360836849406,24.22802632986078,20.888381338376533,-0.8846654930113722,-0.26558828446013816,-0.619077208551234,30.412286931851323,20.19427530111987,0.4699359385741511,1.261916564606585,23545563000.0,8.948781662386857,7.395516248648871,0.024696678013123252,0.02439664490662139,0.03795638037410661,-0.08635160705734513
2022-04-19,22.157657623291016,22.332338819215018,21.275263415595177,21.680525694021107,512781000,25.07689323425293,24.43399440765381,23.160944957840425,24.074665684929684,20.730594751482656,-0.9137207270892596,-0.39521477298596247,-0.518505954103297,30.327333614494076,19.82645285401178,0.4739165546742765,1.2685473766543,24058344000.0,15.08693573675748,8.41877258772297,0.019051456203966977,0.018872249731092944,0.0382314101918136,-0.15361745043511255
2022-04-20,21.442960739135742,22.628801491972297,21.161473633865274,22.476079663374364,468974000,24.825251388549805,24.369276428222655,22.89663969342432,23.879724577833837,21.211267827651895,-0.9830848844095179,-0.5127887952706736,-0.47029608913884435,30.27214136205065,19.37836141504896,0.508035251266368,1.2911492610820539,23589370000.0,5.621431425121598,9.885716274755303,-0.032255073902939135,-0.03278673252746961,0.03859502492380247,-0.14277059463079
2022-04-21,20.14632225036621,22.351307496780294,19.963654250425616,21.66954814057906,656209000,24.55319700241089,24.271040802001952,22.473513932953843,23.60317625728068,19.58551012852628,-1.129662324326837,-0.6361635010819063,-0.4934988232449308,30.37072260614507,18.73567139867671,0.5775273056230827,1.391965826278453,22933161000.0,2.421283303112232,7.709883488330427,-0.06046919101069026,-0.062374667702686494,0.039913996282116886,-0.019868260043219066
2022-04-22,19.479537963867188,20.448774194089733,19.46456583016338,20.266106166595836,624713000,24.12223176956177,24.127592964172365,22.01290224540205,23.29772156887968,19.429110258474793,-1.284819323477631,-0.7658946655610513,-0.5189246579165797,30.108407286399437,18.1360562527241,0.6146116533093847,1.374640249102401,22308448000.0,0.1861429572867033,2.7429525618401684,-0.03309707241910631,-0.03365717369610853,0.03073413353288409,-0.04960310932617684
2022-04-25,19.865835189819336,19.90875632059273,19.061300069268512,19.167106444428228,641566000,23.733439922332764,24.009456062316893,21.68258423685086,23.04350776302336,17.60206798393385,-1.360923526172499,-0.8849004376833409,-0.4760230884891581,29.767033276306428,17.6998465683591,0.6074341497674063,1.3677955313031984,22950014000.0,9.801777994827194,4.136401418408701,0.019830923437131664,0.019636852220105618,0.03186177544732417,-0.01854097276355371
2022-04-26,18.753854751586914,19.752037349254017,18.63606917460008,19.682164872038474,653143000,23.26274690628052,23.906505126953125,21.232010469887175,22.72575568810214,18.09733977804163,-1.4937452182149649,-1.0066693937896658,-0.48707582442529906,29.308582631406445,17.216911181154593,0.6447565906005899,1.3458358620814954,22296871000.0,1.779789513281498,3.92257015513179,-0.05597451240319762,-0.05760211362823439,0.03194900341594589,0.04332554515312159
2022-04-27,18.38153648376465,19.13216882446557,18.25676363846258,18.56420258895358,499460000,22.75162763595581,23.789760360717775,20.793476010483708,22.40396167296603,20.17123214489814,-1.610485662482322,-1.127432647528197,-0.483053014954125,28.622085745609603,16.881169526302017,0.6387342118912454,1.2709006821600297,21797411000.0,1.943408014506977,4.508325174205214,-0.019852892792121102,-0.02005260918701267,0.030862734557389936,0.10420827834253843
2022-04-28,19.746049880981445,20.000587537213033,18.45639800746317,18.932530442416695,570327000,22.356946086883546,23.65583442687988,20.63233352902182,22.207079318004208,30.262189340511227,-1.574745788982387,-1.216895275819035,-0.35785051316335204,27.89572393563269,16.8181682381344,0.5610010996765343,1.2978515524516538,22367738000.0,26.486726623404866,10.069974717064438,0.07423282588057822,0.0716067564663533,0.037354001469610716,-0.04741680292045958
2022-04-29,18.51329231262207,20.091418271941166,18.483346151251226,19.366737920929154,500435000,21.920790195465088,23.496934013366698,20.306327188037244,21.93346546575368,29.873182111876133,-1.627138277716437,-1.2989438761985155,-0.32819440151792145,27.209918089416046,16.63166230151413,0.5713870666153653,1.3310055251402026,21867303000.0,5.727565827663361,11.385900155191727,-0.062430591221523946,-0.06446448784772835,0.03876335437730814,0.006901499098987074
2022-05-02,19.49750328063965,19.538427232283176,18.35757845927692,18.507305480868084,572049000,21.562492752075194,23.39771816253662,20.181892740745305,21.7530238224119,39.301735142639245,-1.5711310816665964,-1.3533813172921318,-0.21774976437446458,26.454862468185887,16.6701230359645,0.5018457641157212,1.311326824148908,22439352000.0,27.70223640240079,19.972176284489663,0.05316239550469137,0.05179744301273029,0.0419202715594816,-0.13223766415937221
2022-05-03,19.566375732421875,19.788971942411177,19.098228203230406,19.364743170731728,475751000,21.17529764175415,23.317145385742187,20.087197816387853,21.59104988982005,41.19280818621724,-1.5038520734321956,-1.3834754685201447,-0.12037660491205093,25.321104257946377,17.02949102556192,0.42376847637884657,1.2577815005119566,22915103000.0,29.239965089409168,20.88992243982443,0.003532372878255474,0.003526148702280384,0.041155848036837354,-0.10238754209226841
2022-05-04,20.29704475402832,20.362924790823026,18.716921505243764,19.88679240340564,648855000,20.895956134796144,23.256215972900392,20.119481960640233,21.49519765753918,41.372002785402685,-1.375715696898947,-1.3819235141959052,0.006207817296958185,24.4107857472415,17.381126522350787,0.34633905132891574,1.300845970398914,23563958000.0,45.55375509045758,34.16531886075584,0.037343094684403555,0.036662727646566785,0.04184286647951628,-0.1821578298617197
2022-05-05,18.809755325317383,19.88879023761166,18.46638060148286,19.830896979302434,626331000,20.61831178665161,23.18556095123291,19.91798555520595,21.296276003300527,39.38994777671674,-1.3782904480945781,-1.38119690097564,0.0029064528810618384,23.84563665153384,17.39098692176938,0.34315436953487066,1.31653147359918,22937627000.0,12.64837371626133,29.147364632042684,-0.07327615654075736,-0.07609966129430559,0.04282404383853104,-0.14163692796668814
2022-05-06,18.641061782836914,19.47654062399215,17.95730714361305,18.70195175204548,633297000,20.34216442108154,23.084366149902344,19.721535744072252,21.09959346845137,35.89835529447039,-1.3780577243791186,-1.3805690656563359,0.002511341277217305,23.21807611366827,17.466252728494812,0.3085566397547828,1.353107780670252,22304330000.0,14.636743364950211,24.27962405722303,-0.008968407061276995,-0.009008865302860953,0.042820600708986196,-0.051887671340802966
2022-05-09,16.919198989868164,18.22182592676912,16.796421410513055,18.001228764705814,644455000,20.034274959564208,22.940570297241212,19.29040701265624,20.78993461818595,28.718575811096798,-1.4995276055297104,-1.4043607736310109,-0.09516683189869957,22.99464961660034,17.073900302528074,0.34994264903544364,1.4093624212919678,21659875000.0,2.105102507368473,9.796739862859999,-0.09236935175839034,-0.09691775820056943,0.045938035636153916,0.01852481694166519
2022-05-10,17.56302261352539,18.16492737651773,16.99405882150625,17.656851643260232,761474000,19.818567562103272,22.805100021362303,19.02465556663611,20.550904099322203,34.14632013464838,-1.5262485326860933,-1.4287383254420274,-0.0975102072440659,22.841579874691977,16.795555249514567,0.3442473860120939,1.3935338876164352,22421349000.0,13.800484671855257,10.180776848057972,0.038052843047875484,0.03734669197186679,0.04646794101955246,0.03307757250641341
2022-05-11,16.59977912902832,17.7207395102495,16.537893425141622,17.315477156303142,670167000,19.575310611724852,22.668488845825195,18.65159765315799,20.25822817559673,35.102710106795385,-1.606630522438742,-1.4643167648413704,-0.14231375759737164,22.815681488302282,16.334939735147422,0.3904113243182781,1.3074762332416638,21751182000.0,1.5823981227512476,5.829328433991652,-0.0548449720582419,-0.05640631421122499,0.047518687116268075,0.01852060165010827
2022-05-12,16.145599365234375,16.757486037282103,15.538705623241645,16.189520014782023,708728000,19.274458408355713,22.50788116455078,18.266059455015895,19.953589004458777,35.741079688979056,-1.687529549442882,-1.5089593217616728,-0.17857022768120911,22.619003169359775,15.92991364735165,0.4142979997640381,1.3242313796783856,21042454000.0,12.580144491469987,9.321009095358823,-0.02736059078037445,-0.027741862380714934,0.04646236369226478,0.05867091383002654
2022-05-13,17.67382049560547,17.895417154710085,16.562844297235856,16.757489599664027,670437000,19.097181129455567,22.387939453125,18.174945768952753,19.784717263062237,41.45921879805951,-1.6097714941094843,-1.5291217562312351,-0.08064973787824914,22.383011461311902,15.811350797599232,0.3718302256915357,1.3886857752606352,21712891000.0,44.25824776513376,19.473596793118322,0.09465248677368687,0.09043694922095666,0.051936458699588954,-0.057155640970186994
2022-05-16,17.232624053955078,17.755671895048422,17.074912165379693,17.47717962452616,521446000,18.871641635894775,22.27470558166504,18.029973197414648,19.595673321646892,43.74589197219518,-1.5657001242322437,-1.536437429831437,-0.029262694400806755,22.008549212066782,15.734734059722767,0.364066153401873,1.349471040578455,21191445000.0,35.112800051568755,30.65039743605749,-0.024963275017990116,-0.02528014204544499,0.05148533286006792,-0.021200001151097214
2022-05-17,18.143964767456055,18.33761243130052,17.60195235864929,18.041151322209387,585830000,18.670956993103026,22.211320991516114,18.0475103620364,19.488139354669794,49.06474261574454,-1.4406289926333926,-1.5172757423918282,0.07664674975843555,21.411184584889927,15.930729401316125,0.30205389250996717,1.3658698399600584,21777275000.0,54.003747615399426,44.458265144033966,0.05288461644886944,0.05153365112598122,0.05303306645360043,-0.11129449240449285
2022-05-18,16.907217025756836,18.08507282771539,16.8333521055283,17.672823297029897,545161000,18.444169807434083,22.119967346191405,17.87208061799339,19.296959922898463,38.71069621732365,-1.4248793049050725,-1.4987964548944772,0.07391714998940468,20.960020602649177,15.928319012218989,0.29760673106430113,1.3438385262800137,21232114000.0,28.367521347866493,39.16135633827822,-0.06816303699605464,-0.0705974119982029,0.05446424613967687,0.002184730554222858
2022-05-19,17.092876434326172,17.654852866767428,16.703583993018466,16.906216046252002,621310000,18.29149751663208,22.002381324768066,17.752203051275355,19.133694479300516,43.838215361113605,-1.3814914280251607,-1.475335449520614,0.09384402149545323,20.74217493475772,15.840820098506441,0.2867483922371488,1.2969240086413723,21853424000.0,32.21600753975589,38.1957588343406,0.010981074430315596,0.010921220209623515,0.05333916222015873,0.04245518931350345
2022-05-20,16.66366195678711,17.378360361940025,15.726368287812404,17.30050299605302,739105000,18.150703716278077,21.883318061828614,17.584735190584855,18.950729107262486,37.084870512698316,-1.3659939166776311,-1.4534671429520174,0.08747322627438625,20.63728220289034,15.664125229665816,0.29844322251142147,1.3305771015786125,21114319000.0,23.318930882575778,27.967486590066045,-0.02511072253919222,-0.02543137601155285,0.05316177766062939,0.12681218392872795
2022-05-23,16.867292404174805,16.884261708504855,16.14959916192552,16.244425835409945,639889000,18.00077657699585,21.779467163085936,17.474359377291,18.796400462589325,37.848285853676664,-1.3220410852983235,-1.4271819314212788,0.10514084612295527,20.412393217148036,15.589159936843666,0.28595183890394743,1.3337141592499386,21754208000.0,27.53993412210263,27.69162418147809,0.012220029901936158,0.012145968084501394,0.05299085166121479,0.10498275590872619
2022-05-24,16.12464141845703,16.56683711237005,15.751321521154898,16.47999533080433,588550000,17.869315910339356,21.67613525390625,17.266710460547316,18.598492385246193,31.23540352274246,-1.331781924698877,-1.4081019300767985,0.07632000537792161,20.392163868669265,15.346467952009448,0.3129183332340199,1.2958547019242705,21165658000.0,13.469526389098688,21.442797131259024,-0.04402905741611263,-0.045027761179395345,0.05247235569521801,0.13408444519938367
2022-05-25,16.944154739379883,17.079907290972063,15.970926052291802,15.990890166789026,781132000,17.79744682312012,21.55639335632324,17.217086503444634,18.475948855922763,41.0736624526982,-1.258862352478129,-1.3782540145570648,0.1193916620789357,20.34066768243637,15.254225963803869,0.30018857811839433,1.2443059223624704,21946790000.0,35.69090923092172,25.566789914041006,0.05082366172712516,0.0495742963975042,0.053866952994379526,0.1541673847488021
2022-05-26,17.818557739257812,18.059118973315748,15.992881259502376,16.00685575522456,996575000,17.701072216033936,21.423734855651855,17.309620539723586,18.427253217651284,46.31352138125887,-1.1176326779276984,-1.3261297472311915,0.2084970693034931,20.073745552049864,15.328398880018007,0.26631485788420006,1.2833776533220613,22943365000.0,81.45509198938856,43.53850920313632,0.051604993776746655,0.05031756260399002,0.05238367116750928,0.04868103980537053
2022-05-27,18.776817321777344,18.846689812592366,18.067108915002834,18.152953076810967,738379000,17.7142484664917,21.30485137939453,17.53534312157801,18.453146854993957,58.93766011538993,-0.9178037334159477,-1.2444645444681428,0.32666081105219513,20.108740078638707,15.319756854344693,0.2550476548940887,1.2250556319656825,23681744000.0,97.88776222030208,71.67792114687079,0.053778739926200414,0.05238250391331783,0.05198302901696246,-0.0013292755519347388
2022-05-31,18.6380672454834,19.165107560608973,18.316651930915967,18.945506160051778,664100000,17.671276664733888,21.14951412200928,17.704992986794224,18.46684466169688,55.43665149517361,-0.7618516749026547,-1.1479419705550453,0.3860902956523906,19.959510401983323,15.383042927484455,0.2455441014468865,1.1966790064687853,23017644000.0,85.46657747588625,88.26981056185896,-0.007389435276287326,-0.007416872399932699,0.050590937973371275,0.013603241600885774
2022-06-01,18.286705017089844,19.018372668475514,18.089064907013434,18.68997202318387,544514000,17.607293128967285,20.981539916992187,17.794487145301243,18.45350098431858,59.0938132161582,-0.6590138390173372,-1.0501563442475037,0.39114250523016647,19.73859065794662,15.47599559998795,0.23309803783541436,1.178569126208371,22473130000.0,75.77757348887249,86.37730439502029,-0.018851859678674643,-0.01903182131570035,0.05073209582763979,0.01811921773142111
2022-06-02,19.5563907623291,19.583342116528346,18.164925244103703,18.258754262823782,648656000,17.570260429382323,20.843151779174804,18.065549240228606,18.53519652343047,66.90077620023483,-0.46964728320186566,-0.9340545320383762,0.4644072488365105,19.523035936408476,15.61748492235617,0.19970714747505733,1.192828873235813,23121786000.0,99.30123054007785,86.8484605016122,0.06943217731421125,0.0671278322085062,0.052522644951681886,-0.07861267639769554
2022-06-03,18.685983657836914,19.29687302400842,18.48834348451512,19.047327292928895,598779000,17.5640718460083,20.705123252868653,18.161000689091424,18.546365940793912,55.36511356120005,-0.38536525170248837,-0.8243166759711986,0.43895142426871026,19.50102836336805,15.62711532864855,0.20731651625387024,1.1441309795456895,22523007000.0,76.73413148988048,83.93764517294362,-0.044507553314429904,-0.04552842042403316,0.050791332116597726,-0.09307759228820489
2022-06-06,18.75185775756836,19.301856968127392,18.53026109692932,19.104216857601944,422406000,17.569611644744874,20.518183555603027,18.251901776549413,18.56158755685128,58.38660704621742,-0.3096857803018658,-0.7213904968373321,0.41170471653546636,19.5201239592783,15.619099330211448,0.2080340347874267,1.1506192753692142,22945413000.0,78.44205336438013,84.82580513144615,0.0035253214889663376,0.003519122108765952,0.050740459619659076,-0.1669163435344846
2022-06-07,18.891605377197266,18.965470299087695,18.154945715304475,18.43842998315099,388914000,17.668231964111328,20.343182220458985,18.35031771511062,18.586033321321352,54.5115199779853,-0.23571560621073218,-0.6242555187120122,0.38853991250128006,19.678808123096438,15.657655805126216,0.21285392308818143,1.1295861472576267,23334327000.0,82.06529857678538,79.08049447701534,0.0074524679866720955,0.007424835548775397,0.0456758562962979,-0.1630905488557789
2022-06-08,18.618045806884766,19.14919082607967,18.50522645422863,18.768802321218942,363252000,17.7209831237793,20.15218883514404,18.391506652306642,18.58840461654827,61.681651824802294,-0.19689796424162864,-0.5387840078179356,0.3418860435763069,19.774831986366895,15.6671342611917,0.22062990755217765,1.0819684122521471,22971075000.0,74.97270260932332,78.4933515168296,-0.014480482989693066,-0.014586348414678868,0.04527517707067632,-0.1137388797176746
2022-06-09,18.019010543823242,18.902589231705353,18.01202181811601,18.451315596651252,395574000,17.791944694519042,19.94049060821533,18.33419955869381,18.5462272778279,55.98579949487984,-0.21202771913408824,-0.47343275008116614,0.2614050309470779,19.779692058482855,15.80419733055523,0.22062780407719942,1.0776325936693172,22575501000.0,59.44147814401132,72.15982644337335,-0.03217498062229529,-0.03270397315121787,0.0439931278332314,-0.1355828333854302
2022-06-10,16.94673728942871,17.668575580223607,16.841904493178646,17.571731259755435,465248000,17.83200159072876,19.726631736755373,18.12074382496072,18.42774653794648,51.689164417247156,-0.30700271298576,-0.4401467426620849,0.13314402967632494,19.709275343845626,15.954727837611891,0.2215498737078908,1.0437121634205295,22110253000.0,31.195442148853058,55.20320763406256,-0.0595078876160654,-0.06135201689617245,0.04578895600593667,-0.06445175791794933
2022-06-13,15.621866226196289,16.28579798543527,15.580931719685918,15.974298882999761,604153000,17.7294038772583,19.494340858459474,17.7363011174585,18.21990355189091,43.445396409175096,-0.48360243443240947,-0.44883788101614985,-0.034764553416259614,19.85141363908849,15.607394115428106,0.2716717364115943,1.088793807932205,21506100000.0,1.0227463563566077,30.55322221640699,-0.07817853316572443,-0.08140371101475698,0.04393387251412492,0.058733215169985975
2022-06-14,15.810563087463379,16.040193181616115,15.387243419466994,15.705731253766638,469680000,17.658300828933715,19.27728307723999,17.44003372822848,18.041433887859238,48.24467393173569,-0.6014001596307565,-0.47935033673907124,-0.12204982289168531,19.93971049026184,15.376891167605589,0.2885930942127061,1.0557208707271488,21975780000.0,10.088410651350108,14.102199718853251,0.012079021708089055,0.01200665250861055,0.04383900600416107,0.033089269362503115
2022-06-15,16.500450134277344,16.84090192856141,15.900414844094753,16.069143021465198,563936000,17.57612509727478,19.06108652114868,17.29548240608215,17.92728694314947,47.48375834446919,-0.6318045370673175,-0.5098411768047205,-0.12196336026259702,19.90184556089428,15.250404633655279,0.2818978203252948,1.0501035566141326,22539716000.0,26.52956460067692,12.546907202794541,0.04363456525852616,0.042709394907226084,0.04325912378640766,-0.018273057366395618
2022-06-16,15.575942039489746,15.91639489299692,15.376263463081942,15.834525867348546,545749000,17.509561347961426,18.854927864074707,17.030937734298703,17.753113246582082,37.35402871198784,-0.7221755122833784,-0.5523080439004521,-0.16986746838292632,19.98713716050686,15.03198553541599,0.3181285351812466,0.9828141964271346,21993967000.0,4.746252514123219,13.788075922050078,-0.05602926509665718,-0.05766011447889542,0.04238586129983921,0.09774959331235245
2022-06-17,15.854490280151367,15.969305314173598,15.303376974273872,15.62286261751567,630334000,17.447642040252685,18.684764823913575,16.849945818276037,17.612474508327956,32.15308766593546,-0.7625286900519193,-0.5943521731307455,-0.16817651692117375,20.02879918454329,14.866484895962081,0.32560581875306566,0.9569425011817898,22624301000.0,12.87658397746739,14.71746703075584,0.017883235566453548,0.017725211713312074,0.042535547839397926,0.062279732045894765
2022-06-21,16.53938865661621,16.98067807199888,16.380643675300785,16.448535233491057,483089000,17.44142837524414,18.53227241516113,16.802167793405296,17.53298666746042,37.98469372194618,-0.7308188740551245,-0.6216455133156213,-0.10917336073950312,20.031116233357796,14.851740517130482,0.3131540000515933,0.9767805127642546,23107390000.0,28.879012818372594,15.500616436654397,0.04319901582217911,0.042291968767815546,0.04339141574217507,-0.035252830481987796
2022-06-22,16.333723068237305,16.63523803952557,16.15401188075244,16.199937522982893,437135000,17.414749908447266,18.39740711212158,16.730099374148683,17.44415232677723,38.629135114972065,-0.7140529526285455,-0.6401270011782062,-0.07392595145033931,20.040089559005747,14.789410257888788,0.3214624907733053,0.9447746840007583,22670255000.0,24.073702926934587,21.943099907591517,-0.012434896636680404,-0.012512856923453195,0.04339187236090211,-0.05000020435390595
2022-06-23,16.198936462402344,16.558356861748027,15.827533351841502,16.49246289970144,463680000,17.41846466064453,18.283842430114746,16.648382003110783,17.35191411460131,27.47509075064184,-0.703532111490528,-0.6528080232406706,-0.05072408824985741,20.036317769214502,14.80061155207456,0.3232129608812277,0.8956608723923213,22206575000.0,22.397498281375775,25.116738008894316,-0.008252044268894698,-0.008286280864230531,0.04223398137458188,-0.06570099428841103
2022-06-24,17.09848403930664,17.11246148533138,16.283795077336883,16.473490347875632,472153000,17.42618112564087,18.196513748168947,16.717628470217836,17.333141516431336,39.39106519561123,-0.6155130462135006,-0.6453490278352366,0.029835981621736063,20.039052608601043,14.813309642680696,0.305626098425288,0.884623568471968,22678728000.0,44.89473668352141,30.45531263061058,0.055531273858141494,0.05404421729234666,0.042537830089976615,-0.151990846145866
2022-06-27,16.841903686523438,17.302163648044232,16.599293974290056,17.28419291089453,427968000,17.37734842300415,18.09009895324707,16.736747734264853,17.296753529030752,37.55341925279614,-0.5600057947658996,-0.6282803812213692,0.06827458645546958,19.995842994427644,14.758853851580659,0.3109499519960752,0.8797145543688325,22250760000.0,40.005230911711934,35.7658219588697,-0.015006029317766845,-0.015119758963571067,0.040972009898258645,-0.11292911625901136
2022-06-28,15.956328392028809,17.17436801500843,15.91938717022095,16.87285307326158,461149000,17.236323976516722,17.984838199615478,16.61668322007469,17.19746277814172,32.566369963084526,-0.5807795580670287,-0.6187802165905012,0.03800065852347245,19.841237046584048,14.631410906449394,0.326505322034942,0.911461430154851,21789611000.0,16.978237708477778,33.9594017679037,-0.05258166244016993,-0.05401453301183914,0.04024520619085557,-0.05331010996494445
2022-06-29,15.517033576965332,15.794586883557068,15.145631406490011,15.788596955968533,482352000,17.08027229309082,17.860310592651366,16.44750635190402,17.072986541017542,31.93760838540949,-0.6254801891135209,-0.6201202110951052,-0.005359978018415701,19.70547404835625,14.455070537825392,0.3383638686150011,0.9233709025611193,21307259000.0,9.885715721474078,22.28972811388793,-0.027531071326091006,-0.027917153949654185,0.04049791116289758,0.020332019547423252
2022-06-30,15.134650230407715,15.541994845285537,14.838127375234018,15.336325419135894,686070000,16.922669553756712,17.7198504447937,16.245528487058436,16.929406073564962,32.76453762290629,-0.6838775865065259,-0.6328716861773893,-0.051005900329136544,19.620375910514447,14.224963196998978,0.3564940471947809,0.9100351923084177,20621189000.0,10.476180222843032,12.446711217598292,-0.024642812343027787,-0.024951528757873213,0.04059760271175152,0.04479184434919303
2022-07-01,14.49967098236084,15.038803524181898,14.368881846227062,14.875067404670956,577610000,16.6698335647583,17.580984649658202,15.976935024797267,16.74942569643873,34.571263206905286,-0.7724906716414637,-0.6607954832702042,-0.11169518837125947,19.27446939001414,14.065197739502459,0.35926826593850797,0.880653930418136,20043579000.0,4.4587988787223285,8.273564941013142,-0.04195533021114084,-0.04286087392624913,0.03678655837500885,0.043310556223763896
2022-07-05,14.939962387084961,14.946951112194402,14.032423111650445,14.152230235873315,651397000,16.482532501220703,17.47685745239258,15.817400772841529,16.61539137722734,45.16081168174039,-0.7979906043858112,-0.6882345074933256,-0.10975609689248556,19.014457763731105,13.950607238710301,0.33894667160596825,0.8484198183325048,20694976000.0,27.755696975206742,14.23022535892403,0.03036561348597111,0.029913703806019744,0.03734536247371329,0.007885578710054464
2022-07-06,15.105694770812988,15.294391284315516,14.765242008688814,14.985887657126462,529066000,16.300224351882935,17.389380588531495,15.707907541760216,16.503561998974426,44.981485043299436,-0.7956544572142104,-0.7097184974375026,-0.08593595977670776,18.663615585345433,13.936833118420436,0.31291393998361594,0.8395769264380464,21224042000.0,32.82436777133443,21.679621208421157,0.011093226303654946,0.011032147759035169,0.03753234553609353,0.002247171290906236
2022-07-07,15.832526206970215,15.91938634734984,15.36427972508815,15.431172487703748,492903000,16.14727039337158,17.30871440887451,15.727079644100217,16.453855644011153,45.26940771302247,-0.7267759999109362,-0.7131299979321893,-0.01364600197874688,18.176907319645267,14.117633467097894,0.2563882604382042,0.8241021218265335,21716945000.0,55.053392608166355,38.5444857849025,0.04811638571974863,0.046994634808788,0.03957761098052577,-0.03064709338077931
2022-07-08,15.812559127807617,16.011239824701722,15.36428001522436,15.40521452102006,467972000,16.006996059417723,17.249888496398924,15.740230333901355,16.406352198366445,51.92212779155666,-0.6661218644650901,-0.7037283712387695,0.03760650677367938,17.67281569085543,14.341176427980018,0.21069576631757625,0.7900144888466736,21248973000.0,54.44273011264881,47.440163497383196,-0.0012611429724845857,-0.0012619388825243856,0.03957483923631123,-0.004798599815327154
2022-07-11,15.127659797668457,15.502057386380558,15.013842610780163,15.501058589102321,437321000,15.862428522109985,17.184810962677002,15.645988712942447,16.311634242759187,44.4613431789321,-0.6656455298167394,-0.6961118029543636,0.030466273137624178,17.27575390128163,14.449103142938341,0.18685314160614214,0.7994993586415113,20811652000.0,33.49613443307011,47.66408571796175,-0.04331362966635244,-0.04427966294110225,0.040017997216682144,0.06263205278915351
2022-07-12,15.057772636413574,15.406211993432294,14.853102016672706,15.243473723701138,458483000,15.767980289459228,17.091045417785644,15.555493931938006,16.218755605252106,37.541952752505985,-0.6632616733140999,-0.6895417770263109,0.02628010371221101,17.12765573050624,14.408304848412213,0.18059449745694375,0.7585652289923738,20353169000.0,31.35874278209258,39.7658691092705,-0.004619826343903788,-0.004630530722598492,0.03813304920389238,0.12664090605114797
2022-07-13,15.139639854431152,15.350301342288464,14.441763333884406,14.56656253178919,521918000,15.743868970870972,17.023572368621828,15.491516381552337,16.138821105191294,39.746174764554894,-0.6473047236389569,-0.6810943663488401,0.03378964270988327,17.131274157223665,14.356463784518278,0.18328113478163355,0.7890875039660113,20875087000.0,33.86252609704735,32.90580110407001,0.005436874363450084,0.005422147915147046,0.03407835852173981,0.17429455240587077
2022-07-14,15.347305297851562,15.448142878208444,14.70433980225985,15.08372946319901,456235000,15.72070608139038,16.940568408966065,15.469330060982987,16.08019030464761,42.777280344727835,-0.6108602436646215,-0.6670475418119964,0.05618729814737489,17.11884971683975,14.322562445941012,0.18220053726892277,0.7900146158261591,21331322000.0,40.21365521709472,35.144974698744875,0.01371666997478993,0.013623447953642382,0.03411342426671364,0.17421301529825484
2022-07-15,15.73668098449707,15.75664836262336,15.420189805163654,15.633846749612045,385935000,15.682517623901367,16.86397451400757,15.510460972292845,16.054745169821643,37.35636428366117,-0.544284197528798,-0.6424948729553568,0.09821067542655881,17.03185773273507,14.333177515067664,0.17148979637612274,0.7540016188149278,21717257000.0,52.122113463016206,42.06609825905275,0.025370948129898485,0.025054447734674544,0.033086614504602894,0.09878186347024265
2022-07-18,16.075136184692383,16.8698570674019,15.976296187145689,16.275813524039364,670517000,15.707477331161499,16.77953634262085,15.597334081892773,16.056255615367625,42.987573109196525,-0.458921533474852,-0.6057802050592559,0.1468586715844039,17.066946670632223,14.348007991690775,0.16913938692043987,0.7847377908971173,22387774000.0,65.01428685807397,52.45001851272829,0.021507406836850818,0.021279386190858028,0.030872124072174177,0.05732569324564629
2022-07-19,16.964702606201172,17.082513067414855,16.14602025655612,16.459514986904992,702366000,15.762987947463989,16.742635288238525,15.807698470247912,16.123547985058998,59.21529922715506,-0.31584951481108625,-0.547794067009622,0.23194455219853571,17.233835838855157,14.292140056072821,0.17340096381689868,0.7670517936067596,23090140000.0,96.1374758160032,71.09129204569778,0.05533803330113507,0.05386112631945616,0.03295041563992579,-0.027012420188455843
2022-07-20,17.778396606445312,17.90419557403467,16.774013886344825,16.919779281556753,760538000,15.824938344955445,16.725381984710694,16.110882798893666,16.24612936442095,69.34245248665822,-0.13524656552728231,-0.46528456671315405,0.33003800118587173,17.520656555451303,14.129220134459587,0.19076165843674553,0.7898721294746915,23850678000.0,96.75086876155424,85.96754381187714,0.04796394131581816,0.046849178165516266,0.03326521360613171,-0.0009546186031541559
2022-07-21,18.021005630493164,18.11485450174296,17.516817646879083,17.856271659241287,557049000,15.909302473068237,16.747418117523193,16.404747849908972,16.3776016804263,75.2930766680076,0.027146169482673344,-0.3667984194739886,0.39394458895666196,17.860277381342712,13.958327564793763,0.2165223127141417,0.7823127998184315,24407727000.0,97.70115249322826,96.8631656902619,0.013646282587705283,0.013554010572413766,0.03309192599177232,-0.0036564648260403176
2022-07-22,17.291179656982422,17.93813754600972,17.109470902798687,17.86425701094861,536671000,15.963914632797241,16.741981258392332,16.54112197407412,16.44527412313416,74.06195948514186,0.09584785093996118,-0.27426916539119867,0.37011701633115984,18.007955348955903,13.91987391663858,0.23642582596534986,0.7927246814979904,23871056000.0,79.82391455352511,91.42531193610255,-0.04049862635167323,-0.04134153190609324,0.034548003172570736,0.048733017868287876
2022-07-25,16.996654510498047,17.096494261320483,16.622256873127547,16.991661475600253,480748000,15.95882315635681,16.74991876602173,16.611203902754724,16.486117114790744,68.18503914417062,0.12508678796397987,-0.19439797472016296,0.31948476268414283,17.991439934300843,13.926206378412779,0.2391784544056689,0.7751814517344845,23390308000.0,69.55697692109274,82.36068132261535,-0.017033259287514313,-0.01717999388093413,0.03258773949011438,0.08323557182682095
2022-07-26,16.506444931030273,16.89182460135965,16.451532969702946,16.86187210310339,397865000,15.942050218582153,16.757135677337647,16.59508713787404,16.487622878956635,61.713174672123905,0.1074642589174033,-0.13402552799264972,0.24148978691005302,17.94936336620319,13.934737070961116,0.2432156840565363,0.7763223278179415,22992443000.0,56.21100871796452,68.53063339752744,-0.02884153344206608,-0.02926562466761762,0.03307091722902787,0.1205465921419493
2022-07-27,17.761425018310547,17.9071904085924,16.885832927058424,17.00464126060537,569776000,16.03230504989624,16.758887767791748,16.77452373486427,16.58197859298285,64.82052006113904,0.19254514188142124,-0.06871139401783552,0.2612565358992568,18.19836895278054,13.866241147011939,0.24390654473402554,0.8182547493197468,23562219000.0,90.37787334469441,72.04861966125054,0.07602970188456815,0.07327806534055042,0.03486343384675948,0.06200082430368559
2022-07-28,17.95511245727539,18.11086201941648,17.41198753684129,17.946128040860202,474646000,16.154208993911745,16.773337535858154,16.956152769081367,16.683692212560075,66.03408078548327,0.27246055652129186,-0.00047700391001004067,0.2729375604313019,18.46758784666654,13.84083014115695,0.25768469657425247,0.8219629402553058,24036865000.0,95.65101877073168,80.74663361113019,0.01090494927997998,0.010845919080401709,0.033968914137412515,0.06844964493049988
2022-07-29,18.133831024169922,18.21470031666607,17.66358676182505,17.784392729909996,435460000,16.304168033599854,16.773134860992432,17.13733403909499,16.791109902308953,74.34120335076076,0.3462241367860379,0.06886322422919956,0.27736091255683837,18.72557811393839,13.882757953261319,0.267059958495381,0.8042770143848462,24472325000.0,97.85659570133892,94.62849593892166,0.009953631163257537,0.00990442005993477,0.03309597817582544,0.04547660494249195
2022-08-01,18.411380767822266,18.81573095811725,17.961104933200836,18.152795986600218,476469000,16.499753522872926,16.803218135833742,17.333341228129957,16.91112996642105,76.27095582003366,0.422211261708906,0.13953283172514086,0.28267842998376513,18.939312992103684,14.060194053642167,0.26500559626623965,0.8258138749674766,24948794000.0,90.75552848259916,94.7543809848899,0.015305631958432153,0.015189682397640897,0.030798709139179713,-0.035139201145027776
2022-08-02,18.496240615844727,18.907579472181585,18.062937738115096,18.09289023442921,489527000,16.677567434310912,16.831285419464113,17.512248826239922,17.028545570082063,76.2820762928105,0.4837032561578596,0.20836691661168463,0.275336339546175,19.156533517673363,14.198601350948461,0.268050803928108,0.821249855371936,25438321000.0,90.21376629597106,92.94196349330304,0.0046090974431842735,0.004598508079369968,0.030548026689773043,-0.07772870484194816
2022-08-03,18.862648010253906,18.93752828432932,18.107862007683355,18.154787385684635,418146000,16.86541509628296,16.875265140533447,17.720002546857458,17.164405010094793,76.85737618147684,0.5555975367626651,0.2778130406418807,0.2777844961207844,19.411334620898373,14.319495571667545,0.2699429606311297,0.8273829411360341,25856467000.0,97.87110977525573,92.94680151794198,0.019809830657982364,0.01961616938259347,0.030608974426962636,-0.04213172407795773
2022-08-04,19.184133529663086,19.243038768382238,18.729864509468054,18.818722242281332,409652000,17.032995462417603,16.921601963043212,17.945253467289092,17.314014530062813,76.61478548283068,0.6312389372262786,0.3484982199587603,0.28274071726751826,19.729427284229917,14.33656364060529,0.2811106185893681,0.8347994550033473,26266119000.0,98.19682028086757,95.42723211736478,0.01704349883613454,0.016899887868685546,0.029423965616313955,-0.06625017610340656
2022-08-05,18.95849609375,19.19811032548753,18.636015011697438,18.7797827890261,386068000,17.19029231071472,16.978279056549074,18.101136948283077,17.43582797922483,72.65454400863474,0.6653089690582483,0.4118603697786579,0.2534485992795904,19.95317709489957,14.427407526529873,0.29146666175653896,0.7940079714951518,25880051000.0,90.8123676221559,95.62676589275974,-0.011761669379761086,-0.011831385000291189,0.02972858903968091,-0.014745397049733433
2022-08-08,17.764419555664062,18.209704226677722,17.214305900483794,17.47388850828178,981859000,17.322130298614503,16.994684352874756,18.049334272495535,17.460168095998107,55.99643819126737,0.5891661764974288,0.44732153112241213,0.14184464537501662,19.917138570751362,14.727122026477645,0.2921579581033323,0.8466374936768472,24898192000.0,47.03148337044294,78.68022375782213,-0.06298371622839771,-0.06505461826974565,0.03182052657026786,0.06963408202479116
2022-08-09,17.058551788330078,17.418971902884152,16.697133828709614,17.224285475006486,668263000,17.422169256210328,16.9794842338562,17.89690619800854,17.43041873987455,44.5137458492562,0.4664874581339902,0.4511547165247278,0.015332741609262401,19.794324608678554,15.050013903742101,0.2781191958031327,0.8421449250528903,24229929000.0,21.745210728090584,53.19635390689646,-0.03973491873022794,-0.04054590631343257,0.033509110494199926,0.1049400274654686
2022-08-10,18.06793212890625,18.088898306614105,17.289184304860864,17.669572848171974,597422000,17.56858386993408,16.96530652999878,17.92321787968511,17.477641953876898,50.3202206261681,0.4455759258082139,0.45003895838142505,-0.004463032573211123,19.696451557880756,15.440716181987403,0.2355408103999213,0.8730241867257581,24827351000.0,57.904202075776,42.2269653914365,0.05917151427043765,0.057487012212113976,0.035490594239306235,0.01315112743856095
2022-08-11,17.91318130493164,18.67695387002045,17.84728732822926,18.101878818020555,509327000,17.696877670288085,16.950808811187745,17.9216737912615,17.509904128029103,54.60596181289109,0.4117696632323984,0.44238509935161974,-0.03061543611922135,19.55288539349764,15.84086994707853,0.20722256885755752,0.8671764591612376,24318024000.0,52.36056953192141,44.00332744526266,-0.00856494383920281,-0.008601833761797954,0.035699569808151754,0.046315850670157976
2022-08-12,18.678945541381836,18.68793186075144,17.92415946001401,18.130827666952836,478094000,17.843990898132326,16.958653621673584,18.03817713743386,17.596499788277452,61.64477089307636,0.4416773491564072,0.44224354931257726,-0.000566200156170038,19.50162855749342,16.186353238771233,0.17748728435325412,0.8747355857301609,24796118000.0,79.79251097865499,63.35242752878412,0.04274864544799617,0.04186015507512987,0.036341053741390454,-0.04596693994279877
2022-08-15,19.001428604125977,19.13321654286925,18.583102920928454,18.67096091199568,457666000,17.990305519104005,16.947554378509523,18.186369670771107,17.700568589451418,67.6807528517636,0.48580108131968913,0.4509550557139997,0.034846025605689446,19.50058803544415,16.48002300276386,0.15896515444235607,0.8750921629548534,25253784000.0,90.50985127542003,74.22097726199881,0.017264521813059597,0.017117183357422988,0.03627794458218095,-0.10498120850762094
2022-08-16,18.848676681518555,19.111254744277208,18.471283557711025,18.88961119385509,451240000,18.084504222869874,16.950808238983154,18.288263057039945,17.785613633308245,59.13131888852145,0.5026494237317003,0.4612939293175398,0.041355494414160476,19.560059417415093,16.608949028324655,0.15656857183953138,0.8207511421694288,24802544000.0,84.50994451664431,84.93743559023977,-0.008038970426373804,-0.008071457172934305,0.03475502673540852,-0.08994109066512446
2022-08-17,18.305545806884766,18.65797938877472,18.115852393296763,18.49324543441833,446799000,18.110861682891844,16.941881999969482,18.290921941631456,17.824127127647245,52.77995313461742,0.46679481398421174,0.46239410625087424,0.0044007077333375055,19.58222074478087,16.63950262100282,0.16075555216011564,0.8231761282870433,24355745000.0,63.176434928093265,79.39874357338586,-0.02881533190955199,-0.029238645364065858,0.03409246332654034,-0.06070324624079615
2022-08-18,18.74284553527832,18.83469681060988,18.1537931034188,18.2716035897907,415447000,18.146953678131105,16.938906803131104,18.36044864834636,17.892180343027324,54.64085635012555,0.46826830531903596,0.4635689460645066,0.004699359254529356,19.644217140506562,16.649690215755648,0.15976906596783985,0.8324468534549049,24771192000.0,80.35302787181962,76.01313577218572,0.02388892049474345,0.02360804465400853,0.034352391230765986,-0.04581053012069525
2022-08-19,17.820331573486328,18.490253330046265,17.74145799231606,18.376436118791393,441588000,18.173411273956297,16.922952518463134,18.277353713752508,17.886858211950212,45.89914220852886,0.3904955018022953,0.4489542572120644,-0.05845875540976908,19.62500732087657,16.721815227036025,0.16291459459486202,0.8429298190296082,24329604000.0,44.117819437514704,62.54909407914251,-0.04921952539466912,-0.05047207946071348,0.03497688871480162,-0.08902475075955374
2022-08-22,17.006635665893555,17.529794039492458,16.938744114151103,17.461902487750006,409593000,18.173910331726074,16.90270502090454,18.081858629466513,17.821656541871942,40.613995756585126,0.2602020875945712,0.41120382328856575,-0.15100173569399455,19.623808803987707,16.72401185946444,0.1705097352287465,0.8455687994059465,23920011000.0,12.156849701629902,45.5425656703214,-0.04566109806864749,-0.046736427503120855,0.03635901379440631,-0.07238451725056427
2022-08-23,17.153406143188477,17.43695041995558,16.94274457877955,16.96171506921699,369986000,18.206258392333986,16.906838397979737,17.93901978542374,17.772156512339834,38.92347987511632,0.16686327308390503,0.36233571324763364,-0.1954724401637286,19.522196040846474,16.890320743821498,0.15343164354970276,0.8216073397295224,24289997000.0,17.921812680025525,24.732160606390035,0.008630188837952746,0.008593161640226372,0.03571885878873964,-0.09970333552940658
2022-08-24,17.194339752197266,17.378044243797792,16.86786528424407,16.98467604437704,522661000,18.17790412902832,16.938287868499756,17.824453626465818,17.72935527084779,36.618839158560796,0.0950983556180276,0.3088882417217125,-0.21378988610368488,19.557115178778652,16.79869307927799,0.1604261715922046,0.8213933897752038,24812658000.0,19.88047164495198,16.653044675535792,0.0023863254135705336,0.0023834826606715974,0.0312607035272502,-0.12356299972068108
2022-08-25,17.884225845336914,17.918171626071466,16.805960762250074,16.816942772656006,770691000,18.174359798431396,16.979761123657227,17.83364935244599,17.74082716525439,43.200223223579265,0.0928221871915973,0.26567503081568944,-0.17285284362409215,19.556343070365386,16.792376526497407,0.1545477320500652,0.8606873576345825,25583349000.0,48.72954474164933,28.843943022208936,0.040122860376275105,0.03933884115308199,0.032511559317304706,-0.22196164127602191
2022-08-26,16.2338809967041,17.895207590473877,16.210917226715885,17.828315779513094,769127000,18.079362297058104,16.974429740905762,17.587531143870315,17.629201523139553,40.8412119039201,-0.04167037926923811,0.20420594879870393,-0.24587632806794205,19.711619002334388,16.44710559178182,0.20109260448658875,0.8564087983839956,24814222000.0,0.7858117015400511,23.13194269604711,-0.09227935628329809,-0.09681860882318484,0.03841585003895018,-0.1607010573913591
2022-08-29,15.775618553161621,16.311755674946216,15.741673723289146,15.994267589292031,496132000,17.947574186325074,16.9784232711792,17.30877536068436,17.491899080918966,42.088441921105954,-0.18312372023460455,0.12674001499204224,-0.3098637352266468,19.867271592393852,16.027876780256296,0.24337523116442844,0.8208942430056114,24318090000.0,1.0008669112621924,16.838741118150512,-0.028228766961857055,-0.028634859179136024,0.038449789485784126,-0.14783881087672024
2022-08-30,15.443154335021973,16.013236290955273,15.157613482274343,15.934363667656111,530181000,17.794919872283934,16.97019655227661,17.021756741351687,17.34014021085252,32.33912419473859,-0.3183834695008336,0.03771531809346707,-0.3560987875943007,19.995871736719966,15.593968007847902,0.285039159317953,0.8084139780339618,23787909000.0,7.182328022281947,2.989668878361387,-0.021074559898826783,-0.021299798594817343,0.03847122898275852,-0.11313195112972807
2022-08-31,15.069755554199219,15.51503927839252,14.934972165599781,15.359289711852172,573710000,17.605275249481203,16.94080389022827,16.721448866405154,17.171963569618942,31.41478948015218,-0.4505147032137877,-0.05993068616798389,-0.3905840170458038,20.058074887069182,15.152475611893223,0.32552613461662977,0.7905854473912151,23214199000.0,3.2104702931799274,3.7978884089080123,-0.024178919197612392,-0.024476028224011456,0.03803668250472089,-0.07286632952329941
2022-09-01,13.914613723754883,14.356901987282448,13.248685287003793,14.186176179149008,1178865000,17.34179925918579,16.892421703338623,16.28962807522819,16.930678395851235,20.367671726268014,-0.6410503206230445,-0.176154613058996,-0.46489570756404847,20.18199461475575,14.501603903615832,0.408232008729241,0.8653225696323312,22035334000.0,11.316592735813135,7.236463683758327,-0.07665299057372255,-0.07975015692554593,0.04018006432299207,0.03259477208847117
2022-09-02,13.625079154968262,14.148236669923433,13.56916839929729,14.07735157024542,743157000,17.075128412246706,16.840944557189943,15.879697472111278,16.685819192822866,16.42354079034827,-0.8061217207115874,-0.3021480345895143,-0.5039736861220732,20.257147094272526,13.893109730220887,0.4670825975885101,0.8673907588241417,21292177000.0,6.420288418643662,6.982450482545565,-0.02080794871742153,-0.021027484819749243,0.040190840881749,0.06318690837101415
2022-09-06,13.44336986541748,13.75686558272209,13.329552676036796,13.708942355163417,535751000,16.859075927734374,16.76784227371216,15.504877840312233,16.44563776116321,16.3643525677265,-0.9407599208509758,-0.42987041184180663,-0.5108895090091692,20.409491117136753,13.308660738331994,0.5282031551531848,0.8522008816897927,20756426000.0,3.4852161968537283,7.074032450436832,-0.013336384140162805,-0.013426112370869821,0.03861249729296672,-0.024515275004708625
2022-09-07,13.696040153503418,13.819878314045399,13.328522048866603,13.545237877389667,512657000,16.69095034599304,16.70492500305176,15.226595119264722,16.24196386429952,20.24061825496713,-1.0153687450347988,-0.5469700784804051,-0.46839866655439366,20.509893670410857,12.872007021575225,0.5576711635794874,0.83495316575815,21269083000.0,8.008484488960505,5.971329701485956,0.01879516003914472,0.01862071346322006,0.038706993988181226,-0.0427301381855828
2022-09-08,13.971677780151367,13.989654808399921,13.351491735146373,13.44137306668779,624873000,16.486137628555298,16.66523199081421,15.033530913247283,16.073794524732993,18.540218601331617,-1.0402636114857096,-0.645628785081466,-0.3946348264042435,20.431420168479015,12.540855088631583,0.5647542982316006,0.8319002633340405,21893956000.0,13.793439044816406,8.429046576876871,0.020125351821302928,0.019925513687791645,0.03590775406629721,-0.07583988004122222
2022-09-09,14.368157386779785,14.455043335947318,14.107499539277185,14.1384581232082,486612000,16.308886432647704,16.6422544670105,14.931165755329207,15.947451033032754,25.540536782649312,-1.0162852777035472,-0.7197600836058823,-0.29652519409766487,20.30245982104457,12.315313044250837,0.5558922109346289,0.7948986928221613,22380568000.0,23.97420226225071,15.258708598675865,0.02837737978696242,0.027982200627982113,0.0370341003557395,-0.0826441206934374
2022-09-12,14.486005783081055,14.527950601117753,14.179407640287051,14.350184195412083,484159000,16.099239444732667,16.629281578063964,14.862679605752568,15.839195829332628,30.18709819538114,-0.9765162235800595,-0.7711113116007178,-0.20540491197934174,20.008275170041387,12.19020371942395,0.5396982141031975,0.7568240857861239,22864727000.0,26.498000121772055,21.421880476279714,0.00820205355000514,0.008168599512171791,0.03518942592419977,-0.07742172019709703
2022-09-13,13.113801956176758,13.903766352893664,13.081844277875383,13.78392363062557,714956000,15.804858112335205,16.601564197540284,14.593621505817827,15.637314801691453,23.376418774722723,-1.0436932958736254,-0.8256277084552993,-0.21806558741832605,19.680275621582496,11.929440603087913,0.5910440804578299,0.8218209189310983,22149771000.0,0.6607840204755075,17.044328801499415,-0.09472616865215966,-0.09951780497415805,0.03898860664264798,0.0034271415707778363
2022-09-14,13.110806465148926,13.27259399594672,12.896087899117584,13.236640893849893,588507000,15.517964601516724,16.564981079101564,14.365496114945689,15.450166036021637,22.951636271957867,-1.0846699210759478,-0.8774361509794291,-0.20723377009651878,19.292854330174936,11.74307487285851,0.5758440167189721,0.8122728573079135,21561264000.0,4.275487579710737,10.47809057398609,-0.00022842277455781268,-0.00022844886701326405,0.03912853972140777,0.010131166159926597
2022-09-15,12.912067413330078,13.215669180142505,12.773249515880076,12.99795522520399,523625000,15.24829068183899,16.521108531951903,14.141891699312518,15.262158730637077,14.77359146460455,-1.120267031324559,-0.9260023270484551,-0.19426470427610398,18.954675639876875,11.541905723801106,0.5740962836379727,0.7644306287679876,21037639000.0,2.7102505604540377,2.548840720213418,-0.015158415490849841,-0.015274478653735437,0.039034847259377004,-0.028463174271253888
2022-09-16,13.180713653564453,13.194695255875637,12.600474300374623,12.725310579538897,670751000,14.970184087753296,16.46807228088379,13.994018153812815,15.107977613816884,23.103314840458978,-1.113959460004068,-0.9635937536395778,-0.15036570636449031,18.396651365077627,11.543716810428965,0.5199213589467082,0.6865685281782035,21708390000.0,15.634474847665368,7.540070995943371,0.020805826955103468,0.0205923418161399,0.03887248753588739,-0.05167441093178626
2022-09-19,13.364474296569824,13.445368542937578,12.99296174366855,12.994958979609367,569685000,14.74739122390747,16.419110584259034,13.897165252698509,14.97882921994673,27.67967363402441,-1.0816639672482218,-0.9872077963613066,-0.09445617088691516,17.96675535045526,11.528027097359685,0.4817793884154622,0.6781631601504862,22278075000.0,22.38655956905298,13.577094992390785,0.013941630767138058,0.013845340166140741,0.03865701903252435,-0.08623524449382158
2022-09-20,13.158744812011719,13.465342935530723,13.039901168379119,13.197694249472493,524818000,14.554996681213378,16.3797322845459,13.783562107977463,14.844008152692284,28.344756446939655,-1.060446044714821,-1.0018554460320095,-0.05859059868281147,17.663888828583502,11.446104533843254,0.4725210788391046,0.6474359428983913,21753257000.0,19.154505583375695,19.058513333364672,-0.015393758107710154,-0.015513472157219627,0.03791905911784962,-0.05790826517342007
2022-09-21,13.243634223937988,14.012626355851008,13.092831937590079,13.195697697748727,807679000,14.359508085250855,16.34344951629639,13.700496279663698,14.725461935747521,31.687459325717455,-1.0249656560838236,-1.0064774880423724,-0.01848816804145126,17.265522656270395,11.453493514231315,0.4388545503268117,0.6717021790032621,22560936000.0,33.36798086605359,24.969682006160742,0.006451178523408929,0.006430458734866417,0.03785964509001392,-0.039589738774304606
2022-09-22,12.544548988342285,13.131779194049958,12.411723754768438,13.052882186314475,759162000,14.127018547058105,16.29154769897461,13.52265823484502,14.563912828532318,34.87763609029396,-1.0412545936872988,-1.0134329091713576,-0.027821684515941136,16.813834369366912,11.440202724749298,0.4283638773790399,0.6010479077156996,21801774000.0,6.276512073373299,19.59966617426752,-0.052786510392449526,-0.05423077339178048,0.038744985961702234,-0.027147511162647908
2022-09-23,12.499608039855957,12.594483888456596,12.240947418073999,12.40373404951629,663309000,13.857787656784058,16.234593753814696,13.365265897154394,14.41100136270444,36.86834304189838,-1.0457354655500453,-1.0198934204470953,-0.025842045102949962,15.97897423288269,11.736601080685427,0.3394004946931241,0.5849384934125892,21138465000.0,11.310024559065484,16.984839166164118,-0.0035825081099442047,-0.003588940659826515,0.03665431177930864,-0.03012133635476999
2022-09-26,12.21198558807373,12.64242184812588,12.198003983784714,12.474641644232314,547343000,13.65669288635254,16.16409984588623,13.18783815729583,14.248111305324388,35.97911014951367,-1.060273148028557,-1.0279693659633877,-0.03230378206516926,15.583040239077283,11.730345533627796,0.3154847078440743,0.5861602761022943,20591122000.0,0.600082601850318,6.062206411429691,-0.02301051767904405,-0.023279392277795807,0.032174274673523656,0.0232254174965707
2022-09-27,12.396744728088379,12.719321699428077,12.241947974198776,12.490621493735635,553854000,13.487749195098877,16.09053201675415,13.066131475879299,14.110973040343943,34.97346761964606,-1.0448415644646438,-1.031343805663639,-0.013497758801004789,15.213904097562638,11.761594292635115,0.2784851895115115,0.5873016936862622,21144976000.0,8.529841101932796,6.813316087616189,0.015129328370243389,0.015016021490420006,0.032596333670181346,0.06074269657138687
2022-09-28,12.719322204589844,12.80620817097851,12.337822465998016,12.39374888989408,542414000,13.35155758857727,16.005624408721925,13.01277620337323,14.007887793251047,35.67189826235732,-0.9951115898778173,-1.0240973625064747,0.028985772628657314,14.841810746473246,11.861304430681294,0.2343290206703325,0.5751747388096154,21687390000.0,22.37468518390807,10.501536295897052,0.026021143741919106,0.025688354471830873,0.03355197606344973,0.03713852167805243
2022-09-29,12.203995704650879,12.483628721329582,11.930354395452484,12.431696780132437,532763000,13.208269596099854,15.894136390686036,12.888348434339022,13.874266157058441,25.895502711991185,-0.9859177227194191,-1.0164614345490637,0.03054371182964455,14.546227490728759,11.870311701470948,0.2192655466306034,0.5970034711911446,21154627000.0,10.534405174147082,13.812977153329307,-0.040515248505380796,-0.04135885579759011,0.0341322081811004,0.07446797121502957
2022-09-30,12.123103141784668,12.61645665148019,12.059186824350094,12.071171193395665,565638000,13.118694067001343,15.776178340911866,12.770618389330659,13.744550378149272,23.463463179551283,-0.9739319888186131,-1.0079555454029736,0.034023556584360515,14.496817314540076,11.74057081946261,0.22735486639369737,0.6119125330696727,20588989000.0,9.256655706141622,14.055248688065582,-0.006628367038459593,-0.0066504322213943225,0.030302999770020225,-0.0051899013490801504
2022-10-03,12.495614051818848,12.661397019747188,12.089146528346182,12.330830178093539,547478000,13.062220811843872,15.680267028808593,12.728310029713457,13.65203657619887,41.04717894024274,-0.9237265464854136,-0.9911097456194616,0.067383199134048,14.445529643117247,11.678911980570497,0.22140709940893574,0.5524903177979109,21136467000.0,27.146293416289186,15.645784765525955,0.03072735632762602,0.030264724211860033,0.031192861221325068,-0.06729541714656506
2022-10-04,13.14975643157959,13.202687472797923,12.862133487134708,12.862133487134708,584182000,13.047540140151977,15.603329067230225,12.793147937692861,13.614830639560406,50.47458011671731,-0.8216827018675446,-0.9572243368690783,0.1355416350015337,14.420006857147005,11.675073423156949,0.2087440515170307,0.5761022695229066,21720649000.0,58.56113220235238,31.654693774927722,0.052349758647157074,0.051025529256466536,0.033512138435269276,-0.12007286641879378
2022-10-05,13.191699028015137,13.30355279979385,12.604469821558896,12.894089953360172,507131000,13.022323083877563,15.537034149169921,12.854463490050135,13.58348755722372,53.542487064661316,-0.7290240671735848,-0.9115842829299796,0.1825602157563948,14.362780173480797,11.681865994274329,0.2032273608966537,0.5944353633780869,22227780000.0,60.575403018705146,48.76094287911556,0.0031896101386958975,0.003184534123087264,0.03321827012388914,-0.1293813214806666
2022-10-06,13.112802505493164,13.638113576163427,13.085837443272595,13.202684776328125,644157000,12.979379320144654,15.444061698913574,12.894207953964447,13.548621997836271,49.09622327234484,-0.6544140438718244,-0.8601502351183486,0.2057361912465242,14.244702128351385,11.714056511937923,0.19299044695848458,0.5914393046202168,21583623000.0,56.786439617930974,58.64099161299615,-0.005980770358270049,-0.005998726796662859,0.03284136645165533,-0.08910883600234765
2022-10-07,12.060185432434082,12.653407390361005,12.00625625011576,12.488623513159082,672478000,12.863980722427367,15.326163158416747,12.76589679680593,13.43836743743611,35.902422704654384,-0.6724706406301806,-0.8226143162207151,0.15014367559053454,14.011502055822383,11.716459389032352,0.19029911933342702,0.6381635514851008,20911145000.0,6.235066282811526,41.19896963981587,-0.08027399731050044,-0.08367947646076435,0.036249927561769014,-0.07030472272661892
2022-10-10,11.654716491699219,12.108121431783047,11.3930595354897,12.02123547777354,698699000,12.722416257858276,15.196580867767334,12.594945980635666,13.306245145159304,34.41638508269136,-0.7112991645236377,-0.8003512858812997,0.08905212135766194,13.715589744594453,11.729242771122099,0.1704328865388601,0.658850703566654,20212446000.0,9.988558187400766,24.33668802938108,-0.033620456584723346,-0.03419861984922427,0.03646728767727537,0.01868027902464453
2022-10-11,11.57082748413086,11.830486265809176,11.268223841612809,11.545859652529316,667482000,12.645267534255982,15.059769802093506,12.437389288865695,13.177695688786827,32.66403563535137,-0.7403063999211312,-0.788342308689266,0.048035908768134794,13.744483035175865,11.5460520333361,0.18999773394382258,0.6333127039906138,19544964000.0,12.768680246118878,9.664101572110381,-0.00719785913523574,-0.007223888703286745,0.03055836278302093,0.03288432799039165
2022-10-12,11.484939575195312,11.719631475815296,11.330142830208745,11.563836589027906,492590000,12.563974189758301,14.919543781280517,12.290858563685637,13.052306347039307,37.41997079532652,-0.7614477833536704,-0.7829634036221469,0.021515620268476532,13.75488425549138,11.373064124025223,0.20738638770118661,0.6017111451646854,19052374000.0,9.14454923077475,10.633929221431456,-0.007422797466589137,-0.0074504835180900985,0.030531805830414316,0.04791298259412735
2022-10-13,11.9443359375,12.06218142250349,10.798837859501226,10.956630918111395,850103000,12.515587615966798,14.781177539825439,12.237547390426307,12.970234464851211,43.99826483770544,-0.7326870744249039,-0.7729081377826983,0.04022106335779441,13.725435339143063,11.305739892790532,0.20258099395511336,0.6666973660660902,19902477000.0,40.34472844158835,20.752652639493984,0.03999989371270818,0.039220610953957014,0.03212469554046771,0.01956526321437324
2022-10-14,11.212297439575195,12.095139584430672,11.189327796407529,12.041210401485747,713432000,12.417166805267334,14.621740818023682,12.079816628756905,12.840016907423358,40.14181494050204,-0.7602002786664528,-0.7703665659594492,0.010166287292996401,13.71616757156256,11.118166038972108,0.23171000828255617,0.6996540749005172,19189045000.0,14.562149688456559,21.35047578693988,-0.06128750076649492,-0.06324602425590634,0.03405696941163993,0.11035876153552127
2022-10-17,11.872429847717285,11.932351684916148,11.501916408490736,11.502914550195962,580774000,12.342564582824707,14.480019493103027,12.047910970135426,12.768343791889574,45.2727961949103,-0.720432821754148,-0.760379817118389,0.039946995364240956,13.582530732145733,11.102598433503681,0.2088816131534244,0.7148482273281319,19769819000.0,37.81217799798716,30.90635204267735,0.058875748855187426,0.05720773098707069,0.03690829059977932,0.059808284022718095
2022-10-18,11.951326370239258,12.475638376699207,11.602783491739201,12.327832454158484,659362000,12.282193660736084,14.36375762939453,12.033051800920632,12.70782398287844,42.75754136048101,-0.6747721819578079,-0.7432582900862728,0.0684861081284649,13.47137519725068,11.093012124221488,0.19900411045184924,0.7437388830409543,20429181000.0,40.5909332288083,30.988420305084002,0.006645355966212962,0.006623372924602946,0.03691842896838789,0.1081309148176881
2022-10-19,12.03521728515625,12.333826444729338,11.818501467347717,11.863442610170829,523131000,12.221772813796997,14.263290939331055,12.033384952341496,12.658001264528648,48.26737627145219,-0.6246163121871522,-0.7195298945064487,0.09491358231929647,13.32495875039557,11.118586877198425,0.18332630154657825,0.7241929664869728,20952312000.0,43.5455922073335,40.64956781137631,0.007019381139644398,0.006994859965956588,0.036927230568402525,0.07011871782843526
2022-10-20,12.178030014038086,12.752276757936729,12.089145874513667,12.097135770429727,652398000,12.203446865081787,14.14549289703369,12.055638038756356,12.622447838566384,50.556782610208224,-0.5668097998100272,-0.6889858755671644,0.12217607575713718,13.296183980539311,11.110709749624263,0.17946040766821625,0.7356065126048573,21604710000.0,48.575492191806475,44.23733920931608,0.011866236022009868,0.011796384285148996,0.03523349812206183,0.08053148143362465
2022-10-21,12.44967269897461,12.481631329078258,11.871431503871706,12.082154643546934,609494000,12.200950098037719,14.03622272491455,12.11625875571301,12.609649680078103,49.52457935218067,-0.4933909243650927,-0.6498668853267501,0.1564759609616574,13.291063028888338,11.1108371671871,0.1751231469627959,0.7383171793052535,22214204000.0,58.142815409017246,50.087966602719064,0.022305962838274462,0.022060823531378723,0.03560278829836527,0.10973855001536648
2022-10-24,12.582499504089355,12.693354192196825,12.048200327410264,12.49161907984014,517457000,12.219475793838502,13.9142938041687,12.187988101617064,12.607638555930789,43.41981056397643,-0.41965045431372516,-0.6038235991241452,0.18417314481042002,13.3228904554715,11.116061132205504,0.17538878682639877,0.7338943538629311,22731661000.0,62.821008664025,56.51310542161624,0.010669100170455526,0.0106125869294883,0.03523130402125008,0.07127534361646815
2022-10-25,13.243634223937988,13.282583663418823,12.647415881475542,12.67737728182248,505482000,12.26182026863098,13.799137916564941,12.350395197358745,12.654749346153544,50.526776084267105,-0.3043541487947987,-0.5439297090582759,0.23957556026347715,13.45521028496361,11.068430252298352,0.18022092669632409,0.7339658667982534,23237143000.0,86.10633864222794,69.02338757175671,0.052543989342798136,0.051210080801054304,0.03691310568806614,0.021265277915096803
2022-10-26,12.879111289978027,13.370466592779119,12.691357769324208,12.852147174952409,532953000,12.26980972290039,13.679746608734131,12.431736134684789,12.671368749399802,47.759499799467,-0.2396326147150134,-0.4830702901896234,0.24343767547460998,13.478141960123116,11.061477485677665,0.18764217654722773,0.7430253446956876,22704190000.0,80.89322547801353,76.60685759475548,-0.027524388532347288,-0.027910281986360818,0.03717005720340541,0.025046489277421147
2022-10-27,13.158744812011719,13.819878535178242,13.10481562757985,13.612150741855237,583113000,12.317547178268432,13.57681058883667,12.543583623504317,12.707470679963647,62.36510965740478,-0.16388705645933044,-0.41923364344356484,0.2553465869842344,13.588735109501538,11.046359247035326,0.19320808320148064,0.7311839868258884,23287303000.0,78.1156960490272,81.70508672308955,0.02171217529980418,0.021479823251494244,0.036075061236154414,0.018594292019158853
2022-10-28,13.815881729125977,13.83186152118797,13.043894336346346,13.086838241715473,521040000,12.402186107635497,13.478271312713623,12.739321793599956,12.78957520212382,73.02128242998931,-0.050253408523863285,-0.3454375964596246,0.2951841879357613,13.834117969371986,10.970254245899008,0.2072877996223374,0.7363915074364795,23808343000.0,99.47313984857483,86.16068712520519,0.04993917934440084,0.048732238057843234,0.03735967922764821,0.02327596834735024
2022-10-31,13.479321479797363,13.819875396979098,13.279583628660458,13.759953565425427,486341000,12.451371479034425,13.391451110839844,12.853167899168788,12.840667518988527,69.29130589946185,0.012500380180261672,-0.2738500011316473,0.286350381311909,13.96221961192511,10.940523346143738,0.22417272785653586,0.7348221748737848,23322002000.0,88.37661417786911,88.65515002515706,-0.02436038871258528,-0.02466201148898989,0.0375660178500686,0.05956901514656798
2022-11-01,13.525263786315918,13.90676347391886,13.50129505001384,13.792912452696658,432817000,12.47014684677124,13.321823673248291,12.956567266422192,12.89137835360537,70.79176696045981,0.06518891281682215,-0.20604221834195344,0.2712311311587756,14.026194318659401,10.914099374883078,0.2300949536322509,0.7375331283391379,23754819000.0,87.72494146222748,91.85823182955714,0.003408354536792668,0.003402559260971471,0.03583737908463092,0.07819539711105428
2022-11-02,13.201687812805176,14.191390140892414,13.1936988689507,13.83186195195651,672628000,12.470646286010743,13.242789306640624,12.994278119711883,12.914364239472022,63.177724672077765,0.0799138802398609,-0.14885099862559056,0.22876487886545147,14.027674993861712,10.913617578159773,0.23588327946078322,0.7185579646919559,23082191000.0,67.03258576305869,81.04471380105177,-0.023923819795523493,-0.024214642126866432,0.036300850791629695,0.04213625208977878
2022-11-03,13.403422355651855,13.762951481566452,12.939032155387688,13.025918106836965,500065000,12.485177278518677,13.166970958709717,13.05722338677957,12.950590766596454,75.83603618966917,0.1066326201831167,-0.09775427486384912,0.20438689504696583,14.072567787107644,10.89778676992971,0.2368634616545689,0.712708503131643,23582256000.0,70.70178539189791,75.15310420572803,0.015280966017921171,0.015165387998636416,0.03640701359661194,0.17353415527133031
2022-11-04,14.137459754943848,14.21036409974022,13.679060329272222,13.967682330980322,612576000,12.589040994644165,13.092035636901855,13.223413597266383,13.03850698795552,76.24996604288174,0.1849066093108629,-0.041222098028906716,0.2261287073397696,14.324295070335582,10.853786918952748,0.24548314984021105,0.7189147530421724,24194832000.0,97.20413836700901,78.31283650732186,0.05476492345124595,0.05331792072643279,0.03273455411552199,0.1533628018130624
2022-11-07,14.282271385192871,14.393126083132001,13.93572663883021,14.209367030009965,410061000,12.720418739318848,13.053003444671631,13.38631479540892,13.130637684047176,76.6073614605491,0.2556771113617433,0.01815774384922329,0.23751936751252004,14.552967812516913,10.887869666120784,0.25661871613754067,0.6892393644237285,24604893000.0,95.69433546869492,87.86675307586728,0.010243115295050398,0.01019101010051546,0.031198445096025353,0.1394307189340418
2022-11-08,14.582877159118652,14.871498236897642,14.197382040182664,14.781615950345596,595292000,12.871021223068237,13.02914861679077,13.570401312902725,13.238210978496916,77.71015815451628,0.3321903344058086,0.08096426196054035,0.25122607244526823,14.798396894598083,10.94364555153839,0.2643340748879121,0.7005815943761112,25200185000.0,90.37951137867941,94.4259950714611,0.021047476680595256,0.020829038278309554,0.030985236730615203,0.14135053009056486
2022-11-09,13.757957458496094,14.192388153732095,13.740979525460897,14.143451590437952,454414000,12.984672117233277,12.995444679260254,13.599256104532474,13.276710717756114,64.96402670720556,0.32254538677636013,0.1292804869237043,0.19326489985265582,14.834411426745145,11.134932807721409,0.2688973730427665,0.7094986058673453,24745771000.0,62.882799680017996,82.9855488424641,-0.05656769179508159,-0.05823066215814853,0.03437716187966811,0.15490725803991934
2022-11-10,15.729373931884766,15.75234357507586,14.527949302036653,14.78061823441489,700819000,13.173924016952515,13.008637046813964,13.926966539509749,13.458389474358237,73.49740291990305,0.46857706515151243,0.19713980256926594,0.2714372625822465,15.325401195716278,11.022446838188753,0.27356170539026187,0.8083690552511463,25446590000.0,99.37989319934186,84.21406808601309,0.14329281649081138,0.13391253441022327,0.045226530860618355,-0.004634871892128745
2022-11-11,16.305620193481445,16.367539281571972,15.461727368675898,15.786301605326148,655487000,13.428590154647827,13.056457176208497,14.292913255505395,13.669295453552548,75.080712859307,0.6236178019528467,0.2824354024459821,0.3411823995068646,15.79722298350705,11.059957325788604,0.29052962116781544,0.8269874872589685,26102077000.0,98.33556357102893,86.86608548346292,0.036635041171510396,0.035979930149177004,0.041720777809398944,-0.056225984317640254
2022-11-14,16.273658752441406,16.518338717650273,15.901147120330615,16.196759933471668,527852000,13.648651599884033,13.10942876815796,14.597643331957089,13.86221125347024,72.30220534139187,0.7354320784868484,0.37303473765415535,0.3623973408326931,16.21785142010071,11.079451779667355,0.3157495016086953,0.8210665899725537,25574225000.0,93.60644932784534,97.1073020327387,-0.0019601487499883996,-0.0019620723556626443,0.04092383540090158,-0.060018337841024505
2022-11-15,16.644174575805664,16.975738615290787,16.36054610593409,16.70010099439711,545876000,13.883294010162354,13.173444862365722,14.912494292549177,14.068282610680273,77.68796137268431,0.844211681868904,0.4672701264971051,0.37694155537179896,16.649436884351033,11.117151135973675,0.3323857078751871,0.8227073785007301,26120101000.0,91.78627319830075,94.576095365725,0.022767825539457887,0.0225125067045342,0.04087511357234706,-0.037681429135075106
2022-11-16,15.889164924621582,16.340572673265275,15.852213675087597,16.140835725955686,649547000,14.07599139213562,13.217307357788085,15.062751312868008,14.203162782083332,68.76713037473577,0.8595885307846753,0.5457338073546192,0.31385472343005616,16.837010667143918,11.314972117127322,0.34753485008263324,0.8120783538948624,25470554000.0,73.08266770960317,86.15846341191643,-0.045361795969238394,-0.046422854227750714,0.04319167588636967,0.03827772131523699
2022-11-17,15.65647029876709,16.24469967737209,15.514656056143036,15.694420642704538,710894000,14.24991340637207,13.2510032081604,15.15409269531402,14.310815190726574,63.43489046074949,0.8432775045874461,0.6052425468011846,0.2380349577862615,16.94497747812018,11.55484933462396,0.344274797616464,0.8079409564939646,24759660000.0,67.31820036207071,77.39571375665821,-0.0146448618891174,-0.014753156485784109,0.04369163022456353,0.03782585355581736
2022-11-18,15.38882064819336,15.981044462160867,15.10019861437429,15.945090404179322,492072000,14.396870803833007,13.271416473388673,15.190204688064687,14.390667446835225,64.07952371694121,0.7995372412294621,0.6441014856868401,0.155435755542622,16.99749108344497,11.796250524221044,0.3379882499205389,0.8322662478845314,24267588000.0,60.68780369671964,67.02955725613117,-0.017095146317545606,-0.01724295529736457,0.04416009355400489,0.027127017835758105
2022-11-21,15.296940803527832,15.456731110524126,15.060250720781186,15.127163364237928,404739000,14.532592868804931,13.287635173797607,15.20662562890517,14.457798806590233,62.975404588760945,0.7488268223149372,0.6650465530124596,0.08378026930247762,17.015167760729803,12.05001797688006,0.324584493567803,0.8300547047146346,23862849000.0,58.411694557860635,62.139232872216986,-0.005970557898230755,-0.0059884529435278375,0.04433383623686112,0.021022437337145483
2022-11-22,16.016998291015625,16.036972558111696,15.102197430405885,15.30792800033822,472866000,14.671261072158813,13.345699100494384,15.331298346152932,14.573295064695818,69.48705440447284,0.758003281457114,0.6836378987013906,0.07436538275572346,17.16050376415882,12.182018380158807,0.31082511801181756,0.82556069441207,24335715000.0,76.24944160391907,65.11631328616643,0.047071992807982355,0.04599769056361056,0.044078232605301276,0.05545113319170425
2022-11-23,16.497365951538086,16.505356800578657,16.026984003688426,16.076917762150764,427241000,14.852173805236816,13.413430290222168,15.510693362366032,14.715818834091541,70.62031494973739,0.7948745282744909,0.7058852246160107,0.08898930365848023,17.318828622996257,12.385518987477376,0.29903620068868864,0.8015920646538034,24762956000.0,85.48925242003735,73.38346286060568,0.029991116424849196,0.02955017737410684,0.04334119793379391,0.037555910134968284
2022-11-25,16.248689651489258,16.46540447528635,16.150818440742185,16.2966271152818,167934000,15.006671047210693,13.48016273498535,15.624231253000374,14.829364820565447,65.04408113463623,0.7948664324349277,0.7236814661797941,0.0711849662551336,17.41306604696812,12.600276047453267,0.29619557655061374,0.7687067622757703,24595022000.0,77.52386052913133,79.75418485102924,-0.015073697266541064,-0.015188460169111233,0.04374469389364791,0.037511945367251665
2022-11-28,15.806273460388184,16.335580086090914,15.704407750431818,16.005012266171555,303741000,15.106190633773803,13.532673931121826,15.652237746444653,14.901728423515278,60.41779599222278,0.7505093229293749,0.7290470375297103,0.02146228539966455,17.469475684958365,12.74290558258924,0.2990312747792386,0.781119111658435,24291281000.0,63.84691647616414,75.62000980844427,-0.027227807324175513,-0.027605353010383468,0.043576264406762044,0.04974086342897244
2022-11-29,15.61851978302002,15.911136303892222,15.49967613837757,15.806273312076401,298384000,15.213150548934937,13.57775484085083,15.647050367456249,14.95482407977489,57.190399852376984,0.6922262876813594,0.7216828875600402,-0.029456599878680767,17.457032127171317,12.96926897069856,0.2873360099944757,0.7623579665726974,23992897000.0,58.04266113299436,66.47114604609659,-0.011878427754567822,-0.011949539972746635,0.04318179546937863,0.022513548557278273
2022-11-30,16.90515899658203,16.912151586236597,15.580556739527186,15.680450741353981,565298000,15.382145309448243,13.652683124542236,15.840605541167907,15.099293332871715,70.53428656962674,0.7413122082961916,0.7256087517072705,0.01570345658892114,17.599731376528783,13.164559242367702,0.262356132530774,0.79733633893353,24558195000.0,97.11659744170989,73.00205835028946,0.08237907506195352,0.07916146570490191,0.04622036645789094,-0.04744994230056687
2022-12-01,17.116939544677734,17.246801683339985,16.617466556173586,16.98108321190143,470977000,15.57790789604187,13.730149230957032,16.036964618630957,15.248748607820309,61.75176354535329,0.7882160108106486,0.7381302035279461,0.05008580728270251,17.672898119410245,13.482917672673494,0.24478560760235699,0.6998326968325752,25029172000.0,94.06086838008619,83.0733756515968,0.012527569136647765,0.0124497484047968,0.045433411040542035,0.0019842423942575405
2022-12-02,16.85820960998535,16.915150636132893,16.42766419266872,16.641439305658572,371389000,15.750647258758544,13.816422443389893,16.163310001916248,15.367967941314015,54.94608251484563,0.7953420606022323,0.7495725749428034,0.045769485659428955,17.6514327770319,13.849861740485188,0.2255026556494462,0.6843657996263568,24657783000.0,82.2280806241915,91.13518214866252,-0.015115431939048407,-0.01523083446314359,0.04589475748652756,0.007407091451692827
2022-12-05,16.592491149902344,16.977085530136808,16.454636135070988,16.66141865731802,352255000,15.87339882850647,13.898280105590821,16.229337870837185,15.45867336417241,52.73916202642051,0.7706645066647742,0.7537909612871976,0.01687354537757657,17.648468866730298,14.098328790282645,0.21396064306284396,0.6775984994653683,24305528000.0,70.07567875881134,82.12154258769634,-0.01576196204878244,-0.01588750269801401,0.045179599315387266,0.055689321968667604
2022-12-06,15.970148086547852,16.55552985566231,15.802324959390125,16.512575914907618,352694000,15.957792663574219,13.973443355560303,16.189462519408057,15.496560380644665,44.44945656675641,0.692902138763392,0.7416131967824365,-0.04871105801904452,17.56709962673482,14.348485700413619,0.20153939142445013,0.6838903800127138,23952834000.0,41.61336190791226,64.63904043030503,-0.03750751214703252,-0.038229017678741324,0.04635490958664734,0.1304184411791438
2022-12-07,16.103010177612305,16.16894059762961,15.650486623430005,15.7553764476407,372388000,16.0337993144989,14.04756866455078,16.17616215913179,15.541482587827453,51.96203817505036,0.6346795713043356,0.7202264716868164,-0.0855469003824808,17.507572313177498,14.560026315820304,0.1830431680068804,0.664354170975681,24325222000.0,47.68969368698996,53.12624478457118,0.008319402571875134,0.008284987088060167,0.046233006158499165,0.09640188496099844
2022-12-08,17.150903701782227,17.160893389958503,15.94217810718751,16.255848218840367,515456000,16.203446626663208,14.136200294494628,16.326122396462626,15.660698966638918,61.92728501623947,0.6654234298237078,0.7092658633141947,-0.04384243349048689,17.309401264861524,15.09749198846489,0.128967506019335,0.6992592896572479,24840678000.0,95.6141894629487,61.639081685950295,0.06507438749723882,0.06304464413741902,0.04557348603641015,-0.012639327812359658
2022-12-09,16.98307991027832,17.564467197257134,16.957108244828135,17.141912716034206,465338000,16.266131925582886,14.231781978607177,16.427192783203502,15.758653110612208,62.930042970075064,0.6685396725912938,0.7011206251696146,-0.03258095257832083,17.400697791667145,15.13156605949863,0.13361132045284765,0.679724511417421,24375340000.0,76.78366494238526,73.36251603077464,-0.00978512820210553,-0.00983331718366113,0.033665635748066164,-0.025292718742366493
2022-12-12,17.516515731811523,17.5195128285567,16.779294713991607,17.01904149488724,457328000,16.32667670249939,14.339650230407715,16.594780929143198,15.888865156626972,66.79842322416008,0.7059157725162262,0.702079654638937,0.0038361178772892135,17.59183535996297,15.06151804503581,0.14445323223338785,0.7042772060475747,24832668000.0,98.05255024970492,90.15013488501296,0.03140983993194091,0.030926642953708273,0.033421449231522175,-0.07305389691016662
2022-12-13,18.052949905395508,18.770193437295646,17.692330392550996,18.511465684750743,656589000,16.415641260147094,14.450796947479247,16.8191146177974,16.049167730609827,65.84922460788107,0.7699468871875723,0.7156531011486641,0.05429378603890822,17.896884688969916,14.93439783132427,0.1640998769270524,0.7270559616031684,25489257000.0,78.06941633000675,84.3018771740323,0.030624479308392072,0.030164909112330822,0.03390085357240603,-0.10994908052820174
2022-12-14,17.655370712280273,18.23276249935812,17.401638727640112,17.968040523898743,496888000,16.466201066970825,14.540909233093261,16.947769401563995,16.168145729252082,59.132405674305154,0.7796236723119137,0.7284472153813141,0.05117645693059958,18.046038880771622,14.886363253170027,0.17896399226575677,0.7515391946142381,24992369000.0,65.91295431938862,80.67830696636675,-0.022022948891937566,-0.0222690743473106,0.03419476699238293,-0.06636893711110436
2022-12-15,16.934127807617188,17.30173986952119,16.68239457922902,17.127923524585228,478542000,16.518449211120604,14.615757808685302,16.94567069480295,16.224885142464313,55.03062597040181,0.7207855523386364,0.7269148827727786,-0.006129330434142211,18.08701228562296,14.949886136618247,0.18525466351999512,0.7962840962039063,24513827000.0,43.86008504757182,62.61415189898906,-0.040851190066568344,-0.041709044151817164,0.03386887778609622,-0.09515090624845124
2022-12-16,16.553531646728516,17.023037438901543,16.392702058076296,16.846223968965074,478232000,16.563302278518677,14.68457239151001,16.885341610483806,16.249229327965367,55.5345630661565,0.6361122825184395,0.7087543627219108,-0.0726420802034713,18.07847746329255,15.048127093744805,0.18306367693727976,0.7962243137157742,24035595000.0,32.222899673312966,47.33197968009113,-0.022475096752102908,-0.022731510978699004,0.034136579824426576,-0.08237279546592635
2022-12-19,16.236865997314453,16.591491326415667,16.127981643599433,16.554531578863497,354039000,16.60570454597473,14.768106002807617,16.785576131534675,16.24831352569493,54.493961922310795,0.5372626058397465,0.6744560113454781,-0.13719340550573156,18.027048220304028,15.184360871645435,0.17507611069333012,0.7999421363801729,23681556000.0,20.576301308568237,32.21976200981767,-0.019129793941986106,-0.019315135960217753,0.03420362478310609,-0.131229124069019
2022-12-20,16.068044662475586,16.292807881891594,15.835291407365762,16.047066889019305,403260000,16.64425973892212,14.856372566223145,16.675186674756354,16.23496027656757,42.73581219636797,0.4402263981887842,0.6276100887141393,-0.18738369052535508,17.953539999326928,15.33497947851731,0.16296696802971042,0.7375079669384886,23278296000.0,13.38452822091758,22.06124306759959,-0.01039740888831564,-0.010451839564840965,0.034280534929387756,-0.1273856778078324
2022-12-21,16.48360252380371,16.60947103919092,16.08502301997595,16.097011404935554,325025000,16.667589950561524,14.954628067016602,16.64571218999441,16.253378220807285,44.69184997122861,0.39233396918712415,0.5805548648087363,-0.18822089562161215,17.946074920943847,15.389104980179203,0.15512203337056713,0.7312287704776984,23603321000.0,26.70494215686695,20.221923895450917,0.025862379029764293,0.02553360425262039,0.03315526910544118,-0.11502310476958588
2022-12-22,15.322830200195312,16.120988676666293,14.866312166020125,16.077034434147475,565045000,16.608863162994385,15.031385879516602,16.44219188387147,16.18444873779899,38.821810374839686,0.25774314607247817,0.5159925210614847,-0.2582493749890066,18.02117101726744,15.196555308721331,0.18434033867386368,0.7975155566044535,23038276000.0,11.693952821190425,17.26114106632498,-0.07041982005645586,-0.07302221417079746,0.03615227387872498,-0.04726512825670659
2022-12-23,15.189970970153809,15.322830189395079,14.867311505326436,15.17998128298212,349326000,16.55592722892761,15.096298580169679,16.24954251253029,16.110783717973423,39.58764887075149,0.13875879455686757,0.4405457757605613,-0.30178698120369374,18.098440546560138,15.013413911295087,0.20309628249630635,0.7927347923046718,22688950000.0,8.290692814667173,15.563195930908178,-0.00867067169091329,-0.008708480676215833,0.03606865638732328,-0.05859520553918207
2022-12-27,14.10611629486084,15.084084488373529,14.041184273487007,15.058111870357818,464902000,16.470919370651245,15.15417495727539,15.919784632888836,15.962289834779899,37.048856860981886,-0.04250520189106233,0.3439355802302366,-0.38644078212129895,18.34017004867922,14.60166869262327,0.26502697680281884,0.8183505427442849,22224048000.0,1.3730576345047247,7.1192344234541025,-0.071353307878112,-0.07402692238400228,0.03888424524347216,0.04447259155444727
2022-12-28,14.02120590209961,14.246967523902235,13.869365687694097,13.912320585471353,351066000,16.391053676605225,15.197150478363037,15.627695597382802,15.818505839766544,35.43876540782192,-0.19081024238374233,0.23698641570744083,-0.42779665809118317,18.530601410492416,14.251505942718033,0.3051874066790224,0.8082896757448943,21872982000.0,3.0982565014017167,4.254002316857867,-0.006019402575900057,-0.006037592210139167,0.03885142458866877,0.016315066350163
2022-12-29,14.587607383728027,14.667522983450695,14.2120042555653,14.38681998720955,354923000,16.275176095962525,15.249876098632813,15.467682026051298,15.727328176356284,30.776108966530884,-0.2596461503049863,0.1376599025049554,-0.3973060528099417,18.544582156859267,14.005770035065783,0.31114164251886656,0.7674040899291867,22227905000.0,14.655518059082363,6.37561073166293,0.04039606048033306,0.03960146804187352,0.03482654575403084,0.017530611330973
2022-12-30,14.598594665527344,14.613578243254633,14.217995786415349,14.318889147477543,310490000,16.149258852005005,15.301143646240234,15.333976278278381,15.643718286665251,31.68631447106945,-0.3097420083868698,0.04817952032659036,-0.35792152871346017,18.500013486568832,13.798504217441177,0.32205218220282866,0.7522771973870642,22538395000.0,14.879710427360717,10.877828329281593,0.0007531928650323927,0.0007529093576346594,0.03458191718562809,0.06938544014608028
2023-01-03,14.299911499023438,14.980194430393471,14.081142463306268,14.835346803839585,401277000,16.02134394645691,15.343581275939941,15.174889389162237,15.544177043136228,24.371181481503967,-0.3692876539739913,-0.03531391453352598,-0.3339737394404653,18.485356716209672,13.557331176704144,0.3446193034021274,0.763622472567215,22137118000.0,8.785165144326754,12.77346454358994,-0.020459720496878164,-0.02067191992837641,0.03466559671862751,0.11135163563493489
2023-01-04,14.733451843261719,14.837342302451898,14.225987933937839,14.5516444923479,431324000,15.928391981124879,15.389256858825684,15.106975920562158,15.484123324627005,23.11046474946285,-0.37714740406484637,-0.10368061243979007,-0.27346679162505627,18.44145723042689,13.415326731822866,0.3411373350979326,0.7177422342122105,22568442000.0,19.80306152903071,14.489312366906056,0.030317694222645297,0.02986719567625988,0.03561434085515986,0.08488696849482413
2023-01-05,14.24996280670166,14.548647400640538,14.13308556373845,14.475724399761354,389168000,15.842382717132569,15.42260612487793,14.975127749199006,15.392704027002905,22.793223575346417,-0.4175762778038994,-0.16645974551261195,-0.25111653229128744,18.46479781739093,13.219967616874207,0.3680592203405693,0.7012595561983005,22179274000.0,11.088450697239603,13.225559123532351,-0.03281573399794835,-0.03336624738826084,0.035405985463977586,0.1574482928147849
2023-01-06,14.843337059020996,14.994177909991919,14.019206897315305,14.458742666001996,405044000,15.779399061203003,15.45460018157959,14.954852258402388,15.352010177522763,32.94766936628686,-0.39715791912037446,-0.21259938023416444,-0.18455853888621002,18.43574662431926,13.123051498086744,0.357917839169713,0.7014020476001119,22584318000.0,30.88372690167127,20.591746375980524,0.04164040709216987,0.0407967850109812,0.036825315149721614,0.13729058174996767
2023-01-09,15.61152458190918,16.039072863782973,15.125037532338498,15.267887377972603,504231000,15.70243010520935,15.509248447418212,15.055878769711125,15.371233466736571,42.773918636129494,-0.3153546970254464,-0.23315044359242085,-0.08220425343302554,18.279476098479158,13.125384111939542,0.3301466144128062,0.7417877921670212,23088549000.0,63.57999675551166,35.18405811814084,0.05175302021598438,0.05045831509452882,0.03562212882405386,0.13271052244153436
2023-01-10,15.892230033874512,15.94517366128145,15.455690420036634,15.490653372601406,384101000,15.64788761138916,15.563918151855468,15.18454819496703,15.409825805043086,47.341651483057284,-0.22527761007605562,-0.23157587688914782,0.0062982668130922015,18.156063764077278,13.139711458701044,0.3156481056896237,0.7436430463404913,23472650000.0,73.82432738716234,56.09601701478175,0.017980655924573652,0.017820915909060753,0.03592791181546424,0.09227505580672246
2023-01-11,15.984129905700684,16.011101866917304,15.546591955018148,15.823300346058495,353285000,15.571268320083618,15.607283115386963,15.30756076584913,15.452366849536242,49.34495042564152,-0.14480608368711145,-0.21422191824874057,0.06941583456162911,17.928156485859837,13.214380154307399,0.29490352989882085,0.7441425775814431,23825935000.0,77.17820835171837,71.52751083146411,0.0057826920218424505,0.0057660364368979635,0.035094934200918936,0.04774698958717116
2023-01-12,16.493595123291016,16.619461755576417,15.47566921706697,16.083029067309738,551409000,15.493300580978394,15.667568588256836,15.490027590070959,15.529494869814373,50.076876328700145,-0.03946727974341435,-0.17927099054767534,0.139803710804261,17.593738758201674,13.392862403755112,0.2546974339460049,0.7871687319953081,24377344000.0,95.42319140376229,82.14190904754766,0.03187319050808224,0.03137578209467399,0.035160777428951046,0.08043128369078589
2023-01-13,16.881187438964844,16.904163911762296,16.147961873227626,16.260841726815173,447287000,15.454591417312622,15.734687061309815,15.70405218220848,15.629620245307,63.60784808935915,0.07443193690147965,-0.12853040505784435,0.202962341959324,17.410847629058377,13.49833520556687,0.23176760744097416,0.7256624234775284,24824631000.0,99.24289945843314,90.61476640463793,0.02349956530256403,0.02322770140252101,0.035399352904482075,0.13574757157816575
2023-01-17,17.683338165283203,17.709311731541334,16.881185193204846,16.881185193204846,511102000,15.492051935195922,15.824320068359375,16.00855771806613,15.781747498638572,69.49392437429694,0.2268102194275574,-0.057462280160764004,0.2842724995883214,17.591083068428237,13.393020801963608,0.23740213681523492,0.7522772694395006,25335733000.0,99.32359551528116,97.99656212582552,0.04751743496828009,0.04642301703676648,0.03576021407861488,0.08829518888786536
2023-01-18,17.358686447143555,17.854162075882435,17.263785352274855,17.648379813010923,439624000,15.532309675216675,15.90342535018921,16.216269830231887,15.898557791120423,78.85510778973656,0.3177120391114645,0.017572583693681705,0.3001394554177828,17.74487413528939,13.319745215143962,0.2549230285148449,0.7123908427924134,24896109000.0,87.56584825555406,95.37744774308943,-0.01835918733811359,-0.018529808758355304,0.03561877761558306,0.11198675830690652
2023-01-19,16.747323989868164,17.178869643415503,16.713361345219184,17.018038182127146,452932000,15.55783257484436,15.955622634887696,16.29797047017593,15.961429361398034,72.1186378711472,0.33654110877789556,0.08136628871052448,0.2551748200673711,17.81592580321587,13.29973934647285,0.26966615439429203,0.7315139332007157,24443177000.0,71.13817410666049,86.00920595916523,-0.03521939630265014,-0.03585455717342006,0.036319415954821056,0.18115145048284131
2023-01-20,17.8201961517334,17.837178429750637,16.80726509622476,16.993067946601407,564967000,15.645440149307252,16.026381130218507,16.532159036569386,16.099115790311764,74.23607285121518,0.4330432462576219,0.15170168021994399,0.2813415660376779,18.11311110411403,13.177769194500474,0.27695216526185584,0.7631951730958147,25008144000.0,99.114307115504,85.9394431592395,0.06406230407403024,0.062093945665644766,0.038700235573946716,0.1415998111938297
2023-01-23,19.172767639160156,19.224712866778543,17.799217156484602,18.044956208931275,655163000,15.779898405075073,16.118178939819337,16.938406513891042,16.326793705041275,78.5509446264729,0.6116128088497668,0.24368390594590855,0.3679289029038582,18.692758902735804,12.867037907414343,0.30385394038899705,0.8367604054854331,25663307000.0,99.00210990222409,89.75153037479619,0.07590104373206863,0.0731584907186302,0.04156941267568685,-0.001615093117305788
2023-01-24,19.244691848754883,19.474450850170054,18.800161235154988,18.80715382585874,496204000,15.975991487503052,16.227913627624513,17.293219642331632,16.54293430827932,81.76333364858405,0.750285334052311,0.3450041915671891,0.4052811424851219,19.26326918535854,12.688713789647565,0.3416295489364431,0.8207059517659948,26159511000.0,95.78829096629454,97.96823599467422,0.0037513733514311642,0.0037443544985022634,0.037250994926917746,0.014119065852996826
2023-01-25,19.302629470825195,19.349580807071824,18.560412717739826,18.893061849004603,449537000,16.18162441253662,16.29937873840332,17.602359615946025,16.747356172171607,80.83871548787346,0.8550034437744181,0.4470040420086349,0.40799940176578314,19.763227072611578,12.600021752461664,0.37109997531562644,0.8334069318244189,26609048000.0,96.85034469955376,97.21358185602412,0.003010576761927286,0.0030060540507466657,0.03699863665485141,0.08383819309955975
2023-01-26,19.781126022338867,20.14474263652142,19.25767822252368,19.680232657858443,489535000,16.46537489891052,16.36888885498047,17.93755444769877,16.97207986477659,87.3566126279288,0.9654745829221802,0.550698150191344,0.4147764327308362,20.24818393012969,12.682565867691352,0.3824665013454983,0.8538853700011669,27098583000.0,94.06392141676871,95.56751902753899,0.024789190106813797,0.024486923249294953,0.031311662789772585,0.09630347371282277
2023-01-27,20.34353256225586,20.60625581574819,19.384545434625117,19.441484557009698,542142000,16.781491231918334,16.45028633117676,18.307704926861398,17.221817101626904,87.30350290270385,1.0858878252344937,0.6577360851999741,0.4281517400345196,20.756104456361275,12.806878007475394,0.3907495625235898,0.8715096106044856,27640725000.0,95.20684561606312,95.37370391079519,0.028431472469356178,0.02803479927597693,0.030894082303287388,0.03609147683217584
2023-01-30,19.141801834106445,20.118769651142287,19.12981344690093,19.92897130354372,488611000,17.009200954437254,16.500238876342774,18.43602752797602,17.364038192921686,72.61326276478907,1.071989335054333,0.7405867351708458,0.3314025998834872,20.97641578797801,13.0419861208965,0.41450798288717605,0.8727941327896965,27152114000.0,71.56712186245136,86.9459629650944,-0.05907188068108837,-0.06088852986075595,0.035036063368587,0.100563611313359
2023-01-31,19.516408920288086,19.66625044123853,18.93002771708951,19.149795154127606,498017000,17.255091667175293,16.572783756256104,18.602240049870183,17.523473061615494,72.93880292064188,1.0787669882546886,0.8082227857876144,0.2705442024670742,21.202778359407773,13.307404974942813,0.4045505203704461,0.8904183815685685,27650131000.0,78.75785009597497,81.84393919149647,0.019570105752227285,0.01938107350606819,0.03490676712207989,0.13492322633047626
2023-02-01,20.920927047729492,21.16966324723434,19.590330232815255,19.67024583727826,660477000,17.586142444610594,16.678072891235352,18.958961126463922,17.775136319846162,76.79463388283669,1.1838248066177606,0.8833431899536437,0.3004816166641169,21.600287445306694,13.571997443914494,0.3837444671106721,0.9753286969290754,28310608000.0,95.63160412281198,81.98552536041278,0.07196601245536272,0.06949435734690053,0.03603742339877472,0.060258423347173684
2023-02-02,21.68611717224121,21.9258639706003,20.67818184085696,20.97786486247128,564276000,17.93377571105957,16.80401882171631,19.378523595045042,18.06483860520876,77.42139588649889,1.3136849898362826,0.9694115499301715,0.34427343990611103,22.108724352477296,13.758827069641846,0.38503422334743875,0.9827493820172106,28874884000.0,95.85062544713915,90.08002655530869,0.03657534500101245,0.03592234200384203,0.03616032726379063,0.028928023264496616
2023-02-03,21.077760696411133,21.722081314990728,20.76708767150065,20.977865716692563,429366000,18.275165605545045,16.919635219573976,19.639944687562902,18.288018019371897,71.65688024137529,1.3519266681910054,1.0459145735823383,0.3060120946086671,22.295551934858647,14.254779276231442,0.38148135252319715,0.9969487823711682,28445518000.0,83.72944176762977,91.73722377919363,-0.02805280774784291,-0.02845380495625543,0.035807229378065505,0.007819783822318405
2023-02-06,21.066770553588867,21.54726252016348,20.764088546903054,20.78406792196353,452197000,18.586337280273437,17.02063066482544,19.859456359259205,18.493851540425005,69.01314118686486,1.3656048188341998,1.1098526226327106,0.25575219620148926,22.448589402534292,14.724085158012583,0.36666769711439173,0.9937378848657351,27993321000.0,83.51859980533236,87.6995556733671,-0.0005214094125348678,-0.000521545393692566,0.03573008490721031,0.033145059033205415
2023-02-07,22.149625778198242,22.235535559887833,21.12770349826597,21.359459276744385,664150000,18.91324234008789,17.133675861358643,20.211790116019056,18.76464963211191,74.80856020743057,1.4471404839071447,1.1773101948875975,0.2698302890195472,22.82182629101903,15.004658389156752,0.35292550673956186,1.0350513336294056,28657471000.0,98.44427612504818,88.56410589933677,0.051401102122171416,0.050123657645167796,0.03571280606191151,0.03598973648263293
2023-02-08,22.181589126586914,22.853879916035094,21.984796321260635,22.363396450827928,559651000,19.22771029472351,17.252333850860595,20.51483611764488,19.01775626133228,79.93617095686767,1.4970798563125989,1.2412641271725977,0.25581572914000117,23.12490655694195,15.33051403250507,0.3513901767792868,1.0510340831186975,29217122000.0,88.88153437301165,90.28147010113072,0.001443064939730565,0.0014420247221345358,0.035910140410939914,0.025174596314678332
2023-02-09,22.313453674316406,22.995734263923605,22.0966833667124,22.582171117953777,523876000,19.544176483154295,17.38247745513916,20.79154651097896,19.2618819956274,77.6154261237724,1.5296645153515591,1.2989442048083901,0.230720310543169,23.359426777790674,15.728926188517917,0.34196860336576845,1.0374052586421783,29740998000.0,86.87042539513256,91.39874529773078,0.005944774604603964,0.005927174151425497,0.03590739468152128,-0.014997423640076835
2023-02-10,21.242584228515625,22.054726981350132,20.789064216864638,21.6671373847091,550737000,19.781625938415527,17.49495874404907,20.860936929061523,19.40860067954505,63.177316998342356,1.452336249516474,1.329622613750007,0.1227136357664671,23.38257720779787,16.180674669033184,0.33903137496317387,1.0444690977248803,29190261000.0,60.47298898721,78.74164958511807,-0.04799209756728029,-0.04918194335051823,0.0385591117868677,0.005784022457285598
2023-02-13,21.765029907226562,22.024756028474826,20.939900511928794,21.515293472026823,474919000,20.025818061828613,17.59215616226196,21.00002815647153,19.583150992706642,65.17502249676393,1.4168771637648874,1.3470735237529832,0.0698036400119042,23.45698449424208,16.594651629415146,0.31529168092475063,1.0737952335485208,29665180000.0,72.25219536837228,73.19853658357161,0.024594261841721643,0.02429669211856668,0.03857492812238431,-0.05200100883837766
2023-02-14,22.94678497314453,23.024701862590533,21.343475492983863,21.55525189893666,675474000,20.28899040222168,17.7087530708313,21.299529205190453,19.83230906533167,69.32613761912904,1.4672201398587816,1.3711028469741429,0.09611729288463877,23.770699954459914,16.807280849983442,0.3034594655689683,1.1375136821395686,30340654000.0,98.09711621344564,76.94076685634263,0.054296046040607227,0.052873289276564046,0.038917920307204854,-0.09651289481830017
2023-02-15,22.740001678466797,22.830905348150583,22.082696315415404,22.525228183306545,420575000,20.558056163787843,17.826388912200926,21.521140354925276,20.04769370334168,66.15753120198377,1.473446651583597,1.3915716078960338,0.08187504368756304,23.91580537875434,17.200306948821346,0.2953165318493403,1.1358725566918104,29920079000.0,93.04706125719387,87.79879094633726,-0.009011427741173361,-0.009052276243535044,0.03856558241283809,0.039536214039057826
2023-02-16,21.978809356689453,22.5262301612366,21.90388764913277,22.109669887606003,412026000,20.819630432128907,17.93411527633667,21.591550970581302,20.190739307293367,58.74000812449543,1.4008116632879357,1.3934196189744144,0.007392044313521362,23.709985244878176,17.929275619379638,0.2630128653324492,1.10832996013545,29508053000.0,74.45724691438966,88.53380812834307,-0.033473714406016986,-0.03404678402071575,0.03844942453961795,0.05835805008076722
2023-02-17,21.36545181274414,21.717079994148627,20.952887118556177,21.60819565620736,465888000,20.996893215179444,18.042021350860594,21.5567664847602,20.277755048437868,62.682295946220655,1.2790114363223317,1.3705379824439978,-0.09152654612166611,23.52484599930077,18.46894043105812,0.23663930033189778,1.0949158974767603,29042165000.0,59.4778487498388,75.66071897380745,-0.027906768469176946,-0.028303561908678783,0.03768697477248457,0.09879365986260957
2023-02-21,20.63322639465332,21.47134072519899,20.596264744241374,20.977862013234812,410015000,21.0699161529541,18.132625675201417,21.414683393974528,20.304086259268644,56.119972421080995,1.110597134705884,1.318549812896375,-0.207952678190491,23.456424834975913,18.683407470932288,0.23132675776195888,1.1048339872488027,28632150000.0,30.366433046811572,54.76717623701334,-0.03427146893538002,-0.03487250800681989,0.035502395252476414,0.1239894273792348
2023-02-22,20.73212432861328,21.081755798453145,20.39947513838324,20.685174889382303,513184000,21.14428777694702,18.204250087738036,21.309674306995873,20.335792782923804,48.79262787733454,0.9738815240720697,1.2496161551315141,-0.2757346310594444,23.379192664188775,18.909382889705267,0.215598252433521,1.0354787253290634,29145334000.0,12.671255668547001,34.171845821732454,0.004793139573439964,0.004781689054666952,0.03550235297424105,0.09366854579062855
2023-02-23,23.639055252075195,23.862820062689913,23.0007288852004,23.415292346798566,1117995000,21.361109066009522,18.337369594573975,21.668040606238847,20.580478891749834,59.80342623499395,1.0875617144890128,1.217205267003014,-0.12964355251400117,23.683414151455374,19.03880398056367,0.19648036359168658,1.1699796970671557,30263329000.0,93.53905497602426,45.52558123046094,0.1402138477169914,0.13121583053106264,0.04671895431933342,-0.014790369247276391
2023-02-24,23.261449813842773,23.449253244039845,22.922808411961658,23.200515205899624,589716000,21.535125255584717,18.4522682762146,21.913180484331757,20.779069330423386,61.22172804404439,1.1341111539083713,1.2005864443840855,-0.06647529047571421,23.880402488747904,19.18984802242153,0.2016449750064611,1.1529263539688315,29673613000.0,82.63614330028392,62.94881798161839,-0.01597379566170576,-0.01610275185937133,0.04698267695067039,0.025938488642594404
2023-02-27,23.47622299194336,23.854823133033605,23.429273564014498,23.64504544483232,452994000,21.69175977706909,18.560733737945558,22.15364856242585,20.978858490535977,62.12788908347777,1.1747900718898734,1.1954271698852432,-0.020637097995369835,24.118966314623975,19.264553239514207,0.206779986575171,1.139369164392432,30126607000.0,88.83746551139947,88.33755459590255,0.009233009112474821,0.009190645446926066,0.046763560207579546,0.002255469519678588
2023-02-28,23.1915283203125,23.799887550278743,23.18153863236945,23.347364022615437,455963000,21.894246101379395,18.6714568901062,22.313322371331488,21.142759959408313,55.702581300520826,1.170562411923175,1.1904542182928297,-0.019891806369654708,24.09045484074096,19.69803736201783,0.18939749972734637,1.1000537295074555,29670644000.0,80.61724264100054,84.03028381756131,-0.012126936761870155,-0.01220106799225637,0.0443244118933304,0.003271557622970267
2023-03-01,22.674072265625,23.23148459935281,22.484272025585433,23.167550984389926,460026000,22.05212926864624,18.78625577926636,22.36882235506895,21.25619050060955,52.559457047358904,1.1126318544594014,1.1748897455261442,-0.06225789106674284,23.964213181364784,20.140045355927697,0.16865818281944492,1.091348656578378,29210618000.0,65.67630935692459,78.37700583644153,-0.02231228781219574,-0.022564972629878888,0.04486120227595019,0.06551714101514983
2023-03-02,23.289424896240234,23.355355313247546,22.40835460483908,22.464297239112163,389415000,22.170554161071777,18.92097364425659,22.510453515249147,21.406800455841452,54.82946558233904,1.1036530594076943,1.1606424083024542,-0.05698934889475993,24.081029501570338,20.260078820573217,0.16406376276015142,1.0947736430924684,29600033000.0,83.4438908103008,76.57914760274197,0.027139043371054994,0.026777309680120886,0.04258226046530418,0.005403605428371261
2023-03-03,23.864816665649414,23.874806353174602,23.105617561777713,23.295417814080157,412393000,22.27948913574219,19.07353265762329,22.718817076849188,21.58887573064204,63.64486471065402,1.129941346207147,1.154502195883393,-0.024560849676245944,24.317837837419663,20.241140434064715,0.17082458501442727,1.0408307383742628,30012426000.0,99.71255434648081,82.94425150456874,0.02470613902973917,0.02440587785637369,0.04221778755717787,-0.03855583227575177
2023-03-06,23.529172897338867,24.22243969976959,23.462242179784383,23.865817563448918,437429000,22.402059745788574,19.222755222320558,22.843487203078368,21.732601446693657,59.361768928934545,1.110885756384711,1.1457789079836567,-0.03489315159894568,24.430940586568695,20.37317890500845,0.17245662222232955,1.017640881477061,29574997000.0,81.86572770640655,88.34072428772937,-0.014064376567940129,-0.01416421714788416,0.04174402718437191,-0.024798511486201047
2023-03-07,23.26740074157715,24.103660267777396,23.220441431129053,23.5791250368648,515154000,22.51209125518799,19.358431186676025,22.90870467053972,21.846290283351692,51.88551426923853,1.0624143871880278,1.1291060038245309,-0.06669161663650303,24.473636141234095,20.550546369141884,0.16860885389238756,0.9606403434086092,29059843000.0,75.01836745783766,85.532216503575,-0.011125429563710876,-0.011187780037041448,0.04190234311420984,0.03327895921728152
2023-03-08,24.15961265563965,24.178596857110083,23.403282221510484,23.46622622618509,513573000,22.61259059906006,19.535166835784914,23.101152052862787,22.017647496113764,57.72576912579877,1.0835045567490234,1.1199857144094294,-0.03648115766040605,24.69799452537302,20.5271866727471,0.17263554313037863,0.9640051618231669,29573416000.0,98.35658834643434,85.08022783689285,0.03834600710117919,0.03762906937275069,0.041250796700600494,0.0019437741555643484
2023-03-09,23.415271759033203,24.432370990770355,23.36231723479036,24.153616530475606,501257000,22.674274730682374,19.6996728515625,23.14947816150439,22.121175219292983,57.8318424163057,1.0283029422114076,1.101649159969825,-0.07334621775841743,24.778894032616947,20.5696554287478,0.17976467013436626,0.9807151422978789,29072159000.0,74.7799281282476,82.71829464417318,-0.030809305894757055,-0.031293891710663206,0.0420253590879923,0.08981907157064484
2023-03-10,22.94468879699707,23.60610394776299,22.705899859992172,23.388296345871805,474866000,22.705836486816406,19.876444301605225,23.11797210542634,22.182176225048842,58.746444445787034,0.9357958803774977,1.0684785040513596,-0.13268262367386185,24.80660153404625,20.60507143958656,0.18311558424839366,0.9717352744148461,28597293000.0,63.11131631321887,78.74927759596693,-0.02009726672741219,-0.020301964005967073,0.04234814812948306,0.12018279871567072
2023-03-13,22.9456844329834,23.277391485551078,22.27727749488012,22.731874936608868,421890000,22.790991497039794,20.0549338722229,23.091466309665886,22.23873238859955,63.936094924704484,0.8527339210663349,1.0253295874543547,-0.1725956663880197,24.776950516224368,20.80503247785522,0.1731008743700707,0.980666560822942,29019183000.0,63.13600418075931,67.00908287407526,4.339287384280688e-05,4.339193239929124e-05,0.04068054553031275,0.1277542992616798
2023-03-14,24.041715621948242,24.197577774691457,23.439248344671885,23.475217706481274,474910000,22.90482578277588,20.244016036987304,23.23765851155548,22.372286702180936,67.80540393211663,0.8653718093745439,0.9933380318383925,-0.1279662224638486,24.904126006859958,20.905525558691803,0.16631926402613878,1.021353180939953,29494093000.0,81.87292707319554,69.37341585572456,0.04776633236484984,0.046660595737676544,0.04159927773573671,0.08876709737882837
2023-03-15,24.206573486328125,24.26452084975583,23.339341111840906,23.73998553895474,524486000,22.96781520843506,20.43617561340332,23.386722353828194,22.50815979730295,54.3310693535334,0.8785625565252424,0.9703829367757626,-0.0918203802505202,25.05033088039263,20.88529953647749,0.17206199573299993,0.8638163240712596,30018579000.0,89.52261209232672,78.17718111542719,0.006857158905472671,0.0068337555175985365,0.04000869030042553,0.09245489163528542
2023-03-16,25.518409729003906,25.565367136764166,23.872865210794142,24.00574890060099,583253000,23.106735610961913,20.660545578002928,23.71467425770138,22.731141273725246,65.07465739491981,0.9835329839761329,0.9730129462158367,0.010520037760296197,25.47618127466568,20.737289947258144,0.18570480597078004,0.9335488302038658,30601832000.0,98.57189390009839,89.98914435520688,0.05419338856103306,0.05277591389685324,0.041447408164763146,0.06460215699294625
2023-03-17,25.702245712280273,26.375649322099584,25.64529501788219,25.959018356234978,848547000,23.292907428741454,20.8799214553833,24.020454481482748,22.95122308398858,64.92972223937042,1.0692313974941676,0.9922566364715029,0.07697476102266476,25.865600128870962,20.720214728611946,0.20019205550589703,0.9523964211970691,31450379000.0,83.5689966883295,90.55450089358487,0.0072040532787363,0.007178228043652175,0.040363566173151184,0.04097190884204438
2023-03-20,25.877094268798828,26.000985154949564,25.1077747813069,25.592346468540175,432747000,23.51848955154419,21.112464084625245,24.306091371839067,23.167954282863413,68.28120012599754,1.138137088975654,1.0214327269723331,0.1167043620033208,26.16957641125785,20.867402691830527,0.2048983423081003,0.9720293823208811,31883126000.0,87.83528983710214,89.99206014184335,0.0068028513335320895,0.006779816350432672,0.03944753116205926,0.02436284969835012
2023-03-21,26.17582893371582,26.36865903671038,25.358553488198883,26.156846636843376,547408000,23.795619678497314,21.33911392211914,24.593743304435492,23.390759812556183,74.56877836596925,1.2029834918793085,1.0577428799537283,0.14524061192558024,26.333124846405873,21.258114510588754,0.1938815518953917,0.990807451945461,32430534000.0,95.12439579035035,88.84289410526065,0.011544366682513907,0.011478238930191759,0.038026067027914896,0.008053747710252246
2023-03-22,26.444589614868164,27.564598386349715,26.21379303359335,26.401626474238157,797295000,24.081242942810057,21.55577522277832,24.878488890655902,23.616969427542255,73.26871065115658,1.2615194631136468,1.0984981965857121,0.1630212665279347,26.447023296952693,21.71546258866742,0.17892358237334896,1.0223623622472773,33227829000.0,78.81708344812756,87.25892302519334,0.010267513660519256,0.01021516079303882,0.037986470032470195,0.019495288029259594
2023-03-23,27.166954040527344,27.474682229522468,26.66639764103161,27.091021036528733,564889000,24.257637882232665,21.781269702911377,25.230560452174586,23.879931250726337,73.83589304192895,1.3506292014482497,1.1489243975582197,0.20170480389002998,26.983310518902638,21.53196524556269,0.20066089356972788,1.040998349622807,33792718000.0,92.4792847850655,88.80692134118112,0.02731615185485947,0.026949723743620323,0.02381508850117754,0.007060929946891559
2023-03-24,26.75531578063965,27.14297311837725,26.331690982855743,27.007093717949058,454920000,24.43233118057251,21.996693420410157,25.465138195015363,24.09292269738658,73.0346261228884,1.3722154976287833,1.1935826175723325,0.17863288005645073,27.331506490817077,21.533155870327946,0.21671770454994452,1.0463601737432635,33337798000.0,84.69390031040714,85.33008951453341,-0.015152168302475788,-0.015268135330445305,0.023773599317968148,0.037267819312805095
2023-03-27,26.50753402709961,26.97611906928059,26.34168048471256,26.81326313262677,361026000,24.583896732330324,22.19697219848633,25.625506784566785,24.27178279588384,73.18082872117866,1.353723988682944,1.2256108917944548,0.12811309688848915,27.587672065019884,21.580121399640763,0.2266355919504766,1.028590155737527,32976772000.0,80.00756183049874,85.72691564199046,-0.009261028932401327,-0.009304178876052194,0.024051950174270652,0.054049977902630886
2023-03-28,26.386642456054688,26.4895520016458,25.8271382618564,26.42361038825946,356104000,24.743652439117433,22.387081298828125,25.74260458018031,24.428439067007606,67.90936498152567,1.3141655131727035,1.2433218160701045,0.07084369710259897,27.775359594696635,21.71194528353823,0.22979105133427427,1.012104416431118,32620668000.0,77.72111897023845,80.8075270370481,-0.004560649471253342,-0.004571080961383089,0.023804060586073678,0.03949248962715579
2023-03-29,26.960134506225586,27.054051235079495,26.573477639400732,26.80127663568218,393694000,24.95795555114746,22.572617225646972,25.929916876494968,24.615972062505232,79.31260818930963,1.3139448139897354,1.2574464156540308,0.05649839833570458,27.979615725688564,21.936295376606356,0.2241576483116839,0.9833440609343188,33014362000.0,88.56767172983524,82.09878417685748,0.021734180509172862,0.021501360601184853,0.022998628157518634,-0.0038170836317972245
2023-03-30,27.35877799987793,27.474676521126977,27.078026419046342,27.204914890179356,364516000,25.161423206329346,22.77261905670166,26.14974166470773,24.819142872680988,86.93976298635242,1.3305987920267413,1.272076890928573,0.05852190109816835,28.257142343912573,22.06570406874612,0.226305366240922,0.9557967700150741,33378878000.0,96.10728397883089,87.46535822630152,0.014786405963972182,0.014678152874759584,0.02264742247040775,-0.012635563922422932
2023-03-31,27.75242805480957,27.809376838135123,27.081021642052754,27.115990527544113,433933000,25.355803775787354,22.992721138000487,26.396308801646473,25.036423256542363,87.74514454094403,1.3598855451041096,1.2896386217636804,0.07024692334042926,28.59367042682889,22.11793712474582,0.23333934203140144,0.9363854275444606,33812811000.0,98.72598816206724,94.46698129024446,0.014388437046910285,0.014285905825634984,0.02237045466308141,-0.0071280488705876
2023-04-03,27.940265655517578,27.97523454624746,27.311822283407086,27.48466960367856,398716000,25.57635841369629,23.195122528076173,26.63384062531895,25.25152269350349,85.70641436853256,1.3823179318154608,1.3081744837740366,0.07414344804142425,28.890377535477263,22.262339291915318,0.23722173315317266,0.8943510647681975,34211527000.0,99.24569250313634,98.0263215480115,0.006768330336251571,0.006745528019731322,0.021775464066925793,-0.028464074672330364
2023-04-04,27.4287166595459,27.97523371673916,27.282845889494656,27.941263393705515,368592000,25.784424209594725,23.360241508483888,26.756129245969248,25.41279632061774,77.74903929910677,1.3433329253515076,1.315206172089531,0.028126753261976667,29.00939425575963,22.55945416342982,0.23515282076039332,0.8777230711488819,33842935000.0,86.67799403517259,94.8832249001254,-0.01830866614794191,-0.01847834401738161,0.022177810657657678,-0.03489596049440957
2023-04-05,26.85722541809082,26.97412061023067,26.371655203421952,26.80527136414144,515015000,25.919304847717285,23.512492179870605,26.77168250321872,25.51979106857871,63.214989257814324,1.2518914346400116,1.3025432245996271,-0.0506517899596155,29.08321599025546,22.75539370517911,0.23560967994906795,0.8323344661598764,33327920000.0,61.01046848376893,82.31138500735928,-0.020835507856550972,-0.021055629989967378,0.02193160011422175,-0.015550190218381332
2023-04-06,27.013084411621094,27.05604564313856,26.40362339232595,26.560484102488175,397654000,26.09919548034668,23.666701278686524,26.808821258357547,25.630405390285553,63.01069641114764,1.178415868071994,1.2777177532941006,-0.09930188522210659,29.06666984119719,23.13172111949617,0.2197064441537002,0.8177046559968001,33725574000.0,66.44590633651767,71.37812295181972,0.005803242557784305,0.005786468609930496,0.020198015184755183,-0.010319194816558186
2023-04-10,27.554607391357422,27.59657006024275,26.645412420852104,26.7992755400983,395279000,26.329691410064697,23.822170906066894,26.923557586511375,25.77293887184643,65.52040912436942,1.1506187146649438,1.2522979455682692,-0.10167923090332542,28.962791977198126,23.69659084293127,0.19111871417622217,0.8218437464073703,34120853000.0,83.92516526095169,70.46051336041275,0.020046691872897204,0.019848402594452412,0.01930021457396324,-0.020921673340693836
2023-04-11,27.14497184753418,27.765422913048063,27.102008703659926,27.699481299941798,314378000,26.539655780792238,23.95819969177246,26.95762131897642,25.874570944119597,58.786239566353615,1.0830503748568248,1.2184484314259805,-0.1353980565691557,28.65547422715326,24.423837334431216,0.15589026639961098,0.7970800793271303,33806475000.0,61.348906687293486,70.57332609492094,-0.01486631756370893,-0.0149779288094986,0.01995623179271952,0.018329607751888854
2023-04-12,26.47156524658203,27.44370417314176,26.42460593521108,27.345791283837347,446259000,26.661148262023925,24.104794960021973,26.882843461684978,25.918792744302,50.22784370822909,0.9640507173829782,1.16756888861738,-0.20351817123440186,28.4223673009186,24.89992922312925,0.13306497160171385,0.7706749925626151,33360216000.0,29.999911508078082,58.424661152107745,-0.024807784098450636,-0.02512068290030636,0.019041632522949367,0.05419893067979453
2023-04-13,26.439590454101562,26.863215174744923,26.30571011723808,26.710350638891573,353615000,26.7727991104126,24.243258590698243,26.81465069128753,25.9573703524353,43.045404593812066,0.8572803388522274,1.1055111786643497,-0.24823083981212224,28.111205207461595,25.434393013363604,0.10124257403853766,0.7369187384806537,33006601000.0,28.511393851866607,39.95340401574605,-0.0012078920223501655,-0.0012086221118910983,0.01908549221605691,0.024222692894799946
2023-04-14,26.734331130981445,26.85922056456347,26.196806902127364,26.480556091603322,395660000,26.833595180511473,24.35952667236328,26.802293835855824,26.01492300269798,49.794770066708,0.7873708331578442,1.0418831095630485,-0.25451227640520435,28.03560100459723,25.631589356425717,0.089922266481752,0.7245723531066898,33402261000.0,42.23241180084674,33.58123905359714,0.011147702056563347,0.011086024378935005,0.015236666860764898,0.013491395741116019
2023-04-17,26.978118896484375,26.982115069024893,26.409621904454085,26.541505126599592,321471000,26.89738883972168,24.465366706848144,26.829343845183296,26.086270846682158,54.60591640388619,0.7430729985011375,0.9821210873506664,-0.23904808884952888,27.9756357962502,25.819141883193158,0.07993492508990543,0.7201476802497453,33723732000.0,53.581426608092606,41.44174408693531,0.009118902743761259,0.009077576592912213,0.015274145046524218,0.0014813030036684438
2023-04-18,27.642528533935547,28.08513749604695,27.332803260522113,27.508648184223265,604812000,26.985660552978516,24.596662063598632,26.954449181914413,26.201549193886112,61.11010231630462,0.7528999880283003,0.9362768674861932,-0.18337687945789294,27.999337820908632,25.9719832850484,0.07334186282457254,0.7506207398439858,34328544000.0,76.56083292288912,57.458223777276146,0.02462772293355675,0.024329349480323174,0.01603718383539235,-0.05154151974732568
2023-04-19,27.906295776367188,27.975234992237034,27.20791461166313,27.33680022607394,358660000,27.072183895111085,24.7334525680542,27.100887119522532,26.32782671851434,58.85541406930844,0.7730604010081912,0.9036335741905929,-0.1305731731824017,28.09021489505498,26.05415289516719,0.07296066866789458,0.7577572828117783,34687204000.0,90.52910961878584,73.55712304992251,0.009542080859492375,0.009496842755350992,0.015990026637734897,-0.034907472768659464
2023-04-20,27.080028533935547,28.005210147455717,26.976120423056454,27.646526498743864,427713000,27.103955841064455,24.832060623168946,27.097678106355303,26.383545371508504,47.5844511188691,0.7141327348467996,0.8657334063218343,-0.15160067147503464,28.078239559797403,26.129672122331506,0.07195588568247019,0.7945106906330549,34259491000.0,46.77261673270694,71.28751975812729,-0.029608632010966307,-0.030055816704067855,0.01749443093798932,0.0045012112496261025
2023-04-21,27.095014572143555,27.158959050915872,26.6983663319222,26.928162455219432,345103000,27.100358867645262,24.93032913208008,27.097268331861187,26.436246793777766,43.90294197814693,0.6610215380834212,0.8247910326741517,-0.16376949459073042,28.07419437094811,26.126523364342415,0.07188300273542204,0.7753847994124337,34604594000.0,47.5662297922171,61.622652047903294,0.0005533981690317713,0.0005532451007342343,0.016391185842292332,0.023230994050159604
2023-04-24,27.018081665039062,27.341794498427166,26.647409518060194,26.989107985798988,339282000,27.113497161865233,25.02442169189453,27.085085767734707,26.479345673130453,41.267743804609225,0.6057400946042542,0.7809808450601722,-0.17524075045591803,28.07474104364938,26.152253280081087,0.07115559821761727,0.7775971363786193,34265312000.0,43.49210700294098,45.943651175955004,-0.0028393750038276933,-0.0028434136757148425,0.016019321919601877,0.06907781970195237
2023-04-25,26.217790603637695,27.2229013742331,26.201805913337573,27.054050219721624,378527000,27.09900999069214,25.123925819396973,26.951655742489013,26.459971223538396,39.12811766868748,0.49168451895061693,0.7231215798382612,-0.23143706088764426,28.106336092331134,26.091683889053144,0.07684294354683184,0.8010762530679779,33886785000.0,1.111230288106695,30.723189027754916,-0.029620573041532094,-0.030068122155692566,0.01727718734808665,0.07503532202461094
2023-04-26,26.932157516479492,27.305827272348722,26.68138006807285,26.978118263771744,406337000,27.126285743713378,25.22726837158203,26.948656015410624,26.494947985978477,50.65592402999957,0.4537080294321463,0.6692388697570383,-0.215530840324892,28.080538917241263,26.172032570185493,0.07086347782898476,0.8032887682527693,34293122000.0,38.941836579385765,27.848391290144477,0.02724741087613536,0.02688280833638085,0.01830795549237211,0.03138445491627717
2023-04-27,27.201921463012695,27.470684568616697,26.601453148375764,27.338801338428016,377161000,27.138375091552735,25.312371101379394,26.987619930426327,26.547316391684717,51.62068134627714,0.44030353874160966,0.6234518035539526,-0.18314826481234292,28.089887715340968,26.186862467764502,0.0699592214529429,0.8187751374976495,34670283000.0,53.22767970764853,31.093582191713654,0.010016425396596418,0.009966593489838034,0.01779601963327783,0.012341146436093853
2023-04-28,27.724458694458008,27.73344960649909,27.047056930698307,27.20092196442208,292216000,27.15665912628174,25.41206024169922,27.100979740277356,26.634512117816072,51.4625035424097,0.46646762246128404,0.5920549673354188,-0.1255873448741348,28.139540789331935,26.17377746323154,0.07090357823625754,0.7998633543840877,34962499000.0,80.8995944058036,57.68970356427929,0.019209570623745176,0.019027396121093287,0.018007853544248345,0.033550590718608664
2023-05-01,28.884431838989258,29.032301664294753,27.755432049658587,27.815378452063833,570329000,27.213259315490724,25.550172691345214,27.375356986233033,26.801172837902975,63.263729901951386,0.5741841483300583,0.5884808035343467,-0.014296655204288466,28.440575945946573,25.985942685034875,0.0849811855256348,0.845893980130417,35532828000.0,94.78504322327447,76.30410577890886,0.04183934327861638,0.04098775032947365,0.02002925175239486,0.008336040168621217
2023-05-02,28.18505096435547,28.810498704607454,28.058164377201287,28.654636529358847,402730000,27.225498580932616,25.68656467437744,27.49992529055956,26.90368232875131,63.01411959774797,0.596242961808251,0.5900332351891276,0.006209726619123335,28.48772708865528,25.96327007320995,0.08956723259567316,0.8321203532630805,35130098000.0,70.11982840014619,81.93482200974141,-0.02421307362153957,-0.024511029539649634,0.020838346722831896,0.01279670603483063
2023-05-03,27.777408599853516,28.341909379215185,27.44770056792737,27.815375094782077,383387000,27.242933177947997,25.829448318481447,27.54261503045094,26.9684027932774,59.612354749548686,0.5742122371735405,0.5868690355860102,-0.012656798412469694,28.526433868301915,25.95943248759408,0.09241327791539825,0.8561706213902927,34746711000.0,55.74341798327079,73.54942986889715,-0.014463069980518495,-0.014568679707928979,0.020671352353025554,0.038954192033405555
2023-05-04,27.53762435913086,27.834360670007325,27.215908633799796,27.62654444288627,321850000,27.276953125,25.965558319091798,27.541847234863233,27.01056735371099,55.81768496872644,0.5312798811522441,0.575751204699257,-0.044471323547012886,28.55345755305133,26.000448696948666,0.09270984391419167,0.8530305052311087,34424861000.0,47.19379793697337,57.68568144013011,-0.0086323473934109,-0.008669821922128798,0.020172123980682483,0.03686217268382941
2023-05-05,28.654630661010742,28.72956317440286,27.706470718340587,27.801385997568506,361494000,27.35903043746948,26.065869827270507,27.713044685039772,27.132349820918378,60.77850211440837,0.5806948641213943,0.5767399365836845,0.003954927537709763,28.768292049008526,25.949768825930438,0.09836187583157877,0.8972766231383366,34786355000.0,86.65707220995242,63.198096043398856,0.040562914480656964,0.03976183064650834,0.02198349284573918,-0.011854802137402864
2023-05-08,29.125213623046875,29.194152833187378,28.324923456766907,28.496770293145723,344979000,27.437560749053954,26.18314510345459,27.930301444733175,27.279969361816786,59.77601110140744,0.650332082916389,0.5914583658502254,0.05887371706616362,29.052712648687173,25.822408849420736,0.11091090493187962,0.8802916786281862,35131334000.0,97.6961491109151,77.18233975261363,0.016422579917473312,0.016289187799039248,0.02185171119223425,-0.00679201047806155
2023-05-09,28.545726776123047,28.94737161540953,28.42483542221699,28.873437666396427,314869000,27.5075984954834,26.284535179138185,28.024982264947003,27.373729170283916,54.04754283221743,0.6512530946630868,0.6034173116127977,0.04783578305028913,29.189434418357468,25.82576257260933,0.1178345141508769,0.8755100943607564,34816465000.0,78.33051864587337,87.5612466555803,-0.019896398166339258,-0.020096996748281883,0.022095769539369196,0.022470460401991632
2023-05-10,28.859455108642578,29.08725411185413,28.435830296315775,28.979347916687313,369350000,27.626992988586426,26.397893714904786,28.15336270243863,27.48378294349567,62.04518669840381,0.6695797589429624,0.6166498010788306,0.052929957864131794,29.337934117693127,25.916051859479726,0.11857057748774492,0.8485339580135486,35185815000.0,88.81487560106339,88.28051445261728,0.010990378173939108,0.010930422855498258,0.021176748001499043,0.04476352858492816
2023-05-11,28.55272102355957,28.92439362497088,28.221015861335896,28.87044053584294,322149000,27.732649517059325,26.515466690063477,28.214802444149544,27.56296354201892,59.49248721140861,0.6518389021306241,0.6236876212891893,0.02815128084143481,29.39514918386942,26.07014985024923,0.11645122476686724,0.8658757469164995,34863666000.0,78.56425649851971,81.90321691515216,-0.010628547348808026,-0.01068543379744032,0.021414757367675306,0.1084751088671636
2023-05-12,28.3149356842041,28.754547072904792,28.02119507868358,28.503767705541893,274222000,27.811679744720458,26.615976905822755,28.230207558004093,27.618665182180784,58.27174048889032,0.6115423758233085,0.6212585721960132,-0.00971619637270471,29.423873507919566,26.19948598152135,0.11387585556823246,0.8686591050489453,34589444000.0,70.61780691746849,79.33231300568386,-0.008327939714021126,-0.008362810741463368,0.021518472974016267,0.10317563659210349
2023-05-15,28.92739486694336,28.9433814645489,28.12710453307319,28.482788702423957,293926000,27.90914354324341,26.71722846984863,28.33746714399475,27.715608121792826,67.7069805706189,0.6218590222019245,0.6213786621971955,0.00048036000472895246,29.544674306844744,26.273612779642075,0.11307833084342685,0.8540292100903868,34883370000.0,89.71118912445453,79.63108418014757,0.021630251594776828,0.021399637273859788,0.02188160654354949,0.07677950949889767
2023-05-16,29.187162399291992,29.84358282076136,28.80650075563799,28.81549166758805,449405000,27.98637523651123,26.830388259887695,28.468189490963557,27.824612142348318,65.66708387833094,0.6435773486152385,0.6258183994808041,0.017758949134434432,29.712278089061,26.260472383961456,0.11826451841660625,0.8503895955484112,35332775000.0,79.75341862918457,80.02747155703587,0.008979983629479271,0.008939903344649275,0.021368447374764066,0.050491100167495695
2023-05-17,30.15130615234375,30.172287485743233,29.403968588740156,29.557831700336376,432535000,28.09862575531006,26.968066368103027,28.727130515791277,27.996959846792425,68.68825315701267,0.7301706689988521,0.6466888533844137,0.08348181561443835,30.076265373859382,26.120986136760738,0.1311810246996941,0.8586677145634332,35765310000.0,99.32864683026665,89.59775152796858,0.03303314449900574,0.03249927529460252,0.022372565865892036,0.011929300464170955
2023-05-18,31.649980545043945,31.799847490043984,30.293181883981152,30.383102432113493,748725000,28.327123355865478,27.117873725891112,29.17679975106092,28.267553972588836,72.13519629647304,0.9092457784720835,0.6992002384019478,0.21004554007013576,30.802598224208822,25.851648487522134,0.1564282078985971,0.9273926189848226,36514035000.0,96.7306076571419,91.93755770553105,0.04970512339093802,0.048509289862163234,0.023098300413173862,0.19893923629472732
2023-05-19,31.236347198486328,31.552067683944458,30.888655428377344,31.508105976511025,473908000,28.534189987182618,27.274295234680174,29.49365320451098,28.487464581914576,64.48079360498494,1.0061886225964045,0.7605979152408392,0.24559070735556532,31.25625749392492,25.812122480440316,0.17428846525782055,0.8883556294726694,36040127000.0,87.70707223402134,94.58877557380997,-0.013068992126833656,-0.013155142829556949,0.02352871465976158,0.24571416149707015
2023-05-22,31.148426055908203,31.49212165768894,30.652864468171376,30.87366776329227,372000000,28.740707206726075,27.438369979858397,29.748233643187476,28.684572839247437,69.73123600496271,1.0636608039400386,0.8212104929806792,0.24245031095935943,31.60164202699537,25.87977238645678,0.18369691072892186,0.8892834671676404,35668127000.0,85.7890461582769,90.07557534981339,-0.0028147062785365273,-0.002818675013218132,0.023528150420455297,0.286598787342599
2023-05-23,30.66085433959961,31.260323984561705,30.60390555229095,30.972578631206357,356253000,28.96286039352417,27.59267337799072,29.88863682725088,28.830964061495745,68.9968352330456,1.057672765755136,0.8685029475355706,0.18916981821956536,31.68560356425403,26.24011722279431,0.1776038684749458,0.8722984400949932,35311874000.0,75.15252303934254,82.88288047721359,-0.015653173468009318,-0.01577697804363247,0.02255882927344013,0.23285987698503985
2023-05-24,30.510990142822266,30.579929358273947,29.77963722467679,30.183279227752074,721419000,29.141802024841308,27.722058868408205,29.98438349118494,28.9554104378903,69.82413238422896,1.0289730532946386,0.9005969686873843,0.12837608460725436,31.771425518915848,26.512178530766768,0.17237221615983256,0.8910673742889426,34590455000.0,68.51359110609026,76.4850534345699,-0.004887802378806816,-0.004899786752301398,0.02226555569624548,0.30231188657851504
2023-05-25,37.94640350341797,39.44507664562874,36.60259203294565,38.48892244912427,1543911000,29.679026126861572,27.99685546875,31.2093096469131,29.621409924225684,83.62255769678272,1.587899722687414,1.0380575194873902,0.5498422032000239,34.286378250527,25.071674003196147,0.24283471940893825,1.4440779233985477,36134366000.0,86.8812265402333,76.8491135618887,0.24369623292428244,0.21808777874660817,0.05755697746643851,0.035466174049919585
2023-05-26,38.91156005859375,39.135361004641894,37.51679460203459,37.85649409999652,714397000,30.23838119506836,28.264718475341798,32.39427124871012,30.309569193438133,84.18849244968725,2.084702055271986,1.2473864266443095,0.8373156286276766,36.32535316141299,24.15140922872373,0.31286188254486613,1.4976019966976075,36848763000.0,95.32981338381511,83.57487701004622,0.02543473072721758,0.02511665021245899,0.05757969920865877,0.005776912193522721
2023-05-30,40.07552719116211,41.90091111611417,39.91367170883157,40.55910031587385,923401000,30.797935962677002,28.552184104919434,33.57600293216427,31.032973489565833,88.6988643794272,2.5430294425984385,1.5065150298351353,1.0365144127633033,38.262484644999546,23.333387280354458,0.3725240417532777,1.6611000578897888,37772164000.0,86.84854992063322,89.6865299482272,0.029913144855041374,0.029474473302504394,0.057386542154018595,-0.036324387878836295
2023-05-31,37.800537109375,40.259358998541856,37.78854668617227,39.45307354763965,1002580000,31.278710269927977,28.790652961730956,34.22593126711977,31.534274498440585,76.51868129492146,2.6916567686791844,1.743543377603945,0.9481133910752393,39.25570270556045,23.301717834295502,0.42205709472070346,1.7910563790920198,36769584000.0,70.45779613656411,84.21205314700414,-0.056767564676948656,-0.05844254175498783,0.05908028677017611,-0.009386544845670475
2023-06-01,39.734825134277344,40.01457626339759,38.306089619716126,38.45495609590561,635873000,31.87658109664917,29.061832885742188,35.07345340052863,32.141722693687754,80.24538683703304,2.931730706840874,1.981180843451331,0.9505498633895428,40.513731140944934,23.239431052353403,0.4347395522747579,1.8989607641197064,37405457000.0,84.39387393200766,80.56673999640167,0.051170913770498094,0.049904698816787066,0.05910669028539455,-0.031582011407948696
2023-06-02,39.29221725463867,40.46418014077918,39.0234541630698,40.061536692451796,482731000,32.46431074142456,29.3187854385376,35.72249399346863,32.67138895746189,79.36600422886795,3.0511050360067387,2.1951656819624126,0.8559393540443261,41.45094766951356,23.477673813335564,0.45742579859262456,1.9494874772260038,36922726000.0,81.0604726692034,78.63738091259172,-0.011139041839065666,-0.01120154555336876,0.05917220172873348,-0.014061254425755454
2023-06-05,39.136348724365234,39.529997366291504,38.672758501671474,38.87457946654427,396094000,32.988396644592285,29.558173332214356,36.24770241360657,33.1502748661214,77.99448266872564,3.097427547485168,2.3756180550669637,0.7218094924182044,42.257671452084644,23.719121837099927,0.4736913437058352,1.9524133295934551,36526632000.0,78.88746177619196,81.44726945913435,-0.003966905946368726,-0.003974794988064893,0.059172459646397224,0.00804406980981942
2023-06-06,38.619808197021484,39.125361136510946,38.11425525753202,38.79565501764921,388729000,33.46312637329102,29.795463180541994,36.61264176490117,33.55542548322511,75.5065412824324,3.0572162816760624,2.5119377003887835,0.5452785812872789,42.87083497207797,24.05541777450406,0.4871960290839827,1.9513427154298726,36137903000.0,73.7447546658471,77.89756303708081,-0.01319848540245061,-0.01328635947044267,0.05956212839464731,0.06137129664100516
2023-06-07,37.44572067260742,39.468141471393565,37.32681416120832,38.88459809447063,511998000,33.90812606811524,30.01422691345215,36.74080775070213,33.843595497253425,69.50317257537101,2.897212253448707,2.5889926110007684,0.30821964244793865,43.17741212607511,24.638840010155363,0.49507852387205425,2.03392858855373,35625905000.0,63.24486614161569,71.95902752788491,-0.030401174403155484,-0.03087287489219711,0.059937778045228936,0.14735195627704534
2023-06-08,38.47991943359375,38.833643027365426,37.47570715034152,37.694534053593046,417772000,34.389149284362794,30.25609245300293,37.00836339422392,34.1870268999453,68.72641513531582,2.8213364942786185,2.6354613876563384,0.18587510662228013,43.55318601317799,25.225112555547593,0.47630228252582096,2.0153129469149995,36043677000.0,71.7769624391144,69.5888610821924,0.027618610148498757,0.02724409639370733,0.05999183414702469,0.10758251976746958
2023-06-09,38.73971939086914,39.679982507586125,38.53687882707075,39.0065091445359,427717000,34.898499202728274,30.4916841506958,37.27472585524626,34.524263380754476,70.747864996193,2.7504624744917834,2.6584616050234273,0.09200086946835606,43.826017537275284,25.970980868181265,0.4608974187175555,2.046651372438269,36471394000.0,73.92030116391199,69.64737658154736,0.006751572277164941,0.006728882483657638,0.05971077829705552,0.10116041883197924
2023-06-12,39.45116424560547,39.49912709454757,38.58784058808382,39.16938679625348,388701000,35.45531063079834,30.733531875610353,37.60956253068614,34.88921900037307,72.19295236696915,2.720343530313073,2.6708379900813566,0.049505540231716605,44.03632324711462,26.87429801448205,0.43501948702424614,2.0517963236487105,36860095000.0,79.78969130433451,75.16231830245363,0.018364739495351445,0.018198144228182146,0.05941513853295663,0.10956889294660566
2023-06-13,40.98995590209961,41.06889657145173,39.70895962649225,40.15461038931082,613208000,36.05843868255615,30.998282432556152,38.12962304936514,35.341125437538,76.14033402183891,2.7884976118271396,2.6943699144305135,0.09412769739662608,44.3998860938664,27.716991271245902,0.4069995796644894,2.1204616017612468,37473303000.0,92.4846577752614,82.06488341450263,0.039004974527856895,0.03826349990914848,0.059594376857390295,0.049315089400723267
2023-06-14,42.96342086791992,42.96641687824926,40.52032691306219,40.7921176516414,740465000,36.74725160598755,31.298745536804198,38.87328425221972,35.90573991386258,78.85095704268974,2.9675443383571363,2.749004799215838,0.2185395391412981,44.97402260007979,28.520480611895305,0.3829662921573844,2.232238233922979,38213768000.0,99.95292121638009,90.742423431992,0.04814508633611947,0.04702201747717667,0.05988747883356025,0.0006510040352127877
2023-06-15,42.619686126708984,43.2551909701653,42.11408081517457,42.56872727104233,568622000,37.37067060470581,31.602564926147462,39.44965377137191,36.40306926296232,66.12706733585733,3.0465845084095946,2.80852074105459,0.23806376735500479,45.379676463406525,29.36166474600509,0.37583598503704696,1.675597066221855,37645146000.0,89.28028927936974,93.90595609033709,-0.00800063715288557,-0.00803281398868582,0.06015751388163158,-0.010409581745169705
2023-06-16,42.65864562988281,43.68684099042033,42.62766780743099,43.41605281707227,655709000,37.92110385894775,31.918593330383302,39.94334482652744,36.86644529014161,63.813891623146475,3.076899536385824,2.8621965001208367,0.2147030362649871,45.786573768595936,30.055633949299565,0.36876322693837915,1.6362105277292862,38300855000.0,83.83347446502452,91.02222832025812,0.0009141198989124355,0.0009137023457606969,0.05983504250413383,-0.04825235533289429
2023-06-20,43.77378463745117,43.95564551444472,42.64067141901623,42.96441968644821,451153000,38.547975730896,32.2538073348999,40.53264325897724,37.378100056608986,63.68314493068404,3.1545432023682523,2.92066584057032,0.23387736179793217,46.16471925499703,30.931232206794967,0.34800479726326605,1.516612173294148,38752008000.0,97.25651674819994,90.12342683086473,0.026140984813338486,0.02580514940717059,0.05945444592699489,-0.04410165197753213
2023-06-21,43.01137924194336,43.58093756834967,42.04713658375585,43.46702437838124,551603000,39.141123390197755,32.56294277191162,40.91398725635664,37.795379996263385,71.7094336015378,3.118607260093256,2.9602541244749077,0.15835313561834852,46.15543007352352,32.12681670687199,0.3261605094721366,1.4634575833888432,38200405000.0,85.7551622142583,88.9483844758276,-0.01741694034048702,-0.017570399718296655,0.0598187243094955,-0.04479034693474826
2023-06-22,42.991390228271484,43.39207412960286,42.20100779460612,42.21999014630877,417737000,39.757650184631345,32.879871139526365,41.23358771357431,38.1802696430788,66.14233489480273,3.053318070495507,2.9788669136790276,0.07445115681647962,45.72263313277922,33.79266723648347,0.2774966297426342,1.3903880963155681,37782668000.0,85.45361564286907,89.4884315351091,-0.0004647377978612699,-0.00046484582194152897,0.05946723437557489,-0.051202868516987854
2023-06-23,42.17603302001953,42.77556287564385,41.98218429643555,42.430834923932906,358140000,40.34090232849121,33.19396049499512,41.37857929918127,38.47625211544478,63.785257880708016,2.902327183736489,2.96355896769052,-0.06123178395403128,44.509810927530154,36.17199372945227,0.1976908827371272,1.3595652358960366,37424528000.0,73.153450430024,81.45407609571713,-0.018965592969258482,-0.019147746605999855,0.059841344231495855,0.00220328984820628
2023-06-26,40.60026550292969,42.730600334546075,40.06867951218722,42.42783558135576,594322000,40.473595428466794,33.47717399597168,41.258838715142566,38.633586440443665,56.161431472768534,2.6252522746989015,2.8958976290921963,-0.27064535439329473,44.48766385329658,36.45952700363701,0.1977360677377903,1.4884710900202387,36830206000.0,49.382027793320596,69.32969795540455,-0.037361681605804,-0.03807751572257894,0.02913327782835816,0.04383218222933971
2023-06-27,41.84328842163086,41.907237605323324,40.416406298926006,40.76713004512084,462175000,40.62018184661865,33.77935314178467,41.3487540546023,38.871342142753825,62.7853344457857,2.4774119118484776,2.812200485643453,-0.3347885737949752,44.60810818034491,36.63225551289239,0.19061247259260347,1.5219523642748176,37292381000.0,68.13379341044966,63.55642387793142,0.030616127833239748,0.0301568057641594,0.029358067538089203,0.010531164876327992
2023-06-28,41.08488464355469,41.812316652912195,40.486353490200045,40.628240868259915,582639000,40.670649719238284,34.061488456726075,41.30815876059498,39.035308253924256,64.9262546189097,2.2728505066707214,2.704330489848907,-0.4314799831781855,44.65509983589942,36.68619960257715,0.19396185002000285,1.4659243372209296,36709742000.0,55.69771330927911,57.73784483768312,-0.018124860800474596,-0.018291128203171334,0.02909445782589598,0.023980432595405388
2023-06-29,40.79010772705078,41.56749981768069,40.568281035412234,41.52553281178783,380514000,40.82012825012207,34.32444004058838,41.22845860158818,39.16529340008178,60.08722683442642,2.0631652015064006,2.5760974321804055,-0.512932230674005,44.56853423207156,37.07172226817257,0.18378995255575975,1.438159796328819,36329228000.0,41.58195083051576,55.13781918341485,-0.00717482643705436,-0.007200689286140279,0.0257783619513373,0.04117888890946331
2023-06-30,42.268959045410156,42.516766447959405,41.46858596097829,41.64744701058792,501148000,40.94683494567871,34.61169330596924,41.38853559294541,39.395194558994994,63.92742435640267,1.993341033950415,2.459546152534408,-0.46620511858399283,44.7120562996898,37.18161359166762,0.17815538584548804,1.4757737711085512,36830376000.0,68.57772417478985,55.28579610486157,0.03625514618042169,0.035613393612258744,0.024531266302194616,-0.0028839713248994814
2023-07-03,42.37986373901367,42.864485450578925,42.169030043008505,42.48378258219759,198209000,41.10121726989746,34.9176900100708,41.54104761541745,39.616281164922306,62.13257724784327,1.9247664504951416,2.3525902121265547,-0.4278237616314131,44.83384355120976,37.36859098858516,0.17615093358009795,1.4603572640447422,37028585000.0,62.89384669277373,57.68450723269311,0.002623785778220089,0.0026203496614256765,0.024294444744161786,-0.0001884851759649253
2023-07-05,42.2839469909668,43.143272032107916,42.0521259526018,42.102086134617814,323618000,41.258597183227536,35.221468658447264,41.65533982704042,39.8138860409256,56.08839920758649,1.841453786114819,2.2503629269242076,-0.40890914080938856,44.90687413745974,37.610320228995334,0.17256085175830868,1.4227439607347319,36704967000.0,56.99220103605378,62.82125730120578,-0.002263262303945912,-0.002265827353057617,0.024267761840640185,0.037455242612578266
2023-07-06,42.07011795043945,42.146058807449926,41.31370920237291,41.81132135922697,303582000,41.431112670898436,35.52250938415527,41.719151846024886,39.98101433051922,44.962799667097364,1.738137515505663,2.147917844640499,-0.40978032913483586,44.87455859681504,37.98766674498183,0.16370032192318285,1.317325948120933,36401385000.0,51.49101990022335,57.12568920968361,-0.005056979202367806,-0.005069808993295242,0.02402848539286258,0.09201238000444123
2023-07-07,42.46979904174805,43.18024602401447,42.14705329030634,42.288940665727566,355881000,41.682316589355466,35.84754955291748,41.8346360299823,40.16536875357321,49.16010854528625,1.6692672764090872,2.0521877309942167,-0.38292045458512947,44.59348279034103,38.771150388369904,0.1370934766196501,1.3151129423055248,36757266000.0,61.7736179721807,56.7522796361526,0.00950035585304132,0.00945551127494394,0.022586084580008364,0.06978333189469366
2023-07-10,42.147056579589844,42.77756426984942,41.616469261927726,42.623685218893456,353908000,41.86567344665527,36.15184753417969,41.88270072992192,40.31216044438926,47.221674307022354,1.5705402855326653,1.9558582419019066,-0.38531795636924127,44.35962242090551,39.371724472405035,0.11834510766087321,1.321822952606264,36403358000.0,53.47042051977885,55.578352797394295,-0.00759934045934485,-0.007628362573161015,0.022227494439197016,0.10149360126959084
2023-07-11,42.37187576293945,42.724600671080424,42.03414233997435,42.44781661195004,298244000,42.04728126525879,36.45524662017822,41.95795842730924,40.46473194946705,41.57148800035593,1.4932264778421853,1.8633318890899624,-0.37010541124777707,44.06660820314492,40.027954327372655,0.09531449347127266,1.2772146837260914,36701602000.0,65.57594041404194,60.2733263020005,0.005334160949651778,0.0053199847030420445,0.022223184956341267,0.12000954667431563
2023-07-12,43.86770248413086,43.90067764855856,42.74358137770357,42.99938189898188,481277000,42.268108177185056,36.77811149597168,42.25176520528179,40.71680384092363,54.7311257833444,1.5349613643581606,1.797657784143602,-0.26269641978544156,44.043246743969874,40.49296961040024,0.08093145828309448,1.2630828145777906,37182879000.0,99.13947856325619,72.72861316569232,0.03530234841526014,0.03469350813011837,0.023076721482890552,0.07232034352334926
2023-07-13,45.94108963012695,46.118948189485444,44.457248919012514,44.48322958682048,478204000,42.51566486358642,37.11924465179443,42.81935357833489,41.10378797345721,63.28300102648553,1.715565604877682,1.7812393482904183,-0.06567374341273635,44.837154343677334,40.19417538349551,0.10106375354965631,1.3388099124604937,37661083000.0,97.0603196351188,87.25857953747231,0.04726454837123373,0.04618157272391086,0.023770045755216067,-0.009939898769270372
2023-07-14,45.4334831237793,48.05043674269067,45.024802222527654,46.546611323884825,772075000,42.6391679763794,37.46421329498291,43.221527354557104,41.424506132740326,65.08702334504585,1.7970212218167774,1.7843957229956902,0.012625498821087211,45.29909897121159,39.9792369815472,0.1170912204809594,1.482840525912428,36889008000.0,67.21331476253832,87.8043709869711,-0.011049074160722205,-0.011110568571044687,0.021851876019938966,-0.025511928306317766
2023-07-17,46.424713134765625,46.45968564777863,45.22665203775024,46.25285039179776,510488000,42.82941932678223,37.837159385681154,43.71432516689688,41.794891836594054,78.52046051028584,1.919433330302823,1.8114032444571169,0.10803008584570617,45.98214303942183,39.67669561414263,0.1358209238035614,1.3807771536031086,37399496000.0,78.70425562633235,80.99263000799648,0.021817169691476623,0.02158258115122509,0.02207617160066574,-0.03979684403235506
2023-07-18,47.456905364990234,47.858591818877,45.698281650417556,46.664525451589654,569164000,43.0693323135376,38.23554500579834,44.290106735834314,42.214300246104884,78.06761350192892,2.0758064897294304,1.8642838935115797,0.21152259621785063,46.8375293106541,39.3011353164211,0.15880500290254326,1.428597072321832,37968660000.0,92.1532939444243,79.356954777765,0.022233680307905734,0.021990115652819213,0.022405435236299693,-0.0382153737180122
2023-07-19,47.04022979736328,47.78065216165784,46.70549236660369,47.42692856470666,427502000,43.2326545715332,38.60325698852539,44.713202591454156,42.57177650916106,80.82974763768642,2.141426082293094,1.9197123312678828,0.2217137510252114,47.39223467292171,39.0730744701447,0.1768520315188452,1.4084702768663557,37541158000.0,86.49845063756595,85.7853334027742,-0.008780082991554305,-0.008818855034896206,0.02207712477479713,-0.034517894848837716
2023-07-20,45.484439849853516,47.05021703797439,45.02679746035021,46.47066830923723,537865000,43.35630760192871,38.930441513061524,44.83185447736175,42.787529349212356,71.49527199687095,2.0443251281493957,1.9446348906441855,0.09969023750521022,47.63356149651364,39.07905370734378,0.18807547850229073,1.4816274765346218,37003293000.0,61.91033587005917,80.18736015068315,-0.03307360432148598,-0.03363290258041159,0.023123145311271638,0.008348071069561591
2023-07-21,44.27438735961914,45.83017417101583,44.06555098011311,45.7522321711593,963769000,43.420457458496095,39.24501472473145,44.74609030540135,42.89766697961286,59.414578334189066,1.8484233257884952,1.9253925776730476,-0.07696925188455239,47.71312393061256,39.12779098637963,0.19391195352966673,1.484339224391343,36039524000.0,43.94831376343737,64.1190334236875,-0.026603658179122802,-0.02696393973564608,0.024052385840198948,0.055090591159171254
2023-07-24,44.57715606689453,45.0737695401444,44.00560422049565,44.69606260557121,382516000,43.540513610839845,39.559368743896485,44.72010042255415,43.022073578670756,60.13275855699724,1.6980268438833903,1.8799194309151162,-0.18189258703172584,47.820928512943986,39.260098708735704,0.192045221354218,1.5109613609683663,36422040000.0,48.44261319025026,51.43375427458227,0.006838461813511998,0.006815185588986848,0.0235702363731909,0.047453394484201716
2023-07-25,45.6433219909668,46.14692613209552,44.88791196755602,44.90589946333249,348081000,43.7926664352417,39.90118076324463,44.86213451000225,43.21624012772972,64.21925520847856,1.6458943822725303,1.833114421186599,-0.1872200389140688,47.93574929320153,39.64958357728187,0.18154168790693123,1.5451487885180002,36770121000.0,64.26878275898,52.219903237555876,0.023917315911143655,0.023635777176643936,0.021971270693261172,0.01812643296688221
2023-07-26,45.416500091552734,46.01703242805517,44.5951435044959,45.98505592696078,364237000,43.971327018737796,40.2432120513916,44.94742152254848,43.37922234727216,64.1486980749269,1.5681991752763196,1.7801313720045433,-0.21193219672822372,48.068380207995666,39.874273829479925,0.18042135263610523,1.5774095838726703,36405884000.0,59.06201485158543,57.2578036002719,-0.00496944327275195,-0.004981832016453978,0.021312330269413617,-0.026027529924204984
2023-07-27,45.8641471862793,47.35797831429428,45.71426283263286,46.48266314205839,455976000,44.210290145874026,40.58194709777832,45.08845624004553,43.56329085386528,64.29352571238617,1.525165386180248,1.7291381748396843,-0.20397278865943624,48.153089419911716,40.26749087183634,0.17193383136609225,1.6367917373845648,36861860000.0,66.0195740247615,63.116790545108984,0.009856485942866033,0.009808227631108248,0.02067015258554379,-0.030174304922452433
2023-07-28,46.7134895324707,46.99027362998194,46.34477822974176,46.63155284037136,331194000,44.50645923614502,40.93247364044189,45.338461361957094,43.79663890413235,68.41255228502818,1.5418224578247433,1.6916750314366962,-0.14985257361195292,48.25250138158792,40.76041709070212,0.16038374280898082,1.6342939827974898,37193054000.0,77.77789580253713,67.6198282262947,0.018518655601329925,0.018349273258584133,0.020625022009986872,-0.044278214136419414
2023-07-31,46.6924934387207,47.09318113651824,46.46966808257679,46.71747543236002,251055000,44.72763595581055,41.263297386169434,45.5467739891515,44.01114664743519,67.71252697685941,1.5356273417163067,1.6604654934926184,-0.12483815177631175,48.43963375648949,41.015638155131604,0.15899762584110336,1.6295121772857313,36941999000.0,74.41152601080199,72.73633194603354,-0.00044946532490164337,-0.00044956636471785134,0.019486774685204232,-0.028076518953147445
2023-08-01,46.470672607421875,46.86336718401233,45.991048000510794,46.42370843555568,237858000,44.932176399230954,41.55971122741699,45.68891223811617,44.19333375558235,61.91563684866574,1.4955784825338156,1.6274880913008578,-0.13190960876704216,48.549075710146155,41.31527708831575,0.15566373835258596,1.5826205557059048,36704141000.0,60.94364532500009,71.04435571277975,-0.004750674358180218,-0.004761994678609423,0.019606850071610678,-0.03962827803101099
2023-08-02,44.23442077636719,45.80419275361582,43.35310977121058,45.79520091213266,530142000,45.029700088500974,41.81967269897461,45.46514432092402,44.19637723860345,42.302150594846395,1.268767082320565,1.5557438895047992,-0.28697680718423424,48.44554057168749,41.61385960531446,0.15444264548893885,1.644500350767098,36173999000.0,18.761968462486887,51.37237993276299,-0.048121787475430944,-0.049318180394669536,0.022883873488725635,-0.038740359861701545
2023-08-03,44.480228424072266,45.082758057083076,43.765786762914985,43.765786762914985,324176000,45.15020561218262,42.08630874633789,45.31361879833144,44.21740325234188,45.5963911987249,1.0962155459895584,1.463838220801751,-0.3676226748121927,48.28490783205536,42.015503392309874,0.14094811699196547,1.5224529774817464,36498175000.0,25.016605119873887,34.90740630245363,0.005556931534105303,0.005541548751137456,0.02282222923142979,-0.04778141073607067
2023-08-04,44.64509963989258,45.60634618505477,44.35832507301121,44.94986170170467,362666000,45.25897064208984,42.36599365234375,45.21076969703315,44.24908446623453,41.09944371849443,0.9616852307986221,1.3634076228011254,-0.40172239200250326,48.14301592096487,42.374925363214814,0.12919873859114397,1.523523513339973,36860841000.0,28.675951978643702,24.15150852033483,0.0037066180112304004,0.0036997654307352225,0.02277258921667717,-0.08560863916564743
2023-08-07,45.38153076171875,45.50443580088547,44.52819761374418,45.07576998074253,322154000,45.42069435119629,42.66340446472168,45.237040630061706,44.33296937701114,39.30378359953777,0.9040712530505672,1.2715403488510137,-0.3674690958004465,47.905048646175004,42.936340056217574,0.10948746123276976,1.4389469432458186,37182995000.0,45.81370004331284,33.16875238061015,0.016495228541681506,0.016360660068047688,0.02283365810828137,-0.036638435384671264
2023-08-08,44.629119873046875,45.20666758358326,44.02159299987499,44.817971444919216,353843000,45.53355655670166,42.79705879211426,45.143514359751734,44.35490645079157,37.98910448010113,0.7886079089601665,1.1749538608728445,-0.38634595191267795,47.60560690514894,43.461506208254384,0.09285642891195184,1.4592882265879337,36829152000.0,31.861472799683114,35.45037494054656,-0.016579671863042655,-0.016718652937737208,0.02328516542308549,-0.01621000514904536
2023-08-09,42.5207633972168,44.27738970488,42.10108946258739,44.23941737277786,586449000,45.46620960235596,42.86924285888672,44.74001421166943,44.219044002378624,36.0068557663311,0.5209702092908088,1.0441571305564374,-0.5231869212656286,47.83285304631321,43.09956615839871,0.11131707217242295,1.4953318575047412,36242703000.0,7.983313826643083,28.552828889879688,-0.047241722037709044,-0.04839405077229797,0.02451444482175825,0.021901549383428698
2023-08-10,42.35490036010742,43.53997505454453,41.80233078646622,42.127077761381095,492705000,45.28690013885498,42.91483032226562,44.37307361912143,44.08095928813631,39.94565016061112,0.29211433098511463,0.893748570642173,-0.6016342396570583,48.01748527539636,42.5563150023136,0.1289383336202212,1.4934047915887116,35749998000.0,9.946087666179983,16.596958097502064,-0.0039007539812945247,-0.003908381764638065,0.02168986433571245,0.022553285425318315
2023-08-11,40.82309341430664,41.98518717020068,40.60726249812491,41.7183935825012,533085000,45.056380653381346,42.97528144836426,43.826922818380694,43.83963589007485,32.57909816814481,-0.012713071694157918,0.7124562421749068,-0.7251693138690647,48.436126871867735,41.67663443489496,0.16558011340228035,1.541938544612552,35216913000.0,3.197156005779395,7.042185832867491,-0.03616599101348694,-0.03683618904598081,0.022827227688648484,0.059821077903914555
2023-08-14,43.71882247924805,43.765786651430616,40.27951352736408,40.45437607089752,690286000,44.921086120605466,43.054961395263675,43.81029199697567,43.83068674853212,42.36561556310501,-0.020394751556452206,0.565886043428635,-0.5862807949850872,48.2868076670552,41.55536457415573,0.15397128081605294,1.6788316202458051,35907199000.0,48.58834584793701,20.577196506632134,0.07093360210489541,0.06853079337653874,0.027942634801961488,0.07345793559113312
2023-08-15,43.90568161010742,45.2326473732039,43.67586169687328,44.52520013627042,676512000,44.74352493286133,43.14723068237305,43.824967322072865,43.836241923463625,43.98760267964834,-0.011274601390759642,0.45045391446475613,-0.4617285158555158,47.91505933922338,41.57199052649927,0.14447034142533138,1.6884671025866165,36583711000.0,51.228171522820595,34.337891125512336,0.004274111704359651,0.004265003632317841,0.027384589358301074,0.03932635082106595
2023-08-16,43.45203399658203,44.640104468597144,43.37209465339346,44.4852267558164,527451000,44.56411514282227,43.23354438781738,43.767592964305045,43.80778207702795,40.40542590625319,-0.04018911272290637,0.35232530902722364,-0.39251442175013,47.59128449908599,41.53694578655855,0.13933383907882604,1.6403622163339122,36056260000.0,46.56112758553204,48.79254831876322,-0.010332321396439914,-0.010386070384254473,0.027402454831139667,0.08347527673916155
2023-08-17,43.310142517089844,44.02758013920778,42.96740814260929,43.93565295261865,452395000,44.45540027618408,43.32735107421875,43.69721597242578,43.770919887402904,35.65531211032423,-0.07370391497712347,0.26711946422635424,-0.3408233792034777,47.49952850900373,41.41127204336443,0.14057345720432404,1.6356511843979011,35603865000.0,44.47867379396857,47.422657634107075,-0.0032654738211644885,-0.0032708171162338837,0.02651142920925162,0.08810917590655354
2023-08-18,43.265174865722656,43.543956241722725,41.627455303744846,42.60169211486707,583768000,44.40493965148926,43.443740158081056,43.63074810985607,43.73345729320437,35.58340718349989,-0.1027091833482956,0.19315373471142427,-0.29586291805971987,47.49481614957097,41.31506315340754,0.1428343469162634,1.7280074618290746,35020097000.0,45.348233627432286,45.462678335644306,-0.0010382706856585378,-0.0010388100620450011,0.025877245805681567,0.06279602028125231
2023-08-21,46.93031692504883,47.02823995825299,44.1874618900852,44.4592488124891,692573000,44.52259769439697,43.61274810791016,44.13837408142419,43.97026171037803,51.49916248830081,0.16811237104615628,0.18814546197837068,-0.020033090932214392,47.81280175949681,41.232393629297135,0.14021657132017812,1.9344893124739886,35712670000.0,98.54901461494337,62.79197401211476,0.08471344610766662,0.08131584714067101,0.032183336296407024,-0.0028104854451952432
2023-08-22,45.63233184814453,48.14936547616456,45.29759440317979,48.09740413737571,755293000,44.52204818725586,43.75060035705567,44.3682137378427,44.09337801687926,54.856633735132796,0.2748357209634449,0.20548351377538554,0.06935220718805934,47.81146772192047,41.23262865259125,0.14417056509893705,1.9155041865292373,34957377000.0,68.0167600982145,70.63800278019673,-0.02765770959904823,-0.028047385893910915,0.0324887865364282,0.06823152382304243
2023-08-23,47.07920455932617,47.16313859123231,45.17269372042857,45.83018078207806,779046000,44.60518341064453,43.903161163330076,44.78528924884016,44.31455035335681,58.33387965311249,0.47073889548335046,0.25853459011697855,0.21220430536637191,48.069197186938055,41.141169634351,0.1471568523180293,1.9636094420032124,35736423000.0,86.40176556478269,84.3225134259802,0.031707183318979926,0.031214889704374162,0.03319254222797198,0.04558940053709715
2023-08-24,47.126163482666016,50.22674065271713,47.122168802250776,50.176780465500904,1156044000,44.668284225463864,44.025885314941405,45.14542374635183,44.522817992564896,58.0164016259391,0.6226057537869352,0.3313488228509699,0.2912569309359653,48.27201988460894,41.06454856631879,0.15293991247433508,2.099289083528027,36892467000.0,68.82973383771643,74.41608650023788,0.0009974451305920784,0.0009969480127355356,0.033145654083017194,0.04647704305082123
2023-08-25,45.9820556640625,47.767658540303835,44.98882881073535,46.975278705672146,925341000,44.63171253204346,44.086258010864256,45.27413634907655,44.630909671935086,51.89051203920353,0.6432266771414632,0.3937243937090686,0.2495022834323946,48.16215776114765,41.10126730293927,0.15355752056398056,2.228045622272827,35967126000.0,57.32795747259809,70.85315229169908,-0.024277550601468856,-0.024577108627716605,0.033394761298786185,0.05413093831716154
2023-08-28,46.79841995239258,46.943307161709576,44.85294200358458,46.445695012544455,685192000,44.637008857727054,44.16983268737793,45.50864151881748,44.791465989006014,56.80178393991439,0.7171755298114633,0.45841462092954754,0.2587609088819157,48.180763891982515,41.09325382347159,0.15144763596123448,2.280219007721487,36652318000.0,65.53491080703333,63.89753403911595,0.017753975470220507,0.01759821452962339,0.03363679767961998,0.036575133936668225
2023-08-29,48.74589538574219,49.04266428440614,46.35476299443785,46.62954971759292,701397000,44.750769996643065,44.29157768249512,46.00668057526743,45.084386685060544,69.71766634650551,0.9222938902068876,0.5511904747850156,0.371103415421872,48.66869755291595,40.83284244037018,0.16074902410834987,2.29163835625783,37353715000.0,85.11298426018882,69.32528417994008,0.04161412789856467,0.04077155603087799,0.03482252248829847,-0.03523950177345536
2023-08-30,49.22551727294922,49.88799757012422,48.38717195801793,49.005687906612565,735206000,45.00032482147217,44.400612335205075,46.50188622106463,45.39113709897822,71.33807487880517,1.1107491220864105,0.6631022042452946,0.4476469178411159,49.38749360170249,40.61315604124185,0.1782477472366223,2.274722737974115,38088921000.0,89.93464843971053,80.19418116897756,0.009839226121740596,0.0097911361246771,0.03269453505754528,-0.06128582891086254
2023-08-31,49.31644821166992,49.705144301675666,48.91975894986802,49.34143020878583,528570000,45.24213581085205,44.52671371459961,46.93489575808083,45.68190088510353,78.97064311578995,1.2529948729772968,0.7810807379916951,0.47191413498560175,50.02397440945573,40.46029721224836,0.19392469539086318,2.2059904158187673,38617491000.0,90.84878197225852,88.63213822405264,0.0018472317561744056,0.0018455277217688246,0.03270684551614513,-0.07657264524295349
2023-09-01,48.471107482910156,49.76109942188399,48.10439357486219,49.72313090360501,463830000,45.43343620300293,44.63630805969238,47.171236023439185,45.888508781237356,68.846060093198,1.2827272422018297,0.881410038833722,0.4013172033681076,50.41659301028851,40.450279395717345,0.2056134908426647,2.0753070388870003,38153661000.0,79.58396425567346,86.78913155588084,-0.017141151875566973,-0.01728976210124184,0.03310257330093351,-0.0685908923134072
2023-09-05,48.51007843017578,48.81284315295678,47.82261611647607,48.185331532444785,382653000,45.58986358642578,44.76298896789551,47.37721177832174,46.08269912560316,68.47630110843903,1.2945126527185735,0.9640305616106923,0.3304820911078812,50.75910334691955,40.420623825932005,0.21312023924819049,2.034838564612006,38536314000.0,80.03715246468842,83.48996623087346,0.000804003648552154,0.0008036806107561597,0.03299228889788913,-0.07568391175458022
2023-09-06,47.028114318847656,48.515073458793,46.547451450862816,48.40715103407181,468670000,45.70981330871582,44.89154594421387,47.32350447686419,46.15272988065831,63.255941612320086,1.1707745962058738,1.0053793685297288,0.165395227676145,50.89649090974728,40.52313570768437,0.2205777406198389,2.0848108640924705,38067644000.0,62.80357954536553,74.14156542190914,-0.030549612766782586,-0.031025979169215862,0.03358992086589417,-0.03348843109965183
2023-09-07,46.20869064331055,46.311619313403384,45.120450870903866,45.4931913383561,433330000,45.894209671020505,44.97885398864746,47.15199465631747,46.15687512233626,60.23056006262254,0.9951195339812102,1.003327401620025,-0.00820786763881487,50.86107918048572,40.92734016155529,0.21497555720870645,2.1453459677599915,37634314000.0,53.274605424978304,65.37177914501076,-0.017424123578110517,-0.01757771031032221,0.0318525751955022,-0.01427295266677675
2023-09-08,45.540157318115234,46.57343525598355,45.23936893896436,45.909901542782364,473069000,46.0534725189209,45.06795944213867,46.904019681209434,46.11119232202359,57.69110826570364,0.7928273591858428,0.9612273931331887,-0.16840003394734593,50.73878810150929,41.368156936332504,0.20576633277130302,2.103743494834371,37161245000.0,22.398294249569318,46.15882640663772,-0.014467696787943796,-0.01457337442625475,0.032088404589956446,-0.03668940371394758
2023-09-11,45.14643096923828,46.13073944810292,44.2810350025815,46.11575054004364,473966000,46.26963939666748,45.15508590698242,46.633621417829254,46.03972851811357,42.256280651695086,0.5938928997156836,0.8877604944496877,-0.29386759473400414,50.290745854224625,42.24853293911033,0.17813618357991723,1.9670748771908773,36687279000.0,14.55497492533107,30.075958199959572,-0.00864569584436492,-0.008683286695551714,0.03083609496149681,-0.026827342193819548
2023-09-12,44.838645935058594,45.64108624011381,44.49988211053749,44.70673820080512,349256000,46.325630569458006,45.20647964477539,46.357471343556846,45.95075943788728,46.230622228252926,0.4067119056695674,0.7915507766936637,-0.3848388710240963,50.226576110481616,42.424685028434396,0.17399925709948905,1.8448915240902732,36338023000.0,9.378381056764768,15.443883410555058,-0.006817483189078821,-0.006840828391780304,0.026785583032860542,-0.030086993718490995
2023-09-13,45.453216552734375,45.89790529019353,44.47190049902718,44.56883283924793,398355000,46.40300731658935,45.2679467010498,46.21835522189185,45.913904409357436,41.61496542152576,0.3044508125344123,0.6941307838618135,-0.3896799713274012,50.16060303648744,42.64541159669127,0.1653390455013699,1.804574375544745,36736378000.0,19.71475917125144,14.54937171778243,0.013706270670302612,0.01361318931023954,0.026917913148155427,-0.07136411641917506
2023-09-14,45.549156188964844,45.95487076893904,45.0994698183301,45.91789786927569,370097000,46.507863426208495,45.33325088500977,46.11540152451846,45.88688602266169,41.90843002612043,0.22851550185676928,0.6010077274608047,-0.3724922256040354,50.02829009624346,42.98743675617353,0.15457703125959799,1.6408504367746006,37106475000.0,22.616901234511676,17.2366804875093,0.0021107337061430087,0.002108509237378057,0.026759545320434945,-0.10012966023524428
2023-09-15,43.86931610107422,45.567126025554394,43.7773775410098,45.30930694300869,506831000,46.53582210540772,45.36923484802246,45.76984992091165,45.737436398840394,39.72451615537194,0.03241352207125914,0.4872888863828956,-0.45487536431163644,49.95679604891381,43.11484816190163,0.15596203668296177,1.5702017764157514,36599644000.0,1.5045700699982636,14.6120768252538,-0.036879719152680956,-0.037576972753823074,0.028171673915860316,-0.052163907062195536
2023-09-18,43.935272216796875,44.211080299105845,41.97064663049677,42.7181249588287,500271000,46.56932697296143,45.39854431152344,45.48760719720169,45.60394275572606,34.97836282859616,-0.11633555852436928,0.36656399740144263,-0.4828995559258119,49.86630558227855,43.272348363644305,0.1500834497188642,1.5809209557360424,37099915000.0,24.814178391647825,16.31188323205259,0.0015034680634340436,0.0015023389868705226,0.028167681606223353,-0.03966687527914359
2023-09-19,43.489585876464844,43.93527332902396,42.97194633294254,43.802366857424914,373064000,46.39729042053223,45.42539489746094,45.180219301703715,45.447323727632636,17.26382798590565,-0.26710442592892036,0.23983031273537003,-0.5069347386642904,49.963074684526475,42.83150615653798,0.16398336255135199,1.4577370776012657,36726851000.0,19.184942758741663,15.167897073462589,-0.01014415793608403,-0.010195960533112973,0.020218877233264654,-0.036971601505683904
2023-09-20,42.20948791503906,43.872326816521394,42.193500252380844,43.56953710623469,367108000,46.226148223876955,45.42214714050293,44.72318370375531,45.20748403781089,10.266080985860455,-0.4843003340555825,0.09500418337717953,-0.579304517432762,50.246153929828225,42.206142517925684,0.19047877169431185,1.4704514313179986,36359743000.0,3.0658203176031487,15.688313822664215,-0.029434586134298613,-0.02987647641296888,0.020333702872855984,0.005421436527041523
2023-09-21,40.98833465576172,42.07057801307491,40.951361762571175,41.55394101252563,450736000,45.92160472869873,45.36455978393555,44.14859154252553,44.8949544539554,8.187953436793919,-0.7463629114298698,-0.07326923558423032,-0.6730936758456394,50.54680273787024,41.296406719527226,0.22568362672043046,1.5042186313651587,35909007000.0,0.41968211331767813,7.556815063220834,-0.02893077645801645,-0.02935752225147771,0.019270133896312276,0.05051575425092181
2023-09-22,41.5809211730957,42.08556931771517,41.20218442357063,41.54294571690647,479236000,45.64434261322022,45.27735641479492,43.753565331844015,44.649470507225054,14.50638667221132,-0.8959051753810385,-0.23779642354359198,-0.6581087518374465,50.61726413701689,40.671421089423546,0.2391924653662711,1.4642564038602768,36388243000.0,8.0081523975161,3.831218276145646,0.014457443131339343,0.014353930790103556,0.019782332443073435,0.04539792842124113
2023-09-25,42.19249725341797,42.50627702068914,41.14822547100166,41.561937649909076,419091000,45.45486469268799,45.2125366973877,43.51340101208616,44.46747248842453,19.268994709769146,-0.9540714763383633,-0.38105143410254627,-0.573020042235817,50.6570991098882,40.25263027548778,0.2465952363973328,1.490529583375046,36807334000.0,16.409079834476866,8.278971448436886,0.014708093593606586,0.014600978612477488,0.019812848390773272,0.06063183343263567
2023-09-26,41.88170623779297,42.790071302415775,41.62588464669237,41.971643486132784,402282000,45.209029006958005,45.12167655944824,43.26237104681029,44.275934247637004,21.746833500950274,-1.0135632008267166,-0.5075537874473803,-0.5060094133793362,50.605012324886616,39.813045689029394,0.25767733947092225,1.433141343931705,36405052000.0,16.548066761248116,13.655099664413697,-0.007366025617263627,-0.007393288747074174,0.019138997200789206,0.038319295369958706
2023-09-27,42.438323974609375,42.84204482057062,41.59991333679484,42.30042372625329,444935000,44.893650436401366,45.02130493164063,43.135594574163996,44.13981496815347,28.686114625043828,-1.0042203939894776,-0.6068871087557999,-0.3973332852336777,50.15487163913729,39.63242923366544,0.24794670052868656,1.3856033464911326,36849987000.0,26.448644143767456,19.80193024649748,0.013290235446857812,0.01320269503653824,0.016320545600805054,0.03703962048555365
2023-09-28,43.05889129638672,43.41564027932202,42.085572876608914,42.43032920794071,424663000,44.585319137573244,44.94167816162109,43.12379406989057,44.0597465480226,35.89691991825761,-0.9359524781320303,-0.672700182631046,-0.2632522955009843,49.48820845972659,39.682429815419894,0.2277294734973715,1.385317709754984,37274650000.0,40.690786835180646,27.895832580065406,0.01462280466468524,0.01451692240553286,0.016609366076632687,0.03710920715863297
2023-09-29,43.46860885620117,44.11315866784139,43.276741660093485,43.796378806191775,397830000,44.2929271697998,44.901361541748045,43.17684249855374,44.01595857085064,40.480858026501345,-0.8391160722969033,-0.7059833605642175,-0.13313271173268582,48.67796478904663,39.90788955055298,0.20175651968771297,1.328500775893073,37672480000.0,50.309634496975065,39.149688491974395,0.00951528354490705,0.009470298373740712,0.016899078985955503,0.052024061356547024
2023-10-02,44.75070571899414,45.14342881532186,43.83034792394179,43.9992285379224,433298000,44.10690708160401,44.91088790893555,43.41897530169842,44.070384285527936,49.55073843449255,-0.6514089838295192,-0.6950684852172779,0.04365950138775876,48.0377818171864,40.176032346021614,0.17567878192874883,1.3666161922890996,38105778000.0,75.93358882392903,55.64467005202825,0.02949477557550284,0.02906817275258086,0.01844962316914146,0.01096424734567325
2023-10-03,43.4865837097168,45.09845913874494,43.215773206538074,44.776681779419775,470850000,43.85573234558105,44.889076461791994,43.4293765952397,44.02713979843082,40.57832593405202,-0.5977632031911142,-0.6756074288120453,0.07784422562093107,47.20020288311304,40.51126180804906,0.1538162004105505,1.399236273791994,37634928000.0,50.668879448651104,58.97070092318506,-0.028248091040512846,-0.028654744796383233,0.019194840939408687,0.05241651415597204
2023-10-04,44.010223388671875,44.112153297816725,43.26174626009731,43.71143255099348,361821000,43.704837799072266,44.85641448974609,43.518737640383115,44.02588673104127,42.91757512771609,-0.5071490906581531,-0.6419157611812668,0.13476667052311375,46.7008183310433,40.70885726710123,0.13614929901683678,1.3988795657284565,37996749000.0,66.2698840573159,64.29078410996534,0.012041407585624553,0.011969486614798632,0.018596467930918178,0.06278243871725575
2023-10-05,44.65677261352539,44.868626271295504,43.85733240049327,44.01921794767318,393483000,43.627241897583005,44.841219940185546,43.69381994394347,44.072619018632686,54.004902182503095,-0.37879907468921914,-0.5892924238828573,0.21049334919363816,46.42393167958447,40.83055211558154,0.12525266015996953,1.343275664746859,38390232000.0,88.39102055008748,68.44326135201817,0.014690887141007636,0.01458402142193713,0.018684958420394696,0.05050568038880954
2023-10-06,45.73002243041992,45.75700398969615,43.99523549081201,44.16211860779347,434436000,43.636735153198245,44.83853744506836,44.00708186493984,44.195389641728035,58.279550894633175,-0.18830777678819288,-0.5090954944639244,0.32078771767573155,46.46190914410268,40.81156116229381,0.12355882812885335,1.309085295480793,38824668000.0,99.43854413218028,84.6998162465279,0.024033304560156843,0.023749050072950893,0.01925746656287489,-0.0065774924963615256
2023-10-09,45.241363525390625,45.573132266606365,44.33699712951298,44.810664938003,409675000,43.64148178100586,44.80909492492676,44.19697135116304,44.27286918866601,58.04939519262323,-0.0758978375029642,-0.4224559630717324,0.3465581255687682,46.47763330695041,40.80533025506131,0.12537869352027065,1.3397780315397587,38414993000.0,89.27010291594856,92.36655586607212,-0.010685735082960224,-0.010743237554409268,0.019313142017272123,0.018156450489015263
2023-10-10,45.76599884033203,46.22667525132618,45.05649586993077,45.27834086872442,368582000,43.68784942626953,44.79056503295899,44.43836019565058,44.38347138508571,67.5613494842826,0.054888810564868606,-0.3269870083444122,0.3818758189092808,46.634576784012324,40.741122068526735,0.1287736499764075,1.3034460899151057,38783575000.0,91.26731685446164,93.3253213008635,0.011596363903730866,0.011529641405998116,0.019395548205917663,-0.04061303218512324
2023-10-11,46.773292541503906,46.8262569088581,46.017820302651025,46.16371818891468,378137000,43.753853225708006,44.79661743164063,44.7975805565511,44.560495174450026,79.18128774321848,0.23708538210107122,-0.21417253025531552,0.45125791235638674,46.9181779867862,40.589528464629815,0.1353047685608343,1.289312655347833,39161712000.0,99.06720544039713,93.20154173693578,0.02200965185281123,0.021770935819903168,0.01976264144381666,-0.09849169805122415
2023-10-12,46.912193298339844,47.575730741552675,46.297625211200135,46.74431143305413,481325000,43.822005081176755,44.85017288208008,45.122905593749365,44.7346950354789,78.18268995436046,0.38821055827046536,-0.09369591255015935,0.4819064708206247,47.20059475723067,40.44341540512284,0.144038870856779,1.302232003090625,39643037000.0,89.67659432113209,93.33703887199697,0.0029696595917998447,0.002965258863045823,0.0197646988220647,-0.1031844036510744
2023-10-13,45.42923355102539,47.0830797443062,45.24836026520754,46.92718670300792,474115000,43.900000953674315,44.86915298461914,45.170032971791834,44.78614233292679,65.66698478301453,0.38389063886504715,0.0018213977328819478,0.3820692411321652,47.35436209790195,40.44563980944668,0.15207657599363852,1.3362797123342804,39168922000.0,64.0802747845159,84.27469151534838,-0.03161139232786481,-0.032121818059988504,0.019252460636637173,-0.08961524144636479
2023-10-16,46.06278610229492,46.19269250254442,44.880610413399644,45.03150585760048,375099000,44.00637664794922,44.89750671386719,45.30737960725385,44.880708538065164,69.62476333774728,0.4266710691886857,0.08679133202404271,0.339879737164643,47.593780976121614,40.41897231977682,0.15576149997551567,1.3468436718643784,39544021000.0,74.68221437288231,76.14636115951009,0.013945922080282003,0.013849572465054876,0.019438236899071905,-0.06768624281920055
2023-10-17,43.90730285644531,44.722734656513275,42.450321291409665,43.96925981519668,812333000,44.02726249694824,44.86802215576172,45.09198318405254,44.80860441350073,55.995133883238694,0.28337877055180627,0.12610881972959542,0.15726995082221085,47.60685377489298,40.447671219003496,0.16305220521735064,1.516153195229341,38731688000.0,33.181741296308644,57.31474348456894,-0.04679446095732842,-0.047924722777086336,0.022225475295568356,-0.006258885723728458
2023-10-18,42.16651153564453,43.18879926057118,41.79577241593963,42.5612359572998,627294000,44.02511367797852,44.818769989013674,44.641910622759,44.61289382995583,46.66316525121272,0.029016792803169267,0.1066904143443102,-0.07767362154114094,47.60934808987633,40.44087926608071,0.17000383865608407,1.5719719836430965,38104394000.0,6.414217867244508,38.09272451214515,-0.0396469654829924,-0.040454317833063594,0.02305638881137097,-0.009882484576654749
2023-10-19,42.07158660888672,43.26675013363428,41.85273785103801,42.781089631153165,501233000,44.07927627563477,44.80978645324707,44.24647615908634,44.42464885061738,44.65023571098349,-0.17817269153103865,0.04971779316924043,-0.2278904847002791,47.49926602500398,40.659286526265554,0.16257954714961073,1.5976680487246395,37603161000.0,4.771906255398738,14.789288472983964,-0.002251192315910977,-0.002253730058679288,0.022030975741589992,-0.042160652994963965
2023-10-20,41.35808181762695,42.4403252529677,41.049295810508625,41.860728698935155,477266000,44.06813430786133,44.789850082397464,43.80210779886182,44.19749573706253,36.41675347901958,-0.39538793820071305,-0.03930335310475026,-0.3560845850959628,47.52366245390567,40.612606161816984,0.1671029213241503,1.5773972975345245,37125895000.0,4.731312122675498,5.305812081772914,-0.016959303149005844,-0.017104759029701818,0.02218088220374315,-0.02143182669476662
2023-10-23,42.944969177246094,43.217781037891605,40.91638888400306,41.20019083203981,478530000,44.10575790405274,44.83228759765625,43.670240318613246,44.10471599189094,47.88613995454804,-0.43447567327769576,-0.11833781713933937,-0.3161378561383564,47.49096970646997,40.720546101635506,0.15765347454066156,1.6073048847975013,37604425000.0,30.462173835371335,13.321797404481856,0.03836946226415172,0.03765165808393384,0.02359444559926047,-0.04221059489067369
2023-10-24,43.63249206542969,43.666468707017636,42.661174865100485,43.046902951307125,401463000,44.19329719543457,44.83056098937988,43.664432895046545,44.0697364417827,48.54437832574447,-0.40530354673615676,-0.17573096305870287,-0.2295725836774539,47.42334338015962,40.96325101070951,0.148056919594755,1.6183682279544824,38005888000.0,40.78636056113487,25.326615506393903,0.016009392982586412,0.01588259417515563,0.023728928571974835,-0.06602843714930484
2023-10-25,41.74980163574219,43.619496263453854,41.52595915637694,43.367669662136635,398379000,44.15887107849121,44.78744338989258,43.369874239768954,43.897889419113035,39.77214980044404,-0.5280151793440808,-0.24618780631577847,-0.28182737302830235,47.48103678246987,40.83670537451255,0.1591464186088272,1.696599587829519,37607509000.0,12.514941708078046,27.921158701528086,-0.043148817327790634,-0.044107403620964575,0.025635022129224815,0.0130689865009328
2023-10-26,40.297821044921875,42.22647269652664,39.852133556535904,41.8237544285133,541001000,44.020817565917966,44.724359130859376,42.897250671330944,43.63121768769147,31.38354737649361,-0.7339670163605234,-0.3437436483247275,-0.39022336803579594,47.74106953747209,40.30056559436384,0.18463787247489075,1.740354633622847,37066508000.0,5.770465207492546,19.69058915890182,-0.03477814346253716,-0.035397300919200035,0.026467427503731284,0.07885736918194075
2023-10-27,40.471702575683594,41.177210573030834,39.987040836148445,41.1012634608965,416784000,43.87097225189209,44.66759033203125,42.52408942584674,43.39717953124644,33.293667600670986,-0.8730901053996973,-0.4496129397397215,-0.42347716565997584,47.912428877479826,39.82951562630436,0.19971764805446768,1.7258649504782362,37483292000.0,8.021767632695708,8.769058182755431,0.004314911482878658,0.004305628944966297,0.026363631383382595,0.11123451304662058
2023-10-30,41.13223648071289,41.73681325645553,40.45271135167305,41.05829069172662,388028000,43.69004878997803,44.62493156433106,42.309958203518455,43.229405971947656,33.92272558052754,-0.9194477684292011,-0.5435799054776175,-0.3758678629515836,47.88667881739129,39.493418762564765,0.20405552367088448,1.7340022735773124,37871320000.0,16.57392136522288,10.12205140180371,0.01632088256712394,0.016189128591066276,0.025658039596471026,0.11151331375667528
2023-10-31,40.75150680541992,40.850440472726774,39.20259051438913,40.421739350493176,517969000,43.55329494476318,44.50135536193848,42.07019644996483,43.0458578855382,28.15715471656094,-0.9756614355733646,-0.6299962114967669,-0.3456652240765977,47.95126554639038,39.15532434313598,0.21584333667103928,1.7961014091342906,37353351000.0,18.498630726628967,14.364773241515849,-0.009256235689287018,-0.009299340839334803,0.025053471812388123,0.12690040956632664
2023-11-01,42.29542922973633,42.35138985981638,40.840445223590976,40.8554341335007,437593000,43.46755523681641,44.434617309570314,42.104847646852754,42.99027057770102,34.802643294397114,-0.8854229308482644,-0.6810815553670664,-0.20434137548119802,47.89478217723867,39.04032829639415,0.20934777213749808,1.8190855179945704,37790944000.0,39.24678563372999,24.773112575193945,0.03788626594074951,0.03718620835578939,0.026492178286873846,0.10038978153131639
2023-11-02,43.47560119628906,43.85333542629518,42.864029312260996,43.297724168934685,409172000,43.40849666595459,44.36254524230957,42.315732808304496,43.02622099389273,43.43827567833577,-0.7104881855882326,-0.6869628814112997,-0.023525304176932882,47.80029945577146,39.016693876137715,0.20203528733223092,1.7993131406702985,38200116000.0,61.129446874011926,39.62495441145696,0.027903061584796385,0.02752086451736669,0.0270793049482953,0.07916139767522101
2023-11-03,44.97355270385742,45.27733731815709,43.69244703893823,43.989240387189966,424610000,43.370673179626465,44.3194930267334,42.7246281768511,43.170467787223444,46.54233054329278,-0.4458396103723459,-0.6387382272035089,0.19289861683116305,47.690736093188704,39.050610266064226,0.19211570595763514,1.8342884287219594,38624726000.0,94.99922177725612,65.12515142833269,0.034454992371588444,0.03387471060799861,0.027679756759793266,0.07399173182820351
2023-11-06,45.71902847290039,45.90290181424292,44.867622664486824,45.25335451197863,400733000,43.39455642700195,44.31423248291016,43.18530514547407,43.359250060236555,56.316607998596886,-0.17394491476248675,-0.5457795647153045,0.3718346499528178,47.76317331073562,39.02593954326829,0.19110716170721476,1.6502037386413047,39025459000.0,97.25574926169332,84.4614726376538,0.016575870133093362,0.01643998989719799,0.02782096777458544,0.06270904830876067
2023-11-07,45.922889709472656,46.18570260804149,45.12644574728523,45.687054558944546,343165000,43.402400970458984,44.296721878051756,43.606472001473854,43.5491492935133,64.66872349924557,0.05732270796055161,-0.4251591101801333,0.4824818181406849,47.78947200740549,39.015329933512476,0.19106249910234085,1.5750413400877743,39368624000.0,96.23645022439074,96.16380708778006,0.004459001938177831,0.004449090042886377,0.027722080899505563,0.08053522018273185
2023-11-08,46.54145812988281,46.834252666745705,45.93587876150922,46.067786497149605,346719000,43.39080924987793,44.25263313293457,44.05800832892139,43.77080179991104,66.7691251046022,0.2872065290103478,-0.28268598234203707,0.569892511352385,47.74145217518978,39.04016632456609,0.18695774048034966,1.539137816850401,39715343000.0,96.16342374728794,96.551874411124,0.013469719007742631,0.013379808819509452,0.027438278437604297,0.04968450638839328
2023-11-09,46.91719055175781,48.19629482563236,46.71732955595706,47.43382754729244,540496000,43.39105911254883,44.206466598510744,44.49788251705007,44.00386763338117,71.39779513611543,0.49401488366890334,-0.127345809139849,0.6213606928087523,47.74255405404332,39.039564171054344,0.185496824951359,1.5579811920854343,40255839000.0,85.77778154065743,92.72588517077871,0.008073069408922384,0.008040656514919097,0.027489938137777344,0.05388728894728545
2023-11-10,48.30122375488281,48.43812905946533,47.24996072733801,47.466808147596865,421245000,43.5346586227417,44.186162109375,45.08301193825511,44.322190309047954,70.94404908627085,0.7608216292071575,0.05028767852955229,0.7105339506776052,48.33568503623227,38.733632209251134,0.19879522878569836,1.5022345030725042,40677084000.0,98.51762509679865,93.48627679491467,0.02949949020494258,0.029072752298544734,0.02714252720898918,0.01992358794226079
2023-11-13,48.58602523803711,49.08168084897678,48.065389383307924,48.28623562834099,384136000,43.66082057952881,44.18846046447754,45.621937061298496,44.63802993341752,69.99918981244045,0.9839071278809755,0.23701156839983695,0.7468955594811385,48.857851083917645,38.463790075139975,0.21393108322514823,1.5030200476261975,41061220000.0,94.98278085225964,93.09272916323857,0.005896361644988524,0.005879046136988895,0.027037745754428518,0.03679556488479796
2023-11-14,49.621299743652344,49.799176764113575,49.00573287416369,49.645285046741414,416954000,43.94652042388916,44.21068489074707,46.23722362781447,45.00716103047195,84.11438673483116,1.230062597342524,0.4356217741883744,0.7944408231541498,49.78878781238282,38.1042530353955,0.23547417817248992,1.4392070916993203,41478174000.0,98.32137428741193,97.27392674549007,0.021308071622305524,0.021084228853076047,0.02461369694401461,0.005799925368579206
2023-11-15,48.85384750366211,49.92509720541722,48.16632841250053,49.90011695754839,475497000,44.28088722229004,44.24719955444336,46.63978114717565,45.29210076922678,89.42000889026852,1.347680377948869,0.6180334949404733,0.7296468830083958,50.45050417605379,38.11127026852629,0.2525744549925683,1.3952377811940306,41002677000.0,90.00933519070168,94.43783011012442,-0.015466185770122043,-0.015587034890575611,0.022755231007056165,-0.003518458986800921
2023-11-16,49.445430755615234,49.49040129899944,48.296236480687845,48.64499167888518,339756000,44.64957942962646,44.311934356689456,47.07141954847405,45.59975484229259,89.8121335053221,1.471664706181457,0.7887597371886701,0.6829049689927869,51.13645111544036,38.16270774381257,0.2623850813586943,1.3955231441532594,41342433000.0,95.5265455683175,94.61908501547704,0.012109245887108155,0.012036515520372054,0.02265323137737766,-0.034438211353449266
2023-11-17,49.26355743408203,49.68226341163358,48.9727603803161,49.489397461523026,325205000,45.04485321044922,44.38640235900879,47.408671530875274,45.871147626869586,87.67489504902127,1.5375239040056883,0.9385125705520738,0.5990113334536145,51.649598785591195,38.44010763530724,0.2681392054960534,1.3544803674771881,41017228000.0,93.83036270029075,93.12208115310331,-0.003678263466489251,-0.0036850449119563812,0.022059075393480742,-0.021420851212306302
2023-11-20,50.373775482177734,50.51267829045294,49.14663294635536,49.27754192431734,414120000,45.4162935256958,44.49094924926758,47.86484136953719,46.20467561615167,91.75998452496884,1.6601657533855203,1.0828432071187633,0.577322546266757,52.35112090188166,38.48146614950994,0.27533482689378336,1.314223180175318,41431348000.0,98.56390134211367,95.97360320357397,0.022536294695754577,0.02228610433981822,0.021218282717964748,-0.05133999278919499
2023-11-21,49.90909957885742,50.48169721701578,49.187603987551,50.090971605091276,565747000,45.730123901367186,44.59235832214355,48.17934263250953,46.47907739116691,86.4580949892619,1.7002652413426205,1.2063276139635348,0.49393762737908564,52.88950882776982,38.57073897496455,0.28689697817892545,1.292381049823055,40865601000.0,92.10868855091212,94.83431753110551,-0.009224559780807273,-0.009267369502988398,0.021479635225553063,-0.036120354608915384
2023-11-22,48.68195724487305,50.29982538193606,47.6566732297451,49.81716500278888,899420000,46.07673168182373,44.65693313598633,48.25666795748853,46.64225367662662,74.81901475173548,1.614414280861908,1.2879449473432094,0.32646933351869856,53.09456430827273,39.05889905537473,0.2883134953325273,1.369898618082491,39966181000.0,73.15749307026971,87.94336098776516,-0.024587547047316805,-0.024894868766272674,0.01951132710666067,-0.0399457501020829
2023-11-24,47.742618560791016,48.8868189750065,47.711638178100976,48.43613388773008,294645000,46.448971557617185,44.700802383422854,48.17758343491968,46.72376218656473,63.942886424302344,1.4538212483549557,1.3211202075455588,0.13270104080939693,52.946671565476635,39.951271549757735,0.27219705176354675,1.325144666299455,39671536000.0,50.929452007000556,72.06521120939414,-0.019295417383428215,-0.019484003793136428,0.017976023934406386,-0.021161379770796684
2023-11-27,48.208290100097656,48.49608705256933,47.6187022270162,47.766597618423056,395662000,46.83580093383789,44.78758186340332,48.18230753725476,46.833727217196795,62.89742570079697,1.3485803200579625,1.3266122300480396,0.021968090009922836,52.72817278293285,40.943429084742924,0.24445471253430862,1.3138665002849577,40067198000.0,57.21706828550303,60.434671120924435,0.009753791336637674,0.009706530182375512,0.017947870342811135,-0.05663131213939698
2023-11-28,47.7875862121582,48.28923817471284,47.439829789625705,48.20229716306376,401491000,47.16856842041015,44.86462814331055,48.1215811795476,46.90438343904579,59.44908989617651,1.2171977405018097,1.3047293321387936,-0.08753159163698387,52.421753565097234,41.91538327572307,0.21985563871608796,1.2988773234514492,39665707000.0,40.45856582824269,49.53502870691543,-0.008726795475755722,-0.00876509695096377,0.01827639885945778,-0.02615805937609983
2023-11-29,48.10636520385742,48.72793227517069,47.826562052543174,48.34520044689955,382005000,47.536311340332034,44.9569637298584,48.119240260210645,46.99341912532813,58.17843257349337,1.1258211348825142,1.2689476926875378,-0.1431265578050236,51.84241149840945,43.23021118225462,0.1790241328701395,1.3009475452899804,40047712000.0,36.59836670368262,44.758000272476124,0.006670748974094698,0.006648597982725485,0.01784120556668386,-0.05469456921629445
2023-11-30,46.73731994628906,48.07638377452515,46.3895635380406,47.990441518765145,526247000,47.75840587615967,45.0475203704834,47.90663713499194,46.974448815769684,49.148387665501836,0.9321883192222558,1.2015958179944815,-0.2694074987722257,51.32024722455253,44.19656452776681,0.15241958043320242,1.3053736145805002,39521465000.0,8.434313111481003,28.497081881135443,-0.028458713348365472,-0.02887151322757318,0.018249203554589772,-0.0036327403046121365
2023-12-01,46.73231887817383,47.16701626199501,46.15472368293033,46.49248873071015,369317000,47.921241760253906,45.16240005493164,47.72597278778915,46.95651326483666,41.456218768467295,0.769459522952495,1.1151685589860842,-0.34570903603358927,50.9104158622202,44.932067658287615,0.127927488886599,1.269041762534583,39152148000.0,13.253813936334398,19.428831250499346,-0.0001070037417845171,-0.00010700946709331833,0.017470431866383203,0.01593457037236634
2023-12-04,45.47819137573242,46.044796441168046,44.978540825820026,46.044796441168046,437543000,47.94647369384766,45.24034545898437,47.38016026285735,46.84700793971783,34.69181060636758,0.5331523231395252,0.9987653118167725,-0.4656129886772473,50.837800470151564,45.05514691754375,0.1271522322607906,1.3217193758692218,38714605000.0,9.028517144997462,10.238881397604294,-0.026836406421662518,-0.027203077754893522,0.017176499565788737,0.02463437885191322
2023-12-05,46.53755569458008,46.571531508809755,45.243344800588865,45.43822537417424,371718000,47.98740005493164,45.32724662780762,47.2505287908147,46.82408555118911,34.84643131789869,0.4264432396255913,0.8843008973785363,-0.45785765775294507,50.76698534701066,45.20781476285262,0.11945557735438776,1.3299361745938236,39086323000.0,28.17087357228765,16.817734884539842,0.02329389729014042,0.023026735338406962,0.017564639406813964,0.023429078192368058
2023-12-06,45.4752082824707,47.35806035008873,45.38426425543371,47.1861645112679,380590000,47.965015983581544,45.39911666870117,46.977402558761774,46.72416871646922,33.864944169094485,0.25323384229255197,0.7580874863613395,-0.5048536440687875,50.82077035835148,45.10926160881161,0.12559609873719887,1.345295267575133,38705733000.0,8.974613654521415,15.39133479060218,-0.022827744092994928,-0.023092331418905154,0.018327808136886958,0.056809327162625545
2023-12-07,46.567535400390625,46.60051618631754,45.57614082890342,45.67208285394523,350823000,47.96631984710693,45.4817008972168,46.91434607285852,46.71256624861155,36.88361926819522,0.2017798242469695,0.6468259539384655,-0.44504612969149604,50.81936007222598,45.11327962198788,0.1225334431203383,1.3403769165419364,39056556000.0,28.712596758542443,21.95269466178384,0.02402027740334689,0.02373632857296197,0.01888914803343179,0.03764257745302024
2023-12-08,47.47697830200195,47.71183534651791,46.52156105756746,46.566535548739374,359224000,47.99430923461914,45.5700626373291,47.00090487734213,46.769189363677505,42.36386179148497,0.23171551366462495,0.5638038658836975,-0.3320883522190725,50.81481115905666,45.173807310181616,0.11881556178644127,1.3747177206585772,39415780000.0,45.14592367279031,27.61104469528473,0.01952954765142456,0.01934129310520316,0.01930957805827328,0.029133270206306516
2023-12-11,46.59851837158203,47.50196552269277,45.80200812005124,47.46199285274284,509728000,47.9091739654541,45.63266082763672,46.938999261071345,46.75654706796673,33.537778727488785,0.18245219310461636,0.48753353132788124,-0.3050813382232649,50.79275445475494,45.02559347615326,0.12376275427071876,1.3985685819831453,38906052000.0,29.4372434710262,34.43192130078632,-0.018502861004169646,-0.018676180200251424,0.01851774142725011,0.07399135296878834
2023-12-12,47.62788772583008,47.63688109924922,46.017871828359986,46.017871828359986,372387000,47.86126708984375,45.69020446777344,47.044982101803456,46.821090820401054,40.51953680357903,0.2238912814024019,0.4348050813427854,-0.2109137999403835,50.729294690481815,44.993239489205685,0.12043480144019257,1.421776870656321,39278439000.0,49.78773210816437,41.45696641732696,0.02209017346945963,0.021849720246859765,0.01920540743965133,0.04085431222875746
2023-12-13,48.058624267578125,48.56431567041087,47.5789179572985,47.59990503689136,447792000,47.783133316040036,45.78164527893066,47.20092705038417,46.91275996463639,47.22586190298312,0.28816708574778005,0.4054774822237843,-0.11731039647600428,50.53193796309964,45.034328668980436,0.11439381334575702,1.3033658392935645,39726231000.0,78.80921785495592,52.67806447804884,0.009043788467537839,0.00900313831636968,0.01864943718100419,0.0004782398867146931
2023-12-14,48.320457458496094,48.64026163902283,47.393026859915174,48.360433934153576,391232000,47.756463813781735,45.86784996032715,47.373162497786005,47.017033853070444,52.73670286400349,0.35612864471556094,0.3956077147221397,-0.03947907000657874,50.47167307418817,45.0412545533753,0.11238342529097982,1.3085125523080028,40117463000.0,89.13224124313601,72.5763970687521,0.005448204040551463,0.005433416263819156,0.018405929426946913,0.013236921562135295
2023-12-15,48.860137939453125,49.37382393315781,48.0906077891267,48.16456390223083,479948000,47.727199172973634,45.951917266845705,47.60192795035018,47.15356008169138,53.06572505220762,0.4483678686587993,0.40615974550947165,0.04220812314932765,50.37760431253339,45.076794033413876,0.10848946611014924,1.3375005036278584,40597411000.0,88.312789368898,85.41808282232996,0.011168778387923517,0.01110686813070654,0.018373495317716686,-0.0012273203381033548
2023-12-18,50.04640579223633,50.4021872923408,49.1199739909024,49.369821256751614,412587000,47.766341590881346,46.03824493408203,47.97800146448651,47.367844949139155,59.90990078990871,0.6101565153473558,0.4469590994770485,0.16319741587030734,50.53286154912016,44.99982163264253,0.11055818752394746,1.386974858470754,41009998000.0,93.44017897857005,90.29506986353469,0.024278847805407677,0.023988801857017038,0.019160359706198324,-0.01593545114416739
2023-12-19,49.573692321777344,49.66963433728467,48.86512588284418,49.39380199579273,464444000,47.72633743286133,46.12489151000977,48.22349236560818,47.53124105081606,56.35167140854936,0.6922513147921237,0.4960175425400635,0.19623377225206012,50.35374575128371,45.098929114438945,0.10600010591779875,1.404184418926444,40545554000.0,84.72439203910405,88.82578679552404,-0.009445502888287605,-0.009490394557254506,0.018591282291341663,-0.0037697821221372996
2023-12-20,48.081607818603516,49.9684548790202,48.0686152726536,49.624663268494515,397894000,47.63496284484863,46.171203689575194,48.201663973761306,47.57200895954105,55.75773511753893,0.6296550142202548,0.5227450368761019,0.10690997734415297,50.06223481993547,45.20769086976179,0.1009646759003633,1.4172585575371421,40147660000.0,57.21366632884437,78.45941244883949,-0.030098312901304047,-0.030560566127821282,0.019654342093684697,0.02932807481253419
2023-12-21,48.9600715637207,49.06500695718709,48.389417453965386,48.781180068606574,300425000,47.648868560791016,46.21493927001953,48.31834206452429,47.67482841170251,58.877476312902104,0.6435136528217811,0.5468987600652377,0.09661489275654334,50.1044179090988,45.19331921248323,0.10030824179298546,1.4151947403599203,40448085000.0,73.41058754002253,71.78288196932367,0.018270265595762725,0.018105369725710845,0.01935939527084081,0.010859405003152078
2023-12-22,48.8001708984375,49.352830653569725,48.43738988482299,49.16494577989552,252507000,47.70174617767334,46.252698822021486,48.392469577434014,47.75818711442362,64.50267167675077,0.6342824630103934,0.5643755006542689,0.06990696235612448,50.21076022274352,45.19273213260317,0.10282808436437292,1.3553135058165584,40195578000.0,68.94620455743517,66.5234861421007,-0.0032659401870991367,-0.003271285010173046,0.01882269755404427,-0.013557292800128073
2023-12-26,49.24889373779297,49.56969677808233,48.930088377699356,48.93808291084912,244200000,47.7537763595581,46.329092025756836,48.52422714056616,47.86860982726579,62.50346107709869,0.6556173133003682,0.5826238631834888,0.07299345011687941,50.34870686478745,45.15884585432875,0.10538025560716437,1.3154091609182683,40439778000.0,77.01651566125146,73.12443591956973,0.009195107949300896,0.009153090318895496,0.01880984665816542,-0.03470042761199543
2023-12-27,49.386810302734375,49.64965012045702,49.05501239405432,49.48075464580007,233648000,47.83373756408692,46.39557250976563,48.656932242438195,47.981069121744945,69.7198723747307,0.6758631206932506,0.6012717146854412,0.07459140600780945,50.52964816786581,45.137826960308026,0.10917532787614058,1.2168978489002455,40673426000.0,78.96048042453324,74.97440021440663,0.0028003992470508887,0.0027964854342025225,0.01866451610789282,-0.02871473088851495
2023-12-28,49.49174880981445,49.85352719386826,49.38181539341571,49.6126770927999,246587000,47.90300674438477,46.507261428833004,48.78536556049608,48.0929713208612,66.37200262118364,0.6923942396348792,0.6194962196753288,0.07289801995955048,50.69779126658075,45.108222222188786,0.11293941270637675,1.170212412943511,40920013000.0,80.2086299417921,78.72854200919227,0.0021248286017423457,0.0021225743461553296,0.018629897794186685,-0.008582033325972405
2023-12-29,49.49174880981445,49.96646094313931,48.72121986722186,49.7825714182401,389293000,48.04072818756104,46.65376617431641,48.89403990654506,48.19658446819108,62.5592100416643,0.6974554383539839,0.6350880634110598,0.0623673749429241,50.86495902713317,45.216497347988906,0.11412936125676255,1.1741386120125823,40920013000.0,80.2086299417921,79.79258010270581,0.0,0.0,0.017250049244199993,0.055147135050849894
2024-01-02,48.138572692871094,49.26488309320295,47.565924699352884,49.21391556134482,411254000,48.111040878295896,46.77510589599609,48.77781418136445,48.192287299648854,59.06361737524969,0.5855268817155945,0.6251758270719668,-0.03964894535637231,50.867319466076104,45.35476229051569,0.11451434613009993,1.1902719482854422,40508759000.0,48.37017047358814,69.59581011905745,-0.027341448816919134,-0.027722182142678832,0.018535989506131983,0.10322208044574488
2024-01-03,47.53993606567383,48.15455817196312,47.291087653176916,47.4559877548122,320896000,48.21412811279297,46.89874298095703,48.58737139433512,48.143964986021075,49.454737144607364,0.443406408314047,0.588821943320383,-0.14541553500633597,50.69639426754754,45.7318619580384,0.10442867030050078,1.1363048945637968,40187863000.0,7.998728465148208,45.525842960176156,-0.012435695404112379,-0.012513665748868641,0.017628797584440997,0.14255087078967477
2024-01-04,47.96868133544922,48.47037358886087,47.4789789763883,47.737819636783634,306535000,48.28568439483642,46.9992172241211,48.492188308352674,48.13098101190464,49.44225440015089,0.3612072964480362,0.5432990139459136,-0.18209171749787745,50.64386201487933,45.927506774793514,0.09832155291290852,1.1367332445180973,40494398000.0,21.779877234552643,26.049592057763004,0.00901863370584044,0.008978208699304999,0.017015233207895,0.1421725143068997
2024-01-05,49.06700897216797,49.51673484987403,48.27649179251623,48.43239854255895,415039000,48.46527442932129,47.10790756225586,48.58062225663195,48.20031641636859,54.1943101716293,0.380305840263361,0.5107003792094031,-0.13039453894604214,50.437790776991584,46.492758081651,0.08040092065889541,1.158220297040751,40909437000.0,57.08339572491169,28.95400047487085,0.02289676526728024,0.02263856816013407,0.016619974303442434,0.11432466879614434
2024-01-08,52.22107696533203,52.24306669740862,49.44877334196531,49.48175412771333,642510000,48.74795150756836,47.31733306884766,49.14069221181658,48.49815053110662,64.59505888811347,0.6425416807099609,0.5370686395095147,0.1054730412004462,51.14917537007667,46.34672764506005,0.09196378175434447,1.293423267127147,41551947000.0,99.55594050629585,59.4730711552534,0.06428082859000295,0.06229929273904366,0.021032576873349813,0.07901936397407572
2024-01-09,53.10753631591797,54.291813775257275,51.658421354299875,52.368989354850214,773100000,49.02947940826416,47.57352737426758,49.75097592013987,48.839586515166715,63.6485137431006,0.911389404973157,0.6119327926022432,0.2994566123709138,52.044995731844296,46.01396308468402,0.11356265165990362,1.3713763434178416,42325047000.0,83.08350534618232,79.90761385912995,0.01697512579402427,0.016832658354355552,0.020953399357941587,0.054817465702405865
2024-01-10,54.316795349121094,54.566642620850935,53.45632128428564,53.58324641272958,533796000,49.41539325714111,47.85042922973633,50.45340967844467,49.24530568805223,69.84445874803203,1.2081039903924449,0.7311670321602836,0.4769369582321613,53.035829611648026,45.7949569026342,0.13330817222321628,1.3912210859564718,42858843000.0,96.56593519249601,93.06846034832472,0.022770008121063556,0.022514640697433037,0.02045786651642255,0.050726878951081744
2024-01-11,54.788509368896484,55.31219134586392,53.527283064841185,54.9654031964735,596759000,49.773424339294436,48.1235546875,51.12034809236034,49.65591336811477,80.68023805505223,1.4644347242455709,0.8778205705773411,0.5866141536682298,54.012897562432485,45.53395111615639,0.1547577501914956,1.3830117055747675,43455602000.0,93.47119800508749,91.04021284792195,0.008684496512422202,0.008647003189962718,0.020185884497916105,0.08516656490846741
2024-01-12,54.676578521728516,54.93642183109273,54.29681339629927,54.58663334731275,352994000,50.104322052001955,48.40205612182617,51.66746046610929,50.027814490604676,78.12191052218992,1.6396459755046138,1.0301856515627956,0.6094603239418181,54.78986304691624,45.41878105708767,0.171391155832922,1.3584552267326164,43102608000.0,92.07574357085466,94.03762558947938,-0.0020429620819637506,-0.0020450517755928894,0.020285106041086957,0.09036751689459188
2024-01-16,56.34755325317383,56.80027560728274,54.86646024002656,54.98438817814625,449580000,50.50567684173584,48.68309860229492,52.3874747410423,50.49594328783202,82.32319773483606,1.891531453210277,1.202454811892292,0.689076641317985,55.87335688690737,45.137996796564316,0.1905204302679881,1.4447592493617232,43552188000.0,95.23910603885128,93.59534920493115,0.030561069778374472,0.030103381871306165,0.020971506863035862,0.06191701904784397
2024-01-17,56.01875686645508,56.43650076516492,54.70655929384397,56.3125759716749,474394000,50.863607788085936,48.933961715698246,52.94613352956734,50.90504058995224,79.29422956402927,2.0410929396150976,1.3701824374368532,0.6709105021782444,56.7032348472443,45.02398072892757,0.20848827734894734,1.5133603630528742,43077794000.0,91.78143553879342,93.03209504949979,-0.00583514931414042,-0.005852240316028699,0.02117652969951923,0.0947139802223782
2024-01-18,57.07211685180664,57.56481575240513,56.07272766296372,57.225023275703855,491650000,51.21489334106445,49.175932998657224,53.58090019452723,51.36186105379331,80.81422746313685,2.219039140733919,1.5399537780962664,0.6790853626376527,57.66128188203366,44.76850480009524,0.22590325702156416,1.581319017306257,43569444000.0,95.20428322813461,94.07494160192643,0.018803701550584195,0.018629097362132196,0.020976797347943266,0.07897447201956154
2024-01-19,59.45465850830078,59.46365188180549,57.19004013784853,57.95357335479518,543501000,51.70894165039063,49.45064559936523,54.484555319723164,51.96132753190498,83.77717881691443,2.523227787818186,1.7366085800406506,0.7866192077775356,59.074711119423355,44.3431721813579,0.24777770670415517,1.7184492479881353,44112945000.0,99.92611766645832,95.6372788111288,0.04174615885863564,0.040898304112894315,0.02198948521939388,0.025886194778002025
2024-01-22,59.6175651550293,60.29415362361085,59.033922203847766,60.012324362995706,452955000,52.285739517211915,49.72453910827637,55.274249140539496,52.528456244729,83.95441869193833,2.745792895810496,1.9384454431946196,0.8073474526158761,60.23881265795365,44.33266637647018,0.26680301753553987,1.7195199868342523,44565900000.0,94.79670047765708,96.64236712408335,0.0027400148418272874,0.002736267844152829,0.020026905857033827,0.047121561553345126
2024-01-23,59.83642578125,59.8734019281728,58.549210583878605,59.53360947543731,294654000,52.829557228088376,49.99043846130371,55.97612246987958,53.069787321508336,92.45557451213102,2.906335148371241,2.132023384229944,0.7743117641412969,61.29598704151823,44.36312741465852,0.2829858135036818,1.676546217822297,44860554000.0,96.47984679639076,97.06755498016872,0.003671076228148218,0.00366435427399288,0.020013920445221125,0.048452481741401154
2024-01-24,61.32451629638672,62.81060746868792,59.90138636580081,60.2671639217423,560271000,53.45577449798584,50.27858497619629,56.79895228934222,53.681248727054886,96.99491200909614,3.117703562287332,2.329159419841422,0.7885441424459101,62.500313117371036,44.41123587860065,0.2949730113050432,1.8273113012974196,45420825000.0,90.30702332794806,93.8611902006653,0.02486930821330935,0.024565100278885026,0.02000140889284198,0.002688877368505649
2024-01-25,61.5793571472168,62.680685096135214,60.81282362309359,62.3119072339738,482777000,54.07229766845703,50.544147644042965,57.53439919055369,54.26629379521503,96.9588511905448,3.268105395338665,2.5169486149408704,0.7511567803977948,63.57864133894979,44.56595399796428,0.3087509876975847,1.8899160770523515,45903602000.0,91.52855013803824,92.77180675412569,0.004155611266437154,0.004147000560858888,0.020065922114844745,0.02288328087708469
2024-01-26,60.99371337890625,61.74525668401416,60.535996808090815,60.92275760795634,390309000,54.652642822265626,50.79230140686035,58.06660137337716,54.764621171784746,92.65799957320188,3.3019802015924142,2.6739549322711795,0.6280252693212347,64.36943676009611,44.93584888443515,0.31861624418463047,1.865716531445104,45513293000.0,86.40236008459311,89.41264451685981,-0.009510391070021385,-0.009555903630534693,0.02052782707728716,0.08403931269331877
2024-01-29,62.42683792114258,62.45082152019551,60.86979110422985,61.19458949954275,348733000,55.29939727783203,51.04841217041016,58.7374069961103,55.33219278284829,91.62727277256445,3.4052142132620133,2.8202067884693465,0.5850074247926669,65.28795764989846,45.3108369057656,0.3200085317370697,1.7517860093540334,45862026000.0,96.55879533775169,91.4965685201277,0.023496266464929638,0.02322447830105378,0.02060819919827174,0.10993368030117767
2024-01-30,62.73564910888672,63.45421163481392,62.221963176710254,62.861575397836866,410735000,55.961592292785646,51.32604820251465,59.352521167306676,55.88059695514743,91.21321998456142,3.4719242121592444,2.9505502732073263,0.5213739389519181,66.08413485632519,45.8390497292461,0.32270464105569135,1.651704297721624,46272761000.0,92.81285849651907,91.92467130628795,0.004946769659136541,0.004934574595019769,0.02048750471926256,0.08680345479635077
2024-01-31,61.489410400390625,62.23095765369269,60.66291599295292,61.40246175375336,453795000,56.62913417816162,51.56692779541016,59.6812733570119,56.29606461775804,80.60554851426426,3.385208739253855,3.037481966416632,0.34772677283722286,66.3316326817883,46.926635674534936,0.31558274637692896,1.6955347842216837,45818966000.0,80.20735999684173,89.85967127703749,-0.01986492092132608,-0.020064881021434545,0.019785715101713532,0.1393209786166456
2024-02-01,62.988494873046875,63.15239614325578,61.612337231861346,62.06205926012063,369146000,57.40156211853027,51.84142654418945,60.19007666717113,56.79180019222388,82.16890402724354,3.398276474947245,3.1096408681227548,0.2886356068244904,66.49815273976998,48.304971497290566,0.2888334017053069,1.686826031496142,46188112000.0,94.91431135147693,89.31150994827924,0.024379555160716437,0.02408711727675131,0.019042684060205494,0.10493908208644642
2024-02-02,66.11958312988281,66.55930912654547,63.65108714697043,63.93491403332179,476578000,58.30910720825195,52.15634269714356,61.10230843066523,57.48274707649492,86.29390247659245,3.6195613541703153,3.211624965332267,0.4079363888380483,67.05829908802939,49.55991532847452,0.2646475209195089,1.896197875689366,46664690000.0,96.29009298405705,90.4705881107919,0.04970889149116253,0.048512879530706744,0.02055793525824574,0.09028127627236415
2024-02-05,69.2896499633789,69.45455008972388,67.16395031831868,68.1833239064927,680078000,59.3202392578125,52.54395370483398,62.361899435698106,58.35733247552336,87.48408736139012,4.004566960174749,3.3702133643007635,0.6343535958739857,68.24463376261369,50.39584475301132,0.25759675534565185,1.9827171524241405,47344768000.0,98.88188072791678,96.69542835448358,0.04794444676502163,0.04683057568183143,0.02170719300034137,0.0420585573577783
2024-02-06,68.18132019042969,69.71138308978904,66.25949848302591,69.58745829595591,683111000,60.118251419067384,52.933940963745115,63.25719493642604,59.08503526922012,83.7044047790841,4.172159667205918,3.5306026248817943,0.6415570423241235,69.22229405975578,51.014208778378986,0.26705386798791536,2.105713090670011,46661657000.0,88.78142417735882,94.65113262977754,-0.0159956035791059,-0.016124914032451993,0.019978994743746443,0.05723882138543446
2024-02-07,70.0561752319336,70.17710350841662,67.5587013332111,68.2772638618389,495575000,60.96568336486816,53.38021209716797,64.30319190496566,59.89771230349519,84.41403201808762,4.405479601470468,3.705578020199529,0.6999015812709386,70.46855217618285,51.46281455355347,0.27129282407592853,2.182309039902544,47157232000.0,99.06885587585742,95.57738692704434,0.027498074784522375,0.027126793697467944,0.020209506178870483,0.054223605738062286
2024-02-08,69.59844970703125,70.75074512715133,69.412566337875,70.03118381151026,414422000,61.729766082763675,53.80801528930664,65.11784695143729,60.61628544449786,79.94094077298354,4.501561506939424,3.8647747175475082,0.6367867893919161,71.43691964886854,52.0226125166588,0.2789474077933145,2.1070693084223637,46742810000.0,90.55614343475379,92.8021411626567,-0.006533692759945309,-0.006555130761048409,0.020608930408604214,0.04332222369356864
2024-02-09,72.08894348144531,72.14090604638328,70.16911160679686,70.48991468195457,436637000,62.594787788391116,54.294042434692386,66.1903233406693,61.46611196575323,82.36418221244816,4.724211374916067,4.03666204902122,0.6875493258948469,72.7696091862923,52.41996639048994,0.2822852134188938,2.1986568026787165,47179447000.0,99.61768885951358,96.4142293900416,0.03578375358786845,0.03515838999168136,0.02121495691945749,0.006654148730606435
2024-02-12,72.20387268066406,74.5654283449227,71.20648115197012,72.55565505937633,613710000,63.47115249633789,54.77599258422852,67.11548477759156,62.26150164833921,82.26853513910942,4.853983129252349,4.200126265067445,0.6538568641849034,73.79261074934492,53.14969424333087,0.28589763595245693,2.343996506154315,47793157000.0,83.89560212348081,91.3564781392494,0.0015942694353445752,0.0015929999369309101,0.02108515034305928,-0.0387002998550493
2024-02-13,72.08393859863281,73.40512964528038,69.57747501499297,70.3569973280816,602580000,64.25797176361084,55.28292495727539,67.87986228852098,62.98908957058318,80.23130627254065,4.8907727179378,4.338255555641516,0.5525171622962839,74.69154211992074,53.82440140730093,0.2894839144238379,2.404958859214993,47190577000.0,82.31225733845112,88.6085161071485,-0.0016610477745657715,-0.001662428843980533,0.021000721458521106,-0.06455186212464492
2024-02-14,73.85487365722656,74.19066701109121,71.89407378756496,73.15730185072407,504917000,65.14977760314942,55.82537605285645,68.79909480678337,63.7939624658901,81.78331280587025,5.005132340893276,4.471630912691868,0.5335014282014079,75.666847587661,54.63270761863784,0.28480368224101626,2.4355825556781805,47695494000.0,94.93525673666788,87.04770539953329,0.024567678917413405,0.024270746951636748,0.020694419536895246,0.06276041273901889
2024-02-15,72.61360931396484,73.92980608164119,72.35577132172895,73.82387565740021,420122000,65.92685222625732,56.36808441162109,69.3859431925036,64.44726963982156,79.09792478421896,4.938673552682047,4.565039440689904,0.3736341119921436,76.22529253971527,55.628411912799386,0.2836504178970036,2.46163790453453,47275372000.0,85.96067399615788,87.73606269042563,-0.016806803421296812,-0.01694964042603579,0.021773755039536893,0.08476696515543658
2024-02-16,72.56863403320312,74.35654245789623,72.45670295069786,74.05472502125532,495327000,66.58255100250244,56.88870597839355,69.87558793722661,65.04885218747945,77.29410258793537,4.826735749747158,4.617378702501354,0.2093570472458035,76.81562485845697,56.34947714654792,0.2820247064667767,2.484409982479723,46780045000.0,85.63716929700823,88.84436667661134,-0.0006193781191519143,-0.0006195700130198229,0.020801080558825395,0.08922659171068603
2024-02-20,69.40956115722656,71.91202875960458,67.69260871411592,71.90303157562508,704833000,67.0721508026123,57.367393035888675,69.8038915095343,65.37186766671998,65.57215488351349,4.432023842814317,4.5803077305639475,-0.14828388774963042,76.8279787703431,57.3163228348815,0.2811090519829651,2.7446797582642612,46075212000.0,62.91413337536245,78.17065888950951,-0.043532208068449485,-0.044508163505624754,0.0240034435253151,0.13317131347106126
2024-02-21,67.4307861328125,68.84592156210476,66.2075347659216,67.96445653317794,673755000,67.45186882019043,57.78465805053711,69.43879837465401,65.52438014568979,63.40470589738066,3.914418228964223,4.447129830244003,-0.5327116012797797,76.5937451576381,58.30999248274276,0.2711484430699568,2.825343563647916,45401457000.0,44.919385262679754,64.49022931168348,-0.028508680813177034,-0.028922945678755353,0.025343292554057994,0.1510402240795956
2024-02-22,78.49003601074219,78.52700835067758,74.17467237681947,74.97918103914212,865100000,68.31014480590821,58.404919204711916,70.83129647251373,66.48479909865664,74.43365832610928,4.3464973738570905,4.42700333896662,-0.08050596510952968,78.2206917845572,58.399597827259214,0.25253006578548726,3.4991461690050536,46266557000.0,99.75146183939393,69.1949934924787,0.16400891213320956,0.15187000575176496,0.04338559255928223,0.007308526974451279
2024-02-23,78.76884460449219,82.34365493003914,77.5226048674375,80.7406386857603,829388000,69.16961917877197,59.04832572937012,72.05245772358734,67.3947283953852,71.90772021253031,4.657729328202137,4.473148536813723,0.18458079138841388,79.59072071408664,58.74851764345729,0.26459957836477804,3.588448726798128,47095945000.0,77.84591159481546,74.17225289896305,0.0035521527052406743,0.00354585871123488,0.04339246140462493,0.043924532103107206
2024-02-26,79.04368591308594,80.596737435313,78.4570388969918,79.65130857177527,503973000,70.07211780548096,59.676641693115236,73.1280312912025,68.2576141374371,68.776400767867,4.870417153765402,4.5526022602040594,0.3178148935613425,80.63729027818607,59.50694533277584,0.26732489383964864,3.5030724109752804,47599918000.0,79.54917920674049,85.71551754698329,0.0034892134063126967,0.0034831402242008554,0.04313059362102842,0.07769419252937193
2024-02-27,78.65292358398438,79.43145470230726,77.11486980989693,79.33250852556469,391705000,70.88342208862305,60.28852767944336,73.97801472086125,69.02763705940356,70.73041130238106,4.9503776614576935,4.632157340454786,0.3182203210029071,81.46865768550549,60.2981864917406,0.26916318210548634,3.421979574235795,47208213000.0,77.12751696635698,78.1742025893043,-0.004943624839702343,-0.00495588497601332,0.043265213711187106,0.09233717158932664
2024-02-28,77.61554718017578,78.88476781049101,77.07787390422563,77.57257418666705,393110000,71.6274169921875,60.87442947387695,74.53763509921734,69.66377854983114,65.47837227622209,4.873856549386204,4.68049718224107,0.1933593671451339,81.88811354631606,61.36672043805895,0.26439796991470027,3.3640146978829284,46815103000.0,70.69860844811753,75.79176820707167,-0.013189292356067361,-0.013277043510316647,0.04361936961779477,0.14216770001646473
2024-02-29,79.06368255615234,79.94114467845763,78.30214690396402,79.04569580641504,507289000,72.50613059997559,61.47850036621094,75.23395009259195,70.36006773548456,68.62534266794255,4.873882357107391,4.719174217214334,0.15470813989305654,82.09960547920912,62.91265572074206,0.24267715768033152,3.434544605669037,47322392000.0,79.67310393500097,75.83307644982516,0.018657800255081458,0.018485878660210394,0.0430056645839272,0.17141937665944385
2024-03-01,82.22872924804688,82.24972013852617,79.38646508056598,79.95112232187887,479135000,73.46814231872558,62.12214683532715,76.31006996266194,71.23922784752621,69.43671286654613,5.070842115135733,4.789507796798614,0.28133431833711864,82.90044197612923,64.03584266132194,0.22941616010994564,3.4805146944563083,47801527000.0,99.28777375344103,83.21982871218651,0.04003161236066455,0.03925110919195602,0.04335563873431451,0.06384509241331604
2024-03-04,85.18492126464844,87.6414196546175,83.6678509917937,84.07859536447201,615616000,74.42140922546386,62.834371414184574,77.67543170142909,72.27224217472045,72.43886403974622,5.403189526708644,4.9122441427806205,0.49094538392802356,84.55427961148521,64.28853883944251,0.23790291135073155,3.627210638286169,48417143000.0,88.53918268381673,89.16668679075292,0.03595084155665429,0.035319692476603624,0.04286988273715166,0.006347490156607627
2024-03-05,85.91551208496094,86.04844030428545,83.36995155382468,85.22190326590307,520639000,75.25270233154296,63.59104949951172,78.94313637581861,73.2828547606642,73.41475028718264,5.6602816151544175,5.06185163725538,0.5984299778990376,86.29963597220804,64.20576869087789,0.25715807012221215,3.545127361155695,48937782000.0,91.94776131560609,93.25823925095462,0.008576527505880227,0.008539958037789001,0.04210520116955829,0.06920351957949467
2024-03-06,88.64997100830078,89.67339555623481,86.98091470216241,87.97235961581464,582520000,76.27613487243653,64.38484748840332,80.43649555004664,74.42115966789653,74.25461588026681,6.0153358821501115,5.252548486234327,0.7627873959157849,88.31291279317293,64.23935695170013,0.27155740230550846,3.6495052359948112,49520302000.0,95.63866606882418,92.041870022749,0.03182730169420123,0.031331309736342954,0.04181271929192956,0.024667437036389295
2024-03-07,92.61672973632812,92.71467403344542,89.55145830366479,90.10714445366249,608119000,77.40416259765625,65.26117866516114,82.31037773255149,75.76897967296554,80.10247367788023,6.541398059585944,5.510318400904651,1.0310796586812936,91.10070322494734,63.70762197036517,0.2957681763604472,3.82741011208284,50128421000.0,99.63049842110425,95.73897526851151,0.04474630598193774,0.04377408654823956,0.04228130805365863,-0.0509880175889208
2024-03-08,87.47863006591797,97.34506345152579,86.45720334881955,95.08433828640496,1142269000,78.29817161560058,66.02577339172363,83.10549347614634,76.63636118355461,69.45551750305948,6.469132292591723,5.702081179242065,0.767051113349658,92.18233918378144,64.41400404741972,0.3174299267768297,4.469411583190545,48986152000.0,68.3133703836538,87.86084495786075,-0.05547701462832777,-0.057075256315860766,0.04491822073544112,0.0035303509096764607
2024-03-11,85.72563171386719,88.7469219574668,84.11853680206842,86.38026112101332,678364000,78.98000602722168,66.7525498199463,83.50859166656493,77.30964048209628,72.10125289164593,6.1989511844686405,5.80145518028738,0.3974960041812601,92.91951975605994,65.04049229838341,0.32521227199270375,4.451723000069914,48307788000.0,62.68351333978074,76.8757940481796,-0.020039161001147776,-0.020242668321202553,0.04512278197219616,0.03125639115610834
2024-03-12,91.86116790771484,91.90813847414768,86.10141744907258,87.99934858682109,668075000,79.96287078857422,67.5999382019043,84.79360339597261,78.38753140251248,79.74319783526302,6.406071993460131,5.922378542921931,0.48369345053820023,94.64304424023989,65.28269733690856,0.3196165210181868,4.664614454996737,48975863000.0,76.33231339560471,69.10973237301309,0.0715717816385033,0.06912652541747004,0.04713655060987097,-0.02736273389639754
2024-03-13,90.83673858642578,91.45238847114443,88.38511917925783,91.0036442134583,635713000,80.90051078796387,68.42683799743652,85.72331650219617,79.30969489761716,69.89219684763508,6.413621604579006,6.020627155253346,0.3929944493256601,95.85476132101192,65.94626025491581,0.3292555581752854,4.120316348610447,48340150000.0,67.88738344510195,68.96773672682913,-0.011151930076898409,-0.011214579055921369,0.04734041891033406,-0.005677316594201343
2024-03-14,87.8943862915039,90.59486542464842,86.55114274535384,89.52646826118793,602318000,81.60248641967773,69.22195426940918,86.05732723901275,79.94559796383099,63.54035229583234,6.111729275181759,6.038847579239029,0.07288169594272986,96.48206294877599,66.72290989057947,0.3385785408353561,4.082069618501182,47737832000.0,53.36957234006565,65.86308972692412,-0.03239165497033336,-0.032927875821212,0.048288633883812056,0.03969569705046472
2024-03-15,87.78746032714844,89.49549613199862,86.20835719890029,86.88097416830968,642086000,82.36117897033691,70.02690475463868,86.32350156026439,80.52647665741006,63.038864085811234,5.797024902854332,5.990483043962089,-0.19345814110775716,96.85328384009347,67.86907410058035,0.3301634382803725,4.164029646699549,47095746000.0,52.84199073285442,58.032982172674004,-0.0012165277996349921,-0.0012172683702560618,0.04796145694460807,0.0734541881538382
2024-03-18,88.40510559082031,92.35287440054489,87.03587564379455,90.33701387030251,668976000,83.15300254821777,70.83563323974609,86.64374833419608,81.11007880062563,64.44487534783138,5.533669533570446,5.899120341883761,-0.365450808313315,97.11306334562228,69.19294175081326,0.31582023920695534,4.378344922723835,47764722000.0,55.88950386830875,54.03368898040961,0.007035688939743379,0.0070110539621800316,0.04789798837329399,0.07401500625591484
2024-03-19,89.34759521484375,90.49294513426233,84.96206891761534,86.65111081951359,672171000,84.14990425109863,71.64124496459961,87.05972477737264,81.72026520167883,67.42642561361853,5.339459575693809,5.7871881886457714,-0.44772861295196265,96.75992699746162,71.53988150473565,0.28226887844135334,4.644343659179664,48436893000.0,58.00292346349619,55.57813935488645,0.010661031596814308,0.010604603499652218,0.0461548117247791,0.03538084981531853
2024-03-20,90.32102966308594,90.35901024319512,88.17323967680368,89.74634940187569,479063000,85.2944164276123,72.40324401855469,87.5614639905593,82.35735886548676,66.96049843136558,5.2041051250725445,5.670571575931127,-0.46646645085858207,95.42686472796237,75.16196812726224,0.2243652079287838,4.634356021187492,48915956000.0,60.88762806563436,58.2600184658131,0.010894914920781984,0.010835992915724627,0.04508875253305569,-0.0013499110280154047
2024-03-21,91.38341522216797,92.59573598079588,90.35399750860053,92.24793272927035,480372000,85.9390853881836,73.16876159667969,88.14945648772986,83.02595563264833,64.72557977253607,5.123500855081531,5.561157431761208,-0.43765657667967695,95.88769298972261,75.99047778664459,0.2177333289055202,4.569260930854357,49396328000.0,57.340962465481844,58.74383799820413,0.011762327810532325,0.011693689340606335,0.0285311876724982,-0.011800657666299008
2024-03-22,94.2358169555664,94.72453954495887,90.78276394753543,91.0895899885777,586719000,86.71243400573731,73.9671420288086,89.08581963662779,83.85631573064227,64.60740410563187,5.229503905985524,5.494826726606071,-0.2653228206205469,96.71866688292357,76.70620112855104,0.21236581165109125,4.464195587343845,49983047000.0,77.75154489282934,65.32671180798185,0.031213560211815095,0.030736322490259056,0.028970411090943716,-0.04163798972398647
2024-03-25,94.94841003417969,96.71141493346599,93.45725487677139,93.88801151365493,552136000,87.50767021179199,74.77034004211426,89.98775662086655,84.6779523457191,64.58683126395779,5.309804275147442,5.457822236314346,-0.1480179611669037,97.47568114391008,77.5396592796739,0.20996688472255173,4.5053149663605465,50535183000.0,81.87994866919028,72.32415200916716,0.007561807194278236,0.007533360048140181,0.02894097255767632,-0.05841980259183588
2024-03-26,92.5087890625,96.3206408094852,92.44982423178193,95.79693429152606,513648000,88.20046348571778,75.5269842529297,90.37560776573324,85.25801432473992,56.29134506630389,5.117593440993318,5.38977647725014,-0.2721830362568225,97.47943008807876,78.9214968833568,0.20060724383911252,4.51338161681979,50021535000.0,63.43503840550193,74.35551065584052,-0.025694174034104122,-0.026030034926005873,0.02984770216006786,-0.03886077323206194
2024-03-27,90.19910430908203,93.1874159899472,89.07274096879794,93.05948982143728,586067000,88.82964134216309,76.20401527404785,90.34845338778689,85.62402099024673,45.833202913757454,4.724432397540156,5.256707661308144,-0.5322752637679882,96.68367975603701,80.97560292828916,0.17414892252057784,4.5169510451058335,49435468000.0,45.97251922373246,63.76250209947489,-0.024967192596776044,-0.02528415993170071,0.030410421784645748,-0.04814424131050277
2024-03-28,90.3050308227539,91.24849853375163,89.14268488587938,89.9492288448454,435212000,89.39170875549317,76.88974075317383,90.34177299316643,85.97076245932134,55.89363323600329,4.371010533845094,5.079568235815534,-0.7085577019704399,95.77412777797751,83.00928973300883,0.1413524576501486,3.8896620126176913,49870680000.0,49.12692678863902,52.84482813929114,0.0011743632543057547,0.001173674229170331,0.03033845775662802,-0.025985976720575565
2024-04-01,90.31202697753906,92.17297617207028,89.15368416261286,90.24806771473163,452441000,89.79587364196777,77.55453895568847,90.3371966830699,86.29233760881894,60.31465503976672,4.044859074250965,4.872626403502621,-0.8277673292516559,95.22026824500165,84.3714790389339,0.12012563076195693,3.7747267879076225,50323121000.0,45.534092299698486,46.87784610402332,7.747248100598014e-05,7.746948016831075e-05,0.029355630512288095,-0.03574474009362549
2024-04-02,89.40154266357422,90.04317879660557,87.57057538202243,88.39810360146309,433064000,90.00670471191407,78.15347663879395,90.1932499108398,86.52264909435637,42.76894294408223,3.6706008164834287,4.632221286098783,-0.9616204696153545,94.98602806772686,85.02738135610127,0.11139233636158656,3.5289371332816333,49890057000.0,37.78485831970465,44.14862580268072,-0.010081540016716573,-0.01013270289882245,0.028604930339282745,-0.04581235819406304
2024-04-03,88.91382598876953,90.32303448482294,88.35014869042175,88.43410095294554,370067000,90.1566204071045,78.73940185546876,89.99641546129052,86.69977330875734,44.162611214234886,3.296642152533181,4.365105459385663,-1.0684633068524816,94.7855209840326,85.5277198301764,0.10412105261363441,3.421568352277646,49519990000.0,33.63384707103416,38.984265896812424,-0.005455349653640806,-0.005470284414556003,0.028627971520686486,-0.021638025991338905
2024-04-04,85.85653686523438,90.58287298050408,85.83154944356146,90.35499714995936,434965000,90.01694869995117,79.25980407714843,89.35951106189727,86.63731134997786,43.85656788423923,2.7221997119194015,4.03652430989241,-1.314324597973009,94.99283761727239,85.04105978262996,0.11591170804225824,3.454834616268409,49085025000.0,7.612916892022829,26.34387409425388,-0.034384856230585736,-0.034989926047755276,0.028837319082443354,0.0548398402330037
2024-04-05,87.95836639404297,88.4310991932804,85.87753991776991,86.81700456921507,399678000,89.78403053283691,79.79248107910156,89.14395034376584,86.73516727916787,50.459907089523774,2.4087830645979693,3.7109760608335223,-1.302192996235553,94.68303939457033,84.88502167110349,0.1113938119265755,3.4039362873361014,49484703000.0,25.501823438771876,22.249529133942957,0.024480716385145485,0.024185866055197704,0.027460790586119513,0.0020224863145843486
2024-04-08,87.08384704589844,88.77988827828314,86.68307229452097,88.64995673788222,283220000,89.76429138183593,80.3025708770752,88.82701137486316,86.7609954100368,46.492985937390145,2.066015964826363,3.3819840416320908,-1.3159680768057278,94.70541194616773,84.82317081750413,0.11347961147668473,3.173923232122661,49201483000.0,18.058691311329927,17.057810547374874,-0.009942423716997939,-0.009992179682986066,0.024545959937262073,-0.01299138778583342
2024-04-09,85.30584716796875,87.58556628736338,82.97516956737525,87.39267436773328,501700000,89.74330215454101,80.78881355285644,88.28529380457171,86.6532066513651,39.72761580751904,1.6320871532066121,3.0320046639469953,-1.3999175107403832,94.75965092084583,84.7269533882362,0.11760855633793858,3.1081746966470285,48699783000.0,16.967355622354667,20.17595679081882,-0.020417103036256212,-0.020628413260556238,0.024562384296888166,0.024146675386058414
2024-04-10,86.98990631103516,87.35070274664696,83.66178279831279,83.87866326448999,431929000,89.49973907470704,81.2800749206543,88.0860034209507,86.67814736689621,41.82887566759516,1.4078560540544913,2.7071749419684945,-1.2993188879140032,94.55599543552833,84.44348271388574,0.11624926558128457,3.2155425096429378,49131712000.0,29.22732257883515,21.41778983750658,0.019741426865504952,0.019549092085809943,0.018637224766552368,-0.03451333417704938
2024-04-11,90.56489562988281,90.68782736368458,86.87698174129012,87.37069882551852,431637000,89.48614692687988,81.83665985107422,88.4673714530941,86.96605464563596,48.21253569564728,1.5013168074581387,2.4660033150664233,-0.9646865076082847,94.52871322627837,84.4435806274814,0.11135807675429245,3.3252667456918314,49563349000.0,55.25327962392846,33.815985941706096,0.0410965992544603,0.04027458000054503,0.020894009906945975,-0.06560655041117824
2024-04-12,88.13626098632812,90.1241452492344,87.48063273280795,89.64840815742117,426805000,89.4982406616211,82.36959686279297,88.41643138128396,87.05273659679834,36.428749644169464,1.3636947844856167,2.245541608950262,-0.8818468244646454,94.52587106846092,84.47061025478128,0.1140876717613359,3.264015838524076,49136544000.0,37.57279577516726,40.684465992643624,-0.026816512365673506,-0.02718263530022371,0.02047121808850694,-0.13591718838565414
2024-04-15,85.95250701904297,90.5619060136459,85.88054901990306,89.04776086993422,443077000,89.40649299621582,82.82887710571289,88.03736609478534,86.9712381095572,31.214314123409693,1.0661279852281353,2.009658884205837,-0.9435308989777016,94.62877674127566,84.18420925115598,0.12151556542505111,3.365958476884664,48693467000.0,22.309721383610736,38.37859892756882,-0.024777020749994216,-0.025089137464713526,0.021229142361337244,-0.07538287658751353
2024-04-16,87.3656997680664,88.06829858635284,86.01546379198004,86.38425134878223,370453000,89.35452270507812,83.25379943847656,87.93403281375166,87.000457491669,38.77891472625734,0.9335753220826604,1.7944421717812018,-0.8608668496985414,94.63908249319293,84.06996291696332,0.12097561862708042,3.24059954757085,49063920000.0,42.9927953026762,34.291770820484736,0.016441553574584322,0.016307854720058676,0.02151509804606513,-0.05710695571825375
2024-04-17,83.98759460449219,88.7249183584023,83.90263584788114,88.2901585822677,495400000,89.08652267456054,83.54775833129882,87.32688847386558,86.77728246298923,37.05152984945105,0.5496060108763459,1.5454749396002307,-0.9958689287238849,94.89067013273035,83.28237521639073,0.13821439905505678,3.291142939668844,48568520000.0,11.007244232446407,25.436586972911112,-0.038666263448266625,-0.03943364980887916,0.02296244132396966,-0.05185920379869158
2024-04-18,84.62324523925781,86.14139337931326,82.35552770602675,84.9220802095837,447260000,88.80163345336913,83.8765968322754,86.910943360849,86.61772415012024,38.41171842341815,0.2932192107287648,1.2950237938259377,-1.001804583097173,94.90240488422063,82.70086202251764,0.1441866573091732,3.411146655769862,49015780000.0,23.0988483498908,25.69962929500447,0.007568387185738379,0.0075398906350754745,0.02286959362560897,-0.02408134775632098
2024-04-19,76.15702819824219,84.27644766930946,75.56336900757456,83.10311370735981,875198000,88.04031410217286,83.99861389160156,85.2564948742941,85.84285778331446,28.5364086073604,-0.5863629090203517,0.9187464532566798,-1.5051093622770315,96.22785931761425,79.85276888673147,0.21501745562152513,3.8426169573574214,48140582000.0,3.9251600067287264,12.677084196355311,-0.10004599820154425,-0.10541162607676846,0.031213484457600076,0.15137796289220629
2024-04-22,79.47315979003906,80.02784714622769,76.35692172416684,78.05995564066009,596341000,87.30218124389648,84.19610809326171,84.36675101517794,85.3710283023311,35.968968396314494,-1.0042772871531582,0.5341417051747123,-1.5384189923278706,95.79410414538506,78.8102583424079,0.21370543020872643,3.92328605396234,48736923000.0,25.850782157937605,17.624930171519043,0.04354334288313799,0.04262198273685919,0.03214885247566922,0.10361183276171948
2024-04-23,82.37651062011719,82.72231614993429,80.21873169463018,80.7234441336971,438559000,86.67358627319337,84.40185943603515,84.0605601851686,85.14921217772266,41.35177889452887,-1.0886519925540625,0.2095829656289573,-1.29823495818302,94.626478733698,78.72069381268874,0.19308641263477966,4.014448237211914,49175482000.0,45.047177569435156,24.94103991136716,0.03653247005339311,0.03588097903437743,0.03350975111521284,0.04827542262134421
2024-04-24,79.63206481933594,84.03457921776213,79.13834013698539,83.90264988256477,512208000,86.02975006103516,84.5504232788086,83.37925320580973,84.74053459561993,41.696913207341126,-1.3612813898102019,-0.10458990545887452,-1.2566914843513273,94.07793781717334,77.98156230489698,0.20213434812716166,4.0247993474857795,48663274000.0,26.901431546794388,32.59979709138905,-0.033315878277939914,-0.033883494884850915,0.033781405805510104,0.042220317557768006
2024-04-25,82.58540344238281,83.27600801866915,78.17888569012331,78.82351858715127,424641000,85.6490650177002,84.76045257568359,83.25712247297483,84.5808952509357,42.991980384592374,-1.323772777960869,-0.34842647995927345,-0.9753462980015956,93.58638374819678,77.71174628720361,0.1922208622746318,4.204982204664337,49087915000.0,46.428336598957856,39.458981905062466,0.03708730433836194,0.03641611503670675,0.03486797083696451,0.03854421313459655
2024-04-26,87.6855239868164,88.28118855401848,83.3399763925944,83.7707330936579,551011000,85.51808967590333,85.03706558227539,83.93841501356584,84.81086774988982,50.7068574589902,-0.8724527363239787,-0.4532317312322145,-0.4192210050917642,93.21471836701458,77.82146098479207,0.17555072584771125,4.462051428083873,49638926000.0,80.1493494379798,51.159705861244014,0.0617557138652447,0.059923871751031595,0.03782925619561731,0.012013277164062641
2024-04-29,87.70751953125,87.94238000481042,85.21791921054779,87.54560831747182,388971000,85.38786430358887,85.33894378662109,84.51827724705572,85.0254345485091,52.94293843284531,-0.5071573014533755,-0.4640168452764467,-0.04314045617692874,92.82678808015702,77.94894052702072,0.1696302396037474,4.3273417191034795,50027897000.0,80.29477973316291,68.95748859003352,0.0002508457888317217,0.00025081433228721893,0.03782948262713221,0.049944502435629756
2024-04-30,86.353271484375,88.76890816331654,86.25133163329888,87.19079630766022,363709000,85.2354507446289,85.61463653564454,84.80058405279715,85.12379284005472,49.2135295551888,-0.3232087872575704,-0.4358552336726715,0.11264644641510108,92.44963760427179,78.02126388498603,0.1670854325640282,4.243674332080872,49664188000.0,71.34075298457283,77.26162738523851,-0.015440501043841315,-0.015560947019462356,0.03791778211075149,0.048054352804471456
2024-05-01,82.99415588378906,85.95148630832341,81.20916027802339,85.02901046138126,559863000,84.93946723937988,85.88632843017578,84.5226720267959,84.96604195440541,40.59729346427482,-0.4433699276095098,-0.43735817246003916,-0.00601175514947061,92.00237510522442,77.87655937353534,0.17020253512149058,4.338907588077811,49104325000.0,49.54341128545483,67.05964800106352,-0.03889969126640147,-0.039676495923526886,0.038848872117291086,0.08876350061269278
2024-05-02,85.76859283447266,86.18835408667036,83.15306466582874,84.4013606664833,377898000,84.9350700378418,86.25308456420899,84.71435215105386,85.02549016774373,47.084447155641335,-0.31113801668986696,-0.41211414130600477,0.10097612461613781,91.99568305093047,77.87445702475313,0.16464332175100868,4.346760109921128,49482223000.0,68.04146179115105,62.97520868705957,0.033429305005143295,0.03288269432172872,0.03889820097959417,0.03414256767629498
2024-05-03,88.7389144897461,89.23063371341577,86.9909005732954,87.73947860212795,398341000,84.97409744262696,86.45806213378906,85.33351558777574,85.3005586360402,53.365984898886445,0.03295695173554236,-0.3230999226976954,0.35605687443323775,92.11326539596297,77.83492948929094,0.16090275600928056,4.259666101721147,49880564000.0,96.40221188938014,71.32902832199534,0.03463181051607034,0.034045624795518974,0.03928936074209297,0.01226512822809922
2024-05-06,92.08802795410156,92.16798466023728,89.00476895897276,89.3395790876885,376203000,85.22430648803712,86.72444580078125,86.37267133644124,85.80333414108178,55.449688064446484,0.5693371953594664,-0.14461249908626303,0.7139496944457294,92.99742532519431,77.45118765087992,0.16881931364696984,4.353471716234099,50256767000.0,99.51846698048635,87.98738022033918,0.03774120388572544,0.03704643177509847,0.0400184168142625,-0.018895023944169087
2024-05-07,90.50292205810547,91.72922732116892,88.96079315014337,91.04661392300342,437342000,85.48416023254394,86.95363052368164,87.00809452438959,86.15145176456501,57.84344320888438,0.8566427598245809,0.055638552695905764,0.8010042071286751,93.6083047834891,77.36001568159878,0.17953330933843722,4.232396880051029,49819425000.0,89.97229060966234,95.29765649317626,-0.017212942129525732,-0.017362807051781233,0.03992362650032418,0.008856640212489886
2024-05-08,90.36100769042969,91.14256430274753,89.36956281384657,89.43253081814441,325721000,85.65271530151367,87.18779220581055,87.52392731916498,86.46327072203647,56.99047584526366,1.0606565971285136,0.25664216158242736,0.8040144355460862,94.0438929480056,77.26153765502173,0.1857256323488448,4.088620866880633,49493704000.0,89.11762242199805,92.86946000404892,-0.0015680639304073152,-0.0015692946293635883,0.03975789779311002,0.04665310907869258
2024-05-09,88.69695281982422,91.02063858717587,88.18124497678554,90.47794554376881,378013000,85.55931816101074,87.40942031860351,87.70439278080487,86.62872865520593,68.31303924938214,1.0756641255989337,0.42044655438572864,0.655217571213205,93.75970007603954,77.35893624598194,0.18490786107808593,3.6443006796454247,49115691000.0,78.04681535183242,85.71224279449761,-0.018415629851167625,-0.018587308543467854,0.03894912364031442,0.06323591887515989
2024-05-10,89.82730865478516,91.34945233112951,89.17667483195356,90.25406978590553,335325000,85.6438705444336,87.62469284057617,88.03099522295568,86.86566050702662,66.15215170056533,1.1653347159290632,0.5694241866943957,0.5959105292346676,93.98970944828223,77.29803164058497,0.18581963611806468,3.5572778627396957,49451016000.0,83.26785727025468,83.47743168136172,0.0127440210630132,0.012663499417981386,0.03853441263071227,0.02893922928321202
2024-05-13,90.3480224609375,90.94668368485891,88.47907428372562,90.4269726636133,289680000,85.86364631652832,87.78707870483399,88.38746095187597,87.12361324435335,63.43394843556289,1.2638477075226149,0.7083088908600396,0.5555388166625753,94.4711050071097,77.25618762594694,0.19054005734996285,3.501453079970986,49740696000.0,86.99013993640467,82.7682708528306,0.005796831876077935,0.005780094896002099,0.03803323685160572,0.04846278901978174
2024-05-14,91.30447387695312,91.59930565354625,88.88383529778994,89.54846112262796,296507000,86.06058502197266,87.90946975708007,88.83623217111861,87.43330662454592,70.93233572105906,1.402925546572689,0.8472322220025695,0.5556933245701196,94.98707289346785,77.13409715047746,0.19553232152731131,3.3456838853266695,50037203000.0,93.82725945347005,88.0284188867098,0.010586301614173621,0.010530659077861918,0.03794836853724938,0.04411312007727619
2024-05-15,94.57662963867188,94.80850105677926,91.54734077306348,92.41984953324487,417735000,86.59003677368165,88.08269210815429,89.71937024304988,87.96244166262933,71.26096109164752,1.7569285804205492,1.0291714936861656,0.7277570867343837,96.22669622616235,76.95337732120095,0.20378521605807617,3.2318913747038343,50454938000.0,98.29498044896003,93.03745994627825,0.0358378469616778,0.035210613210253025,0.03730410941949583,0.0033816411091396326
2024-05-16,94.3057861328125,95.7649618311796,94.04992617640089,94.85647788998737,323952000,87.07416381835938,88.19580841064453,90.42497268762874,88.43231903079105,64.16351720674778,1.992653656837689,1.2218679263164702,0.7707857305212187,97.25243442929619,76.89589320742257,0.21585675764586848,2.9475521277854804,50130986000.0,89.97529820712309,94.0325127031844,-0.002863746645383025,-0.0028678550132319523,0.037363189853898734,0.10004345980146345
2024-05-17,92.42684173583984,94.68656820618962,91.75422475858959,94.31578286476113,359691000,87.88765449523926,88.19201065063477,90.73295254119968,88.72820960153541,59.353425105154905,2.0047429396642684,1.37844292898603,0.6263000106782384,96.92929656900316,78.84601242147536,0.19564970313721902,2.962400888738152,49771295000.0,77.0667380705901,88.44567224222442,-0.019923956673522758,-0.02012511509677444,0.028665079592363415,0.15127749880701513
2024-05-20,94.7265396118164,95.14630088740084,93.38729907778286,93.69712178712975,318764000,88.65032348632812,88.33696884155273,91.34735055206379,89.1725303430377,65.99586596624914,2.1748202090260804,1.5377183849940401,0.6371018240320403,97.26673356792057,80.03391340473567,0.18192177433910228,2.9768210759912472,50090059000.0,92.86592211016583,86.63598612929302,0.02488127726520406,0.024576778823562257,0.027810654723610842,0.20174094758560268
2024-05-21,95.33219909667969,95.3461911389766,93.12744211033531,93.54620449229954,328946000,89.29810791015625,88.52910018920899,91.96040417431239,89.62880210256674,76.3410861145976,2.3316020717456496,1.696495122344362,0.6351069494012875,97.87649229238711,80.71972352792538,0.17996824710885415,2.767866634726224,50419005000.0,96.56861509579582,88.83375842551725,0.006393767653133375,0.006373414231363873,0.02705696744258288,0.2037929692745688
2024-05-22,94.89645385742188,95.96585017054332,93.19641666447399,95.40516951213256,548648000,90.06132736206055,88.58980590820312,92.41210412556,90.01899852885231,71.64941751700611,2.3931055967076986,1.8358172172170295,0.5572883794906691,97.68131814904977,82.44133657507133,0.16059590168538757,2.737526299239655,49870357000.0,88.08465381989208,92.50639700861791,-0.004570808639543844,-0.004581286726431695,0.025482621578556092,0.16377038989672843
2024-05-23,103.74046325683594,106.26003756449907,101.46274160839002,101.9704583406549,835065000,91.1190803527832,88.84788040161133,94.15492860729476,91.03540332351776,77.82726647273967,3.1195252837770084,2.0925588305290255,1.026966453247983,100.11800105599525,82.12015964957115,0.17348911737424827,3.301922215534947,50705422000.0,86.06337067976493,90.23887986515093,0.09319641609265861,0.08910589670256983,0.031176974306930706,0.05620472043696356
2024-05-24,106.40894317626953,106.41493649766242,102.94189825157174,104.39007837740144,429494000,92.05525131225586,89.21817153930664,96.04016161790626,92.17418405335123,77.25287998710738,3.8659775645550383,2.447242577334228,1.4187349872208102,103.1919143312488,80.91858829326293,0.20931817733674368,3.3050627923634823,51134916000.0,99.96713050461723,91.37171833475809,0.025722652817031344,0.02539739131405824,0.02911852948267447,0.08012664590890539
2024-05-28,113.83676147460938,114.87417806167193,109.82102986026253,110.18182631936331,652728000,93.36171340942383,89.73915756225585,98.77810005739904,93.77881941788887,86.32648224021942,4.999280639510175,2.9576501897694176,2.0416304497407576,107.94731950281371,78.77610731603394,0.256254761721118,3.68634851246664,51787644000.0,96.11351594549541,94.04800570995918,0.06980445512023792,0.06747587954851557,0.031899028928316045,0.02226494107693333
2024-05-29,114.7602310180664,115.42685462015827,110.83844833840384,112.98623828974068,557442000,94.7820613861084,90.26626007080078,101.23688943596325,95.33299805493905,87.08269062185897,5.903891381024195,3.5468984280203735,2.3569929530038216,111.82037783007753,77.74374494213926,0.29693764630513575,3.8874488548133166,52345086000.0,97.5532806503761,97.8779757001629,0.008112226063836214,0.008079498832643243,0.031197795291359343,0.06631842499723928
2024-05-30,110.43768310546875,115.75368367922725,109.60115714782083,114.58534422223099,484553000,96.15423774719238,90.68806182861329,102.65239615434871,96.45186361423755,80.57175247706641,6.200532540111155,4.07762525043853,2.122907289672625,113.6105380448088,78.69793744957596,0.31612941899452085,4.1241012063144655,51860533000.0,80.50934296628147,91.39204652071766,-0.03766590459300456,-0.038393596085655575,0.031087106428894985,0.09500446554154918
2024-05-31,109.5711669921875,112.65342715935483,106.87968513049076,112.45653205108225,613263000,97.34436645507813,91.07306457519532,103.71682243709314,97.42366386445606,77.97130996050785,6.293158572637083,4.52073191487824,1.7724266577588423,115.06296054608052,79.62577236407574,0.32341709187537876,4.347047100425807,51247270000.0,77.33233646663058,85.13165336109604,-0.007846199674921839,-0.00787714306454335,0.03115756526309673,0.1026607412820979
2024-06-03,114.93513488769531,114.93513488769531,111.93982368190672,113.55691490102478,438392000,98.65417747497558,91.54409896850586,105.4427166602627,98.72080986617749,80.62951525354849,6.721906794085214,4.960966890719636,1.7609399033655784,117.52953022055931,79.77882472939186,0.32845226595030474,4.553929850023988,51685662000.0,96.9536531026094,84.93177751184048,0.04895419153371128,0.047793659760665436,0.031843540557550724,0.05904348540682114
2024-06-04,116.37133026123047,116.53424034822847,113.98068096958718,115.65074383289046,403324000,99.86834259033203,91.98680923461914,107.12404182964237,100.0282558213666,80.8583132987387,7.095786008275766,5.387930714230862,1.7078552940449043,120.04453604388709,79.69214913677698,0.34675539771288205,4.5423647802300575,52088986000.0,99.34801799838584,91.21133585587528,0.012495703554343818,0.012418276586436676,0.03132761426229392,0.03850089257716327
2024-06-05,122.3709487915039,122.37993877462908,117.40175277551737,118.30424338003813,528402000,101.46174392700195,92.53526000976562,109.46971982377491,101.68327011545084,82.06283581170231,7.786449708324071,5.867634513049504,1.9188151952745667,123.47371121521803,79.44977663878586,0.35975805541428235,4.721263446913805,52617388000.0,99.97064563418776,98.75743891172768,0.051555812903448794,0.05027079407050403,0.03169851235252326,0.02262558991433905
2024-06-06,120.92975616455078,125.51616477932996,118.25326519915947,123.97803133753258,664696000,102.99018135070801,93.10367935180665,111.23280233774042,103.1089357487175,79.90525697882882,8.123866589022924,6.318880928244188,1.804985660778736,125.98014062283508,80.00022207858095,0.3802200550349959,5.117539441584646,51952692000.0,86.41544706013387,95.24470356423582,-0.011777244854157654,-0.011847145972777882,0.032070588784664816,0.07126252444322745
2024-06-07,120.81982421875,121.62337164710611,117.95544321860926,119.70245088550641,412386000,104.5963249206543,93.71609375,112.70772878097266,104.42085341316435,83.212167494097,8.286875367808307,6.712479816157012,1.5743955516512944,127.86845607159844,81.32419376971015,0.3852369642387305,5.170081225934418,51540306000.0,85.50007479630956,90.62872249687707,-0.0009090562098810206,-0.0009094696520578248,0.03133672544635252,0.09101675059307546
2024-06-10,121.72130584716797,123.0305645078952,116.94400320335374,120.30210862140808,313434100,106.19102478027344,94.34441925048829,114.09443294500271,105.70236840827573,82.64445452830759,8.392064536726977,7.048396760271006,1.3436677764559715,129.57271891043743,82.80933065010944,0.3841840829332181,5.41058852257588,51853740100.0,88.28339427946138,86.73297204530161,0.007461371792643945,0.007433673451216806,0.031388068003617764,0.07554605338826548
2024-06-11,120.85173034667969,122.81078479761143,118.68277039590036,121.71130884876212,222551200,107.71621017456054,94.9552133178711,115.13401716064533,106.82454336667602,80.66473679431408,8.309473793969303,7.300612167010666,1.0088616269586375,130.72309222209728,84.70932812702381,0.38074559597183016,5.546964620652294,51631188900.0,85.5678502910055,86.45043978892546,-0.007143987607067803,-0.007169628076307452,0.03173576299692545,0.12132981504491269
2024-06-12,125.13966369628906,126.8188544177255,122.51093382538542,123.00069556163665,299595000,109.40796966552735,95.6699757385254,116.67334739689821,108.18121894664736,83.2615358437801,8.492128450250846,7.538915423658702,0.9532130265921435,132.30933525650474,86.50660407454995,0.36601289973990103,5.775371089579186,51930783900.0,93.37757039102625,89.07627165383104,0.03548094294809734,0.034865997964303216,0.03203557807326684,0.04456873320129495
2024-06-13,129.54751586914062,129.73742671072182,127.09870005988893,129.32762071061848,260704500,111.15651397705078,96.48264953613281,118.65398870032011,109.76390760757279,81.45162487299442,8.890081092747323,7.809148557476427,1.0809325352708958,134.62308201389914,87.68994594020242,0.36228511028420735,5.292098182961725,52191488400.0,99.29125920071468,92.74555996091549,0.03522346187176373,0.03461730860327099,0.0320162060318809,-0.02345481627500312
2024-06-14,131.8164520263672,132.7759808624214,128.2581700274141,129.89737910282292,309320400,113.03204727172852,97.40184783935547,120.67898305817351,111.39742941637238,81.26921217157837,9.281553641801139,8.10362957434137,1.1779240674597684,136.82175151012922,89.24234303332781,0.360951973333982,5.3667247964557685,52500808800.0,96.29472552001315,96.32118503725137,0.017514316210574643,0.017362708221454425,0.03169591448176177,-0.10441317541956141
2024-06-17,130.9168701171875,133.66554475885698,129.5175509456389,132.9259111616535,288504400,114.9565486907959,98.26101791381836,122.25404260571413,112.84331391272904,75.04502840478557,9.410728692985089,8.365049398070115,1.045679294914974,137.94158231390142,91.97151506769038,0.35113936962487646,5.058350434156888,52212304400.0,89.73833701549,95.10810724540595,-0.006824504038386192,-0.006847897459151095,0.03101317296761108,-0.03733393490360115
2024-06-18,135.5146484375,136.26428691629846,130.62700616579136,131.07678620278367,294335100,116.99595413208007,99.22963394165039,124.29413581060426,114.52267202567504,77.4724767269779,9.771463784929225,8.646332275441937,1.1251315094872876,139.6590686920112,94.33283957214894,0.334474757101753,5.133270039067794,52506639500.0,97.44887310286774,94.49397854612363,0.03511983074600611,0.03451719851407594,0.031216523953379528,-0.06770899015976417
2024-06-20,130.71697998046875,140.69216665961412,129.45759262565218,139.73263779444994,517768400,118.76519317626953,100.1378565979004,125.28226568289111,115.7222503926968,76.51011153187046,9.560015290194315,8.829068878392413,0.7309464118019022,139.7715769156664,97.75880943687265,0.3214025254031354,5.496273432107473,51988871100.0,70.49850756662588,85.89523922832787,-0.03540331995359125,-0.036045213146254314,0.033393866777463185,-0.05191931098532121
2024-06-21,126.50900268554688,130.5670512631637,124.24010000634735,127.05874067811743,649445800,120.34582061767578,100.92823852539063,125.47099445253046,116.52126908105606,70.36302170126365,8.9497253714744,8.85320017700881,0.09652519446559005,138.33005907634387,102.36158215900771,0.28431555188795593,5.546497571054425,51339425300.0,50.6712757789144,72.87288548280267,-0.03219151249937546,-0.03272105477025559,0.03484737667033859,-0.02393933633694989
2024-06-24,118.0530776977539,124.40001580098117,117.98311173916277,123.1806025577778,476060900,121.06145133972169,101.47800216674804,124.32977649025715,116.63473638599665,53.48906420968367,7.6950401042604994,8.621568162459148,-0.9265280581986488,137.31977511468983,104.80312756475352,0.2754409133931031,5.772349217545589,50863364400.0,15.245863802831245,45.47188238279051,-0.06684049995091002,-0.06917913878103041,0.03432746978567185,
2024-06-25,126.02922821044922,126.43903427437067,119.26249431645674,121.14158551930763,414192600,122.04246559143067,102.23586151123047,124.59123060105593,117.33062466928943,59.42756307175099,7.2606059317664915,8.349375716320617,-1.0887697845541258,136.88420771630996,107.2007234665514,0.23552857278624098,6.18894901740098,51277557000.0,38.25653728317213,34.72455895497259,0.0675641047928992,0.06537951564587655,0.03671765675284974,
2024-06-26,126.3390884399414,128.0582531537486,122.54091663746888,126.06921428451571,362975900,122.66758193969727,103.04359313964844,124.8601318070383,117.99791828193032,54.357543193266274,6.862213525107975,8.05194327807809,-1.1897297529701145,137.10167314988323,108.23349072951132,0.228497631072391,6.153858160463917,51640532900.0,39.56131282949951,31.021237971834296,0.002458637840539346,0.0024556203354799268,0.033835866688496204,
2024-06-27,123.93024444580078,126.34908399185862,122.8607604065947,124.04019204451785,252571700,123.12608261108399,103.77488403320312,124.71707221300176,118.43734984962444,53.22636640692467,6.279722363377317,7.697499095137936,-1.4177767317606191,137.07707094617,109.17509427599796,0.22514259368200149,5.884245589399163,51387961200.0,29.418027440396354,35.74529251768933,-0.01906649813518113,-0.01925060778487451,0.03427959004607141,
2024-06-28,123.48046112060547,127.6484495693471,122.69084094404647,124.5199608102888,315516700,123.77822151184083,104.56474136352539,124.5268243526331,118.81091364747489,52.84017285657497,5.715910705158208,7.301181417141991,-1.5852707119837826,136.38663355713328,111.16980946654839,0.2042171195486158,5.976365603456576,51072444500.0,27.524056456051444,32.167798908649104,-0.0036293265393503304,-0.00363592852359326,0.03289791028502948,
