date,close,high,low,open,volume,sma_20,sma_50,ema_12,ema_26,rsi_14,macd,macd_signal,macd_hist,bb_upper,bb_lower,bb_width,atr_14,obv,stoch_k,stoch_d,returns,log_returns,vol_20,future_return_5d
2020-01-01,675.3241577148438,683.1528519736394,673.4900624593615,679.0819357370663,14004468,,,675.3241577148438,675.3241577148438,,0.0,0.0,0.0,,,,,0.0,,,,,,0.002351843655810981
2020-01-02,686.8212280273438,689.3487905881979,676.397899264457,676.397899264457,17710316,,,677.0929377629207,676.1757925528067,,0.9171452101139721,0.18342904202279442,0.7337161680911777,,,,,17710316.0,,,0.017024521011366867,0.016881227898042434,,0.008271927566269932
2020-01-03,687.6488037109375,689.6618949086101,681.3187290426969,685.7922517653002,20984698,,,678.7169171395386,677.0256452311868,,1.6912719083518368,0.4849976152886029,1.206274293063234,,,,,38695014.0,,,0.0012049360879113902,0.0012042107350341844,,0.006830819110707376
2020-01-06,671.7007446289062,683.510829151107,670.1349935917717,679.976780464453,24519177,,,677.6375059840567,676.6312081495364,,1.0062978345202964,0.5892576591349417,0.41704017538535476,,,,,14175837.0,,,-0.023192157095259347,-0.02346532703611841,,0.028105218059371273
2020-01-07,682.0345458984375,686.4633346701793,677.0688889990518,679.5293205694625,16683622,,,678.3139736631922,677.0314553901958,,1.2825182729964126,0.7279097819072359,0.5546084910891768,,,,,30859459.0,,,0.015384531507762977,0.015267389524794015,,0.003148341744482641
2020-01-08,676.9124145507812,686.4410035098094,675.5032624964547,677.7400241132464,16047902,,,678.0983491843598,677.0226375502392,,1.0757116341205801,0.7974701523499048,0.2782414817706753,,,,,14811557.0,,,-0.007510076107521635,-0.007538418721718082,,0.0070712561785803985
2020-01-09,692.5025634765625,693.3972440896104,685.0094043047601,688.2974451452224,14982742,,,680.314382152391,678.1692987299668,,2.145083422424136,1.0669928063647511,1.078090616059385,,,,,29794299.0,,,0.023031264592964007,0.02277004817694259,,-0.006524612016151621
2020-01-10,692.3460083007812,696.9537331994524,688.7671661721967,694.247234586273,12478359,,,682.1654015598356,679.219425364842,,2.945976194993591,1.442789484090519,1.5031867109030719,,,,,17315940.0,,,-0.00022607161913634766,-0.00022609717717687476,,0.02154883585578471
2020-01-13,690.5790405273438,697.289325272827,688.2080768341074,691.182979891191,18282382,,,683.4598075548369,680.0608783398421,,3.3989292149947232,1.83401743027136,1.5649117847233631,,,,,-966442.0,,,-0.0025521455345343114,-0.0025554078096650615,,-0.007352546704226914
2020-01-14,684.1818237304688,693.3972733335526,680.8043146862556,688.9237506296278,15816535,,,683.5708869664725,680.3661335539626,,3.204753412509831,2.1081646267190544,1.0965887857907766,,,,,-16782977.0,,,-0.009263554816245079,-0.009306728374090915,,0.002942290270825154
2020-01-15,681.6990356445312,688.8790573291237,679.1938699492092,687.0672990416617,15817859,,,683.28290984002,680.464867042153,,2.818042797867065,2.2501402609486565,0.5679025369184085,,,,,-32600836.0,,,-0.0036288425091450804,-0.0036354427304034626,,0.006234243716758847
2020-01-16,687.9842529296875,690.4223472080394,683.5554644082378,684.0028644434916,12847975,,,684.0061933922766,681.0218585893778,,2.984334802898843,2.3969791693386937,0.5873556335601493,,,,,-19752861.0,,,0.009219929846627561,0.009177685753296362,,-0.007185013680882091
2020-01-17,707.2652587890625,709.0322829800654,694.8288390890643,694.9630411899628,29463471,,,687.5845111456283,682.9658141597248,,4.618696985903512,2.8413227326516575,1.7773742532518542,,,,,9710610.0,,,0.028025359268427197,0.027639835277763408,,-0.037602713328478865
2020-01-20,685.5015258789062,719.7911481994419,682.839761284159,719.7911481994419,32545850,,,687.2640518738249,683.153644657442,,4.110407216382896,3.0951396293979054,1.0152675869849905,,,,14.142732070608824,-22835240.0,30.945876514673735,,-0.030771669666652124,-0.03125505983000668,,-0.016836850941973847
2020-01-21,686.1948852539062,691.5407512237331,680.8713564368783,683.8239219068291,18922720,,,687.0995647015297,683.3789217386616,54.60056268461089,3.720642962868169,3.2202402960919585,0.5004026667762105,,,,14.214632447221463,-3912520.0,32.342197636323654,,0.0010114629199562408,0.0010109517360037215,,-0.04051761258077191
2020-01-22,685.9489135742188,691.9434536836012,684.9423678831845,690.71323780845,10322817,,,686.9225414511742,683.5692915042584,49.59197423066919,3.353249946915753,3.2468422262567174,0.10640772065903548,,,,13.712950513440221,-14235337.0,31.846847801794674,31.71164065093069,-0.0003584574659085682,-0.00035852172714307263,,-0.03489104101787888
2020-01-23,683.0410766601562,689.7960947547332,680.2898440689846,687.3580003916201,11247739,,,686.3253930217868,683.5301644787694,47.88587481595108,2.7952285430174015,3.156519489608854,-0.36129094659145267,,,,13.79602800057132,-25483076.0,25.99090318228364,30.059982873467323,-0.004239145009955481,-0.004248155659145096,,-0.05442578799198816
2020-01-24,680.670166015625,687.2909825261135,679.3280852091012,683.1082008428737,14628445,,,685.4553580977619,683.3183127407586,54.701070692774366,2.137045357003217,2.952624663087727,-0.8155793060845102,,,,13.113819943274637,-40111521.0,11.666629456427515,23.168126813501942,-0.003471109901800107,-0.0034771481808447387,,-0.07222908689843166
2020-01-27,673.9598388671875,681.9674704241261,673.2664314282462,677.6952802850295,13387750,,,683.6868166776735,682.6250924538274,45.60077358864046,1.061724223846113,2.5744445752394043,-1.5127203513932912,,,,12.680852011460843,-53499271.0,1.4904065775113597,13.04931307207417,-0.009858412316962717,-0.009907328217927,,-0.08034923970477514
2020-01-28,658.3919067382812,675.5031818296184,654.7459935025485,674.8768456496997,24532236,683.5354095458985,,679.7952920716132,680.8300416600832,40.94085642141686,-1.0347495884700493,1.8526057424975138,-2.887355330967563,703.1354054035431,663.9354136882538,0.059538993894212335,13.38224110529764,-78031507.0,5.605203420095594,6.25407981801149,-0.023099198544342503,-0.02337016591651613,,-0.03081349164228031
2020-01-29,662.0154418945312,668.5243925324733,654.9472262974796,659.4207487202938,24746565,682.8699737548828,,677.0599305059083,679.4363676033756,33.11025615715667,-2.376437097467374,1.0067971745045363,-3.38323427197191,704.4476790323073,661.2922684774584,0.06518792134417342,13.174550869309396,-53284942.0,11.176002925577214,6.090537641061389,0.0055036143657980485,0.005488524819631816,0.014959591096936413,-0.021184513547783057
2020-01-30,645.8660278320312,661.9483606637074,644.1884717288344,661.6352224321117,22402689,680.8222137451172,,672.260868556081,676.9496757684612,28.1262889610892,-4.688807212380198,-0.13232370287241044,-4.556483509507787,707.8948282488469,653.7495992413875,0.0838335299802157,13.863151093483761,-75687631.0,2.2189109982459767,6.333372447972928,-0.024394316265923033,-0.024696786771654492,0.015214066926756005,0.00973164570455376
2020-01-31,631.5059814453125,650.1158766250334,629.5152871221561,650.0040116804691,34750310,678.0150726318359,,665.9908859236551,673.5834761889688,25.145822191799724,-7.5925902653136745,-1.6243770153606634,-5.968213249953012,712.6843014557406,643.3458438079311,0.10979857623694432,14.68596116949502,-110437941.0,2.2051236059992743,5.200012509940822,-0.022233784976926074,-0.022484681466564384,0.015769039610374305,0.015584548886329097
2020-02-03,619.8076782226562,626.2719547408867,609.7646194987522,612.8289902103342,30712290,675.4204193115235,,658.8857770465784,669.6000837470198,24.072036403901862,-10.714306700441398,-3.4423629523768104,-7.271943748064587,718.7620822338271,632.0787563892198,0.1398551984595899,15.33941854801383,-141150231.0,9.127852021155205,4.517295541800152,-0.018524453554474074,-0.01869818004820187,0.015504405680055847,0.03616037098831515
2020-02-04,638.1045532226562,640.8333893471847,625.3102596223829,626.2944084877797,25383901,673.2239196777343,,655.6886656890518,667.2670814859558,34.42547668357177,-11.578415796903982,-5.069573521282245,-6.5088422756217374,719.5070500971889,626.9407892582798,0.14506441048166224,16.1494559583434,-115766330.0,25.75736420871821,12.363446611957563,0.029520245784091736,0.029092912939831534,0.016705357732823962,0.018472926782726162
2020-02-05,647.990966796875,649.9145900708021,639.8491930659694,641.9069587229454,18472100,671.7778472900391,,654.5044043210246,665.8392211386165,36.07046040151356,-11.3348168175919,-6.322622180544176,-5.012194637047724,719.3646282417967,624.1910663382814,0.14687482816924705,16.369936335817524,-97294230.0,34.74284588379983,23.209354037891085,0.015493407035396922,0.015374609683792197,0.017177561449861718,0.015050085318542017
2020-02-06,652.1513671875,656.267018049872,644.2332634474068,650.496207815146,15538577,669.760287475586,,654.1423986081746,664.8253060311264,28.544062574112132,-10.682907422951757,-7.1946792290256925,-3.488228193926065,717.0681416905618,622.4524332606102,0.14508243513771343,15.72605951810948,-81755653.0,38.52411612809239,33.008108740203475,0.006420460475229373,0.006399937118299528,0.016279616730835465,0.011215508166330546
2020-02-07,641.3477172851562,649.7132196709504,638.954357128189,649.1092804124158,12209212,667.2103729248047,,652.173986096941,663.0862253832768,31.20714289053511,-10.912239286335762,-7.938191240487707,-2.974048045848055,714.8886260715125,619.5321197780969,0.1486814464656746,14.029318314111483,-93964865.0,38.43215604029901,37.233039350730415,-0.016566169214573767,-0.016704922739788523,0.01654768810710654,0.03763123176302341
2020-02-10,642.2201538085938,646.6489428047836,630.9692153123326,638.8202476362594,15142476,664.7924285888672,,650.6426272833492,661.5405904518187,31.311850109676797,-10.897963168469573,-8.53014562608408,-2.3678175423854935,712.3855782276253,617.1992789501091,0.14821443816894805,14.387199221654068,-78822389.0,39.49378770261302,38.81668662366814,0.0013603175000458378,0.0013593931064129674,0.016584911152290646,0.029708799592478075
2020-02-11,649.8922119140625,655.9090886918525,646.4475719077193,647.4988515504008,13999816,663.0779479980469,,650.5271787649974,660.6777475971701,35.58655997977726,-10.150568832172667,-8.854230267301798,-1.2963385648708687,710.1982675140414,615.9576284820523,0.14500964514474107,14.864902727571357,-64822573.0,50.13976349487581,42.688569079262614,0.011946149712011911,0.011875357702454762,0.01687210355636481,0.010084304469810457
2020-02-12,657.7432861328125,659.7787743619559,650.8987994375913,651.4132707150139,13533565,661.880160522461,,651.6373491292767,660.4603800812918,40.27182987150776,-8.823030952015074,-8.847990404244454,0.02495945222938012,708.2188705968905,615.5414504480315,0.14090211500865926,14.892067853438846,-51289008.0,61.88690499579919,50.50681873109601,0.012080579017291315,0.012008191230361249,0.01717639162740928,0.022784463849280456
2020-02-13,659.465576171875,661.076061195236,654.2986456938107,661.076061195236,13565659,660.4542266845704,,652.8416917512149,660.3866909028164,41.80497396319577,-7.544999151601587,-8.587392153715882,1.042393002114295,705.1362661115915,615.7721872575493,0.13550984628006033,14.80739058089692,-37723349.0,68.83517206793327,60.28728018620276,0.00261848364760775,0.002615061392079679,0.017019290238038824,0.00800467649030745
2020-02-14,665.482421875,671.6782343336056,650.0487037471439,660.8523004641426,21227841,658.3650848388672,,654.7864194625664,660.7641524563115,46.70604093568925,-5.977732993745121,-8.06546032172173,2.0877273279766086,697.3793111836947,619.3508584940398,0.11725095979215994,15.730854265938474,-16495508.0,84.75664876114747,71.82624194162663,0.009123820742929611,0.009082450138706413,0.015742497246748734,-0.028670313770261857
2020-02-17,661.2997436523438,673.7808982963232,659.5327193324579,666.108801931165,13149130,657.154995727539,,655.7884693379168,660.8038258782399,51.23952922150575,-5.015356540323069,-7.455439565441998,2.4400830251189296,694.0701510776706,620.2398403774074,0.1116442451534913,15.265925025709578,-29644638.0,80.50315501116243,78.0316586134144,-0.006285182125279176,-0.0063050170368177776,0.01435347233717424,-0.04183997116680749
2020-02-18,656.4459228515625,660.248435272722,651.9723999060855,660.248435272722,11127161,655.6675476074219,,655.8896160323238,660.4810182466341,47.650513528552764,-4.591402214310278,-6.882632095215655,2.2912298809053766,689.9600935564968,621.375001658347,0.10447942398700598,14.962366276514192,-40771799.0,72.92098858119245,79.39359745116745,-0.007339819571037021,-0.007366888582479306,0.014391938311321885,-0.05138337605681342
2020-02-19,672.7296142578125,673.9150960904617,659.8905874009041,661.7918138192991,14084409,655.0065826416015,,658.4803849900914,661.3883216548695,61.31950712575761,-2.9079366647781626,-6.087693009128157,3.179756344349994,687.2925234021707,622.7206418810324,0.0959848951980166,14.936809353171506,-26687390.0,98.15202957699627,83.85872438978372,0.02480583828674665,0.02450316858527849,0.015602667379254637,-0.0781686484905374
2020-02-20,664.744384765625,674.6085086758875,663.7825731086709,669.6876451612479,16892268,654.091748046875,,659.4440772632504,661.6369189223329,64.80080882384328,-2.1928416590825464,-5.308722739119035,3.1158810800364884,683.9809041508685,624.2025919428814,0.0899267652017303,14.2386197863386,-43579658.0,84.787889751393,85.28696930319391,-0.011869894416640436,-0.011940904090967838,0.01578199488838572,-0.10585839613955228
2020-02-24,646.40283203125,660.7404777544862,643.9871345353313,657.4971707893623,21370214,652.3783813476563,,657.4377318429426,660.508468041512,61.181103930991426,-3.070736198569307,-4.861125431009089,1.7903892324397823,679.6681036032722,625.0886590920403,0.08443565189793804,14.168326092319555,-64949872.0,42.785642113875014,75.24185381408809,-0.027591888182465607,-0.027979694516618824,0.016847275593503144,-0.08913784820290782
2020-02-25,633.6309814453125,649.2883120922913,630.7678836964259,649.2883120922913,27745062,650.3619384765625,,653.7751548586918,658.5175431084601,48.02759509442281,-4.7423882497682825,-4.837377994760928,0.09498974499264534,676.8863952193678,623.8374817337572,0.08372209541365243,13.989377325986482,-92694934.0,6.530695559569713,44.70140914161257,-0.019758345652359455,-0.019956151645846264,0.01721793086841253,-0.05192743567588598
2020-02-26,622.7155151367188,631.8191601622372,620.6353526146177,630.7678804610105,29362748,648.5781188964844,,648.9967487476191,655.8655410364793,38.956226850308305,-6.868792288860163,-5.243660853580775,-1.6251314352793882,677.5174434928506,619.6387943001182,0.09294557110886338,14.074062467597125,-122057682.0,3.8540687146424584,17.723468796029064,-0.0172268506879123,-0.01737695931059882,0.016903248714591375,-0.03757180420503814
2020-02-27,620.1432495117188,623.5207586374837,612.4263599498594,620.9260652375485,25054993,646.4845092773437,,644.5577488651729,653.2194453679784,35.81765106641059,-8.661696502805512,-5.927267983425723,-2.7344285193797893,677.3266115207772,615.6424070339102,0.09946767063164064,14.006965616537059,-147112675.0,12.410136542137774,7.598300272116648,-0.004130723520571422,-0.0041392785260087675,0.01679571659425055,-0.05417488851600427
2020-02-28,594.3756103515625,607.0580958283585,592.7427884250544,606.1186214911856,39315769,643.9099884033203,,636.837419863079,648.8606427741698,31.624085905894063,-12.023222911090784,-7.1464589689587354,-4.876763942132048,682.5738820989741,605.2460947076665,0.130099193245109,15.021497832776586,-186428444.0,1.9945123813547894,6.086239212711674,-0.0415511080390617,-0.04243903877256963,0.01830904375373845,-0.04338993145585701
2020-03-02,588.7838745117188,612.4264415419138,582.0511925175142,606.2082308653773,29500495,641.7738830566407,,629.4445667321005,644.410511791766,29.83965676211095,-14.9659450596655,-8.71035618710009,-6.255588872565411,687.4144221298676,596.1333439834137,0.15503325090578218,16.07117794220149,-215928939.0,7.274067867970177,7.22623893048758,-0.009407747798629074,-0.009452280177614337,0.017855228774706137,-0.15347807810702907
2020-03-03,600.7281494140625,605.6714099989539,591.4008335900859,594.8454740172322,27398798,640.8199066162109,,625.0266563754793,641.1747812452694,32.0307334247012,-16.14812486979008,-10.197909923638088,-5.950214946151993,689.1141059131322,592.5257073192896,0.16078553783113525,16.29964941391409,-188530141.0,20.17880127853823,9.815793842621066,0.020286348555739853,0.020083321775974328,0.018223783132806825,-0.14096895755374994
2020-03-04,599.3189697265625,605.6266480626504,585.0931280116588,604.821435403794,22105261,638.8806274414062,,621.0716276602614,638.0743507624022,27.59090998180129,-17.002723102140862,-11.558872559338644,-5.443850542802219,690.6255576309653,587.1356972518471,0.1726791001231534,17.060146385563957,-210635402.0,18.656307167890564,15.36972543813299,-0.00234578600798796,-0.002348541674298058,0.016707782915460594,-0.20653880411542969
2020-03-05,586.5470581054688,607.4831839260905,584.2431656944867,604.9108873026663,30510390,635.8084320068359,,615.7601554210624,634.257514269296,24.21700158295758,-18.497358848233603,-12.946569817117636,-5.550789031115967,692.349690444295,579.2671735693768,0.19279359654478814,18.23604658057671,-241145792.0,4.8573854283038695,14.564164624910887,-0.021310708097427522,-0.021541059754008236,0.01659046452752479,-0.15699969209115472
2020-03-06,568.585693359375,576.2578480858582,555.2098603549766,568.1383530699313,33734039,631.6301483154297,,608.5025458731105,629.3929349426352,18.40722299665191,-20.890389069524645,-14.535333667599039,-6.355055401925606,695.021970834481,568.2383257963784,0.2229807160448001,18.929451378007457,-274879831.0,11.202667025455574,11.572119873883336,-0.03062220583649078,-0.031100862617309565,0.017319227185049132,-0.20086530191800778
2020-03-09,498.41845703125,555.1651920392663,489.85165057435484,554.7401888514859,88187018,624.4836853027343,,591.566532205132,619.691121764014,12.86966544247376,-28.124589558882008,-17.253184845855632,-10.871404713026376,711.1985476203646,537.7688229851041,0.347960076896564,23.535584508089944,-363066849.0,4.6368002491907125,6.898950900983386,-0.12340661600814451,-0.13171203837720385,0.031333355418471244,-0.0952743222948369
2020-03-11,516.0441284179688,527.1832005807552,495.6671803789598,495.6671803789598,59578576,618.1748840332032,,579.9477008532608,612.0135667013441,19.755211516410256,-32.06586584808326,-20.21572104630116,-11.850144801782104,716.9739950565557,519.3757730098506,0.3829095442912605,25.12048996919973,-303488273.0,14.176728329661321,10.005398534769201,0.03536319961283785,0.03475228266051337,0.032977580262287295,-0.16041778066999757
2020-03-12,475.5363464355469,492.5357574215292,469.13920029845366,485.3781326945414,55970485,609.4570907592773,645.8150421142578,563.8844155582279,601.9041429779517,11.53574755652349,-38.01972741972372,-23.776522320985674,-14.243205098738049,725.7016340281804,493.2125474903743,0.488898668378269,27.223043889243723,-359458758.0,3.1134314840399124,7.3089866876306475,-0.07849674039816357,-0.08174896460034221,0.0358389481821186,-0.1366886626717686
2020-03-13,494.4593505859375,509.982477758339,421.5855519763993,446.45836059532905,73297403,601.2928939819336,642.1977459716796,553.2036363317217,593.9452694674321,18.143742575780607,-40.74163313571046,-27.169544483930633,-13.572088651779826,725.893825075836,476.6919628880312,0.5039885723518002,32.76382890458109,-286161355.0,30.471376816571812,15.920512210091013,0.03979297122550318,0.03902162720766563,0.037435245427401675,-0.0790283243688421
2020-03-16,454.3765563964844,483.00714524632815,449.58986531183916,474.4403385952524,38482258,591.038442993164,637.5488525390625,537.999470187839,583.6068462769915,16.778860677107176,-45.60737608915247,-30.857110804975,-14.750265284177466,728.5676828581151,453.509203128213,0.6053535902276806,34.48613140770999,-324643613.0,14.400793562296608,15.995200620969444,-0.08106388147368382,-0.08453867098341336,0.0401227751891874,-0.12961505636606752
2020-03-17,450.9319763183594,474.1943331844334,448.7846827572605,468.49056413228965,45445979,580.310920715332,632.8145159912109,524.604471130996,573.7790781319077,17.33842241597759,-49.17460700091169,-34.52061004416234,-14.653996956749353,726.5833467692786,434.03849466138547,0.648756059608768,34.97821869566052,-370089592.0,13.958959556970289,19.61037664527957,-0.0075808930492428095,-0.007609774074180897,0.03970777648428519,-0.06408737762956884
2020-03-18,433.261474609375,463.4130789981454,429.90633253193516,458.6711221665263,44730415,568.9090072631836,628.0457305908203,510.55170243536196,563.3703667598683,16.92953510568792,-52.8186643245063,-38.180220900231134,-14.638443424275167,723.8918484285679,413.9261660977994,0.7154240579784551,36.443298526768764,-414820007.0,5.782014353006817,11.380589157424572,-0.03918662378582116,-0.03997508635846549,0.03985692006630957,0.11744959115628584
2020-03-19,410.5359191894531,432.59042415452996,399.12841250234374,411.6095658236809,61404010,556.6135070800781,622.6157580566406,495.1646588590683,552.0492965694672,15.816706144246226,-56.88463771039886,-41.921104262264684,-14.963533448134179,721.0834511938742,392.14356296628193,0.8012450868538835,38.088917342440695,-476224017.0,5.3481538195271545,8.36304257650142,-0.05245228747931274,-0.05387798707102642,0.04036811220535743,0.16181754671884452
2020-03-20,455.383056640625,462.9656838974673,416.03834178354435,420.28819415883976,63360475,545.7461791992188,618.1851708984375,489.0444123639232,544.8888343525159,28.660701199070346,-55.84442198859273,-44.70576780753029,-11.138654181062435,706.5938674665185,384.898490931919,0.706428075975765,39.876724743965674,-412863542.0,26.373728998490378,12.501299057008117,0.10924047167350515,0.10367552135809102,0.04904583777094825,0.046809769097852394
2020-03-23,395.4825134277344,424.98544483853334,391.72473514239124,409.86489349215907,40670949,532.2830856323242,612.244769897461,474.650274066048,533.8216994691987,24.564374537042397,-59.17142540315075,-47.59889932665439,-11.57252607649636,696.2377635512886,368.32840771335975,0.8291374326411197,42.25408706352526,-453534491.0,1.7416598545779043,11.15451422419848,-0.13153880527479178,-0.14103237509918465,0.055156293592427665,0.1656014107692536
2020-03-24,422.0329284667969,433.9325104811008,400.73893016882965,416.03838849257653,45734887,521.0645904541016,606.8385083007812,466.55529782000934,525.5410497653171,27.356715456417945,-58.985751945307754,-49.876269850385064,-9.10948209492269,682.8312098136112,359.297971094592,0.7666066244981945,43.79426288967749,-407799604.0,14.047279953634416,14.054222935567566,0.06713423258324158,0.06497676814011268,0.05879237274881138,0.18057027986123542
2020-03-25,484.1478576660156,515.1494078462537,430.912866475202,431.15890365113535,73130298,513.5904342651368,602.7098846435547,469.2618454886257,522.474887387591,37.351990456692114,-53.21304189896534,-50.543624260101126,-2.6694176388642177,667.0587429940185,360.122125536255,0.6339728919538059,48.978759984567866,-334669306.0,42.83638626631555,19.541775358175958,0.14718029094287988,0.13730701057519215,0.06959814491156487,-0.0016631413029686293
2020-03-26,476.96783447265625,499.648645569476,466.2984692637249,490.2094960975014,45744488,506.3030502319336,598.5656048583984,470.4473822553996,519.1039945790774,37.81644998260372,-48.65661232367779,-50.166221872816465,1.5096095491386734,651.5761438350717,361.0299566287955,0.609152580545623,49.700914132721245,-380413794.0,46.193931251741205,34.35919915723039,-0.014830228162059589,-0.014941295465964548,0.06958904205173733,0.010551604353929989
2020-03-27,476.6994323730469,495.3540612398386,468.02079126607595,489.8516259919914,41657940,499.130859375,594.4656127929687,471.40923611965303,515.9629158971492,39.36522719440457,-44.55367977749614,-49.0437134537524,4.49003367625626,634.5703136891789,363.6914050608211,0.5682383704127808,49.41491929152628,-422071734.0,51.991225944596835,47.00718115421787,-0.0005627257861238188,-0.0005628841757017236,0.06961200403138272,0.1318506266802053
2020-03-30,460.9749755859375,480.81508630927294,456.30014975804846,465.51562917935905,30229866,492.46082763671876,589.9254272460937,469.8039652683122,511.8897351333557,45.041462724553035,-42.08576986504352,-47.65212473601063,5.5663548709671105,621.1201410351383,363.8015142382992,0.5582051964312504,45.5421259891123,-452301600.0,51.122859113257235,49.769338769865094,-0.03298610344222941,-0.03354241283812994,0.06943879032097514,0.15692169624980168
2020-03-31,498.2395324707031,505.41952430798887,468.8260681247117,480.4348787671312,44292810,487.933610534668,585.7449127197266,474.17866791483385,510.87860901019627,47.75876307675415,-36.69994109536242,-45.46168800788099,8.761746912518568,608.4353161930208,367.4319048763153,0.483709933897862,46.465592311987734,-408008790.0,86.29943672851695,63.137840595457,0.08083856794482025,0.07773719165413263,0.0723727751578344,0.09535349469289245
2020-04-01,483.3426513671875,503.093264271414,467.5734569491014,502.0419846435416,41597459,482.06433563232423,581.7017352294922,475.58851152288827,508.8389084440475,51.05038153578263,-33.25039692115922,-43.019429790536634,9.769032869377412,590.2383097507198,373.8903615139286,0.44760781533520255,45.65236939790184,-449606249.0,74.22982311152354,70.5507063177659,-0.029899034766759702,-0.030355125032155046,0.07228967408106114,0.10060630734405462
2020-04-03,482.0006103515625,507.49975757793965,472.53909292167856,507.49975757793965,41367807,476.1984176635742,577.6178497314453,476.57498826576125,506.8508863631227,48.240354637440994,-30.27589809736145,-40.4707234519016,10.19482535454015,569.2697725034416,383.12706282370686,0.38618770533084096,41.835493603210516,-490974056.0,73.14248701719649,77.89058228574567,-0.0027765830551657045,-0.0027804449120642618,0.07228785921723234,0.06719556981564612
2020-04-07,539.5525512695312,543.0865994063779,492.0883712024452,493.0278157060707,54373624,473.8486923217773,574.6899224853515,486.26384411249506,509.27323191174554,61.464351312397866,-23.009387799250476,-36.978456321371375,13.9690685221209,557.0381600251498,390.6592246184049,0.3083646532951541,42.99381530183315,-436600432.0,97.6651660872387,81.67915873865292,0.11940221585194966,0.11279480697284996,0.07761243222237572,-0.031547973428593945
2020-04-08,533.3119506835938,549.7969487728319,518.929571501776,527.8766166035285,49880330,472.08500518798826,571.6953399658203,493.5020143542026,511.05387774669725,61.00518568197131,-17.55186339249468,-33.09313773559604,15.541274343101357,547.9947628063161,396.1752475696604,0.2846730043121197,43.383652933539096,-486480762.0,89.57122335954985,86.79295882132834,-0.011566251649174464,-0.011633661024420597,0.07735033418567801,0.026716387898394922
2020-04-09,545.7484130859375,551.4968858405396,533.6922622821191,543.0866484415843,33032857,474.45150299072264,568.9969049072265,501.53992185139253,513.6238433273817,65.24031756747061,-12.083921475989143,-28.89129448367466,16.807373007685516,556.5191572678326,392.3838487136127,0.30075269962969914,42.28923784002021,-453447905.0,96.40208088177617,94.54615677618824,0.0233193019327671,0.023051561370641713,0.071827675077439,0.019549983660536396
2020-04-13,531.969970703125,543.534047096568,527.8766572382242,538.590786977077,23673784,475.24779510498047,566.1571075439454,506.22146782858215,514.9828157255849,66.86130515612004,-8.761347897002793,-24.86530516634029,16.103957269337496,559.2997470075813,391.19584320237965,0.31600261868731494,41.12771596435464,-477121689.0,87.77827358962963,91.25052594365188,-0.025246875762592214,-0.025571045956669692,0.07184513309093186,0.040533073513882245
2020-04-15,514.388916015625,552.9283884903713,511.32454531609477,535.50397581859,35321842,477.1904235839844,563.2770477294922,507.4779983188964,514.9388231544768,58.86424398062422,-7.460824835580411,-21.384409100188314,13.923584264607904,563.0470217912018,391.333825376767,0.3338197831798127,40.35443585480194,-512443531.0,76.09268048515347,86.7576783188531,-0.03304896076044006,-0.03360741641401625,0.06978998224014707,0.18589378799650857
2020-04-16,522.53076171875,531.2094028193618,512.2192985890305,514.3889290016788,37455706,478.593994140625,560.4873541259766,509.79380807272,515.5011889740526,72.60065477264254,-5.707380901332613,-18.249003460417175,12.541622559084562,566.5318533378124,390.6561349434376,0.33658442962452645,37.163848907094625,-474987825.0,80.02645708338204,81.29913705272172,0.015828190401516506,0.015704230921092285,0.0693875819768092,0.17366580914887075
2020-04-17,547.5601196289062,550.2442808995188,533.535612903734,543.9813374764348,33269335,483.25317230224607,558.521235961914,515.6040098505948,517.8759245781158,72.45157295877786,-2.2719147275209934,-15.05358571383794,12.781670986316946,575.5544547042574,390.95188990023473,0.3371366142025317,36.396957630480514,-441718490.0,95.60033938816929,83.9064923189016,0.04790025725533886,0.046788406994805576,0.06691601804830011,0.15767991550763694
2020-04-20,556.4177856445312,562.3227974116861,537.7184224485133,548.4548889228998,36030932,488.5274627685547,557.0194720458984,521.8830522804312,520.7308772497022,65.96816832275802,1.1521750307290404,-11.812433564924545,12.964608595653585,585.0128476659061,392.0420778712033,0.34680913294526244,31.50323588646023,-405687558.0,94.43042416051513,90.01907354402215,0.016176609102993122,0.016047161907255435,0.06677096022561835,0.14950140675834156
2020-04-21,553.5323486328125,560.0860337092978,520.7190100428373,541.2972025264376,61371628,494.54100646972654,555.6939654541015,526.7521747961822,523.1606158706733,67.24432631625454,3.5915589255089344,-8.73163506683785,12.323193992346784,591.5139725358034,397.5680404036497,0.35037867725560584,31.93301069793947,-467059186.0,91.70889524612895,93.91321959827114,-0.005185738281849428,-0.005199230888913133,0.06580769000558322,0.1542006383452159
2020-04-22,610.0106201171875,619.5392672425052,581.5590002828025,590.506045286382,142683366,504.5147415161133,555.1320867919922,539.5611663840292,529.5939495185632,73.9588188353469,9.967216865465957,-4.9918646803770885,14.959081545843045,606.0344682719633,402.99501476026336,0.3328457682797302,34.69541417193447,-324375820.0,94.16276731147693,93.43402890604034,0.10203246770287677,0.0971561728220076,0.06661591265522314,0.046458151523441016
2020-04-23,613.2764892578125,619.9644376621593,605.403058862397,611.6884008834603,65464502,512.4094131469726,554.4377972412109,550.9019852876881,535.792656165915,78.65498942525035,15.109329121773158,-0.9716259199470394,16.0809550417202,622.0724274779191,402.74639881602616,0.35762993120333275,33.984445761115744,-258911318.0,95.6113226819533,93.82766174651972,0.005353790627444566,0.005339510037918611,0.06343548414844302,0.06937016429864795
2020-04-24,633.8993530273438,668.7705176942633,602.6741016877038,603.9937855419026,134986308,524.3302551269531,554.0727569580079,563.670811093789,543.0598188963912,77.22903735357448,20.610992197397763,3.3448977035219216,17.26609449387584,632.296298060207,416.3642121936993,0.3406409626942676,35.531007710009185,-123925010.0,82.6681540283959,90.81408134060871,0.03362735100849701,0.03307431558511648,0.05298795118589052,0.012843970622600676
2020-04-27,639.60302734375,659.8457429084622,636.583390790588,641.5042534438866,58482901,535.2087600708007,554.0378631591797,575.3526905168599,550.2111676702697,82.56570712273134,25.141522846590192,7.704222732135576,17.437300114454615,643.6187004803644,426.7988196612371,0.3389913298559155,34.84719217849531,-65442109.0,85.13617766106155,87.80521812380358,0.008997760116281839,0.008957521464430945,0.052150675077682666,0.021612221325636005
2020-04-28,638.8873901367188,651.1000807620374,622.7826591494636,648.6620459031445,78453401,542.9457366943359,553.9712078857422,585.1272596891458,556.7797767418585,82.7818451261383,28.34748294728729,11.83287477516592,16.51460817212137,657.9013102966412,427.99016309203057,0.3598617702493874,34.372674818231935,-143895510.0,83.08650412521492,83.63027860489079,-0.001118877141659702,-0.0011195035519831536,0.04322916309461097,0.022826586326804232
2020-04-29,638.3505859375,650.2949332649216,635.2414804925826,646.380615079962,37494672,551.0148742675781,553.740375366211,593.3154637273542,562.8220589044987,77.10151798728518,30.493404822855496,15.564980784703835,14.928424038151661,669.084439479774,432.94530905538215,0.3699207545608988,31.08463651234076,-181390182.0,80.67912992750007,82.96727057125885,-0.0008402172393853213,-0.0008405704197360057,0.04283565492111198,0.05606346694285036
2020-04-30,655.819580078125,668.7704701010864,643.316090084503,650.4289800984051,71345899,559.9708816528321,553.7019012451171,602.9314816274727,569.7107641766191,81.65532877082077,33.22071745085361,19.09612811793379,14.124589332919822,681.4304661633724,438.5112971422917,0.3704054840694796,31.05267271895008,-110044283.0,91.7743608036227,85.17999828544589,0.027365830823151027,0.026998080587861968,0.042739156971248554,0.0653480128521795
2020-05-04,642.0411376953125,655.372237059235,634.100578563775,644.1884308722197,53456868,569.0241897583007,553.353412475586,608.9483517917558,575.0685696224483,74.71016467058959,33.87978216930753,22.05285892820854,11.826923241098992,686.3363109391998,451.71206857740157,0.3654349053146525,31.305106030193237,-163501151.0,83.02314146494655,85.15887739868977,-0.02100950139544644,-0.02123334170346858,0.042082126615291204,0.09866223692633724
2020-05-05,653.42626953125,661.6352335022636,647.409392668105,650.3172243173109,44903763,576.7835266113282,553.1122894287109,615.7911083670626,580.8728436897669,81.5551146456597,34.918264677295724,24.625940078025977,10.292324599269747,694.9085563851111,458.65849683754533,0.36155580294781386,31.42813031299594,-118597388.0,90.25427711351006,88.35059312735977,0.017732713945411538,0.017577323678388355,0.03936155835930904,0.012734108145390444
2020-05-06,653.4710083007812,664.2969422025669,646.6488596777011,654.9248941405343,40489094,585.2899444580078,552.9557147216797,621.5880160491732,586.250485512805,89.75711169937776,35.33753053636826,26.768258169694434,8.569272366673829,699.5213093280581,471.0585795879574,0.34961417849916815,29.717004552323747,-78108294.0,90.22715410213442,87.83485756019701,6.846796894666163e-05,6.846562512225977e-05,0.038139813822334764,0.03415019461598412
2020-05-07,674.1387329101562,677.1360326646604,646.4252520396666,650.8987749292127,50026966,594.8968505859375,553.3095709228515,629.6727417200937,592.760726060757,90.44160145099826,36.9120156593367,28.797009667622888,8.115005991713815,704.7880792791551,485.0056218927199,0.3260196257195714,30.55419572337107,-28081328.0,98.08377649360342,92.85506923641596,0.0316276075707127,0.03113775656179543,0.03803116612474889,-0.038082626586349866
2020-05-08,698.6760864257812,706.7731256998821,687.6264217526766,691.1605298647231,84262770,602.85302734375,553.828500366211,640.2886409055841,600.606308310018,90.41644601319787,39.682332595566095,30.97407425321153,8.708258342354565,718.7499993174964,486.9560553700036,0.3317616681762812,30.905686695439435,56181442.0,95.64801926231898,94.65298328601894,0.0363980770096104,0.03575131425215748,0.030018738244981347,-0.056707855232268733
2020-05-11,705.3863525390625,722.475230772329,703.3732613494101,706.817841580586,67085063,611.4567474365234,554.6413397216797,650.3036734645808,608.367793067725,90.30508460457244,41.93588039685585,33.1664354819404,8.769444914915454,731.104612334098,491.80888253894886,0.33924065717148605,30.84817022282336,123266505.0,91.52993738066989,95.0872443788641,0.009604259031690932,0.00955843132968044,0.02945932114188082,-0.07762119225927033
2020-05-12,661.7470703125,701.6062908611085,655.372320874391,700.0181429966896,100683202,617.2566802978515,554.9482244873047,652.0641960565683,612.3218136043749,73.98853846956017,39.7423824521934,34.481624875990995,5.260757576202401,734.7192404490289,499.7941201466741,0.35500742026922005,31.608670794124148,22583303.0,56.90477935051518,81.36091199783469,-0.061865787549590934,-0.06386225657556889,0.03393240380343457,-0.0385297485792373
2020-05-13,675.7871704101562,689.5833490177412,656.6169951579172,689.5833490177412,66430125,624.4475402832031,555.7913482666015,655.7138844186588,617.022951145544,67.96026380502667,38.690933273114865,35.32348655541577,3.367446717699096,737.450314370941,511.44476619546526,0.334433025768018,29.24863045484781,89013428.0,61.02869754273892,69.821138091308,0.021216716669445912,0.02099477588443234,0.03295279696361468,-0.04193252642204992
2020-05-14,648.4657592773438,675.9000855316069,645.8013667337839,663.3909205122524,49266771,631.1513824462891,556.306353149414,654.5987882430719,619.3520480441958,58.492749486150274,35.24674019887607,35.30813728410783,-0.061397085231760684,731.9073378327864,530.3954270597917,0.31075181363093324,30.35844045470929,39746657.0,38.22306011566165,52.05217900297191,-0.04042901719520697,-0.041268987318326435,0.033526529114882596,0.003691010077403467
2020-05-15,659.0556640625,662.3523056062347,639.0500542508714,652.101104371265,62152260,637.9776275634765,557.0846014404297,655.2844614460608,622.2930566381443,56.38033358186306,32.991404807916524,34.84479078886957,-1.8533859809530426,725.3595832222247,550.5956719047283,0.265173218056014,27.301714408195274,101898917.0,36.38486230437754,45.21220665425937,0.01633070772612233,0.016198795923181023,0.03352959994150794,-0.019083220102152576
2020-05-18,650.6334228515625,669.2616544401022,644.875632962838,663.842565100716,62796089,643.1312927246094,558.2097576904297,654.5689170469072,624.3923430243234,52.75955771458201,30.17657402258385,33.91114743561243,-3.7345734130285777,719.5274450822066,566.7351403670121,0.23483623704042778,27.190259522205686,39102828.0,27.93664888812207,34.18152376938709,-0.012779256245249115,-0.012861613334242404,0.03286791894751856,-0.01159120591055629
2020-05-19,636.2501220703125,660.0943173105137,633.6986696085636,657.9718098763932,42315854,647.1229095458984,559.1590826416016,651.7506408966619,625.27069702773,49.382447140531994,26.47994386893197,32.42490672227634,-5.9449628533443715,711.901440027519,582.3443790642779,0.2036259899513602,27.05298995716114,-3213026.0,2.874015875669619,22.398509022723076,-0.022106612227529965,-0.022354625346988587,0.033545874180888835,0.026013298514761862
2020-05-20,647.44970703125,653.3881649537279,629.0698124523583,636.7469251931129,55320985,651.8187774658203,560.0935137939454,651.0889587635216,626.9135866576204,52.02934629350699,24.17537210590126,30.774999799001325,-6.599627693100064,699.3518479438848,604.2857069877558,0.14683169970380489,27.714768509234755,52107959.0,19.67754645210467,16.82940373863212,0.01760248772054429,0.01744935829466349,0.033488176861290506,0.026888381171015885
2020-05-21,650.8592529296875,659.981412669229,643.5208404585119,648.0367682176926,39167981,653.8612091064454,561.1243194580078,651.0536194044703,628.6873397148105,48.81969492702701,22.36627968965979,29.09325577713302,-6.726976087473229,697.1513778564295,610.5710403564613,0.13302467024974676,26.717674798315524,91275940.0,23.327812100207886,15.293124809327393,0.005266116983929647,0.005252299478390587,0.02521533487617927,0.016062375476828983
2020-05-22,646.478759765625,658.4234038155449,644.1982199074185,655.6235549779989,37828973,655.5213226318359,562.3229534912109,650.3497948446479,630.0052226815375,51.105364967862734,20.344572163110456,27.34351905432851,-6.998946891218054,694.6000432087058,616.4426020549661,0.12089715241700277,26.182402112156694,53446967.0,18.63804865521187,20.547802402508143,-0.006730323252446269,-0.006753074015439285,0.02531447551449041,0.06203065585539447
2020-05-26,643.091796875,654.6751640177939,639.5919112653286,653.9751868958597,33216635,655.9809448242188,563.8130755615234,649.2331797723944,630.9745985477199,47.31896522988184,18.258581224674458,25.5265314883977,-7.267950263723243,694.1955848926581,617.7663047557795,0.1188466102479836,25.86019903683628,20230332.0,15.011960413749987,18.992607056389915,-0.005239093844093046,-0.00525286601978725,0.024307136517893162,0.07840313062809967
2020-05-27,652.8010864257812,656.61703698639,637.6501047337907,646.2303793438942,35667956,656.6408477783203,566.900728149414,649.7820884883,632.5913754275763,49.83450338609719,17.190713060723738,23.85936780286291,-6.6686547421391715,694.1132791299776,619.168416426663,0.11480505204679262,25.95440258881724,55898288.0,25.40674234965122,19.68558380620436,0.0150978283317591,0.01498499044211309,0.02445056099514091,0.06647987147483514
2020-05-28,664.8585815429688,668.2455271815335,654.359044090917,657.0685886567666,40126278,657.9394073486328,569.8770172119141,652.101548958249,634.9815388435313,47.605582341183315,17.12001011471773,22.511496265233873,-5.391486150516144,694.6129042467979,621.2659104504677,0.11031969178484606,24.863949741014267,96024566.0,38.315517165855255,26.244739976418817,0.018470396829767477,0.018301890803078168,0.024738821973715706,0.07305148800018513
2020-05-29,661.3135986328125,664.7456963541632,656.007389810822,662.9393134152917,40022527,659.0875579833985,573.5925622558593,653.5187873697204,636.9320617908855,39.188773432743666,16.58672557883483,21.326542127954067,-4.7398165491192366,694.5982347320712,623.5768812347258,0.10739436425347018,23.1651496654729,56002039.0,34.520252422246315,32.74750397925093,-0.005331935254455522,-0.005346200752303793,0.024789063215531676,0.08010115771518156
2020-06-01,686.5802612304688,694.7089545568629,666.5295002853659,668.358459270055,39943702,660.6255920410156,577.43498046875,658.6051679636817,640.6097061938176,45.08597654800003,17.99546176986405,20.660326056336064,-2.664864286472014,698.1479274299845,623.1032566520466,0.10930210933160975,23.850593349580226,95945741.0,79.28486471763979,50.70687810191379,0.038206779128528545,0.03749497408388297,0.0254803190109537,0.03232804966089664
2020-06-02,693.51220703125,695.4541060723005,686.7834677262479,689.1317954741431,22153960,663.1991455078125,582.2176934814453,663.9754816663844,644.5284099595533,60.27041235029732,19.44707170683114,20.41767518643508,-0.9706034796039411,702.3784386564025,624.0198523592226,0.11298804188698164,20.912008576520243,118099701.0,97.07476130854253,70.29329281614288,0.010096337154170465,0.010045709625429226,0.02490580992718348,0.0009441580834645968
2020-06-03,696.19921875,704.4859445214847,692.4509368094127,697.712053268636,25381289,665.33779296875,587.1230383300781,668.9329796792484,648.3558772773641,57.122593945801505,20.577102401884304,20.449560629524925,0.12754177235937902,706.8698991926113,623.8056867448887,0.11931098198711192,19.41691242310939,143480990.0,89.01199843452693,88.45720815356975,0.0038744980859852785,0.0038670115497588553,0.024700307878134962,0.019784109590578414
2020-06-04,713.427490234375,717.8079613810611,695.905665372641,697.2604077785676,34202350,668.3356170654297,592.7263586425781,675.7782889954218,653.1759967556612,74.38545651052382,22.602292239760573,20.880106951572056,1.7221852881885162,714.6421692755682,622.0290648552912,0.12981431986851508,18.83145365243775,177683340.0,95.06359868836542,93.71678614381163,0.024746180432818843,0.024444953079255934,0.025134070604423957,-0.026648852456660155
2020-06-05,714.2855834960938,730.6784284128001,710.672817206594,720.2917701242513,33076685,670.3429595947266,598.8013519287109,681.7024881493713,657.7026328105081,72.36647031976966,23.9998553388632,21.504056629030288,2.4957987098329113,720.986282996164,619.6996361932892,0.14180133148862412,18.595979356069385,210760025.0,83.86667827074123,89.31409179787788,0.001202775717875415,0.001202052962645236,0.024326431245100248,0.00448873373206804
2020-06-08,708.7760620117188,730.8590266524802,706.7439184964705,730.8590266524802,31414953,670.8479583740234,603.8692120361328,685.8676533589633,661.4858497883756,74.11493749212073,24.381803570587635,22.07960601734176,2.3021975532458754,722.8637075770157,618.8322091710311,0.14677625837237232,18.576628404551204,179345072.0,78.3052017690907,85.74515957606577,-0.007713331490478148,-0.00774323309170323,0.023126426488088794,0.028703509390284765
2020-06-09,694.1669921875,714.872577617686,692.2928811427563,704.6213771422154,25857161,670.2869903564454,609.8429016113281,687.1444747171996,663.9066751512737,73.9763962878449,23.23779956592591,22.311244727058593,0.9265548388673182,720.9590302925625,619.6149504203282,0.1459938041030629,18.304060459764035,153487911.0,63.95292492043248,75.37493498675481,-0.02061168626766796,-0.02082707185338216,0.02351676981867606,0.052402254697697215
2020-06-10,709.972900390625,713.3146942802665,695.4767428311673,696.8540614537437,22132647,672.6982818603516,615.6017010498047,690.6565402054189,667.3189881319664,74.93243479218945,23.337552073452457,22.516506196337367,0.8210458771150897,726.1715785609887,619.2249851597145,0.15063475428770942,17.934728287720954,175620558.0,77.5921383568291,73.28342168211742,0.022769604981240255,0.02251424653266525,0.01909971123415932,0.02747813052668646
2020-06-11,694.4154663085938,708.0761301554923,691.3897970340737,707.1955445300772,20385805,673.6296966552734,619.8070532226562,691.2348365289843,669.3261346635685,65.83480632327128,21.908701865415765,22.39494533015305,-0.4862434647372851,727.9714284771336,619.2879648334132,0.15651071860692425,18.086337655280538,155234753.0,60.90121031945107,67.48209119890421,-0.021912715363461843,-0.022156364835074178,0.019449105656921005,0.07686795367935617
2020-06-12,717.4918212890625,719.3885083960947,676.0354981246212,677.3903002260765,38548899,677.0809997558594,624.6175329589844,695.2743726459194,672.893963302494,72.72723365300575,22.380409343425413,22.392038132807524,-0.011628789382111648,733.4244867541154,620.7375127576033,0.15705680629788366,20.166896681233904,193783652.0,85.65887783152867,74.71740883593628,0.0332313378662763,0.032691112660602734,0.018003895547317572,0.10737665271051067
2020-06-15,729.1204223632812,734.7201801016447,704.9827364804711,706.7439674657269,53107403,680.5842376708985,629.6659527587891,700.4814572178212,677.0588861958856,76.15318587373312,23.422571021935596,22.59814471063314,0.8244263113024566,740.7892047058897,620.3792706359072,0.1651440974313962,21.21362460042735,246891055.0,94.23122139538361,80.26376984878779,0.016207294256437077,0.016077358125003043,0.017999908998520362,0.08150874077477077
2020-06-16,730.5429077148438,744.474543171046,715.9112353938917,741.9682427707079,51187003,684.5797119140625,635.0573114013672,705.1062957558247,681.0206655676603,74.88792128495913,24.085630188164373,22.895641806139388,1.1899883820249855,746.9817562128341,622.1776676152909,0.17083745154399402,21.899079995038424,298078058.0,84.54024490874772,88.14344804522,0.001950960784985023,0.0019490601326566965,0.017519734314798505,0.06379424214537033
2020-06-17,729.4816284179688,738.5586354119855,723.4980185831051,726.2752912652263,41782053,689.2412872314453,639.6821533203125,708.8563469346161,684.610366519535,72.25501249117245,24.245980415081135,23.16570952792774,1.0802708871533966,750.3579126594852,628.1246618034054,0.16756179469682855,21.871664000261863,256296005.0,83.05256337020472,87.274676558112,-0.0014527268496722368,-0.001453783080389198,0.016348216730791603,0.06964433136456871
2020-06-18,747.7937622070312,751.9032611106536,725.0786081018418,725.7108570793259,40471557,694.2584899902344,644.9711755371094,714.8467185149876,689.2906180519421,77.03269241615712,25.55610046304548,23.643787714951287,1.9123127480941946,757.3721030389681,631.1448769415006,0.1687995172959477,23.155482662880793,296767562.0,95.1864614316522,87.59308990353487,0.025102940328704637,0.024793037136638087,0.016687077258507488,0.03744192817200798
2020-06-19,794.53369140625,807.8105013724783,750.5484911968546,754.1611973181019,105804173,701.4422119140625,651.2218371582031,727.106252805951,697.0864012633724,79.75103253630073,30.019851542578635,24.919000480476758,5.100851062101878,775.5123262799259,627.372097548199,0.1864492724902988,25.05701003726627,402571735.0,89.92463696460322,89.38788725548672,0.06250376983791761,0.0606281698928864,0.020727780950683276,-0.010088695032279271
2020-06-22,788.5501098632812,814.7650899304879,783.5148135515716,800.8560305108304,60198705,708.5457794189454,656.2017883300781,736.5591538916941,703.8614907892916,76.32925360054702,32.697663102402544,26.474733004861918,6.222930097540626,787.5100020136675,629.5815568242232,0.20027699345172364,26.65532657562945,342373030.0,81.10354126558524,88.73821322061356,-0.007530934946733847,-0.007559435618620379,0.020762989414801918,-0.013171997131491198
2020-06-23,777.1473388671875,796.4981230069162,774.9796793150689,790.2886927800162,37962078,715.2485565185547,661.07849609375,742.80349004177,709.290072128395,71.3927255382883,33.513417913375065,27.882469986564548,5.630947926810517,793.574879106711,636.9222339303983,0.20157393243430285,27.332714859899113,304410952.0,72.8841189724899,81.30409906755945,-0.014460426615209965,-0.014565997553985216,0.02122082683821057,-0.009762281330191636
2020-06-24,780.285888671875,800.5398941664224,772.9926883895107,783.9212306484618,51586221,721.6227966308594,665.7692456054688,748.57001290794,714.5490215019861,69.09086725797343,34.020991405953964,29.110174270442432,4.910817135511532,799.2980452264279,643.9475480352909,0.19909433125281709,27.735922700505657,355997173.0,75.14646961002141,76.37804328269885,0.0040385518263015285,0.004030418765712218,0.02121747132376518,0.005642822971222872
2020-06-25,775.7926025390625,789.8371789860777,773.6023667469223,779.9021017250843,39679374,727.1694976806641,670.6456982421874,752.7581036204205,719.0855830602881,67.20563593488409,33.6725205601324,30.022643528380428,3.64987703175197,803.6110599050417,650.7279354562866,0.19706700469737615,27.46657991714489,316317799.0,71.9075887957047,73.31272579273866,-0.0057585126144732435,-0.0057751567760723176,0.021349746615033343,0.028880257763095996
2020-06-26,786.5178833007812,791.1919028764127,775.3860969939733,780.7149415817722,30921913,733.4297119140625,676.0882775878906,757.9519158789375,724.0805682632875,71.13047147615929,33.87134761564994,30.792384345834332,3.078963269815606,807.6373294249405,659.2220944031845,0.188699123278547,26.873058326175585,347239712.0,79.63865800886148,75.56423880486254,0.01382493301252996,0.013730240374259952,0.02115092824558785,0.030732772277926923
2020-06-29,778.163330078125,785.6597735052127,774.7312328033744,780.3761414246752,25621946,738.0088653564453,681.2009289550781,761.061364217274,728.0866987680903,73.6340242953084,32.9746654491837,31.228840566504207,1.7458248826794964,811.3415786694281,664.6761520434625,0.1884764045759403,26.102126470638236,321617766.0,73.61647260930584,75.054239804624,-0.010622203766804006,-0.010679022088622118,0.020396633354097513,0.07903319270480202
2020-06-30,769.5606079101562,786.2243641857787,765.6994455798191,784.418040909027,30276420,741.8112854003906,685.6409387207032,762.3689401700251,731.158840186021,67.47450736973497,31.210099984004046,31.225092450004176,-0.014992466000130378,813.2924634765869,670.3301073241943,0.18577140602431025,26.200499078723453,291341346.0,67.41540039686463,73.55684367167733,-0.011055162631609772,-0.011116725084447306,0.02074434021539199,0.0743912767921846
2020-07-01,784.6889038085938,789.8370801059237,771.3443062214384,776.7408788298266,28464103,746.2357696533203,690.2063610839843,765.8027807298049,735.1240300839894,76.54011018511308,30.678750645815512,31.115824089166445,-0.4370734433509327,816.7778999677503,675.6936393388903,0.17979642625770342,26.321453995810323,319805449.0,78.32028067611928,73.11738456076326,0.01965835535620819,0.01946762546012245,0.0209814622586832,0.03897150223823376
2020-07-02,798.1976928710938,801.485081567038,786.725864305351,790.3306639056832,28789533,750.4742797851562,695.09966796875,770.7866133669263,739.7961532534046,75.14166230912114,30.99046011352175,31.090751294037506,-0.10029118051575736,822.8785128868637,678.0700466834487,0.18141929937499973,24.42453738773681,348594982.0,84.90887056107223,76.88151721135205,0.017215470993578785,0.01706896384220166,0.02069686887508241,0.036299582700925814
2020-07-03,810.6897583007812,813.0023064997346,801.6664846343106,807.0169546549783,29434266,755.2944885253906,699.1132507324219,776.9255587413655,745.047531405062,75.27467871543776,31.87802733630349,31.248206502490703,0.6298208338127864,830.3423546267494,680.2466224240319,0.1851457116188572,23.357906673984466,378029248.0,95.87741757792895,86.36885627170682,0.015650340186719847,0.015529136562404143,0.020778854922612437,0.05042228625209977
2020-07-06,839.6640625,842.4753051236336,812.5941809641026,818.4434654093601,47016185,761.8388885498047,703.6410021972656,786.5776362426939,752.0561633380204,78.88063064297641,34.52147290467349,31.902859782927262,2.6186131217462254,842.4295280140994,681.2482490855099,0.19195924433003772,23.588066605820043,425045433.0,97.63716024600012,92.80781612833376,0.03574031113942944,0.03511644749225777,0.02146909687557922,0.04492923485955136
2020-07-07,826.8092041015625,845.3545651080822,819.0329064848479,843.3821557977242,35189589,768.4709991455078,707.49919921875,792.7671082209813,757.5934256168013,74.24568588158067,35.173682604180044,32.55702434717782,2.6166582570022214,847.4280182069208,689.5139800840948,0.19099211443155195,24.392426733988177,389855844.0,84.58099069092978,92.6985228382863,-0.015309525526391643,-0.015427926306591977,0.02111763726511393,0.051303951251553626
2020-07-08,815.2694091796875,832.0236438535034,811.6419416064408,827.0812567649883,26204095,773.7358245849609,711.0125268554688,796.2290006761668,761.8657206955336,67.39612014394396,34.36327998063325,32.91827547386891,1.4450045067643416,850.2743562862358,697.197292883686,0.18776255024283786,23.932215965291807,363651749.0,68.26663663211303,83.49492918968099,-0.013957022810860642,-0.014055337916485075,0.02145049739434306,0.025583995776415236
2020-07-09,827.1719360351562,832.0463193953086,809.9415548565688,820.257139626406,36418942,780.373648071289,714.7782177734375,800.9894522698576,766.7032181280982,60.25705896964591,34.28623414175934,33.191867207447,1.0943669343123403,850.7241722877957,710.0231238547824,0.17009891451036033,21.22421777766986,400070691.0,77.17330765256573,76.67364499186952,0.014599501369056522,0.014493954694641402,0.020373243577376972,0.010497488080511319
2020-07-10,851.5665893554688,854.5365672443328,827.1719444149811,829.0990778284718,43759967,787.0773864746094,719.0425378417968,808.7705502830286,772.9893937745701,67.74987586989104,35.78115650845848,33.709725067649295,2.071431440809185,857.7496333923679,716.4051395568509,0.16598172779711487,20.946671694117022,443830658.0,96.65682787309737,80.69892405259203,0.029491635605098265,0.029065122736915357,0.020154931555676672,0.017917560172266978
2020-07-13,877.3895263671875,883.1480789947044,861.519399808991,863.0383906975433,69608392,794.4908416748046,723.4739367675782,819.3273158344376,780.7227369295788,76.1139010522534,38.60457890485884,34.68869583509121,3.915883069767631,870.4718328762622,718.5098504733471,0.1731978532181828,21.665460690359048,513439050.0,95.0969607214365,89.64236541569987,0.030324037291391992,0.029873352077588365,0.02066892586734211,-0.007803675092086015
2020-07-14,869.227783203125,880.4275378777578,855.7608760819069,876.9361375023506,67331128,801.4250854492187,728.0176696777344,827.0043108142356,787.2786662831749,72.579149674226,39.725644531060766,35.69608557428512,4.029558956775645,878.1431266960858,724.7070442023517,0.17651999333053822,21.459707548854706,446107922.0,88.14775839639813,93.30051566364399,-0.009302302932491124,-0.009345839556667955,0.021035109500813654,0.02845585428652231
2020-07-15,836.1272583007812,897.2498214760561,815.2694681656544,878.7271275560773,139669773,806.7573669433593,731.671689453125,828.4078411967811,790.8970805067013,63.374233041897774,37.51076069007979,36.059020597444054,1.4517400926357382,876.9699615144915,736.5447723722272,0.1679471488917169,26.155817625372297,306438149.0,53.53676281090837,78.92716064291433,-0.0380803807033957,-0.038824387632148606,0.023443668734584745,0.08676797885176324
2020-07-16,835.8551635742188,847.4629995747565,821.8214399496038,837.4874939607755,60961724,811.1604370117187,735.3193725585937,829.5535831010022,794.227308882073,61.46792608754517,35.32627421892926,35.912471321741094,-0.5861971028118376,876.6927908333713,745.6280831900661,0.15680313211544505,26.858371464137537,245476425.0,53.329925905497284,65.00481570426793,-0.0003254226242013214,-0.000325475585633703,0.023103194138510807,0.11630679744960282
2020-07-17,866.8245849609375,870.5880602549773,833.4066658222266,836.5807150882681,49726765,814.7749816894532,739.1730895996094,835.2875833871461,799.6048848879147,68.64788201138155,35.68269849923138,35.866516757239154,-0.18381825800777563,884.2990398815512,745.2509234973552,0.1604109052703691,28.672281745233526,295203190.0,76.87179811642207,61.246162277609244,0.037051181516053244,0.036381283396911525,0.020354700542621715,0.1226394435621776
2020-07-20,870.5426635742188,876.0292010321696,861.3607145700907,869.5904907729887,36592938,818.874609375,742.6104211425782,840.711441877465,804.8595351609744,71.68485172781466,35.85190671649059,35.863594749089444,-0.011688032598854647,891.4885505736661,746.2606681763339,0.16682454344174794,28.25396516352776,331796128.0,78.78793645487605,69.6632201589318,0.004289309137959885,0.0042801362723359,0.020155799038351723,0.12307940610690427
2020-07-21,893.96240234375,896.4336259674744,878.0696681167741,879.2032442811862,42173371,824.7153625488281,746.3819421386719,848.9038973338165,811.4597475448836,72.6584839754519,37.44414978893292,36.17970575705814,1.2644440318747812,901.8488077679998,747.5819173296564,0.1725653003234738,28.655000177634058,373969499.0,97.02560492998008,84.22844650042606,0.026902459522633926,0.02654695031383352,0.02015972054050348,0.10456239912389709
2020-07-22,908.6763305664062,911.3969015052352,889.0427280371777,899.1542423284164,59771457,831.1348846435546,751.32052734375,858.0996562926765,818.6609759168482,72.79445321059879,39.43868037582831,36.83150068081218,2.6071796950161357,913.8668048971474,748.4029643899619,0.18209326571106652,29.05199987117786,433740956.0,97.52067747723557,91.11140628736389,0.01645922488918994,0.016325240039394735,0.020247716811695703,0.04623249727477341
2020-07-23,933.07080078125,943.0009104541319,902.9402730055884,908.6534892544267,58333751,838.9987945556641,756.4661999511719,869.6336785216878,827.1357777586558,74.06810255283412,42.49790076303202,37.964780697256145,4.533120065775876,929.1484382367829,748.8491508745452,0.1932321611728446,30.856001572599478,492074707.0,92.53708269575509,95.69445503432358,0.026846160061897884,0.026492124265296447,0.02040717666625822,0.02480815613766918
2020-07-24,973.1314697265625,980.771759562493,933.0708309814001,933.161502678431,120597372,848.3294738769531,762.9595141601562,885.55641563013,837.9502734599822,75.15164159920288,47.60614217014779,39.89305299183447,7.713089178313318,953.0588481162448,743.6000996376614,0.2152419842484784,31.99281671248453,612672079.0,95.52755330941729,95.19510449413598,0.04293422204592634,0.042038107918596315,0.021729343358800318,-0.036833346860024374
2020-07-27,977.6885375976562,997.0047292904097,964.8564523008031,987.9361194684092,80304827,858.3057342529297,769.3321716308594,899.7305882405186,848.3012559886988,79.35079827101464,51.4293322518198,42.20030884383154,9.229023407988258,972.4792982453222,744.1321702605372,0.2335581519098832,32.409003738653986,692976906.0,89.67397417898422,92.57953672805219,0.0046828902495303915,0.004671959630295657,0.02119344107712514,-0.06826834483163757
2020-07-28,987.437255859375,994.8281988813131,975.1719293046234,977.688488793748,55114422,869.1995666503906,776.0682482910156,913.2239217203427,858.6076263494897,83.72711150443374,54.61629537085298,44.68350614923583,9.93278922161715,989.1511828889612,749.2479504118199,0.24295541924671604,32.35718711934164,748091328.0,94.88543190772842,93.36231979870998,0.009971190094621551,0.009921805787541723,0.020516426442254522,-0.012444422027408253
2020-07-29,950.6867065429688,989.7497800002742,938.8067942555714,987.5280233959866,72663399,877.4994567871094,782.3569799804687,918.9874270776697,865.4282989564141,72.04954731769915,53.55912812125564,46.4586305436398,7.10049757761584,995.7900818905262,759.2088316836926,0.24885301180567282,34.417060062624714,675427929.0,74.51346400168853,86.35762336280038,-0.037218110921308,-0.037928383928693264,0.023265052529503557,0.01421310189598124
2020-07-30,956.2185668945312,970.2068959629854,939.5096069794463,951.7522658851112,72857444,885.4005004882813,788.5323571777344,924.7152947418023,872.1535039888672,70.03124869655407,52.56179075293505,47.679262585498854,4.882528167436199,1002.4920891515358,768.3089118250268,0.2449054906840549,34.65510704650775,748285373.0,77.55737541287836,82.31875710743178,0.005818804779208708,0.005801940921387129,0.023215916565037846,0.011973305137621626
2020-07-31,937.2877807617188,965.3551702803413,930.803734578172,958.7804523943249,74958061,891.7304016113281,794.260927734375,926.6495233602509,876.9782652313006,61.775711988405426,49.671258128950285,48.077661694189146,1.5935964347611389,1005.4556777315229,778.0051254911334,0.24266885465587107,34.867246051003015,673327312.0,67.14069236769157,73.07051059408614,-0.019797551300737792,-0.019996148346922954,0.024046145438828218,0.0383870098719612
2020-08-03,910.943359375,932.7080438678015,908.2680646839153,930.1234808378756,46715383,895.2943664550781,799.5502197265625,924.2331904394431,879.4941981308339,57.653887861379104,44.73899230860923,47.40992781707317,-2.6709355084639412,1006.591058329443,783.9976745807134,0.24435480149001948,35.17817849971391,626611929.0,52.64464948447299,65.7809057550143,-0.028107078666179786,-0.02850964382692351,0.024343814004537515,0.05517659888551307
2020-08-04,975.149169921875,982.5854480970584,906.9758106323573,916.2031545816947,92041055,902.7113647460938,806.1913671875,932.066418052125,886.5797515968369,72.89424342473396,45.48666645528806,47.02527554471615,-1.5386090894280926,1014.5612308556972,790.8614986364903,0.22940052570329197,34.72312736787815,718652984.0,87.5241757066842,69.10317251961625,0.07048276919316554,0.06810973288178092,0.027981658113389707,-0.007811680454537839
2020-08-05,964.1989135742188,995.7350350128565,960.5034420662862,983.4924363615606,74549993,910.1578399658204,812.4193237304687,937.0098789016779,892.3293191507171,70.41767017421526,44.68055975096081,46.556332385965085,-1.8757726350042745,1017.2239659275493,803.0917140040914,0.22208306699878397,35.40812974797941,644102991.0,79.94730804171739,73.3720444109582,-0.011229314124867162,-0.01129283888004709,0.027872086001936722,0.0005407206929479713
2020-08-06,967.6676635742188,982.9029683593162,955.7424156591269,978.0512526670176,49322975,917.1826263427735,818.4755053710937,941.7264611589918,897.9099372561617,67.58103204049215,43.81652390283011,46.00837068933809,-2.1918467865079805,1019.6611271921497,814.7041254933972,0.21180515730133476,34.692355338510744,693425966.0,78.37201606170088,81.94783327003415,0.003597546057318768,0.003591090366964214,0.02785995244097037,-0.005646492518386337
2020-08-07,973.2674560546875,978.4139143017511,961.3649370691895,965.7178380803712,32984416,923.2676696777344,824.7145825195313,946.5789219121757,903.4919756856822,67.79235216591775,43.086946226493524,45.424085796769184,-2.33713957027566,1023.7750599938304,822.7602793616384,0.2065360136945718,34.862390393545226,726410382.0,80.0418202990049,79.45371480080772,0.005786896360456151,0.00577021659416221,0.027408826202797682,-0.01521107406528055
2020-08-10,961.2061157226562,981.6785472942247,955.8783145616802,979.0033127528679,26958997,927.4584991455079,830.207099609375,948.8292594214804,907.7670971699025,62.1239175641592,41.06216225157789,44.551701087730926,-3.489538836153038,1026.8953389625958,828.02165932842,0.20690013971109425,34.855909703494426,699451385.0,66.84146907905694,75.08510181325424,-0.012392626771806414,-0.012470055734816356,0.02716334624373076,-0.013444222051495869
2020-08-11,967.5316162109375,979.4115277857607,952.3643158271037,967.9850346750636,46828306,932.3736907958985,835.6874877929688,951.7065450813968,912.1940985803495,60.942491955224675,39.51244650104729,43.5438501703942,-4.031403669346908,1029.3797790897127,835.3676025020843,0.20052282874995017,35.19112673853724,746279691.0,68.66710950742525,71.85013296182903,0.006580795091514435,0.006559236190946135,0.026957099217103913,-0.00714684130835419
2020-08-12,964.7202758789062,972.6100326976989,955.2889203298892,961.7276301780031,30264617,938.8033416748046,841.0579089355468,953.7086575117829,916.0849265283907,56.39779189525353,37.62373098339219,42.359826332993805,-4.736095349601612,1025.4417045509424,852.1649787986669,0.17961343830408472,33.566874947056256,716015074.0,64.1399076059465,66.54949539747624,-0.002905683168309303,-0.002909912861065006,0.025027986497139068,0.001856576154704026
2020-08-13,962.2037353515625,969.8440247443451,956.7398664015554,964.9016379581266,24830322,945.1207702636718,846.0334338378906,955.0155925640566,919.5011345893664,47.395712114805264,35.51445797469023,40.99075266133309,-5.476294686642859,1017.3856792689364,872.8558612584072,0.15020708473733166,31.09567491573816,691184752.0,61.34464963236792,64.71722224857989,-0.0026085701630464975,-0.0026119784105863935,0.02507059159331448,-0.011781033452743284
2020-08-14,958.4630126953125,978.0512181796919,947.331262509623,962.4304992398274,33224635,949.7026916503906,850.916982421875,955.5459648919422,922.3871996342513,45.400292575914506,33.1587652576909,39.42435518060466,-6.265589922913755,1011.9980388240706,887.4073444767107,0.12999009111159748,30.993651964342607,657960117.0,58.00771967278151,61.164092303698645,-0.0038876617485622544,-0.0038952383487119353,0.02417379369525193,-0.015114951114588937
2020-08-17,948.283447265625,954.472749949031,938.6480204856721,954.472749949031,30979066,953.589730834961,855.7071301269531,954.4286544878934,924.3054401995382,40.651722539260234,30.123214288355143,37.564127002154756,-7.440912713799612,1003.5726680598517,903.6067936100702,0.10541771528126222,31.004989295267656,626981051.0,46.5389788172572,55.2971160408022,-0.010620718060951884,-0.010677520432993429,0.02443542802038324,0.002103860568373861
2020-08-18,960.6168212890625,967.7583570068861,944.2026051100721,945.4041850307872,30547672,956.9224517822265,861.0361267089844,955.3806801496116,926.9951721320956,52.683813906811416,28.38550801751603,35.72840320522701,-7.34289518771098,998.3158600643103,915.5290435001427,0.08618089411871323,29.048758306132736,657528723.0,60.434294047172884,54.99366417907053,0.013005999481485064,0.01292214773813488,0.023959768306124535,-0.017205182674655317
2020-08-19,966.5113525390625,976.690929595431,961.8863763924035,970.7963098232202,34087543,959.8142028808594,866.1668957519531,957.0930912864502,929.9222966066858,52.77639024910392,27.170794679764413,34.016881500134495,-6.846086820370083,994.5636277174734,925.0647780442454,0.0719069149996551,28.004245400620555,691616266.0,67.075329152059,58.01620067216302,0.006136194077978052,0.0061174443015148475,0.023784844145414357,0.0026976401237688297
2020-08-20,950.8679809570312,963.0426353692126,946.7644269706007,961.2742374165047,22537845,960.7040618896484,871.2959460449218,956.1353820050011,931.4738287807854,53.72928093040639,24.66155322421571,32.14581584495074,-7.484262620735031,993.4220606397236,927.9860631395733,0.06881712163058655,26.946780391070018,669078421.0,49.45082680761094,58.9868166689476,-0.0161853986928715,-0.016317812987664087,0.023492396998279652,0.006461510001174009
2020-08-21,943.9758911132812,962.1811736813316,941.7767425366628,960.3674398053548,25280895,959.2462829589844,875.8256274414063,954.2646910985827,932.3999074720814,60.15616936032923,21.86478362650132,30.08960940126086,-8.224825774759537,992.2298807783204,926.2626851396483,0.06988228858352886,26.331402895846118,643797526.0,41.68589883333431,52.73735159766809,-0.00724820898566092,-0.007274604878382852,0.02138604873133031,0.016475710329319604
2020-08-24,950.2785034179688,954.2459896740781,938.8293431473724,948.3060942515586,32717218,957.87578125,880.2487890625,953.6514314554113,933.7242479125175,38.12513514153751,19.927183542893772,28.057124229587444,-8.129940686693672,989.8966560508765,925.8549064491236,0.06739261108338974,22.031903543132167,676514744.0,20.373254808332252,37.169993483092505,0.006676666601362458,0.006654476379292315,0.021420058829862868,-0.00718115442487921
2020-08-25,944.0892333984375,957.3294607463159,942.2301636663344,954.9262408658594,19388008,955.7083801269531,884.5197155761718,952.1803240620308,934.4920246151783,39.94101573270145,17.68829944685251,25.98335927304046,-8.295059826187948,985.0613449277419,926.3554153261643,0.06218260681805872,20.593882409804394,657126736.0,12.295151557240821,24.784768399635794,-0.006513111679649297,-0.006534414540512633,0.02128400569278684,0.002473435730818485
2020-08-26,969.11865234375,973.9477001185352,928.1738418761494,945.404223995661,59870421,956.6299774169922,889.3124560546875,954.7862207207568,937.0569600024799,50.59701904262698,17.72926071827692,24.332539562087753,-6.603278843810834,986.472423137906,926.7875316960784,0.06158677402140969,21.923404234247,716997157.0,76.52562545088439,36.398010605485815,0.026511708914648047,0.026166364050517917,0.02049480206710468,-0.004257704351418701
2020-08-27,957.0120239257812,974.8772272109728,953.6792992534803,973.9703303109421,28085062,956.6696502685547,893.4968212890625,955.1286519830683,938.5351128856873,43.651526537918826,16.593539097380926,22.784739469146388,-6.191200371765461,986.5119027713432,926.8273977657662,0.062365470352967745,22.219757857456354,688912095.0,53.89840355863465,47.57306018891995,-0.012492410902101292,-0.012571097073961757,0.020683631603977758,0.0007107285637435456
2020-08-28,959.528564453125,967.1235185049004,955.0395957954092,961.2742345079785,27166900,957.781689453125,896.79671875,955.8055615938462,940.0901833721642,49.29206197024089,15.71537822168193,21.370867219653498,-5.655488997971567,986.2068231254125,929.3565557808374,0.059248123975315294,21.240021427238258,716078995.0,61.19465003098841,63.872893013502484,0.002629580887626215,0.002626129588792937,0.020140976061539653,-0.018382516642160063
2020-08-31,943.4544067382812,985.7595292256586,934.2270624878475,985.7595292256586,62076132,959.4072418212891,899.8948046875,953.9053839237592,940.3393851029878,40.611721605544155,13.565998820771483,19.809893539877095,-6.243894719105612,978.8550804013206,939.9594032412575,0.04122687528116336,22.988968197177844,654002863.0,26.535352038299056,47.20946854264071,-0.016752140905784363,-0.016894045049435168,0.019413497586505464,0.0009372114882060245
2020-09-01,946.4243774414062,962.362446519786,935.1565603111148,952.205597527122,38616258,957.9710021972656,903.2803454589844,952.7544598495512,940.790125276204,42.874807104544445,11.964334573347173,18.240781746571113,-6.276447173223939,976.7552526150248,939.1867517795065,0.03969519565533824,23.695023471525083,692619121.0,31.692832724511156,39.807611597932876,0.0031479748061093993,0.0031430303074732827,0.010848017072989739,0.009510121005013694
2020-09-02,964.992431640625,969.4360647157956,945.4042254030269,948.5782147606872,26949439,958.0106781005859,906.9744763183594,954.6372247404856,942.5828887106055,50.96534558835998,12.054336029880119,17.003492603232914,-4.949156573352795,976.853576584792,939.1677796163798,0.03905294563226881,24.475572112237874,719568560.0,63.93705008741208,40.721744950074104,0.019619163075042634,0.019429188042148528,0.011552786245265184,0.01557648378577281
2020-09-03,957.6921997070312,969.7761228830589,953.5659776492615,964.9017393534515,18586429,957.5119049072266,910.6124682617187,955.107220889185,943.702096932563,49.739589879777476,11.405123956621992,15.88381887391073,-4.478694917288738,975.7983910114505,939.2254188030028,0.038188649985491985,23.43915708107562,700982131.0,51.259886247794924,48.96325635323939,-0.007565066516824759,-0.007593826773174395,0.011644417553250585,0.09559208120871121
2020-09-04,941.8900146484375,950.8226158672919,939.6001945341707,944.746652794342,28475945,955.9430328369141,913.7199108886718,953.0738045444546,943.5678686152204,47.91910844037764,9.50593592923417,14.608242284975418,-5.1023063557412485,973.9193789824061,937.9666866914221,0.03817079672981081,23.316086578448488,672506186.0,23.818718510384908,46.338551615197304,-0.01650027541565846,-0.0166379211893192,0.012074249558969444,0.11674096933849998
2020-09-07,944.338623046875,954.8128835439741,926.9268380792043,944.950776960414,21926473,955.099658203125,917.0434167480469,951.7299304679038,943.6249615360837,44.33753234178119,8.104968931820167,13.307587614344369,-5.202618682524202,973.6110744143042,936.5882419919459,0.03920503886932576,23.625393261873903,694432659.0,29.59542497219944,34.89134324345976,0.0025996755038872887,0.0025963021926028785,0.011829772311750692,0.10558669559109313
2020-09-08,955.4249877929688,961.7276301292338,943.3636733262639,948.5781353786673,27397082,954.4943267822266,920.7607043457032,952.2984008256061,944.4990375551122,46.27798239035211,7.799363270493927,12.205942745574282,-4.406579475080354,972.061750312177,936.9269032522762,0.03677405082429569,23.788953868774,721829741.0,48.439310114743115,33.951151199109155,0.011739819250772499,0.01167144220853045,0.012053736157216808,0.10049360268762308
2020-09-09,980.0236206054688,982.948262646231,943.7944599093832,945.4041824088742,55310877,955.2594940185547,924.6673986816406,956.5638192532773,947.1304881514349,59.23320230309656,9.433331101842441,11.651420416827914,-2.2180893149854732,975.7861567576808,934.7328312794286,0.041890138783480566,25.175159380801567,777140618.0,90.25047382786929,56.095069638270616,0.02574627325722645,0.025420419145380402,0.013389047596300167,0.07550832184955492
2020-09-10,1049.239990234375,1063.2737150092375,986.3716977544623,989.8858259136236,140304404,959.6113067626953,929.6882446289062,970.8216917119078,954.6941549723933,73.90094805241515,16.127536739514426,12.546643681365218,3.5808930581492078,1006.4182543875878,912.8043591378029,0.08922067031478075,29.664135327880135,917445022.0,89.70733683694048,76.1323735931843,0.07062724629651651,0.06824468821104943,0.02050875911257759,-0.006590289148558304
2020-09-11,1051.84716796875,1060.0542764084548,1037.042733630043,1048.3331597240744,59470807,964.2805145263671,934.5113928222656,983.2871495975758,961.8906744536049,73.45549181324785,21.39647514397086,14.316609973886347,7.079865170084513,1026.6492560791305,901.9117729736038,0.11858898032345383,30.206627917287715,976915829.0,91.6195021853949,90.5257709500682,0.002484824976783928,0.002481742903753521,0.02042034859477435,-0.006056704560383208
2020-09-14,1044.0482177734375,1070.0978626809967,1034.7301409572988,1054.2277957192978,44063445,969.0687530517578,938.5990759277344,992.635006240016,967.9764184032222,72.91341375997848,24.6585878367938,16.385005546467838,8.273582290325962,1040.3358863793865,897.8016197241291,0.13652077004568758,31.654372534696034,932852384.0,81.80522561682416,87.71068821305319,-0.007414527920794112,-0.007442152164795148,0.02030474188673402,-0.02028196939894722
2020-09-15,1051.4390869140625,1054.5677402462597,1037.5187024549093,1048.3104335818653,27178393,973.6098663330079,943.0916735839844,1001.681787882177,974.1588382929141,70.53034910620744,27.522949589262907,18.612594355026854,8.910355234236054,1053.6444285301368,893.5753041358789,0.1522381337981787,29.602599645336365,960030777.0,86.96749162779246,86.79740647667052,0.007079049621278033,0.007054110775887012,0.020225035082713477,-0.0464454815636447
2020-09-16,1054.0235595703125,1074.3372576523657,1047.6755813917168,1051.9604186878269,33952295,977.9854766845704,947.8667565917968,1009.7343681418902,980.0747435727213,75.40066563175449,29.65962456916884,20.822000397855252,8.837624171313589,1065.596250820026,890.3747025491149,0.166240637298793,29.992867381276103,993983072.0,86.21963213880314,84.99744979447325,0.0024580336497050936,0.0024550176263071774,0.020228167494469002,-0.04033042328382419
2020-09-17,1042.3251953125,1058.17259404091,1039.1964218842008,1051.9605029718427,25828669,982.5583374023438,952.1698217773437,1014.7483415527532,984.6858881460382,70.68422275169563,30.062453406715008,22.670090999627206,7.392362407087802,1073.6861787804644,891.4304960242232,0.17485491435482284,30.48517091322025,968154403.0,78.28371804832928,83.8236139383083,-0.01109876923679154,-0.011160820128941873,0.019984478947256266,-0.05113653930655715
2020-09-18,1045.4764404296875,1051.7110790333331,1032.2588818564082,1049.3532551234189,33074915,987.6333648681641,956.0480187988281,1019.4757413799739,989.1888920189011,77.24634604794868,30.28684936107277,24.19344267191632,6.093406689156449,1080.99210809918,894.2746216371481,0.17859559454567112,28.19372308744267,1001229318.0,80.42145371605942,81.64160130106394,0.0030232840301271935,0.0030187230973150623,0.019789952865664606,-0.045105559047342036
2020-09-21,1022.8728637695312,1059.215300889657,1019.0185972834089,1042.8917579068893,33627381,991.2630828857422,958.957685546875,1019.9983755937519,991.6840010374664,68.47875284935608,28.314374556285543,25.017629048790166,3.296745507495377,1084.1503949251655,898.3757708463188,0.181620444396406,29.121638615841032,967601937.0,65.08768238194791,74.59761804877887,-0.02162035966192244,-0.021857503965019606,0.020677978021121198,-0.017554293581221403
2020-09-22,1002.6044921875,1032.462885418295,998.2515311852266,1032.462885418295,34792254,994.1888458251954,961.6252197265625,1017.3223935312516,992.4929263078392,59.017281963815584,24.829467223412394,24.979996683714614,-0.15052946030222003,1084.4694659044621,903.9082257459285,0.18009219145286492,29.848746824433867,932809683.0,51.33806302628606,65.61573304143113,-0.01981514252644989,-0.020014095030884006,0.0212364369331059,0.015331468236536194
2020-09-23,1011.5143432617188,1032.3495230627832,999.9519032941756,1024.7545693680095,42988708,996.3086303710937,965.1329614257812,1016.4288473359388,993.9019201562747,62.80473283691496,22.526927179664085,24.48938278290451,-1.962455603240425,1086.100310619633,906.5169501225542,0.17753911419386914,31.00499500549174,975798391.0,57.3823108480869,57.93601875210697,0.00888670571860195,0.008847451339334796,0.020574420280447998,0.001591477428686483
2020-09-24,989.0242919921875,1009.3379310241465,986.6890759494188,1001.1308828752752,29826318,997.9092437744141,968.1963439941406,1012.2127618984387,993.5406143663423,60.86779936549011,18.672147532096346,23.325935732742877,-4.653788200646531,1085.8741791221557,909.9443084266726,0.177882254379322,31.48594230116598,945972073.0,42.12555265249909,50.28197550895735,-0.02223404089062153,-0.02248494319960958,0.021053753398654524,0.020195228710824686
2020-09-25,998.3196411132812,1003.3527603033637,982.7216491326262,992.5610883137335,28374935,999.8487976074218,970.8262451171875,1010.0753587007222,993.8946163475971,62.06551262266426,16.180742353125083,21.89689705681932,-5.716154703694237,1085.9412158693267,913.756379345517,0.1724746558444918,30.967732708735102,974347008.0,41.959581444886496,47.155814981824165,0.009398504360666582,0.00935461321167953,0.02112120835566014,0.004768999959587905
2020-09-28,1004.9170532226562,1014.7792199657465,1000.7454952765087,1009.7914367963479,19666849,1002.9219299316406,973.5137329101562,1009.2817732425582,994.711093153157,61.28869779436105,14.570680089401208,20.431653663335698,-5.860973573934491,1084.8243408443013,921.0195190189801,0.16300332579690788,30.831705712270484,994013857.0,46.82188092302514,43.63567167347025,0.0066085167892899754,0.006586776271368471,0.020659408556769718,-0.0026622027760108136
2020-09-29,1017.9758911132812,1026.5683543037608,1004.9170669476492,1008.8846136182149,25842539,1006.4995056152344,975.9940026855469,1010.619329838054,996.4344115205736,59.137599629221995,14.184918317480424,19.182306594164643,-4.9973882766842195,1084.1514831786108,928.847528051858,0.152561525751763,29.581527022574537,1019856396.0,38.480606689060366,42.420689685657344,0.012994941073740218,0.012911231249871133,0.020771158824465168,0.0055455170264837594
2020-09-30,1013.1241455078125,1027.928578554187,1008.8845241351473,1024.754589473698,24465159,1008.9060913085938,978.082958984375,1011.00468609494,997.6706881122209,37.39907066710743,13.333997982719097,18.012644871875537,-4.67864688915644,1084.085744578433,933.7264380387546,0.14841153199869012,24.9953813093796,995391237.0,33.184843572046915,39.49577706137748,-0.004766071228035407,-0.004777465162795968,0.020510923247620817,0.002193020241067156
2020-10-01,1008.9978637695312,1026.4775915724194,1003.8967413551795,1026.4775915724194,20783227,1011.4713745117188,979.6015002441407,1010.6959441987233,998.5097381609105,35.20656231761649,12.18620603781278,16.847357105062986,-4.661151067250206,1082.6899977907847,940.2527512326527,0.1411670447209852,24.964617555010168,974608010.0,28.68093664515338,33.448795635420225,-0.004072829333480188,-0.004081145891832725,0.02043427054139205,0.003685043167190427
2020-10-05,1003.0806274414062,1019.8348626021702,1000.2693849664739,1017.4997065200467,18922799,1014.5309051513672,980.2004833984375,1009.5243570052899,998.8483225520583,35.670022357841205,10.676034453231523,15.613092574696696,-4.9370581214651725,1077.999194580709,951.0626157220253,0.12654673551264306,23.83588583443862,955685211.0,22.222172223165735,28.029317480122018,-0.005864468638237419,-0.005881732161791892,0.020039976373684112,0.01123315606165165
2020-10-06,1002.2417602539062,1012.9200316663944,998.2968817912705,1008.9978810960307,18412175,1017.4260620117187,980.6915478515625,1008.403957505077,999.0996883077507,31.96468694195984,9.30426919732622,14.351327899222602,-5.047058701896381,1072.0838313829142,962.7682926405232,0.10907102764775757,23.662608126136725,937273036.0,21.30653437384653,24.06988108072189,-0.0008362908868450036,-0.0008366407731534685,0.020061355787625915,0.03182763688506163
2020-10-07,1023.62109375,1046.9727737786616,1006.6173920088511,1013.4188487180892,53170865,1020.8358673095703,981.415224609375,1010.7450553889113,1000.9160887108803,40.20454058827663,9.828966678030952,13.446855654984272,-3.6178889769533207,1067.0668676074786,974.6048670116621,0.09032834626051438,24.953275073572904,990443901.0,53.467763242300485,32.33215661310425,0.021331513357293774,0.02110718124777324,0.02038907458608679,0.013289004453399533
2020-10-08,1015.345947265625,1028.3821636698403,1007.5696492243518,1024.3012173405473,21077808,1022.6019836425781,982.7084094238281,1011.4528849084057,1001.9849671223429,41.11140603443812,9.467917786062799,12.651068081199979,-3.18315029513718,1064.790325755456,980.4136415297003,0.08310141430414549,25.084442379914282,969366093.0,42.64968057244519,39.141326062864074,-0.008084189095849181,-0.008117043338930695,0.01985541280143874,-0.014625532928879248
2020-10-09,1012.716064453125,1021.5806624419674,1005.3024535496829,1013.4188900706193,18545499,1020.7757873535156,983.838359375,1011.6472202229779,1002.7798632209194,39.16954673423956,8.867357002058498,11.894325865371684,-3.0269688633131864,1061.2356834012521,980.315891305779,0.07990373110075079,24.85772893101139,950820594.0,39.211639961154994,45.10969459196689,-0.0025901347413483933,-0.0025934949438431603,0.011532903759465332,-0.02581215187249053
2020-10-12,1014.348388671875,1022.8275119437076,1009.4513972409951,1013.4188838080661,14226473,1018.9008483886719,985.3795715332031,1012.0627845997313,1003.6367910321013,46.72816845805018,8.42599356763003,11.200659405823354,-2.7746658381933234,1056.6851057118593,981.1165910654845,0.07449956591868745,22.941972580758836,965047067.0,49.223635715313634,43.69498541630461,0.0016118281086332509,0.0016105305078598356,0.011517847425306638,-0.027201017817829243
2020-10-13,1034.1407470703125,1036.4305673579886,1009.2699549272937,1011.423767661742,23112012,1018.4054748535157,987.8435192871094,1015.45939421059,1005.8963433312281,62.14851618567516,9.563050879361867,10.873137700531057,-1.3100868211691896,1055.0439487588292,981.767000948202,0.070857809266503,22.438348166303587,988159079.0,80.02832358212866,56.1545330861991,0.01951238708463121,0.019324461115138202,0.012363606701971357,-0.05472007267506884
2020-10-14,1037.2239990234375,1044.7056133384592,1028.608748631058,1033.3245163972065,26742011,1017.6947204589844,989.0850158691406,1018.8077949510281,1008.2169104195399,60.369466088531,10.5908845314882,10.816687066722487,-0.22580253523428695,1052.1196450218476,983.2697958961211,0.0663789588271673,21.27400851907456,1014901090.0,84.82707530836365,71.35967820193532,0.0029814625928430427,0.0029770268477317904,0.012266650270683055,-0.07121311568789657
2020-10-15,1000.4959716796875,1038.357459681843,995.2815098619011,1038.357459681843,20036197,1015.0183410644531,989.81095703125,1015.9905913708218,1007.6449890314027,54.150208794497736,8.345602339419088,10.322470121261807,-1.976867781842719,1045.6669799906385,984.3697021382676,0.06126689120942857,22.57762869819184,994864893.0,27.66383101417262,64.17307663488832,-0.03540992821061795,-0.03605206396774211,0.014489489352264245,-0.045116661499551625
2020-10-16,986.57568359375,1012.2851869024872,985.1473645281419,1004.3502142447803,21583600,1012.2308654785156,990.1891174316406,1011.46522094358,1006.0842997397248,45.888862342803066,5.380921203855223,9.33416033778049,-3.9532391339252673,1042.5616059916588,981.9001249653725,0.06148690063525361,23.042393784163835,973281293.0,2.3102460345994156,38.267050785711895,-0.013913387439798863,-0.014011085884270046,0.014590694732980254,-0.028839853066581767
2020-10-19,986.757080078125,1010.5622392043457,977.2123844835455,993.0371147391401,31200385,1009.2948974609375,990.4589099121093,1007.6639685027408,1004.6526538388655,43.34384925347881,3.0113146638752823,8.06959120299945,-5.058276539124167,1037.3588393761443,981.2309555457307,0.05688115643008077,24.24884206047347,1004481678.0,13.682113432688205,14.55206349382008,0.00018386474285914112,0.00018384784180894756,0.0145464067017055,-0.06759486035404905
2020-10-20,977.552490234375,994.3747895538761,975.8974318290545,988.0267509433463,18482288,1007.0288787841797,990.7858374023438,1003.0314333845307,1002.6452343126069,34.752874816473565,0.3861990719237838,6.5329127767843165,-6.146713704860533,1037.6764524143753,976.3813051539842,0.06270266596701643,24.022131820738974,985999390.0,2.3285971757555854,6.106985547681069,-0.00932812140858541,-0.009371900798763247,0.013956406144995541,-0.05631060262658727
2020-10-21,963.3600463867188,993.9213260213652,951.1853919731954,983.0389831777511,34082321,1005.0666564941406,990.7024060058594,996.928143077175,999.7352203921707,32.465257836552695,-2.807077314995695,4.664914758428314,-7.471992073424009,1041.4040688650864,968.7292441231947,0.0754389026350778,25.714408937105418,951917069.0,12.710081624447882,9.57359741096389,-0.014518344528234528,-0.014624767000192381,0.01365086177479168,-0.053257061355293844
2020-10-22,955.35693359375,966.9421018379,948.1247264007278,964.6296137675083,30802210,1002.2587860107421,990.5151391601562,990.5325723874173,996.447939888584,31.601875872801557,-5.915367501166656,2.5488583065093207,-8.464225807675977,1044.6696509488108,959.8479210726734,0.0887853815610726,25.44558930995773,921114859.0,7.316489687750271,7.451722829317912,-0.008307499177473754,-0.00834219876023822,0.013475728021839765,-0.03799331841267195
2020-10-23,958.1229858398438,968.075764596618,950.573367065108,954.9262685377893,23422125,1000.713720703125,990.4335241699218,985.5464821493291,993.6090544034921,34.239443475376305,-8.062572254163001,0.4265721943748563,-8.489144448537857,1047.209469114258,954.217972291992,0.09705590847583523,25.298226445372993,944536984.0,10.114776876459315,10.047116062885822,0.0028953076581428316,0.0028911243276658035,0.012714965775093606,-0.027708888463778614
2020-10-26,920.057373046875,953.0898169372152,915.2509933655792,953.0898169372152,37324416,996.8006072998047,989.6654113769531,975.4712345951054,988.1607817104093,27.15244890302688,-12.689547115303867,-2.1966516675608885,-10.492895447742978,1055.6711613127313,937.9300532868781,0.1279714846868083,27.316000916740183,907212568.0,3.6488875766683138,7.0267180469593,-0.03972935975395919,-0.04054011732840461,0.015031399285059678,-0.07473753202487421
2020-10-27,922.5059204101562,934.0003573150689,909.129685940206,922.6872638083931,36478896,992.6800506591796,989.1498608398438,967.3227247204978,983.2974586511313,18.582753378446697,-15.97473393063342,-4.952268120175395,-11.022465810458025,1060.0775661241432,925.2825351942159,0.14611833696416382,25.897405048890725,943691464.0,9.866231215633919,7.876631889587183,0.0026612985613849727,0.0026577635767459644,0.014910691248475279,-0.09048911639326285
2020-10-28,912.0543212890625,933.0255097674074,910.2179195551136,925.8159103792913,29924017,987.3839721679688,988.1786108398437,958.819893423354,978.020189216904,18.33477906992549,-19.200295793550026,-7.801873654850321,-11.398422138699704,1062.6046005340872,912.1633438018503,0.16494769359747027,26.039910460805384,913767447.0,2.1571936884074474,5.22410416023656,-0.011329574032919898,-0.011394242565383888,0.014421576368427834,-0.04884542683183901
2020-10-29,919.0597534179688,925.9066057760115,902.781605556934,905.5021761803395,30655304,982.6807525634765,987.2295788574219,952.7029488071408,973.652749528094,22.038725015113414,-20.949800720953135,-10.431459068070884,-10.51834165288225,1062.732598628243,902.62890649871,0.1742037898342409,26.52896698414774,944422751.0,11.469622451740726,7.831015785260697,0.0076809373799193725,0.0076515891657992306,0.014714987035410935,-0.0354728007770021
2020-10-30,931.574462890625,936.3808421846666,916.7472424236149,922.0523759951716,34021563,978.8095825195312,986.8437084960938,949.4524125122922,970.5358394067999,26.795491626144937,-21.08342689450774,-12.561852633358255,-8.521574261149484,1060.9634293769611,896.6557356621013,0.17637633947695602,26.97593020260054,978444314.0,20.28751708999879,11.304777743382322,0.013616861608958697,0.01352498525438056,0.015279061812086839,-0.012338664512076214
2020-11-02,851.2945556640625,919.1051761545775,842.9967754989971,919.1051761545775,99366895,971.2202789306641,984.9900817871094,934.3512037664107,961.7031517221527,11.722829902748288,-27.351947955742048,-15.519871697835015,-11.832076257907033,1070.245004181294,872.1955536800342,0.23264503359447536,31.36286412838147,879077419.0,4.113741496854197,11.956960346197905,-0.08617658643996995,-0.09011792798813577,0.02393318716230297,0.09227932240720804
2020-11-03,839.0291748046875,865.600239943717,832.0917105106013,856.9850494031045,88691623,963.0596496582032,982.7650952148438,919.6862762338379,952.6161904690072,10.045731991845742,-32.929914235169235,-19.00188020530186,-13.928034029867376,1077.0848041370825,849.0344951793239,0.27180259734215445,32.60655446593251,790385796.0,3.363362226606567,9.254873604486518,-0.01440791648174844,-0.014512718379770695,0.023915136269686856,0.12654024753951032
2020-11-04,867.504638671875,874.6689020903103,832.953205081128,832.953205081128,80180117,955.2538269042968,981.2334033203125,911.658331993536,946.311631076627,22.267419393445778,-34.65329908309104,-22.132163980859698,-12.521135102231344,1073.1321759211705,837.375477887423,0.27176419297847715,32.50939355087826,870565913.0,19.65272487671026,9.043276200057006,0.03393858607338185,0.03337537980914309,0.02489089053631736,0.04390553679833875
2020-11-05,886.4581298828125,889.1560327894556,876.0292050636682,886.4354619573483,37205373,948.8094360351563,979.5801928710938,907.7813778226554,941.8780383956037,29.551799705609795,-34.09666057294828,-24.525063299277416,-9.571597273670864,1066.9475185520498,830.6713535182628,0.2665395657942944,32.117505818252205,907771286.0,30.462407306026094,17.826164803114306,0.021848288027548568,0.02161303460529392,0.025765985298023406,0.012787692968679432
2020-11-06,920.080078125,924.9997976298749,896.9550756882459,902.3282736472202,66674086,944.17763671875,978.8415539550781,909.6734855614776,940.2633746718552,38.01843459300421,-30.589889110377612,-25.738028461497457,-4.851860648880155,1058.982852647092,829.372420790408,0.2495548347537306,32.488349605842366,974445372.0,54.21906469398041,34.77806562557225,0.03792841095228283,0.03722681411121472,0.02761140101654704,-0.016139872973013114
2020-11-09,929.8514404296875,938.1492199552745,923.1859913130511,935.0205666821017,35838510,939.9527893066406,978.2480114746094,912.7777863104329,939.4921202835465,41.445754540392315,-26.714333973113526,-25.933289563820672,-0.7810444092928535,1050.005836207728,829.8997424055533,0.2367110317111117,32.459191327660434,1010283882.0,60.40904788034904,48.36350662678518,0.010620121592677334,0.010564124218402299,0.02778776701392899,-0.023601667930668202
2020-11-10,945.2001342773438,947.6713579150476,925.5439246746041,941.7767378395364,36934242,935.5057586669922,978.2829260253907,917.7658398438039,939.9149361349389,46.756826280349046,-22.149096291135038,-25.176450909283545,3.0273546181485074,1036.3350453370467,834.6764719969376,0.21335013192130778,30.987155555679976,1047218124.0,83.17771118543352,65.93527458658765,0.016506608669190737,0.01637185546128448,0.027661964489039542,-0.04379840088171638
2020-11-11,905.5928955078125,949.9384928452779,896.9323689240059,947.2179220787752,56724780,928.924203491211,977.4662963867188,915.8930791767283,937.3725627551518,42.01412695027455,-21.47948357842347,-24.43705744311153,2.9575738646880616,1018.3350595139242,839.5133474684977,0.19746368697509706,33.42920901882996,990493344.0,54.051326451980565,65.87936183925437,-0.04190354754849157,-0.04280682502341954,0.02885131285083379,-0.005007065333066829
2020-11-12,897.7938842773438,910.6940326424576,890.9924272689508,898.247362719015,40046527,923.7890991210937,976.1223254394531,913.1085876537461,934.4408087938326,40.47259929433906,-21.332221140086517,-23.816090182506528,2.483869042420011,1007.50808195846,840.0701162837274,0.18649933866447255,33.586295293258296,950446817.0,54.300166925379294,63.843068187597794,-0.00861204992790432,-0.008649347925757417,0.02804196458182717,-0.0034595435384927598
2020-11-13,905.2301025390625,923.4807196009718,898.5873814202945,898.7007210390979,45388670,919.7218200683594,975.0730834960938,911.8965130207179,932.2770527749608,47.40762952549703,-20.380539754242932,-23.12898009685381,2.748440342610877,998.3462429531213,841.0973971835975,0.1737114633378403,32.35878406821284,995835487.0,62.06227321517586,56.80458886417858,0.008282767784394407,0.008248653905419305,0.02811049810057588,-0.04853731536501549
2020-11-14,907.9053955078125,913.8000155522184,904.7540741586882,913.6186721505104,5226220,915.7792358398438,974.3933911132813,911.2824949418093,930.4717448292461,47.44929566569875,-19.189249887436745,-22.341034054970397,3.151784167533652,987.888176519402,843.6702951602855,0.1588468160589046,31.228446212403355,1001061707.0,64.33241832709724,60.23161948921746,0.0029553734031226853,0.0029510148724256236,0.028138546004561206,-0.025770410488061835
2020-11-17,903.8018798828125,945.4042408434395,900.0610723827276,945.4042408434395,46542562,912.0917053222656,973.58265625,910.131631086579,928.4961992776584,48.52560025649316,-18.364568191079456,-21.54574088219221,3.181172691112753,978.1923244276181,845.9910862169131,0.1462723647220631,32.83813037300465,954519145.0,60.850341393243006,62.415010978505364,-0.004519761249689225,-0.004530006252198403,0.028109073921487454,-0.014649487536711803
2020-11-18,901.0585327148438,909.8097904011964,888.7705392572549,903.8017712290983,30402290,908.9766296386719,972.4953271484375,908.7357697986197,926.4637795322648,46.73412384782786,-17.72800973364508,-20.782194652482787,3.0541849188377057,970.6264905955652,847.3267686817785,0.13683874846874916,32.689148296209225,924116855.0,58.5224482479261,61.23506932275544,-0.0030353412944045255,-0.00303995728589754,0.02798980485561446,-0.01982687327316779
2020-11-19,894.6879272460938,911.6008986042735,892.4434427638029,901.0586339089177,27796343,905.9431793212891,970.78861328125,906.5745632520773,924.110012696252,43.15525450809404,-17.535449444174787,-20.13284561082119,2.5973961666464014,963.8402721408735,848.0460865017047,0.12942410656595155,32.655138016167726,896320512.0,53.116610818607185,57.49646681992542,-0.007070134999505151,-0.00709524683668091,0.02797871491440865,-0.01041486524569557
2020-11-20,861.2926635742188,899.5169003772073,859.2521905953536,895.5266860839987,57471248,901.1016632080078,967.0296667480469,899.6081171477913,919.4568757242496,52.246091148999255,-19.848758576458295,-20.07602820394861,0.22726962749031543,956.7783222657838,845.4250041502319,0.12928627262823128,29.204211044041,838849264.0,24.778744472157946,45.47260117956373,-0.03732615882575696,-0.03804061492197419,0.02896881469121061,0.015951549592567504
2020-11-23,884.50830078125,893.2594984083482,873.4218872864003,884.6443083205546,45327567,899.3242095947265,963.6828894042969,897.2850684760157,916.8680923951385,59.73785815639162,-19.583023919122866,-19.97742734698346,0.39440342786059546,954.7219354503934,843.9264837390597,0.12526219551978499,29.094090001256266,884176831.0,44.069725933076136,40.65502707461375,0.02695441188444625,0.026597540364724274,0.0285845098694477,0.0021531510544181565
2020-11-24,890.5616455078125,895.0732820966707,876.0291671598031,890.538977583329,30936268,897.7269958496094,960.6131579589844,896.2506957116767,914.9194666997811,55.461287576773856,-18.66877098810437,-19.715696075207642,1.046925087103272,952.1438704005645,843.3101212986542,0.12220799048655596,27.47469128180521,915113099.0,34.52500999084435,34.45782679869281,0.006843739873572563,0.006820427786644607,0.02863234930485601,-0.0030039143409461566
2020-11-25,883.193359375,903.6657931642695,880.654192057057,897.7938413094128,32637879,896.2839477539062,957.2482434082032,894.2418747368034,912.5693846757232,49.18180182525002,-18.327509938919775,-19.43805884795007,1.110548909030296,950.6317336465328,841.9361618612796,0.12307109267915305,27.571848923921777,882475220.0,26.39998344336772,34.99823978909606,-0.008273751929447792,-0.008308169387421157,0.028584463281991608,0.008342778005064222
2020-11-26,885.369873046875,890.9924179780169,875.1450197156285,885.5739443403047,25838637,894.5994537353515,953.8751696777343,892.8769513998914,910.5546060365492,39.67353605865988,-17.67765463665785,-19.085978005691626,1.408323369033777,948.0560135718723,841.1428938988307,0.12075531698985333,25.95082967501649,908313857.0,28.800030217634358,29.90834121728214,0.0024643682482115015,0.002461336672371437,0.028522823176169002,-0.0029960912456310496
2020-11-27,875.0316162109375,886.956863707273,871.2228051404243,879.8833317328676,47336811,891.7723114013672,950.5292980957031,890.1315152169753,907.9232734568743,33.74564851861864,-17.791758239898968,-18.827134052533097,1.035375812634129,942.9263867922485,840.6182360104859,0.11691937626754269,25.784038013343224,860977046.0,17.400009950701346,24.200007870567802,-0.011676766005556338,-0.011745474825999686,0.028379143960249313,0.01471654414272705
2020-12-01,886.4127807617188,891.5592393178523,875.1450229329691,879.8153351253683,19750687,893.52822265625,947.3480249023437,889.5594022238589,906.3299036276036,32.14926700618112,-16.770501403744674,-18.415807522775413,1.6453061190307388,941.1188534472474,845.9375918652527,0.10737803385484,25.384051575234032,880727733.0,29.950047021669523,25.383362396668407,0.01300657523674853,0.012922716101106216,0.020641260410144927,0.019873115633856964
2020-12-02,887.886474609375,889.6322047606417,877.3895457117752,888.0451500921909,22188887,895.9710876464844,944.6482971191406,889.3020287447075,904.9637237003274,43.00308238030367,-15.66169495561985,-17.864985009344302,2.2032900537244515,936.2345750310437,855.7076002619251,0.09069512496464867,22.472375512919353,902916620.0,33.236915350514515,26.862324107628456,0.0016625367770417565,0.0016611562926331857,0.020269087418040264,0.03513517303616953
2020-12-03,890.5616455078125,898.2926670858094,888.1130898872199,894.166445181224,27785372,897.1239379882812,942.4074401855469,889.4958159390313,903.8969030934744,47.021473298615014,-14.401087154443076,-17.17220543836406,2.771118283920984,935.2174435725176,859.0304324040449,0.08554939633070509,21.808417448842754,930701992.0,36.342089157409355,33.176350509864456,0.003012965029807857,0.0030084351473099085,0.018921867586416622,0.021868057774394822
2020-12-04,882.7172241210938,892.8060689658076,879.6565747800778,892.8060689658076,18464552,896.9368927001954,939.8314978027344,888.4529556593486,902.3280379844092,40.759361236797105,-13.875082325060589,-16.512780815703366,2.6376984906427765,935.28678124644,858.5870041539507,0.08689054093042982,20.912893081850022,912237440.0,27.23676738730792,32.271923965077264,-0.008808397965809234,-0.00884742122711701,0.018420393757639396,0.030332712207117973
2020-12-07,887.9090576171875,890.9923750186222,879.9286890581647,879.9286890581647,18242188,895.3283416748047,937.8091931152344,888.3692790374777,901.259965364615,41.95842987392282,-12.89068632713736,-15.788361917990166,2.8976755908528062,932.2636686989936,858.3930146506159,0.0831961938158606,21.057017693773407,930479628.0,33.26312831671463,32.2806616204773,0.005881649699611469,0.005864420323112457,0.016203346959209393,0.01690331439720727
2020-12-08,904.028564453125,913.3239128258733,884.1909519390108,889.2467387240156,43403061,894.0371978759765,935.9233715820312,890.7783998706542,901.4650467785788,50.08312778424919,-10.686646907924569,-14.768018915977047,4.081372008052478,927.5367526220855,860.5376431298675,0.07411171740214623,19.899145724212733,973882689.0,82.80922450750084,47.76970673717446,0.018154457033241922,0.017991632584967297,0.016586724460123135,-0.009730343857424217
2020-12-09,919.08251953125,922.1885651259229,906.5225094998519,911.3742252800819,29175254,892.7313171386719,934.2066809082031,895.1328798184381,902.7700447602581,56.062246490152425,-7.637164941819947,-13.341848121145627,5.704683179325681,919.1133739775852,866.3492602997586,0.057409549802706836,19.6934849762739,1003057943.0,95.06478468327586,70.37904583583044,0.01665207900508281,0.016514953328678892,0.01659496220536,-0.02486504406090273
2020-12-10,910.0364990234375,919.7852655926706,907.3159283447815,916.6566123106188,16065507,892.9534973144531,932.0478930664062,897.4257443115149,903.3083006316047,55.071122881071986,-5.882556320089748,-11.849989760934452,5.9674334408447045,919.8612274728038,866.0457671561024,0.05913549662508133,19.215762219660935,986992436.0,80.69150599485228,86.18850506187631,-0.009842446478501299,-0.009891203544508162,0.013771297884283593,-0.01066254827787827
2020-12-11,909.492431640625,924.0929139357568,895.1866323672836,912.7570925495094,26944202,893.5384246826172,929.9752587890625,899.2821577467627,903.7663844100506,70.34056645368864,-4.484226663287927,-10.376837141405147,5.89261047811722,921.3815469666185,865.6953023986159,0.06122782623660839,18.404445918705182,960048234.0,72.38424011500318,82.71351026437709,-0.0005978522657018592,-0.0005980310506291956,0.013612936000930786,-0.007104497620447958
2020-12-14,902.9176635742188,913.6639990942831,900.6731791916262,910.4672819578382,17312747,893.422802734375,927.8536547851562,899.841466335602,903.7035161999889,59.03828622980255,-3.862049864386904,-9.073879686001499,5.211829821614595,921.0800844456401,865.7655210231098,0.06126202383013126,17.04901628074285,942735487.0,59.94854021558793,71.00809544181446,-0.007229051982924228,-0.0072553081940783136,0.013602218301433228,-0.02591276665686726
2020-12-15,895.2320556640625,902.1921882018914,889.2240359631435,902.1921882018914,18551265,892.7891357421875,925.6966833496094,899.1323262322883,903.0760006047351,52.25681970571303,-3.9436743724468215,-8.047838623290565,4.104164250843743,919.6176048157586,865.9606666686163,0.05993634589786974,16.66683861461483,924184222.0,45.411766819181786,59.248182383257635,-0.008511969828713495,-0.008548403539650603,0.013710586121350328,-0.01906959899456495
2020-12-16,896.2294921875,904.5726673464999,891.3097731763147,901.421286250231,18561011,892.4105163574219,923.5764379882812,898.685736379244,902.568851833088,56.712568646807895,-3.883115453844084,-7.2148939894012685,3.3317785355571843,918.7946445294615,866.0263881853823,0.05887806282214997,15.970502404827162,942745233.0,47.29834610972164,50.88621771483045,0.0011141653352633174,0.001113545113709655,0.013683943484289477,-0.016543919349618963
2020-12-17,900.3331909179688,909.1297859332949,896.5017115282488,899.8344365499054,20252358,892.3742492675781,921.1106799316407,898.9391909236632,902.403247320857,57.55497222300526,-3.464056397193758,-6.464726470959767,3.000670073766009,918.7102755089372,866.0382230262189,0.05850284429591507,15.759994939356195,962997591.0,55.06019647072074,49.25676979987472,0.004578848125665447,0.004568397090910351,0.013710645072751207,0.00430592813709163
2020-12-18,903.0309448242188,909.084299862856,890.992358453629,897.8392107518212,18466344,892.7914001464844,918.8643798828125,899.5686915237487,902.4497434322171,65.31874636267719,-2.8810519084684074,-5.747991558461496,2.866939649993088,919.5427565456009,866.0400437473679,0.05924792844020166,15.92841514238322,981463935.0,56.970630029987966,53.10972420347678,0.0029963950384850335,0.0029919147943613697,0.013619998750514496,0.005900065689961931
2020-12-21,879.5205688476562,916.8379694209409,841.2283275836958,911.3968279822237,44135540,893.7027954101562,916.2004699707031,896.484364958196,900.751286055583,46.67101796256157,-4.266921097387012,-5.451777466246599,1.1848563688595872,916.9479343919543,870.4576564283582,0.052858659149390266,20.148559337406816,937328395.0,46.210622594323695,52.747149698344124,-0.02603496160493035,-0.026379870855430008,0.01211849863107201,0.025957689989601018
2020-12-22,878.1603393554688,888.2265172786522,856.2822534289644,883.7375484737753,28140001,893.3853973388672,913.476708984375,893.665284096238,899.0778825963152,45.297060232270944,-5.412598500077252,-5.44394167301273,0.03134317293547806,917.3222119177032,869.4485827600312,0.05451581791180542,21.555816823179764,909188394.0,44.569113776078986,49.25012213346354,-0.0015465579093502102,-0.0015477550645060898,0.010486155101938545,0.030360836095689292
2020-12-23,881.40234375,884.8484079017386,870.8826879671385,875.1223093610237,19501410,892.9274322509766,910.4219409179688,891.7786778891244,897.7685834225141,45.59529008374751,-5.989905533389674,-5.553134445088119,-0.43677108830155476,917.4353817511446,868.4194827508086,0.055611264648779815,21.810068784477316,928689804.0,48.481526227784286,46.42042086606232,0.003691813726079518,0.0036850157079925,0.010396319745745217,0.021323676868803654
2020-12-24,904.2099609375,906.3183777688924,882.3318755488342,882.8306298588741,20776988,893.9782623291015,907.76166015625,893.6911829734898,898.2457224976982,59.03550649531475,-4.554539524208394,-5.353415460912174,0.7988759367037801,918.5310902210437,869.4254344371594,0.0543078022862861,22.6505359154175,949466792.0,76.00548814116864,56.35204271501063,0.025876510709584855,0.0255473795725614,0.011761204146731003,-0.0033347562562708877
2020-12-28,908.35888671875,915.0243362502358,904.7314189530317,909.900545527166,17221499,895.1277130126953,905.9189184570313,895.947752780453,898.9948457733317,58.67312229635276,-3.0470929928786745,-4.892150967305475,1.8450579744268003,920.1320061278906,870.1234198975,0.05505377550830798,22.63272801200881,966688291.0,81.01236256587485,68.49979231160926,0.0045884539658780366,0.004577959102199968,0.011782392290282776,-0.0062147271516336255
2020-12-29,902.3508911132812,912.4397367118075,898.9501027379986,910.943413813905,18611939,896.4936767578125,904.2344226074218,896.9328509855035,899.2434417244391,49.221717272575766,-2.310590738935616,-4.3758389216315035,2.0652481826958873,919.8029193725852,873.1844341430399,0.05166336697693004,21.51534751821927,948076352.0,73.76198472669697,76.92661181124681,-0.006614121019029584,-0.006636091246872149,0.011539715495765901,-0.01203487499456346
2020-12-30,904.822021484375,910.1271552061415,895.7760806552021,904.7086818653785,22043630,897.4141387939453,902.5957214355469,898.1465695237914,899.6566698548047,42.51005629879838,-1.510100331013291,-3.802691203507861,2.29259087249457,920.5000908366203,874.3281867512703,0.0510287139227715,21.24328136665795,970119982.0,76.7441155498269,77.17282094746623,0.002738547050189055,0.002734804062224542,0.011229852778940896,-0.040716500757794316
2020-12-31,900.1970825195312,912.2583374556028,897.1591008607796,903.9152218564029,18781189,898.0296691894531,901.04861328125,898.4620330615976,899.6967004225622,44.58041945599749,-1.234667360964636,-3.2890864349992164,2.0544190740345805,920.6987134697475,875.3606249091587,0.050364625081536156,21.431131320010383,951338793.0,71.16279406088798,73.88963144580394,-0.005111435017083776,-0.005124543087495686,0.011313459420473734,-0.037349541444951284
2021-01-01,901.1946411132812,905.5022064134912,898.7007496438623,901.421320358103,10015175,898.5613189697266,899.8053051757812,898.8824343003182,899.8076589922451,45.452270763400286,-0.9252246919269282,-2.816314086384759,1.8910893944578309,920.9903841850415,876.1322537544116,0.049776295135549056,19.85221526295007,961353968.0,79.31040548753546,75.7391050327501,0.0011081557729091251,0.0011075422215324426,0.011301412787807595,-0.027069171488881327
2021-01-04,902.7136840820312,906.3637598470406,892.352762889534,904.6407576146281,24513534,899.5611419677734,898.7524401855469,899.4718573436587,900.022920110007,49.88164715737764,-0.5510627663483092,-2.363263822377469,1.81220105602916,920.7657242156646,878.3565597198823,0.046979640658608324,19.925085052582194,985867502.0,81.31946535320675,77.26422163387672,0.0016855881065531708,0.0016841690972736884,0.011080407573012156,-0.04701522191152563
2021-01-05,891.4912109375,899.4262438413816,886.9115106039434,892.80613046262,24123091,899.7402496337891,897.4198046875,898.244065588865,899.3909416527842,47.91506216306223,-1.1468760639191942,-2.119986270685814,0.97311020676662,920.587938337996,878.8925609295821,0.0467703740618672,20.07569547165452,961744411.0,66.47681715161899,75.70222933078706,-0.012431929793933927,-0.012509852728307085,0.011422745477809169,-0.004602910875059041
2021-01-06,867.9808349609375,891.4458559107388,863.8546128646693,891.4005200596658,46401468,897.9378631591796,896.3782739257813,893.5881839537993,897.0642670830179,37.41417755749673,-3.476083129218523,-2.391205642392356,-1.084877486826167,923.026224590669,872.8495017276903,0.05780856079067333,21.10238860755777,915342943.0,35.382401935555365,61.05956148012703,-0.0263719660812346,-0.026725943640816693,0.012072829673586458,0.01282483831303538
2021-01-07,866.5751342773438,881.9237776804218,863.854563591743,870.8146957594764,32325918,895.3124938964844,895.259658203125,889.4323301574216,894.8058128011161,34.58903880133593,-5.373482643694501,-2.9876610426527854,-2.385821601041716,922.0212384580789,868.6037493348899,0.06164207465719054,21.471597203478048,883017025.0,33.52324660904155,45.127488565405294,-0.0016195065915908247,-0.0016208194099944242,0.011253566029392733,0.02587440863892687
2021-01-08,876.800048828125,878.9311936650147,867.0059456976594,869.6811807226603,27540187,893.6506713867187,894.5545727539062,887.4889022606067,893.4720525068204,38.795318174879085,-5.983150246213768,-3.586758883364982,-2.3963913628487856,920.636543462851,866.6647993105864,0.06155536170920586,21.06189134479547,910557212.0,47.04654112835146,38.65072989098278,0.011799224494605465,0.011730156414252004,0.011584140221591441,0.00193923048371758
2021-01-11,860.2723999023438,879.1124426510808,858.1185873709477,879.1124426510808,33307825,891.1896697998047,893.3788256835937,883.3017480516431,891.0128189805629,41.25644062121506,-7.711070928919753,-4.411621292475936,-3.299449636443817,920.9293976106358,861.4499419889737,0.06914025793273623,17.16076373357318,877249387.0,6.792654059359526,29.120813932250837,-0.018849963509777412,-0.01902988871552812,0.012188110403843228,0.0456978057643358
2021-01-12,887.3877563476562,888.725343947094,861.4741179787063,862.8797693273197,41161546,890.4131744384765,892.4950915527344,883.9303647125682,890.7442958225698,53.39678650351404,-6.81393111000159,-4.892083255981067,-1.9218478540205233,919.670630548879,861.155718328074,0.06594063508566178,16.91138374750621,918410933.0,51.43446761114017,35.09122093295037,0.03151950062374498,0.031032958463165155,0.01432406351645793,0.030326169799891556
2021-01-13,879.112548828125,895.5040980209848,869.8852636562669,890.3349713085404,26619458,889.6071990966797,893.0514514160157,883.1891622688078,889.8826849340925,49.18720252978451,-6.693522665284718,-5.252371137841798,-1.44115152744292,919.1919910776066,860.0224071157527,0.06730603952898662,17.74374906394319,891791475.0,36.89251414886399,31.70654527312122,-0.009325356880728997,-0.009369110244131715,0.014348336527812856,0.059779232374623126
2021-01-14,888.9972534179688,891.8538914370755,879.2258195153461,881.923722106697,21553242,889.2455871582031,894.0508129882812,884.0827147532941,889.8170974143796,44.05456219942195,-5.734382661085533,-5.348773442490545,-0.385609218594988,918.6659045478259,859.8252697685803,0.06618764518452486,16.874128248947336,913344717.0,54.26282344861167,47.5299350695386,0.011243958015410227,0.011181214604270623,0.014596492053024561,0.07079468362236319
2021-01-15,878.5003662109375,894.9825854452455,870.6106693815333,888.9972940596249,20593268,888.1539459228516,894.2707275390625,883.2238919006238,888.9788210289395,38.88231850031059,-5.754929128315666,-5.43000457965557,-0.32492454866009624,917.4620292771674,858.8458625685357,0.06672298494472943,17.842524016874222,892751449.0,37.52089027373289,42.8920759570695,-0.0118075586473112,-0.01187782150412335,0.014766890286664383,0.05788541236056921
2021-01-18,899.5849609375,905.5022489944743,872.1070575050039,883.7828981720585,35100458,887.9816467285157,894.5332641601562,885.7409794447586,889.7644610221662,49.074075961340554,-4.023481577407551,-5.148699979205967,1.1252184017984153,916.9601399505704,859.003153506461,0.06442636211226747,19.264349553707177,927851907.0,76.59136494155933,56.12502622130128,0.024000666974679286,0.02371717795956416,0.015786971849074582,-0.021648777376719996
2021-01-19,914.298828125,920.9188817318542,904.4366615381475,904.4366615381475,32006615,889.7205596923828,894.4176391601562,890.1344946263342,891.5818215483021,52.932120909049885,-1.4473269219678286,-4.40842536775834,2.961098445790511,920.6682401992255,858.7728791855402,0.06769708011178062,19.76312428537966,959858522.0,89.45856277407867,67.85693932979028,0.016356284093684614,0.016223961005327525,0.014940922499588187,-0.06020632219020294
2021-01-20,931.6652221679688,933.1615451092317,907.4973158868203,916.5659852036083,30924537,892.3958038330078,894.4539147949218,896.5238373250472,894.5509623349441,59.02468926142992,1.9728749901031506,-3.1321652961860416,5.105040286289192,928.0311863187328,856.7604213472828,0.07649825632173347,20.51776661592168,990783059.0,98.0060448210723,88.01865751223676,0.018994221045413484,0.01881608302275323,0.015380456683894667,-0.08670368569278475
2021-01-21,951.9335327148438,961.2742166156673,940.869846715687,944.0438358240183,39087742,895.92236328125,894.5885827636719,905.0484058465544,898.8015231038255,63.103004979996726,6.246882742728872,-1.256355688403059,7.503238431131931,939.9488741182072,851.8958524442928,0.09249912798301546,22.146876450069517,1029870801.0,90.94505654211675,92.80322137908922,0.021754928771207105,0.021521667303031934,0.015938877011855195,-0.12263024237714171
2021-01-22,929.3527221679688,959.165840987856,922.8006124178714,957.1933717044934,30532660,897.1795013427734,895.063779296875,908.7875314344643,901.0645748863546,56.204439118472514,7.722956548109664,0.5395067588994858,7.1834497892101785,943.5745590798637,850.7844436056831,0.09984380877232735,23.743607279532227,999338141.0,69.05501456187069,86.00203864168657,-0.023720994975853227,-0.024006867617459036,0.0162083055044935,-0.07528295213973779
2021-01-25,880.1100463867188,922.7099125187834,876.0291603627637,922.7099125187834,54207104,895.7670593261719,894.7101025390625,904.375610657888,899.5123875900854,47.748065003954586,4.8632230678026644,1.4042500206801216,3.4589730471225426,942.4482160173828,849.0859026349609,0.10608027230880931,26.42370644575488,945131037.0,21.31871927550049,60.43959679316263,-0.05298599187010289,-0.054441393793637244,0.020241377155320185,-0.007831010346037837
2021-01-27,859.2522583007812,872.8552326609131,856.0782689298538,872.8552326609131,42370131,893.6121276855469,893.7905456542969,897.4335564491024,896.5301557908776,48.25459786608886,0.9034006582247684,1.3040801481890512,-0.4006794899642827,942.9188553103097,844.305400060784,0.11476659420661782,26.166219258900185,902760906.0,3.017216385917193,31.130316741096113,-0.02369906828307311,-0.02398440841630834,0.020825893743442687,0.01881270116065581
2021-01-28,850.8864135742188,872.084340959147,847.9164357485394,852.5187439949068,34067814,890.9153472900391,892.650166015625,890.2724575452742,893.1491378489029,46.947779144724436,-2.8766803036287456,0.4679280578254918,-3.3446083614542372,943.4357213524362,838.394973227642,0.12344861364463655,26.601840053323674,868693092.0,2.6200034994813852,8.985313053633014,-0.009736191724542431,-0.009783898345614113,0.02085584809082011,0.025445660950856652
2021-01-29,835.1976928710938,867.4593064405973,829.7791594362084,858.9347876285253,43712383,887.6653778076172,891.2780822753906,881.7994168261695,888.8564382209171,42.07480008677302,-7.057021394747608,-1.037061832689128,-6.01995956205848,945.5389449176766,829.7918106975578,0.13858651096391797,28.41070345451781,824980709.0,4.12071263442943,3.252644173275993,-0.01843809050519829,-0.018610190846497992,0.02114249022657853,0.04440948359745067
2021-02-01,859.3883056640625,863.7865428347654,837.9409701152957,843.110096652801,34180952,885.5750610351563,890.444677734375,878.3515535704607,886.673613587076,49.836358708161036,-8.322060016615296,-2.494061469474362,-5.827998547140934,944.4032225100203,826.7468995602923,0.1369070560703211,28.953203074770574,859161661.0,22.517307389904115,9.7526745079383,0.028963936322441874,0.02855240893204836,0.022347056440271212,0.029625819713871016
2021-02-02,873.2178955078125,879.6566053024357,841.092290337818,867.9807655747403,41470034,884.1002716064453,890.0152770996094,877.561760022361,885.6768937293529,47.24156490754615,-8.115133706991855,-3.618275916977861,-4.496857790013994,942.5973103613334,825.6032328515572,0.13398039379591417,29.675443854761106,900631695.0,33.03450107024967,19.890840364861063,0.016092364479015853,0.015964254944524966,0.022705951233532716,0.015759776363718503
2021-02-03,875.4171142578125,885.0978176672972,861.5193971120666,874.3515418529886,30301696,883.2965667724609,890.2977661132812,877.2318145201227,884.9169100647944,49.26318253852398,-7.68509554467164,-4.431639842516617,-3.2534557021550228,941.8077339258101,824.7853996191117,0.13367608697701913,29.529700011226307,930933391.0,34.70697363093449,30.086260697029417,0.0025185223084795982,0.0025153561460899677,0.022569787389562116,0.022608920942681188
2021-02-04,872.5377807617188,879.656648554206,863.7865225405493,872.4017132446297,25626981,883.5244140625,890.0583557128906,876.5096554803682,883.9999375238258,46.62390080456543,-7.490282043457569,-5.043368282704807,-2.4469137607527616,941.819553853729,825.229274271271,0.13362204153575505,29.75318454013389,905306410.0,32.517284103561416,33.419586268248516,-0.0032890989326098685,-0.0032945199085186185,0.021761788319030546,0.0682845750587644
2021-02-05,872.2883911132812,881.7651430554548,870.5880568440388,875.1450294447208,20248046,883.8100769042969,889.692890625,875.860230193124,883.1324155674891,48.66991030682257,-7.272185374365108,-5.489131701036868,-1.78305367332824,941.8107553882978,825.809398420296,0.13298509776101913,28.810696693541306,885058364.0,32.32762705196955,33.183961595488476,-0.0002858210314053977,-0.00028586188602131897,0.021757031402240865,0.06126050645369818
2021-02-08,884.848388671875,892.8060891318694,874.6915398289318,876.5052135771294,21183400,884.2124938964844,889.7259912109375,877.2430238052395,883.2595246863325,46.72509777864892,-6.016500881092952,-5.594605537048085,-0.4218953440448674,942.1199930124421,826.3049947805266,0.1308868272967639,27.890875731335434,906241764.0,41.87931502253476,35.57474205935523,0.01439890486512585,0.014296225111446174,0.02183536685918307,0.041584479266426166
2021-02-09,886.9796142578125,902.1469161459931,885.233944002577,889.6095735403137,19604141,885.5478546142579,889.7581860351562,878.7409607979431,883.5350868768124,43.56922339261655,-4.79412607886934,-5.434509645412336,0.6403835665429964,942.3521126932944,828.7435965352213,0.1280846981507416,27.602633351318577,925845905.0,43.50007981144442,39.235673961982904,0.0024085771226145525,0.002405681149920331,0.021346305439406757,0.05283330055571489
2021-02-10,895.2093505859375,899.9477267102546,873.8980819416108,885.8913937556059,21234156,885.9389343261719,890.1617407226563,881.2745592268653,884.3998471515624,41.03279186873164,-3.1252879246970906,-4.972665301269288,1.8473773765721972,942.9039986796348,828.9738699727089,0.12726646413194376,27.630163033192314,947080061.0,49.75866968135171,45.04602150511028,0.009278382722483824,0.009235602944020396,0.02026569518011114,0.05518408193570523
2021-02-11,932.11865234375,935.9728593397923,894.2798277886045,897.7938959649373,42539278,888.5892395019531,891.0758581542968,889.0967273986937,887.9345734620948,45.49486202467742,1.1621539365988838,-3.745701453695654,4.907855390294538,949.0424795639905,828.1359994399157,0.1297114694787659,28.4933085405844,989619339.0,79.0958479493112,57.45153248070244,0.0412297991901609,0.04040251377306193,0.022033578824877942,0.005837413612197917
2021-02-12,925.7252197265625,942.2301071014969,913.8453084946966,932.0279220969353,30497029,890.4256378173828,891.8326330566406,894.7318800645197,890.7338805927961,49.10971427172534,3.997999471723574,-2.1969612686118083,6.194960740335382,953.1208739126074,827.7304017221583,0.13545107070485402,27.92327782892838,959122310.0,85.32258934365358,71.39236899143881,-0.006859033022364347,-0.006882664309877932,0.022056003797193597,0.01895578859532776
2021-02-15,921.6443481445312,934.6578356915304,918.1982839074868,928.6498762091927,15791099,892.5828369140625,892.454287109375,898.8722597691369,893.0235448558876,63.096927163367404,5.848714913249296,-0.5878260322395874,6.436540945488884,956.5073246042796,828.6583492238453,0.13871834144897843,25.290134255988278,943331211.0,81.6935656077739,82.03733430024621,-0.004408296862903449,-0.004418042053861544,0.021868903638789062,-0.012053532196647954
2021-02-16,933.8416748046875,942.8649480322981,922.7325927047402,924.8864053509033,21421660,894.2956726074219,893.4767761230469,904.2521697746063,896.0471100372802,74.87896150702312,8.20505973732611,1.170751121673552,7.034308615652558,960.7941117528015,827.7972334620423,0.14241908653153165,25.08933585819556,964752871.0,92.02086014471774,86.34567169871507,0.01323430961705796,0.013147501202394685,0.021443502564051475,-0.017504242793264457
2021-02-17,944.6106567382812,950.3692089797069,929.8061035808391,934.0683329596526,23742994,895.8112640380859,894.6108081054688,910.4611677690178,899.6444097929099,80.76805013263301,10.816757976107965,3.0999524925604347,7.71680548354753,965.5328645442194,826.0896635319525,0.14761976272188268,24.831850157356996,988495865.0,95.22468705819657,89.64637093689605,0.011531914053681591,0.011465928342646398,0.021301241724790868,-0.010680321088080591
2021-02-18,937.559814453125,956.014443525895,933.6602717704307,945.4041756996926,18646877,896.1059936523437,895.2814331054688,914.6301903358036,902.4529582862591,85.6240762536009,12.1772320495445,4.915408403957248,7.261823645587252,966.5122289154933,825.6997583891941,0.15019038610185587,23.73713763957667,969848988.0,84.37021581516628,90.53858767269351,-0.007464284078164685,-0.007492281252814298,0.020999874401795193,0.0370701608881725
2021-02-19,943.2730712890625,954.4501576444582,931.030412526974,932.7081388605912,23403483,895.6729705810546,895.765244140625,919.0367874055357,905.4766703605409,83.50231137245012,13.560117044994854,6.64435013216477,6.915766912830084,964.7270291058994,826.6189120562099,0.14641371756850127,23.367915864848985,993252471.0,88.91304079826142,89.50264789054141,0.006093751830937855,0.006075260010268431,0.02045145222093906,0.0026438754166562273
2021-02-22,910.5352783203125,947.6260001116775,904.5727145749872,943.1370313830363,23804335,894.7320983886718,895.7752197265625,917.7288629308861,905.8513820612648,62.94836899512363,11.877480869621309,7.690976279656078,4.186504589965231,962.3518665334936,827.11233024385,0.148527508499312,23.68855661999703,969448136.0,51.87137640323356,75.05154433888707,-0.03470659129917808,-0.035323173389954096,0.02124687112601211,0.046611289156004654
2021-02-23,917.4954833984375,930.8490501461664,913.0291825324456,928.6272336757321,25644108,896.6013702392578,895.9352807617188,917.6929583874324,906.7139080862405,64.13337706196901,10.979050301191933,8.34859108396325,2.630459217228683,964.5851774538935,828.6175630246221,0.14819431472909522,23.455367425041548,995092244.0,58.23503368989504,66.33981696379665,0.007644080623613769,0.007615012677162947,0.01738424165979186,0.04079656493114858
2021-02-24,934.5219116210938,936.4489852163127,918.7197882041789,920.46551838717,10807663,900.3648529052734,896.5673657226563,920.282028115688,908.7737601999333,69.01251190090304,11.508267915754686,8.980526450321538,2.5277414654331487,967.9756212264988,832.7540845840481,0.14469595090379958,23.675608553914305,1005899907.0,74.84087441788701,61.64909483700519,0.018557506310101557,0.018387416858222438,0.01661863848180337,0.06846181362449077
2021-02-25,972.3153076171875,975.7840397521635,939.9629623775807,941.3232777095965,34855693,906.4362976074219,898.1090307617187,928.2871480389956,913.4805414901003,74.93780160938564,14.806606548895274,10.145742470036286,4.660864078858989,977.0796257847785,835.7929694300653,0.14530950530950548,25.824540119603853,1040755600.0,96.59547575496936,76.55712795425045,0.040441423070042726,0.0396450683615289,0.0181033074845817,0.014689762613827817
2021-02-26,945.7669677734375,967.57699044691,938.9201148180857,959.9140321981981,37481215,911.9647613525391,899.0997802734375,930.9763510750636,915.8721286221994,64.19741214622036,15.104222452864178,11.137438466601864,3.966783986262314,976.144547823101,847.7849748819772,0.13572008466664157,26.74436117535483,1003274385.0,70.53855837990423,80.65830285092018,-0.027304249594517715,-0.027683937980805002,0.018848298408200063,0.044539150405867645
2021-03-01,952.9765014648438,957.6468737146039,935.2019693603648,956.8306484903325,17680764,916.6441711425781,900.152646484375,934.3609895965682,918.6206006846174,65.02528315472813,15.740388911950731,12.058028555671639,3.6823603562790925,978.28012326862,855.0082190165363,0.12935461059385975,27.111959523934893,1020955149.0,77.61464015433377,81.58289142973577,0.007622949349118446,0.007594041486564565,0.018092836036885822,0.04253691677244542
2021-03-02,954.9261474609375,965.8084897149365,947.263190026968,962.1810822756376,17150760,920.7295837402344,901.1905505371094,937.5248600372404,921.3099004458263,63.9957291813016,16.214959591414072,12.889414762820126,3.325544828593946,981.0638485920954,860.3953188883734,0.126364253428989,26.575934875315227,1038105909.0,74.40881668631337,74.18733840685046,0.002045848972243247,0.002043759073161129,0.017925203241421453,0.04038468544649554
2021-03-03,998.5009765625,1006.572077071357,955.4703590572257,961.750393670414,31924461,926.8837768554688,903.5701586914063,946.9058010411264,927.0277579359503,65.08655702362304,19.878043105176175,14.287140431291336,5.590902673884839,992.6244948157724,861.1430588951652,0.1316788255663537,27.286856165260343,1070030370.0,92.08710690709947,81.37018791591551,0.04563162210755678,0.04462112589615394,0.020115850075501963,-0.009150435467228712
2021-03-04,986.598388671875,992.991762854271,978.368612759976,988.480126250495,21435754,932.5868072509766,905.7389196777344,953.0123529843186,931.4403972497224,63.49653650038769,21.571955734596145,15.744103491952298,5.827852242643846,998.2664218875113,866.9071926144418,0.13314356761711404,26.69739653638347,1048594616.0,80.41783015948064,82.30458458429781,-0.011920456934956247,-0.011992075299813445,0.020433551447431246,-0.01757927963798034
2021-03-05,987.890625,1002.9672532884404,976.260120871694,977.5977682721734,25511666,938.3669189453125,907.8686853027343,958.3782409867312,935.6218956015948,64.87173802246177,22.756345385136342,17.146551870589107,5.609793514547235,1002.0189754205302,874.7148624700948,0.12886458250419716,27.429366581576524,1074106282.0,81.68473643858442,84.72989116838816,0.001309789619527546,0.0013089325933715189,0.020409344599237073,-0.03203736654804268
2021-03-08,993.51318359375,1012.013147323618,983.0389239902088,983.2656032217699,19506841,943.8001586914063,909.6547497558594,963.7836167724264,939.9101391565692,63.80322311704062,23.873477615857155,18.491937019642716,5.381540596214439,1006.7646448111175,880.8356725716951,0.12675118389864773,27.983196827693835,1093613123.0,82.78119023033108,81.6279189427987,0.0056914788453934495,0.005675343573094303,0.020323283374764783,-0.041303327493039554
2021-03-09,993.4905395507812,1003.8061245628406,973.3355758572837,997.5487577867862,15154484,949.1257049560547,911.3573828125,968.353912584481,943.8790577042887,61.89845673601331,24.47485488019231,19.688520591752635,4.786334288439676,1009.8317815675239,888.4196283445856,0.12220765914674564,28.690871349600204,1078458639.0,82.76011432586081,82.4086803315921,-2.2791889773277063e-05,-2.279214951234342e-05,0.02035316534332167,-0.06193367236888514
2021-03-10,989.3642578125,1004.3955499162571,984.0591241137868,1000.7227465962088,11519358,953.8334503173828,913.0976501464844,971.5862733887916,947.2483317863785,62.79250069198092,24.33794160241314,20.618404793884736,3.719536808528403,1011.4597277537515,896.2071728810141,0.1164915287394378,28.54674663867206,1066939281.0,78.91958461774175,81.48696305797786,-0.0041533175948982315,-0.0041619665747006426,0.020456513374163172,-0.0792180925250886
2021-03-12,969.2546997070312,1000.4507422731192,963.0426687169551,995.2816157511662,16864952,955.6902526855469,914.3863037109375,971.2275697454438,948.8784331138343,55.9899721264947,22.349136631609554,20.9645511614297,1.3845854701798537,1012.7609760752925,898.6195292958012,0.11776207720632358,29.545912955720635,1050074329.0,60.202647622215856,73.96078218860613,-0.020325737408314448,-0.020535147680218916,0.019352785196772953,-0.026010579543709222
2021-03-15,956.2412109375,974.3784296324053,943.3637304935054,970.3656071763525,16698099,957.2160522460938,915.5071862792969,968.9219760826833,949.4238240637354,61.59156245093001,19.49815201894785,20.67127133293333,-1.173119313985481,1012.517921526141,901.9141829660466,0.11566510342265875,28.686013927307037,1033376230.0,43.655584513898546,60.92593891795203,-0.013426283899850788,-0.013517231425120521,0.019567885386007206,-0.022049452047659734
2021-03-16,952.477783203125,963.9949488326658,950.165294900262,958.5537469717594,13873801,958.7577239990235,916.5328491210937,966.392100255059,949.6500432592458,59.01815052828524,16.742056995813186,19.885428465509303,-3.143371469696117,1011.5462386346685,905.9692093633785,0.1108446109013072,28.22286264920346,1019502429.0,36.18477812055781,46.681003418890725,-0.00393564687583936,-0.003943411914334021,0.019560272199511727,-0.006236368497153144
2021-03-17,931.9600219726562,953.5660342368161,922.7780124697341,951.3215496881085,19210236,958.6636413574219,917.1177758789063,961.0948574423816,948.339671312091,49.351243906780915,12.755186130290554,18.459379998465554,-5.704193868175,1011.6454850467055,905.6817976681382,0.11369982067929982,29.06818550271823,1000292193.0,10.289679640036544,30.04334742483095,-0.021541459120934858,-0.021776863121246555,0.02003285415851535,-0.003916634188501855
2021-03-18,910.9887084960938,945.313461898209,907.3159051912041,939.9175965589106,20647480,956.9825439453125,917.5077258300781,953.3862191429527,945.5729333257209,33.023704213269056,7.813285817231758,16.330161162218797,-8.516875344987039,1013.8341530783895,900.1309348122355,0.12481298308720092,28.835001829570736,979644713.0,3.508022971808009,16.660826910800775,-0.02250237454625259,-0.022759416328894194,0.0204507976574087,-0.008785017512483062
2021-03-19,944.0438232421875,950.3238575711216,899.0634664039354,902.7816055754887,41787429,957.3067443847656,919.0289855957031,951.9489274659119,945.4596659121258,49.53958865287503,6.4892615537860365,14.361981240532245,-7.872719686746208,1013.7645850016994,900.8489037678318,0.11960851652635617,30.11108742729105,1021432142.0,39.82335892550147,17.87368717911533,0.036284878657456554,0.035642085436475,0.022067838397388732,-0.04195480840958177
2021-03-22,935.1566162109375,940.4164143959771,921.9164490477823,939.0561589834671,18572478,956.9009216308593,920.400615234375,949.3654949651466,944.6964770453711,45.28096704919008,4.669017919775456,12.423388576380887,-7.754370656605431,1013.8976108223552,899.9042324393635,0.1218976334091176,30.088406701588635,1002859664.0,31.955070180630273,25.095484025979903,-0.009413977203651558,-0.009458568763655402,0.022136032472974118,-0.016049296659893186
2021-03-23,946.5377807617188,956.6039587366939,932.2547090305418,934.9526119187763,17421165,958.7010467529296,921.7953698730469,948.9304620107731,944.8328699132487,47.8842919244612,4.097592097524398,10.75822928060959,-6.660637183085193,1011.6633373084851,905.7387561973742,0.1119073990114467,30.50297456003032,1020280829.0,42.03138421534943,37.93660444049372,0.012170329924943823,0.012096866905214441,0.020727088728441645,-0.04043125919883672
2021-03-24,928.3098754882812,943.0236984833991,925.1812218990748,943.0236984833991,16822814,959.2417663574219,923.1561193847656,945.7580640842359,943.6089444002881,29.70102902202163,2.149119683947788,9.03640736127723,-6.887287677329443,1010.6301683561016,907.853364358742,0.11071389706298242,28.33944807804636,1003458015.0,25.89330828201607,33.293254225998574,-0.01925745136001733,-0.01944529153542566,0.021218348020442687,-0.012431104415556948
2021-03-25,902.9856567382812,931.3477881428614,900.0610147041692,931.3477881428614,22001648,957.6649536132812,923.4680773925782,939.1776937233197,940.5998119808802,27.56144550162209,-1.4221182575604416,6.944702237509697,-8.366820495070138,1013.9491931902318,901.3807140363307,0.12466253291388393,29.136191623486948,981456367.0,3.472511212404517,23.79906790325666,-0.027279919581464918,-0.02765892532009918,0.02166980349091185,0.0005775112496069212
2021-03-26,904.4366455078125,913.0745041101142,894.937285828174,912.3036747318539,20180202,954.2710205078125,923.9745593261719,933.8329170747802,937.9210589088011,27.623115332387158,-4.088141834020917,4.738133423203574,-8.826275257224491,1014.8573547154742,893.6846863001508,0.13397585006884458,28.524054899572214,1001636569.0,8.113849907418366,12.493223133946302,0.0016068790890571005,0.0016055894402086817,0.019327695123897762,-0.005188790339506144
2021-03-30,920.1480102539062,929.0352757477536,903.0309690022071,910.4899154033928,20441701,952.9900726318359,924.5975744628906,931.7275467946457,936.6045367862163,31.33794693050686,-4.876989991570554,2.8151087402487485,-7.692098731819302,1015.3896135496673,890.5905317140046,0.13562935576117321,28.311918000439164,1022078270.0,23.03227137351125,11.539544164444697,0.01737143759502624,0.01722227909366089,0.01900290275971019,-0.01303395098272353
2021-03-31,908.26806640625,929.4886608125947,906.4089968537622,915.0242469485529,16250796,950.7546508789062,925.1929284667968,928.1183959656618,934.5055389802928,29.55508589158991,-6.387143014631079,0.974658389272783,-7.361801403903861,1016.2811875772654,885.228114180547,0.14428898058175377,27.78399766138742,1005827474.0,12.178870813469745,14.44166403146644,-0.01291090532747885,-0.012994975463997808,0.01905563060497751,0.0011233067743006142
2021-04-01,916.7699584960938,920.465429845356,908.2907755247039,915.0242884490825,11723312,948.8468414306641,925.5366284179687,926.3724825088051,933.1917922777595,32.942695969280905,-6.81930976895444,-0.5841352423726616,-6.235174526581779,1016.062075449983,881.6316074113452,0.14663489656572407,27.202636064004253,1017550786.0,20.691837234149048,18.63432647371,0.009360553788358095,0.009317015290164562,0.019211551971565998,-0.019684948941633196
2021-04-05,903.5071411132812,918.1982951252521,889.677488179083,918.1756272004715,14875099,944.0971496582031,925.3207946777344,922.8547376787245,930.992929228539,34.03787257545281,-8.13819154981445,-2.0949465038610193,-6.043245045953432,1009.9501443961681,878.2441549202381,0.14577194078803274,26.56783130614747,1002675687.0,16.32762599416486,16.399444680594538,-0.01446689789505029,-0.014572563805875183,0.015786566934430386,-0.04087627552166406
2021-04-06,899.7437133789062,909.107066008566,892.8061886370579,908.6763154469585,14009194,939.7544158935547,924.6823645019531,919.2991954787525,928.6781724989365,35.63855749675983,-9.378977020184038,-3.551752607125623,-5.827224413058415,1005.2607283445004,874.2481034426089,0.14561104785037668,25.516844037048056,988666493.0,13.544899289024006,16.85478750577929,-0.004165354719540826,-0.004174053974904096,0.015699227518423235,-0.026457729492603832
2021-04-07,908.1548461914062,928.1285275370888,903.8246126194147,906.8625944881165,24266353,935.767626953125,923.8067907714844,917.5846802037762,927.1579261057861,38.993354362149034,-9.573245902009944,-4.756051266102488,-4.817194635907456,998.5892860893532,872.9459678168969,0.1383501049401164,26.556498338889387,1012932846.0,27.608445295410753,19.160323526199857,0.009348365192697772,0.009304939655539019,0.01595606744201586,-0.02923340884586001
2021-04-08,909.288330078125,916.8379481306634,903.6884533297169,911.850225266319,15369188,931.5563842773438,923.4055029296875,916.3083186459837,925.8342523259594,43.770211634980505,-9.525933679975651,-5.7100277488771205,-3.8159059310985306,989.1540388764445,873.9587296782431,0.1266873283068572,25.296603555593997,1028302034.0,29.30207096737279,23.485138517269167,0.0012481174234464376,0.0012473391723935732,0.015843410836740898,-0.03652725439629256
2021-04-09,898.723388671875,909.7417386895142,897.7938238938312,906.159667024016,14037885,926.8180267333985,923.7777697753907,913.6029448038131,923.8260402034346,46.425263989989624,-10.223095399621457,-6.612641279025988,-3.6104541205954686,978.2219012330102,875.4141522337868,0.11439309390974199,23.435914847642437,1014264149.0,13.516177406770733,23.475564556518076,-0.011618912348014265,-0.011686939356708654,0.015890736692471485,-0.040538798659448316
2021-04-12,866.5751342773438,889.3600561933767,861.632747207554,888.2718159255257,20901482,920.6785705566406,923.9242272949218,906.3678970305101,919.5852323570574,27.301711176485938,-13.2173353265473,-7.933580088530251,-5.283755238017049,969.9138138512149,871.4433272620663,0.11363179336003597,22.423789868866354,993362667.0,5.204089734309936,16.00744603615114,-0.03577102231871321,-0.03642648386204256,0.0173228077515132,-0.005232439264015731
2021-04-13,875.9385375976562,879.9287521472845,869.6131669055775,872.4017415275625,19411189,916.0127624511719,924.4252697753906,901.6864571177633,916.3521438563611,32.6974142457978,-14.665686738597742,-9.28000141854375,-5.385685320053993,963.521550638101,868.5039742642427,0.1084751638333585,21.797092988547465,1012773856.0,15.063291453918346,11.261186198332991,0.010805068077704316,0.010747110446622006,0.01740985846212792,-0.013148424712137396
2021-04-15,881.6063842773438,889.1786704861084,867.4139846330557,873.4446120904353,19723716,912.2810211181641,925.3534436035156,898.5972151423142,913.7783838875449,30.372782739346235,-15.181168745230707,-10.460234883881142,-4.720933861349565,958.1827616197327,866.3792806165955,0.10413205103816132,21.612481284754647,1032497572.0,24.540365675111683,14.935915621113308,0.006470598605276656,0.006449754151200013,0.01746567631888244,-0.020547223013964278
2021-04-16,876.0745239257812,884.1456245317884,873.5126286216039,878.1149969863354,15656948,908.4608581542968,925.68716796875,895.1321857243861,910.9855053718587,32.89783109192389,-15.853319647472631,-11.538851836599441,-4.3144678108731895,952.9731020417705,863.9486142668231,0.10161748269544395,20.846512502436116,1016840624.0,20.71543891284734,20.106365347292442,-0.006274750784724614,-0.0062945197738035205,0.01747368772882431,0.0029761164529746864
2021-04-19,862.2902221679688,868.9556716698464,856.985088064207,863.3331266419872,18478808,904.9773681640625,925.4686145019531,890.0795759464758,907.3784473567557,35.586950747479804,-17.298871410279958,-12.690855751335546,-4.608015658944412,952.546015938109,857.4087203900159,0.11033094554742726,19.975274104070543,998361816.0,7.3170657701230395,17.52429011936067,-0.01573416573745756,-0.01585926164477649,0.017213640326276845,0.045722242084610176
2021-04-20,862.0408325195312,870.1345408290238,857.1891171314771,866.2803940149797,17203668,902.5299743652344,925.2010888671875,885.7659231115612,904.0201055169613,34.85583222337988,-18.254182405400115,-13.80352108214846,-4.450661323251655,953.6969915888723,851.3629571415964,0.11871135401809084,19.60443163375672,981158148.0,6.973096998681212,11.668533893883849,-0.0002892177622175751,-0.00028925959374037353,0.016646371882308747,0.05057464851398108
2021-04-22,864.4213256835938,868.0714611843059,850.9544197704057,858.0052836359382,14490954,898.5488494873047,925.038759765625,882.4821388918739,901.0868625663414,27.99854644828953,-18.60472367446755,-14.763761600612279,-3.8409620738552714,948.491310474278,848.6063885003314,0.11555120056178218,18.96962696721056,995649102.0,17.14781442375189,10.479325730852032,0.0027614621886353774,0.002757656356756335,0.013999477030743512,0.06171325354475665
2021-04-23,863.4918212890625,870.0892067348701,859.4109352555885,864.2399827290652,11828857,894.965609741211,924.8628283691406,879.5605515683644,898.3020446939504,30.648638093689797,-18.741493125585976,-15.55930790560702,-3.1821852199789564,944.1264824902162,845.8047369922058,0.11386528867318153,18.083813218671214,983820245.0,16.245606047559487,13.455505823330848,-0.0010752909107097919,-0.001075869450750869,0.01396334344710522,0.04733899041876799
2021-04-26,878.6818237304688,889.6322314145979,866.7339073312086,870.5881145351398,20846778,891.5728118896484,924.7394970703125,879.4253626702266,896.8486949929518,34.438687973844836,-17.423332322725173,-15.93211278903065,-1.4912195336945224,934.7493418511474,848.3962819281494,0.09827568704719943,19.07974512484474,1004667023.0,35.92837644917224,23.107265640161188,0.017591368055727363,0.01743843091810378,0.014338971942760261,0.010939876800485804
2021-04-27,901.716064453125,905.592879224886,878.8631384956852,879.6566357896455,19992524,890.2431213378907,925.0342260742187,882.8547014060572,897.2092408788906,49.32234364886784,-14.35453947283338,-15.616598125791198,1.2620586529578173,930.1718017150721,850.3144409607092,0.08856153716502205,18.964762878291033,1024659547.0,65.77548630108804,39.31648959927325,0.026214541032456795,0.02587682920944996,0.015300766359041068,-0.03623062741966887
2021-04-28,905.6382446289062,910.4899602170952,897.861946907099,905.8876517747103,17122437,890.3757507324219,925.2428039550781,886.3598619018801,897.8336115270399,52.22752819839073,-11.473749625159826,-14.788028425664924,3.3142788005050985,930.4997913164311,850.2517101484127,0.08860942174642902,18.7024154453259,1041781984.0,70.85773511384811,57.520532621369455,0.004349684263593501,0.004340251729468946,0.014063114332232033,-0.03865216936244076
2021-04-29,917.767578125,927.0402589004967,910.1726236848527,917.2460958998795,17412606,891.0422973632812,924.9557824707031,891.1918182438985,899.3102016454073,53.53333305860886,-8.118383401508822,-13.454099420833705,5.335716019324883,932.5682594733365,849.516335253226,0.09049341706947821,18.20364402485504,1059194590.0,87.81286914570201,74.8153635202127,0.013393133039631966,0.013304237876887703,0.014367027057019515,-0.04597224232118957
2021-04-30,904.36865234375,923.1860285256435,901.2173310194296,910.7166908105166,19828769,890.2533294677735,924.5286511230469,893.2190234900295,899.6849016971364,48.341249388355436,-6.465878207106925,-12.056455178088349,5.590576970981424,930.012938887989,850.493720047558,0.08792788055440669,18.833587075231282,1039365821.0,70.20259378531003,76.29106601495337,-0.014599476055390914,-0.014707097164876542,0.01420745809385466,-0.031461528161641605
2021-05-03,888.2944946289062,897.3404357451366,881.0622873144365,891.4458158814281,23640186,889.2546508789062,923.8616540527344,892.4614036652413,898.8411678402305,46.60967814862155,-6.379764174989191,-10.921116977468518,4.541352802479327,928.1019502618805,850.407351495932,0.08746491083275958,19.64490494906203,1015725635.0,49.07624767621474,69.03057020240891,-0.017773899695866513,-0.017933752421022655,0.01446547973380327,-0.016768315830822944
2021-05-04,869.0463256835938,892.2620588404909,866.5071582786076,884.190958253908,21849830,886.8684692382812,922.5657470703125,888.859083975757,896.6341424952944,50.876907237876495,-7.775058519537424,-10.291905285882299,2.516846766344875,924.441393915793,849.2955445607695,0.08646932520647117,18.83520917031648,993875805.0,23.778282686764943,47.6857080494299,-0.02166867976971265,-0.021906893076414986,0.01495037932315222,0.008635066093898525
2021-05-05,870.6333618164062,878.9764773257763,865.1694924935965,872.1070167804479,12393609,885.2247802734375,921.086201171875,886.0551267204723,894.7081587413028,48.00748225209899,-8.653032020830437,-9.964130632871928,1.3110986120414907,922.6086811706144,847.8408793762607,0.08587748307549962,18.867592524762124,1006269414.0,25.864132236348198,32.90622086644262,0.0018261812816067202,0.0018245158398608394,0.01470954629754978,-0.0036196961440593256
2021-05-06,875.5757446289062,877.3894784194164,864.5119984908221,871.4268548191382,14624666,884.0163818359375,919.8465197753907,884.4429140910006,893.2909428811253,47.722602118982465,-8.848028790124658,-9.740910264322475,0.8928814741978162,920.9843371046222,847.0484265672528,0.08444262074517098,18.232792101586522,1020894080.0,32.3599307567333,27.334115226615467,0.005676767086191914,0.005660714964701429,0.014788841282466512,0.0032625714399836525
2021-05-07,875.9158325195312,886.7528395578353,873.3086014127246,878.6364032493998,12288548,882.4044311523437,918.499375,883.1310553876976,892.0038976691553,49.93762630123303,-8.872842281457679,-9.567296667749515,0.6944543862918362,917.7150137086463,847.0938485960411,0.08062551502176497,18.43359511836697,1033182628.0,32.80690997718857,30.343657656756676,0.0003884162994591822,0.00038834088537574693,0.014585003287432702,0.014805304576229972
2021-05-10,873.3992919921875,882.7399763357812,871.0188000480982,879.2032403073009,13941237,880.6099792480469,917.7566552734374,881.6338610191576,890.6257787301207,54.79076921281485,-8.991917710963094,-9.452220876392232,0.4603031654291385,913.748998225733,847.4709602703608,0.07588515191510484,17.907290863089024,1019241391.0,29.49940813968118,31.55541629120101,-0.0028730392052681575,-0.0028771743045063127,0.014570204860064587,0.03205794864405265
2021-05-11,876.5505981445312,878.9990936540107,866.05361064843,868.3208227406878,13478264,879.5013397216796,916.9377575683594,880.8518205769074,889.5831727608178,56.104524256080936,-8.731352183910417,-9.30804713789587,0.5766949539854522,911.554668939739,847.4480105036203,0.07313514881151044,17.907295099377173,1032719655.0,33.64118562197227,31.982501246280663,0.0036080933213900046,0.0036015997675601574,0.014433370860383906,0.03305491349906231
2021-05-12,867.48193359375,876.4372025151902,864.6933592562523,875.167618908404,13177961,879.5466796875,915.5969580078125,878.7949148871909,887.9460439336276,51.21904969709202,-9.151129046436722,-9.27666351960404,0.1255344731673187,911.525501013151,847.5678583618491,0.07372792466851988,17.531594918975657,1019541694.0,11.934169829081007,25.024921196911475,-0.010345854044224834,-0.010399744408980739,0.012164838797391839,0.03776511972567875
2021-05-14,878.432373046875,880.5634577549068,864.2399737584975,874.2380874670803,13291616,879.6713714599609,913.7192993164062,878.73913921945,887.2413275716459,55.51094416665036,-8.502188352195958,-9.121768486122425,0.6195801339264673,911.6103786050988,847.732364314823,0.07271819237343516,17.934824384484777,1032833310.0,22.599259312375295,22.724871587809513,0.012623247849969932,0.012544238862090962,0.012255329093853722,0.03368093741653477
2021-05-17,888.884033203125,890.2896245106193,875.3037267948372,878.4324402760395,11873078,880.03525390625,912.581640625,880.2998921400153,887.363009470274,53.89947626302585,-7.063117330258706,-8.710038254949682,1.646920924690976,912.2318751602614,847.8386326522385,0.07244279355089729,17.13807349807383,1044706388.0,39.2419546957658,24.591794612407355,0.01189808171572504,0.011827856026634585,0.012459565125412827,0.012905710147769645
2021-05-18,901.398681640625,908.0414631541172,894.3931533556103,898.2473602910601,12064918,881.3014617919922,911.5500842285156,883.5458597554938,888.4026888903,49.86808203904643,-4.856829134806276,-7.939396430921001,3.082567296114725,914.8074691409129,847.7954544430715,0.07434225949373872,16.584243102114897,1056771306.0,59.169648350346435,40.33695411949583,0.014079056401095524,0.01398086702248628,0.01270717095615586,-0.012475119368797749
2021-05-19,905.52490234375,914.3214965481937,894.1664727852633,897.7938805270868,16317002,883.4631958007812,910.5620593261718,886.9272509229178,889.671000997963,49.952969833604904,-2.7437500750452273,-6.900267159745846,4.156517084700619,917.3810081428489,849.5453834587136,0.07491304160554607,17.12188670589591,1073088308.0,65.74003364991857,54.71721223201026,0.004577575702257475,0.004567130466377904,0.012051852777006131,-0.013520044324257241
2021-05-20,900.2424926757812,911.8049942540358,898.247415294268,905.9103738478551,11422532,885.3732788085938,908.5968896484375,888.9757496541275,890.4540744555792,42.290067311803526,-1.478324801451663,-5.81587868808701,4.337553886635347,918.5050548900208,852.2415027271668,0.07360633685030747,16.56156989790858,1061665776.0,61.077062848215014,61.995581616159996,-0.005833533295767412,-0.005850614813921606,0.012182877996709052,-0.0046842034003289346
2021-05-21,908.018798828125,911.2154560407943,900.5145161905418,903.2350870037179,10785605,887.5531524658203,907.0252978515625,891.9054495270502,891.7551651498418,51.68941288531501,0.15028437720843613,-4.622646075027921,4.772930452236357,920.6174997424648,854.4888051891758,0.07282745097197736,15.776160316394234,1072451381.0,87.41512364268682,71.41074004694013,0.008638012775013859,0.008600918602889935,0.012266671321115717,0.04606620429683983
2021-05-24,900.355712890625,911.3061190300916,898.700714595752,910.4898938764023,8551760,889.3963470458984,905.274599609375,893.2054900445232,892.3922427602702,56.05367620096758,0.813247284253066,-3.535467403171724,4.34871468742479,920.8855368674289,857.907157224368,0.06994833124439946,15.011805988181818,1063899621.0,72.11389973716373,73.53536207602184,-0.008439347233107797,-0.008475160158120944,0.012489237001827466,0.08795616261693451
2021-05-25,890.1536254882812,905.5022701330101,888.7253062731775,905.2301950520241,14780102,889.969937133789,903.2074084472656,892.735972420486,892.2264192586414,61.6521086251511,0.5095531618445648,-2.7264632901684664,3.2360164520130312,921.0526636218044,858.8872106457736,0.06983676884080633,14.370524795178198,1049119519.0,51.74293888403445,70.423987421295,-0.011331174175137515,-0.011395861045587695,0.012281941624071105,0.1048060181522883
2021-05-26,893.2821655273438,897.5671226281908,891.1284129833724,895.5266497321538,7480204,889.5482421875,901.2032409667969,892.8200021292333,892.3046226859527,62.29384799762476,0.515379443280608,-2.0780947434786516,2.5934741867592597,920.1856403027247,858.9108440722754,0.06859511875990054,13.91384710287318,1056599723.0,57.989833676226546,60.61555743247491,0.0035146068605251823,0.0035084450631427807,0.010756068648538574,0.11735751374992431
2021-05-27,896.0255737304688,903.6885320706949,889.7455387788042,893.3956745411289,26819294,889.0676086425781,899.3364672851562,893.3131669909619,892.5802486892502,61.3717048942778,0.7329183017117202,-1.5158921344405774,2.2488104361522976,918.9341036840619,859.2011136010942,0.06666438083265673,13.989955200251497,1083419017.0,63.4677186331006,57.733497064453864,0.003071155239627421,0.0030664488758947984,0.010730030600617675,0.11818718771037706
2021-05-28,949.8477783203125,954.4727544116488,902.3281938924274,902.3281938924274,56469931,890.6716186523438,898.9483288574219,902.0107995031697,896.8222879211808,75.77866924146043,5.188511581988905,-0.17501139115468095,5.363522973143586,929.2137884881097,852.1294488165779,0.0811544138239138,17.20445109568502,1139888948.0,94.87439480551626,72.11064903828112,0.06006771030626168,0.058332783731302414,0.017094222327981093,0.045684553433148034
2021-05-31,979.5475463867188,993.7852821100847,945.4268620793822,953.1124880356037,59124142,894.4305633544922,899.4144555664062,913.9395297929465,902.950084844554,81.11378472531776,10.989444948392475,2.0578798767547504,8.931565071637724,949.6523135651496,839.2088131438347,0.11274950443060221,19.821397077329273,1199013090.0,89.00945475723853,82.45052273195179,0.03126792391821631,0.030789039284889325,0.01783137064213934,0.031060495272357214
2021-06-01,983.4470825195312,998.4556475299046,973.2901730558312,982.1321030027278,28013832,899.1881927490234,900.0338415527344,924.6329994431903,908.9128254130708,81.19626483187552,15.720174030119551,4.79033870742771,10.92983532269184,967.1176246359764,831.2587608620704,0.1381455760953034,20.69425361079303,1227026922.0,88.81757652476288,90.9004753625059,0.003980956460150287,0.00397305342047592,0.017071009194755238,0.021070581352200968
2021-06-02,998.1155395507812,1001.8563467317178,978.0511883191928,978.0511883191928,24630162,905.6416534423828,901.3569519042969,935.938005613589,915.520433867716,86.91700464435583,20.417571745873033,7.915785315116775,12.501786430756258,985.0653425373821,826.2179643473835,0.15914728495409514,21.547676433953466,1251657084.0,97.2817135773246,91.70291495310867,0.01491534958207441,0.014805209589297435,0.01596023623302682,-0.011925121345308654
2021-06-03,1001.92431640625,1020.2202690838111,995.7803496561332,1007.0707146193823,23974257,912.206201171875,903.1756640625,946.0897457355369,921.920721463163,86.36670174484273,24.169024272373917,11.166433106568205,13.002591165805713,1000.6387342625039,823.7736680812461,0.176525375505054,22.12742182190122,1275631341.0,87.37483492950625,91.15804167719791,0.0038159678960443255,0.003808705559917034,0.01593203437997801,-0.012060531954866116
2021-06-04,993.2411499023438,1005.0076615198449,990.4071796454298,1004.2595000884415,14468646,918.0894714355469,904.1596105957032,953.3438079150457,927.2037161623615,81.05522451416417,26.140091752684157,14.161164835791396,11.97892691689276,1011.7620271043178,824.416915766776,0.18861996540916742,22.099892118946432,1261162695.0,79.4827736320859,88.04644071297224,-0.008666489436099822,-0.008704261850168888,0.016320634988809847,0.013862370441625638
2021-06-07,1009.9727783203125,1016.5928919877746,990.7473191357551,998.4556731308024,16336573,924.7923187255859,905.6559338378906,962.0559572081636,933.3347578036912,81.51906439944233,28.721199404472372,17.073171749527592,11.64802765494478,1024.7338432444715,824.8507942067002,0.1979093430321925,22.57761661187695,1277499268.0,92.2069328395658,86.35484713371932,0.016845484522679977,0.016705172900759242,0.016413653142764755,0.01137037046437639
2021-06-08,1004.1688842773438,1009.8594330639162,996.7099374722953,1009.6100858849402,9674735,931.3307983398438,906.8085559082032,968.5348690649605,938.5817301350729,78.3601080166232,29.953138929887587,19.649165185599593,10.303973744287994,1034.183606999554,828.4779896801336,0.2048516146439428,22.08531783224029,1267824533.0,87.79315612989608,86.49428753384923,-0.005746584628371076,-0.0057631597766475045,0.016519356285184767,0.01952681031950365
2021-06-09,986.212890625,1007.0706776986877,978.4818696749181,1006.1638408568945,11409161,936.8139129638672,907.9666162109374,971.254564689582,942.1099642454379,73.03763543194802,29.14460044414409,21.548252237308493,7.5963482068355965,1039.060991402851,834.5668345248835,0.20735295474425597,23.15897705109756,1256415372.0,74.1378850317433,84.71265800040173,-0.017881447965066077,-0.01804325282786721,0.017433850573888524,0.020372491538615423
2021-06-10,989.840576171875,1011.151846333294,987.3693522826478,994.5562247378017,14155653,942.9318450927734,909.7037145996094,974.1139510714733,945.6455651288777,72.42451492685598,28.468385942595546,22.932278978365904,5.536106964229642,1042.3141804511797,843.5495097343672,0.20080473108661406,24.156547932760482,1270571025.0,76.89668694271205,79.60924270145047,0.003678400050699082,0.0036716512819503317,0.017016615937553384,0.018494719423676198
2021-06-11,1007.0098266601562,1013.7668141971928,991.9716855769274,993.2457554895082,13762778,949.3607177734375,911.7551782226562,979.1748550081937,950.1910659830465,77.78255459130327,28.98378902514719,24.142580987722162,4.841208037425027,1047.805710172129,850.9157253747459,0.19551942750190182,24.965178903544636,1284333803.0,89.95365134740652,80.32940777395395,0.017345470474328106,0.0171967550312259,0.01713469507666579,0.005648030356541822
2021-06-14,1021.45654296875,1027.5309418058741,998.7741616955363,1007.8516997013584,20332436,955.9893432617188,913.7813488769531,985.6797300790486,955.4699902042098,83.46336954089958,30.20973987483876,25.356012765145483,4.853727109693278,1055.1392389555845,856.8394475678532,0.19413433958863774,25.820880064295004,1304666239.0,95.5914061253015,87.4805814718067,0.014346152267955103,0.014244219959791304,0.01718028625636722,-0.0034077768849342105
2021-06-15,1023.777099609375,1035.1068867541692,1019.3634688990921,1028.7822714120728,15174215,962.1082641601563,916.0915295410156,991.540863852945,960.5297760860739,83.39498356697672,31.01108776687113,26.487027765490613,4.524060001380516,1062.1735579402834,862.0429703800291,0.19548257881194517,26.415874401092683,1319840454.0,92.20577732421941,92.58361159897579,0.0022718114212481044,0.0022692347594032093,0.017131082360187344,-0.010777852578020997
2021-06-16,1006.3045043945312,1022.4346788679379,1003.6881840170562,1021.4564397057088,10797349,967.1472442626953,917.8822204589844,993.8121931670352,963.9204967015152,76.24311317665162,29.89169646552,27.167961505496493,2.7237349600235063,1065.34774136576,868.9467471596306,0.19517054067476225,26.85486885112326,1309043105.0,78.30797868268517,88.70172071073536,-0.01706679629922414,-0.01721411261806354,0.017925618141824372,-0.0028259338873882767
2021-06-17,1008.1473999023438,1016.9519142263862,991.8807422543711,1001.0264608448158,15745975,972.5424896240235,919.9750256347656,996.0176095878519,967.1965636052803,68.4339727523414,28.821045982571604,27.498578400911516,1.3224675816600886,1067.0533603727736,878.0316188752734,0.18749415166453853,24.470868229040054,1324789080.0,69.93813622343447,80.15063074344636,0.0018313497552326918,0.0018296748788142762,0.017753020640038863,-0.02805045343762036
2021-06-18,1012.6974487304688,1016.9518504435479,993.9054594499104,1012.6292078814683,29369026,977.7764221191406,922.2341003417969,998.5837386867161,970.5669995404794,62.46413103285726,28.01673914623666,27.602210549976547,0.4145285962601122,1068.7705576799267,886.7822865583545,0.17970645758979167,22.66286615496398,1354158106.0,63.74857755510151,70.66489748707372,0.0045132773526626035,0.004503123057734284,0.01774255201129331,-0.05445594829085165
2021-06-21,1017.9756469726562,1022.6394940703871,1001.0947614747922,1002.6190479059233,12186448,983.6574188232422,924.4305163574219,1001.5671091922453,974.0787512021221,62.84928534172812,27.488357990123177,27.579440038005874,-0.09108204788269703,1068.5845942797712,898.7302433667132,0.16685502390767937,22.404241735072656,1366344554.0,69.97453321558002,67.887082331372,0.005212018899429793,0.005198483340281589,0.017433238827006717,-0.06760530749953553
2021-06-22,1012.7429809570312,1028.7822288722177,1009.8308898725479,1025.5970540271667,12871913,989.7868865966797,926.499609375,1003.2864740791355,976.9427682210043,55.85453272749087,26.343705858131216,27.332293202030943,-0.9885873438997272,1063.2165126631799,916.3572605301795,0.1450113749435419,22.05754034844014,1353472641.0,60.50525553671272,64.74278876913142,-0.005140266401447158,-0.0051535230186618075,0.017156482168737247,-0.06197912212545931
2021-06-23,1003.4607543945312,1024.0499936427696,1001.7999261642769,1023.7770302436452,16653951,995.2958160400391,928.5943566894531,1003.3132864353502,978.9070634931173,50.5891361855935,24.40622294223283,26.747079150071322,-2.340856207838492,1053.1129867274442,937.478645352634,0.11523553947516536,21.901122352069763,1336818690.0,44.11280739079006,58.19753204769427,-0.009165431641627753,-0.0092076926352484,0.01750754119522525,-0.04294099138473473
2021-06-24,979.868408203125,1007.6696350296437,973.7257686881059,1004.143316081599,91461975,999.4879577636718,930.8602221679688,999.7063820919309,978.9782742123772,45.39844289384308,20.728107879553704,25.543284895967798,-4.8151770164140935,1034.7624085883094,964.2135069390343,0.07199834289856033,23.28279267114996,1245356715.0,10.007376386184205,38.208479771228994,-0.023510980462451037,-0.023791773441837197,0.018707464885368723,-0.025795176877475567
2021-06-25,957.550048828125,979.8684182931346,946.9255377961272,979.8684182931346,55355022,999.8730712890625,932.4924523925781,993.2207923590377,977.3909982579881,32.6292209700343,15.829794101049515,23.60058673698414,-7.770792635934626,1032.9663596110565,966.7797829670685,0.06912074906683875,23.789743217220526,1190001693.0,12.048478683324113,22.05622082009946,-0.02277689451783349,-0.023040295299522666,0.014485296748440117,0.011689454058705362
2021-06-28,949.1550903320312,967.5830690553377,946.8800342020979,965.535542609245,20277042,998.3534484863281,933.8434265136718,986.4414535856521,975.2994495227321,32.07838739273707,11.142004062920023,21.108870202171317,-9.966866139251294,1037.5963862683375,959.1105107043189,0.08269025406223424,24.321185646164995,1169724651.0,2.5786436488423976,8.211499572783572,-0.008767122414507389,-0.00880577974041006,0.012661595710001215,0.03077662680181037
2021-06-29,949.9740600585938,959.6203313338768,948.2905450727716,950.7475767024226,27144063,996.6797973632813,935.3214172363281,980.8310853507201,973.4234947476107,36.710853622394836,7.407590603109384,18.36861428235893,-10.961023679249546,1041.1116069833568,952.2479877432058,0.09354320604782605,23.088398377403255,1196868714.0,3.5068981460430813,6.044673492736531,0.0008628407885122868,0.000862468755387316,0.012609667938526721,0.017722073645745517
2021-06-30,960.3711547851562,965.8312654969786,951.4529057551116,953.8189497184267,19762858,994.792578125,937.2830358886719,977.6834037252487,972.4566547503919,39.70442168692734,5.226748974856832,15.740241220858511,-10.513492246001679,1042.082070326511,947.5030859234888,0.09848170046733692,22.439701929552605,1216631572.0,15.29139960528795,7.125647133391143,0.010944609083243018,0.010885150291353162,0.012363917166314093,-0.0002843393282918605
2021-07-01,954.592529296875,966.0587979305755,953.2502184775107,963.715500911565,12534407,992.4259887695313,939.1340698242187,974.1309615054989,971.1333861982795,30.103702011856598,2.9975753072194493,13.191708038130699,-10.19413273091125,1042.846481003997,942.0054965350655,0.10563772643727692,21.64558346010596,1204097165.0,8.741664098396527,9.17998728324252,-0.006017075231267155,-0.006035250774185316,0.012322071925042852,-0.0025501846414243134
2021-07-02,968.7432861328125,970.4951021153942,952.3173409366497,954.1601447164786,14086620,991.2010955810547,941.2205090332031,973.3020883712395,970.9563417489857,29.94630701367774,2.3457466222538415,11.022515754955329,-8.676769132701487,1042.7165962152908,939.6855949468186,0.10635531904408667,20.88993925070644,1218183785.0,24.780722986307516,16.27126222999733,0.014823871339492367,0.014715071662512489,0.012798079178623514,-0.027171622283168495
2021-07-05,978.3668823242188,979.8911687487861,969.8581385815543,972.1104477919255,11702287,989.62080078125,943.5180102539063,974.0812874409286,971.5052706804844,33.63399232483013,2.5760167604441904,9.3332159560531,-6.75719919560891,1040.6484850125698,938.5931165499301,0.10431196139856651,20.56168673362762,1229886072.0,38.44444980816082,23.988945630954955,0.009934103625970137,0.009885084790006963,0.0123722582602484,-0.03074126225399909
2021-07-06,966.8095703125,977.775345876362,964.7165499262375,975.9780960314433,10070124,987.7528350830078,945.2805651855468,972.9625617288626,971.1574410235967,35.131940710173225,1.8051207052659493,7.827596905895671,-6.022476200629722,1039.2710203968445,936.2346497691709,0.10657359400607644,20.10178793403208,1219815948.0,24.333335865332536,29.18616955326696,-0.011812861024346089,-0.011883187251763811,0.012554464687335709,-0.01181291306275778
2021-07-07,960.0980834960938,968.15182763501,954.6152261057076,968.15182763501,10454892,986.4470947265625,946.4482055664063,970.9834112315135,970.3382293548927,32.55120667725252,0.645181876620768,6.391113900040691,-5.745932023419923,1039.4324967568489,933.4616926962761,0.11037497718430128,19.27789004526689,1209361056.0,16.138821855840625,26.30553584311133,-0.0069418911670856565,-0.006966098186953483,0.012045810957045251,-0.011397786697182832
2021-07-08,952.1581420898438,963.2377120648708,946.880007204719,963.2377120648708,11185460,984.5629730224609,947.378603515625,968.087215978949,968.9915562241483,28.543807684117027,-0.9043402451993643,4.93202307099268,-5.8363633161920445,1039.6774361145494,929.4485099303724,0.11576745638307635,18.80012675001791,1198175596.0,6.444434323757522,15.638864014976894,-0.008269927357148266,-0.00830431291500017,0.01208361559317434,-0.004898155204700161
2021-07-09,942.4209594726562,951.7487141684176,940.1004093189325,950.0651388442453,9037675,981.333529663086,947.8716711425782,964.138561131827,967.023363872186,24.042527133878536,-2.884802740358964,3.3686579087223514,-6.253460649081315,1038.4430664807066,924.2239928454653,0.1211975099738381,18.12248390539765,1189137921.0,2.616714638227783,8.399990272608644,-0.010226434230574233,-0.010279083459264716,0.011325080617983459,0.019891811374215695
2021-07-12,948.2906494140625,956.2078524981569,943.9225124667875,946.3113035101971,8585292,977.6752349853516,948.7501110839844,961.7004208675555,965.6357553938064,27.953339001060243,-3.9353345262509265,1.9078594217276958,-5.843193947978622,1033.3177679750613,922.0327019956419,0.11735333048805356,17.753594907242707,1197723213.0,9.756141332920029,6.272430098301778,0.006228310058692621,0.00620899429714392,0.010794361085408384,0.007125215150564523
2021-07-13,955.3887329101562,956.9130192420056,950.0877909959721,955.525214607773,6717133,974.2558166503907,950.0919958496094,960.7293919510325,964.8767166913138,33.306981539769794,-4.147324740281306,0.6968225893258955,-4.8441473296072015,1026.2555987068638,922.2560345939175,0.1088557573796783,16.780187932203457,1204440346.0,22.62616365688787,11.666339876011895,0.0074851349641373854,0.00745726035182668,0.011005857647387447,-0.002809988494922644
2021-07-14,949.1550903320312,958.6420731903104,946.9937689554591,955.6844881859736,8532544,971.3983459472656,951.6941711425782,958.9487301634939,963.7121517758114,37.872782628105405,-4.763421612317529,-0.39522625100278946,-4.36819536131474,1022.2511109920529,920.5455809024784,0.10715375298044928,15.187647781725843,1195907802.0,22.755738122650097,18.379347704152664,-0.006524718539580254,-0.006546097561062913,0.010559923015963552,0.01663473186891329
2021-07-15,947.4943237304688,953.2502049164673,945.7425076403309,953.2502049164673,9448356,968.3656921386719,953.2313903808594,957.1865137891823,962.5108311798601,45.25548495670229,-5.324317390677834,-1.3810444789377985,-3.9432729117400354,1017.184340785138,919.5470434922057,0.10304789680271155,13.370848980235053,1186459446.0,18.58198867600156,21.321296818513176,-0.0017497315438529393,-0.0017512641120736017,0.010506308747243828,0.011213207739085185
2021-07-16,961.1674194335938,962.2367066615387,949.8831264283724,949.951367281346,8828185,965.7891906738281,954.9432238769531,957.7989608113994,962.4113191986552,55.39878774147531,-4.612358387255767,-2.0273072606013924,-2.585051126654375,1009.9759485279377,921.6024328197185,0.0919439360109572,12.9450881286515,1195287631.0,52.94447860757837,31.427401802076677,0.014430794317892515,0.014327661414633309,0.011099134852482567,-0.016829179654486937
2021-07-19,955.0474243164062,966.4454508536942,951.9988517937092,955.5251704130839,8354449,962.6427795410157,956.5258557128906,957.3756475044773,961.8658455036738,52.17645172961535,-4.490197999196425,-2.519885408320399,-1.9703125908760262,999.5443319801553,925.741227101876,0.07727690060114589,13.167717614285769,1186933182.0,37.564035497859564,36.3635009271465,-0.00636725194117993,-0.0063876093496615105,0.010974287749586009,-0.020939003854737903
2021-07-20,952.7041015625,959.1653183707836,948.2450375383125,955.2976750301373,6741464,959.640835571289,958.1119519042969,956.6569481287885,961.1871978043275,46.46671425231427,-4.530249675539039,-2.9219582617641273,-1.608291413774912,988.209148916399,931.072522226179,0.05997310875067303,12.815080142434779,1180191718.0,31.67492257962446,40.72781222835413,-0.0024536192593613837,-0.0024566343159733847,0.010964799559118638,-0.026960420021546416
2021-07-22,964.9440307617188,966.4000763573125,954.6835309155986,964.1705140611995,7972397,957.7149993896485,959.8798205566407,957.93188391847,961.4654817270972,54.50226574010331,-3.533597808627178,-3.0442861711367377,-0.48931163749044027,977.7700142430472,937.6599845362498,0.041567208488905674,12.878465523988186,1188164115.0,62.43565540878472,43.89153782875625,0.012847566394586174,0.012765736544462671,0.011408531454818653,-0.03180558852593951
2021-07-23,958.1187744140625,971.200376447822,956.4579462312084,971.200376447822,9937030,956.6275177001953,961.6925573730468,957.9606363024074,961.2175774816873,45.06448670892249,-3.25694117927992,-3.0868171727653744,-0.17012400651454573,973.7721309857178,939.4829044146728,0.03578807501399246,12.633084740978834,1178227085.0,45.28278764430576,46.46445521090498,-0.007073214746215362,-0.007098348517469217,0.010308215545469936,-0.03343292679275556
2021-07-26,944.9917602539062,965.0805075916205,942.3754396207585,959.1653976108203,12389668,955.9996032714844,963.0237451171874,955.965424602638,960.0156650944442,34.98465563159871,-4.050240491806221,-3.279501836573544,-0.7707386552326772,973.9049605376873,938.0942460052814,0.037895266433629046,13.458597980613726,1165837417.0,12.983036951867994,40.23382666831949,-0.013700821349820758,-0.013795543781149723,0.009467889803184705,-0.002094525227923083
2021-07-27,935.0496826171875,948.1085383406385,929.1345728588083,944.9689777697635,10824523,955.2943328857422,963.9470581054687,952.747618143338,958.1663330590919,35.50061301374109,-5.418714915753981,-3.7073444524096315,-1.7113704633443492,975.3204333871909,935.2682323842935,0.042834302548279565,13.838857486602933,1155012894.0,14.061563677779011,24.10912942465092,-0.010520808810065674,-0.010576543781729304,0.009555058366957183,0.01593677067679633
2021-07-28,927.018798828125,936.41479430891,917.4180206049048,936.41479430891,12897848,954.1465698242188,964.4594604492188,948.7893382486898,955.8591083012425,35.07803065277139,-7.0697700525527125,-4.379829572438248,-2.6899404801144646,977.7655437024035,930.527595946034,0.05095683908037741,14.228869784795993,1142115046.0,17.851167120835736,14.96525591682758,-0.008588724148415494,-0.00862581979523877,0.009705969357744747,0.03259132241210261
2021-07-29,934.25341796875,943.8769425785124,929.7715466212894,934.5946824013536,13765738,952.8406829833984,965.0340307617188,946.5530428210067,954.2586867951319,41.87150622285307,-7.705643974125223,-5.044992452775643,-2.66065152134958,977.8573127261809,927.824053240616,0.05355426966951542,14.264615419812824,1155880784.0,31.3028261772384,21.071852325284382,0.0078041773799739644,0.007773882304364899,0.009523218225458463,0.039449635743781464
2021-07-30,926.0860595703125,940.9421660372899,924.1749545520307,936.4148004933196,11350608,951.4153594970703,965.5509020996094,943.4042761670537,952.1718255192194,42.47695419977209,-8.767549352165702,-5.789503832653655,-2.9780455195120465,979.1160562208631,923.7146627732775,0.05982315884691202,14.601006756551962,1144530176.0,16.11688225514592,21.756958517740017,-0.008742123112800537,-0.008780559646291812,0.009612810111487602,0.026408828738744727
2021-08-02,943.012451171875,946.1520117827725,928.7478263645152,934.7312372274596,10925104,950.1288177490235,966.2507751464843,943.3439953985646,951.493353345342,47.79380925143771,-8.1493579467774,-6.261474655478405,-1.8878832912989951,976.812378146709,923.445257351338,0.056592169837261445,15.049510984191922,1155455280.0,47.58889819041825,31.66953554093419,0.018277341966918437,0.018112319105268154,0.00994615363310993,0.0022436434309822673
2021-08-03,949.9513549804688,951.430147484226,939.2358562430207,950.9751482931742,11817299,948.708041381836,967.2426879882812,944.3605122573191,951.3791312442403,47.72424673198153,-7.018618986921183,-6.41290352176696,-0.6057154651542227,971.8521208611168,925.5639619025552,0.04872687292447017,15.304648227996365,1167272579.0,60.49072017220586,41.39883353925668,0.007358231378568503,0.007331291665767431,0.009808778810783987,0.00014360058912865625
2021-08-04,957.2315673828125,961.8954143261994,949.6100753022611,952.9771655453944,13169800,948.2291412353516,968.5842468261719,946.3406745843181,951.8126450322827,53.35096201682334,-5.4719704479646225,-6.224716907006493,0.7527464590418704,970.1607488507789,926.2975336199243,0.04582299281121911,15.350150712931159,1180442379.0,74.0271528704532,60.70225707769243,0.007663773901868343,0.007634556369419173,0.009689497571574689,0.006440807478944821
2021-08-05,971.109375,980.4598152724985,957.4589790719469,962.0318379378849,21252078,948.7797058105468,970.140791015625,950.1512438790384,953.2420324372988,58.89610810025519,-3.090788558260442,-5.597931237257283,2.507142678996841,972.4498028220797,925.1096087990139,0.048748570698399246,16.473047185327566,1201694457.0,85.1678710565695,73.22858136640951,0.01449785829267114,0.014393769185073398,0.010110673493147445,-0.01112795097826258
2021-08-06,950.5429077148438,976.8880893431025,945.8562535112904,969.1528622918455,16620987,948.6989440917969,971.2311376953126,950.2114998537777,953.0420972726725,46.19521074159377,-2.830597418894854,-5.044464473584798,2.2138670546899437,972.3314983101706,925.0663898734232,0.049724329173498574,17.63657953538057,1185073470.0,52.544327591043626,70.57978383935544,-0.02117832225145211,-0.021405800388181188,0.011074062018261823,0.027093634490722884
2021-08-09,945.1282348632812,950.8841763192498,940.282351981684,946.8800509816786,7494143,948.8343078613282,971.1367468261719,949.429459086009,952.4558852423472,46.42976086337683,-3.026426156338175,-4.640856810135474,1.6144306537972986,972.3461597269419,925.3224559957144,0.04975378154693444,17.361952769493485,1177579327.0,43.955306799317995,60.55583514897703,-0.005696400244129651,-0.005712686610557407,0.010899411769506812,0.046385655881657106
2021-08-10,950.0877685546875,961.4403616289129,943.5811181110125,947.3349664779623,11919198,948.9241638183594,970.5475512695313,949.5307374658057,952.2804691914095,49.075704030687334,-2.7497317256037377,-4.262631793229127,1.512900067625389,972.4410030866366,925.4073245500822,0.04950456167655323,17.85759296130987,1189498525.0,51.82236343607487,49.4406659421455,0.00524747172760498,0.005233751723797045,0.010873033901261216,0.036493531706247806
2021-08-11,963.3969116210938,964.6254274166216,947.9720127090839,954.1373988131746,9184963,949.3245727539063,970.1465478515624,951.6639950281577,953.1039093713861,49.45753315350503,-1.4399143432283381,-3.6980883032289693,2.258173960000631,973.5663871842751,925.0827583235375,0.05032570509194893,18.06883866936167,1198683488.0,72.93398174639023,56.23721732726104,0.014008330079496423,0.013911120203784837,0.011197615169461038,0.02614180741046712
2021-08-12,960.3029174804688,967.4466034758628,957.8003316249841,966.8550623942889,8137612,949.8819641113281,969.3902954101562,952.993060020821,953.6371692313181,50.78640366114509,-0.6441092104971631,-3.0872924846826084,2.4431832741854453,974.6150362332778,925.1488919893784,0.05151097986214905,17.70482735752347,1190545876.0,68.02613583735496,64.26082700660669,-0.003211546667114318,-0.0032167147511068628,0.01111276564638266,0.017886748508908035
2021-08-13,976.2965698242188,978.2304217625798,959.5976596459939,963.397002314041,12780901,951.3220764160156,968.8777404785156,956.5782153751899,955.3156433493108,61.0433735564315,1.2625720258790807,-2.217319582570271,3.4798916084493516,978.6841522382282,923.9600005938031,0.056052795160673484,17.413948367932317,1203326777.0,93.3960549962677,78.11872419333763,0.016654799285325872,0.016517629048976808,0.011653115187174627,0.007783181957736973
2021-08-16,988.9686279296875,1002.3914951366927,968.3338340297282,977.980105672493,21935444,952.7121368408203,968.7922900390626,961.5613557681895,957.8084570219313,68.66150440877776,3.752898746258211,-1.0232759168045746,4.776174663062785,984.6262712122638,920.7980024693769,0.06454023610082081,18.491355198299054,1225262221.0,84.20346198409736,81.87521760590667,0.012979722040558084,0.012896207337223551,0.011573023413714129,0.004692943926969839
2021-08-17,984.7598266601562,994.2923038234345,977.297622981309,986.8529072733435,12658169,954.1977569580079,968.2880310058594,965.1303512900306,959.804854772911,70.52742583287485,5.325496517119632,0.24647856998026668,5.0790179471393655,989.1876543954234,919.2078595205924,0.07106280433084852,18.348348565307642,1212604052.0,77.4578773933035,85.01913145788951,-0.004255748009258875,-0.004264829479609408,0.011507012684807569,0.01771969725377076
2021-08-18,988.5818481445312,995.0202580244994,979.4588769168306,989.1961361505759,10075860,955.9916442871094,967.9762902832031,968.7382738830307,961.9364839115495,69.79451545347757,6.801789971481185,1.5575408502804502,5.244249121200735,994.19075000281,917.7925385714087,0.07728061320849965,18.255722662256314,1222679912.0,82.34433933058283,81.33522623599457,0.0038811712063209214,0.0038736588927973828,0.011476825374711792,0.02660344478967458
2021-08-20,977.4796142578125,988.2861007519195,972.3607078932538,975.09076320503,9426282,956.6184234619141,967.8016247558594,970.083095479151,963.0878269001616,68.33311705329902,6.995268578989339,2.6450863960222284,4.350182182967111,995.8338770624857,917.4029698613424,0.0802378955603027,18.216717574114764,1213253630.0,66.17240654236173,75.32487442208269,-0.011230465041975557,-0.011294002868618619,0.01153213758838148,0.03684389897337659
2021-08-23,983.895263671875,989.1961455676026,970.2221199980743,989.1961455676026,9854395,957.9072479248047,967.6827185058594,972.2080444318777,964.6291185128812,65.76598077688564,7.5789259189965605,3.631854300617095,3.9470716183794656,998.9806088503116,916.8338869992978,0.083491327668805,18.138722813905353,1223108025.0,70.71325412974626,73.0766666675636,0.00656346108960415,0.0065420153664995095,0.011450660461770325,0.04989944256067247
2021-08-24,993.6098022460938,997.3863978639248,980.8239096504693,985.123805492856,11864472,960.3381500244141,967.4147180175781,975.5006225571417,966.7758358264525,66.4834962178754,8.724786730689175,4.650440786631512,4.074345944057663,1003.8740432791949,916.8022567696332,0.08763177085484915,18.450736883351794,1234972497.0,85.86086935776805,74.24884334329201,0.009873549485302169,0.009825124485774198,0.01102069399248992,0.034093535822756094
2021-08-25,1002.20947265625,1010.1267354530132,991.9717199859176,994.3833180171741,13380559,963.6961395263672,967.0297766113281,979.609676418543,969.4005496656968,66.81413949698656,10.20912675284626,5.762177979874462,4.446948772971798,1009.3290125164525,918.063266536282,0.09106454136606827,18.869999486434455,1248353056.0,88.66442453329141,81.74618267360192,0.008654977427473343,0.008617737828002278,0.010649827495281834,0.029283565364611963
2021-08-26,1014.8815307617188,1021.4564824929126,1003.3014677332652,1004.666525440298,18589616,968.0892761230468,966.851865234375,985.0361155482624,972.7695112283651,66.512249665913,12.266604319897283,7.063063247879026,5.203541072018257,1015.7281140698832,920.4504381762105,0.09388058902023975,18.585625339789924,1266942672.0,91.90018828572067,88.80849405892671,0.012644121265270813,0.012564851859288205,0.010434511068691822,0.028671409040476048
2021-08-27,1013.4937744140625,1020.4782919319844,1008.3294342208058,1017.8619111430866,10480636,972.0512939453125,966.9956506347656,989.4142169122316,975.7861233161946,77.76449146631565,13.628093596037047,8.37606931751063,5.252024278526417,1021.0038620687645,923.0987258218605,0.09660161583479536,17.23684118831611,1256462036.0,90.19058408189468,90.25173230030225,-0.0013674072348274224,-0.0013683429892358588,0.010487210548781361,0.07232641187800226
2021-08-30,1032.9910888671875,1035.539228921763,1017.7709708130757,1023.7771290070833,14027062,977.3965454101562,967.4925244140625,996.1183510591479,980.0235281718237,84.46996452811489,16.0948228873242,9.919820031473344,6.175002855850854,1028.5147834109637,926.2783074093488,0.09897130488679315,18.054243343325727,1270489098.0,97.22902087365428,93.10659774708988,0.019237724932644085,0.01905501940962478,0.010545626523456534,0.06842862246186399
2021-08-31,1027.4854736328125,1039.1337183154053,1020.2507393885751,1036.016904489164,26485463,981.6201965332032,967.7882849121094,1000.9440622243271,983.5392278356006,80.23477607319005,17.4048343887265,11.416822902923975,5.988011485802524,1034.6980002699072,928.542392796499,0.10331592046560113,18.12736730110643,1244003635.0,87.22243665145147,91.54734720233347,-0.00532977998911166,-0.005344033935970566,0.010363336344823162,0.08092894979673071
2021-09-01,1031.5577392578125,1043.2970916409213,1029.6922485674477,1034.2423608926047,11145486,985.7005157470703,968.0599267578125,1005.6538586910171,987.0961546076163,78.69745209726385,18.557704083400836,12.844999139019349,5.712704944381487,1041.026945113383,930.3740863807578,0.1072677316271582,18.067238965432928,1255149121.0,86.26924297273582,90.24023349928052,0.003963331579377005,0.003955498271283068,0.010339241377352157,0.07244926082072345
2021-09-02,1043.9796142578125,1050.0767599227504,1026.052128476792,1026.052128476792,9956770,990.0379180908203,968.6846594238282,1011.5501287782164,991.3097442113345,82.66438826231159,20.240384566881858,14.32407622459185,5.916308342290007,1049.4198692844957,930.6559668971449,0.1137607485485074,19.094264650795765,1265105891.0,93.26126625129932,88.9176486251622,0.012041861087618067,0.011969934720862777,0.010462494059647037,0.057182756272858626
2021-09-03,1086.796142578125,1089.753727352986,1047.6651320377116,1051.0776557907193,30664428,995.8222564697265,970.3513671875,1023.126438593587,998.3828107570228,85.66610414671847,24.7436278365642,16.407986546986322,8.335641289577879,1068.4919771730338,923.1525357664192,0.13373201809663837,21.032932577837737,1295770319.0,97.56416786830583,92.36489236411366,0.041012801146267375,0.0401940865277025,0.01314543479514778,-0.007096457230198139
2021-09-06,1103.67724609375,1128.4299004209945,1097.4889922462605,1097.944051619568,33641710,1003.4789733886719,972.8275439453125,1035.518870516689,1006.1823985597433,86.04527076550771,29.33647195694573,18.993683628978204,10.342788327967526,1087.4516413007643,919.5063054765794,0.15216888489691582,21.574082344688097,1329412029.0,84.35433816091765,91.72659076017426,0.01553290709661459,0.015413506335152944,0.011671581635217811,-0.023561150999566016
2021-09-07,1110.6387939453125,1118.4194539969155,1097.4888911294768,1105.6791166147452,17349882,1011.7545013427734,975.8893188476562,1047.0757818134005,1013.9199093290447,88.88269248926125,33.15587248435577,21.82612140005372,11.32975108430205,1103.7532699148467,919.7557327707002,0.16566820657374448,21.855216775067618,1346761911.0,88.75459447758483,90.22436683560277,0.006307593887797891,0.006287784274496189,0.01125521226318853,-0.02564618013831732
2021-09-08,1106.2933349609375,1116.599387104017,1095.0545376191697,1115.689388852755,14301651,1019.5647796630859,979.0320837402344,1056.1861746053291,1020.7623853017775,86.24264607584442,35.423789303551644,24.545654980753305,10.878134322798338,1115.938744174698,923.1908151514737,0.17422859103641822,22.282607373437518,1332460260.0,86.00791604449434,86.37228289433227,-0.003912576265176826,-0.003920250415364358,0.011562173676303434,-0.001295522167376273
2021-09-09,1103.67724609375,1109.2510915570197,1099.35460328716,1104.7237261918483,8963249,1026.5787963867188,982.1061474609374,1063.4924932958554,1026.9042268419237,90.99789023688234,36.58826645393174,26.954177275388993,9.634089178542744,1126.1080768350637,927.0495159383737,0.18035939546748733,21.83084651762196,1323497011.0,84.35433816091765,86.37228289433227,-0.002364733461292956,-0.0023675338591318353,0.011671317203707744,-0.014450096025759085
2021-09-13,1079.083740234375,1107.0441939852174,1077.4912130774987,1107.0441939852174,16311160,1032.517837524414,984.4803991699218,1065.8911466710122,1030.7693759821052,77.65734828125358,35.12177068890696,28.58769595809259,6.534074730814375,1129.5394864673503,935.4961885814777,0.17982227944953263,22.586486184635557,1307185851.0,66.56899904286344,78.97708441609181,-0.022283240817384753,-0.022535263180771647,0.013216390504732946,0.009614072811609864
2021-09-14,1077.67333984375,1089.2988378614205,1076.5584984650136,1080.6536720322044,8908356,1037.5866760253907,986.9420153808594,1067.7037917745104,1034.2437436755604,75.66336772488415,33.46004809894998,29.562166386264067,3.8978817126859155,1132.8171750099684,942.3561770408129,0.1767335155537671,22.31347555484637,1298277495.0,62.804310876751615,71.24254936017756,-0.001307035161440484,-0.0013078900769146896,0.013058604496703203,0.01530532492099268
2021-09-15,1082.1551513671875,1090.09504087413,1077.6960268089388,1077.6960268089388,9071075,1042.2460021972656,989.2102526855468,1069.9270778656914,1037.792736837903,75.03570439461873,32.13434102778842,30.07660131456894,2.0577397132194832,1136.5751858113613,947.9168185831699,0.17433578446661896,21.903953095080972,1307348570.0,63.018198134135886,64.13050268458365,0.0041587848170090425,0.004150160972971733,0.012924321465781888,0.021948524621785648
2021-09-16,1104.860107421875,1108.750437452325,1077.013388880378,1083.6338341939222,13448882,1048.2510162353515,991.7401171875,1075.3013901051042,1042.7606902144935,76.5116607731064,32.54069989061077,30.569421029777306,1.9712788608334613,1142.4625783924976,954.0394540782053,0.1705402548689774,22.79609871902986,1320797452.0,80.37493629655353,68.73248176914701,0.02098123917444017,0.020764164062130292,0.013243171143986418,0.025409860154895325
2021-09-17,1087.72900390625,1117.441336518829,1080.9265822690465,1112.9594649804742,34882133,1053.2083740234375,994.158505859375,1077.2133306898959,1046.0916764138829,70.01601583545353,31.121654276013032,30.679867679024454,0.44178659698857814,1144.5915828629036,961.8251651839714,0.16802569116257984,24.536519900358712,1285915319.0,63.21951002093905,68.87088148387616,-0.015505224055558875,-0.015626687220294692,0.014078241413408311,0.038547692677861845
2021-09-20,1089.4581298828125,1100.3783514488218,1078.3785593037167,1079.3340516110384,11779819,1058.8072998046875,996.7457067871094,1079.0971459503446,1049.3040063004703,66.83860380174089,29.79313964987432,30.502522073194427,-0.7093824233201076,1144.1782820813416,973.4363175280334,0.15672191511542904,24.533258303030475,1297695138.0,63.97478944475952,69.18974525408403,0.0015896661487859731,0.0015884039670083898,0.01358929533092121,0.05433620610159884
2021-09-21,1094.16748046875,1099.5820973964808,1084.7486779581968,1094.3039621775245,9915736,1064.3209106445313,999.5858935546875,1081.4156589531763,1052.6272266092317,69.97961289527832,28.788432343944578,30.159704127344458,-1.3712717833998802,1143.3272435683784,985.3145777206842,0.14441360090504646,24.244004053848602,1307610874.0,66.53334087834673,64.57588011468177,0.004322654039438989,0.004313338206899129,0.01358951683837661,0.05961240240890198
2021-09-22,1105.9068603515625,1111.139381442334,1091.2326692117995,1095.6690469817631,10995912,1069.9357635498047,1002.8556115722656,1085.1835360913894,1056.5738661457005,71.29831799966635,28.609669945688893,29.849697291013346,-1.240027345324453,1143.5611338181882,996.3103932814214,0.13314931466286092,24.536510784021875,1318606786.0,78.0000681373615,69.50273282015591,0.010729052080567403,0.010671904199628964,0.013605634389043336,0.04005347262442038
2021-09-23,1132.9344482421875,1136.1649964932392,1112.731907489886,1113.596411926489,15748397,1076.4720123291015,1006.5484875488281,1092.5298302684353,1062.2302055602552,73.51461761314536,30.29962470818009,29.9396827744467,0.359941933733392,1147.9611867494195,1004.9828379087836,0.12620178428017173,24.98176111943032,1334355183.0,96.34965740129628,80.29435547233483,0.024439298515638974,0.02414543707875066,0.014243832177640338,0.011787631913331653
2021-09-24,1129.658447265625,1140.0099957439372,1124.7898772433634,1139.1454911837202,15192163,1082.2108581542968,1010.0338818359374,1098.2419251910799,1067.2248901310234,64.32492590685152,31.017035060056514,30.155153231568665,0.8618818284878493,1151.2685109488873,1013.1532053597065,0.12226288921531407,22.799332934101763,1319163020.0,83.68588776771466,86.01187110212415,-0.002891606819481418,-0.0028957955912835075,0.014299972973738723,0.016514191128272904
2021-09-27,1148.6551513671875,1151.1350506158344,1126.2914067039237,1131.6150360883155,15373834,1088.968927001953,1014.0238830566407,1105.9978061412503,1073.2567613337021,64.82237320538061,32.74104480754818,30.67233154676457,2.068713260783607,1156.1402457668476,1021.7976082370584,0.11695645761905804,21.600039081890422,1334536854.0,96.67469307967146,92.23674608289413,0.016816325454428016,0.016676496482575152,0.014420075794869315,0.012557143985148178
2021-09-28,1159.3934326171875,1167.0603586138618,1143.354184437372,1153.0004562253168,18035258,1095.289044189453,1018.261865234375,1114.212517906779,1079.6372555028493,65.67675729908424,34.575262403929855,31.45291771819763,3.1223446857322266,1164.0512565946233,1026.5268317842829,0.11861756409978622,21.79829703253693,1352572112.0,91.52843269190288,90.62967117976301,0.009348568399505153,0.009305140980268847,0.014122349567400463,0.023998734016084544
2021-09-29,1150.2022705078125,1169.380959813766,1146.6531442405346,1169.380959813766,9719875,1101.4248840332032,1022.0425622558594,1119.7494029223228,1084.864293651365,63.69197974397267,34.885109270957855,32.139356028749674,2.745753242208181,1166.5148079737019,1036.3349600927045,0.11317996079378559,21.882794610278633,1342852237.0,79.33830990034978,89.18047855730804,-0.007927560956272672,-0.00795915113376666,0.014242337731576616,0.012658800140982418
2021-09-30,1146.2890625,1153.2735802131847,1137.6893908621353,1148.9054433620427,13590654,1107.1614501953125,1025.8673950195312,1123.8324274727347,1089.4142765290417,63.18087625266876,34.418150943693036,32.59511501173835,1.823035931954685,1166.2733498024756,1048.0495505881493,0.10313611381450863,22.289058973220758,1329261583.0,75.12251132001734,81.99641797075667,-0.0034021911694582796,-0.0034079917821006576,0.014385547844143823,0.021097503833702458
2021-10-01,1148.3138427734375,1155.6395643825463,1135.2550471541776,1138.4173546931033,8958928,1112.3781616210938,1029.77958984375,1127.598799057458,1093.7772073619599,74.889690353062,33.82159169549823,32.84041034849033,0.9811813470078974,1166.1903548539494,1058.5659683882382,0.09372384313139868,21.634168710410044,1338220511.0,77.30385864047697,77.25489328694803,0.0017663784290338214,0.0017648202173144122,0.014318599070730973,0.058465797816027676
2021-10-04,1163.0789794921875,1171.587662580675,1154.38820045178,1161.645680951927,10918552,1116.1923034667968,1033.7422888183594,1133.0572883551088,1098.9106719641989,78.01496761903637,34.14661639090991,33.10165155697425,1.0449648339356656,1173.0948098247286,1059.289797108865,0.09784805221529497,22.38656016832652,1349139063.0,91.00317374219412,81.14318123422947,0.012858102174479358,0.012776138628098762,0.011727897259901157,0.037752010061353314
2021-10-05,1187.2174072265625,1188.4914771861918,1159.0748554855732,1162.6012346483487,13533634,1120.3693115234375,1038.3242614746093,1141.3896143353325,1105.4519116132628,80.52623140645078,35.937702722069616,33.66886178999332,2.2688409320762943,1185.1263361268268,1055.6122869200483,0.10909042305009153,23.600483073343558,1362672697.0,98.8571117607231,89.05471471446474,0.020753902495008525,0.020541474374588115,0.012063994929518963,0.02245888078834546
2021-10-06,1164.762451171875,1192.1086164601513,1160.7811333493105,1192.1086164601513,10258881,1123.0754943847655,1042.7196752929688,1144.9854353871083,1109.8452849139007,67.43017203718088,35.14015047320754,33.96311952663617,1.1770309465713709,1190.5854819195195,1055.5655068500116,0.11592061105134645,23.571228397550254,1352413816.0,75.95519955518753,88.60516168603492,-0.018913937681510395,-0.019095094091980517,0.013057056806465423,0.05277657079939568
2021-10-07,1170.472900390625,1182.4624681330135,1168.334326130549,1180.7560859021983,6336665,1126.28447265625,1047.4281396484375,1148.9065838491877,1114.336219393658,75.79064556805314,34.57036445552967,34.084568512414876,0.4857959431147947,1196.4834603093163,1056.0854850031837,0.11994978718369063,22.22731859121854,1358750481.0,80.9762549924895,85.26285543613338,0.004902672826553323,0.004890693862803571,0.012979072550726098,0.04975901375333036
2021-10-08,1215.450927734375,1221.4343385648037,1174.613532001241,1176.3197940015023,15772493,1131.8731567382813,1053.1967822265624,1159.1441752161395,1121.8261977892666,80.93161696411622,37.31797742687286,34.731250295306474,2.5867271315663842,1211.6391527828619,1052.1071606937007,0.13125333853381638,24.296007593295226,1374522974.0,95.62250289837957,84.18465248201888,0.03842722657546305,0.03770728636149864,0.015133871528007044,0.013607949563793076
2021-10-11,1206.987548828125,1237.6326239992216,1203.6660128198464,1229.1694349795048,14768666,1138.2683471679688,1058.65146484375,1166.5046942333681,1128.1344460143673,77.19637421175737,38.370248219000814,35.45904988004534,2.9111983389554723,1220.6792525337528,1055.857441802185,0.1365563471566835,25.66266414623031,1359754308.0,79.06756513935748,85.2221076767422,-0.006963159690886012,-0.006987515615974543,0.0140307852806435,0.029857068045141544
2021-10-12,1213.8809814453125,1220.7972576970285,1201.800425485858,1203.5068077762007,6682011,1145.0787292480468,1064.40736328125,1173.7933538044365,1134.4860412314745,76.65086238055439,39.30731257296202,36.22870241862868,3.07861015433334,1228.9053507617944,1061.2521077342992,0.1381134111087877,25.597672716275724,1366436319.0,80.98358182521427,85.22454995431711,0.005711270695277992,0.005695023221926146,0.013933499931459923,0.012219893317785058
2021-10-13,1226.234619140625,1237.4051767394146,1214.563508294983,1218.9771386553036,9959762,1152.2827026367188,1070.071806640625,1181.8612407792348,1141.282232187708,74.82740048700002,40.57900859152687,37.09876365320832,3.480244938318549,1238.0814192418636,1066.483986031574,0.13993849996711827,25.11667694144897,1376396081.0,89.89921356296315,83.31678684251163,0.010176976066140764,0.010125539331128386,0.01395524622798749,-0.0268834801978316
2021-10-14,1228.7144775390625,1236.47251177523,1222.7083196035724,1228.6917305879201,8623469,1158.4754211425782,1075.6470690917968,1189.0694310499775,1147.7586948063267,76.47120995555635,41.31073624365081,37.94115817129682,3.3695780723539883,1247.6737953791583,1069.277046905998,0.14518975053542388,25.012682203669247,1385019550.0,91.9902560096623,87.62435046594658,0.0020223359867097557,0.002020293818125356,0.013547827562011623,-0.02703298522129116
2021-10-18,1231.99072265625,1249.0080910419072,1211.3786136242938,1214.2452110768702,13594479,1165.6885070800781,1081.1422521972656,1195.6727066817118,1153.9981042766915,74.31295776388326,41.67460240502032,38.68784701804152,2.9867553869787997,1254.1270485361497,1077.2499656240066,0.14357014193319972,25.925956025505148,1398614029.0,85.04007646309391,88.97651534523978,0.002666400678983827,0.002662852139179723,0.012650751906670796,-0.03907527871279848
2021-10-19,1243.024658203125,1251.8974138396732,1232.172677010528,1239.3617971163028,8833409,1173.3668334960937,1086.580557861328,1202.9576223003908,1160.5926638267977,74.35719490994373,42.364958473593106,39.42326930915184,2.9416891644412644,1260.595764117629,1086.1379028745584,0.14034947745546816,25.654564383143242,1407447438.0,92.39319649489295,89.8078429892164,0.008956183958175545,0.008916315213679523,0.012612911580090445,-0.025916594339231658
2021-10-20,1228.7144775390625,1247.9842743668398,1224.6649184645307,1247.9842743668398,12710570,1180.0941833496095,1092.1439892578126,1206.9202154140326,1165.6387241017803,72.20422422804444,41.28149131225223,39.79491370977192,1.4865776024803097,1262.20821133594,1097.980155363279,0.13365843649989867,25.696817263791655,1394736868.0,80.12477201879794,85.85268165892826,-0.01151238679749833,-0.011579167352859339,0.013250240533862001,-0.02703298522129116
2021-10-21,1193.2691650390625,1241.2729384033719,1184.4873969552518,1240.9999749681544,20831669,1184.4622985839844,1097.1068078613282,1204.8200538178833,1167.6854234304678,61.275526313676224,37.13463038741543,39.26285704530062,-2.128226657885193,1258.895033597481,1110.0295635704879,0.12475430890910506,28.639770985010987,1373905199.0,49.736746203728686,74.08490490580652,-0.02884747689389311,-0.029271744647228173,0.015289173792330742,-0.009113720851034013
2021-10-22,1195.4986572265625,1212.56163907253,1188.2639230760205,1192.1315066188683,11027475,1187.590509033203,1102.0150256347656,1203.385992803834,1169.7456629709193,61.31354131010402,33.64032983291463,38.13835160282343,-4.498021769908796,1258.058224726649,1117.122793339757,0.1178884062604037,28.91928518273533,1384932674.0,42.16058703173295,57.34070175141986,0.0018683900102514084,0.0018666467407033945,0.014507864385233698,-0.0346920031347242
2021-10-25,1183.850341796875,1219.4323525860245,1169.3809932455636,1219.4323525860245,17198417,1190.3001037597655,1106.4240942382812,1200.3805080335326,1170.7904539950641,55.05593472272465,29.590054038468452,36.428692089952435,-6.838638051483983,1255.347611961027,1125.252595558504,0.10989143797100387,30.831966577965577,1367734257.0,26.691234060282277,39.529522431914636,-0.009743478471745393,-0.009791256762584986,0.014728339523310978,-0.024598318310118827
2021-10-26,1210.8096923828125,1214.3815653473446,1184.464511564794,1190.8119938799573,9750178,1193.4078308105468,1111.4342297363282,1201.9849979334217,1173.7548420237863,55.66477945828116,28.230155909635414,34.78898485388903,-6.558828944253619,1255.9694279977753,1130.8462336233183,0.10333844795066086,30.911580995812074,1377484435.0,54.90627883810999,41.252699976708406,0.022772600246934838,0.022517175111393107,0.01508994044516663,-0.06022067046794155
2021-10-27,1195.4986572265625,1217.976256032517,1192.1087596672705,1206.691962726344,9896298,1195.2130920410157,1115.818271484375,1200.9870993631357,1175.3654950017697,57.64229966375661,25.621604361366053,32.955508755384436,-7.333904394018383,1255.6909988567704,1134.735185225261,0.10117603470347253,30.52158194255534,1367588137.0,32.50757223122856,38.035028376540275,-0.012645286251482424,-0.012725918348808263,0.015382034715274148,-0.05473095744382128
2021-10-28,1182.39404296875,1200.298779292571,1178.7085560280439,1192.1313011797695,9886181,1196.8226806640625,1119.6867797851562,1198.126629148615,1175.8861281845088,52.85896795989617,22.240500964106104,30.81250719712877,-8.572006233022666,1253.8730373937674,1139.7723239343577,0.09649973639322987,30.79945382136881,1357701956.0,15.77025473152633,34.394701933621626,-0.010961630260810096,-0.011022151611292129,0.015495965438627439,-0.03838595887002627
2021-10-29,1154.0244140625,1181.2795964610077,1138.3037421282204,1181.2795964610077,14233025,1197.2094482421876,1123.0720715332031,1191.3416729815203,1174.266741953249,33.993376031639656,17.074931028271294,28.064991963357276,-10.990060935085982,1252.9061522745837,1141.5127442097914,0.09652604113690738,30.30865829753673,1343468931.0,13.839390608021185,20.705739190258694,-0.023993379427910244,-0.024285909219008753,0.016490562645811606,-0.013524131330491684
2021-11-01,1154.7296142578125,1163.0108284889366,1134.8455291099833,1154.0243384080532,15481114,1197.5302368164062,1126.3950268554688,1185.7090485624883,1172.8195473091425,35.808747916309926,12.88950125334577,25.029893821354975,-12.140392568009204,1252.103763163588,1142.9567104692244,0.0945217402816125,29.89427888322088,1358950045.0,16.98741134632561,15.532352228624376,0.0006110790956579404,0.0006108924628550977,0.016487787642489163,-0.006344174059111696
2021-11-02,1137.8939208984375,1159.3705299389737,1135.3686486246918,1158.0054723596763,10569130,1196.2709838867188,1129.6033129882812,1178.3528750757112,1170.2324638713126,30.422013383473583,8.120411204398579,21.6479972979637,-13.52758609356512,1255.1815639954882,1137.3604037779494,0.10354318452155166,30.25178239058599,1348380915.0,2.604308162545053,11.143703372297283,-0.014579771014356369,-0.014687100378252589,0.01653870225964027,0.019633804270434707
2021-11-03,1130.06787109375,1146.6302984409235,1119.7845647630193,1140.2828162204378,11989430,1193.413507080078,1132.5267651367187,1170.9244129246401,1167.2573088507525,24.630861675162862,3.6671040738876854,18.051818653148498,-14.384714579260812,1259.3037660050481,1127.523248155108,0.11661292318875931,30.489035132286144,1336391485.0,7.7837291395376464,9.125149549469436,-0.006877662021876674,-0.006901422144719257,0.01576495452210038,0.02856749045856355
2021-11-04,1137.0067138671875,1139.7595760808606,1132.9799021702054,1134.3220924997154,1705656,1192.0257202148437,1135.3947033691406,1165.7063053773397,1165.016524037155,26.36323478696579,0.6897813401847088,14.57941119055574,-13.889629850371032,1261.5270626008778,1122.5243778288095,0.1222531785228359,30.198143190532782,1338097141.0,13.035938006336783,7.807991769473161,0.0061402000277395175,0.006121425811980512,0.01536962686431087,0.03771735661036901
2021-11-08,1138.417236328125,1146.6302085077364,1117.6913966426866,1146.3571247756797,20337183,1190.4229370117187,1138.118858642578,1161.507987062076,1163.0462064290787,25.6481612064309,-1.538219367002739,11.355885079044045,-12.894104446046784,1263.4082146061132,1117.437659417324,0.1282223692076252,29.57738136534967,1358434324.0,15.443301364694182,12.087656170189538,0.0012405577238325805,0.001239788867907245,0.015316153764027047,0.030316492303060105
2021-11-09,1147.40380859375,1150.6798507830363,1131.637644937905,1139.805123815544,15682497,1187.0205810546875,1140.7693041992188,1159.3381134515641,1161.8875102931283,24.84731642788539,-2.549396841564203,8.574828694922395,-11.124225536486598,1261.4238430238313,1112.6173190855436,0.12968975945849778,29.515632412614536,1374116821.0,22.804325508674637,17.094521626568532,0.007893917958068153,0.00786292399008265,0.012393122430533855,-0.0015068835342014752
2021-11-10,1160.235107421875,1163.920714976533,1139.1908094185892,1145.1287260147478,10253470,1184.682958984375,1143.704130859375,1159.4761125239197,1161.7651100804428,31.845527616247296,-2.2889975565230998,6.4020634446332965,-8.691061001156395,1259.3820153683669,1109.9839026003833,0.12876537851018557,29.616385959445584,1384370291.0,34.425619046920204,24.224415306763007,0.0111828971910517,0.01112083088832076,0.012732144249712968,-0.033687525027234044
2021-11-11,1162.35107421875,1169.6084350981216,1153.7057882040397,1155.7533749476675,10722478,1182.106463623047,1146.2913305664063,1159.9184143231244,1161.8085148314285,40.04393105575851,-1.8901005083041582,4.7436306540458055,-6.633731162349964,1256.1166760929573,1108.0962511531366,0.12734571182747825,26.696179205585718,1395092769.0,43.89547666575543,33.708473740450096,0.0018237396742604162,0.0018220786802345306,0.012639231683641386,-0.031805989930665635
2021-11-12,1179.8916015625,1182.462488249801,1163.4656563781518,1166.1502778119302,8712341,1179.7893127441407,1149.339453125,1162.9912123599513,1163.148002737434,45.42539434772359,-0.1567903774825936,3.7635464477401257,-3.9203368252227193,1250.8243783657979,1108.7542471224835,0.12040947749367359,26.397157636624407,1403805110.0,61.13585659038122,46.48565076768562,0.015090558896363904,0.014977829101381403,0.012934535487109808,-0.0884462042577071
2021-11-15,1172.9300537109375,1184.03237124433,1169.3809275416072,1183.0312646799675,4803269,1177.0000915527344,1152.1668994140625,1164.5202648754876,1163.8725991058416,46.708711449178764,0.6476657696459824,3.140370312121297,-2.4927045424753147,1244.2250715426785,1109.7751115627902,0.11462743200629315,23.86859223392883,1399001841.0,55.08175152639403,53.37102826084356,-0.005900158830136171,-0.005917633536846035,0.01293119007476431,-0.07446275192032836
2021-11-16,1145.6748046875,1171.6559135252794,1135.255016670807,1170.3136027722971,11337581,1172.6842956542969,1154.2008032226563,1161.6209633081048,1162.5246143341126,30.40381181292095,-0.9036510260077648,2.3315660444954847,-3.2352170705032495,1236.0146282768023,1109.3539630317914,0.11055551254752392,24.378864626047466,1387664260.0,27.90392110513546,48.0405097406369,-0.023236892035639167,-0.02351112515813465,0.013688849568335878,-0.0661266558754009
2021-11-17,1121.149658203125,1137.0523041547756,1119.7846004549367,1137.0523041547756,10202029,1166.5905456542969,1154.8878735351564,1155.3946086765695,1159.4598027688542,28.80670149317764,-4.065194092284628,1.0522140171394623,-5.11740810942409,1224.6582898761872,1108.5228014324066,0.10358607130997281,24.380486616570092,1377462231.0,4.186383165114524,29.05735193221467,-0.02140672587372172,-0.021639173105690548,0.013912369348959674,0.011749087425735993
2021-11-18,1125.38134765625,1132.5250946894785,1114.8023291834122,1119.3296951135449,8505625,1161.4238891601562,1155.3219555664064,1150.7771839042127,1156.9354727605132,32.88255930105623,-6.158288856300487,-0.3898865575485277,-5.768402298751959,1214.3812248492002,1108.4665534711123,0.09411447203978336,24.104239633822885,1385967856.0,15.280964965146403,15.79042307846546,0.0037744197861213635,0.0037673145369436054,0.013958724298615666,-0.0245422450115651
2021-11-22,1075.53466796875,1114.3244768150466,1069.733232783756,1108.4548007788628,24124307,1155.5371643066405,1154.619873046875,1139.2014122218338,1150.9057835166789,29.12628734234667,-11.704371294845032,-2.652783505007829,-9.051587789837203,1218.7678086038356,1092.3065200094454,0.1175799277890544,24.929797778963202,1361843549.0,5.075659592083803,8.18100257411491,-0.04429314542249352,-0.045304050424845574,0.01570674737267445,0.03289266103568589
2021-11-23,1085.5904541015625,1092.597718814344,1050.6228528101806,1061.5658216102945,25326999,1150.0417541503907,1154.2058154296874,1130.953572511023,1146.067610967411,32.48413828192133,-15.114038456388016,-5.145034495283866,-9.96900396110415,1217.6048614813942,1082.4786468193872,0.1244725523805732,25.916195395049645,1387170548.0,26.210724468194307,15.522449675141504,0.009349569504629507,0.009306132812683568,0.015967402323578184,0.008194053023015346
2021-11-24,1069.9151611328125,1096.5333013250884,1066.3432887089373,1082.9284607430122,16820296,1144.3449951171874,1153.5305737304689,1121.5630476836059,1140.4266887574406,32.67626051232668,-18.863641073834742,-7.888755810994041,-10.9748852628407,1218.7703205088424,1069.9196697255325,0.1391237886803181,26.358204773754583,1370350252.0,14.460968414341393,15.249117491539835,-0.014439416733562638,-0.014544679630005324,0.016079786491417822,0.049162411456351585
2021-11-25,1134.3221435546875,1138.4400635861748,1072.5315589664726,1079.7435455818988,42401936,1140.5206176757813,1154.635341796875,1123.5259855099262,1139.9745002239033,50.84149003649769,-16.448514713977147,-9.600707591590663,-6.8478071223864845,1208.1126560544963,1072.9285792970663,0.11917608901982303,29.33528825771587,1412752188.0,62.738619947266535,34.47010427660074,0.06019821455159269,0.058455885502609294,0.020921284980848477,-0.004051282089913122
2021-11-26,1097.761962890625,1127.33768989774,1092.7112978197426,1122.8785658449294,15763138,1135.6337829589843,1155.0371142578124,1119.5622897223413,1136.8476456066235,43.051651449875266,-17.285355884282126,-11.137637250128956,-6.14771863415317,1200.5699329803772,1070.6976329375914,0.11830643111445242,31.615226882561178,1396989050.0,35.334143045691896,37.51124380243328,-0.032230862168917795,-0.03276171412592572,0.021832520372550037,-0.0018029847214448003
2021-11-29,1110.911865234375,1137.530130735484,1091.6193215192616,1109.819891228915,24325354,1132.0596740722656,1155.6122485351561,1118.2314551857312,1134.9264766901606,45.32448711571785,-16.695021504429405,-12.249114100989047,-4.4459074034403585,1193.9568863489578,1070.1624617955733,0.11143496475957336,32.82751240764493,1421314404.0,45.19093774669532,47.75456691321792,0.01197882855143173,0.011907650242715517,0.022050748967864704,-0.03231614653555426
2021-11-30,1094.48583984375,1126.5642137673601,1086.9553960411952,1122.9695939867834,32172299,1129.082745361328,1155.4047631835938,1114.5782835946573,1131.9308739607968,41.22661159496172,-17.352590366139566,-13.269809354019152,-4.082781012120414,1192.2460414004815,1065.9194493221746,0.11542094696843355,34.29655611343305,1389142105.0,32.87845391248546,37.801178234957554,-0.014786074309467878,-0.014896477948793162,0.021679828514874624,-0.009790399940754146
2021-12-01,1122.5147705078125,1125.699825172228,1103.4496957163708,1107.044315866843,10104610,1127.4720031738282,1156.100478515625,1115.7992815812966,1131.2333848161313,44.04628638592635,-15.434103234834765,-13.702668130182275,-1.7314351046524905,1189.514596255826,1065.4294100918303,0.11054214111397492,34.75970466847121,1399246715.0,53.88814721835509,43.98584629251196,0.025609221831562445,0.02528679878928314,0.022566458114073557,-0.019821782951291778
2021-12-02,1129.7266845703125,1135.8010837797613,1120.057665060323,1123.7432731717324,12720411,1127.0636413574218,1156.905849609375,1117.941958964222,1131.121777390515,44.93214709868671,-13.179818426292968,-13.598098189404414,0.4182797631114461,1188.9246536082078,1065.2026291066359,0.10951500587828387,34.74833122742523,1411967126.0,59.29399392786534,48.68686501956862,0.0064247832206585365,0.006404232277545087,0.022397836911517522,-0.010632951549809033
2021-12-03,1095.78271484375,1136.8475802217874,1092.028866217897,1136.8020863205188,19222481,1125.349383544922,1156.938154296875,1114.5328444841493,1128.5040690537176,37.568129722057925,-13.971224569568221,-13.672723465437176,-0.298501104131045,1188.7411069704476,1061.9576601193962,0.1157012655279288,36.513138368342325,1392744645.0,33.85055471549557,49.01089862057199,-0.030046178593606476,-0.03050681541548055,0.02334469587531165,0.02105261516208934
2021-12-06,1075.011474609375,1103.4042449873536,1072.5316957069635,1099.3091917377637,10332254,1122.2496215820313,1156.3202465820314,1108.452633734184,1124.541654650433,36.09462634459589,-16.089020916248955,-14.155982955599534,-1.933037960649422,1189.204070490157,1055.2951726739057,0.12456508695863876,37.67178876674713,1382412391.0,20.15038011506756,37.76497625280949,-0.018955619533875256,-0.019137580413442382,0.023597856905052592,0.0199143949907874
2021-12-07,1083.7703857421875,1093.8488493527543,1073.8284038337267,1081.1768723394634,11235122,1119.5172790527345,1155.3369653320312,1104.6553648123383,1121.5215606572297,40.721555360556195,-16.86619584489131,-14.698025533457889,-2.1681703114334194,1188.1332392892466,1050.9013188162223,0.12662453438330956,36.41074651523978,1393647513.0,37.74605528770756,30.582330039423564,0.008147737340194583,0.008114723731224365,0.023706337522744363,-0.0007137670308113853
2021-12-08,1100.2645263671875,1106.4981533356588,1094.8954038300121,1102.994641711683,8744178,1117.1603149414063,1154.7490869140624,1103.9798512053922,1119.946965524634,46.79244589508345,-15.967114319241773,-14.951843290614667,-1.0152710286271063,1184.9768117013905,1049.3438181814222,0.12327307685525069,36.18485818387607,1402391691.0,56.5284106814421,38.14161536140574,0.015219220641191855,0.015104570100510594,0.023925923414762334,-0.01856831082102839
2021-12-09,1117.71435546875,1126.1093048249602,1103.404235637729,1107.9543482561612,13213547,1115.03427734375,1154.1302709960937,1106.0928518612934,1119.7815870019758,48.86844012879236,-13.688735140682411,-14.699221660628217,1.0104865199458057,1179.7605598963464,1050.3079947911538,0.11581900551944016,36.76500196614081,1415605238.0,76.39903620822538,56.89116739245835,0.015859667092219754,0.015735216675709724,0.0240820887142497,-0.021392774124440406
2021-12-10,1118.851806640625,1122.0596079618992,1105.8383850496557,1110.343003210938,8364414,1112.8593139648438,1153.3194384765625,1108.0557679811907,1119.7127143826165,57.46665555398835,-11.656946401425785,-14.090766608787732,2.433820207361947,1173.697616134229,1052.0210117954584,0.10875131417457963,33.948795397551486,1423969652.0,77.69428478400113,70.20724389122286,0.0010176581935354978,0.0010171407304733235,0.024076746997538173,-0.04819131988032688
2021-12-13,1096.419677734375,1125.7451889893634,1093.8487910647625,1125.4722255996962,12901733,1108.6857177734375,1152.2437866210937,1106.2656002509113,1117.9873042605245,51.790268579259845,-11.721704009613177,-13.616954088952822,1.895250079339645,1161.0201207824887,1056.3513147643864,0.0954641804991938,33.22890482043988,1411067919.0,41.71669131695973,65.27000410306208,-0.020049240456252115,-0.020252953943382578,0.024074410630711814,-0.05490415692945905
2021-12-14,1082.996826171875,1094.758924705155,1079.925506579218,1082.9285853235253,12991523,1104.1890563964844,1150.9779418945313,1102.6857888541365,1115.3954169946987,52.17886517813597,-12.709628140562245,-13.435488899274707,0.7258607587124626,1148.0498683933772,1060.3282443995915,0.08099896682417791,32.250630430368865,1398076396.0,15.878477695145854,45.09648459870223,-0.01224243949199888,-0.012317995447087282,0.024150889120366593,-0.02894776885698791
2021-12-15,1079.83447265625,1094.3038186187,1074.3287482907106,1084.7485356529048,9366969,1100.897039794922,1149.6083544921876,1099.1702017467694,1112.7612729696284,38.59851226633734,-13.591071222859,-13.466605363991567,-0.124465858867433,1141.4023803386406,1060.3916992512034,0.07502138812827641,28.78278527855652,1388709427.0,11.235311967080051,22.943493659728542,-0.002920002569908875,-0.002924274094681756,0.023709359526179426,-0.0029916332843620275
2021-12-16,1093.8033447265625,1099.0814796358936,1077.764217447417,1094.6223552854042,9761279,1099.5297241210938,1148.222841796875,1098.3445314359683,1111.3569819886607,49.08517164738529,-13.012450552692371,-13.375774401731729,0.3633238490393573,1138.9892392139316,1060.070209028256,0.07215102291116547,27.333243596665934,1398470706.0,32.726401812502104,19.946730491575998,0.012936123474508898,0.012853166491126776,0.023525345988239663,-0.016078010480962024
2021-12-17,1064.932861328125,1095.6689246022736,1055.6277943848347,1091.1415595298965,21049821,1096.5072998046876,1145.7771508789062,1093.2042744963,1107.9181582360284,40.094109377380974,-14.713883739728317,-13.643396269331047,-1.0704874703972695,1136.879095130562,1056.1355044788131,0.0758203578684294,26.913980811038545,1377420885.0,11.456650429804721,18.472788069795623,-0.02639458321061794,-0.026749173654019406,0.024163526494178557,0.01382221086138924
2021-12-20,1036.2216796875,1054.6495980178693,1022.4574879615027,1054.6495980178693,14325846,1094.541650390625,1143.2063354492188,1084.4377214487924,1102.6073079731743,38.07842016494534,-18.169586524381884,-14.548634320341215,-3.6209522040406696,1142.355253341912,1046.7280474393378,0.09228450608311249,27.118734785356928,1363095039.0,12.032678227549422,18.73857682328541,-0.026960555621147853,-0.027330658687851107,0.022860688441987194,0.040793037543433996
2021-12-21,1051.646484375,1067.4581418231853,1042.9785726603923,1051.6919782743073,12836561,1092.8444519042969,1140.8298071289062,1079.392915745132,1098.8324321510872,34.710854800363364,-19.439516405955146,-15.526810737464002,-3.912705668491144,1144.2692660611824,1041.4196377474113,0.0977986707908744,27.120340271586024,1375931600.0,25.51706693865156,16.33546519866856,0.01488562243954572,0.014775918892386193,0.023033291604754445,0.03770686962222558
2021-12-22,1076.60400390625,1079.2431318361741,1056.5380624164334,1057.8575060271485,17658543,1093.1788940429688,1138.0528686523437,1078.963852385304,1097.185881910729,39.35441700681011,-18.222029525424887,-16.06585449505618,-2.1561750303687077,1144.0599574682078,1042.2978306177297,0.09452140850419827,27.966999467424298,1393590143.0,47.33497007858709,28.294905081596017,0.02373185276807388,0.02345462979415892,0.023467861363426212,0.015384022295947375
2021-12-23,1076.2171630859375,1082.9285964305648,1072.9411209146308,1080.1984810516549,9072401,1090.2736450195312,1135.4374609375,1078.5412848007861,1095.632643479263,45.46985926057821,-17.09135867847681,-16.270955331740307,-0.8204033467365015,1137.7872249542393,1042.760065084823,0.0882973837705171,25.479053861141697,1384517742.0,51.86563704400357,41.57255802041407,-0.0003593157919801193,-0.00035938036136696594,0.018815153892154584,-0.002600049385399039
2021-12-24,1079.652587890625,1088.3887407376528,1063.6133400712515,1078.3785179602155,7886494,1089.3681762695312,1132.7528930664062,1078.712254506915,1094.4489356578824,51.168382257142184,-15.736681150967343,-16.164100495585714,0.4274193446183716,1136.9710306694822,1041.7653218695802,0.0881818002084452,25.043543245856785,1392404236.0,55.180026418557325,51.46021118038266,0.0031921297322901054,0.0031870457025580494,0.01748512147021359,-0.001959745894460685
2021-12-27,1078.4923095703125,1082.0186888381238,1068.413845410363,1074.5337382222722,4017223,1087.7471984863282,1129.798046875,1078.6784168243607,1093.2669633550995,48.61840709056054,-14.588546530738768,-15.848989702616326,1.260443171877558,1134.4607789779095,1041.033617994747,0.08662756345512132,24.585285953623448,1388387013.0,54.06062653207992,53.702096664880266,-0.0010746774780389101,-0.0010752553579399216,0.01722926672293502,0.014175650528482686
2021-12-28,1091.30078125,1094.2356191315223,1079.766272622182,1080.9264873926504,6374613,1087.5879455566405,1127.0497729492188,1080.62031904369,1093.1213202362032,47.60747949429002,-12.501001192513286,-15.179392000595719,2.6783908080824332,1134.2264541414736,1040.9494369718075,0.08547324328204417,24.086396094176198,1394761626.0,66.41783556820977,58.552829506282336,0.011876275394852476,0.01180630587624673,0.017165356456905246,0.02489156521925895
2021-12-29,1093.16650390625,1100.674201497558,1083.8841830224792,1087.9338625439977,15425312,1086.1205322265625,1124.2732885742187,1082.5505013302377,1093.1246671747251,42.85337578634704,-10.574165844487425,-14.25834676937406,3.684180924886636,1129.8905916130227,1042.3504728401024,0.08007940095137397,23.439627523983777,1410186938.0,68.45831133852977,62.97892447960648,0.0017096319257765558,0.0017081721686438508,0.01608632358001367,0.02792918543598044
2021-12-30,1073.4189453125,1094.2812707813944,1067.276305271878,1092.02896140955,29333171,1083.3051452636719,1120.8811743164063,1081.145646558278,1091.6649840738196,38.06624923407849,-10.519337515541565,-13.510544918607563,2.9912074030659976,1122.2421840008312,1044.3681065265125,0.07254770172856187,24.209894852360403,1380853767.0,49.33932776445243,61.405158223730645,-0.018064547827970734,-0.018229703773760653,0.016404285269516258,0.024331183854160443
2021-12-31,1077.5367431640625,1084.703115610681,1073.828388538488,1079.7435583793856,9477290,1082.3928466796874,1117.8576196289061,1080.5904306514756,1090.618447710134,44.51205623778784,-10.028017058658406,-12.814039346617733,2.7860222879593266,1120.9521124177302,1043.8335809416446,0.07156928240761039,22.737592879044687,1390331057.0,70.41877971063808,62.73880627120675,0.003836151643814789,0.00382881237780117,0.01509923865485635,0.028651049525324046
2022-01-03,1093.7806396484375,1095.6462506930534,1075.4437086416906,1076.1034905748938,5421611,1083.3313049316407,1115.8678491210937,1082.6196935740852,1090.8526841500084,53.08353513766984,-8.232990575923168,-11.897829592478821,3.6648390165556535,1122.0474479674838,1044.6151618957977,0.07079324982070845,23.002476514487967,1395752668.0,91.18658719040317,70.31489822183123,0.015075027916613415,0.014962528891534804,0.01485279510958492,0.014206410065968011
2022-01-04,1118.4649658203125,1119.7845295836617,1093.8487950722674,1099.2635318209977,10847728,1085.0660339355468,1114.3271752929688,1088.1343508427356,1092.8980383478088,59.835489322680225,-4.7636875050732215,-10.471001174997703,5.707313669924481,1126.8523559638663,1043.2797119072272,0.07472084205636664,23.433106486433303,1406600396.0,98.64419616342764,86.74985435482296,0.02256789458241748,0.02231700730000097,0.015553008974883917,-0.0010371663084115523
2022-01-05,1123.69775390625,1127.0649046036285,1107.0215901475167,1120.2397357543007,11643813,1086.2376953125,1113.1241235351563,1093.6056436217377,1095.1794987595451,57.96559339408345,-1.5738551378074135,-8.691571967559645,7.117716829752231,1131.024721568734,1041.4506690562657,0.07971365271585434,23.342110219835813,1418244209.0,96.78115490619011,95.5373127533403,0.004678544474658208,0.004667634101998866,0.015246062697819519,0.020853457539608655
2022-01-06,1099.5364990234375,1116.5994791465537,1096.1238548571225,1115.3254092772324,14447422,1085.3288024902345,1110.8986596679688,1094.518082914307,1095.5022395198334,59.45775699569066,-0.9841566055265503,-7.150088895153026,6.165932289626475,1128.1195429949314,1042.5380619855375,0.07783414291876967,22.451593707813572,1403796787.0,73.68407856289411,89.70314321083727,-0.021501560182728863,-0.021736086610975668,0.01563474087088599,0.0491620059633171
2022-01-07,1108.4093017578125,1118.4422714413886,1097.2842377517782,1106.111498715673,13112115,1084.8066772460938,1109.1568725585937,1096.6551935056154,1096.458318204128,72.1299353060693,0.19687530148735277,-5.68069605582495,5.877571357312303,1126.1039075348413,1043.5094469573464,0.07451621025419879,20.928926588027007,1416908902.0,77.81375115852609,82.75966154253676,0.00806958454062734,0.008037199548926913,0.01575464579543058,0.04228240494118496
2022-01-10,1109.3193359375,1117.9646215781718,1099.3318598320666,1115.6895654128748,9246731,1085.45166015625,1107.6953784179686,1098.6035231105209,1097.4109861843779,69.40739693366595,1.1925369261430205,-4.306049459431356,5.498586385574376,1127.8994719203727,1043.0038483921273,0.07652947242328463,20.028662274485573,1426155633.0,74.83856058693807,75.44546343611943,0.0008210271947775016,0.0008206903363175809,0.015056941249755054,0.04686205645881869
2022-01-11,1117.304931640625,1126.1320732620725,1107.9543693940097,1108.4094288062329,16205164,1087.1670654296875,1106.9609887695312,1101.480662884383,1098.8846117737296,65.4623751984769,2.596051110653434,-2.9256293454143982,5.521680456067832,1131.9081494017928,1042.425981457582,0.08008750826224056,19.35588058926333,1442360797.0,84.61823118818522,79.09018097788312,0.007198644650303843,0.007172858086157548,0.014803296041656705,0.0269795722958317
2022-01-12,1147.1307373046875,1148.8826135216357,1121.6045672988503,1124.4711644227355,14800442,1090.5318786621094,1106.8090112304687,1108.5037512567376,1102.458398850097,72.01577156368101,6.045352406640632,-1.1314329950033923,7.176785401644024,1142.49100732142,1038.5727500027988,0.09058972437857335,20.898038186768808,1457161239.0,97.94547772364098,85.80075649958809,0.026694418702929212,0.026344339156188824,0.01577006337262831,0.00019846136574397377
2022-01-13,1153.5919189453125,1156.185552589028,1141.3521345231045,1147.199063341914,11856712,1093.521307373047,1107.1229711914064,1115.4403924395954,1106.246067005298,72.53182929812337,9.194325434297298,0.9337186908567456,8.260606743440553,1152.657101151111,1034.385513594983,0.10252463250978686,20.187896572448967,1469017951.0,97.08283027587157,93.2155130625659,0.00563247189749827,0.0056166688400754745,0.015615225781027317,-0.022817657780634826
2022-01-14,1155.2755126953125,1168.1523329319614,1149.2921017722908,1153.455515914101,19930176,1098.0384399414063,1107.6271240234375,1121.5688724789366,1109.877877797151,73.32406314962853,11.690994681785469,3.0851738890424905,8.605820792742978,1161.614573989345,1034.4623058934676,0.11006228964312169,20.56328141044251,1488948127.0,87.23500465253093,94.08777088401449,0.0014594361509912002,0.0014583722090961671,0.01403871790988312,-0.02408417060113055
2022-01-17,1161.3043212890625,1167.1057561240766,1154.3654186486065,1154.82047798332,8036453,1104.2925720214844,1108.113076171875,1127.682018449725,1113.687243981737,72.1781213993678,13.994774467988009,5.267094004831594,8.727680463156414,1166.865677779878,1041.7194662630907,0.10776349422162962,20.34878340431825,1496984580.0,93.21145786300548,92.50976426380265,0.005218502883078013,0.005204933683706035,0.011975019357928864,-0.06831213429891825
2022-01-18,1147.4493408203125,1165.9000062324892,1144.6964783846606,1162.4419883292344,6215029,1109.08271484375,1108.2937182617188,1130.723144968277,1116.1881400438538,65.98336408321873,14.53500492442322,7.120676188749919,7.4143287356733,1169.3105388276392,1048.8548908598607,0.10497687669737532,20.664034073800376,1490769551.0,79.47679682411221,86.64108644654954,-0.011930533809924038,-0.012002273796911267,0.01239597210860702,-0.05890634001088313
2022-01-19,1147.3583984375,1156.6405988874542,1141.6252038335633,1151.1804880553777,9755485,1112.6204345703125,1108.2928100585937,1133.2824147327728,1118.4970480730128,74.6212379814333,14.78536665976003,8.653614282951942,6.1317523768080875,1173.1269949572852,1052.1138741833397,0.1054710724554281,19.807636184112848,1481014066.0,77.95476575014843,83.5476734790887,-7.925612014159089e-05,-7.925926107384067e-05,0.011561086569878722,-0.072771396592887
2022-01-20,1127.2696533203125,1142.0575796806486,1117.0545865844654,1137.5529609143537,16494486,1115.1730590820312,1107.6335009765626,1132.3573745154713,1119.146870683924,64.9685427318725,13.210503831547385,9.564992192671031,3.6455116388763535,1173.4808483677828,1056.8652697962796,0.10344958566747382,21.16618200945954,1464519580.0,55.90196713069089,71.11117656831718,-0.017508692266117398,-0.01766378236805231,0.012445123461831013,-0.0571556320890374
2022-01-21,1127.45166015625,1138.5539787102412,1115.689679954786,1115.689679954786,13338594,1117.5630126953124,1106.9355126953126,1131.6026492294372,1119.7620402744665,61.218971535350114,11.840608954970776,10.020115545130981,1.820493409839795,1173.6153650837487,1061.5106603068762,0.09943193906986332,21.356307488323278,1477858174.0,45.22377541023959,59.69350276369297,0.00016145811732037885,0.000161445084361387,0.012453335968779256,-0.03682632163154864
2022-01-24,1081.97314453125,1139.6914253053906,1071.5988501296624,1126.1547030087693,21868937,1117.7370544433593,1104.9771435546875,1123.9673408143315,1116.962862812006,39.320949855350946,7.004478002325413,9.416988036569869,-2.4125100342444554,1173.2980736298925,1062.176035256826,0.1027031391072175,24.362642148359278,1455989237.0,10.74460920557608,37.290117248835514,-0.04033744171231013,-0.04117355809514371,0.015680285068365357,0.0003363222122487741
2022-01-25,1079.8572998046875,1086.8644436444313,1048.802657948011,1069.0734401117095,24510205,1117.1648803710937,1103.1156884765626,1117.1811806590017,1114.2143025892417,36.93203029688255,2.966878069760014,8.126966043207899,-5.160087973447885,1174.09110993685,1060.2386508053373,0.10543287446601048,25.649675808381307,1431479032.0,26.019879702724232,27.329421439513297,-0.001955542738982796,-0.0019574573091077747,0.015445118092500832,0.00433994698961393
2022-01-27,1063.863525390625,1072.0537511885557,1051.5554999211186,1062.9080331478985,20020431,1115.6997314453124,1101.479462890625,1108.9784644638669,1110.484615389344,38.82233963517019,-1.5061509254771863,6.200342649470882,-7.706493574948069,1176.5965523839145,1054.8029105067103,0.11448239268517503,25.701668725127124,1411458601.0,12.619110562733466,16.46119982367792,-0.014811007358986439,-0.01492178551334042,0.015764117953597837,0.006265855972975798
2022-01-28,1062.83984375,1081.0630398643073,1059.4500666597933,1076.103482458547,14667727,1115.1707763671875,1100.3132666015624,1101.880215123272,1106.955373045689,34.982730166638305,-5.07515792241702,3.945242535093302,-9.020400457510322,1177.7738119143937,1052.5677408199813,0.11780332834780634,25.734164404763096,1396790874.0,11.761394242388159,16.800128169281948,-0.0009622302261459437,-0.0009626934668366349,0.015259140705870082,-0.001948021221153562
2022-01-31,1085.9317626953125,1094.9409997464795,1072.0993294430996,1073.91944662709,12143683,1115.59052734375,1099.5242749023437,1099.426607057432,1105.3980685752906,43.27577698609873,-5.971461517858643,1.9619017245029133,-7.9333632423615565,1177.236359458665,1053.944695228835,0.11353536977665776,26.696192565504116,1408934557.0,31.10951475316821,18.496673186096604,0.021726621448286743,0.021493962308172417,0.016024718144391964,-0.02912099468151419
2022-02-01,1082.3370361328125,1101.4019884840088,1067.958677458383,1095.668914786197,13200509,1115.0183471679688,1099.660322265625,1096.7974422997981,1103.6898439499219,39.68587050670213,-6.892401650123702,0.1910410495775902,-7.083442699701292,1177.7199237531652,1052.3167705827725,0.11586331150457331,27.78659307675863,1395734048.0,28.097586515447173,23.656165170334507,-0.0033102692876187945,-0.003315760350276501,0.01566865062194661,-0.00952201572096334
2022-02-02,1084.5438232421875,1095.2138271372608,1080.6989871423398,1095.2138271372608,10017691,1113.3222900390624,1099.6393896484376,1094.9122701370889,1102.2716201937933,27.94612562610969,-7.359350056704443,-1.3190371716788165,-6.040312885025626,1177.450207988402,1049.1943720897227,0.11825786395174444,26.567818656323652,1405751739.0,29.946596250625145,29.71789917308017,0.0020389093560539973,0.0020368336014110556,0.01472847765777756,-2.0822586721314096e-05
2022-02-03,1070.529541015625,1092.6886822523618,1068.0042683536662,1088.3887863228124,9572839,1110.6638793945312,1099.6516772460936,1091.161081041479,1099.9203550694845,22.210387628883794,-8.759274028005393,-2.807084542944132,-5.952189485061261,1177.338388076448,1043.9893707126146,0.1245636035763417,27.271461215807367,1396178900.0,18.204392320593776,25.41619169555536,-0.012921821992095794,-0.013006034977310713,0.014869115762497772,0.01202846867959484
2022-02-04,1060.7694091796875,1068.5729364671636,1056.1283095273284,1065.1830393454286,11061241,1108.7255249023438,1098.1806225585938,1086.485439216588,1097.0202850035735,20.002851725454548,-10.534845786985443,-4.352636791752395,-6.182208995233048,1178.9231005303418,1038.5279492743457,0.13235218704559576,26.952961239280658,1385117659.0,10.115332071663634,19.422106880960847,-0.009117106499161087,-0.009158921664203007,0.014273999045932658,0.019345618432043965
2022-02-07,1054.308349609375,1072.3723159767667,1048.8026250078512,1065.638135750538,10714467,1106.0204772949219,1097.3115502929688,1081.5351177385553,1093.8564379373365,16.131383080471394,-12.321320198781223,-5.94637347315816,-6.3749467256230625,1180.3191016823441,1031.7218529074996,0.14094287390392035,27.726486488812466,1374403192.0,4.701834100725643,11.00718616432768,-0.006090918077387819,-0.0061095433875728335,0.014114432247096098,0.009257263085548972
2022-02-08,1072.031005859375,1073.8283759531457,1051.0776952115107,1060.4737500675897,12060849,1104.1560607910155,1096.5339331054688,1080.07294668022,1092.239739264895,26.697574282712765,-12.166792584675022,-7.190457295461533,-4.976335289213489,1179.9622364246998,1028.3498851573313,0.1414253416540234,27.83699740979864,1386464041.0,21.540075370149264,12.119080514179508,0.016809746651979207,0.0166700264608351,0.01474538534955308,0.02627293904700001
2022-02-09,1084.521240234375,1086.2047554004216,1072.9184893348381,1078.9017802245178,11486225,1102.5168762207031,1096.3346411132814,1080.7572995347052,1091.6679985959677,31.96659860762182,-10.910699061262449,-7.934505648621717,-2.9761934126407317,1178.5433703665763,1026.49038207483,0.1402028680036605,27.77687987316691,1397950266.0,38.302109900183055,21.51467312368598,0.011651001050093202,0.01158365076473697,0.01491788183742353,0.01235581746788017
2022-02-10,1083.4063720703125,1090.0721909727154,1076.1488917844267,1090.0721909727154,12464491,1099.3306579589844,1095.5524731445312,1081.164849155568,1091.056026260734,35.87338379877353,-9.89117710516598,-8.32583993993057,-1.5653371652354107,1172.7822634222437,1025.879052495725,0.13559382214616014,26.606843254256482,1385485775.0,38.07261945234123,32.63826824089117,-0.0010279818621362624,-0.0010285105978755944,0.01338057451570729,0.026227836577274122
2022-02-11,1081.2906494140625,1084.976257286365,1066.5937118273357,1079.857350777376,15943370,1095.715594482422,1094.5837524414062,1081.1842030414903,1090.3326650128324,35.31626920913449,-9.148461971342158,-8.490364346212887,-0.6580976251292707,1164.91658462601,1026.5146043388338,0.1279970194527942,26.286718018797483,1369542405.0,35.744804969918135,37.373178107480804,-0.0019528430982060918,-0.0019547523823824167,0.013236670495537914,0.020198617442692246
2022-02-14,1064.068359375,1071.5305623649283,1052.4427424947037,1064.8418760134352,10719633,1091.1552368164062,1093.9494653320312,1078.5509963235686,1088.3871608915115,43.05628406865317,-9.836164567942888,-8.759524390558887,-1.0766401773840002,1155.6939519482512,1026.6165216845611,0.12130558072369153,23.483527429056817,1358822772.0,29.02265989165103,34.28002810463679,-0.01592753072302533,-0.01605573700253596,0.013486810134068054,0.02623413876208458
2022-02-15,1100.1964111328125,1102.9037798370225,1062.7716573911962,1069.824295697398,11212671,1088.0998413085938,1094.4531640625,1081.8810601403754,1089.2619201686448,56.241281499745874,-7.380860028269353,-8.48379151810098,1.1029314898316276,1143.8418358022366,1032.357846814951,0.10133098768473217,23.63140862544297,1370035443.0,94.99572843923812,53.25439776693576,0.033952754481895386,0.0333890830518966,0.015846424547341035,-0.01197307077072196
2022-02-16,1097.92138671875,1107.0443589837334,1090.186219274119,1105.6793011160346,10392840,1085.6234436035156,1094.7361840820313,1084.3488026908947,1089.9033621353192,61.41185285683406,-5.5545594444245125,-7.897945103365688,2.343385658941175,1134.204371230446,1037.0425159765853,0.08849618600129362,22.81400432730337,1359642603.0,84.33602222487983,69.45147018525633,-0.002067834789353684,-0.0020699757116031964,0.0156928297772509,-0.01612143952772971
2022-02-17,1111.82177734375,1117.0089242641513,1096.5789142269996,1101.1745201113265,12853252,1083.846612548828,1094.9673291015624,1088.5754141759494,1091.5269484470548,65.10872740621551,-2.951534271105402,-6.908662936913631,3.957128665808229,1124.94344680689,1042.749778290766,0.07392701797269403,22.729506958206066,1372495855.0,92.39491516489781,90.57555527633856,0.012660642914100295,0.012581167081690343,0.016033463605216788,-0.07683658533050564
2022-02-18,1103.1312255859375,1117.6915612787002,1101.1973736454247,1112.2314504381943,6775458,1082.6396911621093,1094.6756665039063,1090.814769777486,1092.3865245314164,55.822558617837885,-1.5717547539304633,-5.841281300316997,4.269526546386534,1119.5740971134258,1045.705285210793,0.06696285100931378,21.614723503691494,1365720397.0,78.8640433693085,85.19832691969538,-0.007816497153505186,-0.007847206096295667,0.01566476316714117,-0.05793179504674806
2022-02-21,1091.9832763671875,1109.0917498883975,1085.0216268966433,1097.488880416598,11107193,1080.8662719726562,1094.1382958984375,1090.9945400220554,1092.356654297029,53.10667961980841,-1.3621142749736919,-4.9454478952483365,3.5833336202746446,1111.6319529074465,1050.100591037866,0.05634826393521623,20.94521007270066,1354613204.0,62.6815475694633,77.9801687012232,-0.010105732627438524,-0.010157142190871517,0.01579361427618706,-0.01681320731579039
2022-02-22,1087.023681640625,1090.1633625619224,1067.9814753307442,1070.5977356852184,13494914,1081.118798828125,1093.9503759765626,1090.3836387326046,1091.9616192854437,50.78475136664217,-1.577980552839108,-4.271954426766491,2.6939738739273826,1112.0054062708161,1050.2321913854337,0.05682784646618671,21.622850147095114,1341118290.0,55.48214082149002,65.67591058675394,-0.004541822969177822,-0.004552168383698433,0.012926125041813015,0.003997575267004727
2022-02-23,1080.2213134765625,1095.0092390254035,1077.468571284383,1092.5294602510214,7310110,1081.1369995117188,1093.8948657226563,1088.820204077829,1091.0919670033043,53.213646466828166,-2.2717629254752865,-3.8719161265082502,1.6001532010329638,1112.0209058696205,1050.2530931538172,0.05718070171843862,21.112582564404047,1333808180.0,45.60774221382529,54.590476868259536,-0.006257792060055056,-0.00627745411105879,0.013001417619222883,0.0017902237870137672
2022-02-24,1026.3931884765625,1064.6825598160908,1020.7738499237835,1048.8025425531248,24846650,1079.2634826660155,1092.8260400390625,1079.2160478314802,1086.2994648902122,41.17920119181626,-7.083417058732039,-4.514216312953008,-2.569200745779031,1118.0854381270967,1040.4415272049343,0.07564733651185504,24.330170569009933,1308961530.0,5.798051227337378,35.62931142088422,-0.049830645191364265,-0.05111504205582486,0.01689107774979835,0.030943316968778056
2022-02-25,1039.224853515625,1050.1450756675365,1035.7212210618118,1037.4729771115954,14570089,1078.0827331542969,1091.7344702148437,1073.0635563982717,1082.8124566402428,46.252165638661396,-9.748900241971114,-5.5611530987566296,-4.187747143214485,1120.2962445693968,1035.869221739197,0.0812403807940015,24.34318458487126,1323531619.0,19.037803651886495,23.481199031016384,0.012501705178020517,0.01242420412357903,0.017185854788981398,-0.019440042850447425
2022-02-28,1073.62353515625,1077.1726610969984,1020.5919703644313,1020.5919703644313,21297446,1077.4673217773438,1091.9082836914063,1073.149706976422,1082.1317957895767,50.3654173837525,-8.982088813154633,-6.245340241636231,-2.736748571518402,1119.55772611512,1035.3769174395677,0.07840812530558117,26.75961386993783,1344829065.0,54.615641829114544,26.4838322361128,0.033100326194332785,0.03256430661644464,0.018138588686120588,-0.05257350550145745
2022-03-02,1091.369140625,1092.483981972098,1059.8140635885236,1062.2028545911362,21471786,1077.918927001953,1093.0112329101562,1075.952696768511,1082.8160435551636,51.534296716810495,-6.863346786652528,-6.368941550639491,-0.4944052360130371,1120.4211316656354,1035.4167223382708,0.07788786228524351,28.080768787261245,1366300851.0,72.89131663008789,48.84825403702964,0.016528703859092886,0.016393591620776506,0.018510445174770174,-0.018532081441566595
2022-03-03,1082.1551513671875,1098.785820478749,1078.4013026500006,1092.0288927878125,10186748,1077.799493408203,1093.62140625,1076.9069205529229,1082.7670885782763,49.72947750060261,-5.86016802535346,-6.267186845582285,0.4070188202288252,1120.2366884022217,1035.3622984141844,0.0784308884736238,28.54228440443694,1356114103.0,63.40210130903384,63.636353256078756,-0.008442596473394737,-0.008478437058632875,0.01861502691830544,0.005865415907361671
2022-03-04,1058.1531982421875,1075.7848524224223,1055.787154408625,1070.643199306108,10805667,1077.1806762695312,1093.2523901367188,1074.0217325051174,1080.9438374422698,45.43002274827909,-6.922104937152426,-6.398170463896314,-0.5239344732561122,1120.4176359172538,1033.9437166218086,0.08172154980875779,29.112673797260754,1345308436.0,38.683198892704816,58.32553894394218,-0.022179770705407664,-0.022429440470505022,0.019064392867667264,0.031648433948122445
2022-03-07,1019.0222778320312,1052.0334004268125,1011.0367738665514,1036.835909210037,17983310,1075.0933197021484,1092.1084924316406,1065.5602779400272,1076.3570552489189,41.81143721332446,-10.796777308891706,-7.277891832895392,-3.5188854759963135,1125.1580003936658,1025.028639010631,0.0982602280256914,30.417567901280563,1327325126.0,7.4872438070186496,36.52418133625243,-0.03698039232425021,-0.03768150635728645,0.020683657196690422,0.08006062173878581
2022-03-08,1017.1793823242188,1021.9570845268837,991.9262347785383,1006.2591006780564,21289374,1073.2368713378905,1090.8590283203125,1058.1170632299027,1071.9735239211634,32.76007656527733,-13.856460691260736,-8.593605604568461,-5.262855086692275,1128.978425998298,1017.4953166774831,0.10960024481235552,29.69604842288907,1306035752.0,20.0795785676644,22.083340422462616,-0.001808493835613989,-0.0018101311349189718,0.02065906000639191,0.057235539814155745
2022-03-09,1071.143798828125,1077.01347494328,1016.565078233395,1017.406956117863,20414228,1073.1925109863282,1090.7120581054687,1060.12117639886,1071.9120628031606,45.42199450911091,-11.790886404300636,-9.233061764514897,-2.557824639785739,1128.93951814691,1017.4455038257466,0.10408874554764941,32.80963820862268,1326449980.0,62.98839771934663,30.185073364676555,0.05305299875485048,0.05169356308645358,0.023720445355303564,0.020921022791376753
2022-03-10,1088.50244140625,1094.3038764083778,1073.8283721325647,1092.028820377732,17980493,1073.3915710449219,1090.6560913085937,1064.4875248615353,1073.1409797367228,46.05982290518448,-8.653454875187435,-9.117140386649405,0.46368551146196957,1129.3369827845772,1017.4461593052665,0.10279336014603473,33.0046430331299,1344430473.0,76.79080499728951,53.28626042810018,0.0162057070181576,0.01607579620006113,0.02385738275281888,0.03739167335425808
2022-03-11,1091.64208984375,1097.0340801861346,1081.1313132856126,1081.1313132856126,12257423,1073.8033569335937,1090.6256030273437,1068.6651502434145,1074.5114323372434,48.021614488398406,-5.846282093828904,-8.462968728085306,2.6166866342564017,1130.1787286455744,1017.427985221613,0.10328544902487208,32.96239869507608,1356687896.0,85.10682940356888,74.962010706735,0.0028843742724580235,0.0028802224466831497,0.023860638513479644,0.028447682430827737
2022-03-14,1100.6058349609375,1103.1312280003071,1080.1985698532058,1086.0682461878607,8340678,1074.7691162109375,1091.1693408203125,1073.579101738418,1076.4443510501096,51.49602526701625,-2.865249311691514,-7.343424844806548,4.478175533115034,1132.3337736877108,1017.204458734164,0.10460540122216692,32.881151206172305,1365028574.0,97.72906506517138,86.54223315534325,0.00821124909032278,0.008177720202166908,0.023910500597336445,0.04642706659140927
2022-03-15,1075.398193359375,1104.7464533796308,1065.1148867530296,1104.7464533796308,15925769,1075.3356079101563,1091.1265698242187,1073.8589619877962,1076.366857887833,48.115378356843976,-2.5078959000368286,-6.376319055852605,3.8684231558157762,1132.6794421380246,1017.9917736822881,0.10664669995164322,33.997563034040716,1349102805.0,73.98670168796193,85.60753205223405,-0.022903423551681623,-0.023169781826414663,0.024221693108178854,0.07436164974320247
2022-03-16,1093.55322265625,1095.6235563592827,1081.6091471404573,1083.8387095081287,11149828,1075.0034484863281,1091.122021484375,1076.8888482444813,1077.6399219447528,52.084524642502174,-0.7510737002714905,-5.251269984736382,4.5001962844648915,1131.81544340453,1018.1914535681262,0.10390348405760275,34.18932698110409,1360252633.0,90.07870143927093,87.26482273080141,0.01688214598925586,0.016741226368322766,0.023274513919943257,0.0729396851308517
2022-03-17,1129.203369140625,1136.3469946247096,1098.8994972340938,1106.9304944761457,21422098,1076.5675476074218,1091.3367895507813,1084.9372360746572,1081.4594365518544,67.04384663766231,3.4777995228027976,-3.5054560832285464,6.983255606031344,1137.6017649753996,1015.533330239444,0.10810137312010967,32.99977758222413,1381674731.0,95.0536020634124,86.37300173021508,0.0326002847833784,0.0320801692559152,0.024380655166325198,0.045996652697592344
2022-03-21,1122.69677734375,1130.2499690830255,1109.7744623583415,1112.0495186610842,11999466,1077.1112976074219,1091.3167700195313,1090.7463962699023,1084.514054388291,64.13437246614295,6.232341881611319,-1.5578964902605734,7.790238371871892,1139.643338012309,1014.5792572025347,0.11139613414199893,32.765750406060555,1369675265.0,90.54829977601244,91.89353442623191,-0.005762108026499124,-0.005778773018778383,0.02429213398685265,0.06263680895305179
2022-03-22,1151.7037353515625,1153.4327442921551,1116.417558596963,1119.3750232146147,22557065,1079.5399230957032,1092.3601147460938,1100.1244484363117,1089.491067792978,63.46729611562289,10.633380643333794,0.8803589364583,9.753021706875494,1149.6417243309932,1009.4381218604133,0.12173582334330289,31.368214331962342,1392232330.0,98.9294493783632,94.84378373926268,0.0258368587076927,0.025508726998095452,0.024825970763681534,0.03610999202205201
2022-03-23,1155.3665771484375,1167.0376894069477,1147.9954813767026,1147.9954813767026,15462187,1082.7090881347656,1093.2992602539061,1108.6232374689464,1094.3707351526416,61.601917852868326,14.252502316304799,3.5547876124276,10.6977147038772,1160.4897775679747,1004.9283987015564,0.13464244331038175,30.394806449581672,1407694517.0,93.33503779966311,94.27092898467959,0.0031803680794322275,0.0031753214062263955,0.024649458035085836,0.05267421910089043
2022-03-24,1173.316650390625,1175.8192962308133,1142.08015447494,1142.08015447494,13168266,1087.0237365722655,1094.5792065429687,1118.5760702261277,1100.2185807258256,66.01901616345359,18.35748950030211,6.515327990002501,11.842161510299608,1174.7499975740104,999.2974755705206,0.14953552559326372,31.348708158662028,1420862783.0,98.63907543796907,96.96785420533179,0.01553625801301095,0.015416805992746026,0.024729982775672923,0.02175573591238278
2022-03-25,1181.1429443359375,1190.3114093068612,1172.5659000566366,1175.0685459381182,14222488,1092.0698181152343,1095.855966796875,1128.2017431660984,1106.2129780302785,72.91456764899571,21.988765135819904,9.610015419165983,12.378749716653921,1189.2494170796665,994.8902191508021,0.16455180032264183,30.73281617949503,1435085271.0,95.37845255136821,95.78418859633346,0.0066702317253461985,0.006648084161417066,0.024613191300532817,0.02311386727653786
2022-03-28,1193.0189208984375,1196.5679268909805,1176.88868384816,1187.581436439095,9891424,1100.401104736328,1096.77373046875,1138.1736166633814,1112.6430478723644,86.08228462671,25.530568791017004,12.794126093536187,12.736442697480816,1202.3272891697595,998.4749203028967,0.17087102752179809,28.773017512865334,1444976695.0,98.26574636043587,97.42775811659105,0.010054648016525114,0.01000443633649459,0.020999317211586863,0.01592322113990985
2022-03-29,1193.291748046875,1200.321638726132,1186.3983390664755,1200.321638726132,8684065,1108.1044494628907,1097.5677270507813,1146.653329183919,1118.617025663069,86.76040611656549,28.03630352084997,15.842561578998945,12.193741941851025,1213.7820187596149,1002.4268801661666,0.17711941688977956,27.62247822081613,1453660760.0,96.17434574234065,96.60618155138157,0.00022868635497585998,0.00022866021023727127,0.021032709809619906,0.0013346705613226373
2022-03-30,1216.224609375,1223.0725256096823,1190.812170111679,1201.18646593222,15811550,1115.2345031738282,1098.786708984375,1157.3566030594698,1125.847217049138,84.79001327215586,31.50938601033181,18.97592646526552,12.53345954506629,1229.9708951510677,1000.4981111965888,0.18867632029942366,25.609046705681717,1469472310.0,95.66471347305117,96.70160185860924,0.019218151274120965,0.019035815012068583,0.020349012088234864,-0.020165081651563277
2022-03-31,1198.843017578125,1214.7457855604305,1196.0447812890177,1212.584463956999,13223718,1120.6081970214843,1099.5374829101563,1163.7391283700322,1131.2543133846184,76.45648060478474,32.48481498541378,21.677704169295172,10.807110816118605,1240.5857253987642,1000.6306686442043,0.20015552765141142,25.39617174180525,1456248592.0,84.66075575212142,92.16660498917106,-0.014291432407215643,-0.014394538461752895,0.020709442360435502,-0.023493619030881208
2022-04-01,1208.4437255859375,1212.6753807326781,1193.041632181676,1199.4117414992725,7922880,1126.922625732422,1100.7573706054689,1170.6167587109408,1136.972047621753,77.16401935649915,33.644711089187695,24.07110555327368,9.573605535914016,1251.5808008040703,1002.2644506607735,0.2063119240595262,25.662670431125257,1464171472.0,90.73878279610909,90.35475067376056,0.008008311235951249,0.007976414888945951,0.020476591804814977,-0.01513641348700867
2022-04-04,1212.015625,1217.1572786813153,1201.9826544660282,1208.2617761125623,7929162,1134.6157470703124,1102.0505151367188,1176.9858150631037,1142.5308311312529,76.57658024420743,34.45498393185085,26.147881228989114,8.307102702861734,1260.390223567814,1008.8412705728108,0.20754596542020917,25.108525150281384,1472100634.0,93.00008490210055,89.46654115011034,0.0029557846496579554,0.0029514249070710956,0.019417252709978888,-0.020084839787801845
2022-04-05,1194.8843994140625,1214.836726034793,1192.450114468768,1206.2824277666361,13149870,1143.408853149414,1103.4028100585938,1179.7394434247897,1146.4088732262758,79.64550094455886,33.3305701985139,27.58441902289407,5.746151175619826,1259.3629057473665,1027.4548005514614,0.1940841350925883,23.8767426459545,1458950764.0,80.07390569810774,87.9375911321058,-0.014134492355193484,-0.014235335666052994,0.017244925400219432,-0.024752022604501045
2022-04-06,1191.6993408203125,1198.72923220727,1177.1617516980632,1177.1617516980632,12257215,1152.1348510742187,1104.687763671875,1181.5794276394854,1149.763722677686,76.30486716665744,31.815704961799383,28.430676210675134,3.385028751124249,1253.432335939324,1050.8373662091133,0.17000510346070466,23.972608182333,1446693549.0,74.73430003235316,82.60276354418714,-0.0026655788587681695,-0.0026691378399979464,0.017271969930347172,-0.02573465277650444
2022-04-07,1170.6778564453125,1185.7614936648845,1168.015981475152,1180.8018153339476,15496499,1157.111553955078,1106.4618579101561,1179.9022628403818,1151.3129177715844,62.061698876175704,28.589345068797456,28.4624099822996,0.12693508649785556,1251.1770945586584,1063.0460133514978,0.16070269047234603,22.607578709240197,1431197050.0,53.75501781643449,69.52107451563178,-0.017639922801777952,-0.01779736044613196,0.014614992636526622,-0.011271827376153953
2022-04-08,1190.1522216796875,1194.4066235414564,1164.8307737717014,1164.8307737717014,15152495,1162.19404296875,1108.6677563476562,1181.4791795848903,1154.1899032462586,68.2416368581936,27.28927633863168,28.22778325356602,-0.9385069149343401,1251.5159206099693,1072.8721653275306,0.15010160215498725,23.257603212459554,1446349545.0,69.13382953204588,65.87438246027783,0.016635118813562944,0.01649827079456521,0.014633315069592756,0.009615141018820328
2022-04-11,1187.6724853515625,1200.572052745213,1175.296097837182,1183.0312648122701,9254209,1166.9955627441407,1111.143935546875,1182.431995856686,1156.6700945133182,61.35614201418222,25.761901343367754,27.734606871526367,-1.9727055281586132,1250.482556075733,1083.5085694125482,0.14058925227501498,22.419086727662343,1437095336.0,56.29213003309939,59.72699246052658,-0.0020835455187616647,-0.002085719119448157,0.0147055145924243,0.04147177224360821
2022-04-12,1165.30859375,1184.2143186613282,1162.737706900729,1177.116066491659,13217742,1170.2307006835938,1113.193310546875,1179.797626301811,1157.309983345665,52.807400820758346,22.487642956146146,26.685214088450323,-4.1975711323041764,1247.681939433326,1092.7794619338615,0.13292828897878756,22.83998461484722,1423877594.0,28.679786687723258,51.36858208428951,-0.018830015747095974,-0.019009557920885798,0.01554853692218715,0.08631228232194399
2022-04-13,1161.0313720703125,1179.664132404293,1158.2330158892628,1171.4284128604863,10354235,1174.5123596191406,1114.695302734375,1176.9105102661958,1157.585641769713,46.240623125987,19.32486849648285,25.21314497005683,-5.888276473573981,1238.120650141522,1110.9040690967593,0.10957204439524693,21.960839954786998,1413523359.0,4.315819464201291,29.76257872834131,-0.0036704626590998712,-0.003677215335861762,0.014417394645304138,0.08118276523106682
2022-04-18,1157.482177734375,1164.7396576746369,1147.4492090807853,1152.5453679025381,9974224,1177.708807373047,1116.1982055664062,1173.9215360305311,1157.5779777670953,42.56502709647394,16.343558263435852,23.439227628732638,-7.095669365296786,1229.5179086513006,1125.8997060947934,0.08952034385473366,21.92833562218893,1403549135.0,13.26703074391515,15.420878965279895,-0.003056932328717954,-0.003061614290410487,0.01416222307319917,0.05941799353602706
2022-04-19,1201.595703125,1213.972089786732,1160.7584292751112,1163.920736701103,26141820,1181.3284240722655,1118.5392431640626,1178.1791001989109,1160.838550015829,52.24105869474929,17.34055018308186,22.219492139602483,-4.878941956520624,1228.8028335379463,1133.8540146065848,0.07901894013471199,24.55766912287012,1429690955.0,71.60026368693887,29.7277046316851,0.038111623867048694,0.03740331640613067,0.01480860341915864,0.05106419767334125
2022-04-20,1236.9273681640625,1244.0028730390352,1205.3722941596611,1209.0124078704498,25072240,1187.0399536132813,1121.8671997070312,1187.2172952704727,1166.47475876755,59.63622776801888,20.742536502922803,21.924101012266547,-1.181564509343744,1232.245412235966,1141.8344949905968,0.07309314966453005,26.592231283897167,1454763195.0,92.6719457492997,59.179746726717894,0.029403954214529238,0.02897994951001101,0.015744731409664103,0.022034639805805112
2022-04-21,1265.8890380859375,1269.0285988217172,1243.092861615674,1251.6926535659309,21708633,1192.74921875,1125.9695922851563,1199.3206403190059,1173.838779457801,60.68313048592717,25.48186086120495,22.63565298205423,2.8462078791507217,1247.0842412972024,1138.4141962027975,0.08584484249797861,26.58086522387227,1476471828.0,97.41768671199631,87.22996538274496,0.02341420415400952,0.023144296669133875,0.015584271031360427,0.01356892847296609
2022-04-22,1255.287109375,1274.943602182277,1248.6439171934,1255.3326032722164,15054154,1197.7452453613282,1129.9891674804687,1207.9308663276204,1179.8719890812972,62.50624784588814,28.058877246323163,23.720297834908017,4.338579411415147,1255.8517173985617,1139.6387733240947,0.09257877596809606,27.017997859793304,1461417674.0,84.58246489908366,91.55736578679323,-0.008375085328938381,-0.008410353409577563,0.015861259166712206,0.01140002364996806
2022-04-25,1226.2574462890625,1255.1051538112451,1211.9928211860372,1247.825046254362,17063215,1200.39228515625,1133.0736962890626,1210.7503401678423,1183.307948874465,53.6340807162119,27.44239129337734,24.464716526601883,2.9776747667754577,1258.6363684715686,1142.1482018409313,0.09499486994607648,28.708036405361927,1444354459.0,61.813100396441726,81.27108400250722,-0.02312591507483197,-0.023397514543706872,0.016747704885369835,0.03170673120235623
2022-04-26,1262.9542236328125,1271.7587383126895,1232.0361813234292,1233.0826614702617,12227666,1204.4828491210938,1136.6423559570312,1218.7817068547608,1189.2076729306389,59.154459299300434,29.574033924121977,25.486580006105903,4.087453918016074,1268.2630269505855,1140.702671291602,0.10100156701805375,30.874226963100487,1456582125.0,90.59615230230067,78.99723919927534,0.029925834460620804,0.029486794270994664,0.017836021214287942,-0.029542762935016897
2022-04-27,1264.1826171875,1286.7739479010713,1253.580733766915,1253.9448053007873,19338945,1208.041033935547,1140.257880859375,1225.7664622905668,1194.761372505221,63.20899109478407,31.005089785345717,26.590281961953867,4.41480782339185,1276.868820127233,1139.2132477438608,0.10888899318171487,31.646127146538447,1475921070.0,83.78512609770648,78.73145959881629,0.0009726350581054088,0.0009721623551141178,0.017775981338022388,-0.04947179385766032
2022-04-28,1283.0657958984375,1297.2394339221792,1267.7090756457555,1278.56117721433,25614076,1212.529736328125,1144.2933837890625,1234.5817443840854,1201.3024409047187,66.43206526177224,33.27930347936672,27.928086265436438,5.35121721393028,1288.6324497623004,1136.4270228939495,0.11862636144997739,32.466794019786484,1501535146.0,90.53767491192777,88.30631777064497,0.014937065621854595,0.01482660625796,0.017956451825108646,-0.07064216823052316
2022-04-29,1269.597412109375,1299.5827089210004,1263.7049887259216,1299.5827089210004,18214862,1215.1983764648437,1148.40396484375,1239.9687701879761,1206.361327660619,68.28730752646264,33.60744252735708,29.06395751782057,4.543485009536511,1295.4753233305344,1134.921429599153,0.1264604765258845,33.33781979478066,1483320284.0,80.29014198455852,84.87098099806425,-0.010497032835039888,-0.010552515293219135,0.017841290683841757,-0.097464439834001
2022-05-02,1265.1380615234375,1276.536087718269,1254.9457439197936,1256.7431138639733,9467006,1218.5131286621095,1151.7027978515625,1243.8409688549702,1210.7151597986056,64.67751631346155,33.12580905636469,29.876327825529394,3.2494812308352934,1301.3796245617038,1135.646632762515,0.13099992549399594,32.76742651111783,1473853278.0,77.35893315113799,82.72891668254142,-0.003512413103086365,-0.0035185961084147547,0.017472725976795982,-0.10998212950565178
2022-05-04,1225.64306640625,1269.4835388914837,1217.7486714056079,1267.2084828840266,19247660,1219.373095703125,1154.2572314453125,1241.0412915551672,1211.820930658431,56.49158892823454,29.22036089673611,29.745134439770737,-0.5247735430346268,1302.1565404571913,1136.5896509490588,0.13508573094905757,34.65734883810675,1454605618.0,51.39818475685977,69.68241996418541,-0.03121793290261854,-0.031715597342545886,0.01899697755706061,-0.09071330141184653
2022-05-05,1201.6412353515625,1242.18280014838,1197.591676403661,1239.2252151754037,17210669,1218.8543762207032,1156.0536206054687,1234.9797444469202,1211.0668791542187,56.176966346590646,23.912865292701554,28.5786806103569,-4.665815317655348,1301.9613130947173,1135.7474393466891,0.13832237847546835,36.061373501955714,1437394949.0,35.62136303137609,54.79282697979127,-0.019583051307966892,-0.019777339950033574,0.0195282870399784,-0.09144607620294709
2022-05-06,1192.42724609375,1209.8769247815503,1180.0963532492094,1188.582409796725,19649948,1218.7315185546875,1157.839541015625,1228.4332062387402,1209.6861655941839,55.24953963322866,18.747040644556364,26.612352617196795,-7.865311972640431,1301.994773332942,1135.4682637764329,0.1396533919381918,36.657763146049334,1417745001.0,29.564847360975207,38.86146504973701,-0.007667837110397424,-0.00769738612162624,0.019338909494650693,-0.07404648311631301
2022-05-09,1145.8568115234375,1181.711782557566,1140.715158224648,1171.6331985147315,18083752,1216.4393920898438,1158.91701171875,1215.729145513309,1204.958065292647,48.30066224636998,10.771080220662043,23.444098137889846,-12.673017917227803,1305.1797739253584,1127.699010254329,0.15488912915311417,39.11645166571009,1399661249.0,3.236440214644343,22.80755020233188,-0.03905515805922055,-0.03983826818273067,0.021229611128806086,-0.03617525308519065
2022-05-10,1125.9954833984375,1149.633416525882,1118.4195452683007,1135.2550569441219,19511677,1214.2052734375,1159.6964477539063,1201.9239667264058,1199.1089851523352,38.10582661971982,2.8149815740705435,19.318274825125986,-16.503293251055442,1309.782984725243,1118.6275621497568,0.16976570989303444,37.31102018036896,1380149572.0,4.181831437111859,12.327706337577132,-0.017333167569684393,-0.017485145653466986,0.021217631116095516,0.022023372330582047
2022-05-11,1114.4609375,1130.6821606199796,1102.0163098457965,1125.0854480941018,16643899,1210.4207092285155,1160.381240234375,1188.4681160761895,1192.8387594003104,29.17283405597682,-4.37064332412092,14.580491195276606,-18.951134519397527,1315.5278169845417,1105.3136014724894,0.18862412170642123,36.32949738466524,1363505673.0,6.298959596567549,4.572410416107912,-0.010243865156212117,-0.010296694637953206,0.020841042563348837,0.03635730734449805
2022-05-12,1091.755859375,1107.8859741719987,1078.378486557952,1104.5416911448524,20490321,1205.6248779296875,1161.6884936523438,1173.5893073529296,1185.3511371762133,19.742267143721392,-11.761829823283733,9.312026991564538,-21.07385681484827,1323.1247183983273,1088.1250374610477,0.21524929673545373,36.6138702621219,1343015352.0,6.047521459618434,5.5094374977659415,-0.020373148453218026,-0.020583543554207565,0.021193560497974218,0.03352909948316474
2022-05-13,1104.1322021484375,1127.5197990708434,1099.0132956252583,1103.8592387327842,19308778,1202.5660583496094,1162.986640625,1162.9035988599308,1179.3349197667485,23.895988797145193,-16.431320906817746,4.163357411888082,-20.594678318705828,1327.4388292603933,1077.6932874388256,0.22619170180491882,37.28988845547666,1362324130.0,11.642506329784725,7.996329128656899,0.01133618168124384,0.011272408682653454,0.021155151970217466,0.08153386863158651
2022-05-16,1104.4051513671875,1128.8847193240686,1099.6047027471154,1107.7039403213957,13437911,1199.7347473144532,1163.6022729492188,1153.903837707201,1173.7845665519662,26.63584257569731,-19.880728844765144,-0.645459839442563,-19.235269005322582,1330.9780724762043,1068.4914221527022,0.23767242483300563,36.28886905461882,1375762041.0,11.76589873876903,9.818642176057391,0.000247207008561956,0.00024717645794419574,0.02116169056944648,0.0740361171254984
2022-05-17,1150.793701171875,1155.6851383517537,1106.5892723531913,1107.999824091496,16551828,1199.400323486328,1164.7907641601562,1153.4253551633049,1172.0815394867743,29.264809623675205,-18.65618432346946,-4.2476047362479425,-14.408579587221517,1331.1301578349207,1067.6704891377353,0.22893735725951528,36.70163298040019,1392313869.0,32.736813899847306,18.715072989467014,0.042003199412155245,0.04114501377958538,0.023359683518438847,0.03428032749985088
2022-05-18,1154.979736328125,1169.3808421611643,1141.2839062872033,1155.5712773721964,17276788,1197.0695251464845,1166.247255859375,1153.6644907271234,1170.8147392528003,30.02997546090775,-17.150248525676943,-6.828133494133743,-10.3221150315432,1330.2771394593249,1063.861910833644,0.2306665824914467,36.33761310467196,1409590657.0,34.62919873387674,26.37730379083102,0.0036375200455018852,0.0036309202691649704,0.02160281752174591,0.02901498415594661
2022-05-19,1128.3614501953125,1143.2176150806665,1122.0823293936187,1130.2498080381895,14699118,1191.6412292480468,1167.6514208984374,1149.771715260691,1167.670051174468,22.487428348505404,-17.89833591377692,-9.042173978062378,-8.85616193571454,1326.8432997811833,1056.4391587149103,0.23964319325112332,36.3262266903739,1394891539.0,22.59584518920286,29.987285940975635,-0.023046539515434672,-0.023316263197212705,0.02078943759068588,0.0432487044731904
2022-05-20,1194.1563720703125,1203.2338502041005,1138.440180194292,1143.2177622581032,21793091,1188.0545959472656,1171.1541027832031,1156.6001240006328,1169.6320008704565,38.688774703640355,-13.03187686982369,-9.84011455641464,-3.1917623134090505,1318.6922301400987,1057.4169617544326,0.218794853418311,39.111560962781695,1416684630.0,58.42717353956433,38.55073915421463,0.058310146862613266,0.056673434960280177,0.024396197903054462,-0.018804033190190417
2022-05-23,1186.1710205078125,1207.397297299702,1179.8462844678352,1197.364206197713,15252755,1184.5987915039063,1174.533935546875,1161.1494926940452,1170.8571134361866,38.283983072525174,-9.707620742141444,-9.813615793560002,0.10599505141855836,1311.346692786843,1057.8508902209696,0.21370932031145826,39.53732303659535,1401431875.0,56.40485828766491,45.8092923388107,-0.006687023365839262,-0.006709481682102281,0.02437820023060668,0.022210197617337668
2022-05-24,1190.2432861328125,1200.3217504414995,1181.9848186867473,1186.2164738705715,13527818,1182.7980834960938,1176.9159252929687,1165.6254609153941,1172.2931262285292,44.1309841193587,-6.667665313135103,-9.184425697475023,2.5167603843399196,1308.068704736046,1057.5274622561417,0.2104958250123225,37.15175619865795,1414959693.0,68.29173000528019,61.0412539441698,0.0034331184581264385,0.0034272387602426024,0.02391731993836048,0.006422149981852199
2022-05-25,1188.491455078125,1208.8304783808387,1183.713752995507,1198.956737262974,12714544,1179.0749450683593,1178.9157055664064,1169.143306171199,1173.4930024396103,47.64620871181611,-4.349696268411435,-8.217479811662306,3.867783543250871,1298.6096861765577,1059.5402039601609,0.20115372407173238,35.760727744415995,1402245149.0,83.73709224751468,69.47789351348659,-0.0014718260334652955,-0.0014729102333680343,0.022768157184565305,0.008231306057997267
2022-05-26,1177.16162109375,1198.9111951609145,1159.3706180239299,1194.1334932703796,17882023,1174.723895263672,1180.6260961914063,1170.3768930823605,1173.7647519695465,47.28801797112127,-3.3878588871859847,-7.2515556267670425,3.8636967395810577,1287.350287742339,1062.0975027850047,0.1913524709954803,36.45787100189055,1384363126.0,75.72374568964618,75.91752264748034,-0.009532953674984745,-0.009578683134472332,0.022797933606731425,0.05303232044439521
2022-05-27,1171.701416015625,1185.3744993862058,1155.7760235250337,1179.8688949887019,16521973,1169.1556762695313,1182.0480078125,1170.5806658413244,1173.611912269256,55.37673102435639,-3.031246427931592,-6.407493786999953,3.376247359068361,1269.579422712105,1068.7319298269576,0.1714152514794512,34.87832728703841,1367841153.0,71.5381407005737,76.99965954591153,-0.004638449793369692,-0.004649240783520219,0.022389599395798425,0.07937561167914664
2022-05-30,1212.51611328125,1216.7021540363792,1180.392243237482,1189.8564191042008,13853398,1166.301611328125,1184.7903662109375,1177.0322731397746,1176.4937049368111,66.55638064670404,0.5385682029634609,-5.018281389007271,5.556849591970732,1257.5295889168958,1075.0736337393544,0.15047713855429792,35.863103484407894,1381694551.0,96.97373498519207,81.41187379180398,0.03483370140868791,0.03424073884027567,0.023967525983860996,0.03855820215018091
2022-05-31,1197.88720703125,1218.8860090470794,1190.1747884499268,1201.8685245305114,70620653,1162.9390686035156,1186.8770458984375,1180.2407245076938,1178.0784087956586,65.77740594080466,2.1623157120352516,-3.5821619687987667,5.744477680834018,1243.1164451188213,1082.7616920882099,0.13386465110352258,35.86634418604857,1311073898.0,85.05503360625775,84.52230309734118,-0.012064916985236596,-0.012138288843611246,0.024071473320538297,0.05321656008116493
2022-06-01,1198.2742919921875,1208.1480337988985,1190.402522676765,1198.638243225424,9776989,1161.5706298828125,1188.2584643554687,1183.0151195053081,1179.5744001435496,72.00182549892071,3.440719361758511,-2.1775857026873116,5.618305064445822,1238.092783233813,1085.048476531812,0.12772059596434937,34.55656277034039,1320850887.0,82.80533036472681,88.2780329853922,0.0003231397402572167,0.00032308754185596576,0.023101603022376613,0.0343838587046823
2022-06-02,1239.5892333984375,1243.2975879303071,1198.5016232049925,1198.5016232049925,22126569,1163.4680297851562,1190.5963134765625,1191.7188293350202,1184.0199433476155,74.99153183281655,7.698885987404765,-0.20229136466889625,7.9011773520736615,1245.832478328278,1081.1035812420344,0.1328899063076126,35.217945359074406,1342977456.0,97.41924972268731,88.42653789789063,0.03447870131433928,0.03389762960518467,0.023945283126521368,0.02732819187933888
2022-06-03,1264.7059326171875,1281.9281427980586,1247.642951094485,1248.5530698496407,23939791,1167.081964111328,1192.856357421875,1202.9476144553537,1189.9966832935097,77.09159927015948,12.950931161843982,2.42835314063368,10.522578021210302,1260.409686238027,1073.754241984629,0.14758801982302117,36.1507234178364,1366917247.0,90.17775685558088,90.13411231433167,0.02026211469253436,0.02005956947247054,0.02417588800864565,-0.023475380607696272
2022-06-06,1259.2685546875,1280.4038420032741,1252.102061607887,1264.9335082984549,11093152,1172.7525512695313,1194.9343969726563,1211.6123744910685,1195.1279330263978,71.27805383186532,16.48444146467068,5.239570805441081,11.244870659229601,1274.0884199779805,1071.416682561082,0.1609440152082519,34.50942294718076,1355824095.0,85.82409659107941,91.14036772311586,-0.004299321913067478,-0.004308590573032019,0.022140565255596743,-0.03781336977148353
2022-06-07,1261.6346435546875,1269.9840987331656,1252.2159612910536,1260.3378265980741,12358255,1179.5345092773437,1196.7007568359375,1219.3081081931637,1200.0543560284934,71.07150763708462,19.25375216467023,8.042407077286912,11.21134508738332,1285.7333849849883,1073.335633569699,0.1683512358354819,33.77165163062011,1368182350.0,87.3043285826337,87.76872734309798,0.0018789390542470752,0.0018771760562939876,0.02153087212151523,-0.05216862850087434
2022-06-08,1239.4755859375,1265.3884552322884,1235.949206752914,1261.6346065371608,12479250,1185.7852416992187,1197.8674096679688,1222.4107970769078,1202.9744471328643,72.34624431697857,19.436349944043513,10.321195650638233,9.115154293405281,1290.5640920345468,1081.0063913638905,0.16906964771892094,33.5246403123964,1355703100.0,70.41385486914123,81.18076001428479,-0.017563767553777532,-0.01771984070765857,0.021879476182277032,-0.04689709767314332
2022-06-09,1273.4649658203125,1275.3986973973456,1233.082627965682,1233.082627965682,17278305,1194.8706970214844,1199.4763305664062,1230.2652845758932,1208.1959670356382,68.28956983757344,22.069317540255042,12.670820028561595,9.398497511693447,1296.7929427539798,1092.948451288989,0.16007074944043143,31.19918812831609,1372981405.0,93.29129226884997,83.6698252402083,0.027422387555220862,0.027053129309261344,0.02150565846368415,-0.0853059630136428
2022-06-10,1235.0164794921875,1269.4381532361936,1229.215044054509,1261.24792684013,18093057,1201.4149108886718,1200.3108251953124,1230.9962376399385,1210.1826716620492,59.876674239288526,20.81356597788931,14.299369218427138,6.514196759462173,1295.2965379545585,1107.533283822785,0.15203299490301353,32.391967337883,1354888348.0,62.81341639218077,75.50618784339066,-0.030192025191174476,-0.030657191196803185,0.023106067682289576,-0.04577704130221094
2022-06-13,1211.6513671875,1216.1559851600953,1190.4478410589338,1205.7818119372728,17620803,1206.7772216796875,1200.2193603515625,1228.0201037241786,1210.2914639231938,54.01547528976909,17.728639800984865,14.985223334938684,2.743416466046181,1288.8351775559554,1124.7192658034196,0.13544812988036622,34.265660672061685,1337267545.0,44.29203725154636,66.79891530419236,-0.01891886682701982,-0.01910011827699468,0.023740144071642415,-0.04500723766876136
2022-06-14,1195.81689453125,1215.7237230812727,1189.1509557513589,1205.80448940449,14714312,1209.0283813476562,1200.158837890625,1223.0657638483435,1209.2192735978647,51.30507362612388,13.846490250478837,14.757476718046716,-0.9109864675678789,1286.9875925289539,1131.0691701663586,0.13038653582805748,34.36966366810327,1322553233.0,31.740149302795615,46.28186764884091,-0.01306850558259609,-0.01315464984259661,0.022365140578432523,-0.016742016134531412
2022-06-15,1181.3477783203125,1200.0032876716657,1175.933161306616,1191.0167974504632,11195535,1210.3467834472656,1199.6169189453126,1216.6476122286465,1207.15471839212,50.73754065116455,9.492893836526491,13.704560141742672,-4.2116663052161805,1285.2909443611134,1135.4026225334178,0.12687908216225097,33.264631470107915,1311357698.0,20.270570912671232,32.100919155671065,-0.012099775707391403,-0.012173573891944478,0.022585977743875586,-0.03493438094833623
2022-06-16,1164.830810546875,1209.8997420887063,1162.1006949883244,1193.4965424947006,17111475,1212.1702514648437,1198.67322265625,1208.6757965852971,1204.019614107287,48.83489180433172,4.656182478010123,11.894884608996163,-7.23870213098604,1280.1680651604186,1144.1724377692688,0.11675139956789209,34.5646722729086,1294246223.0,2.2783724500773244,18.096364221848052,-0.013981460901312248,-0.01408012222493693,0.02215713074236542,-0.037129017403991105
2022-06-17,1178.4810791015625,1194.3382305909047,1163.0562400137392,1164.830742811065,24457187,1211.3864868164062,1198.34515625,1204.0304554339534,1202.1278707735296,43.64268329770785,1.9025846604238268,9.896424619281696,-7.993839958857869,1280.6088781028973,1142.1640955299151,0.11747730619360318,33.5847617412237,1318703410.0,13.669976630989126,12.07297333124589,0.01171867058382392,0.011650538723674601,0.017956450142400587,-0.034729639178808336
2022-06-20,1157.1182861328125,1190.81193373047,1147.1306905067754,1185.3062092078612,12066797,1209.9338500976562,1197.65353515625,1196.8131986183932,1198.7938274668097,42.57174389281889,-1.9806288484164725,7.5210139257420625,-9.501642774158535,1282.5217673302486,1137.3459328650638,0.12546326179873518,34.654049071690984,1306636613.0,7.409335604044539,7.785894895036992,-0.018127395804297786,-0.018293710005066938,0.018341723093712087,-0.019818626489630398
2022-06-21,1175.7965087890625,1180.0280429847405,1150.406822198094,1164.83067428948,11720049,1209.2115112304687,1197.755908203125,1193.579861721573,1197.0903223795692,46.16038720778505,-3.510460657996191,5.3147190089944125,-8.825179666990604,1282.9035896483826,1135.5194328125547,0.12534835384705897,35.50231404772764,1318356662.0,21.265845752136766,14.11505266239014,0.01614201666337345,0.01601311956843667,0.018722519403971714,-0.021825713432913285
2022-06-22,1140.078125,1164.057262227865,1137.985044485591,1163.966274425617,10617206,1206.7908447265625,1196.7544262695312,1185.3488253028695,1192.8671966477493,32.67035851925601,-7.518371344879824,2.748100938219565,-10.26647228309939,1286.2997231988754,1127.2819662542495,0.13947970183589475,34.98718321668134,1307739456.0,1.4541027245716214,10.043094693584305,-0.030378031846555187,-0.030849006999818913,0.019885562974891458,0.029753349208524682
2022-06-23,1121.581787109375,1148.905326422505,1112.5043100555831,1144.3779613702993,19446323,1204.0118530273437,1195.4326123046876,1175.5385117346395,1187.586795941203,24.486952902675498,-12.048284206563494,-0.21117609073704685,-11.837108115826448,1291.3781479257207,1116.6455581289667,0.15579121541112745,34.56304800005996,1288293133.0,5.406493364475786,9.375480613728053,-0.016223745974097148,-0.016356791905589595,0.020076270357993878,0.05302341162895341
2022-06-24,1137.5528564453125,1142.5351607614082,1122.9696539988313,1128.429884986889,14240234,1202.304425048828,1194.8774975585939,1169.6945647670507,1183.8805782007666,29.088500692578194,-14.18601343371597,-3.006143559332832,-11.179869874383138,1293.5769005575157,1111.0319495401404,0.16047162114980904,34.0381618041061,1302533367.0,15.377169709980379,7.4125885996759235,0.014239772363903391,0.01413933911362401,0.020398031628558848,-0.03653933920695862
2022-06-27,1134.185791015625,1157.9829545073123,1129.135125114688,1157.9829545073123,15474529,1198.3879089355469,1194.3405859375,1164.2316764976006,1180.199482853719,28.17856415681935,-15.967806356118444,-5.5984761186899545,-10.369330237428489,1294.4139421247216,1102.361875746372,0.1693303406722927,34.82956837199985,1287058838.0,13.310146109834772,11.364603061430307,-0.0029599199813967747,-0.00296430920785739,0.018542482620034,-0.03167324095250912
2022-06-28,1150.1339111328125,1152.9777615415514,1129.3854414043199,1129.3854414043199,13572847,1196.000244140625,1194.1936206054688,1162.0627895184025,1177.9724034669853,34.370759752190494,-15.909613948582773,-7.660703684668519,-8.248910263914254,1294.423523613919,1097.576964667331,0.1711509912377996,34.41193063327536,1300631685.0,23.100612421991652,17.26264274726893,0.014061294228440824,0.013963351299129519,0.018801385602496674,-0.03736604210383532
2022-06-29,1173.999267578125,1181.6663139665932,1137.985067118919,1140.8061704616555,19205146,1194.7864929199218,1193.6416918945313,1163.8991707583598,1177.6780971048474,31.96070608795013,-13.778926346487651,-8.884348217032345,-4.894578129455306,1293.689243731944,1095.8837421078995,0.16848860734990317,34.50944330584754,1319836831.0,39.18527468378974,25.19867773853872,0.020750067634999647,0.020537717477648418,0.01946942437648472,-0.06522873848883515
2022-06-30,1181.0518798828125,1190.2658381550734,1167.560773223342,1173.9308815535303,23112959,1191.8596252441407,1192.5241821289062,1166.5380490851987,1177.9280069402523,38.95507457033943,-11.38995785505358,-9.385470144636592,-2.0044877104169885,1288.6212477087715,1095.09800277951,0.16385668421988675,32.97052496055668,1342949790.0,66.13262135653035,42.806169487437245,0.006007339612090767,0.005989367488001331,0.017712451965248035,-0.07996070769558017
2022-07-01,1095.9874267578125,1179.3911062938287,1076.103462886294,1171.610445710058,81997149,1183.4236999511718,1189.1261499023437,1155.6841071886777,1171.8583343341456,31.10036928696391,-16.174227145467967,-10.743221544802868,-5.431005600665099,1282.8271333856615,1084.020266516682,0.18139520765954095,37.28336628650417,1260952641.0,14.241460260572701,39.85311876696426,-0.0720243154207928,-0.07474974850127508,0.022819268436756517,-0.007182182787019764
2022-07-04,1098.262451171875,1111.139270756361,1076.6038647303487,1082.45079365179,41857728,1175.3733947753906,1185.9856567382812,1146.8500062630158,1166.4067874332368,33.32036529627587,-19.55678117022103,-12.5059334698865,-7.050847700334529,1274.9924589870097,1075.7543305637714,0.18141212804885207,37.852126193368335,1302810369.0,16.561737305035525,32.31193964071286,0.002075776015781905,0.0020736245695139877,0.022901603908572658,0.004225980180429634
2022-07-05,1107.157958984375,1121.5590649917854,1099.8094906293034,1102.4941121326237,17647327,1167.649560546875,1183.6036669921875,1140.7435374509173,1162.0179853259137,37.0687347719651,-21.27444787499644,-14.259636350908488,-7.014811524087952,1262.9695099900625,1072.3296111036873,0.1721885276977589,37.79687529728695,1320457696.0,23.21028378589546,18.00449378383456,0.00809961936057113,0.008066993496664926,0.023063944884978326,-0.005260402666508512
2022-07-06,1097.4207763671875,1111.1166075291421,1086.5687955560873,1101.1746251311279,23943726,1160.5468200683595,1180.292998046875,1134.0784972841896,1157.2330068845265,37.966035209385204,-23.15450960033695,-16.03861100079418,-7.115898599542771,1254.4920632202648,1066.6015769164542,0.171210979735401,36.13607278819217,1296513970.0,18.029648888024944,19.26722332631864,-0.008794754658241977,-0.008833656770635422,0.022920472896563716,-0.014221467216443573
2022-07-07,1086.6141357421875,1107.1578795789183,1080.6534724660446,1103.8135967687947,23301033,1151.204278564453,1176.7416284179687,1126.7762878161893,1152.0019793925014,33.43180076796929,-25.2256915763121,-17.876027115897767,-7.349664460414335,1234.418635768515,1067.989921360391,0.15316266274637466,35.794816826457044,1273212937.0,9.162943920750157,16.800958864890184,-0.009847308213694839,-0.009896113618780684,0.021550280232975758,0.0037896800588392843
2022-07-08,1088.1158447265625,1100.2191487523794,1084.0889121323955,1100.2191487523794,19010108,1143.8592468261718,1172.8426293945313,1120.8285273408621,1147.2696731209503,36.59510025706374,-26.441145780088164,-19.589050848735848,-6.852094931352315,1221.6831567608772,1066.0353368914664,0.14304342742892806,33.82688778333485,1292223045.0,10.52218982995213,12.571594212909071,0.001382007591268275,0.0013810534977189695,0.020962512920547766,0.004348852823893523
2022-07-11,1102.9036865234375,1105.1331283386687,1078.3785026593284,1081.336087585235,13847467,1138.4218627929688,1169.5087548828126,1118.0708595227968,1143.9833037433568,35.621997447670665,-25.91244422056002,-20.853729523100682,-5.058714697459337,1211.3442411102478,1065.4994844756898,0.13223707420390307,33.622130989955835,1306070512.0,23.475530860155423,14.38688820361923,0.013590319329088718,0.013498799198884038,0.021175313782373896,-0.0006806871996606345
2022-07-12,1101.3338623046875,1110.092882939669,1093.8489116704193,1093.8489116704193,10778989,1133.6977111816407,1166.2326708984374,1115.4959368738569,1140.824085859011,41.16793918782125,-25.32814898515403,-21.748613415511354,-3.579535569642676,1203.122302495069,1064.2731198682122,0.1260736524856291,32.08159577322571,1295291523.0,22.10045065966002,18.699390449922518,-0.0014233556727862862,-0.0014243696057109065,0.021086409025374304,0.006878976542892934
2022-07-13,1081.8138427734375,1107.4993634434227,1079.7436294761944,1104.4507905221294,14224132,1128.721014404297,1163.3560864257813,1110.314076243023,1136.452956741561,40.97669577057309,-26.1388804985379,-22.626666832116666,-3.5122136664212356,1198.0334004954466,1059.4086283131473,0.1281410596733612,31.464075601819022,1281067391.0,5.001980620716065,16.8593207135105,-0.017723980165652686,-0.0178829308619998,0.021238615659676916,0.052764324600870216
2022-07-14,1090.7320556640625,1107.4765795757364,1081.540843303509,1086.5687619025882,16970315,1125.0160766601562,1161.1379028320312,1107.3014576924136,1133.066223328413,39.02515233526929,-25.76476563599931,-23.254286592893195,-2.510479043106116,1194.1226990052955,1055.9094543150168,0.12671603807053364,31.819958646118607,1298037706.0,12.813847594883507,13.305426291753193,0.008243759266161277,0.008209965083115488,0.02127968438167292,0.03719000541337447
2022-07-15,1092.847900390625,1098.8540583216684,1084.33921677306,1098.8540583216684,9603210,1120.7344177246093,1159.1463159179686,1105.0778334921383,1130.0870882959841,40.25318014772399,-25.009254803845806,-23.60528023508372,-1.403974568762088,1186.419997269047,1055.0488381801717,0.12020992037585301,30.796173800117476,1307640916.0,14.667211911772066,10.827680042457208,0.0019398391342539956,0.0019379600759753743,0.021033169358288313,0.0421767506905808
2022-07-18,1102.1529541015625,1103.4041567519191,1088.5252438187727,1101.584159976362,15160908,1117.986151123047,1158.2722387695312,1104.6278520474343,1128.0178931704713,38.320986565898835,-23.390041123037008,-23.562232412674376,0.17219128963736807,1181.8358982423333,1054.1364040037606,0.11586367732659118,30.173787571254252,1322801824.0,22.81793029771011,16.766329934788555,0.008514500240711875,0.008478456336244874,0.020904513422868105,-0.0007638857584869596
2022-07-19,1108.909912109375,1113.4145306244031,1092.1653876854057,1092.1653876854057,16439888,1114.6418212890626,1157.93052734375,1105.286630518502,1126.6024871659456,32.71721303261856,-21.315856647443525,-23.112957259628207,1.797100612184682,1172.4644235072187,1056.8192190709065,0.10428728535425504,28.5714944349202,1339241712.0,28.736656140480108,22.073932783320757,0.006130689921636678,0.006111973698797928,0.020558779607914066,-0.0064011210685818165
2022-07-20,1138.89501953125,1156.8679986086788,1131.2735877067614,1155.730530749646,23924246,1114.582666015625,1158.419208984375,1110.4571519050787,1127.5130451189311,40.021543240148794,-17.055893213852414,-21.90154445047305,4.845651236620636,1172.2980208933586,1056.8673111378912,0.10135324834678508,30.375281689746803,1363165958.0,60.79290278372982,37.449163073973345,0.02704016538623688,0.026681039613251408,0.020501760070534877,-0.033479716882240496
2022-07-21,1131.29638671875,1137.5301345200253,1122.6512213878611,1134.8000189659344,16523230,1115.0683959960938,1159.21001953125,1113.6631880302589,1127.7932926448436,63.19728654027613,-14.130104614584752,-20.347256483295393,6.217151868710641,1173.1938274942574,1056.9429644979302,0.10275898019395706,24.039237485951826,1346642728.0,68.14067422770245,52.556744383970795,-0.006671934359347209,-0.0066942912111805026,0.020209331150278998,-0.011744274125499832
2022-07-22,1138.940673828125,1144.9468316984942,1135.2550660118313,1137.5301221641155,10969995,1115.1377868652344,1159.9061889648438,1117.5520319991613,1128.6190245843459,64.61743479678097,-11.066992585184607,-18.491203703673236,7.424211118488628,1173.3794356867281,1056.8961380437406,0.10227336710302239,22.54745455407554,1357612723.0,77.15958732504284,68.6977214454917,0.006757103796244612,0.006734376891648441,0.020012446601947065,0.0025368153872766808
2022-07-25,1101.31103515625,1122.7194053701078,1093.3938930172108,1122.7194053701078,23110452,1113.4940490722656,1159.844306640625,1115.0534171002519,1126.596210552635,48.25856863232328,-11.542793452383194,-17.10152165341523,5.558728201032036,1171.32636747267,1055.6617306718613,0.10502449635801445,24.136752196290104,1334502271.0,29.217326750865947,58.17252943453707,-0.033039156065431396,-0.03359727666039661,0.021352345572164786,0.06381177440772157
2022-07-26,1101.8116455078125,1112.003964591019,1097.193292295004,1101.629669898458,11303288,1111.0779357910155,1158.8646655273437,1113.0162214706459,1124.7603168456112,51.383906513099504,-11.744095374965354,-16.030036397725254,4.2859410227599,1166.4503362663568,1055.7055353156743,0.10051155422271967,23.441242219358678,1345805559.0,29.855132288410953,45.41068212143991,0.0004545585539252883,0.0004544552734826355,0.021053609866256987,0.06737549718641866
2022-07-27,1100.76513671875,1104.3141424256505,1092.938861823789,1101.1063409773997,8655086,1107.4162292480469,1157.7803735351563,1111.1314392011234,1122.9828960954733,54.75247759660991,-11.851456894349894,-15.194320497050184,3.342863602700289,1154.3048675825703,1060.5275909135235,0.08519281138262223,22.360590325714952,1337150473.0,28.521821663350394,29.19809356754243,-0.0009498073407820939,-0.0009502586935958389,0.020371546982138753,0.07736029670413025
2022-07-28,1118.0101318359375,1122.9469424061926,1101.5841851617515,1108.4093537574902,12496073,1104.264141845703,1157.5733471679687,1112.1896996064795,1122.6145431873595,59.07959091768349,-10.424843580879951,-14.240425113816137,3.8155815329361857,1136.4948710564172,1072.033412634989,0.05765731149106226,22.792845259104865,1349646546.0,50.49290825065127,36.289954067470866,0.01566637109219582,0.015544920320187746,0.020708332657568346,0.046721606544307015
2022-07-29,1141.8299560546875,1145.3108414909532,1121.1497270683567,1126.018296934473,15130683,1106.5562683105468,1156.5268188476562,1116.74973906005,1124.0379071034579,61.20789884968654,-7.28816804340795,-12.8499736997345,5.56180565632655,1142.603033435369,1070.5095031857245,0.06313858720150067,22.831851257367394,1364777229.0,80.50156815031582,53.17209935477249,0.021305553089786766,0.021081762862946257,0.013476741587937114,0.009782901645746467
2022-08-01,1171.587646484375,1177.4573222630406,1140.9880650198957,1146.2434528105707,15700044,1110.2225280761718,1156.2351513671874,1125.1863402022539,1127.560110020563,67.40304359795954,-2.373769818309029,-10.754732923449406,8.380963105140378,1156.2510491928756,1064.194006959468,0.07857460985496603,24.27651454121706,1380477273.0,93.99298541258722,74.9958206045181,0.02606140281387237,0.025727591754976232,0.01449938763663759,-0.00299042077609446
2022-08-02,1176.0467529296875,1186.580275301345,1165.535977507085,1170.5184018297261,13917913,1113.6669677734376,1155.951220703125,1133.0110190833975,1131.1517131990165,75.22530882594496,1.8593058843810013,-8.231925161883325,10.091231046264326,1168.2459714271322,1059.087964119743,0.09281774473290472,23.797126243147904,1394395186.0,89.97183993457409,88.15546449915905,0.003806037438763621,0.0037988128039556056,0.014456880375124982,-0.0008317266398004675
2022-08-03,1185.920654296875,1187.5814225116324,1168.2207573838157,1183.0313099580328,14250977,1118.0919616699218,1155.8998046875,1141.150962962394,1135.208671798858,75.3514253648901,5.942291163536083,-5.397081896799444,11.339373060335527,1180.8608214493295,1055.3231018905142,0.10585676124617784,23.327478304261426,1408646163.0,98.39138634838292,94.11873723184807,0.008395840847815306,0.008360791816790399,0.01422017003952744,-0.005851120661916509
2022-08-04,1170.245361328125,1191.107684300821,1153.455464512121,1187.5813052958538,14467127,1122.2735229492187,1155.7614794921874,1145.6270242494295,1137.803982134359,69.22463508369209,7.823042115070393,-2.7530570944254764,10.576099209495869,1187.3145315946222,1057.2325143038152,0.11115790037670001,24.980148178553673,1394179036.0,79.66287127167404,89.34203251821036,-0.01321782609313249,-0.01330595903522946,0.014411372014752007,0.02375678678161819
2022-08-05,1153.0003662109375,1173.384882192994,1149.7925649671015,1172.1109326876474,13942438,1125.5177490234375,1155.3874584960938,1146.7613845511999,1138.9296402141056,62.15064226682866,7.831744337094278,-0.6360968081215256,8.467841145215804,1189.8539918754861,1061.181506171389,0.11159795735967443,25.6025341994641,1380236598.0,61.48531073761115,79.84652278588938,-0.014736221725002996,-0.01484587845774062,0.014993406668625538,0.046290572352893467
2022-08-08,1168.0841064453125,1175.546309977684,1151.6354129424305,1151.6354129424305,10165178,1128.7767700195313,1154.498818359375,1150.0418033041403,1141.089230305306,63.599240746695635,8.952572998834285,1.2816371532696365,7.670935845564648,1194.8692845887049,1062.6842554503578,0.11316396517080403,25.792659492053808,1390401776.0,76.54695525999551,72.5650457564269,0.013082164304894395,0.01299733185381805,0.014974947851380045,0.038174741311607585
2022-08-10,1175.068603515625,1178.4356336498447,1163.4884798945134,1172.5204636099309,10724688,1132.4635070800782,1154.0424462890626,1153.8920802597534,1143.6062209134777,59.29607632837355,10.285859346275629,3.082481591870835,7.203377754404794,1200.3132285647887,1064.6137855953677,0.1154821450964046,23.4347357246272,1401126464.0,83.66173660707288,73.89800086822652,0.005979447055030729,0.0059616411060522435,0.014951804741643437,0.03387549471949458
2022-08-11,1178.981689453125,1187.5358669102814,1174.0220116644236,1184.4418001629217,8198226,1137.3218994140625,1153.6565942382813,1157.7520201356567,1146.2266259904886,62.49103073456042,11.525394145168093,4.7710641025302865,6.754330042637807,1203.8026059573888,1070.8411928707362,0.1127764869260414,23.239739803374977,1409324690.0,87.64781471081673,82.6188355259617,0.0033300914736320575,0.0033245589980514237,0.014107138584850921,0.012071377970553243
2022-08-12,1198.046630859375,1201.845973401522,1174.9321182963517,1178.6176057306407,12650587,1142.6876281738282,1152.8257421875,1163.9511910162287,1150.0651448696653,64.60857622384204,13.88604614656333,6.594060511336895,7.291985635226435,1210.6420388867436,1074.7332174609128,0.11344201296099939,24.187126240905418,1421975277.0,96.51139169144119,89.27364766977693,0.016170684902742982,0.016041331997901233,0.014330268234389338,-0.006796545238943796
2022-08-16,1206.3734130859375,1209.1035287580976,1195.4531911057852,1204.052862906299,6607378,1148.3639038085937,1151.659091796875,1170.4776867192609,1154.2361277005002,80.36555617078601,16.241559018760654,8.523560212821648,7.717998805939006,1217.7401288057927,1078.9876788113947,0.11501617035762186,21.908808872433855,1428582655.0,97.64978823149343,93.93633154458378,0.006950298938355637,0.006926256945762977,0.014321410954930424,0.0015599116468310026
2022-08-17,1212.6754150390625,1218.0217913259337,1208.3072780583839,1212.6071741819499,6595965,1153.8900268554687,1150.7272290039064,1176.9696449223072,1158.564963799653,81.00262986937327,18.40468112265421,10.499784394788161,7.904896727866049,1225.343796541199,1082.4362571697384,0.11784483926958916,21.682930725575375,1435178620.0,95.72573467130319,96.62897153141262,0.005223923111007833,0.005210325758465055,0.014298416135092522,-0.006298822949361904
2022-08-18,1214.8746337890625,1218.3895770524823,1205.242530076721,1214.281162605974,7410035,1159.1882629394531,1149.7920288085938,1182.8011816710389,1162.7360504655353,81.70587680002205,20.065131205503576,12.412853756931245,7.652277448572331,1232.2942151187135,1086.0823107601927,0.12035143404262352,21.809485466568212,1442588655.0,96.99076968323699,96.78876419534454,0.001813526292960388,0.00181188383960784,0.0143112335188856,-0.010990878145883176
2022-08-19,1193.213623046875,1215.0569809988342,1189.1507309375147,1209.7159828214287,9460724,1161.9041931152344,1148.8667895507813,1184.4030957288599,1164.9936484345235,70.39515283241744,19.40944729433636,13.812172464412269,5.597274829924091,1235.8667227853223,1087.9416634451466,0.12397198329201822,22.075517207559415,1433127931.0,74.10942734850128,88.94197723434714,-0.01782983209932465,-0.01799069857224332,0.014135935394519596,0.0015876529928062766
2022-08-22,1189.904052734375,1201.1795211355932,1180.500282384016,1194.6517009933089,9471680,1164.8345764160156,1147.1955712890624,1185.2493968066315,1166.838863567846,64.6696322023078,18.410533238785547,14.731844619286925,3.6786886194986224,1238.3337012624927,1091.3354515695385,0.12353790152672837,21.602555000170955,1423656251.0,63.197715948046785,78.09930432659502,-0.002773661185705323,-0.002777514911494484,0.014030343803509374,-0.003433632610953974
2022-08-23,1208.2552490234375,1211.1768414672938,1182.9424687305054,1184.1522321085429,9678484,1168.3003051757812,1146.6603466796876,1188.78875868614,1169.9067439719638,62.02615974735968,18.882014714176194,15.56187863826478,3.320136075911414,1243.182263552971,1093.4183467985913,0.12395056166768179,21.01434896400263,1433334735.0,85.2262835919396,74.17780896282923,0.015422416830072727,0.015304700134101465,0.014296021722807918,-0.0033437977083715653
2022-08-24,1205.0369873046875,1218.846089361482,1203.0284828486285,1205.1968562417935,10369622,1173.4866027832031,1146.5280590820312,1191.2884861659165,1172.5089842188322,59.58617905317364,18.779501947084327,16.20540330002869,2.5740986470556386,1243.0094568643592,1103.963748702047,0.11538708739000321,20.641013872473586,1422965113.0,80.00232112885715,76.14210688961451,-0.0026635611319306696,-0.002667114722422056,0.011623208351443004,-0.03005967687511213
2022-08-25,1201.5220947265625,1215.6049306697223,1197.2081689286076,1209.2368579891631,7871946,1178.4721252441407,1146.6421630859375,1192.862887482939,1174.6581035157012,55.38539718175264,18.204783967237745,16.6052794334705,1.599504533767245,1240.2192496382256,1116.7250008500557,0.10278150466827181,20.5721636305663,1415093167.0,74.9122223845849,80.04694236846056,-0.0029168337695482105,-0.0029210960193683496,0.011710226748377094,-0.038582246700631706
2022-08-26,1195.1080322265625,1209.715993824914,1190.0866510806784,1201.9554689456972,10742038,1183.1892700195312,1146.9173681640625,1193.2082943665735,1176.172913049839,59.16844550629274,17.0353813167344,16.69129981012328,0.344081506611122,1233.2496719582448,1133.1288680808177,0.08377552587517602,19.284815270247414,1404351129.0,65.62368489694713,73.51274280346306,-0.005338280942274065,-0.005352580476641336,0.011856071528673798,-0.018410931199934644
2022-08-29,1185.818359375,1211.9984634718257,1176.8710131510943,1180.0436382797463,19838975,1186.5796813964844,1147.337119140625,1192.0713812909466,1176.8873905554065,62.856396844963,15.183990735540192,16.389837995206662,-1.20584725966647,1226.1361766942366,1147.0231860987321,0.06671594344112022,20.1087533484502,1384512154.0,50.85939950809871,63.79843559654358,-0.007773082098908923,-0.007803449971908016,0.011820008878240335,-0.00030789901488781357
2022-08-30,1204.215087890625,1207.5475818496645,1176.2090496696883,1193.282058957648,23139054,1189.6989379882812,1147.8517993164062,1193.9396438447434,1178.9116644320893,63.796146012276715,15.027979412654076,16.117466278696146,-1.0894868660420691,1223.8696454543744,1155.5282305221879,0.05675183413612387,20.63929871593041,1407651208.0,73.57002657363147,63.35103699289243,0.015513951500397694,0.015394840496758117,0.011412221817207942,-0.02130425659381263
2022-09-01,1168.81396484375,1189.150886984996,1164.385933490136,1178.9710757031155,19909939,1189.56025390625,1148.085712890625,1190.0741547676676,1178.1636866848048,48.03760710050162,11.910468082862735,15.276066639529464,-3.365598556666729,1224.0613766623496,1155.0591311501503,0.05903612344452416,22.416584476298812,1387741269.0,8.130772456827376,44.186732846185855,-0.02939767438795815,-0.029838445957800854,0.012156941007464391,0.009763941729459269
2022-09-02,1155.1646728515625,1175.638520959865,1152.9734784565321,1168.8139049237643,12999345,1188.5161499023438,1147.673076171875,1184.703465242113,1176.4600560304905,42.95766056051207,8.24340921162252,13.869535153948076,-5.626125942325556,1225.8840046872592,1151.1482951174285,0.06469701794579917,23.070240708975607,1374741924.0,3.326411941009708,28.342403657156186,-0.011677899479933251,-0.011746621692720914,0.01238940252333991,0.015333015819642304
2022-09-05,1173.10498046875,1178.445978943139,1155.3928563937116,1155.3928563937116,11327815,1187.8753662109375,1148.33361328125,1182.919082969288,1176.211531914806,42.57574612084866,6.707551054481883,12.437138334054838,-5.729587279572955,1225.8649747192358,1149.8857577026392,0.06476761950685496,22.81077292229033,1386069739.0,30.561263225107005,14.006149207648031,0.015530519620982952,0.015411155373976417,0.012765788021159873,0.01099304521629163
2022-09-06,1185.4532470703125,1189.6302455363334,1174.1093147173583,1174.5658588505653,10899618,1188.635760498047,1149.6110424804688,1183.3089543694455,1176.8961034078065,43.91840100480847,6.412850961638924,11.232280859571656,-4.819429897932732,1225.73799417727,1151.533526818824,0.06259586157601095,23.01612488052397,1396969357.0,49.30693981471848,27.731538326945067,0.010526139439479998,0.01047112535426559,0.012620663812803965,0.008818344694231817
2022-09-07,1178.5601806640625,1184.563114237557,1173.1963605855797,1175.478839783805,7488501,1189.913751220703,1150.4311889648438,1182.5783737993866,1177.0193683897514,40.11649207853782,5.55900540963512,10.097625769584349,-4.538620359949229,1223.4357960056875,1156.3917064357186,0.056886437086473424,23.059589755148018,1389480856.0,38.842702385156706,39.5703018083274,-0.00581470962544095,-0.005831680870005486,0.012196068598436775,0.0025562507217937736
2022-09-08,1180.2261962890625,1185.978096162653,1173.6527344300007,1181.5272442598816,7057077,1190.5208557128906,1151.3519970703126,1182.2165003362597,1177.256911197108,39.93090980489038,4.959589139151831,9.070018443497846,-4.110429304346015,1222.7948451534228,1158.2468662723584,0.05469119316620832,23.000897952068808,1396537933.0,41.371850087194304,43.173830762356495,0.001413602506119993,0.0014126043106876505,0.0118708847091323,-0.008779931101412397
2022-09-09,1172.8768310546875,1191.4561604892992,1170.4573041604863,1191.4561604892992,8314850,1190.4112670898437,1151.80685546875,1180.7796281390947,1176.9324608161878,43.553772918877584,3.8471673229068983,8.025448219379657,-4.178280896472758,1222.9202089796697,1157.9023252000177,0.055434536737490096,22.65036982831834,1388223083.0,30.214913792581488,36.80982208831083,-0.006227081941989843,-0.006246551082783986,0.011892680765828707,-0.027283758561821192
2022-09-12,1186.0009765625,1192.3691689901582,1173.447281793324,1173.447281793324,7435419,1190.7622314453124,1152.0468896484374,1181.5829125119262,1177.604202723322,48.83529478210256,3.978709788604192,7.216100533224564,-3.237390744620372,1222.9010768910769,1158.623385999548,0.054196996597617536,22.565591198596444,1395658502.0,50.1384378905569,40.575067256777565,0.011189704801322531,0.011127563189049271,0.01213676292912006,-0.03679675824334172
2022-09-13,1195.906982421875,1200.4491194045427,1187.3477160754526,1195.1081207827935,8888657,1190.6552490234376,1152.3439916992188,1183.7866155749953,1178.959964182474,46.11961127042434,4.826651392521171,6.738210705083886,-1.9115593125627148,1222.7061219709137,1158.6043760759615,0.05360094625849368,21.580860491828894,1404547159.0,65.17656333167291,48.50997167160377,0.008352443256907316,0.0083177546254297,0.011719699021330857,-0.04462261926513267
2022-09-14,1181.5728759765625,1191.4560105895346,1174.4515854442564,1175.478658663779,8678219,1189.4152221679688,1154.0557006835938,1183.4460402521595,1179.1535132042584,43.10799569383724,4.292527047901103,6.24907397364733,-1.9565469257462267,1220.8180485775492,1158.0123957583883,0.053154277739536376,21.983559810740694,1395868940.0,45.66299600115406,53.65933240779463,-0.011985971029522702,-0.012058381972247961,0.011890291817200398,-0.030366617094265247
2022-09-15,1169.8638916015625,1188.5116835520153,1167.1476896556205,1179.1307346574977,10365600,1187.2746459960938,1155.4877294921876,1181.3564789212985,1178.4653930855402,41.12823663186279,2.891085835758304,5.577476346069525,-2.686390510311221,1217.8265165856956,1156.722775406492,0.05223149600382276,22.195504964689267,1385503340.0,28.61570086018293,46.4850867310033,-0.009909659076527633,-0.00995908655879207,0.011956686304415242,-0.029890463060303962
2022-09-16,1140.8763427734375,1165.4359048168926,1137.133067391258,1161.213264147553,20217708,1183.5747314453124,1156.1620971679688,1175.1287656677814,1175.6810189883474,36.50916948416495,-0.5522533205660238,4.351530412742416,-4.9037837333084395,1217.7599410682983,1149.3895218223265,0.05992798402652935,23.131325069408472,1365285632.0,5.000007450840302,26.426234770725767,-0.02477856529825928,-0.02509072125582699,0.012977209105855364,-0.023887715667106346
2022-09-19,1142.3599853515625,1151.6040077939597,1132.7278822878002,1140.876367867208,7580254,1181.032049560547,1157.0608813476563,1170.0874148499015,1173.2127942745115,38.752345029199134,-3.125379424609946,2.8561484452719434,-5.981527869881889,1219.4957798077585,1142.5683193133355,0.06734082205334645,21.970516154081906,1372865886.0,12.873752661448892,15.49648699082404,0.0013004411806087912,0.0012995963393416096,0.012528283295233278,-0.04999095446961932
2022-09-20,1142.54248046875,1158.4514907194557,1138.8220264150539,1151.4898271317024,8411448,1178.6639709472656,1158.1794482421874,1165.8497326374168,1170.9409191777884,32.376673477760264,-5.091186540371609,1.266681448143233,-6.357867988514842,1220.5108261990445,1136.8171156954868,0.07325216517920692,21.13415416296945,1381277334.0,14.492644550904785,10.788801554397992,0.00015975272202073398,0.00015973996291348744,0.012537154167710637,-0.04259139280840818
2022-09-21,1145.6925048828125,1156.3060391967588,1138.9591731329301,1139.7580348153278,9207309,1175.5358337402345,1159.3309814453125,1162.74862067517,1169.0706662670493,41.89989813040884,-6.3220455918792595,-0.2510639598612655,-6.070981632017994,1217.4223361189706,1133.6493313614983,0.07311997276794709,19.52827642463657,1390484643.0,19.144101830968584,15.50349968110742,0.002757030454368925,0.0027532368170884464,0.011917843683450141,-0.0706446200649874
2022-09-22,1134.8961181640625,1142.6108798497348,1128.5052256188412,1134.8504758314202,10308170,1172.028790283203,1159.970830078125,1158.4636202888457,1166.5392182594207,42.75452121985915,-8.075597970575018,-1.815970762004016,-6.259627208571002,1215.239551568417,1128.8180289979891,0.07614928026208533,19.137007621825028,1380176473.0,8.883161876348996,14.173302752740787,-0.009423459325025751,-0.009468141043637971,0.012015585595390772,-0.06467952426727175
2022-09-23,1113.6234130859375,1139.3926153234095,1112.071332278307,1134.3940554048254,9528051,1167.633856201172,1160.21662109375,1151.5651268730137,1162.6195289873108,29.231696409350022,-11.05440211429709,-3.663657032462631,-7.39074508183446,1215.8091526624667,1119.4585597398773,0.08651990591289237,19.425577404219748,1370648422.0,1.756188809520707,9.927817505612763,-0.018744187012057267,-0.0189220858389206,0.0125254132940611,-0.02531239576257427
2022-09-26,1085.2523193359375,1103.7176650883043,1084.2480670791438,1092.8757978119418,12479523,1162.1410705566407,1160.285390625,1141.3631564826942,1156.8886245686906,18.534916310844636,-15.525468085996408,-6.036019243169387,-9.48944884282702,1220.9942411704264,1103.287899942855,0.10845988451754307,20.343440328449056,1358168899.0,0.8642368005178426,3.8345291621291824,-0.025476380450175196,-0.025806522719397155,0.013438798365993515,-0.0033019934902721593
2022-09-27,1093.8800048828125,1107.4607728213189,1077.3776445528867,1092.8528108642224,16154822,1157.5441528320312,1160.348349609375,1134.0580562365585,1152.2213194067738,23.695306940375858,-18.16326317021526,-8.461468028578562,-9.701795141636698,1222.6414574305359,1092.4468482335265,0.1190209242474975,21.616743312999006,1374323721.0,13.408761331318054,5.343062313785535,0.00794993513780673,0.007918500893687525,0.013708184922510995,0.007073489590802007
2022-09-28,1064.7554931640625,1085.5489575446488,1062.3132660155625,1077.491757249726,16997059,1150.5711730957032,1159.7865014648437,1123.3961234561746,1145.7423693147211,19.35795056110483,-22.34624585854658,-11.238423594572167,-11.107822263974414,1223.96698657035,1077.1753596210565,0.1378641649577995,22.991127394041705,1357326662.0,1.7679893297543945,5.346995820530097,-0.02662496031442696,-0.026985824313884053,0.01379928157530153,0.03843587091143941
2022-09-29,1061.4915771484375,1080.7556609643932,1055.8766040342564,1077.3320028920632,14671827,1145.2050537109376,1158.9732739257813,1113.872347101138,1139.5015698949965,19.786988312853325,-25.62922279385839,-14.116583434429412,-11.512639359428977,1228.0676045024468,1062.3425029194284,0.15612474479375318,23.26828457985055,1342654835.0,3.8838454873396415,6.353532049470696,-0.0030654136433950763,-0.0030701216475796096,0.012663237959630869,0.04603703032025219
2022-09-30,1085.4349365234375,1096.5048940159172,1054.96372509037,1054.96372509037,18613024,1141.7185668945312,1158.5037744140625,1109.4973608584148,1135.4966340896958,24.233981717032307,-25.999273231280995,-16.49312139379973,-9.506151837481266,1228.58764215782,1054.8494916312425,0.16006316424920608,24.843201079141732,1361267859.0,20.94451582339334,8.86545021349579,0.0225563347749973,0.022305702551610268,0.013925157800495563,0.011796826386492043
2022-10-03,1081.6688232421875,1103.3294933419215,1078.7015883112226,1091.7117072217247,11852723,1137.1467590332031,1157.3592504882813,1105.2160473789952,1131.5093888417323,19.78027513575799,-26.29334146273709,-18.453165407587203,-7.840176055149886,1226.6453133754965,1047.6482046909098,0.16548235914580756,25.570326949760037,1349415136.0,19.565280231010078,14.797880513914352,-0.0034696812812314848,-0.0034757145851318744,0.013223748396433126,-0.004895705702869124
2022-10-04,1101.6175537109375,1103.808747936222,1091.0953054950355,1094.58754770497,8948850,1132.9549743652344,1156.765673828125,1104.6624329685249,1129.2951788320438,29.45936554675052,-24.63274586351895,-19.689081498773554,-4.943664364745395,1220.764390968241,1045.1455577622278,0.15941905846944715,25.619221786646886,1358363986.0,34.93413838566247,25.14797814668863,0.018442549179660928,0.018274547808216416,0.013786847655505967,-0.015725942774801438
2022-10-06,1105.6802978515625,1118.4165611455717,1103.8771842481965,1108.8302224863316,13352162,1129.3109802246095,1156.1004663085937,1104.8190275659153,1127.5459283890452,32.83686350250433,-22.72690082312988,-20.29664536364482,-2.4302554594850605,1215.1791093298837,1043.4428511193353,0.15532180372956592,25.293151325092563,1371716148.0,45.90890927135131,33.46944262934129,0.003687980576325467,0.003681196650169027,0.01386891462134251,-0.0162254727535025
2022-10-07,1110.3594970703125,1115.6320317027526,1102.2794760013117,1102.2794760013117,7714340,1125.817645263672,1156.281435546875,1105.6714074896688,1126.2728594024725,40.62016457529439,-20.601451912803668,-20.357606673476592,-0.2438452393270758,1208.5932783233714,1043.0420122039725,0.14909699656391148,23.908989288745165,1379430488.0,53.52881245687847,44.79062003796408,0.004231964002471722,0.004223034427042439,0.013931311883664844,-0.025345795132290738
2022-10-10,1098.2396240234375,1103.6262649687026,1090.1139598954956,1097.8743645838504,6329527,1122.0857849121094,1156.2099951171874,1104.5280561871716,1124.19632344847,37.27117385484829,-19.668267261298297,-20.219738791040935,0.5514715297426385,1202.6280529125413,1041.5435169116774,0.14667521775505177,24.006804407934982,1373100961.0,41.817405825299275,47.08504251784302,-0.010915269404957018,-0.010975278031125421,0.014028389743338952,0.0012261054761932844
2022-10-11,1076.373291015625,1101.982746487589,1073.2691292307711,1101.982746487589,9215177,1116.6044006347656,1155.722158203125,1100.1965538530876,1120.6538766015924,33.03290387773198,-20.457322748504794,-20.267255582533707,-0.19006716597108664,1193.6786496516647,1039.5301516178665,0.14321100246583557,24.655672475964707,1363885784.0,21.125988797303453,38.82406902649373,-0.019910347914514737,-0.02011122978183388,0.014074350859191481,0.03959048045681102
2022-10-12,1084.2935791015625,1087.2379927529598,1069.6171531804475,1073.6800455545388,7417103,1111.02373046875,1155.0478271484376,1097.749942352853,1117.96052123122,34.63205288252318,-20.21057887836696,-20.25592024170036,0.04534136333339944,1179.6175792987358,1042.4298816387643,0.1265226506032104,24.675242012299254,1371302887.0,33.46355519626732,32.13564993962335,0.007358309753732639,0.007331369468438463,0.014027343214505812,0.049952643012978415
2022-10-13,1087.7401123046875,1092.8527780894253,1077.3776122421918,1082.5360411069073,7328492,1106.3320922851562,1153.9660302734376,1096.209968499289,1115.721972421847,37.74615415573625,-19.51200392255805,-20.1071369778719,0.5951330553138483,1166.9847132260331,1045.6794713442794,0.1115204270850452,24.552948196817983,1378631379.0,38.82129342629089,31.136945806620556,0.0031785978166363194,0.0031735567541117944,0.014027922373865924,0.04943771955882137
2022-10-14,1082.216552734375,1103.0556611703817,1081.48615457156,1102.4393688537991,9106089,1101.949725341797,1152.1786083984375,1094.0571353046869,1113.2400894820344,41.111128766095426,-19.182954177347483,-19.92230041776702,0.7393462404195361,1155.5273796610115,1048.3720710225823,0.09901466427184652,24.14210702208363,1369525290.0,42.949739267550704,38.41152929670297,-0.005078014047500079,-0.00509095097535101,0.013962875841495758,0.04256119044595019
2022-10-17,1099.586181640625,1101.9827665257233,1069.845490552908,1075.0495620947684,16729355,1099.8852172851562,1150.6493969726562,1094.907757817908,1112.2286889011891,54.326224825138645,-17.32093108328104,-19.402026550869824,2.081095467588785,1150.2318993479942,1049.5385352223182,0.09157387188645606,24.339387733942317,1386254645.0,70.32381737946567,50.69828335776909,0.01605004919058306,0.015922608957359634,0.01371571094627501,0.02951738546883198
2022-10-18,1118.9874267578125,1124.3512470169624,1104.7903646127031,1105.6348686623294,12415820,1098.7165893554688,1149.310732421875,1098.612322270201,1112.729336149828,57.11516268113055,-14.117013879626938,-18.34502401662125,4.22801013699431,1145.897583599203,1051.5355951117347,0.0843280149812546,23.95952609879269,1398670465.0,92.26976247148998,68.51443970616879,0.017644133257695316,0.01749028260990625,0.014378020567033706,-0.003957238910867522
2022-10-19,1138.4569091796875,1153.9550179585947,1114.6277458530562,1120.4709308445554,19247142,1098.5123107910156,1148.6749633789063,1104.7422587178144,1114.6350823001878,72.0952666689099,-9.892823582373467,-16.654583929771693,6.761760347398226,1144.923446541642,1052.101175040389,0.08153340785479168,24.51384990152758,1417917607.0,84.34396770594623,82.31251585230062,0.01739919677050028,0.01724956391388282,0.01495236474109747,-0.017141851072013048
2022-10-20,1141.5155029296875,1149.9150215278255,1134.3942113183082,1134.3942113183082,8717053,1098.3034606933593,1148.4452661132811,1110.3996809042565,1116.6262245690396,74.02029036713702,-6.226543664783094,-14.568975876773974,8.34243221199088,1143.8501993950483,1052.7567219916702,0.07980047329150382,23.845403707197615,1426634660.0,87.43372808925655,88.01581942223093,0.002686613542715266,0.002683011047450513,0.01495167165657123,0.01021751532809101
2022-10-21,1128.2769775390625,1148.9106943491454,1126.177188586748,1144.7565172867282,8243452,1097.9725036621094,1147.6491235351561,1113.150034232688,1117.4892433075597,63.74280088456008,-4.339209074871633,-12.523022516393507,8.183813441521874,1142.4841205027794,1053.4608868214393,0.07890193228573435,22.501999195544062,1418391208.0,69.55336670216344,80.44368749912208,-0.011597324220869898,-0.011665097688899975,0.01503089171151547,0.031558573144957025
2022-10-24,1132.0430908203125,1142.382770547029,1120.836206695688,1122.9816380159375,3370033,1098.893487548828,1146.78861328125,1116.0566583230918,1118.567306086282,66.15897638520688,-2.5106477631902635,-10.520547565752858,8.009899802562595,1145.482370066194,1052.304605031462,0.08230938008482763,22.2819033970185,1421761241.0,74.01887373285743,77.00198950809248,0.003337933287856698,0.003332374754447515,0.014393353765312296,0.02016250908348627
2022-10-25,1114.559326171875,1140.785075413764,1112.9387816840604,1140.785075413764,12233241,1100.358837890625,1145.500166015625,1115.826299530597,1118.270418685215,54.218147350707795,-2.4441191546179653,-8.90526188352588,6.461142728907914,1146.9847418600696,1053.7329339211803,0.08366697559220725,22.68950118528057,1409528000.0,53.28825090499515,65.62016378000534,-0.015444433864940765,-0.015564941525592726,0.01357670538855259,0.042636797448543096
2022-10-27,1118.941650390625,1126.8391025996318,1110.5649536618178,1122.0686333408069,12513059,1101.6119201660156,1143.91806640625,1116.3055842782935,1118.3201395522824,54.313323307097654,-2.01455527398889,-7.5271205616184815,5.512565287629592,1148.8477723260155,1054.3760680060157,0.08442951809597897,22.652011292650563,1422041059.0,58.484403582355256,61.93050940673595,0.003931889596044957,0.003924179920601192,0.013504543583706783,0.04242911861511156
2022-10-28,1153.178955078125,1157.218905475806,1122.730566891981,1125.2640787350124,17609592,1106.0330932617187,1142.8541772460937,1121.9784105551907,1120.9022740356781,61.68120474347012,1.0761365195126018,-5.806469145392265,6.882605664904867,1155.2547180804265,1056.8114684430109,0.08536684545266121,24.43234696291771,1439650651.0,95.38827672645891,69.05364373793644,0.03059793571501035,0.03013915391658899,0.013355619630407914,0.026364260141113816
2022-10-31,1163.8837890625,1169.065039404331,1155.9406944170403,1159.957944449031,12419943,1111.1527038574218,1141.8783447265625,1128.4253918640077,1124.086089963591,68.0471478274207,4.339301900416785,-3.7773149362304554,8.11661683664724,1162.1360814487653,1060.1693262660783,0.08760905181506173,24.12095747373121,1452070594.0,94.78998444359642,82.8875549174702,0.009282890515158293,0.009240069286196124,0.013293131658308286,0.022356410422069928
2022-11-01,1154.867919921875,1186.8910882247426,1144.8935003477782,1186.8910882247426,13963166,1114.6243530273437,1140.6782104492188,1132.4934731036797,1126.3662255160564,73.22078064041963,6.1272475876232875,-1.796402431459707,7.923650019082994,1167.6492078849606,1061.5994981697268,0.09182843153389168,25.069812518027383,1438107428.0,72.6937035996113,87.62398825655555,-0.007746365423550783,-0.007776524361247434,0.012870822425603093,0.02931005579092738
2022-11-02,1162.08056640625,1164.1576549471247,1148.0890168960855,1155.986348539346,8981896,1118.6449401855468,1140.0555493164063,1137.0453336117673,1129.0117322486633,73.10819052785459,8.033601363104026,0.1695983274530396,7.8640030356509865,1173.317150345831,1063.9727300252628,0.0940936656902518,24.958940980779307,1447089324.0,78.8026868905887,82.09545831126549,0.006245429767295807,0.006226007894156202,0.012789584794690275,0.010547530379954706
2022-11-03,1166.4173583984375,1168.4259835133787,1152.676841200972,1154.8680356681098,6693449,1121.8849304199218,1139.5858154296875,1141.5641066558703,1131.7825193708688,73.24968327614556,9.781587285001478,2.091996118962727,7.689591166038751,1179.8873105806554,1063.8825502591883,0.09945390428752597,24.978510728291685,1453782773.0,82.50790270255771,78.00143106425257,0.0037319202450816213,0.0037249739074784642,0.012309234120759712,0.029998249137572097
2022-11-04,1183.5816650390625,1186.8912175642852,1164.568612402097,1165.8467186255812,12575815,1125.7799987792969,1139.09234375,1148.0283464071306,1135.6194931240684,78.02596504313763,12.408853283062172,4.155367551782617,8.253485731279554,1189.3919428596328,1062.168054698961,0.10749058718856795,25.03230348281787,1466358588.0,97.17242772487312,86.16100577267319,0.01471540741145394,0.014608186391281433,0.012588608333657101,0.010143667927302369
2022-11-07,1189.904052734375,1191.5931814379082,1175.0223567357784,1182.7827614663586,11789748,1129.7572265625,1138.7896850585937,1154.4707627651683,1139.6405716137208,76.59627851907061,14.83019115144748,6.29033227171559,8.53985887973189,1199.0066048942967,1060.507848230703,0.11639489448357318,23.92041410634033,1478148336.0,98.05406233772898,92.57813092171995,0.005341741835029001,0.005327525336882397,0.012594518509425973,0.00026857634226096216
2022-11-09,1188.7171630859375,1196.9112902936065,1182.3489707407007,1191.5931131291466,11254205,1134.281103515625,1138.5335864257813,1159.7394397375942,1143.2758746857369,73.00099375846807,16.46356505185736,8.324978827743944,8.138586224113414,1206.6138412273738,1061.9483658038764,0.12169881946344781,23.191646547523792,1466894131.0,90.51016229731117,95.24555078663776,-0.0009974666828893586,-0.000997964483835198,0.012183944296473804,-0.004473827247996498
2022-11-10,1174.337646484375,1185.3163193750859,1170.0008998356418,1182.3262632089597,5966242,1139.1793212890625,1138.1181787109374,1161.9853176986373,1145.5767466708212,62.24683240450236,16.40857102781615,9.941697267758386,6.466873760057766,1208.1926375130706,1070.1660050650544,0.117535729916543,21.719431629292167,1460927889.0,73.85685983849893,87.47369482451303,-0.012096667776069547,-0.012170427899710982,0.011480642423458764,0.010320603348754398
2022-11-11,1201.4078369140625,1203.325056528256,1181.413233492101,1186.8911590644095,12310132,1145.0350341796875,1138.4299682617188,1168.0503206548567,1149.7123829851353,67.56358340391486,18.33793766972144,11.620945348150997,6.716992321570444,1214.3134740846117,1075.7565942747633,0.1153287630999193,22.681331617461005,1473238021.0,97.93314199108491,87.43338804229835,0.02305145416288723,0.022789783029046867,0.012204958111116949,-0.012976007863495953
2022-11-14,1195.5875244140625,1206.0641314784764,1189.242152687652,1200.9285232071268,9043112,1150.4274047851563,1138.2574169921875,1172.2868135408883,1153.1105416095002,70.6368667686884,19.1762719313881,13.132010664798418,6.044261266589682,1217.687979928144,1083.1668296421688,0.11251468214499959,22.25907969092007,1464194909.0,89.02963637507185,86.93987940155189,-0.004844576771656506,-0.004856349772566325,0.012405509000987015,-0.026020871627473796
2022-11-15,1190.2236328125,1198.9426470922247,1182.3261805701843,1197.0710698465111,7086433,1155.8277587890625,1138.6856103515624,1175.0463241980592,1155.859659476389,67.66461561378321,19.18666472167024,14.342941476172783,4.843723245497458,1217.106537739806,1094.548979838319,0.10297019360293114,21.90692988168431,1457108476.0,83.4129475991705,90.12524198844243,-0.004486406467139492,-0.004496500590842735,0.012381370926533259,-0.016204609657619162
2022-11-16,1183.3990478515625,1194.1723297469184,1178.3775455967132,1191.4561277313167,9716161,1160.0184020996094,1139.2502978515624,1176.3313586062905,1157.8996141708462,72.34738817821847,18.431744435444216,15.16070206802707,3.271042367417145,1216.3678806183693,1103.6689235808494,0.09523326661629704,21.046107768863003,1447392315.0,76.26672381285893,82.90310259570043,-0.005733867798281778,-0.005750369527635378,0.012301241713748504,-0.013617029616567522
2022-11-17,1186.45751953125,1192.825591205946,1177.7612057960014,1180.020863607493,6661451,1163.3919067382812,1139.5173486328124,1177.8892295178227,1160.015014567913,72.10764711522575,17.87421494990963,15.703404644403584,2.170810305506045,1217.429667485976,1109.3541459905864,0.09109093222156708,20.9596960883009,1454053766.0,76.47213095314004,78.7172674550565,0.0025844804296910606,0.0025811464033936382,0.011859021699294101,-0.007675837958075915
2022-11-18,1185.818359375,1190.9996093948082,1173.698388022442,1189.972415409292,5303197,1165.7599792480469,1139.5246508789062,1179.1090956496962,1161.9263734425122,63.702537541222185,17.182722207184042,15.999268156959676,1.1834540502243662,1219.3459443446911,1112.1740141514026,0.09037803247520539,19.461407965956987,1448750569.0,66.9027902280623,73.2138816646871,-0.000538713056075113,-0.0005388582140881915,0.01138123240719402,0.007679975261019267
2022-11-21,1164.477294921875,1181.413258441568,1160.9165888885639,1181.413258441568,6390268,1166.9080688476563,1139.2429931640625,1176.8580493838776,1162.1153305891316,50.22873584090238,14.742718794745997,15.74795828451694,-1.0052394897709434,1219.2770086486164,1114.5391290466962,0.08994411489057594,20.105385548830572,1442360301.0,32.01502781936909,58.463316333523814,-0.017996908450947813,-0.018160822415669367,0.012233072138176806,0.061409640314828984
2022-11-22,1170.9365234375,1172.511425391076,1157.903584906397,1161.7837868751285,6611488,1169.0410461425781,1139.0571997070313,1175.9470453921272,1162.7687522816034,56.31729589130635,13.178293110523782,15.234025249718309,-2.055732139194527,1218.1591170015117,1119.9229752836445,0.08389536046708741,18.14897502081018,1448971789.0,39.40916150937636,46.10899318560259,0.005546890904436497,0.0055315635583723065,0.01189494354832733,0.05736740005954766
2022-11-23,1167.28466796875,1176.80266503484,1165.0934735308952,1175.4787957552544,6413408,1170.803125,1138.9453564453124,1174.614371942377,1163.1032645547255,52.10490142435765,11.511107387651464,14.48944167730494,-2.9783342896534766,1216.7594336135105,1124.8468163864893,0.07874053326423186,17.83758598173201,1442558381.0,27.361993260144327,32.92872752962993,-0.0031187475970340106,-0.003123621025621301,0.011942077919616918,0.06816450605057556
2022-11-24,1177.3504638671875,1184.1522586948402,1163.2446877659072,1171.3703518394527,9389439,1173.9426818847655,1138.7723461914063,1175.0353091615787,1164.1586126519448,54.226247993406005,10.876696509633803,13.766892643770714,-2.890196134136911,1211.5396647495083,1136.3456990200227,0.06386710502707882,18.206045168626733,1451947820.0,40.379273792670766,35.71680952073049,0.00862325718365975,0.00858628927195089,0.011331000096388178,0.055911053095147656
2022-11-25,1194.9254150390625,1198.257788225093,1178.719730929941,1181.8696555369409,7349922,1177.7418701171875,1138.75271484375,1178.0953254504223,1166.4376350509906,54.3711076349172,11.657690399431658,13.345052194902904,-1.6873617954712454,1206.1774568767898,1149.3062833575852,0.047593910718976104,18.104953682606542,1459297742.0,76.87169844820617,48.20432183367376,0.014927544271012838,0.014817224991056362,0.011650813706731005,0.03994124322735648
2022-11-28,1235.9874267578125,1242.1501079495758,1142.1545139312134,1190.9540185279361,31527484,1181.8822937011719,1139.841005859375,1187.0018025746363,1171.589471473718,64.00728126516836,15.412331100918209,13.758507976105966,1.6538231248122433,1218.2636459149458,1145.500941487398,0.05887010082166909,24.063865776623157,1490825226.0,93.83704726873262,70.36267316986986,0.034363660862805956,0.03378641721534282,0.012134644321037663,-0.009270425924047587
2022-11-29,1238.110107421875,1246.9889910362924,1229.8018737736188,1234.3440108402901,11058913,1185.5936096191406,1141.2059301757813,1194.8646187049808,1176.5169259883965,64.92831859359498,18.347692716584334,14.67634492420164,3.6713477923826936,1228.7561099052634,1142.4311093330177,0.06972320155918994,24.251351327320858,1501884139.0,91.53056908326721,87.413104933402,0.0017173966483061687,0.0017159236089697592,0.012064002778845348,-0.00811143259350311
2022-11-30,1246.85205078125,1253.288707028199,1231.7192011093234,1238.247142030381,26164986,1190.1928161621095,1143.3254443359374,1202.862685178253,1181.7269352323115,72.6896604344092,21.135749945941598,15.968225928549632,5.167524017391965,1238.8262060063023,1141.5594263179166,0.07800988066502393,24.455154375076567,1528049125.0,94.20821255050286,93.19194296750089,0.007060715607579038,0.007035905471552119,0.011810866810195234,-0.029600717118462017
2022-12-01,1243.1773681640625,1257.648284706288,1239.844994224955,1251.622529613266,9485801,1194.24765625,1145.3417919921876,1209.0649440991467,1186.278819153182,65.31134048733891,22.78612494596473,17.331805732032652,5.454319213932077,1246.407251397962,1142.0880611020382,0.08391336020698599,23.65628869203743,1518563324.0,87.47039217268049,91.0697246021502,-0.0029471681222202895,-0.0029515195739335306,0.011893565595125064,-0.027191283989595916
2022-12-02,1242.6522216796875,1254.4526976676975,1232.8147284105949,1246.235748845341,11589592,1198.0593994140625,1147.3439868164062,1214.232217573076,1190.4546267477378,67.94917393428688,23.777590825338166,18.620962750693757,5.156628074644409,1252.7371149661026,1143.3816838620223,0.08800163810616699,24.0002880110573,1506973732.0,87.01569536882154,89.56476669733497,-0.0004224228157809762,-0.0004225120614324402,0.011924531318371234,-0.0415296675074488
2022-12-05,1224.529296875,1240.1871538032585,1222.4979714298172,1238.0187806031995,14828536,1200.1067810058594,1148.92072265625,1215.8163836195258,1192.9786763867944,61.922907867967076,22.837707232731418,19.46431164710129,3.373395585630128,1255.5629087518678,1144.650653259851,0.09057542010229155,24.252986848759438,1492145196.0,71.32400508725199,81.93669754291801,-0.01458406824412295,-0.014691461197129559,0.01223591845354769,-0.02585316583700048
2022-12-06,1228.0672607421875,1231.1714227767877,1214.7375243314339,1216.609222468136,8594245,1202.01494140625,1150.7841455078126,1217.7011339460892,1195.5778307834903,65.88735461052359,22.12330316259886,19.996109950200804,2.127193212398055,1258.6075506268787,1145.4223321856214,0.09216532518980548,24.29863786984148,1500739441.0,74.38734248061418,77.5756809788959,0.0028892439537513415,0.0028850781106016274,0.012210528743123224,-0.024236090934221077
2022-12-07,1209.9443359375,1230.258436618436,1206.132596960368,1225.693478313524,8462111,1203.0763000488282,1152.7105639648437,1216.5077804063062,1196.642016350454,57.54512470639743,19.865764055852196,19.970040771331085,-0.10427671547888906,1259.4144725495157,1146.7381275481407,0.09312523035538664,24.945884601850302,1492277330.0,58.69565219904464,68.13566658897027,-0.014757273794380632,-0.014867245623320199,0.01274354926546265,-0.013205084331261996
2022-12-08,1209.373779296875,1216.5636555928043,1205.1969012915213,1214.2811762641966,7757008,1204.828106689453,1155.1929931640625,1215.410241774086,1197.5851099020408,57.570500442067505,17.825131872045176,19.541058991473903,-1.715927119428727,1259.5596476574333,1150.0965657214729,0.09051220045435565,24.521994096772932,1484520322.0,58.201637122048645,63.761543933902495,-0.00047155610690385874,-0.00047166732444975417,0.01237640913474045,-0.02676238166422573
2022-12-09,1191.0452880859375,1214.2809794282305,1187.7356151104486,1207.8899658959556,12655763,1204.3099792480468,1157.136298828125,1211.6617873605246,1197.1006786564035,58.70732551804434,14.561108704121125,18.54506893400335,-3.983960229882225,1259.3730458877048,1149.2469126083888,0.09246175135480668,24.639393656154766,1471864559.0,42.33195766853618,53.07641566320982,-0.015155356867083358,-0.015271372957281289,0.011817870661355527,-0.01667246931268007
2022-12-12,1192.871337890625,1197.3906539089487,1180.0437880026634,1180.272120443367,9479842,1204.174169921875,1159.6986157226563,1208.77094898054,1196.7873941552348,57.414018178695045,11.983554825305191,17.232766112263718,-5.249211286958527,1259.3411196504514,1149.0072201932987,0.09249438388909406,24.83503832912665,1481344401.0,43.91303844234513,48.14887774430999,0.0015331489263703535,0.0015319748534210673,0.011776671515057537,-0.005281108210988927
2022-12-13,1198.3037109375,1201.9555809304147,1189.9497141999723,1192.8713067918438,8333348,1204.578173828125,1162.4348583984374,1207.1606046662262,1196.8997139168841,60.359813825270344,10.260890749342025,15.83839103967938,-5.577500290337355,1259.4324190625057,1149.7239285937444,0.09155315924285187,24.856229416733623,1489677749.0,48.616645407787075,44.953880506222795,0.004554030995900238,0.004543692771923425,0.011770856449839025,-0.0012189675672724665
2022-12-14,1193.9669189453125,1204.6717371538757,1191.9126515922892,1204.0782660411908,7268947,1205.1065673828125,1164.605498046875,1205.1308068630087,1196.6824698449159,55.77042424933344,8.448337018092843,14.360380235362072,-5.912043217269229,1259.3014465431047,1150.9116882225203,0.09078120725181416,24.27419474763745,1482408802.0,44.86164462891745,45.797109493016556,-0.003619109206291826,-0.003625674026001216,0.011722218566397095,-0.01185239470453714
2022-12-15,1177.008056640625,1193.7386297598832,1173.6528618480468,1188.0324923462415,8688551,1204.6340942382812,1166.5122827148436,1200.804229905719,1195.2251059038572,43.75106966083402,5.579124001861828,12.604128988662024,-7.025004986800196,1259.6717428013217,1149.5964456752408,0.09352127753505263,24.23181851473461,1473720251.0,30.177855026473672,41.2187150210594,-0.01420379579667752,-0.014305635191672545,0.012158772813618747,-0.0002133363755633111
2022-12-16,1171.1876220703125,1195.4733287956508,1167.7867851451592,1173.6527911334736,15837349,1203.9025573730469,1167.9036840820313,1196.2478287002718,1193.444551545817,20.033892791405037,2.8032771544549178,10.643958621820603,-7.840681467365686,1260.3637406953594,1147.4413740507343,0.0964169741181279,19.066886345600974,1457882902.0,3.784531686789834,26.274677114060324,-0.004945110220336946,-0.004957377737408898,0.012202598027341768,-0.02471147399062934
2022-12-19,1186.5716552734375,1188.7172073020977,1171.6898388274747,1178.2177795852808,7729933,1205.007275390625,1169.5215112304688,1194.759186634605,1192.9354481182334,28.77034828720909,1.8237385163715771,8.879914600730798,-7.056176084359221,1259.032533841046,1150.982016940204,0.09106109725496729,19.091348343394657,1465612835.0,20.904247335969192,18.288878016410905,0.013135413074064628,0.013049891628026871,0.011840201231654725,-0.028950058099490805
2022-12-20,1196.843017578125,1198.7602374146065,1171.3704856304953,1179.541792973625,7467588,1206.3026000976563,1171.251181640625,1195.079776010531,1193.224897707855,29.656668980632375,1.8548783026760702,7.474907341119852,-5.620029038443782,1258.0840075729066,1154.521192622406,0.08652999050791585,19.507080190911488,1473080423.0,32.334462004917654,19.007747009225564,0.00865633546784883,0.008619084214518635,0.011923085453394303,-0.029407402980130226
2022-12-21,1179.8155517578125,1201.9555872542346,1175.9809916475376,1196.477661489117,8527550,1206.9291442871095,1172.8827001953125,1192.731433817805,1192.2316128226666,26.750581837389362,0.49982099513840694,6.079890071923564,-5.580069076785157,1256.9976359240127,1156.8606526502062,0.08487511723727653,20.090744842723193,1464552873.0,13.879466865806416,22.372725402231094,-0.014226983464187715,-0.014329157234182998,0.012382843489793356,-0.01549614492383844
2022-12-22,1176.7569580078125,1189.013856887232,1171.7126347696108,1185.9781586267084,7451122,1206.8994689941405,1174.8903735351562,1190.2738221547293,1191.0853420956405,26.262312668848963,-0.8115199409112392,4.701608069356603,-5.513128010267843,1257.0424239745669,1156.7565140137142,0.08522227914473643,19.780977189903087,1457101751.0,12.389678435050202,19.53453576859143,-0.0025924338303924266,-0.0025958000059584318,0.012253966678867837,-0.01338351594238707
2022-12-23,1142.245849609375,1182.554553491853,1137.703712598857,1170.137785137051,10257115,1204.2654907226563,1176.0494189453125,1182.884903301598,1187.4676019114727,23.48893880973536,-4.582698609874797,2.8447467335103234,-7.42744534338512,1262.014414409215,1146.5165670360975,0.10111470084361918,21.545019378697784,1446844636.0,4.85957878054647,10.376241360467704,-0.02932730345343615,-0.02976594625142275,0.013370048690797425,0.017984183007066834
2022-12-26,1152.2203369140625,1160.4144650934027,1137.772242230335,1147.9749955940688,5990242,1200.0771362304688,1177.3390234375,1178.1672777035155,1184.856693393146,26.53592845799659,-6.68941568963055,0.9379142488821486,-7.627329938512699,1260.2392451838061,1139.9150272771315,0.10442813240819318,21.988471122820197,1452834878.0,15.684368862660975,10.977875359419222,0.008732347163352472,0.00869444073475099,0.010632268297637382,0.020542348338365546
2022-12-27,1161.64697265625,1163.518549950611,1148.2031310835503,1154.9364624540497,5763271,1196.2539794921875,1178.9276318359375,1175.6256923116284,1183.1374548200426,34.20903909391643,-7.511762508414222,-0.7520211025771256,-6.759741405837096,1255.9559885493165,1136.5519704350584,0.10278855876603032,21.35915535203396,1458598149.0,30.361751667671246,16.968566436959573,0.008181278736525632,0.008147993496294161,0.010892624699142782,0.00485319158505515
2022-12-28,1161.532958984375,1163.9751864269276,1151.056351446895,1158.5885450524734,7459393,1191.9880249023438,1180.1665673828124,1173.457579492051,1181.5371217951783,34.31147120673869,-8.079542303127255,-2.2175253426871517,-5.862016960440103,1248.5788629772603,1135.3971868274273,0.09744163975234693,21.47001825765894,1451138756.0,31.117911844911138,25.721344125081128,-9.814829682230908e-05,-9.81531136815739e-05,0.010655316287444146,-0.01017910354274465
2022-12-29,1161.0078125,1163.5641454874342,1152.882148696241,1153.566904464591,6930648,1187.8795471191406,1181.0069750976563,1171.5422307240433,1180.0164322177577,38.84752921790314,-8.474201493714418,-3.468860572892605,-5.005340920821812,1240.6228518768428,1135.1362423614385,0.09085779473633329,20.336920577188316,1444208108.0,34.79884624885288,32.092836587145094,-0.0004521150091463255,-0.00045221724395282814,0.010676510494897215,-0.01150071244002715
2022-12-30,1162.7882080078125,1176.3917984159748,1160.0036631000119,1161.82959814601,7289476,1183.8863464355468,1181.4936010742188,1170.1954579984692,1178.7402674614655,38.826790563062396,-8.544809462996227,-4.48405035091333,-4.060759112082897,1230.9572522345825,1136.815440636511,0.08096213132343606,20.268439820736717,1451497584.0,37.45742176995579,34.45805995457328,0.0015334914103453112,0.00153231681306241,0.010713715164677996,-0.004043646353217412
2023-01-02,1175.8896484375,1177.3048023328713,1163.244668797144,1164.066351583663,5316175,1181.454364013672,1182.181083984375,1171.0714872967817,1178.5291104967273,42.12385234897121,-7.457623199945601,-5.0787649207197845,-2.378858279225817,1224.5411560037076,1138.3675720236363,0.07328373380493408,20.447777506066455,1456813759.0,57.02114716957267,43.09247172946046,0.011267262894017582,0.0112042600918481,0.01083446955509167,0.00811355846761641
2023-01-03,1167.28466796875,1174.565828259546,1163.0621480210023,1170.9366586985077,7658932,1178.415234375,1182.9612377929689,1170.4888997078538,1177.6961888279882,40.89709322612369,-7.207289120134419,-5.504469760602712,-1.7028193595317074,1215.8642376625132,1140.9662310874867,0.0641643025307274,20.45266428141726,1449154827.0,46.03905415693081,46.83920769881976,-0.007317846942682227,-0.007344753731491561,0.01083401300418898,0.0005280057424938978
2023-01-04,1149.7095947265625,1169.1107276232437,1147.6325061253483,1167.2618507099899,9264891,1175.403497314453,1183.3145678710937,1167.292083556886,1175.6231077834382,40.72586029327466,-8.331024226552245,-6.069780653792619,-2.261243572759626,1211.851154301263,1138.955840327643,0.06340324052958504,20.535818881462237,1439889936.0,18.685652662920074,40.58195132980786,-0.015056372900683068,-0.015170870819077432,0.010852045487828567,0.003017597111023118
2023-01-05,1147.6553955078125,1157.858149023016,1143.0676158255733,1151.969321148222,13637099,1172.317578125,1183.9764892578125,1164.2710546262592,1173.551425392651,41.795411323407066,-9.280370766391798,-6.711898676312455,-2.568472090079343,1207.0665113921204,1137.5686448578795,0.06055638897030558,19.614675277673037,1426252837.0,15.488548718893592,26.737751846248162,-0.0017867113818760272,-0.001788309454470444,0.010843128734189064,-0.01688522359987288
2023-01-06,1158.0863037109375,1163.1306272948216,1149.5955006159752,1153.4072395784428,6349597,1170.66962890625,1184.7593823242187,1163.3195544854404,1172.4058608236353,39.713197495609684,-9.086306338194845,-7.186780208688933,-1.8995261295059116,1204.7995880985675,1136.5396697139324,0.05894199608950127,19.467935745903315,1432602434.0,31.722951619836238,21.96571766721664,0.009088885255934764,0.009047829915679874,0.010715288091371357,-0.02731673082961672
2023-01-09,1185.4302978515625,1187.8041821914996,1161.0306065888913,1161.9207528429104,10722753,1170.2975769042969,1185.4044091796875,1166.7212073109977,1173.370633936815,46.330986292705134,-6.649426625817341,-7.079309492114615,0.429882866297274,1203.559693986559,1137.0354598220347,0.056118216554014916,19.634230509935524,1443325187.0,74.2804556410996,40.497318659943154,0.023611361306151935,0.023336924603126218,0.012078234004307242,-0.05880304333879616
2023-01-10,1167.9010009765625,1189.6302560157692,1162.240505708343,1189.6302560157692,8047142,1168.77744140625,1185.4847534179687,1166.902714028777,1172.9654759397592,46.18197464771043,-6.062761910982317,-6.875999975888156,0.813238064905839,1199.3179541025124,1138.2369287099878,0.052299831356810746,19.73531298855903,1435278045.0,58.15385810427133,54.71908845506906,-0.014787286023285828,-0.014897707848748387,0.012442712376529405,-0.031113322313323977
2023-01-11,1153.178955078125,1167.7183330231771,1150.873534164056,1165.207642347734,11509553,1166.7380432128907,1185.4509741210939,1164.7913664979073,1171.4998077277864,42.96992094983419,-6.708441229879099,-6.842488226686346,0.1340469968072462,1195.597243869404,1137.8788425563773,0.050051556229723695,19.715759038193692,1423768492.0,29.80218104394326,54.07883159643808,-0.01260555979156397,-0.012685683912100988,0.01269399308350741,-0.02036691203261365
2023-01-12,1128.2769775390625,1156.077627831873,1125.2641003718309,1152.5855061360771,17688773,1164.3014892578126,1184.77490234375,1159.1737681965467,1168.2981166026957,45.58183638727188,-9.12434840614901,-7.298860262578879,-1.8254881435701318,1197.4235869554038,1131.1793915602213,0.058712706821042106,18.713093792982704,1406079719.0,4.6808406328498275,30.87895992702148,-0.02159420047461358,-0.021830767066044882,0.01317675652290778,0.0001821949843365811
2023-01-13,1126.451171875,1128.8705782042637,1111.3867843100481,1122.2513519945564,20618583,1162.0646667480469,1183.9755786132812,1154.1395226086165,1165.1983429191628,41.40660682278086,-11.058820310546253,-8.050852272172355,-3.007968038373898,1199.046194548134,1125.0831389479597,0.06566024115990879,18.344634580921838,1385461136.0,19.253219772018166,17.91208048293709,-0.001618224691639858,-0.001619535431454715,0.01315899571388625,-0.010111089341353074
2023-01-16,1115.723388671875,1131.951774613395,1107.917221092014,1128.7791493112115,13623855,1158.5222534179688,1182.6184130859374,1148.2293481568101,1161.5335314934377,34.8173510421111,-13.304183336627602,-9.101518485063405,-4.202664851564197,1199.0249014552799,1118.0196053806578,0.07260338619507511,18.96742991337328,1371837281.0,9.55314851180021,11.162402972222742,-0.009523522608857027,-0.009569161342442544,0.012769394465701365,-0.005646276381000237
2023-01-17,1131.563720703125,1133.4809401269406,1118.6905304756872,1122.0685460066525,10751000,1155.2582885742188,1181.4516064453126,1145.6654054716278,1159.31354550897,41.02520609936721,-13.648140037342273,-10.01084279551918,-3.6372972418230933,1193.1984590811658,1117.3181180672718,0.06705794788714489,19.313052518732775,1382588281.0,28.938466956815056,19.248278413544483,0.014197364859497963,0.014097526129989076,0.013091557407234757,-0.025354890142905373
2023-01-18,1129.6922607421875,1137.1788121810373,1123.1416187933949,1129.144552646858,13448286,1152.7521240234375,1180.2711083984375,1143.2079985901755,1157.1193762669861,40.69704444055963,-13.911377676810616,-10.790949771777468,-3.1204279050331483,1190.4834845521036,1115.0207634947715,0.06679936092308404,19.552709418479157,1369139995.0,26.64818369581414,21.71326638814314,-0.0016538705922585217,-0.001655239746036845,0.01280867027159152,-0.037236941104695775
2023-01-19,1128.4825439453125,1132.6366004638107,1121.4524163802744,1128.8705038207283,11940054,1150.3384033203124,1179.3540063476562,1140.9425440294274,1154.9981294283436,39.774095088950425,-14.055585398916264,-11.443876897205229,-2.6117085017110355,1187.7792294886092,1112.8975771520156,0.06635605728981697,19.180998616162974,1357199941.0,25.16773838131939,26.918129677982865,-0.0010708374651342556,-0.0010714112212088624,0.012810048239904406,-0.05448930929850504
2023-01-20,1115.0615234375,1129.8291140692525,1112.596474928504,1129.8291140692525,14930286,1148.9791870117188,1177.627080078125,1136.9608485537462,1152.0398623179108,31.90270320260467,-15.079013764164529,-12.17090427059709,-2.908109493567439,1189.5037550090601,1108.4546190143774,0.07268579741216906,19.375001817283664,1342269655.0,8.743161176261303,20.18636108446495,-0.011892980161563704,-0.01196426742589091,0.011365296481843565,-0.03393849134235338
2023-01-23,1109.4237060546875,1125.811961602633,1107.004299933337,1117.960272105855,10954118,1146.83935546875,1175.9038037109376,1132.7243650923526,1148.8831100021164,32.47608561800685,-16.158744909763755,-12.968472398430423,-3.1902725113333315,1190.999819674023,1102.678891263477,0.07960973605353296,19.802156192483526,1331315537.0,2.9281429662459044,12.279680841275537,-0.005056059476819086,-0.005068884593501085,0.01115095606420459,-0.03145702559933827
2023-01-24,1102.873046875,1115.51790607312,1089.8171651533376,1113.851719292168,16488755,1143.9006591796874,1174.1567919921874,1128.1318545973752,1145.4749571778855,34.79994326675646,-17.343102580510276,-13.843398434846394,-3.499704145663882,1191.5932016650738,1096.208116694301,0.08648781946484889,20.103764722618312,1314826782.0,13.08033005362597,8.250544732044398,-0.005904560308146678,-0.005922061148210857,0.0109278504120197,-0.03147828558576582
2023-01-25,1087.6259765625,1102.302402806859,1086.461976225218,1101.2753294802073,12385018,1140.2053100585938,1172.2413305664063,1121.9001810535483,1141.1898475026717,32.05504625722338,-19.289666449123388,-14.932652037701793,-4.357014411421595,1193.293277168108,1087.1173429490796,0.09762173440781838,20.219517397785403,1302441764.0,1.128254090921974,5.7122423702646214,-0.01382486439006081,-0.013921317830025084,0.011194488011649914,-0.023336354714656782
2023-01-27,1066.9923095703125,1089.817098907081,1055.260297818003,1088.470529311336,25830975,1135.5045349121094,1169.8520263671876,1113.4528162099737,1135.693733581756,24.33431881242143,-22.240917371782416,-16.39430510451792,-5.846612267264497,1196.8448827381874,1074.1641870860315,0.1149780504993148,21.58248663364746,1276610789.0,8.73112703879463,7.64657039444753,-0.018971289245408918,-0.019153553020787247,0.011707447527141797,-0.0035723270670502405
2023-01-30,1077.218017578125,1082.764407064242,1050.3987961919847,1064.4132886312711,21772103,1131.226025390625,1167.68001953125,1107.878231805074,1131.3621990629686,16.256287392731252,-23.48396725789462,-17.81223753519326,-5.671729722701361,1196.3725617530326,1066.0794890282173,0.12095329877395584,21.7716103759114,1298382892.0,19.26232865753966,9.707236595752093,0.009583675454915452,0.009538043354470569,0.012046546137912437,-0.020468419424402584
2023-01-31,1074.5245361328125,1089.9541811505658,1068.6585300710096,1087.3749062182637,22691594,1126.1577697753905,1165.8809643554687,1102.7468940093413,1127.152001808883,17.91375211026245,-24.40510779954161,-19.13081158806293,-5.274296211478681,1192.43599285744,1059.8795466933411,0.12336288442622839,21.33631757392069,1275691298.0,20.56412818551776,16.18586129395069,-0.0025004051188896037,-0.0025035363524261696,0.01152559673128056,-0.02037090578193368
2023-02-01,1068.156494140625,1086.43914786492,1052.2246622437708,1086.43914786492,19347800,1121.2013610839845,1163.8253637695314,1097.4252940295387,1122.7819642038269,19.004868408573003,-25.356670174288183,-20.375983305307983,-4.9806868689802,1189.330062878176,1053.072659289793,0.12756314672599325,22.56396177453803,1256343498.0,16.803457866551216,18.87663823653622,-0.005926381183538054,-0.005944011872470316,0.011511464536272853,0.005149743929891537
2023-02-02,1062.2447509765625,1071.85391093282,1054.9635914721293,1058.1590377354637,13662663,1116.8281188964843,1161.7245654296876,1092.0129027906194,1118.2977261869926,22.05914863550909,-26.284823396373213,-21.557751323521032,-4.727072072852181,1188.3938819313128,1045.2623558616558,0.13474439477161043,21.569446917441496,1242680835.0,13.650556121049402,17.006047391039466,-0.0055345290661914515,-0.00554990131720053,0.011239694220007958,0.012505646749466193
2023-02-03,1063.1806640625,1072.3105805967245,1046.7467660021255,1072.3105805967245,24699575,1112.6043823242187,1159.4411694335938,1087.577173755524,1114.2149808444376,23.02459009293041,-26.637807088913632,-22.573762476599555,-4.064044612314078,1186.4446181086855,1038.764146539752,0.13890439937520543,22.14659125318318,1267380410.0,18.1726486954412,16.20888756101395,0.0008810710385502851,0.0008806831233000056,0.01128170208104669,0.0032847752864204605
2023-02-06,1055.1690673828125,1059.528634971871,1052.5899131464937,1056.7896118119152,14837879,1107.4585205078124,1156.6460424804689,1082.5913112366452,1109.8412094769099,23.57050532445861,-27.249898240264656,-23.508989629332575,-3.740908610932081,1182.2908514759195,1032.6261895397054,0.14183950853244276,21.18631963851356,1252542531.0,9.313403529464672,13.712202781985098,-0.007535498857808909,-0.007564034171592423,0.010891241851775608,0.005148343725000615
2023-02-07,1052.635498046875,1062.4501695052957,1046.7466710224398,1055.4201633910932,15135435,1100.818780517578,1152.97900390625,1077.982724592065,1105.6037493709814,11.02366381506792,-27.621024778916308,-24.33139665924932,-3.289628119666986,1169.8628734284007,1031.7746876067554,0.1311832881162213,21.039601569070005,1237407096.0,6.511873929914335,11.332642051606742,-0.002401102737233929,-0.002403990007091639,0.008674211171927501,0.03131103454753981
2023-02-08,1073.6572265625,1077.2863960062462,1053.137736379797,1055.8766387784026,21160332,1096.106591796875,1149.6899462890624,1077.3172633567474,1103.2373402740568,26.72997198398346,-25.920076917309416,-24.64913271086134,-1.2709442064480747,1158.4085616883103,1033.8046219054395,0.11605560573723514,21.79772332419348,1258567428.0,31.331444460105406,15.718907306494813,0.019970567736533607,0.0197737717196004,0.010153005475133961,0.03401425745275932
2023-02-09,1075.52880859375,1082.284961068636,1065.463103759131,1074.341987106508,13172763,1092.2240844726562,1146.2634814453124,1077.0421164701324,1101.184856445886,28.129786344759083,-24.142739975753557,-24.547854163839787,0.40511418808623034,1148.982124287616,1035.4660446576963,0.10554443425680203,22.20041426890553,1271740191.0,34.64286378139663,24.162060723805467,0.0017431839370580793,0.0017416663552990133,0.010030214147639745,0.03140862756919627
2023-02-10,1066.6729736328125,1075.00402903085,1059.6656668626474,1075.00402903085,10790445,1089.1438842773437,1142.7333935546876,1075.4468637259295,1098.6284206819546,29.232099162939818,-23.181556956025133,-24.27459472227686,1.0930377662517259,1144.3283636916858,1033.9594048630015,0.10347028710476852,22.102593025359397,1260949746.0,25.202339059147718,30.392215766883265,-0.008233935613976229,-0.008268021699197855,0.00916445328901515,0.04431538128341295
2023-02-13,1060.6014404296875,1072.7670546240697,1056.127767130611,1068.293381324993,10352493,1085.8513977050782,1139.0923779296875,1073.1629524495845,1095.8116073299348,29.123673668723782,-22.64865488035025,-23.949406753891537,1.3007518735412873,1139.5000209481832,1032.2027744619731,0.10116641595615795,21.947709155656753,1250597253.0,20.14616924770376,26.663790696082714,-0.0056920287222117505,-0.005708290053701776,0.009182909792833522,0.03918905185241961
2023-02-14,1085.5946044921875,1087.329254712915,1060.738368480938,1063.6143185684562,14321920,1084.3449584960938,1136.3136840820312,1075.0755143022927,1095.0547923049164,43.61828656100061,-19.979278002623687,-23.15538100363797,3.1761030010142832,1136.121143027634,1032.5687739645537,0.0953876968755932,22.021071538759966,1264919173.0,69.92605843047056,38.42485557910736,0.023565085912361505,0.023291715609186112,0.01078115184735438,0.023548240445977253
2023-02-15,1110.1768798828125,1112.5735854842064,1083.2664969637603,1084.6358877756606,33503591,1083.275616455078,1133.9558764648436,1080.4757243916035,1096.1749469403162,57.791765743318834,-15.699222548712669,-21.66414931265291,5.964926763940241,1131.7219620610242,1034.829270849132,0.08727680513588071,22.94221567237883,1298422764.0,96.35907953159558,62.143769069923316,0.022644065555321946,0.022391494418621722,0.011558162987037657,-0.02181367803136136
2023-02-16,1109.3096923828125,1124.716518210531,1107.027213083921,1118.165755531408,17264487,1082.2564880371094,1131.94318359375,1084.9117194671742,1097.1478910471678,66.93462662019058,-12.236171579993652,-19.77855376612106,7.5423821861274085,1127.3318067593964,1037.1811693148225,0.08126733054223038,21.737394532202547,1281158277.0,80.24002048977464,82.17505281728027,-0.0007811255266741979,-0.000781430764181299,0.011556776789509218,-0.025740291709514196
2023-02-17,1113.9429931640625,1117.2754874405753,1100.4306882070916,1104.7217922905263,11809520,1081.5295104980469,1130.0345678710937,1089.3780692666955,1098.3919726854563,65.38528805449099,-9.01390341876072,-17.625623696648994,8.611720277888274,1123.8505694231778,1039.208451572916,0.07598424548624612,20.628765129432995,1292967797.0,86.18244688701176,87.59384896946067,0.004176742358842578,0.00416804398264917,0.011610867545870018,-0.02315378106938848
2023-02-20,1102.1654052734375,1118.3025060122345,1100.202422672568,1116.1341329085612,8836937,1080.8847045898438,1128.2569702148437,1091.3453517292712,1098.6714862104918,60.760640212359085,-7.326134481220606,-15.565725853563317,8.23959137234271,1121.4094751922923,1040.3599339873952,0.07353664052337909,20.400510290869452,1284130860.0,71.0771359043415,79.16653442704265,-0.010572882062098832,-0.010629172096475672,0.011546773590205252,-0.019280116966124194
2023-02-21,1111.158447265625,1116.9558691842672,1101.22954869757,1106.547846833629,13311592,1080.9714416503907,1126.6227124023437,1094.3935202733257,1099.5964462886498,66.40543792205247,-5.20292601532401,-13.493165885915456,8.290239870591446,1121.7599728775972,1040.1829104231842,0.07341622849122954,19.079927066980026,1297442452.0,82.6111356701455,79.95690615383293,0.008159430471287976,0.008126322292475542,0.011651104660280354,-0.04582806469792733
2023-02-22,1085.9598388671875,1109.2868172204335,1084.2023673241313,1107.4380609994967,11024335,1080.12578125,1124.3758349609375,1093.0960308262277,1098.5863272203933,57.886788525692594,-5.490296394165625,-11.89259198756549,6.402295593399865,1119.6851870610021,1040.566375438998,0.07285611197605288,19.798909958465952,1286418117.0,50.29273399709067,67.99366852385923,-0.022677781427524635,-0.022938877246767356,0.012668526680425748,-0.01471282683820685
2023-02-23,1080.7557373046875,1093.1953270218976,1077.9483712962124,1085.5490279902117,9851910,1079.7822692871093,1122.111611328125,1091.197524130606,1097.2655427821928,55.683491401526894,-6.068018651586726,-10.727677320369738,4.6596586687830115,1119.1864640921247,1040.378074482094,0.07291970506358082,19.061991467829248,1276566207.0,43.61822872343135,58.84069946355586,-0.004792167607163611,-0.0048036868585409655,0.012332411410237278,-0.017507890336882936
2023-02-24,1088.1510009765625,1093.8344379808216,1080.9840672539892,1082.8100022510873,9434053,1080.8402038574218,1120.3344702148438,1090.7288282607533,1096.5903915373312,60.708504874954194,-5.861563276577954,-9.754454511611382,3.892891235033428,1119.9334750203366,1041.746932694507,0.07185265855167249,19.23970216498123,1286000260.0,53.10300256676099,49.00465509576102,0.006842678152528814,0.006819373281797928,0.011598344163269965,0.0007131372170461336
2023-02-27,1080.91552734375,1090.8672478016565,1073.543202799622,1087.3750050988056,11199715,1081.025079345703,1118.5290283203126,1089.2190896581374,1095.4292904859549,58.90986372584659,-6.210200827817516,-9.045603774852609,2.8354029470350923,1120.0811797514527,1041.9689789399533,0.07226485218826759,19.355455487779718,1274800545.0,38.80729771184505,45.176176334012474,-0.006649328655966902,-0.006671533929934726,0.011537259202575754,0.017251882017332854
2023-02-28,1060.2362060546875,1080.5274845520237,1056.1734344203933,1075.5516247048565,21994038,1080.3106628417968,1116.0023193359375,1084.760184488376,1092.822395342898,45.762450555629165,-8.062210854522164,-8.84892519078652,0.7867143362643567,1120.3770880080658,1040.2442376755278,0.07558018663664158,19.361969413778688,1252806507.0,5.989960247606099,32.63342017540406,-0.01913130190652368,-0.019316673335588536,0.01231767380027756,0.04081720531624433
2023-03-01,1069.9822998046875,1070.712697848546,1060.5555887311154,1070.0279421357468,11551145,1080.401953125,1113.4651049804688,1082.4866637678085,1091.1305364141417,48.33170433268315,-8.643872646333193,-8.807914681895856,0.1640420355626624,1120.3599497807352,1040.443956469265,0.07468907974090588,18.908729019803932,1264357652.0,20.199424039273186,21.665560666241458,0.009192379673834017,0.009150386897987854,0.012436756627396555,0.006549009474296152
2023-03-02,1061.833984375,1073.5203549354069,1059.802538079039,1066.8326656493814,9333535,1080.381414794922,1111.1054736328124,1079.309328476607,1088.9604214482795,48.538292880097494,-9.65109297167237,-8.976550339851158,-0.6745426318212111,1120.3791098513952,1040.3837197384487,0.07533700304387242,18.755491528751445,1255024117.0,8.319465152029077,11.502949812969463,-0.007615374040462974,-0.007644519062465532,0.012495456369249107,-0.001440126071673653
2023-03-03,1088.927001953125,1092.6018137297042,1068.909698230002,1072.3789987479975,14643807,1081.6687316894531,1109.3488745117188,1080.7889705499176,1088.9579459301199,57.59208109025304,-8.168975380202255,-8.815035347921379,0.6460599677191237,1120.986978919959,1042.3504844589472,0.0722146611480545,19.764673090268975,1269667924.0,47.78537194582224,25.434753712374846,0.025515304630292057,0.025195222485529387,0.013733962227557732,-0.04229902169051247
2023-03-06,1099.5633544921875,1106.8216933590497,1095.5918675399987,1095.5918675399987,10171916,1083.888446044922,1108.495224609375,1083.677337310267,1089.7435317495324,54.05620382665315,-6.066194439265473,-8.265267166190197,2.199072726924724,1121.89837373858,1045.878518351264,0.06913640317016966,19.13373574189021,1279839840.0,63.30313384208192,39.80265697997776,0.009767736974090058,0.009720341015542783,0.013693931836370533,-0.055112652916313176
2023-03-08,1103.5120849609375,1104.265304210858,1088.7443751303776,1099.5632986303585,15782657,1086.432275390625,1107.5210595703124,1086.7288369488317,1090.7634245800068,47.801216217242775,-4.0345876311751,-7.4191312591871785,3.3845436280120786,1122.3898628528816,1050.4746879283682,0.06516935872710362,18.14901006760694,1295622497.0,69.06408046184949,60.05086208325122,0.0035911804923451918,0.0035847476001985403,0.013654578258279312,-0.07458574811799723
2023-03-09,1076.9896240234375,1103.3066574341256,1075.095225544964,1102.8958764013148,16235128,1086.598895263672,1105.8279125976562,1085.2304964987711,1089.743143057298,40.88094243875976,-4.512646558526967,-6.837834319055137,2.32518776052817,1122.3374488383324,1050.8603416890114,0.0663674984001197,18.91526394541862,1279387369.0,33.50474917678111,55.29065449357085,-0.024034590376451392,-0.024328134156569096,0.014216820805352694,-0.05652221616083697
2023-03-10,1060.3048095703125,1070.0281981219273,1056.8125666742676,1068.887018825526,13334091,1085.8376953125,1103.803349609375,1081.3957754328544,1087.5625257619658,35.829736511535245,-6.166750329111437,-6.7036175210663975,0.5368671919549604,1123.1814853871113,1048.4939052378888,0.07043972589305662,19.153282382253355,1266053278.0,6.649665034420466,36.406164891017035,-0.015492084678396023,-0.015613340994592382,0.014637735227273454,-0.042881219320662134
2023-03-13,1042.866455078125,1070.027990166369,1038.5297089513685,1063.1805534779228,12771592,1084.6473693847656,1101.4405224609375,1075.468187685973,1084.251705711311,34.78920877972247,-8.783518025338026,-7.1195976219207235,-1.6639204034173023,1125.8785712522697,1043.4161675172616,0.0790728317451064,20.11029651620577,1253281686.0,5.529718800235172,15.228044337145588,-0.016446548515850257,-0.016583294399891015,0.01497416600517926,-0.0364411326860008
2023-03-14,1038.9635009765625,1052.2018311560978,1035.8136967949142,1040.812257084253,16027522,1083.5654724121093,1098.9640283203125,1069.8520820383712,1080.8970238791073,30.984702776087502,-11.0449418407361,-7.9046664656838,-3.140275375052301,1128.4289052947472,1038.7020395294714,0.08636190364814353,20.15756893581194,1237254164.0,4.287015664182126,5.488799832945927,-0.0037425253085450194,-0.0037495460788018807,0.014948486165657705,-0.0027462672959089884
2023-03-15,1021.205810546875,1049.1662111592916,1016.800600298463,1042.6840329673732,21728555,1080.3460327148437,1095.8703515625,1062.3680402704488,1076.4754525211642,32.248757328552145,-14.10741225071547,-9.145215622690134,-4.962196628025335,1133.1371211957253,1027.554944233962,0.10338971426849011,20.543964001478717,1215525609.0,4.893531169853978,4.90342187809043,-0.017091736536458013,-0.017239486217768083,0.014188050111540094,0.01767941496474057
2023-03-16,1016.1157836914062,1028.9433330363881,1005.2968594074098,1023.921951504309,18363159,1075.6429779052735,1092.8469738769531,1055.2523084890577,1072.0043659411822,32.26893941302295,-16.752057452124518,-10.666583988577012,-6.0854734635475065,1133.737349976657,1017.54860583389,0.11434596923656637,21.143929565999656,1197162450.0,10.656431399871442,6.612326077969187,-0.004984330095755052,-0.0049967933000705685,0.012845743457418709,0.009838815269616497
2023-03-17,1014.837646484375,1028.0075129528561,1010.0900587449327,1024.720781814394,34014213,1070.9193756103516,1090.1495349121094,1049.034668180645,1067.769794129567,29.191465415937927,-18.735125948921905,-12.28029238064599,-6.454833568275914,1132.7317123247217,1009.1070388959814,0.12181719298353173,21.489554818270328,1163148237.0,9.39749094434951,8.315817838024982,-0.0012578657152514383,-0.001258657492366077,0.012839235876888939,-0.008906544135778294
2023-03-20,1004.8632202148438,1013.4225471579439,995.1626537042278,1011.1400680229121,19524589,1065.4653869628905,1087.29369140625,1042.2390608012909,1063.1100479136614,28.744546856976896,-20.870987112370585,-13.99843132699091,-6.872555785379674,1130.4610917000423,1000.4696822257389,0.1293622921600322,21.657479659564085,1143623648.0,8.687667868644619,9.580530070955195,-0.009828593079971859,-0.009877212537148882,0.012730475941947709,0.0164904818661733
2023-03-21,1036.1102294921875,1038.0732119172073,1012.0528577510236,1012.9430039303461,21400360,1062.1626281738281,1084.854169921875,1041.2961636768134,1061.1100613639226,43.63324474188341,-19.813897687109147,-15.161524599014559,-4.652373088094588,1126.0091008977088,998.3161554499476,0.12324262594178356,22.262329572350293,1165024008.0,36.67197560911918,18.25237814070444,0.031095783633779517,0.030622104341061322,0.014990298525318932,-0.009560528828679749
2023-03-22,1039.2601318359375,1046.0391051865406,1036.247254791225,1043.0946916431246,10920094,1058.5677124023437,1081.9307666015625,1040.9829280089864,1059.4915480655534,41.60009852233677,-18.508620056566997,-15.830943690525046,-2.6776763660419505,1118.7922624559997,998.3431623486875,0.1158988942398175,22.223214136671338,1175944102.0,39.49297635698452,28.28420661158278,0.0030401228113476897,0.003035510982646568,0.014832976995462394,-0.018404511641876398
2023-03-23,1026.1131591796875,1036.2016854580306,1023.9447859117854,1035.3343603002547,16249370,1055.5753784179688,1079.095009765625,1038.6952712660172,1057.0190748147486,40.49324967632762,-18.323803548731348,-16.32951566216631,-1.99428788656504,1116.0160778769305,995.1346789590071,0.11780513468374224,22.337323355798787,1159694732.0,27.71876381067009,34.627905258924606,-0.01265031944699424,-0.012731016018643153,0.01430113163412786,0.03703616463589521
2023-03-24,1005.7989501953125,1027.117362031003,1003.3795441878093,1024.9489888672188,12375945,1051.8275390625,1076.1474096679688,1033.6342987936011,1053.2249915096052,27.048121137964998,-19.590692716004014,-16.98175107293385,-2.608941643070164,1114.9311923955988,988.7238857294011,0.12547965638827718,21.835179676405183,1147318787.0,9.525692253730721,25.579144140461782,-0.019797240492086643,-0.01999583126079214,0.014799712125173475,0.05816283866567229
2023-03-27,1021.4338989257812,1028.9432703448797,1004.3838307288752,1012.2812223607901,14054323,1048.491683959961,1074.0105480957031,1031.757314198552,1050.8700957626552,29.007687665767108,-19.112781564103216,-17.407957171167723,-1.7048243929354925,1110.5555872650625,986.4277806548594,0.12152309291941998,22.31123311998231,1161373110.0,24.079383130766555,20.44127973172246,0.015544805179437349,0.015425222364284653,0.01524063816502925,0.03946293235211851
2023-03-28,1026.2044677734375,1030.0846702786253,1021.1829653124684,1024.8349561252708,12576424,1045.7561309814453,1072.005614013672,1030.9030301331497,1049.0430122078983,29.319834871010116,-18.13998207474856,-17.55436215188389,-0.5856199228646695,1106.6138733467553,984.8983886161352,0.11860743989422205,21.838431397530638,1173949534.0,28.70414724652995,20.76974087700908,0.004670462623840299,0.004659589854046518,0.015309918762609377,0.04157022039769154
2023-03-29,1020.133056640625,1024.7436572444662,1009.3597140789179,1022.0959186617868,18804065,1043.7509735107421,1070.093807373047,1029.2461111342998,1046.90153401773,32.92199915830743,-17.65542288343022,-17.574574298193156,-0.08084858523706373,1105.2392934327768,982.2626535887076,0.1205496077629721,21.011852417426788,1155145469.0,33.35366506753174,28.712398481609416,-0.005916375657558426,-0.005933946747074283,0.014831265122125296,0.040340890733798096
2023-03-31,1064.116455078125,1069.7770709600845,1029.2629756900762,1029.3999027039445,28171201,1043.457681274414,1068.744862060547,1034.6107794333498,1048.176713355537,50.98359963393575,-13.565933922187241,-16.772846222991973,3.2069123008047313,1104.473320367282,982.4420421815458,0.11467849933471509,23.116635058161762,1183316670.0,92.10377543396955,51.38719591601042,0.0431153545620222,0.04221176871609818,0.01779987032762756,0.0022736549014010787
2023-04-03,1064.299072265625,1072.3106311531849,1056.7896998650788,1070.4846960590223,10293043,1043.5809356689454,1067.4369982910157,1039.1782090998536,1049.3709621636917,56.07141596998545,-10.192753063838154,-15.45682759116121,5.264074527323055,1104.7626068939753,982.3992644439154,0.11497082506102269,21.975395777669316,1193609713.0,89.61533516059228,71.69092522069786,0.00017161391183129204,0.00017159918784846113,0.01771237422830999,0.006519521517907689
2023-04-05,1061.74267578125,1071.8540232011114,1053.8453439607506,1071.8540232011114,16262928,1042.2217193603515,1066.1022009277344,1042.649665512376,1050.2873853946219,56.502475443113376,-7.637719882245847,-13.893006049378137,6.25528616713229,1100.2903157161008,984.153123004602,0.10938355908699154,22.091148983324835,1177346785.0,86.3017078058982,89.34027280015334,-0.0024019531267025496,-0.0024048424437106103,0.01668803319590205,0.01274805709400395
2023-04-06,1068.864013671875,1074.5930932267388,1058.2276581630158,1058.2276581630158,18435046,1040.686752319336,1065.178250732422,1046.682642152299,1051.6634319336777,64.48389511226003,-4.980789781378689,-12.110562795778248,7.129773014399559,1093.7833776322643,987.5901270064077,0.09935150708372184,20.948279283531576,1195781831.0,92.78729969237042,89.56811421962031,0.006707216402868088,0.006684823102305107,0.016596602571741115,0.011104215627581793
2023-04-10,1061.2861328125,1072.9496819536614,1059.779694186431,1072.7671126043012,12961408,1038.575454711914,1064.215499267578,1048.9293330230992,1052.376224591368,63.523310300385766,-3.4468915682689385,-10.377828550276387,6.930936982007449,1083.9501652584966,993.2007441653316,0.08550891063908578,20.199958864835292,1182820423.0,83.24702658695473,87.44534469507447,-0.007089658518245612,-0.007114909565512122,0.016603268364579916,0.006667083809904106
2023-04-11,1066.535888671875,1068.6586196822263,1060.9210357303307,1065.4631729553812,10542367,1038.052767944336,1063.4887561035157,1051.6380338921415,1053.4250885973315,65.11813946313865,-1.7870547051900303,-8.659673781259116,6.8726190760690855,1081.7750472965552,994.3304885921168,0.08198932603508582,19.47282527511902,1193362790.0,89.85627600174753,88.63020076035757,0.004946597997528501,0.004934403778387601,0.015808012307152033,0.0066984759865502674
2023-04-12,1071.23779296875,1080.8925957399235,1063.6599579243734,1066.5357872569193,18179087,1038.599417114258,1063.1609924316406,1054.653381442389,1054.7445481803995,70.02753257737663,-0.09116673801054276,-6.945972372609401,6.854805634598859,1083.7433860041535,993.4554482243623,0.08428374948345865,19.29837134907637,1211541877.0,87.54428760225267,86.88253006365164,0.00440857578897802,0.004398886485648966,0.015427831672176321,-0.00025570959412368754
2023-04-13,1075.27783203125,1079.9797173840186,1069.1151503508545,1074.1365320735108,12378208,1040.219985961914,1063.3267028808593,1057.8263738406754,1056.2655321693514,64.13979162107269,1.5608416713239421,-5.244609563822733,6.805451235146675,1088.244034310335,992.195937613493,0.08932398105464777,17.702269586990692,1223920085.0,92.75636348050865,90.05230902816963,0.003771374655578308,0.003764280852181356,0.01490386538904363,-0.0027595520598101553
2023-04-17,1080.73291015625,1106.9814803229494,1072.333391852291,1106.9814803229494,17929479,1042.3084564208984,1063.397000732422,1061.3504563507638,1058.0779305387514,64.72686730979768,3.272525812012418,-3.541182488655703,6.813708300668122,1093.622664751866,990.9942480899307,0.0949618686518,19.467927642441072,1241849564.0,74.66401580255508,84.98822229510547,0.005073180123777998,0.005060354903639859,0.014866752676897712,-0.003991590089371666
2023-04-18,1068.36181640625,1085.0923881243807,1061.8110548039576,1085.0923881243807,10405576,1044.6662567138671,1063.2737463378905,1062.4291271285308,1058.8396998622698,65.08550461327911,3.5894272662610547,-2.1150605376723517,5.704487803933406,1096.2306760014726,993.1018374262617,0.09652988059992183,20.03692674217471,1231443988.0,62.72302877916247,76.7144693540754,-0.011446948301233273,-0.011512968920575475,0.014533549632070451,0.015254078487023648
2023-04-19,1073.6800537109375,1076.3733137885806,1064.64142217666,1067.768405195298,12273475,1047.5444702148438,1063.3842175292968,1064.1600389104394,1059.9389853325415,77.14491292566554,4.221053577897919,-0.8478377145582975,5.068891292456216,1098.8243277469967,996.264612682691,0.09552167306250194,19.179360582798065,1243717463.0,67.54172561998853,68.30959006723536,0.004977936522083004,0.004965587560682724,0.014439050473348506,0.004294198897697221
2023-04-20,1070.9638671875,1076.8755157885284,1064.595795217696,1074.638679040759,7007330,1050.35078125,1063.5585998535157,1065.2067817222949,1060.7556432477236,72.08873393343515,4.45113847457128,0.2119575232676181,4.239180951303662,1100.2178407265221,1000.4837217734777,0.09312556847969121,18.30223779385721,1236710133.0,63.1049359975265,64.45656346555917,-0.0025297913601445288,-0.002532996689324689,0.01446091128772806,0.01321367379523597
2023-04-21,1072.310546875,1077.7884724738815,1066.5586465106753,1073.0637661728558,7647317,1053.7231475830079,1063.7411975097657,1066.2996686688648,1061.6115620349292,71.20950577752048,4.688106633935604,1.1071873454012153,3.5809192885343886,1099.600772453077,1007.8455227129385,0.08556779564235184,18.468532150789297,1244357450.0,64.48442311325827,65.04369491025777,0.0012574464263079843,0.0012566565026722262,0.014161004782150731,0.03043838782710373
2023-04-24,1076.4190673828125,1086.8727319946267,1071.8539885727766,1084.1794719407253,12936186,1055.738589477539,1064.1661975097657,1067.8564992402414,1062.7084142829206,76.36862721670023,5.148084957320862,1.9153668677851448,3.232718089535717,1101.8990486879363,1009.5781302671419,0.08576670668354286,18.338102845598623,1257293636.0,60.67550053219053,62.754953214325106,0.003831465166304504,0.0038241437987285645,0.012572404922204709,0.03522047170426479
2023-04-25,1084.65869140625,1086.7357798786459,1072.9952636709509,1080.0709122812248,9236126,1058.0085174560547,1064.8066613769531,1070.441451881166,1064.3343607365005,64.46934885712787,6.107091144665446,2.753711723161205,3.353379421504241,1105.2102664038332,1010.8067685082764,0.08703521083960851,15.773567266186872,1266529762.0,57.98943911706797,61.04978758750559,0.0076546618999151494,0.007625513627794443,0.012634990000259949,0.018539255535182875
2023-04-26,1078.2906494140625,1089.2466212621475,1074.6158376300252,1086.0054116702795,8617834,1060.6173919677735,1064.8993298339844,1071.6490207323807,1065.3681598978014,59.06533391949153,6.280860834579244,3.459141545444813,2.8217192891344305,1106.1341921409883,1015.1005917945588,0.08442399124567819,15.709985290759457,1257911928.0,46.00504877927537,54.88999614284463,-0.005871009970824459,-0.005888312103763082,0.012301744503376105,0.036365902566827035
2023-04-27,1085.115234375,1088.2878596252956,1079.1579437194785,1084.1794457664448,9167125,1064.5832061767578,1065.0910583496093,1073.7207459081683,1066.8309061553716,64.34973947702737,6.889839752796661,4.145281186915183,2.744558565881478,1103.3034709458204,1025.8629414076952,0.07136618036952463,15.137737502964617,1267079053.0,55.14967856926133,53.048055488534885,0.006329077382472015,0.0063091328815066934,0.01113523437003314,0.027218676371857153
2023-04-28,1104.949951171875,1106.5021527689444,1087.2607695641375,1087.3748753991613,15565210,1068.7590087890626,1065.8565979003906,1078.5252390256617,1069.654539119557,69.16358958437198,8.870699906104619,5.09036493075307,3.7803349753515487,1105.8658094967445,1031.6522080813806,0.0671646723334892,15.496414883694715,1282644263.0,95.69607568206054,65.61693434353242,0.01827890363026685,0.018113852736712698,0.011301771374499408,0.021235451708233155
2023-05-02,1114.3310546875,1116.4994278601828,1108.4194062766874,1112.1170391794083,12981805,1073.1653381347655,1066.931190185547,1084.0338260505598,1072.9639106431084,77.64035680258652,11.06991540745139,6.286275026092734,4.783640381358656,1109.9233011656984,1036.4073751038327,0.06597314662695306,15.3806640923431,1295626068.0,96.09853201838293,82.3147620899016,0.008490070980749609,0.008454233029751654,0.01134593844919608,0.015771859868983107
2023-05-03,1104.7674560546875,1116.1342091904096,1101.549188303151,1116.1342091904096,7061872,1077.3970581054687,1067.3146472167969,1087.2236152819642,1075.3197288217439,69.06442237779704,11.903886460220292,7.409797312918246,4.494089147302046,1107.2953916894257,1047.4987245215116,0.05412602158055799,15.869766730583317,1288564196.0,78.54759403023544,90.11406724355963,-0.00858236750432706,-0.008619408103275135,0.011485698124638897,0.031610380039015507
2023-05-04,1117.503662109375,1119.717677582049,1102.2567073883076,1105.2467632974385,8635233,1080.0664184570312,1067.461182861328,1091.8820840246428,1078.4444646208276,71.35931849433283,13.437619403815233,8.615361731097645,4.822257672717589,1114.2046197537727,1045.9282171602897,0.061097251766142745,15.886076186168404,1297199429.0,96.1765764131674,90.27423415392859,0.011528404448272411,0.011462458742281953,0.00720647224340247,0.013194474028875192
2023-05-05,1114.650634765625,1123.5979821409157,1112.0258380416835,1114.3083172243437,8746585,1082.5839965820312,1067.5680017089844,1095.3849379847939,1081.1264031500718,68.37846152952457,14.258534834722013,9.743996351822519,4.5145384828994946,1119.165339429216,1046.0026537348465,0.06563732474772527,15.936617405173267,1288452844.0,85.51902843889432,86.74773296076573,-0.0025530362364671877,-0.00255630079101399,0.007277713939793235,0.017446522468306025
2023-05-08,1128.4140625,1133.7778823916174,1115.746261129747,1118.4167001177036,9153782,1085.9175659179687,1067.857423095703,1100.466341756364,1084.629192731548,70.65459482497897,15.837149024815972,10.96262688642121,4.874522138394761,1126.440996853832,1045.3941349821052,0.07182369004881738,14.827985916268549,1297606626.0,92.54681625918636,91.41414037041602,0.012347750322027062,0.012272138639528411,0.007515450144172656,0.007018847317515675
2023-05-09,1131.9061279296875,1135.2158009724574,1124.4652198090143,1129.8290394334551,6464721,1089.0696716308594,1068.4522375488282,1105.3032319368754,1088.1311879314103,79.82012429850839,17.172044005465068,12.204510310229983,4.967533695235085,1133.6156004862635,1044.5237427754553,0.0787095815743675,13.932932190769975,1304071347.0,95.3134058708288,91.12641685630318,0.003094666705899529,0.0030898880811848018,0.007466851217377337,-0.010384817593818374
2023-05-10,1139.6895751953125,1141.173192717246,1132.659447469911,1136.6766978121202,10872255,1092.98984375,1069.0228601074218,1110.5934385920195,1091.9503277287363,80.27647756018146,18.643110863283255,13.492230420840638,5.150880442442617,1140.9123877521615,1045.0672997478387,0.08409753856693614,13.756873131886957,1314943602.0,98.06259082789703,95.30760431930406,0.006876407039037247,0.006852872379819714,0.007129276040451579,-0.0229513994621231
2023-05-11,1132.24853515625,1145.5781493917782,1130.5365853892238,1140.762158669685,10557860,1096.2754760742187,1069.9486340332032,1113.9249919095935,1094.9353801307743,76.94161158020246,18.989611778819153,14.591706692436341,4.397905086382812,1145.5528522828704,1046.998099865567,0.08704339140849754,13.954147662724235,1304385742.0,83.13123501116428,92.16907723663003,-0.006529005968829105,-0.006550413157616016,0.007468425032668496,-0.018646783204569473
2023-05-12,1134.097412109375,1135.4897449397138,1121.3839680276494,1127.4553650769165,6955341,1099.41845703125,1071.015467529297,1117.0284411710984,1097.8362713884485,77.04297742259797,19.1921697826499,15.511799310479054,3.6803704721708446,1149.9738581436625,1048.8630559188375,0.08915530636540558,14.15957273049982,1311341083.0,84.42744257010457,88.5404228030553,0.0016329250122366634,0.0016315932397814596,0.007467060486007226,-0.017066848529351253
2023-05-15,1136.334228515625,1143.318592964205,1128.9846046154787,1136.6310244600713,6833343,1102.4712768554687,1071.9791320800782,1119.9985623010255,1100.6879719163876,76.66057943199557,19.310590384637862,16.271557525310815,3.0390328593270475,1154.2479043687613,1050.694649342176,0.09112922274800715,14.110661653848117,1318174426.0,87.26432438553026,84.94100065559971,0.0019723318141513513,0.0019703893214994684,0.007466613815884111,-0.01375916466588245
2023-05-16,1120.1514892578125,1141.0589403639667,1118.485181669263,1138.5026071786638,8717229,1104.442205810547,1072.7638513183595,1120.0220895251466,1102.1297139416783,64.75059786558927,17.892375583468265,16.595721136942306,1.2966544465259595,1155.7333933146535,1053.1510183064404,0.0915790194379708,14.741607545777308,1309457197.0,64.16878269133312,78.62018321565598,-0.01424117909301359,-0.014343557842437474,0.00835248437934167,0.0003055704157273187
2023-05-17,1113.5321044921875,1125.2639949628326,1108.8302198375738,1124.3510275803587,8798967,1106.7007202148438,1073.8297692871095,1119.0236302893068,1102.9743354639384,64.6156073620133,16.049294825368406,16.486435874627528,-0.4371410492591217,1155.2047560994465,1058.1966843302412,0.0871174449105306,14.870392652429912,1300658230.0,51.752565991416546,67.72855768942664,-0.005909365678753775,-0.005926895072630624,0.007972479341943582,0.00038949556870693236
2023-05-18,1111.1357421875,1121.6123498838558,1107.9858169299096,1118.21139175125,10525531,1108.573504638672,1074.6528381347657,1117.810109042875,1103.578884110128,61.20290951162626,14.231224932746954,16.035393686251414,-1.8041687535044595,1154.5350576443002,1062.6119516330436,0.08272896147709816,15.129629991195136,1290132699.0,40.93972104630991,52.28702324301986,-0.0021520370135895694,-0.0021543559728315832,0.00799652463992828,0.002423859842169529
2023-05-19,1114.741943359375,1116.5679991928369,1104.1968724046772,1111.1357155261294,8050447,1110.7624084472657,1075.7109973144532,1117.3380835531057,1104.40577738785,54.90068619589983,12.932306165255568,15.414776182052245,-2.482470016796677,1153.2184401783109,1068.3063767162205,0.07617194631270466,14.485644876496233,1298183146.0,29.963811840502746,40.88536629274307,0.003245509108342981,0.003240253811329686,0.007938044642639648,0.02643384787021774
2023-05-22,1120.69921875,1125.7207212869755,1110.3596592183865,1111.5693019532657,7434906,1113.1818420410157,1076.3464416503907,1117.8551812757048,1105.6126989702316,53.3002348195867,12.242482305473231,14.780317406736444,-2.5378351012632123,1151.7484375036,1074.6152465784314,0.06882595225791353,14.75790097508775,1305618052.0,43.4941683222242,38.132567069678956,0.00534408472392478,0.005329855774452337,0.007969508544358345,0.026720967134775675
2023-05-23,1120.4937744140625,1126.6336347127256,1119.0786204739588,1123.2784399572938,6092034,1115.3855773925782,1076.765050048828,1118.261118681606,1106.7150008549597,59.02542502547335,11.546117826646196,14.133477490718395,-2.587359664072199,1149.9350068827061,1080.8361479024502,0.06166822213393348,14.25575764305261,1299526018.0,42.09709137538148,38.51835717936948,-0.0001833179969257248,-0.00018333480172350253,0.007977855312071477,0.026644376863271146
2023-05-24,1113.9658203125,1124.8076864197674,1110.861658447196,1116.545095308795,8112254,1116.8509338378906,1076.9741247558593,1117.6003035478973,1107.2520985925553,47.81382759624579,10.348204955341998,13.376422983643117,-3.0282180283011186,1148.2560236649153,1085.4458440108658,0.05638429699434534,14.004690341540465,1291413764.0,23.607168794312113,36.3994761639726,-0.005825961955903014,-0.005842999076228435,0.008047569562018271,0.012150313710604266
2023-05-25,1113.8289794921875,1117.9603357408223,1102.9187697829475,1111.0672556833676,11487863,1118.6278503417968,1077.7109118652343,1117.0200998470189,1107.739274955491,49.47463068719624,9.2808248915278,12.557303365220054,-3.2764784736922543,1144.3548234754378,1092.9008772081559,0.04619555354964872,14.252506188586365,1279925901.0,25.575171999748886,30.426477389814163,-0.00012284113014715548,-0.0001228486757367289,0.007876380447160129,0.009549249179707342
2023-05-26,1144.2088623046875,1145.3500415058625,1118.7591533794464,1122.0687058844728,12626260,1121.5825317382812,1079.388992919922,1121.2029863789678,1110.4407258702463,58.32933144845218,10.76226050872151,12.198294793920347,-1.4360342851988364,1144.5268870695868,1098.6381764069756,0.04010518723843936,15.137778644849407,1292552161.0,96.79018518174806,48.657508658603014,0.027275177223661906,0.026909837825069918,0.009710122444178503,-0.020466942533621135
2023-05-29,1150.6453857421875,1154.9364899661489,1144.5283465169668,1150.8279550929283,10010304,1123.8673034667968,1081.5445715332032,1125.7325862810017,1113.4188488237235,59.584436333308005,12.313737457278194,12.221383326591917,0.09235413068627629,1148.8481780753102,1098.8864288582834,0.04342063144397925,15.136139108993575,1302562465.0,91.75068763151089,71.37201493766928,0.005625304653326557,0.005609541713701813,0.009029997582784237,-0.017198228702960172
2023-05-30,1150.3486328125,1158.451475420254,1147.7921790871794,1150.645307987406,11342504,1125.6681823730469,1083.772274169922,1129.5196703627705,1116.1543883784477,55.90384970783114,13.365281984322792,12.450163058138093,0.9151189261846984,1152.8504789470085,1098.4858857990853,0.04725923219903048,15.235584219387581,1291219961.0,85.40888199914288,91.31658493746727,-0.00025790129032332576,-0.0002579345525801432,0.008913601598373379,-0.016111475206650128
2023-05-31,1127.5008544921875,1145.7379850828543,1123.438083146388,1141.2414908293927,27107927,1126.8048522949218,1085.898175048828,1129.2090833057578,1116.9948673498359,47.75372203576351,12.214215955921873,12.402973637694851,-0.18875768177297836,1152.1460809431182,1101.4636236467254,0.04495114757072144,16.0833689096417,1264112034.0,44.26595899963372,73.80850954342917,-0.01986161209619708,-0.020061505140278435,0.009896339425505628,0.011437898413108716
2023-06-01,1124.4652099609375,1134.3484659204855,1122.068625138698,1132.1800927726736,14592692,1127.1529296875,1088.0651635742188,1128.479256637324,1117.5482260617694,45.49331023811084,10.931030575554587,12.108585025266798,-1.1775544497122112,1152.1450695449564,1102.1607898300438,0.04445160176778527,15.952944900336206,1249519342.0,38.79955051771741,56.15813050549801,-0.002692365614762382,-0.0026959965497314604,0.00961179526989316,0.014777315475162478
2023-06-02,1120.7904052734375,1133.412563645759,1118.8731857024297,1128.003101699598,15800644,1127.4599182128907,1090.18421875,1127.2963564274953,1117.7883874848558,42.82395744371889,9.507968942639536,11.588461808741346,-2.0804928661018103,1151.9512615132712,1102.9685749125101,0.04370369907726938,15.967615585664996,1233718698.0,32.182180365730574,38.415896627693904,-0.0032680465833422323,-0.00327339831055451,0.00962449931236312,0.010895260749451463
2023-06-05,1130.8563232421875,1133.8235582589482,1122.274114564264,1126.268543700321,10908682,1127.58203125,1092.7040808105469,1127.8440436297556,1118.7563827261397,55.23787679296353,9.08766090361587,11.088301627716252,-2.000640724100382,1152.1177193413325,1103.0463431586675,0.04339311296591282,15.28614374929407,1244627380.0,50.30828795053108,40.43000627799302,0.008981088632976197,0.008940998512947728,0.009430520962972623,0.0027853054439375136
2023-06-06,1131.8148193359375,1135.6265579862757,1123.8946668621782,1133.6865172838243,7493309,1127.5774658203125,1094.618172607422,1128.4549321999375,1119.7236743268654,59.470369518652724,8.731257873072082,10.616892876787418,-1.8856350037153362,1152.109799882543,1103.0451317580819,0.0433504379746932,14.950294892068266,1252120689.0,52.03429082169108,44.84158637931758,0.0008475843253030746,0.0008472253285478517,0.009406950810391486,0.01673834078224279
2023-06-07,1140.3970947265625,1141.241598708449,1128.7335456658939,1135.3071289198083,10312545,1127.612841796875,1096.6409118652343,1130.2921879732644,1121.255038800917,64.2443978210894,9.037149172347426,10.300944135899421,-1.2637949635519945,1152.2206406533217,1103.0050429404284,0.04315654427784545,14.870403469826035,1262433234.0,67.48874291794361,56.6104405633886,0.0075827558042227405,0.0075541512214683006,0.009435260177976267,0.02149573336196342
2023-06-08,1141.081787109375,1148.9335976883083,1137.133121023714,1143.9805586437908,12071109,1128.0545043945312,1098.9402844238282,1131.952126301897,1122.7236868237658,63.19759944898113,9.228439478131122,10.086443204345763,-0.8580037262146405,1153.320893133484,1102.7881156555784,0.04428497417868439,14.82964274671422,1274504343.0,68.72169631890343,62.74824335284604,0.0006003982174092037,0.0006002180505104526,0.009306496244090617,0.02116297176366233
2023-06-09,1133.001708984375,1145.144501301207,1131.1984746215855,1144.4369244051343,5877018,1127.9997192382812,1101.4843395996095,1132.1136005607398,1123.4850217986257,56.035775536337745,8.628578762114103,9.79487031589943,-1.166291553785328,1153.2156393177163,1102.783799158846,0.044511707051243084,14.728568790359386,1268627325.0,54.17157124913487,63.46067016199397,-0.007081068347842723,-0.007106258096305622,0.00945006962153138,0.03845780069061733
2023-06-12,1134.006103515625,1136.311403822295,1125.2641468372988,1130.0574375493186,6391969,1127.8833129882812,1103.7357836914061,1132.4047548614913,1124.2643611850701,56.57777296335968,8.140393676421127,9.46397498800377,-1.3235813115826431,1152.9583333526173,1102.8082926239451,0.04422378378140814,14.978014700804351,1275019294.0,55.98022530210284,59.624497623380385,0.0008864898643006214,0.0008860971642268208,0.00944122017971588,0.027232620628824478
2023-06-13,1150.759521484375,1151.946463788879,1134.9647365494955,1138.9591656822827,11248016,1129.4137145996094,1106.226884765625,1135.2285651111656,1126.2269656516853,66.28940836892704,9.001599459480303,9.371499882299076,-0.3699004228187732,1156.1809030956222,1102.6465261035967,0.04652090727259074,15.263324150853123,1286267310.0,86.1487859299025,65.43352749371341,0.014773657669752804,0.014665590256438528,0.00937649874640907,0.014380044938900216
2023-06-14,1164.9107666015625,1166.3487415549168,1149.0018781974788,1150.8278129732469,13277380,1131.982647705078,1109.1224389648437,1139.7950576481496,1129.0924323887132,70.11855882456393,10.702625259436445,9.637724957726551,1.0649003017098941,1161.9970937712399,1101.9682016389163,0.05153089305496599,15.427988250821922,1299544690.0,96.97838327782523,79.70246483661019,0.012297308736523682,0.012222311055885407,0.009513305438007626,0.0048788901627787595
2023-06-15,1165.23046875,1169.7954267696327,1157.4471223513988,1164.888030487722,11813494,1134.6873840332032,1111.1447192382811,1143.708197817665,1131.7693239710306,60.84798868267633,11.938873846634351,10.097954735508111,1.8409191111262402,1166.4881793976724,1102.886588668734,0.0545828421369439,14.05850556543328,1311358184.0,91.03543378124573,91.38753432965784,0.0002744434660606476,0.0002744058133414869,0.009468899326970056,-0.006679644417178721
2023-06-16,1176.574462890625,1178.856942021871,1168.72265257123,1168.72265257123,24171579,1137.7790100097657,1113.3902270507813,1148.7645462904281,1135.0882231502599,62.735403899811615,13.676323140168279,10.813628416440146,2.862694723728133,1173.2285264657264,1102.329493553805,0.06025885751228676,14.26556596617682,1335529763.0,96.19483794903965,94.73621833603688,0.009735408097244713,0.009688324351516281,0.009608774553555938,-0.024307418023015614
2023-06-19,1164.8880615234375,1179.5873088461865,1160.7111839901809,1179.5873088461865,6798554,1139.9884521484375,1115.453134765625,1151.2450870955065,1137.29561858531,56.42264216988319,13.949468510196539,11.440796435191425,2.508672075005114,1176.4496001621737,1103.5273041347014,0.06260026043369764,14.852482289243328,1328731209.0,75.78941016952098,87.67322729993548,-0.009932564181680537,-0.009982221185156657,0.009991011059573118,-0.022043301295442408
2023-06-20,1167.3074951171875,1170.457299404325,1157.2189687814275,1162.9480481347903,6921096,1142.3291381835938,1117.4220043945313,1153.7162267911497,1139.5187205506343,71.45667684151313,14.197506240515395,11.99213839625622,2.2053678442591753,1179.524027957766,1105.1342484094216,0.06372766375570678,13.87589521472801,1335652305.0,79.77437028824245,83.91953946893437,0.0020769665976194673,0.002074812684383925,0.00997799568495848,-0.023718173217424643
2023-06-21,1170.59423828125,1173.127750027222,1163.1533304634168,1167.2617442064677,6961603,1145.1605590820313,1119.6081665039062,1156.312843943473,1141.820610752902,74.79746071784356,14.492233190570914,12.49215735511916,2.0000758354517547,1181.8829410911944,1108.4381770728683,0.06274143645723305,13.71122227058642,1342613908.0,85.18784411248946,80.25054152341764,0.002815661835301242,0.0028117052846482866,0.009802467739204984,-0.013570873500496572
2023-06-22,1157.4471435546875,1174.702723824018,1155.8494202932393,1166.8053921892115,7619166,1147.3414672851563,1121.4263916015625,1156.4873515759675,1142.9781317011823,67.88414717468746,13.50921987478523,12.695569859052375,0.8136500157328559,1181.306459893267,1113.3764746770457,0.05868949229733153,14.01935981254709,1334994742.0,61.3698633106966,75.4440259038095,-0.011231128854577332,-0.011294674221043155,0.010264377471315676,0.005817456524900733
2023-06-23,1147.9749755859375,1156.4885999942844,1146.7195697742059,1154.4343325060674,6628570,1147.5297729492188,1122.9611352539061,1155.177755269809,1143.3482682852382,58.400544389615895,11.829486984570849,12.52235328415607,-0.6928662995852211,1181.4633842077644,1113.5961616906732,0.059119078342671334,13.854675583616443,1328366172.0,43.23786386402969,63.265190429071914,-0.008183672162911604,-0.008217342230301128,0.008589585653951477,0.04014318691913665
2023-06-26,1139.2100830078125,1148.2715353178476,1136.0831001245695,1144.436975506937,12641159,1146.9580078125,1124.2397802734374,1152.721190306425,1143.041736042466,53.37078275903094,9.67945426395886,11.953773480116629,-2.274319216157769,1181.0555436462412,1112.8604719787588,0.059861717065766776,13.8872858742722,1315725013.0,25.672173074121385,43.42663341628256,-0.007635090280301071,-0.007664386798403304,0.008660212970625032,0.03734652006786243
2023-06-27,1139.62109375,1145.578264166708,1135.1474200849475,1139.666736088607,9689466,1146.421630859375,1125.4175439453124,1150.7057908362056,1142.788355131913,49.61782864428598,7.917435704292529,11.14650592495181,-3.229070220659281,1180.6319070241582,1112.2113546945918,0.06003798341817623,13.738913805644026,1325414479.0,26.428776200634324,31.77960437959514,0.0003607857306724416,0.00036072066315053164,0.008662091114404873,0.0352700193320834
2023-06-28,1154.708251953125,1158.519990797568,1140.2600374666351,1147.1760589375283,11354006,1147.782000732422,1127.14447265625,1151.3215540849624,1143.671310452003,55.87713755537819,7.650243632959473,10.447253466553343,-2.7970098335938705,1180.972961500998,1114.5910399638458,0.05748804637437285,14.24594383299929,1336768485.0,54.20175119862669,35.43423349112747,0.01323874951584103,0.013151883100059762,0.007881509085468207,0.04319029702823762
2023-06-30,1164.1805419921875,1167.1021346662303,1156.511421596289,1162.423070452648,11151555,1149.7677673339845,1128.954482421875,1153.2998599168432,1145.1905127883128,63.28795058994952,8.109347128530317,9.97967219894874,-1.8703250704184224,1181.8176083161668,1117.7179263518021,0.05505991523846893,14.135076406819573,1347920040.0,71.63867807953687,50.75640182626597,0.00820318900730177,0.008169725731517651,0.007972705372801763,0.03268303224704461
2023-07-03,1194.058349609375,1196.934300105854,1166.5087289327182,1167.7413136446191,12154387,1153.4311645507812,1131.4163720703125,1159.5703967926172,1148.8103525528359,70.53863675160491,10.760044239781337,10.135746607115259,0.6242976326660781,1188.1714704037959,1118.6908586977665,0.058188623469497325,15.685540773153159,1360074427.0,95.35909189546418,73.7331737245426,0.025664238955634522,0.02534044070991147,0.009491216512183214,0.04562814374477475
2023-07-04,1181.755615234375,1198.3036177471888,1174.6798459927943,1198.3036177471888,8061643,1155.9761291503905,1133.6052734375,1162.9835073221184,1151.250742381098,60.933931352041945,11.732764941020378,10.455150273896283,1.2776146671240944,1191.2072045220857,1120.7450537786954,0.05962497646301916,16.091498736091758,1352012784.0,73.79829197120077,80.26535398206727,-0.010303294122121165,-0.01035674048972024,0.009847347848876219,0.0679670428766126
2023-07-05,1179.8155517578125,1190.9997357239995,1175.8440646341217,1190.9997357239995,10248062,1158.3761657714845,1135.673203125,1165.5730526199175,1153.3666541867806,55.75334409578329,12.206398433136883,10.805399905744403,1.4009985273924794,1193.214686055254,1123.5376454877148,0.05905757087514836,15.934985002694605,1341764722.0,70.72644225835514,79.9612753750067,-0.0016416790845353857,-0.0016430281162973367,0.009881671558628484,0.07090341704423841
2023-07-06,1204.5804443359375,1207.1824197013011,1175.958111582341,1175.958111582341,19117987,1161.5853332519532,1138.0716381835937,1171.5741898069975,1157.1602682719033,62.77790065365083,14.413921535094232,11.52710423161437,2.8868173034798623,1200.9775448722107,1122.1931216316957,0.06540403641032658,17.283270981317905,1360882709.0,96.38790118666594,80.30421180540729,0.02099047816519084,0.020773213150001864,0.010692914410544208,0.039507300573788484
2023-07-07,1202.2294921875,1216.5406584496827,1199.6730384312104,1202.8686056265724,13375267,1164.6427185058594,1140.5504150390625,1176.2903901732286,1160.4987293026882,58.84755991234437,15.791660870540454,12.380015559399588,3.411645311140866,1206.7338358509048,1122.551601160814,0.0700217680876537,17.514781463217997,1347507442.0,82.41725412266258,83.17719918922789,-0.0019516771665121224,-0.001953584170034053,0.010735630136091072,0.0406668356235933
2023-07-10,1248.541015625,1258.1046546175523,1221.1284462814795,1227.4736968882496,33240016,1170.4196838378907,1143.8189306640625,1187.4058710119627,1167.020380141378,73.2875478668267,20.385490870584817,13.981110621636635,6.404380248948183,1224.2922419609608,1116.5471257148206,0.08629681756366228,20.15756986136419,1380747458.0,92.22197943062996,90.34237824665284,0.03852136695901098,0.03779793895049913,0.013131469974837372,0.02254076242113845
2023-07-11,1262.0760498046875,1264.495455649915,1249.7050458386786,1256.6894093813987,20069348,1176.8231811523438,1146.9614526367188,1198.893590826228,1174.0615408571787,74.84437542893001,24.83204996904942,16.151298491119192,8.68075147793023,1241.7774881643002,1111.8688741403873,0.1029324770436907,20.351577675794,1400816806.0,98.12953800524207,90.92292385284487,0.01084068045046327,0.01078234151792969,0.013158044272963259,0.02016505194397822
2023-07-12,1263.468505859375,1279.103541836806,1260.683840337917,1262.806571231475,18733835,1182.4586303710937,1149.9442016601563,1208.82819313902,1180.6842790054895,74.59202169470035,28.143914133530416,18.54982161960144,9.594092513928977,1256.7744240845984,1108.142836657589,0.117637746202399,20.95481209972856,1419550641.0,89.13902667837012,93.16351470474739,0.0011033059813654322,0.001102697786629994,0.013002125099888122,0.026772662601999064
2023-07-13,1252.170166015625,1277.7339788902639,1249.545369524751,1270.8408996155135,14682934,1186.821600341797,1152.892255859375,1215.49618896619,1185.9795298951292,75.32954115346463,29.516659071060758,20.743189109893304,8.773469961167454,1266.827570141772,1106.815630541822,0.12778769526916944,21.621619659352422,1404867707.0,81.29056583754057,89.51971017371757,-0.008942320122229841,-0.008982542634748642,0.01321985884966207,0.03478258156883496
2023-07-14,1251.120361328125,1260.341562579208,1243.9989491216202,1255.3657025022662,15124144,1191.1160949707032,1155.56458984375,1220.9768308680261,1190.8047766679438,78.88272471531671,30.172054200082357,22.628962127931118,7.543092072151239,1275.3511511007753,1106.8810388406312,0.13465539964620582,22.022693922002855,1389743563.0,80.56131259376238,83.6636350365577,-0.0008383881967419793,-0.0008387398406826881,0.013237366828596263,0.0035912148271792788
2023-07-17,1276.68408203125,1285.0607786645128,1245.3227267228626,1253.9962192785829,22220040,1196.1215759277343,1158.8052587890625,1229.5471772008298,1197.1662066948554,85.18518517908052,32.38097050597435,24.579363803539763,7.801606702434583,1288.2463903341068,1103.9967615213618,0.14431888938381468,23.990523689743718,1411963603.0,94.4123080734256,85.42139550157619,0.020432662990144124,0.020226716759631728,0.013704302694525633,-0.03639685479771859
2023-07-18,1287.52587890625,1295.286283587151,1274.995004828538,1285.9509768018002,25867313,1202.253466796875,1161.9874951171876,1238.466977463202,1203.8595157475513,85.93610230638156,34.60746171565074,26.584983385961962,8.02247832968878,1301.6626416969764,1102.8442918967737,0.15441891542335318,24.694840452376038,1437830916.0,94.9941349442093,89.98925187046576,0.008492153248868206,0.00845629776596359,0.01331961084906044,-0.0451255720360596
2023-07-19,1297.294921875,1303.7543992835303,1276.8210735612868,1291.8854597114334,39122156,1208.7528381347656,1165.2952709960937,1247.5174304496325,1210.780656942177,85.56301278011011,36.73677350745538,28.615341410260648,8.121432097194734,1315.283975119009,1102.2217011505222,0.16423580357544657,25.268728214852867,1476953072.0,95.6130489134721,95.00649731036901,0.007587453680580669,0.00755881373219402,0.013310763143700187,-0.036914063970250544
2023-07-20,1295.723876953125,1301.213635792283,1276.014839753512,1276.014839753512,38717624,1215.0093200683593,1168.41595703125,1254.9338068347852,1217.0727473133584,84.1548195310435,37.861059521426796,30.46448503249388,7.396574488932917,1326.6781975830866,1103.340442553632,0.1723652384600875,26.183364880971844,1438235448.0,94.14879732758045,94.91866039508729,-0.0012110160113818491,-0.0012117498838191065,0.013381794458114805,-0.04471636627767306
2023-07-21,1255.6134033203125,1293.2755748788927,1248.1205739980844,1290.3576048302098,30249238,1219.9176330566406,1170.8832543945311,1255.038360140251,1219.9276107212809,65.17615461164789,35.110749418970045,31.393737909789113,3.7170115091809315,1329.5444288201893,1110.290837293092,0.17461870902883694,27.24404665535571,1407986210.0,62.70295365236794,84.15493329780683,-0.030956034959494394,-0.03144529656179955,0.01525089600147447,-0.004293414777486015
2023-07-24,1230.216796875,1243.8424839995957,1221.2649818512405,1227.0515368964086,23727866,1224.0297241210938,1172.8056420898438,1251.219658099443,1220.6897726585935,61.22328280780724,30.52988544084951,31.220967416001194,-0.6910819751516826,1328.3347465692073,1119.7247016729802,0.16957177419958727,28.010093063546964,1384258344.0,42.508474697907936,66.45340855928545,-0.020226453762084984,-0.020433809286956244,0.015985152520621538,0.024865309722149398
2023-07-25,1229.425537109375,1239.0203294862108,1226.5569523456327,1233.4810641733905,12026020,1228.5404968261719,1174.6674682617188,1247.8667164086633,1221.3368663216143,61.55080101030797,26.529850087049,30.282743950210758,-3.752893863161759,1324.901229147146,1132.1797645051977,0.15675733000883896,27.8177863528827,1372232324.0,41.83801148561692,49.0164799452976,-0.000643187255803146,-0.0006433941894623122,0.01580223064384679,0.011022440255399113
2023-07-26,1249.406494140625,1259.693770122974,1229.0298463901022,1229.0298463901022,12911012,1234.029766845703,1177.252568359375,1248.1036052905035,1223.4160980119113,60.67474914087554,24.687507278592193,29.163696615887048,-4.476189337294855,1321.1252303536103,1146.9343033377959,0.13941893837811972,27.77775889673353,1385143336.0,47.783248894586485,44.04324502603712,0.016252271022634934,0.0161216165860062,0.016011146070446326,-0.015774677390768987
2023-07-27,1237.7838134765625,1255.06933898356,1231.6758304667376,1253.2889256301971,17226898,1238.183544921875,1179.7376025390624,1246.5159450114356,1224.4803732315152,58.108733377841645,22.035571779920474,27.738071648693733,-5.702499868773259,1316.8685352279963,1159.4985546157536,0.12713850261964382,28.243893789472832,1367916438.0,20.157549280512455,36.59293655357196,-0.00930256143102326,-0.00934610048244443,0.01617326542131576,-0.010708461847597439
2023-07-28,1250.2225341796875,1257.6412248805652,1236.7204929547063,1242.4081558253793,20827852,1242.48564453125,1182.5193383789062,1247.086189498859,1226.3871999684168,50.45357708124451,20.698989530442304,26.330255225043448,-5.631265694601144,1313.1324877523587,1171.8388013101414,0.11301482942388709,25.74714875345902,1388744290.0,35.10456641528028,34.34845486345975,0.010049186754339967,0.009999029424145671,0.01620613091816327,-0.0072393362002057815
2023-07-31,1260.8065185546875,1263.1062644351005,1245.3261593927457,1250.222567835286,8551174,1245.8230529785155,1185.4406298828126,1249.197009353602,1228.9367791229554,49.6520132999883,20.260230230646584,25.116250226164077,-4.856019995517492,1313.061550409859,1178.5845555471722,0.1066595015838299,25.877553397561865,1397295464.0,47.935284226518775,34.399133307437175,0.008465680377409468,0.008430047468591073,0.015416134533458093,-0.009963666648690528
2023-08-01,1242.976806640625,1265.6285651725407,1239.0696780480796,1263.650247759219,9536632,1248.8841125488282,1187.886181640625,1248.240055090067,1229.9767811613012,44.84739993938266,18.263273928765784,23.74565496668442,-5.4823810379186355,1309.0433514598426,1188.7248736378137,0.09679865077065422,26.45892379938844,1387758832.0,26.32073963541218,36.45353009240375,-0.014141513112179482,-0.014242457105976122,0.015610968906049301,-0.001810366958259424
2023-08-02,1229.697509765625,1242.383422770223,1218.4458286875906,1240.9985763343113,12748214,1251.3782104492188,1190.0702563476561,1245.3873558093835,1229.956094391251,44.40502992654187,15.431261418132408,22.082776256974018,-6.65151483884161,1303.012829140371,1199.7435917580667,0.08397938237834353,26.197664412782842,1375010618.0,13.18939117054906,29.148471677493344,-0.010683463121801684,-0.010740941056086813,0.015870382143158616,0.015625269886422766
2023-08-03,1224.529052734375,1236.893537376658,1215.700883147937,1224.2323775511124,10168350,1252.3756408691406,1192.2815209960938,1242.178386105536,1229.5540913055565,43.51266161762931,12.624294799979452,20.191079965575106,-7.566785165595654,1300.8797585088014,1203.8715232294799,0.07922085234539925,26.54409589643522,1364842268.0,10.025913755383998,16.51201485378175,-0.004203031225325504,-0.004211888788855919,0.01528894697057596,0.02445575078588691
2023-08-04,1241.1717529296875,1244.3617658987635,1222.4024889169664,1235.8550243989196,22885610,1254.32275390625,1194.8283764648438,1242.0235194630977,1230.4146588332699,40.94196783842613,11.60886062982786,18.47463609842566,-6.8657754685978,1297.144663391399,1211.500844421101,0.06900239130333302,25.27418339930286,1387727878.0,28.926578857156258,17.38062792769644,0.013591102765711627,0.013499572130812449,0.015527796007323473,0.014982672053277746
2023-08-07,1248.2442626953125,1250.4945023600335,1238.92139273861,1246.8346631113916,5982870,1254.3079162597655,1196.9090844726563,1242.9805568834386,1231.7353702304583,39.78411058185584,11.245186652980237,17.028746209336575,-5.783559556356337,1297.1384656903972,1211.4773668291339,0.06862526944549842,24.65145703236075,1393710748.0,36.9586371734349,25.303709928658392,0.005698252275666782,0.005682078648021412,0.012953476208358718,0.021158136472351652
2023-08-08,1240.7265625,1253.4867351589849,1236.2259624118224,1250.2967221809695,9844072,1253.2404418945312,1198.7107080078124,1242.6337885167557,1232.4013844726467,35.114067827778996,10.23240404410899,15.669477776291059,-5.4370737321820695,1296.3192804467383,1210.161603342324,0.06944130939762502,23.96056039128353,1383866676.0,29.265435362435394,31.716883797675525,-0.006022619466385271,-0.006040828586884436,0.01276280139634448,0.02650827939148548
2023-08-09,1248.911865234375,1250.7912910864598,1227.1009863432985,1238.8472469851743,11486586,1252.5126098632813,1200.68197265625,1243.5996464733125,1233.6243830475894,38.09583824045167,9.975263425723142,14.530634906177475,-4.555371480454333,1295.3550717474386,1209.670147979124,0.06860766252087343,23.852811013025693,1395353262.0,42.81161980145804,36.34523077910945,0.006597185054120214,0.006575518867160342,0.012864074865146511,0.0050689633534504175
2023-08-10,1254.475830078125,1261.177404750792,1240.6276075945868,1248.788167272386,15470598,1252.6278930664062,1203.2214721679688,1245.2729054894376,1235.1689346794808,49.64905713097211,10.103970809956763,13.645302086933334,-3.541331276976571,1295.4788826831507,1209.7769034496616,0.06831696329147433,21.920417741680303,1410823860.0,77.66222135108058,49.91309217165801,0.0044550500308568886,0.004445155671162436,0.012749645016812337,0.008023127344996883
2023-08-11,1259.767822265625,1265.5544976220099,1242.5565564009414,1252.4975295128647,22179330,1253.0602661132812,1205.9275244140624,1247.502892685774,1236.9910745006766,60.407545230033726,10.511818185097354,13.018605306566139,-2.5067871214687845,1296.0215748649887,1210.0989573615736,0.068205121598429,21.10966915253719,1433003190.0,88.26153614559915,69.57845909937926,0.004218488758902961,0.004209615879872967,0.012778711745898803,-0.007164134791237786
2023-08-14,1274.65478515625,1277.1524353275731,1248.8130109688743,1255.7371227128601,9575812,1252.9588012695312,1209.0048120117187,1251.680106912001,1239.780978993682,64.49052158071882,11.899127918318982,12.794709828916707,-0.8955819105977252,1295.6941789664418,1210.2234235726207,0.06705404191719552,22.2436725252601,1442579002.0,95.93557838054063,87.28644529240678,0.011817227450572343,0.011747949268179484,0.012200810087848468,-0.018993347233645097
2023-08-16,1273.6160888671875,1277.3996937112483,1261.672044700447,1261.672044700447,10203112,1252.2633117675782,1211.8600073242187,1255.054873366645,1242.2872834287566,58.827713472653706,12.767589937888488,12.789285850711064,-0.02169591282257599,1293.0377902904725,1211.488833244684,0.06402946520432375,21.17679575939792,1432375890.0,93.86762109276478,92.68824520630153,-0.0008148843915689596,-0.0008152165903360917,0.012035905830116128,-0.017102087772775
2023-08-17,1255.2425537109375,1275.0752365265755,1252.695518025622,1269.6348629683328,13673744,1250.160693359375,1214.3285620117188,1255.083747265767,1243.2469330792885,56.06739112920091,11.836814186478477,12.598791517864546,-0.7619773313860687,1285.0733991136328,1215.2479876051173,0.0556270270650777,21.104382186835842,1418702146.0,64.0882218009446,84.63047375808334,-0.014426274382724147,-0.014531344819912013,0.012264329902239876,-0.019480018714479463
2023-08-18,1264.5406494140625,1274.827925208279,1240.6771930744892,1251.9041214413387,18639978,1248.6015319824219,1216.8114331054687,1256.5386552885816,1244.8242454003828,55.08698185913082,11.714409888198816,12.4219151919314,-0.7075053037325851,1277.1522094104446,1220.0508545543992,0.04515580806556428,22.049382201688054,1437342124.0,79.15835948768849,79.03806746046597,0.007407409568482626,0.0073801094428075165,0.012428083122907338,-0.0311837389229217
2023-08-21,1250.74267578125,1268.3374245054665,1248.5836072167706,1260.6443643964944,9221746,1248.3579956054687,1219.0046508789062,1255.6469661336075,1245.2626476508174,46.50432109777158,10.38431848279015,12.014395850103151,-1.6300773673130013,1276.7394297532958,1219.9765614576415,0.04538333055614219,22.19036164785528,1428120378.0,56.794924104391626,66.68050179767489,-0.010911451236625624,-0.010971417733980334,0.010566133699710958,-0.03025799905602955
2023-08-22,1250.44482421875,1259.6517042081298,1240.319812990251,1249.204008079304,7713044,1249.3693969726562,1221.3535131835938,1254.8466366082448,1245.6465125817754,52.95376943229268,9.200124026469439,11.45154148537641,-2.251417458906971,1276.4402423433044,1222.298551602008,0.043297944613528094,21.674147654527978,1420407334.0,56.31217320566962,64.08848559924992,-0.0002381397614932279,-0.00023816812126871274,0.009453027810072605,-0.03931481804717152
2023-08-23,1251.8345947265625,1262.0838090060652,1249.2288807667073,1252.8272476636503,9517952,1250.4898498535156,1223.7100830078125,1254.3832455495244,1246.1048890369448,59.66469584952901,8.278356512579649,10.816904490817059,-2.5385479782374105,1275.8883870625034,1225.0913126445278,0.040578104033840996,20.84014410355108,1429925286.0,58.56468098515734,57.223926098406196,0.0011114208967042405,0.001110803725748228,0.009446499929856004,-0.04129320355895627
2023-08-24,1230.7904052734375,1260.6195534341234,1226.4227081001463,1260.6195534341234,14140020,1249.5590454101562,1225.3107006835937,1250.753577814742,1244.9704828322406,52.4008024305149,5.783094982501325,9.810142589153912,-4.027047606652587,1276.4456437451117,1222.6724470752006,0.043689970639610796,21.769014896783656,1415785266.0,15.251532123666575,43.376128771497854,-0.016810678936159063,-0.01695358219710778,0.009519642978011437,-0.029357206722250728
2023-08-25,1225.1075439453125,1243.2978613921046,1212.3271367872899,1218.9778633049934,22222400,1248.9252319335938,1226.5146362304688,1246.808034142522,1243.4991540258015,43.27527634643364,3.308880116720502,8.509890094667231,-5.201009977946729,1277.5237560175342,1220.3267078496533,0.04668736916245298,22.412689726999197,1393562866.0,19.64024123527367,31.15215144803253,-0.004617245392697478,-0.004627937795867067,0.009353183731564598,-0.02256588004819815
2023-08-28,1212.897705078125,1232.87484375,1206.6192242506277,1226.9189266304347,12580826,1247.0589904785156,1227.4679809570312,1241.591060440307,1241.2323800296774,35.8135670074564,0.3586804106296313,6.8796481578597115,-6.52096774723008,1279.8631993188274,1214.254781638204,0.05409229270196162,23.461440432566974,1380982040.0,8.870357706375083,14.58737702177178,-0.00996634044703304,-0.010016336883021512,0.009238188228503806,-0.013524276931555779
2023-08-29,1201.2838134765625,1217.7121468384466,1195.2285336373561,1217.0173382536789,16876644,1244.0828552246094,1227.96216796875,1235.389945522808,1238.273226951669,34.67349077750639,-2.8832814288609825,4.927062240515573,-7.8103436693765556,1282.032340316874,1206.1333701323447,0.06318154738543824,23.834500464990406,1364105396.0,7.369105941412401,11.959901627687055,-0.009575326553045493,-0.00962146475412804,0.009096297118560456,0.0013428626620872741
2023-08-30,1200.142333984375,1212.525656094156,1198.628513903965,1207.066064519438,12168946,1241.9411315917969,1228.6672534179688,1229.9672360553568,1235.448716361499,29.951866813359345,-5.481480306142203,2.845353731184018,-8.32683403732622,1284.6853714626584,1199.1968917209354,0.07123195084528702,23.134988854063945,1351936450.0,5.97995737499672,7.406473674261406,-0.0009502163263850338,-0.000950668068109411,0.008666353663440887,0.004404283102000139
2023-08-31,1194.6578369140625,1203.5917135507277,1191.133870437995,1202.5990605910981,21638600,1240.1891479492188,1229.2142602539063,1224.53502080285,1232.427169735763,25.39399909926037,-7.89214893291296,0.6978531983646226,-8.590002131277583,1287.6576914316602,1192.7206044667773,0.07946801505116827,22.556992136673053,1330297850.0,4.085008804546152,5.811357373651762,-0.0045698721851635815,-0.004580345972485655,0.008438229370550478,0.010386305326334222
2023-09-01,1197.4619140625,1203.9141576589248,1192.0023233270636,1194.4343955405523,18112842,1238.835791015625,1229.7516137695313,1220.3699274581809,1229.8371507970028,23.835057462569495,-9.467223338821896,-1.335162109072681,-8.132061229749215,1289.6123788247703,1188.0592032064799,0.08480701926774599,21.765127358872537,1348410692.0,7.335516412319017,5.800160863953967,0.002347180139612881,0.0023444298151395664,0.008451244729951119,0.014734941498171894
2023-09-04,1196.494140625,1202.921543874001,1193.8140262826475,1197.4619529612135,9347626,1236.6019104003906,1230.5325537109375,1216.6967294838453,1227.3672981916693,12.831807034736812,-10.670568707824032,-3.2022434288229515,-7.46832527900108,1290.7640414087457,1182.4397793920355,0.09053472001135421,20.391419732633576,1339063066.0,6.21366606560258,5.878063760822588,-0.0008081872384706479,-0.0008085139978438938,0.007716785703804324,0.0265068845340799
2023-09-05,1202.89697265625,1208.033879307401,1197.362859390741,1201.1101487589585,8675876,1234.3345458984375,1231.6309936523437,1214.5736899719075,1225.554681485342,18.002909572251994,-10.980991513434446,-4.75799304574525,-6.222998467689196,1290.2140359569032,1178.4550558399717,0.09290818969320717,20.09228328060499,1347738942.0,14.013474841119017,9.187552439680209,0.005351327527525873,0.005337060051695914,0.00769940695981292,0.00629218281224575
2023-09-06,1205.4281005859375,1209.125708635972,1199.745186611218,1201.6560920331103,8200370,1232.5696228027343,1232.9553540039062,1213.1666762202199,1224.0638236409416,23.689436312914538,-10.897147420721694,-5.98582392074054,-4.911323499981155,1289.8121968140915,1175.3270487913771,0.09497467992248161,19.163769246590732,1355939312.0,17.07914640652218,12.435429104414597,0.002104193449001812,0.002101982734603723,0.007680379463927264,0.009202453055823456
2023-09-07,1207.06591796875,1210.1679582595825,1196.6430625915527,1201.9537313347682,13652572,1230.4773254394531,1234.3042504882812,1212.228098027686,1222.8047195170755,16.970815974192533,-10.576621489389481,-6.903983434470328,-3.672638054919153,1288.261313815042,1172.6933370638642,0.09574288779991039,17.69049521332215,1369591884.0,20.63641722585065,17.24301282449729,0.0013587018437817289,0.0013577796436670664,0.007479493028765681,0.008758243594136239
2023-09-08,1215.1064453125,1218.9778160313297,1202.5742018862823,1211.0365924741222,23109288,1228.508856201172,1235.5122143554688,1212.6709206868882,1222.2344769834033,28.069616634886373,-9.563556296515117,-7.435898006879286,-2.1276582896358303,1285.5278512687382,1171.4898611336057,0.09385020594290762,17.45119498877583,1392701172.0,33.78801357406045,23.83452573547777,0.0066612164456441025,0.0066391285771685345,0.0075901217754583625,0.00394167177676219
2023-09-11,1228.20947265625,1229.326207160582,1216.9924464989115,1216.9924464989115,13271074,1226.9309387207031,1236.79279296875,1215.0614671437131,1222.677069255466,38.17943951835885,-7.615602111752878,-7.471838827854005,-0.14376328389887316,1282.0216920618118,1171.8401853795945,0.0897090513753551,17.086042890933204,1405972246.0,52.256003269349804,35.560144689753635,0.010783439915323711,0.01072571325100488,0.007985107312558642,-0.015416600241793144
2023-09-12,1210.4658203125,1232.3785847782628,1209.026400892418,1232.3785847782628,16255666,1223.7214904785155,1237.1209423828125,1214.3544445542957,1221.7725322967278,31.265430490950095,-7.418087742432135,-7.4610886107696315,0.04300086833749628,1274.4088317565866,1173.0341492004445,0.08374848827203615,17.835846865682274,1389716580.0,27.82148644247175,37.95516776196067,-0.01444676395906297,-0.014552134527260265,0.007884211116864737,-0.023248672668466863
2023-09-13,1216.52099609375,1222.2783103355039,1204.2120756300537,1211.0365644667,12803338,1220.8667358398438,1237.81625,1214.68776017575,1221.3835296150257,42.522730203095115,-6.695769439275637,-7.308024776470833,0.6122553371951964,1265.830147580165,1175.9033240995227,0.07392130819722584,16.683660392216066,1402519918.0,48.66791284739358,42.91513418640505,0.005002351722485532,0.004989881530674889,0.008057021766634191,-0.03518905771172032
2023-09-14,1217.6376953125,1223.8417758931353,1213.5181615722684,1220.9630582690309,9209636,1218.9864929199218,1238.5726928710938,1215.1415963506347,1221.1060604074312,45.889020406411554,-5.964464056796487,-7.039312632535964,1.0748485757394768,1260.941703266892,1177.0312825729516,0.0689124696262014,15.20886680050551,1411729554.0,63.495943603804974,46.66178096455676,0.0009179448791560851,0.0009175238254052227,0.007552256175475625,-0.04008887117329041
2023-09-15,1219.89599609375,1224.9336610195687,1215.7516218263509,1224.9336610195687,25468592,1216.7542602539063,1238.87900390625,1215.8730424649602,1221.0164260138251,54.32522556925724,-5.143383548864904,-6.660126815801752,1.5167432669368486,1252.8451607723525,1180.66335973546,0.059170454914211586,13.989325350065899,1437198146.0,69.73530091097452,60.63305245405769,0.0018546574157023432,0.0018529396622057731,0.007305905500835138,-0.047765282404725995
2023-09-18,1209.274658203125,1216.4962329024152,1207.0908701058952,1211.061482045193,7516300,1214.680859375,1239.0199072265625,1214.8579064246778,1220.1466654352548,55.00000762851131,-5.288759010576996,-6.385853254756801,1.0970942441798055,1247.13124079775,1182.2304779522499,0.05366916639263484,13.298004834834776,1429681846.0,43.98330320590686,59.071515906895456,-0.008706756907667312,-0.008744882175198566,0.007176198504490949,-0.03856020838292262
2023-09-20,1182.3240966796875,1204.882232531632,1168.8488809798134,1202.623922773179,57081884,1211.2748229980468,1237.6955688476562,1209.8527049254485,1217.344993675583,41.57270416302319,-7.4922887501345485,-6.607140353832351,-0.8851483963021973,1242.1830290061682,1180.3666169899254,0.05228381303387235,15.192907337200543,1372599962.0,21.21089017259176,44.97649809649105,-0.022286551149168776,-0.022538648964391464,0.00851497562041416,-0.00556217534919623
2023-09-21,1173.7127685546875,1186.269851496792,1171.3303774506073,1178.7504333612094,12226182,1207.3687316894532,1235.9283032226563,1204.2927147145622,1214.1129769999611,40.378421172575266,-9.82026228539894,-7.249764740145669,-2.5704975452532706,1236.38204463607,1178.3554187428363,0.0494385231615806,15.370166689589967,1360373780.0,7.656084137002105,24.283425838500246,-0.007283390526491962,-0.007310043912140407,0.00852088056109068,-0.012981933020663972
2023-09-22,1168.823974609375,1182.4729522811776,1166.367182863141,1179.2716708437545,19176786,1204.27041015625,1234.0354125976562,1198.8359854676103,1210.75823608214,37.09176542619482,-11.92225061452973,-8.184261915022482,-3.737988699507248,1235.8717097200743,1172.6691105924256,0.05407366763568587,15.669733481459648,1341196994.0,3.7217687776966923,10.86291436243019,-0.004165238784385572,-0.004173937554824664,0.007903142666971535,-0.004225062626592613
2023-09-25,1161.6273193359375,1171.6779308453931,1158.9720452955405,1166.5657437194718,14254884,1201.0963989257812,1232.2245556640626,1193.1115752935068,1207.1189089157547,35.119723009024355,-14.00733362224787,-9.34887625646756,-4.6584573657803094,1236.4184070984868,1165.7743907530755,0.06081469949053543,15.926759764209594,1326942110.0,3.6172172929985176,4.998356735899109,-0.0061571762983752,-0.006176209877313778,0.007931794956111769,-0.009528112028823754
2023-09-26,1162.644775390625,1166.4664650387544,1159.2201711598175,1160.684310036077,10087782,1198.5837524414062,1230.4550439453126,1188.4243753084481,1203.824528654634,31.993687471419662,-15.400153346185789,-10.559131674411207,-4.841021671774582,1237.352429216958,1159.8150756658545,0.06669049325496045,15.620085135390728,1337029892.0,5.003273715005875,4.1140865952337,0.0008758885382182946,0.0008755051716938348,0.007772674932114553,-0.01210251243492233
2023-09-27,1175.747802734375,1177.1872222950064,1160.6595255350553,1163.1411580463555,11722778,1197.306951904297,1228.436318359375,1186.4741333739753,1201.7447711790592,37.87018143832769,-15.27063780508388,-11.501432900545742,-3.769204904538137,1237.3618741909493,1157.2520296176447,0.06813522796895502,16.130597616476248,1348752670.0,22.85321928648395,10.491236764829452,0.011270017825820933,0.011206984325245044,0.008105828491837096,-0.023133029324131527
2023-09-28,1158.4757080078125,1182.7460248832851,1153.959088482433,1182.7460248832851,14518346,1195.2236206054688,1225.8553149414063,1182.1666833176425,1198.5396553885964,32.39212577337324,-16.372972070953892,-12.475740734627372,-3.89723133632652,1238.8341107054096,1151.613130505528,0.07528943386294408,17.220743383106424,1334234324.0,5.759562020499985,11.205351673996608,-0.014690305766588474,-0.014799276837386537,0.008660870988397166,-0.006897828535927464
2023-09-29,1163.8856201171875,1175.847137006539,1158.475709840611,1162.2973995824232,12342014,1193.685009765625,1223.18712890625,1179.3542120560342,1195.9726898129366,31.078103590764655,-16.618477756902394,-13.304288139082377,-3.3141896178200163,1239.4953952100313,1147.8746243212186,0.07871973783780215,17.289873015512075,1346576338.0,12.658244573748789,13.757008626910912,0.004669853732779838,0.004658983793385211,0.00874737841389144,-0.019936124941803746
2023-10-03,1150.5592041015625,1159.2201982891547,1149.4921506176527,1156.4158809171215,8859056,1191.3398742675781,1220.2838354492187,1174.9242108322692,1192.6087279083904,21.361857226447697,-17.68451707612121,-14.180333926490144,-3.504183149631066,1240.9783273526118,1141.7014211825444,0.08628578678625214,17.30228070490156,1337717282.0,1.2873680653571282,6.568391553201972,-0.011449936132283511,-0.011515991353777583,0.00898805447183138,-0.004205983821768067
2023-10-04,1148.5738525390625,1150.981084388904,1139.1189302205564,1146.0178196869251,10286386,1188.9438598632812,1218.1430444335938,1170.8703095563912,1189.3468852884403,24.17145435979478,-18.476575732049014,-15.039582287601919,-3.4369934444470953,1242.0404641148868,1135.8472556116756,0.09245657845027401,16.4815642965089,1327430896.0,11.01783135641407,8.321147998506667,-0.0017255535877011008,-0.0017270440701447809,0.008984221920490228,0.013352687611388081
2023-10-05,1148.5491943359375,1156.1428927957072,1146.017880733707,1151.1052273242312,10953682,1186.2264709472656,1216.5096923828125,1167.4362918301676,1186.3248341067733,20.130843344907007,-18.888542276605676,-15.80937428540267,-3.079167991203006,1241.8204694221672,1130.632472472364,0.09680734399373228,15.914334107691047,1316477214.0,10.989097125245223,7.764765515672146,-2.1468539502689232e-05,-2.1468769955081746e-05,0.008831774263064293,0.015254149920580717
2023-10-06,1150.4847412109375,1153.8597853939605,1147.5316229908371,1150.0132553057874,5431026,1183.4793029785155,1214.9308764648438,1164.8283609656708,1183.6700124107854,20.701522661680713,-18.84165144511462,-16.415829717345062,-2.4258217277695593,1240.4901425615526,1126.4684633954785,0.09910751101840876,15.628944684995076,1321908240.0,13.244592023330625,11.750506834996644,0.0016852102500659605,0.001683791876553969,0.008821338892429637,0.013503033654610919
2023-10-09,1140.6822509765625,1147.4818990309532,1139.0691900320726,1145.5711149238573,7576878,1180.1601196289062,1212.7563916015624,1161.1135748135002,1180.485733786028,17.57405680493582,-19.372158972527814,-17.007095568381615,-2.3650634041461984,1239.086549912808,1121.2336893450042,0.1033178700439211,15.788481255398437,1314331362.0,2.083330170790941,8.772339773122267,-0.008520313119544265,-0.008556818493418205,0.008882493721002319,0.019928259165930218
2023-10-10,1145.719970703125,1150.435072150941,1143.4121010954177,1144.8018394410437,10236032,1176.6907958984375,1210.9151147460936,1158.7453280272887,1177.9104920761833,22.737821452620295,-19.165164048894667,-17.438709264484228,-1.7264547844104392,1235.1223913887416,1118.2592004081334,0.10199978526069466,15.57045948300728,1324567394.0,10.10556634119426,8.477829511771946,0.004416409321920778,0.004406685605035532,0.008770300219649363,0.020295473834875954
2023-10-11,1163.910400390625,1166.2182699823193,1148.0031129607796,1148.7227620999727,9814118,1173.4758422851562,1209.1888720703125,1159.539954544725,1176.8734482476234,41.459473470830005,-17.333493702898295,-17.41766615216704,0.08417244926874545,1226.8269925012892,1120.1246920690232,0.09167569977590638,14.147068201284615,1334381512.0,52.62894541550855,21.605947309164588,0.015876854862132417,0.015752135965910345,0.009249382317392465,-0.008976319682710177
2023-10-12,1166.0693359375,1171.0078811502246,1160.485663265934,1163.3148210249558,12554450,1171.2560180664063,1207.2941284179688,1160.5444747589981,1176.0731436320586,46.229170549648074,-15.528668873060496,-17.039866696345733,1.5111978232852366,1221.7445478948882,1120.7674882379245,0.08659610243140467,13.831549904006481,1346935962.0,61.818000312492096,41.517504023064966,0.0018548984063984086,0.0018531802067451404,0.008864847748472255,-0.01840890913735127
2023-10-13,1166.019775390625,1170.0896281233202,1156.0187245288932,1161.4039150831682,10150316,1168.73095703125,1205.7549877929687,1161.3868287023254,1175.3284496882488,48.54720140148672,-13.941620985923464,-16.42021755426128,2.4785965683378173,1214.5203298435094,1122.9415842189906,0.07853961618604569,13.686202345177207,1336785646.0,61.70452929967101,58.71715834255722,-4.250222979673701e-05,-4.2503133042099245e-05,0.008730995461473297,-0.0213680143935836
2023-10-16,1163.4140625,1168.6254903286665,1159.4186102633319,1163.885548402189,5929036,1166.019775390625,1204.4293188476563,1161.6987108250446,1174.4459024891194,50.97190847068888,-12.747191664074762,-15.685612376223979,2.9384207121492167,1205.6192353748263,1126.4203154064237,0.0680745768176604,13.436273381997353,1330856610.0,55.73863708371296,59.7537222319587,-0.002234707288520932,-0.002237207973080241,0.00870240740069884,-0.03449163376243147
2023-10-17,1168.972900390625,1171.18152891328,1162.0491704758838,1169.3451452373686,7928180,1163.4736206054688,1203.3181958007813,1162.817816912057,1174.040494926268,53.280157318331426,-11.222678014210942,-14.793025503821372,3.5703474896104304,1193.9953041958395,1132.951937015098,0.052219659805922844,13.570992279030163,1338784790.0,68.4658365463897,61.969667643257885,0.00477803910903396,0.0047666605107004835,0.008798802333965756,-0.04131189050884976
2023-10-18,1153.4627685546875,1174.8048077319042,1151.9737890772074,1168.9729714451066,8918320,1160.6830261230468,1201.5640161132812,1161.378578703231,1172.5162188987435,38.72988239103392,-11.137640195512631,-14.061948442159625,2.9243082466469943,1182.5520444203157,1138.814007825778,0.03791889758985671,14.021229557226288,1329866470.0,32.95471975320065,52.38639779443444,-0.013268170571580029,-0.013356979173291188,0.00903520410813203,-0.041953645226081804
2023-10-19,1144.603271484375,1152.37085365543,1142.0472385636656,1147.5068298823098,12032556,1158.7969848632813,1199.4911962890626,1158.7977622080223,1170.4485931643458,42.331874505093786,-11.650830956323489,-13.5797249449924,1.9288939886689107,1179.2692297860326,1138.32473994053,0.035771774260616875,12.780414813666978,1317833914.0,15.047282155238443,38.82261281827627,-0.007680782866891889,-0.00771043199620649,0.007848896183683408,-0.017496659233260714
2023-10-20,1141.104248046875,1148.846868358942,1139.7145096810816,1141.5508934053469,8913312,1157.1665588378905,1197.49875,1156.0756831063072,1168.274937970459,37.13560945432373,-12.199254864151726,-13.303630928824266,1.1043760646725396,1177.8301419086563,1136.5029757671248,0.036216819113825474,12.191909790747966,1308920602.0,5.6947609856343835,17.898920964691158,-0.003056974870395357,-0.0030616569625345935,0.007743750194719504,0.0058283516578971906
2023-10-23,1123.2860107421875,1144.6528889030683,1119.340239652529,1136.5875839948083,7853962,1154.8896606445312,1194.9862329101563,1151.0311181272118,1164.9424248424389,35.342687542572364,-13.911306715227056,-13.425166086104824,-0.4861406291222323,1179.75342967507,1130.0258916139924,0.044269702983500386,12.971851201534005,1301066640.0,7.114039153682148,9.285360764851658,-0.015614907520662857,-0.015738104343275647,0.008359312624183107,0.01091376303676217
2023-10-25,1120.680419921875,1132.2200112886635,1113.2603628260954,1116.7594889591046,11620688,1152.8423156738281,1192.3103247070312,1146.3617799417755,1161.663757811286,35.10863061934701,-15.301977869510438,-13.800528442785946,-1.5014494267244913,1181.779732635687,1123.9048987119693,0.0516425850714446,13.47881507969261,1289445952.0,12.056420538060141,8.288406892458891,-0.0023196147689855673,-0.002322309242891231,0.00830154600109537,0.017471489379686345
2023-10-26,1105.07080078125,1120.7050833883056,1101.993601137725,1117.2307983645155,15222534,1149.9636169433593,1189.2163842773436,1140.009321609387,1157.471686920172,30.099842996237484,-17.462365310785117,-14.532895816385782,-2.929469494399335,1185.4980872889778,1114.4291465977408,0.0643116627830484,14.092134378876933,1274223418.0,4.226272008694916,7.798910566812402,-0.013928698015187257,-0.014026612607840997,0.008704418213798373,0.0420840541095846
2023-10-27,1124.5765380859375,1128.3982276638756,1109.761144511754,1111.7712909465938,11771084,1147.4050537109374,1186.2148193359376,1137.6350472211639,1155.0350092287472,39.78475992013896,-17.399962007583326,-15.106309054625292,-2.293652952958034,1182.488631778936,1112.3214756429388,0.06239429132624779,15.306367555984236,1285994502.0,31.01574332337428,15.766145290043113,0.0176511199924001,0.017497148183531163,0.009330174724138935,0.023788468120215844
2023-10-30,1147.7550048828125,1153.9590859902871,1126.6362885582769,1128.6464350717906,16813304,1146.8690185546875,1183.69759765625,1139.1919637844944,1154.4957496475668,52.522605043796226,-15.303785863072335,-15.145804416314702,-0.15798144675763304,1181.5658689903667,1112.1721681190083,0.0604603774988056,16.58972446494743,1302807806.0,62.849396246809825,32.69713719295967,0.020610839735573316,0.020401310535456553,0.010142856448165745,0.011459403648575561
2023-10-31,1135.5452880859375,1155.4480281047179,1133.0636557231696,1155.4480281047179,12808438,1145.452001953125,1181.30365234375,1138.6309367539473,1153.0920117541127,46.5476664780669,-14.461075000165465,-15.008858533084856,0.5477835329193912,1179.5320708783404,1111.3719330279098,0.06002414748716942,17.491978122602404,1289999368.0,46.08038860659943,46.64850939226118,-0.01063791204998632,-0.01069489914584243,0.010314980868797003,0.01569124139857858
2023-11-01,1140.2603759765625,1150.236586425296,1129.2419526519689,1136.1656826268284,10309190,1144.937060546875,1178.818046875,1138.8816197112726,1152.141520215035,41.16772840770889,-13.25990050376231,-14.659066927220348,1.3991664234580377,1179.0034319530096,1110.8706891407405,0.05975191653390355,17.527430586469045,1300308558.0,52.556160827818424,53.82864856040923,0.0041522675846532575,0.0041436707110693105,0.010084933469935194,0.016758139615050238
2023-11-02,1151.57666015625,1153.6116471680004,1145.4966608528325,1148.4746196953226,10562104,1145.0872009277343,1176.8347265625,1140.8347028566538,1152.099678729199,44.93410115314149,-11.264975872545165,-13.980248716285312,2.7152728437401468,1179.247399599064,1110.9270022564046,0.059327702363635444,17.729505822693845,1310870662.0,68.09811475065965,55.57822139502584,0.009924298360359796,0.00987537592566204,0.010337693219135557,-0.004159124569787731
2023-11-03,1151.3284912109375,1158.897469898072,1149.3680258840427,1155.0509397455937,8850156,1145.2261657714844,1174.8523999023437,1142.449131834236,1152.0425537278463,44.87179814513073,-9.593421893610412,-13.102883351750332,3.5094614581399206,1179.4681779925227,1110.984153550446,0.05948261071003886,17.405115852665435,1302020506.0,67.75727580990113,62.80385046279307,-0.00021550362550659674,-0.00021552684974956562,0.010337984470411406,-0.002069195921873157
2023-11-06,1160.9075927734375,1161.4039192346488,1154.256866662586,1157.5822297180116,10647304,1145.7473083496093,1173.0338598632814,1145.2888950556514,1152.699223286779,49.1656975824297,-7.410328231127551,-11.964372327625776,4.554044096498226,1180.6374242774393,1110.8571924217792,0.06010834306712849,17.467154992549485,1312667810.0,80.91335714743278,72.25624923599786,0.00832004213882076,0.008285621377890512,0.01049438698321832,-0.010431691176431945
2023-11-07,1153.3634033203125,1160.9572220726066,1151.2540159543112,1158.4507493206686,6960204,1146.381365966797,1171.4853198242188,1146.5311270963684,1152.7484218077814,44.872005661517576,-6.217294711412933,-10.814956804383208,4.597662092970275,1181.344746554567,1111.4179853790267,0.06062855902505196,17.507929826899417,1305707606.0,70.5520545322053,73.07422916317974,-0.006498527100767593,-0.006519734455649916,0.010412307695458353,0.014050279450820602
2023-11-08,1159.3690185546875,1161.9003321646271,1152.3460470752768,1157.4333936812945,7884494,1147.063818359375,1170.1705493164063,1148.5061873207253,1153.2388363816262,52.06954604981919,-4.73264906090094,-9.598495255686755,4.865846194785815,1182.502445117198,1111.6251916015522,0.06113433460901351,16.559591715088946,1313592100.0,95.77457563197594,82.41332910387133,0.005207045079708594,0.00519353529754729,0.010429030009507937,0.010616842173313934
2023-11-09,1146.787109375,1159.3689122452765,1143.6353879313751,1159.344192861405,14513610,1146.2076538085937,1168.8483374023438,1148.2417137906136,1152.7609306774318,50.745760954790846,-4.519216886818185,-8.58263958191304,4.0634226950948555,1180.7486017514182,1111.6667058657692,0.0602395120427353,16.868027474538263,1299078490.0,74.77207897792326,80.3662363807015,-0.010852376575814171,-0.010911693155429444,0.010081053486310118,0.019475904999531668
2023-11-10,1148.9461669921875,1149.6659373563402,1140.5831381668131,1144.3055869187945,7734954,1145.351495361328,1167.8015844726563,1148.3500912062404,1152.4783555896358,52.70267881951959,-4.12826438339539,-7.691764542209511,3.5635001588141213,1178.6459363213055,1112.0570544013506,0.05795648554559973,16.86448751108589,1306813444.0,78.37611074554198,82.9742551184804,0.0018827013309943297,0.0018809312701591814,0.010081425178596271,0.014881801396001482
2023-11-13,1148.79736328125,1153.7606282722284,1147.3579437297892,1152.9167762849927,3854810,1144.4903747558594,1166.7746850585938,1148.4189022947035,1152.2056894927184,60.01172726534905,-3.786787198014963,-6.910769073370602,3.123981875355639,1176.3959415919778,1112.584807919741,0.05554603075513368,15.513775746221588,1302958634.0,78.12771843906111,77.09196938750877,-0.00012951321411958094,-0.0001295216016801045,0.010081149268451947,0.027779985608251234
2023-11-15,1169.5684814453125,1172.2982770196893,1154.9516911953863,1161.4039352802765,12220648,1144.798095703125,1166.2728979492188,1151.6726837024894,1153.4918222299475,66.79161079176828,-1.819138527458108,-5.8924429641881035,4.0733044367299955,1177.5788548560463,1112.0173365502037,0.05605616032404012,15.838151837355245,1315179282.0,96.11719200594699,84.2070070635167,0.018080750207099205,0.017919237386305742,0.010907522935968157,0.013473602470696289
2023-11-16,1171.6778564453125,1178.3534231349859,1164.8533675821152,1166.9131951067154,13134910,1144.9333435058593,1165.757216796875,1154.7504025860007,1154.83893587553,75.21607039895375,-0.08853328952932316,-4.7316610292563475,4.643127739727024,1178.1534415033202,1111.7132455083984,0.05670517337973001,15.465907073233097,1328314192.0,90.26775779349154,88.1708894128332,0.0018035497993185157,0.0018019253562618985,0.01086373186229895,0.014741438273209395
2023-11-17,1169.121826171875,1177.9067803474445,1167.3846835483773,1167.8064883385834,7758634,1145.7162963867188,1165.2097705078124,1156.9613908299814,1155.8969277493334,69.34683649763676,1.0644630806480109,-3.572436207275476,4.636899287923487,1180.4848609085366,1110.947731864901,0.05947808644658111,14.551240638693214,1320555558.0,82.14982898899846,89.511592929479,-0.002181512827418408,-0.0021838957928036373,0.010415472704903563,0.016280645174089114
2023-11-20,1166.0445556640625,1170.5362129509904,1159.61703140789,1165.6474702823514,4490186,1146.7883605957031,1164.4727221679686,1158.3588008044553,1156.648603891165,59.62387816463886,1.7101969132902468,-2.5159095831623315,4.226106496452578,1182.7153772362033,1110.861343955203,0.061622030592201005,13.232428755746842,1316065372.0,74.93687859350659,82.45148845866554,-0.00263212134007329,-0.0026355914619731633,0.010261039667035827,0.019175508312869516
2023-11-21,1180.7109375,1185.227556641674,1171.4296571663483,1174.3083747965666,8214450,1148.7686950683594,1163.97837890625,1161.7975910653083,1158.430998973301,73.16700539809204,3.366592092007295,-1.3394092481284063,4.7060013401357015,1187.6235195690454,1109.9138705676735,0.06581598131538599,13.003759369751362,1324279822.0,91.93253475764256,83.00641411338255,0.012577891440507694,0.012499446857395851,0.01052949748896902,0.009163924840039472
2023-11-22,1185.3267822265625,1188.4288224829827,1177.3855591701267,1178.7752974396924,8534814,1151.8707336425782,1163.5435961914063,1165.4174666285783,1160.4232792142834,73.13965877127819,4.994187414294856,-0.0726899156437538,5.0668773299386105,1192.043351334449,1111.6981159507075,0.06778319412712332,12.292947194003416,1332814636.0,93.5165724940692,86.79532861507278,0.0039093774606135945,0.003901755702310961,0.009706777098228484,-0.004501247503011507
2023-11-23,1188.9500732421875,1191.1835423841578,1185.3268657327444,1185.3268657327444,8531542,1155.2842163085938,1163.02046875,1169.0378676460566,1162.5363750682022,70.83566417707691,6.501492577854378,1.2421465830558727,5.2593459947985055,1195.8972573434132,1114.6711752737745,0.06831748775467138,11.75762497730037,1341346178.0,95.58606462246286,93.67839062472486,0.0030567865924862048,0.0030521241193906447,0.00963356272173407,-0.0005009302476960409
2023-11-24,1188.1558837890625,1192.474021001291,1186.7414260587238,1187.0144298509326,6749486,1159.4384704589843,1162.2193969726563,1171.9791008988268,1164.4341164549326,70.40701747597366,7.544984443894236,2.5027141552235457,5.042270288670691,1195.1234772119615,1123.753463706007,0.06006788711793725,11.486421472195941,1334596692.0,91.67842792939302,93.59368834864169,-0.0006679754440481744,-0.000668198639043152,0.008829533861195995,0.010986325089976434
2023-11-28,1188.404052734375,1191.034607263244,1178.899449291774,1188.1558894990753,13792174,1162.6298461914062,1161.7781616210937,1174.5060165658342,1166.2096672904468,66.99384224701976,8.296349275387456,3.661441179256328,4.634908096131128,1196.560725325999,1128.6989670568132,0.05710327065365027,11.633545039892981,1348388866.0,92.15667946752802,93.14039067312797,0.00020886901180094952,0.00020884720170582,0.008215778060142079,0.01810484329056239
2023-11-29,1191.5308837890625,1197.1145563492605,1190.2156671664848,1195.1540911072586,12531306,1164.8186401367188,1161.278359375,1177.1252269078693,1168.085312957011,74.95132117704401,9.039913950858363,4.737135733576736,4.302778217281627,1200.320721161224,1129.3165591122138,0.05959070219247463,11.562637718220847,1360920172.0,90.12288610365532,91.31933116685879,0.0026311177982716316,0.002627662467432033,0.007067250208631997,0.025159458216512443
2023-11-30,1179.9913330078125,1191.530923348677,1176.2440439527552,1188.5529645510346,28439984,1167.0409423828125,1160.5254321289062,1177.5661663078606,1168.9672403681814,62.57184954802685,8.598925939679248,5.509493774797239,3.089432164882009,1200.3225107583594,1133.7593740072657,0.056409852249866464,11.972108740118822,1332480188.0,69.71025335525414,83.99660630881249,-0.00968464262088975,-0.009731843770307818,0.006980949812234515,0.033481236051683405
2023-12-01,1188.3544921875,1189.3967050711567,1180.0658643673892,1180.2643464861462,14342842,1169.4456481933594,1159.8946020507813,1179.2259087508821,1170.4033330955383,76.71457485321852,8.822575655343826,6.172110150906557,2.6504655044372694,1201.5074790398216,1137.383817346897,0.05396004484729716,11.520090271549666,1346823030.0,84.50407853853295,81.4457393324808,0.007087475090490347,0.007062476985044986,0.007060207196130022,0.025665023112480645
2023-12-04,1201.2093505859375,1215.9999042684663,1190.4887710727894,1215.9999042684663,15590990,1171.9272827148438,1159.7332958984375,1182.607976725506,1172.6852603170494,79.52893301728255,9.922716408456608,6.922231402416568,3.0004850060400408,1205.797861766282,1138.0567036634056,0.05639413152239696,12.845991192366748,1362414020.0,78.45260600477839,77.5556459661885,0.010817360041088797,0.010759270940306348,0.007114966491481891,0.016176324580117196
2023-12-05,1209.919921875,1211.4585824899339,1201.929016778731,1210.5403299982054,12693624,1174.8568542480468,1160.2852124023439,1186.8098144408127,1175.443383395416,81.48808684152483,11.366431045396666,7.811071331012588,3.5553597143840783,1211.2661047401905,1138.4476037559032,0.0601845623563593,13.12074457533512,1375107644.0,90.04068737099907,84.33245730477013,0.007251501401328131,0.007225335682726536,0.007180685351000361,-0.005620045231557458
2023-12-06,1221.5091552734375,1227.3905513904704,1208.5549856031337,1214.560584514323,16422442,1177.8869323730469,1161.2411401367187,1192.1481745689089,1178.855662793788,79.55380831382908,13.292511775120829,8.907359419834236,4.385152355286593,1219.1689841709263,1136.6048805751675,0.06759188274546873,12.787505435970647,1391530086.0,91.32198516550747,86.60509284709497,0.009578512750230361,0.009532929644719803,0.0072395559295137515,-0.011031815692098546
2023-12-07,1219.4989013671875,1221.4345260102064,1212.0291642243994,1220.9630401277734,8142096,1181.1937072753906,1162.254638671875,1196.355978691721,1181.8662730584842,77.24050075396065,14.489705633236781,10.023828662514745,4.465876970722036,1224.7378635316427,1137.6495510191385,0.07141319472684149,12.500357971411177,1383387990.0,88.3558504469079,89.90617432780482,-0.0016457133354845777,-0.0016470690092469605,0.006996790026132767,0.0028896506403566224
2023-12-08,1218.8536376953125,1229.2516522307412,1213.5181285411948,1222.8739302715144,10204894,1184.1679382324219,1163.3991650390626,1199.8171569999658,1184.6060778463975,78.95934773131313,15.211079153568335,11.061278760725465,4.14980039284287,1229.523786599216,1138.8120898656277,0.0744237814354083,12.872602749302555,1373183096.0,85.06775162496871,88.248529079128,-0.0005291219788321477,-0.0005292620132654323,0.007011126150387406,0.016227285960959348
2023-12-11,1220.6405029296875,1224.7351961410227,1217.1909371644088,1218.9777608532804,7066138,1187.8606079101562,1164.5590795898438,1203.0207486814616,1187.2752945192337,82.27685129564057,15.745454162227816,11.998113841025935,3.7473403212018805,1232.4208736247608,1143.3003421955516,0.07301128482571975,12.631536851696378,1380249234.0,85.10748497640894,86.17702901609518,0.00146602116867256,0.0014649476087520241,0.006276373794165197,0.025067585967160078
2023-12-12,1203.1201171875,1223.4198198791,1201.1843713898427,1220.9630282642331,9197124,1190.5693054199219,1165.1065258789063,1203.036036143929,1188.4489850872535,62.81572266500765,14.587051056675591,12.515901284155866,2.0711497725197248,1231.6173136415696,1149.5212971982742,0.06823592696231276,12.849568816813937,1371052110.0,50.70229370337271,73.62584343491679,-0.014353436331283831,-0.014457443336785692,0.0073979208314763276,0.05530004180211767
2023-12-13,1208.03369140625,1210.2176004047437,1194.3103140708777,1202.102614795848,10031182,1193.5311218261718,1166.097685546875,1203.8049061842862,1189.899704073846,62.941920499575346,13.905202110440314,12.793761449412758,1.1114406610275562,1230.2035627893451,1156.8586808629984,0.06071426852422243,13.196999032600372,1381083292.0,59.971857787247636,65.26054548900976,0.0040840263150419,0.0040757093164416796,0.0073841084424068155,0.03829172212559717
2023-12-14,1223.0228271484375,1228.3831772791464,1212.3518080035872,1217.9851619285064,16972354,1196.203839111328,1167.2804296875,1206.7615094095402,1192.3532687460379,67.19247758862059,14.408240663502283,13.116657292230665,1.291583371271619,1233.3119509908609,1159.0957272317953,0.06068261532951581,14.232193726550447,1398055646.0,88.24918670067022,66.30777939709685,0.012407878893459401,0.01233153205035035,0.006845130593815858,0.03993271586005109
2023-12-15,1238.63232421875,1240.8161121066785,1225.9511593183302,1229.8969303201395,15932152,1199.5515625,1169.0418920898437,1211.66471168788,1195.7813469292018,72.1567971756579,15.883364758678226,13.669998785520178,2.213365973158048,1239.3280811736831,1159.775043826317,0.0642265148356621,15.093671584812862,1413987798.0,96.61806110392953,81.61303519728246,0.012763046382958443,0.0126822851534168,0.007234333587826388,0.027829057928765444
2023-12-18,1251.239013671875,1258.1379030406688,1236.3243792186838,1238.6323699765335,14165188,1203.657421875,1171.0951953125,1217.7530658392639,1199.889322243474,74.88200546362707,17.863743595789856,14.508747747574114,3.354995848215742,1247.0012770481583,1160.3135667018416,0.06928149570074836,15.784983431278224,1428152986.0,91.57581600556453,92.14768793672143,0.010177910915635469,0.010126464762101656,0.007313206388593635,0.022629912732984314
2023-12-19,1269.6527099609375,1277.4945707453207,1253.3234974409622,1268.1140495332209,16820604,1208.8378295898438,1173.517265625,1225.7376264733675,1205.0569805929158,77.59460157907971,20.68064588045172,15.743127374149637,4.937518506302084,1257.672015898736,1160.0036432809516,0.07692526613895012,17.0382015354611,1444973590.0,92.25499260722701,93.48295657224035,0.01471637000434134,0.014609135024192489,0.007580884238184591,0.011238924737489109
2023-12-20,1254.2913818359375,1289.8780864366483,1250.7426960684581,1276.080186427869,17736722,1212.5168518066407,1175.5933984375,1230.1305119137628,1208.703973277584,75.55470279092489,21.426538636178748,16.87980962655546,4.546729009623288,1263.469654710518,1161.5640489027635,0.0812455600696169,18.741666604908833,1427236868.0,67.59312949796968,83.80797937025375,-0.012098842466514048,-0.012172629221203848,0.008148347204667493,0.03102318164543494
2023-12-21,1271.8614501953125,1277.2962009364337,1249.8741628164655,1254.2170195322976,13765454,1216.8435852050782,1178.216982421875,1236.5506562647704,1213.3823049011196,77.01067097873131,23.1683513636508,18.13751797397453,5.030833389676271,1272.5495097203625,1161.1376606897938,0.08759747299004916,20.028571323239117,1441002322.0,81.87266289520494,80.57359500013388,0.014007963870131368,0.013910759053466521,0.008508747169395675,0.008741167293992769
2023-12-22,1273.102294921875,1280.9689971307214,1264.4661412408368,1270.3973397701047,16541784,1221.0511962890625,1180.76462890625,1242.1739852889402,1217.80600786562,75.14312377539576,24.367977423320326,19.383609863843688,4.984367559476638,1280.4745254180755,1161.6278671600496,0.09335201007183715,19.232674452447572,1457544106.0,82.44618337299828,77.30399192205765,0.0009756131270208801,0.0009751375258441037,0.00852797775861514,0.009824288486981025
2023-12-26,1279.554443359375,1286.453332624264,1271.935783794956,1274.5663382448713,7465664,1225.6211242675781,1183.077509765625,1247.924824992084,1222.3799660503425,74.74416320064731,25.544858941741495,20.61585967942325,4.928999262318246,1288.3582042315084,1162.884044303648,0.09806082154537901,19.537554232826974,1465009770.0,89.19756857086382,84.50547161302235,0.0050680518472365765,0.0050552524994307724,0.008478163022648373,0.013052524730230886
2023-12-27,1283.9222412109375,1290.3992050276352,1277.0977519092014,1281.5150092423955,9204156,1230.3970336914062,1185.4345678710938,1253.4628890257538,1226.9386530992756,73.37786799775446,26.52423592647824,21.79753492883425,4.7267009976439915,1295.6954487898429,1165.0986185929696,0.10171708691150971,19.142260470762476,1474213926.0,93.25940412763734,88.30105202383315,0.003413530291134226,0.0034077174211257916,0.008437972667059111,-0.0013724234259511192
2023-12-28,1293.2034912109375,1296.4047727896045,1283.922210219302,1285.38634910855,12302636,1235.4806640625,1187.9782421875,1259.5768278234743,1231.8471596260654,76.18121331935032,27.729668197408955,22.983961582549192,4.745706614859763,1303.7998096586155,1167.1615184663845,0.1056587707355204,19.356729865138504,1486516562.0,96.86439242657107,93.10712170835741,0.007228825626734547,0.00720282290432875,0.008463980798595037,-0.0034159206178863144
2023-12-29,1282.97900390625,1297.3973111899322,1280.1748079960485,1295.958012986606,10864584,1240.6300476074218,1190.369541015625,1263.17716260544,1235.6347036468198,71.32709791007687,27.542458958620045,23.895661057763363,3.646797900856683,1306.831264435692,1174.4288307791517,0.10319922091742606,19.46308554401974,1475651978.0,86.01345689806955,92.04575115075932,-0.007906325163964278,-0.007937745877260509,0.008319247080147193,0.008801004437228643
2024-01-01,1285.609619140625,1293.848686885263,1277.1223881648045,1280.7952766903763,4030540,1245.4928039550782,1192.702275390625,1266.6283097646992,1239.3365492389535,71.48712250413716,27.291760525745758,24.574880951359845,2.7168795743859135,1309.786301121954,1181.1993067882024,0.10002024908596009,20.118945525722925,1479682518.0,88.56529690492454,90.4810487431884,0.002050396168889357,0.0020482969756267836,0.008304277468851156,-0.0011195708504807556
2024-01-02,1296.255859375,1297.8937610136477,1277.0480485996618,1283.0039664322292,7448800,1250.2451293945312,1195.5581372070312,1271.1863943201301,1243.5527944342161,82.26991809150714,27.63359988591401,25.18662473827068,2.446975147643329,1314.8068535234506,1185.6834052656118,0.09961262456325307,20.019678663203536,1487131318.0,98.41876121332704,90.99917167210704,0.008281083212096307,0.00824698317002725,0.008213133207197512,-0.01194621528651485
2024-01-03,1282.16015625,1307.3238832997818,1279.132516403198,1295.412048372221,9037536,1253.8571411132812,1198.3092749023438,1272.874665386264,1246.4125990131631,74.14707972849723,26.462066373100924,25.44171306523673,1.0203533078641946,1316.9869840210924,1190.7272982054699,0.09847419232313441,20.897112989111942,1478093782.0,73.50407793866006,86.82937868563722,-0.010874167335911844,-0.010933723234265605,0.008796966648021022,0.025858441259714926
2024-01-04,1288.7860107421875,1295.337616733607,1280.0755785995668,1284.4928354763001,9612778,1257.2209838867188,1201.26291015625,1275.3225646717908,1249.5513702523501,72.65723700885636,25.77119441944069,25.507609336077522,0.2635850833631679,1320.262934903489,1194.1790328699487,0.09783152593418581,20.533723864907934,1487706560.0,77.21856704392489,83.04713539863734,0.005167727650784659,0.005154420770781171,0.008676256519625615,0.04742664975015942
2024-01-05,1294.2705078125,1300.3009471094986,1289.456165302221,1291.8881165287519,8086406,1260.9595642089844,1204.6826000976562,1278.2376328472844,1252.8638989605095,70.60654832756347,25.37373388677497,25.480834246217015,-0.10710035944204321,1323.4483642159926,1198.4707642019762,0.09656219411600916,20.085270394127228,1495792966.0,81.61483568506631,77.44582688921709,0.004255552919257832,0.004246523661193467,0.008620135071378647,0.051290411541853986
2024-01-08,1284.1702880859375,1306.3063750382337,1275.0378087074926,1295.4120337021336,7734652,1264.2253967285155,1207.9523974609374,1279.1503490378464,1255.1828907475783,62.42738831306916,23.96745829026804,25.178159055027223,-1.2107007647591814,1324.2263677985618,1204.2244256584693,0.0934470632543259,20.760630573324097,1488058314.0,59.69763643817,72.84367972238707,-0.007803793461718667,-0.007834402405825931,0.008925624922359043,0.07764705121891091
2024-01-09,1280.7705078125,1293.8239187379374,1279.1326061603381,1290.448874370277,5403074,1267.2318969726562,1211.4663916015625,1279.399604233947,1257.0782697894244,54.73174958278697,22.321334444522563,24.606794132926293,-2.28545968840373,1323.9748452910837,1210.4889486542286,0.0886075186339855,19.934613109335064,1482655240.0,53.779800381220625,65.03075750148565,-0.0026474528378201967,-0.002650963538730125,0.009001448061482958,0.06539423290270974
2024-01-10,1315.3148193359375,1319.7320764251056,1278.0654937339266,1279.0333061103788,11102740,1272.8416320800782,1215.2811572265625,1284.9250219419455,1261.3920882743514,72.32611316306111,23.53293366759408,24.392022039859853,-0.8590883722657736,1324.8864203416,1220.7968438185565,0.07913662569056669,20.11541256097712,1493757980.0,93.67679785736043,69.05141155891702,0.02697150762976075,0.02661418726045938,0.00966113252719592,0.027564860665728164
2024-01-11,1349.9088134765625,1352.489686993197,1318.7394856296971,1319.7321386109766,23725852,1279.9353881835937,1219.3242333984374,1294.9225283318865,1267.9488827337746,75.39153778870184,26.973645598111943,24.908346751510273,2.065298846601671,1333.4418829994572,1226.42889336773,0.07927423583236358,20.812043242212212,1517483832.0,97.06797369323654,81.50819064393919,0.026300923271046495,0.025961001280397075,0.010817405756361942,0.005919453652332818
2024-01-12,1360.6541748046875,1363.2350482099334,1335.8626919019084,1349.9087552154863,15012164,1286.8169555664062,1223.8264111328126,1305.035089327702,1274.815941405694,76.82476468648741,30.219147922008005,25.97050698560982,4.248640936398186,1344.7249628440993,1228.9089482887132,0.0851178915994659,21.58843612922224,1532495996.0,97.17317174157398,95.97264776405699,0.007960064576844506,0.007928550388991677,0.010715815531126608,-0.0023892746758864547
2024-01-15,1383.88232421875,1386.1901939086483,1355.9639593887296,1364.897836134336,8610594,1294.0794555664063,1228.6988500976563,1317.165433157094,1282.8949327251796,78.98507765783175,34.27050043191434,27.630505674870726,6.639994757043617,1362.0940069137469,1226.0649042190657,0.0982952815525513,22.710485107123013,1541106590.0,97.92368855899859,97.38827799793637,0.01707131014197394,0.016927232741962492,0.010913099029991416,-0.047018796545469255
2024-01-16,1364.5255126953125,1386.0413130880693,1360.4308194226976,1379.7627106993223,9069024,1299.7437805175782,1232.9578271484374,1324.4515992398967,1288.9416423525968,70.67203475815062,35.50995688729995,29.206395917356573,6.303560969943376,1371.502224930097,1227.9853361050593,0.10517713849230456,23.58970228904715,1532037566.0,80.50902715678689,91.86862915245315,-0.013987324778040766,-0.01408606926744412,0.01169140754364256,-0.02236971574922708
2024-01-17,1351.5712890625,1376.0898877655304,1345.0694854389078,1349.511582817391,12197382,1303.8397094726563,1236.9626831054688,1328.6238592126049,1293.5808754422192,64.69257530522489,35.04298377038572,30.373713487962405,4.669270282423312,1377.6875453045748,1229.9918736407378,0.10927701177071034,24.913833700212876,1519840184.0,68.85455513690866,82.42909028423138,-0.00949357378245308,-0.009538925012435182,0.011820487644470348,-0.006242733970660552
2024-01-18,1357.8995361328125,1360.92717605878,1341.3222805612156,1341.4712027363942,10279438,1309.0201171875,1240.9025219726564,1333.1278095080215,1298.3452206785594,69.23663274665361,34.782588829462156,31.255488556262357,3.5271002731997996,1382.7690999474657,1235.2711344275344,0.10862214883730907,25.084004579047214,1530119622.0,74.5478626253653,74.63714830635361,0.00468214079532725,0.004671213669067545,0.011259885983701331,0.05855484486439266
2024-01-19,1357.4031982421875,1365.890429247957,1349.015329468004,1365.890429247957,10422704,1313.2972045898437,1244.9833178710937,1336.8624846978933,1302.7198856832727,68.63802678840422,34.1425990146206,31.832910647934007,2.3096883666865935,1387.8895996345186,1238.7048095451687,0.10990455178132888,25.094633226153956,1519696918.0,74.10132439793789,72.50124738673728,-0.00036551886013491686,-0.00036558567843620297,0.011046604673626947,0.029379540923539782
2024-01-23,1318.8138427734375,1361.6716823004633,1312.8332056966303,1361.6716823004633,20055420,1315.582781982422,1248.1722143554687,1334.0857705556693,1303.9120306529144,55.11419520574348,30.17373990275496,31.5010764988982,-1.3273365961432404,1387.7513651692361,1243.4141987956077,0.10944468558965867,27.094116382571606,1499641498.0,39.38380088410007,62.677662635801084,-0.028428808417957585,-0.028840732785632494,0.013134186977092175,0.07380094806207071
2024-01-24,1334.00146484375,1339.5851376107455,1314.1980872328543,1325.4149927095905,21919128,1318.3051330566407,1251.9165014648438,1334.0728004461432,1306.1408776300134,61.69521136052036,27.931922816129827,30.78724576234453,-2.8553229462147023,1388.8405719779391,1247.7696941353422,0.10575016711778529,26.893808059807856,1521560626.0,53.04758510491582,55.51090346231792,0.011516122729174016,0.011450316924409381,0.013295558590147593,0.061594287774497714
2024-01-25,1343.1337890625,1354.1274927557365,1325.390118278632,1333.0831783387705,11808872,1321.2657104492187,1255.80025390625,1335.4667986948134,1308.881093291679,62.12355643031817,26.585705403134398,29.946937690502505,-3.3612322873681073,1390.6864827395466,1251.8449381588907,0.1033713437270955,27.85633208431245,1533369498.0,61.26362491561426,51.231670301543375,0.00684581273665974,0.006822486557903056,0.013334553818967696,0.07732388544456059
2024-01-29,1437.4111328125,1441.8283899094502,1350.1817560391485,1354.474931519067,23893438,1328.476092529297,1261.572529296875,1351.1505424052268,1318.401836959888,72.87073112178653,32.74870544533883,30.507291241469773,2.2414142038690557,1413.7667855652599,1243.185399493334,0.11867264847055904,34.083450975715245,1557262936.0,97.35161478178733,70.5542749341058,0.07019207209119882,0.0678381389917166,0.020209464247890378,-0.006232552420020521
2024-01-30,1397.2830810546875,1449.2484377227322,1394.1066401470152,1449.2235971647833,14093978,1334.1912963867187,1266.1268212890625,1358.2478560436055,1324.2448920780214,66.49057640399096,34.00296396558406,31.20642578629263,2.796538179291428,1421.92898139122,1246.4536113822173,0.12558326397006944,35.7886817789278,1543168958.0,69.64337949922196,76.08620639887452,-0.02791689228070482,-0.02831397640794367,0.02136960424763746,0.014332624269178806
2024-01-31,1416.1435546875,1423.7125336444733,1392.195801594125,1393.6847810610707,15130226,1340.7179931640626,1271.0161352539062,1367.1548866042046,1331.0522004194643,68.88455751012015,36.10268618474038,32.18567786598218,3.9170083187581994,1432.5634805383486,1248.8725057897766,0.12971211438314037,36.99049745555273,1558299184.0,80.66110894891276,82.55203440997401,0.01349796178636642,0.013407675843629492,0.02145399633970618,0.01088229270321106
2024-02-01,1416.1683349609375,1432.745590517861,1407.631543948549,1424.4569627393994,13349362,1346.7136169433593,1275.9570654296874,1374.695417120625,1337.3570992743882,65.56847140795973,37.338317846236805,33.21620586203311,4.122111984203698,1441.9319168358502,1251.4953170508684,0.13447313789164383,35.808173446847945,1571648546.0,75.75043323884638,75.35164056232703,1.7498419108363805e-05,1.749826601281411e-05,0.021468290905834877,0.01645460476633076
2024-02-02,1446.9901123046875,1464.0638152243819,1422.6453963923934,1422.6453963923934,19652588,1354.9551147460938,1281.5759765625,1385.817677918173,1345.4780632025586,65.16275235061903,40.339614715614516,34.64088763274939,5.698727082865126,1455.0558771673877,1254.8543523248,0.1383572169154063,36.57393149014687,1591301134.0,88.71015399997555,81.70723206257823,0.021764204567248813,0.021530745560133072,0.02146677063948136,0.0020923348852763812
2024-02-05,1428.452392578125,1459.6961190035063,1421.007495677393,1450.0177530325548,8814432,1361.9384338378907,1286.5308056640624,1392.3768647889349,1351.6243098229709,60.33751410114925,40.75255496596401,35.86322109939231,4.889333866571697,1462.0898320104081,1261.7870356653732,0.14022364160384854,37.38223627715316,1582486702.0,76.45223889646063,80.30427537842752,-0.012811227643454104,-0.012893999116368042,0.021888109530239043,0.00925970711377877
2024-02-06,1417.309814453125,1431.2565145548228,1409.3933108861847,1431.2565145548228,9047984,1368.090399169922,1291.1704663085939,1396.2127031988102,1356.489902758538,55.2918786900451,39.722800440272295,36.63513696756831,3.087663472703987,1465.826935645127,1270.353862694717,0.13791837956462188,36.78487693063312,1573438718.0,69.08430051432933,78.08223113692183,-0.007800454661908263,-0.007831037351443759,0.022085855066139463,0.026124140677632468
2024-02-07,1431.554443359375,1438.8504181404362,1418.7491963623445,1425.3752031215413,9296568,1375.4596069335937,1296.0225537109375,1401.6498939927433,1362.0502390993406,60.78587667274228,39.59965489340266,37.22804055273518,2.3716143406674774,1468.6747407506812,1282.2444731165062,0.13022925428996332,36.4941705036288,1582735286.0,78.50344452931253,74.67999464670083,0.010050469389959238,0.01000029929775351,0.021910662382427934,0.027198942910444668
2024-02-08,1439.4708251953125,1448.752105824393,1417.0368932886952,1439.3467435794867,14694634,1383.3946228027344,1301.0488525390624,1407.4684987931385,1367.7850973286718,64.3773463118125,39.68340146446667,37.71911273508148,1.9642887293851885,1469.4119547204712,1297.3772908849976,0.1195124352812995,36.543799804277036,1597429920.0,83.73808707992161,77.10861070785448,0.005529920201540195,0.00551468632841969,0.021823389338131584,0.014119398972790798
2024-02-09,1450.0177001953125,1461.1602045826953,1440.2896534634558,1443.31729322881,12556798,1390.1297668457032,1306.2811254882813,1414.0145297780882,1373.8764012447193,64.8622630302452,40.1381285333689,38.202915894738965,1.9352126386299346,1474.7859670405082,1305.4735666508982,0.11676574731936323,36.692691510692626,1609986718.0,90.7121216572238,84.31788442215264,0.007326911261691604,0.007300199842815507,0.02126863623766486,-0.0001197958167435953
2024-02-12,1441.679443359375,1450.2659153474917,1431.7529141646626,1450.017752117624,6674430,1394.7182983398438,1311.2840966796875,1418.2706703290555,1378.898848808768,63.261483988909944,39.37182152028754,38.43669701984868,0.9351245004388602,1480.1401551910299,1309.2964414886578,0.11850325985385153,36.80968446804093,1603312288.0,85.19851772352263,86.54957548688935,-0.005750451759874653,-0.005767049266956896,0.020789010752033776,0.014906896880486187
2024-02-13,1454.3358154296875,1468.1337156942297,1443.3173918995335,1444.8063713272154,7715594,1399.4023803710938,1316.770986328125,1423.8191541906913,1384.4867722621693,73.22051410411933,39.332381928521954,38.61583400158334,0.7165479269386168,1487.2003734842046,1311.604387257983,0.12073964235993273,35.21081273454248,1611027882.0,91.03657781933526,88.98240573336057,0.008778908604551328,0.00874059803977123,0.02079907100245412,0.004044177235047464
2024-02-14,1470.4912109375,1472.749520552248,1446.7916226083244,1446.7916226083244,7117888,1403.7328247070313,1322.413720703125,1430.9994706132773,1390.857471423305,73.3090318075014,40.14199918997224,38.92106703926112,1.2209321507111213,1496.6991579456055,1310.7664914684572,0.12644255544962316,35.25158756068765,1618145770.0,98.4674818295344,91.56752579079743,0.011108435435896347,0.011047189910893164,0.020636942542477058,-0.009231243811359313
2024-02-15,1459.7952880859375,1473.8165098910026,1455.750276105359,1472.4516121931645,10006782,1408.4963134765626,1327.585439453125,1435.429596378302,1395.963976361278,69.81703131646827,39.465620017024094,39.02997763481371,0.4356423822103821,1502.7579658680227,1314.2346610851025,0.12914365892364893,34.4893632255833,1608138988.0,88.6591582309027,92.72107262659078,-0.0072737074332756,-0.007300289823310668,0.02039519763694053,0.0075819639402230354
2024-02-16,1449.843994140625,1466.1483668657747,1447.8339689108675,1465.6271998466532,9767498,1413.4099487304688,1332.3839208984375,1437.647196034044,1399.9550887893777,52.95991602029548,37.69210724466643,38.76240355678426,-1.0702963121178257,1505.3953901913044,1321.4245072696333,0.12689012312025838,28.747920161865945,1598371490.0,70.62937059564702,85.91867021869469,-0.006816910580907831,-0.006840251853232522,0.020313557414984425,0.022628124894229495
2024-02-19,1463.17041015625,1468.6300012389227,1442.8458657695369,1451.3082561823699,6729828,1418.6734924316406,1337.2171459960937,1441.5738443605374,1404.6377051869238,67.98049740674173,36.93613917361358,38.397150680150126,-1.4610115065365434,1509.3224702610448,1328.0245146022364,0.12390761486179032,26.650944297128003,1605101318.0,86.95661927252664,82.08171603302544,0.009191620663659084,0.009149634801087754,0.020349941356419647,0.009039993352406128
2024-02-20,1460.2174072265625,1464.659505178025,1451.0602075132595,1464.1880192365334,7117496,1423.8142028808593,1342.0315161132812,1444.4420848014643,1408.754720152823,63.17120416218633,35.68736464864128,37.85519347384836,-2.1678288252070814,1511.4440301030077,1336.184375658711,0.12002298669838007,25.371127555300664,1597983822.0,79.45288258203715,79.0129574834036,-0.002018222149101634,-0.002020261503799059,0.020371658193617696,0.00994198259987944
2024-02-21,1456.916748046875,1477.5888193115914,1446.8414171157522,1463.170510366537,12720292,1430.7193481445313,1346.7927783203124,1446.3612637622966,1412.3222777746046,61.94356724700603,34.03898598769206,37.0919519766171,-3.0529659889250453,1504.1212966224757,1357.3173996665869,0.10076340817187554,25.773510100052608,1585263530.0,69.68704868880818,78.69885018112397,-0.002260388873158603,-0.002262947408337645,0.018982335590820836,-0.00822718809504297
2024-02-22,1470.8634033203125,1474.0398440634356,1447.2878974462733,1457.3633484018678,18493728,1437.5624450683595,1351.797236328125,1450.1308236942991,1416.658657444657,57.76558317784562,33.472166249642214,36.36799483122213,-2.895828581579913,1497.233306153058,1377.891583983661,0.08113718915026122,24.26325769674674,1603757258.0,90.13803673076708,79.75932266720413,0.009572719437904942,0.00952719128076461,0.018953030139363326,-0.014138565410326764
2024-02-23,1482.6512451171875,1486.5474563697878,1472.4517119404402,1478.556551746289,14438584,1444.5383178710938,1357.3878588867187,1455.1339654516667,1421.5469972722517,68.43971542189504,33.58696817941495,35.8117895008607,-2.224821321445745,1488.201811438368,1400.8748243038197,0.058899210061801176,22.620074105558324,1618195842.0,94.9500947368047,84.92506005212665,0.00801423284464442,0.007982289435052168,0.018960619129771726,-0.0010042912497316703
2024-02-26,1476.3974609375,1483.5446346905887,1471.607959051116,1482.5768223248915,7513106,1446.4876342773437,1362.7551342773438,1458.4052724494873,1425.6099945807887,70.79474784200302,32.79527786869858,35.20848717442828,-2.4132093057297013,1492.2423342968473,1400.73293425784,0.061981547963987645,21.911036389189366,1610682736.0,85.39790934897106,90.16201360551428,-0.004217973849401924,-0.004226894594917116,0.011254361400345443,0.013497457718488315
2024-02-27,1474.73486328125,1488.9297276070065,1467.1907251784094,1472.1291493159843,10826044,1450.3602233886718,1367.789375,1460.9175171928355,1429.248873743786,66.67307695212585,31.66864344904957,34.50051842935254,-2.8318749803029704,1491.4531058200355,1409.267340957308,0.05572918014555243,21.925207727852644,1599856692.0,80.25552273581238,86.86784227386272,-0.001126117932493731,-0.001126752479720746,0.008937213553716888,0.009793620211789866
2024-02-28,1444.930419921875,1480.3185210789975,1439.5205099276588,1472.1042938560004,8647950,1451.7995666503907,1371.9153369140624,1458.4579637665338,1430.4104697569776,51.80328053445548,28.047494009556203,33.20991354539327,-5.162419535837067,1489.742007417929,1413.8571258828524,0.05251801781512744,22.57397905754127,1591208742.0,23.04693977090892,62.90012395189745,-0.020210035106284052,-0.020417051824686665,0.00992520652375076,0.03254618830822675
2024-02-29,1450.0675048828125,1468.1088998815815,1443.8385832706604,1454.2365988812116,23628976,1453.4945251464844,1375.8919067382812,1457.167123938269,1431.8665464329654,50.017059932449044,25.300577505303636,31.628046337375345,-6.327468832071709,1487.5662591771904,1419.4227911157784,0.04699330743703484,22.758331716365433,1614837718.0,32.03149951037009,45.111320672363796,0.0035552472908801924,0.003548942338587882,0.009937289221800743,0.012407574977357116
2024-03-01,1481.1622314453125,1488.979373154373,1451.7548888255137,1452.7475417409498,12132926,1455.2031311035157,1380.1220971679688,1460.8586789393526,1435.5180786561023,61.7002542986921,25.340600283250296,30.370557126550338,-5.029956843300042,1491.2703269684998,1419.1359352385316,0.048701209225123006,24.215393651274812,1626970644.0,84.19465956168567,46.42436628098822,0.021443640697963895,0.02121696067265036,0.009902624398637105,-0.0171065153270471
2024-03-04,1496.3250732421875,1501.337897909408,1476.2982516112518,1479.5243736818861,10024420,1458.5967651367187,1384.9627709960937,1466.3150472936347,1440.0223004772938,62.26087836278722,26.292746816340923,29.554995064508457,-3.262248248167534,1496.7766151764051,1420.4169150970322,0.05103149138169508,24.114348934367772,1636995064.0,91.890914786598,69.37235795288457,0.010237124249434348,0.010185079782070556,0.009518156101096941,-0.021211961760155384
2024-03-05,1489.1778564453125,1496.3250301461744,1475.1319146195472,1494.7119691573153,7107668,1462.190167236328,1389.3090991210938,1469.832402547739,1443.663452771221,55.7595020957295,26.168949776518048,28.877786006910377,-2.708836230392329,1497.4229856212476,1426.9573488514086,0.047318482788913735,23.774010411418967,1629887396.0,80.32909208572698,85.47155547800355,-0.0047765134225737915,-0.004787957418955739,0.009371029197383515,-0.04534390985745551
2024-03-06,1491.9573974609375,1497.9133152152726,1467.6373999640691,1482.4775132325713,7805676,1465.2103149414063,1393.686201171875,1473.2362479190003,1447.2407820074964,60.4213933741139,25.99546591150397,28.3013219878291,-2.305856076325128,1499.7342476272463,1430.6863822555663,0.04628005162157308,24.646130516101817,1637693072.0,84.82546617452003,85.68182434894834,0.0018664936519132702,0.0018647539171032254,0.009201956816258699,-0.04758816293252022
2024-03-07,1468.059326171875,1492.056638756749,1464.7091224345347,1491.9325571368477,8315726,1466.6397399902344,1397.456298828125,1472.4397984194427,1448.7828963900429,55.41301735535164,23.656902029399816,27.372437996143244,-3.7155359667434276,1498.97438678754,1434.3050931929288,0.044050872087876336,25.291353256623747,1629377346.0,46.166325002570886,70.4402944209393,-0.016017931430034826,-0.016147605093927347,0.010006578653093092,-0.04104340289008912
2024-03-11,1455.82470703125,1478.060156044582,1452.7475073010382,1478.060156044582,11277130,1466.9300903320313,1400.8943481445312,1469.883630513567,1449.3045119930953,47.80283335367138,20.57911852047164,26.013774101008924,-5.434655580537285,1498.7362507290238,1435.1239299350389,0.043695041365044984,25.257675633349322,1618100216.0,26.37477518160592,52.45552211956559,-0.00833387242770911,-0.008368793295244988,0.010100315603450774,-0.0184951244814322
2024-03-12,1464.5850830078125,1477.0676458601295,1454.2614676999044,1455.8248476863198,9432678,1468.075372314453,1404.3219799804688,1469.0684693588355,1450.4364061423337,51.26254962626047,18.63206321650182,24.537431924107505,-5.905368707605685,1497.62255743864,1438.5281871902662,0.04034888169624931,25.91530995445357,1627532894.0,40.54615359540624,37.695751259861005,0.006017466206097666,0.005999433560723398,0.010075203645038028,-0.03400725511446567
2024-03-13,1421.6527099609375,1472.2034859914554,1417.2850129833478,1468.9029635812572,13522134,1466.4412170410155,1407.0954541015626,1461.7737371437743,1448.3042804992672,41.70656686509115,13.46945664450709,22.323836868187424,-8.854380223680334,1502.1588246525023,1430.7236094295288,0.050248006930564866,27.641815012472744,1614010760.0,5.196367717039042,24.03909883135039,-0.029313676306674474,-0.029751907481035792,0.011925426013091805,0.008082049915255407
2024-03-14,1420.9578857421875,1437.882667347047,1415.0268084821887,1429.1224321842872,18571102,1463.96455078125,1409.8024194335937,1455.494375389684,1446.2786216283723,37.48296161953144,9.21575376131159,19.702220246812256,-10.486466485500667,1504.9766261642533,1422.9524753982466,0.057724547355718574,27.36352303016531,1595439658.0,6.871744174810109,17.538088495751786,-0.0004887439906255953,-0.0004888634648995898,0.011579126061944266,0.01362228229798279
2024-03-15,1407.80517578125,1422.694969713975,1402.5193474045138,1415.4733954219128,19223818,1461.3650451660155,1412.0334057617188,1448.157575449925,1443.4287367508077,31.355157549026003,4.728838699117205,16.707543937273247,-11.978705238156042,1509.4675631313942,1413.262527200637,0.06833689603205861,27.68434940587859,1576215840.0,5.349024398431026,5.8057120967600495,-0.009256227853697174,-0.009299332930539314,0.011638158556016406,0.025947953391821876
2024-03-18,1428.8990478515625,1431.1325169373013,1406.1177116464064,1409.5671563330236,9169392,1460.3177978515625,1414.96818359375,1445.1947250501769,1442.3524634990117,38.98231368695904,2.8422615511651657,13.934487460051631,-11.092225908886466,1510.3497243754493,1410.2858713276757,0.07002863722124089,28.618501523837317,1585385232.0,26.695089446262642,12.971952673167914,0.014983516493044968,0.014872372453551835,0.012148049453125727,0.0014588817381444574
2024-03-19,1414.778564453125,1427.0378036957165,1406.8373411480031,1418.252849649116,8275764,1457.8982055664062,1417.4880346679688,1440.5153157275536,1440.3099524585757,36.852449079157736,0.2053632689778624,11.188662621836878,-10.983299352859015,1511.8743519267025,1403.92205920611,0.07630331377145297,28.641551829191762,1577109468.0,12.405785134320453,14.816632993004697,-0.009882072088765459,-0.009931223845361232,0.012082714580511775,0.04743031541520848
2024-03-20,1433.142578125,1434.3833942099568,1413.5625245390722,1417.458614341769,8488806,1456.5444641113281,1420.2654760742187,1439.3810484040837,1439.7790358412738,47.278549217872595,-0.3979874371900678,8.871332610031489,-9.269320047221557,1511.622544307005,1401.4663839156512,0.07686336451985995,27.214613152016472,1585598274.0,30.98935428997171,23.363409623518255,0.012980132816030832,0.012896612849180526,0.012513829483930554,0.02916023298885606
2024-03-21,1440.3145751953125,1447.1887452733042,1434.060934378195,1441.8532357214951,13006936,1455.71435546875,1423.3883618164064,1439.5246679104266,1439.8187054230543,47.76930748160993,-0.2940375126277104,7.0382585854996496,-7.33229609812736,1511.2672036167298,1400.1615073207702,0.07713988194620143,26.48431676182955,1598605210.0,38.247097935872205,27.214079120054777,0.005004384894973679,0.00499190458109667,0.012576341913105119,0.023294742961238235
2024-03-22,1444.3348388671875,1449.2732629085037,1436.716179238339,1439.321893152815,19527608,1454.3879272460938,1426.6596484375,1440.2646942114668,1440.1532338263235,40.38615968704952,0.11146038514334577,5.652898945428389,-5.541438560285044,1509.6840229740799,1399.0918315181077,0.07656963501808986,24.60183214744414,1618132818.0,42.31542685923079,37.18395969502489,0.0027912400118077496,0.0027873517351344637,0.01238044176425563,0.02194110864350729
2024-03-26,1430.983642578125,1441.7291835759677,1428.4276096750873,1434.3835274360674,11415906,1451.8045471191406,1428.9730249023437,1438.8368401140297,1439.4740048449755,32.779650479919596,-0.6371647309458695,4.394886210153538,-5.032050941099407,1506.3637275598774,1397.2453666784038,0.0762540937818695,23.949516639868712,1606716912.0,29.838674107549274,36.80039963421742,-0.009243837322053361,-0.009286826716003331,0.012332430012274206,0.020827941335288758
2024-03-27,1481.8819580078125,1488.9794509587407,1436.368843691532,1437.3614966588377,16326644,1452.0787719726563,1431.6124877929688,1445.4591659438424,1442.6153347088893,48.43752613941006,2.843831234953086,4.084675215113448,-1.2408439801603617,1507.2105376933105,1396.9470062520022,0.07440776969141488,26.578277336866954,1623043556.0,83.19457972427055,51.78289356368353,0.03556876117604446,0.03495080348859834,0.014855639025110636,-0.020045508999201544
2024-03-28,1474.933349609375,1494.8856495085238,1467.786296896486,1481.90676076149,21854364,1452.0886962890625,1433.8980712890625,1449.9936557385397,1445.0092617385549,46.418127338012425,4.984393999984832,4.264618972087725,0.7197750278971071,1507.237702741428,1396.939689836697,0.07478169297205366,26.351380005497976,1601189192.0,78.39872394429594,63.81065925870524,-0.00468904311904772,-0.00470007116924041,0.01489482531314585,-0.017330215695988693
2024-04-01,1473.8663330078125,1482.9986918329437,1471.6080232736622,1481.509712382751,5013880,1453.5354919433594,1435.6977514648438,1453.6663753184278,1447.1468225733147,51.35165698474628,6.51955274511306,4.715605726692792,1.803947018420268,1509.407284134229,1397.6636997524897,0.0758166340320001,25.211605165288493,1596175312.0,77.24352277542224,79.61227548132956,-0.0007234337753940778,-0.0007236955798808555,0.014112321504772245,0.0008081058725535328
2024-04-02,1476.025146484375,1483.0233977342266,1464.1629930776332,1473.0968689675985,8910166,1454.8333740234375,1437.927744140625,1457.1061862670351,1449.2859576778376,54.93331695295924,7.820228589197541,5.336530299193742,2.4836982900037983,1511.5653184114103,1398.1014296354647,0.0768712437225044,24.750730587649173,1605085478.0,79.5807533750712,78.40766669826311,0.0014647281291491066,0.0014636564612433977,0.014100808191304163,-0.015669558316444232
2024-04-03,1460.7880859375,1473.5436523631188,1458.1079713887636,1471.186101560143,7008292,1453.8146667480469,1440.112080078125,1457.6726323701837,1450.1379671785533,49.101138852803324,7.534665191630438,5.776157277681082,1.758507913949356,1509.2733925334537,1398.35594096264,0.07592987144307754,24.401516083033908,1598077186.0,63.08441196091325,73.30289603713555,-0.010323035879955644,-0.01037668796920263,0.01344866863108267,0.0054192541082076495
2024-04-04,1452.1768798828125,1468.878217464342,1439.3467919062653,1468.878217464342,14490272,1451.6072570800782,1441.997626953125,1456.8271319875112,1450.2889977492391,58.62799032857683,6.53813423827205,5.928552669799276,0.6095815684727741,1503.3302608169745,1399.8842533431819,0.07123512907197675,22.588155550888846,1583586914.0,53.761524870665184,65.47556340221654,-0.005894904358534014,-0.005912347892992242,0.013246311628741698,0.0028879730247381996
2024-04-05,1449.3724365234375,1459.9938949751336,1445.3025839763254,1450.1417667351745,7442298,1449.6169860839843,1443.83701171875,1455.680255762269,1450.2211043251057,57.93702535335967,5.4591514371634275,5.834672423272107,-0.375520986108679,1498.2222689080659,1401.0117032599028,0.06707079781463135,22.0049735604567,1576144616.0,50.72530571339431,55.857080848324244,-0.0019311995654422986,-0.0019330667356291862,0.013223549667204074,0.0032360954982957324
2024-04-08,1475.057373046875,1480.0206375610207,1450.2658910334067,1452.226356281804,8357118,1448.7719848632812,1446.9618823242188,1458.6613507291315,1452.0608279341257,67.55636595828005,6.6005227950058725,5.9878424976188604,0.612680297387012,1494.7970844787933,1402.7468852477691,0.062404487386741786,22.753014898179703,1584501734.0,77.66279476580324,60.71654178328757,0.01772141919922743,0.01756622566738402,0.013880475168220682,-0.013610517334551542
2024-04-09,1452.896484375,1478.8543827139295,1451.7549092714805,1478.060211901015,7071414,1448.0138427734375,1449.3397827148438,1457.7744482131113,1452.1227284112274,56.2298885793781,5.651719801883928,5.920617958471874,-0.26889815658794625,1493.192985369935,1402.83470017694,0.06219182589037987,22.90191976614785,1577430320.0,52.31121878898684,60.23310642272813,-0.015023746924568426,-0.015137746653525349,0.01382355868732511,0.00046109401612892675
2024-04-10,1468.7044677734375,1476.0749645358123,1455.5766564963697,1455.5766564963697,9138330,1448.6578308105468,1451.8511962890625,1459.4559896839307,1453.3510054010208,63.87791632723231,6.104984282909982,5.957491223359496,0.1474930595504853,1494.6653447230246,1402.650316898069,0.06265047178922994,22.981689298808778,1586568650.0,67.80598169881061,65.92666508453355,0.010880323249758295,0.010821558402185778,0.013912629903862666,-0.006386916748665872
2024-04-12,1456.3707275390625,1475.5536963762681,1452.3255942645226,1465.031599863232,15551012,1448.2471130371093,1452.2303881835937,1458.9813339693355,1453.5746885223573,56.16928316781711,5.406645446978246,5.847322068083247,-0.44067662110500105,1493.8003704272146,1402.693855647004,0.0625572273992076,23.15363447315599,1571017638.0,42.04625645533402,54.054485647710486,-0.008397700493873339,-0.008433159838184707,0.013986697556863251,0.008656236502657233
2024-04-15,1454.062744140625,1471.2356878788278,1435.6986653849476,1450.2658952456557,12902062,1449.8676147460938,1453.3659814453124,1458.2246278418415,1453.610840790377,53.74829183981354,4.613787051464442,5.600615064759486,-0.9868280132950442,1493.7112609974376,1406.0239684947499,0.06030502662697161,24.688695569268557,1558115576.0,38.573413434102484,49.475217196082355,-0.00158474992307589,-0.0015860069674781172,0.012209064908706189,-0.003754633476615643
2024-04-16,1454.9810791015625,1460.3662698899807,1440.265047408789,1442.6721581376476,9366184,1451.5687744140625,1454.1427319335937,1457.7256203433371,1453.712339924539,52.95252345655679,4.013280418798104,5.28314813556721,-1.269867716769106,1493.2776815941054,1409.8598672340197,0.05733257673123517,25.227562627199045,1567481760.0,39.95524016751999,40.191636685652156,0.0006315648789145811,0.0006313655257483313,0.012203488524419522,-0.01062596037235708
2024-04-18,1453.56640625,1475.0822062813913,1448.6279823176308,1452.7475160786112,19005692,1453.8568359375,1454.890693359375,1457.0857412520545,1453.7015300227213,56.70692800052815,3.384211229333232,4.903360754320414,-1.5191495249871823,1490.12278317581,1417.59088869919,0.049899264433155295,25.98091939660336,1548476068.0,30.188632060462048,36.23909522069483,-0.0009722963905730575,-0.0009727693773223451,0.011966270701978617,-0.0029706198117238625
2024-04-19,1459.323974609375,1463.1705049395248,1432.4231028577299,1446.0720814485837,15741778,1455.3780822753906,1455.1373706054687,1457.4300848454884,1454.1180073995104,40.845959278590016,3.3120774459780478,4.5851040926519415,-1.2730266466738938,1489.7384159662238,1421.0177485845575,0.04709075474488874,24.034604660973304,1564217846.0,43.067202977822454,37.73702506860149,0.003960994375364457,0.003953170291107384,0.011567925611266428,-0.011954714021552237
2024-04-22,1468.9774169921875,1471.9305352298081,1457.0160218672338,1461.6317610616636,10350362,1458.0880249023437,1455.94787109375,1459.206597483442,1455.2187044063753,47.634997246335104,3.987893077066701,4.465661889534894,-0.47776881246819247,1487.0989114266613,1429.0771383780261,0.03949807013877583,23.16425900029734,1574568208.0,72.24130654367845,48.49904719398764,0.006615009792733995,0.006593226626590641,0.011328041759409067,-0.010017896996168285
2024-04-23,1448.603271484375,1482.5272357774581,1444.8561033979943,1468.1337674689391,14605554,1458.8610595703126,1456.573740234375,1457.5753165605086,1454.728672338079,41.3021093779136,2.8466442224296316,4.141858356113842,-1.29521413368421,1485.8249081981692,1431.897210942456,0.037227375028950314,25.041434987453222,1559962654.0,31.9764314927755,49.09498033809212,-0.013869611113239366,-0.013966692872208423,0.011540028355555447,0.005259224815660435
2024-04-24,1439.5205078125,1457.7605053579202,1438.8504186169605,1452.7475596039474,10462776,1458.821356201172,1456.7330615234375,1454.7976536761996,1453.6021416324804,38.003668143158365,1.1955120437191908,3.5525890936349116,-2.3570770499157208,1485.902274763675,1431.740437638669,0.037624915262451215,25.04498370776511,1549499878.0,14.165308410783622,39.46101548241251,-0.006270014606944763,-0.006289753701393549,0.011588784648500085,0.011291788240577638
2024-04-25,1449.2484130859375,1457.189636393573,1430.9091747445573,1431.9018276580116,15943926,1459.0670349121094,1456.92861328125,1453.9439243546208,1453.2796432216253,46.06530560838847,0.6642811329954839,2.9749275015070262,-2.3106463685115424,1485.6797014975293,1432.4543683266895,0.03672616280980095,25.64236131872256,1565443804.0,35.528723811101074,27.223487904886724,0.006757739970109977,0.0067350087954730735,0.011672067937226737,-0.017791330585130383
2024-04-26,1441.878173828125,1454.2366552962403,1439.346860190818,1453.1943211694756,9413848,1459.6117614746095,1456.7658227539061,1452.0876550428522,1452.4350899332178,46.45846853199142,-0.3474348903655482,2.3104550231325116,-2.65788991349806,1484.1708506402124,1435.0526723090065,0.03406541497247246,24.59653057210439,1556029956.0,21.25031212691946,23.64811478293471,-0.0050855596537233705,-0.005098535122594072,0.011530534384664802,-0.022735950441699848
2024-04-29,1454.2613525390625,1457.1152296530197,1439.3467183436048,1439.3467183436048,7247974,1458.230731201172,1457.0174609375,1452.4220700422693,1452.5703686447619,51.577295758184775,-0.14829860249255944,1.8187042980074974,-1.9670029005000569,1480.5182184524529,1435.943243949891,0.03065128178283522,24.81633059429058,1563277930.0,45.24032349678606,34.00645314493553,0.008588228142784482,0.008551559109909283,0.008341944224622738,-0.043378124415307306
2024-04-30,1456.2218017578125,1472.178648628076,1452.1271085524606,1457.2144546560796,11474262,1457.2951538085938,1457.0551806640624,1453.006644152353,1452.8408451716546,42.82472444896614,0.16579898069835508,1.488123234545669,-1.322324253847314,1478.155741944594,1436.4345656725936,0.02865028955179663,24.0594262398643,1574752192.0,49.038314315275834,38.509649979660445,0.0013480721435161769,0.0013471643100558574,0.00830705150724898,-0.03302647440950146
2024-05-02,1455.7752685546875,1466.4710074185996,1453.368036621592,1461.185178797564,14512646,1456.3906005859376,1456.7608618164063,1453.4325863680967,1453.0582098666941,51.31404601597705,0.37437650140259393,1.265373887917054,-0.89099738651446,1475.739863555903,1437.0413376159722,0.026582760935588038,23.05967605090421,1560239546.0,48.173242683019566,47.48396016502715,-0.00030663818010823185,-0.00030668520320794603,0.008307262637578756,-0.04938464465556813
2024-05-03,1423.46435546875,1464.1134460205978,1405.7455242326487,1460.1925152681529,17226958,1453.7625610351563,1456.0342431640624,1448.8220893066589,1450.8660725038835,32.05353813316144,-2.043983197224634,0.6035024708887164,-2.64748566811335,1475.952467608825,1431.5726544614877,0.031177326623484627,25.573207595699696,1543012588.0,23.07689015961818,40.096149052637855,-0.02219498694878652,-0.02244500198305833,0.009586237624264513,-0.018532083814280398
2024-05-06,1409.095703125,1429.4202480421582,1407.5818831415143,1424.9533097670264,7394208,1451.1779418945312,1455.21927734375,1442.7103375864037,1447.7719710684107,31.544264463457807,-5.061633482006982,-0.5295247196904235,-4.532108762316559,1480.7397481696423,1421.61613561942,0.04195855002545382,25.473940652049578,1535618380.0,4.363251124393783,25.204461322343832,-0.010094142707927745,-0.010145434019560159,0.009575616714997317,-0.011852577492490912
2024-05-07,1391.17822265625,1410.311631866643,1381.772860502106,1405.571689953147,14517472,1448.1280090332032,1453.77943359375,1434.7823199048416,1443.5798415563988,28.11742297177865,-8.79752165155719,-2.183124106063777,-6.6143975454934125,1488.0330370136464,1408.22298105276,0.057368678334039025,24.974065571382216,1521100908.0,9.334941662182676,12.258360982064872,-0.012715588039204029,-0.012797123043211404,0.009848352062089017,0.013271668960346927
2024-05-08,1408.1279296875,1422.4220356245855,1387.2325360419566,1387.2325360419566,9439002,1446.0657836914063,1452.7376440429687,1430.681644486789,1440.9537740105545,35.33250738948033,-10.272129523765443,-3.8009251896041105,-6.471204334161333,1489.7810243355825,1402.35054304723,0.062089870845581145,26.051799650056314,1530539910.0,26.157741649537883,13.28531147870477,0.012183706411740047,0.012110082465888428,0.010353652685667849,-0.0016037610884908071
2024-05-09,1383.88232421875,1413.2896685063718,1379.787630710347,1402.6186490602306,11009612,1441.50703125,1451.2769555664063,1423.4817490609369,1436.7262592111615,30.913551746347608,-13.244510150224642,-5.689642181728217,-7.554867968496425,1491.1117459218021,1391.9023165781978,0.07168920912376821,26.555214923789467,1519530298.0,3.9855063737965737,13.159396561839033,-0.017218325805192114,-0.01736828503439112,0.009896615235904125,0.022397484855466665
2024-05-10,1397.0845947265625,1399.6406275450738,1377.8766636438304,1386.4879762578594,10505096,1438.7164367675782,1449.8013793945313,1419.42064839411,1433.7898396197097,33.620637034321675,-14.369191225599707,-7.425551990502515,-6.943639235097192,1491.7821686614875,1385.650704873669,0.07596638327301192,25.91354076803579,1530035394.0,18.35434884963845,16.165865624324294,0.009540023943340525,0.009494805278869024,0.009868152406181498,0.02008987920139571
2024-05-13,1392.394287109375,1396.6379028351905,1373.8317248456565,1389.6149314683873,8456620,1434.900927734375,1447.996240234375,1415.262746657997,1430.7235023967219,29.305229627402525,-15.460755738724856,-9.032592740146983,-6.428162998577873,1489.8289454983374,1379.9729099704127,0.07889721793960165,26.50913766220234,1521578774.0,17.07757947353904,13.139144898991345,-0.0033572108910882026,-0.0033628589683056633,0.009399298021788315,0.023829057377315
2024-05-14,1409.6414794921875,1416.590049599915,1389.738862101979,1390.6818338615062,7188300,1432.5644653320312,1446.6611206054688,1414.3979363247956,1429.1618710704602,39.29051485083984,-14.763934745664528,-10.178861141250492,-4.5850736044140366,1487.622463812516,1377.5064668515465,0.0781163143699757,25.736284456378907,1528767074.0,36.411667258034015,23.947865193737158,0.012386715848007324,0.012310628156683497,0.009864598016476867,0.028572584018941027
2024-05-15,1405.86962890625,1419.468926315315,1402.6435067088078,1410.063563528233,5046534,1430.1548095703124,1445.2838159179687,1413.0858890296347,1427.4365197990371,40.47215486004734,-14.350630769402414,-11.013215066880877,-3.337415702521538,1485.4689928975056,1374.8406262431192,0.07869034537751123,25.587379661060872,1523720540.0,32.57641706328069,28.688554598284572,-0.002675751700564555,-0.002679337922801413,0.009867625148298613,0.0492665377197512
2024-05-16,1414.8778076171875,1417.0120356183081,1387.75361519461,1408.1278405018506,14711774,1428.1496459960938,1444.682763671875,1413.3615688123352,1426.5062448226038,40.22854794550211,-13.14467601026854,-11.43950725555841,-1.7051687547101295,1482.5748900946357,1373.7244018975518,0.07693278360228174,25.80009100210962,1538432314.0,41.73601084048453,36.90803172059974,0.006407549125266865,0.006387108054016735,0.010020860980772876,0.03851689793151891
2024-05-17,1425.15185546875,1426.6408349602225,1402.8668442157614,1412.5948920294334,10916476,1426.7289184570313,1444.1844506835937,1415.1754590671683,1426.4059196852813,45.321999592227236,-11.230460618113057,-11.39769792806934,0.16723730995628294,1479.8278626205238,1373.629974293539,0.07451689300299516,26.43467640489811,1549348790.0,52.182751273554004,42.16505972577306,0.007261438264315689,0.007235200958637137,0.010204583457694687,0.021278828222458523
2024-05-21,1425.57373046875,1431.231803864575,1415.1260338425998,1415.1260338425998,11176128,1425.04140625,1443.0726806640625,1416.7751931289501,1426.3442760396124,41.40136943150356,-9.569082910662246,-11.03197492458792,1.462892013925675,1475.875621236831,1374.2071912631689,0.07131755292673078,26.315909170081,1560524918.0,52.611717410745094,48.843493174927865,0.0002960210860205592,0.00029597728042358187,0.010144731435620072,0.01397849001995155
2024-05-22,1449.9185791015625,1457.9838844507517,1425.7226630539947,1425.7226630539947,10281604,1424.0884643554687,1442.14455078125,1421.8741755862752,1428.0905207108678,48.334238751664046,-6.216345124592635,-10.068848964588865,3.8525038399962295,1472.0904301866317,1376.0864985243056,0.06621332607643017,27.198667306251455,1570806522.0,82.1323871924146,62.30895195890455,0.01707722870623285,0.016933051947537595,0.010812359583713358,-0.013606973653979226
2024-05-23,1475.1319580078125,1481.2615172416956,1444.3100355832012,1447.8340020088174,14608260,1425.4148986816406,1441.8636328125,1430.0676805742041,1431.5750716217526,54.52330312306559,-1.5073910475484809,-8.356557381180789,6.849166333632308,1477.5567504497858,1373.2730469134954,0.07069449141155285,28.90213236778623,1585414782.0,94.29435811229207,76.3461542384839,0.017389513638671694,0.01724004633421558,0.011049492857991077,-0.04118308735124576
2024-05-24,1469.37451171875,1477.5638984586112,1465.2549777906743,1472.724715385057,7094776,1426.9075988769532,1441.4119750976563,1436.1148853656728,1434.375030147456,62.24840192176627,1.7398552182166895,-6.337274861301293,8.077130079517982,1482.354276238487,1371.4609215154194,0.07546976882929185,25.612203716356785,1578320006.0,88.93509401934463,88.45394644135042,-0.003903004241625929,-0.003910640839606903,0.010980370482991962,-0.033676754465106096
2024-05-27,1455.4774169921875,1473.990419113941,1450.8119965034373,1469.3497180106694,6629010,1427.2190490722655,1441.1603369140626,1439.0937363851365,1435.9381699137325,62.40542292550318,3.155566471403972,-4.438706594760241,7.594273066164213,1483.2608927394767,1371.1772054050543,0.07700819403027812,25.707922124203915,1571690996.0,75.99911563152313,86.40952258771993,-0.009457830264325784,-0.009502839559302746,0.011136951208276355,0.03005962038437282
2024-05-28,1445.5010986328125,1467.6373066821805,1442.0764946111178,1457.2144512745626,7820162,1427.4001953125,1440.9538647460938,1440.0794844232405,1436.6465350040348,65.17397734985214,3.43294941920567,-2.8643753919670587,6.297324811172729,1483.664526850088,1371.1358637749122,0.07784751127592213,25.495210746098596,1563870834.0,66.7127546167829,77.21565475588355,-0.006854327138920202,-0.0068779259369263455,0.011188649885186393,-0.040464821102313975
2024-05-29,1430.1895751953125,1447.287997987601,1427.8815843874524,1435.8724890871501,7383556,1426.1966064453125,1440.2659545898437,1438.5579599266362,1436.1682416848703,56.21938553490337,2.389718241765877,-1.8135566652204718,4.203274906986349,1481.0538232432414,1371.3393896473835,0.07671321026156604,24.367847461635716,1556487278.0,52.460168722442106,65.0573463235827,-0.010592536700236299,-0.010649036958677364,0.011252319368076195,-0.013898807565273619
2024-05-30,1414.3814697265625,1429.817270893488,1409.6663684202383,1424.9532474164846,13206858,1424.10458984375,1440.1205297851564,1434.8384998958556,1434.5544067249957,59.02745208637068,0.2840931708599328,-1.394026698004391,1.6781198688643237,1477.3068791658332,1370.902300521667,0.07523046711347042,23.44078810299639,1543280420.0,37.74534416955981,52.306089169594934,-0.011053153891567913,-0.011114693891274657,0.011468830379405636,0.004737363714486742
2024-05-31,1419.8907470703125,1431.653659822201,1411.800601617005,1420.7841589242364,31069832,1422.3103637695312,1440.0991870117186,1432.5388456150029,1433.4682097135376,57.072488956346774,-0.9293640985347338,-1.3010941781104597,0.3717300795757259,1473.39365320958,1371.2270743294825,0.07195383101897075,23.304294838993005,1574350252.0,42.87360256122532,44.35970515107573,0.003895184900022164,0.0038876183098000283,0.01152813089451513,0.027649505727644463
2024-06-03,1499.228515625,1503.3728901534053,1448.2806515244756,1472.1043222829317,21527942,1426.0985717773438,1441.9276538085937,1442.79879484731,1438.3393434847571,72.64599030785189,4.459451362552954,-0.14898506997777686,4.608436432530731,1487.6969256085358,1364.5002179461517,0.08217340210543271,27.606385782006345,1595878194.0,96.41549860017166,59.01148177698559,0.055875967019565875,0.05437072291173943,0.01627830121711293,-0.02577261417004839
2024-06-04,1387.0091552734375,1487.0437791255476,1349.3131842665355,1487.0437791255476,36709098,1424.9942443847656,1441.0898559570312,1434.2157733744066,1434.5371073209558,46.57968101127754,-0.32133394654920266,-0.18345484529206202,-0.13787910125714065,1488.6341703420687,1361.3543184274624,0.09176568981587876,36.39668177204411,1559169096.0,24.46841683206803,54.58583933115499,-0.07485140469382034,-0.07780091079726084,0.023706615726253107,0.0425113437951683
2024-06-05,1410.3116455078125,1420.6352601794422,1373.9308915121778,1411.5524616660985,17464890,1425.9509155273438,1441.000517578125,1430.5382152410843,1432.7426286681305,50.63388247896246,-2.20441342704612,-0.5876465616428737,-1.6167668654032463,1488.0059705842166,1363.895860470471,0.08800190405366547,38.53089241924105,1576633986.0,39.594039784597484,53.49265173894571,0.016800530945147996,0.016660963065618428,0.023825767038135087,0.029966573108763273
2024-06-06,1421.0819091796875,1433.0929853880773,1410.9072166555904,1424.4569533735907,17855722,1426.598614501953,1440.7593041992188,1429.0833989239463,1431.8788716689864,50.88090455786806,-2.795472745040115,-1.029211798322322,-1.7662609467177932,1488.1386741043427,1365.0585548995634,0.08661015132887497,38.0682438089958,1594489708.0,46.585007091593376,36.882487902752956,0.007636796949228142,0.007607784231275611,0.02373452743016298,0.023505212342426862
2024-06-07,1459.1500244140625,1461.1850112482903,1416.0193060772324,1418.004611799037,18558696,1430.3619995117188,1441.1360131835938,1433.7090336147335,1433.8989570575106,54.474174852472366,-0.18992344277717166,-0.8613541272132919,0.6714306844361202,1490.0819625716626,1370.6420364517749,0.08185582299383519,39.59622341089557,1613048404.0,71.29498236707674,52.49134308108919,0.026788121774310447,0.026435601749952582,0.024021117815980875,0.005170430365293965
2024-06-10,1460.5894775390625,1482.3781598703026,1457.2888339961758,1459.150058153404,9251760,1433.5372436523437,1441.4611059570314,1437.8444865261688,1435.8760326487368,54.59577984455156,1.9684538774320117,-0.2953925262842312,2.2638464037162427,1492.5562819616578,1374.5182053430296,0.08081536833848049,40.23790597176354,1622300164.0,72.22932994141762,63.36977313336257,0.0009865011142895508,0.0009860148418445657,0.023973343749191366,0.006541498145990587
2024-06-11,1445.9727783203125,1462.847878399236,1443.9874724286744,1458.20717740815,11774902,1436.2161682128906,1441.760888671875,1439.094992956037,1436.6239397355203,49.468546514618275,2.471053220516751,0.2578966230759653,2.213156597440786,1492.1555895963502,1380.276746829431,0.07737271713847974,39.270066828089234,1610525262.0,62.74164519314959,68.75531916721464,-0.010007397316991185,-0.010057807918782084,0.02410465918357349,0.0013557995338109308
2024-06-12,1452.5738525390625,1465.1557773484808,1444.4838278075101,1446.7916974833406,10081742,1438.3627868652343,1441.1747265625,1441.1686636611178,1437.8054147580049,46.801312180905796,3.36324890311289,0.8789670790833503,2.4842818240295395,1493.2943039053166,1383.431269825152,0.07563335515652223,38.10724310540896,1620607004.0,67.02639582324264,67.3324569859366,0.00456514418370868,0.0045547555181714786,0.023993374850165762,0.0070900547376631096
2024-06-13,1454.4847412109375,1461.433311890669,1449.3725542618724,1461.1851486521073,9181160,1440.7935424804687,1440.7657543945313,1443.2172909764747,1439.040920421185,47.86537869705111,4.176370555289623,1.5384477743246048,2.6379227809650176,1493.9446291576817,1387.6424558032556,0.07308579481275528,38.0895171740418,1629788164.0,68.26675173646619,66.01159758428612,0.0013155191170037828,0.0013146545798572156,0.02397095869489378,-0.007541414330122342
2024-06-14,1466.6944580078125,1468.8038455887872,1446.518713499826,1459.199879544848,8157998,1443.384375,1440.6223168945312,1446.8291628274499,1441.089330612787,51.61591087293312,5.739832214662783,2.3787246623922407,3.3611075522705427,1496.2673927096316,1390.5013572903686,0.07211183954627017,38.02571070821734,1637946162.0,76.19206661780295,70.49507139250392,0.008394530689067148,0.008359492565498198,0.02399438613978053,-0.0244155696290711
2024-06-18,1470.1439208984375,1476.4720837189377,1460.5399547367645,1476.4224025999808,7196766,1445.6339782714845,1440.5046923828124,1450.4160486845249,1443.2415224857982,53.618047040257316,7.174526198726653,3.3378849696591235,3.8366412290675296,1499.076221863134,1392.191734679835,0.0727034174436333,37.33794763043953,1645142928.0,78.43110950753535,74.29664262060149,0.0023518619517457484,0.002349100653040493,0.023963661004216832,-0.018146258965165973
2024-06-19,1447.9332275390625,1476.571240472528,1445.3026730272272,1476.571240472528,8725874,1446.751953125,1440.2475952148438,1450.0340762006076,1443.5890561934475,52.55338613824948,6.44502000716011,3.959311977159321,2.485708030000789,1499.3561840942095,1394.1477221557905,0.07266112824638576,38.18524433366468,1636417054.0,64.01417080745712,72.87911564426513,-0.015107836072132064,-0.015223122049048098,0.02426133944051134,0.037963173026882346
2024-06-20,1462.8726806640625,1471.9554798675892,1439.446094050177,1448.280730003189,16113776,1447.399658203125,1440.4615112304687,1452.0092461180623,1445.0174728209004,56.995578363883936,6.991773297161899,4.565804241159837,2.425969056002062,1500.4848612148733,1394.3144551913767,0.07257665511622043,39.04139997954597,1652530830.0,73.71135479135586,72.0522117021161,0.010317777671551509,0.010264912725073804,0.024072853196604467,0.03857632432574065
2024-06-21,1443.515869140625,1463.8652545834836,1429.9909727182371,1462.7982011333013,31170360,1445.8188537597657,1440.3443798828125,1450.702572736918,1444.9062429186577,53.27733186908004,5.796329818260347,4.811909356579939,0.9844204616804078,1497.285161002169,1394.3525465173625,0.07130688112634728,40.042915955263865,1621360470.0,61.14686791798347,66.29079783893214,-0.01323205483244827,-0.013320378470721376,0.023930515155239362,0.07646819754488732
2024-06-24,1430.88427734375,1438.8503408924523,1426.9385064042085,1434.9045699529108,8878386,1443.8943420410155,1439.46091796875,1447.653604214892,1443.8675788019978,38.36599057918608,3.7860254128943325,4.606732567842818,-0.8207071549484857,1494.5236581882266,1393.2650258938045,0.07076647210240898,35.26400307335842,1612482084.0,59.22510765318518,64.69444345417483,-0.008750573559260566,-0.008789084655451572,0.023988007745313445,
2024-06-25,1443.46630859375,1445.2282918111714,1430.4128980926341,1432.3982039886682,7045386,1443.2937866210937,1439.272314453125,1447.0094048885626,1443.8378550828684,64.5441594947075,3.1715498056942124,4.319696015413097,-1.1481462097188846,1493.6286831805585,1392.9588900616288,0.06974169921361303,25.614007527649328,1619527470.0,64.11910427407408,61.4970266150809,0.008793185758779076,0.00875475084676918,0.023998431430150517,
2024-06-26,1502.9013671875,1507.8149506909176,1434.5075565031482,1435.425808927042,22014882,1446.163800048828,1439.9562524414061,1455.6081683191683,1448.2129300535819,70.10885097080359,7.395238265586386,4.934804465447755,2.460433800138631,1503.1366661639286,1389.1909339337276,0.07581717251574319,27.514223636256833,1641542352.0,94.92962707953144,72.75794633559688,0.0411752309284259,0.04035010488914333,0.02563791258465346,
2024-06-27,1519.304931640625,1526.2038207675607,1494.9352546835423,1502.6283145931025,28383030,1450.6195678710938,1441.2149365234375,1465.4076703686233,1453.4790042452148,70.82279007985395,11.928666123408448,6.3335767970398935,5.595089326368554,1515.6951230384984,1385.544012703689,0.08566490348600748,28.12045407938209,1669925382.0,93.73878521200339,84.26250552186963,0.010914598130828956,0.01085546380051425,0.025521010049929998,
2024-06-28,1553.89892578125,1569.3842873036351,1519.7764812043604,1519.7764812043604,28957336,1457.595440673828,1443.21166015625,1479.0217096628735,1460.9175169515877,70.38658668320016,18.104192711285805,8.687699979889077,9.416492731396728,1535.0491313101616,1380.1417500374946,0.0996894834680348,28.471429114521534,1698882718.0,89.12894335971257,92.59911855041578,0.02276961880408601,0.02251426004777715,0.025637386846749415,
