date,close,high,low,open,volume,sma_20,sma_50,ema_12,ema_26,rsi_14,macd,macd_signal,macd_hist,bb_upper,bb_lower,bb_width,atr_14,obv,stoch_k,stoch_d,returns,log_returns,vol_20,future_return_5d
2020-01-01,1866.11376953125,1880.1464732577829,1854.4052770234578,1866.4580504117255,1354908,,,1866.11376953125,1866.11376953125,,0.0,0.0,0.0,,,,,0.0,,,,,,0.04043662922271474
2020-01-02,1857.547607421875,1876.745996512282,1850.2729394763949,1876.745996512282,2380752,,,1864.7958984375,1865.4792390046296,,-0.6833405671295623,-0.13666811342591245,-0.5466724537036498,,,,,-2380752.0,,,-0.004590375061391261,-0.004600943186500542,,0.026278715360356086
2020-01-03,1894.5670166015625,1913.8084951267283,1863.0146574243095,1863.0146574243095,4655761,,,1869.3760704627405,1867.633889196995,,1.7421812657455575,0.23910176240838157,1.503079503337176,,,,,2275009.0,,,0.019929184604354555,0.019733198027547895,,0.005862002734097871
2020-01-06,1894.395263671875,1916.348537000317,1883.5907675068115,1898.3124584005645,3023209,,,1873.2251771102997,1869.6162132321713,,3.6089638781284066,0.9130741855523866,2.69588969257602,,,,,-748200.0,,,-9.065550502174169e-05,-9.065961448040231e-05,,-0.0045900846233422055
2020-01-07,1899.0443115234375,1906.6201749296001,1880.0611449699365,1894.4383446306774,2429317,,,1877.1973516353978,1871.7960723648578,,5.401279270540044,1.8107152025499182,3.590564067990126,,,,,1681117.0,,,0.0024541065640923954,0.0024511001622608136,,0.0004757995627813205
2020-01-08,1941.5731201171875,1945.6624549228884,1895.7726123300868,1898.3122624358268,5197454,,,1887.1013160172115,1876.964742568734,,10.13657344847752,3.475886851735439,6.660686596742082,,,,,6878571.0,,,0.022394847943085994,0.02214776544913886,,-0.012570851084417023
2020-01-09,1906.361572265625,1938.7317543524014,1902.6165190257352,1935.976876542589,3734173,,,1890.0644323631213,1879.1422855092444,,10.922146853876939,4.965138852163739,5.957008001713199,,,,,3144398.0,,,-0.018135576500686867,-0.018302041768713244,,0.011041361948973982
2020-01-10,1905.6729736328125,1923.2785928420933,1900.8948670525256,1918.1131176598853,1915807,,,1892.4657464046122,1881.1075216665458,,11.358224738066383,6.243756029344268,5.114468708722115,,,,,1228591.0,,,-0.000361210928100153,-0.0003612761804811643,,0.00250716261255568
2020-01-13,1885.6998291015625,1910.3218011527208,1880.8355472356702,1909.3749234875156,2843893,,,1891.4248360502968,1881.4476925876581,,9.97714346263865,6.9904335160031446,2.9867099466355063,,,,,-1615302.0,,,-0.010480887753356205,-0.010536199071331563,,-0.009130966367512316
2020-01-14,1899.9478759765625,1919.6629000364817,1889.7031004168168,1889.7031004168168,2948452,,,1892.73607296203,1882.8180765423917,,9.917996419638257,7.575946096730167,2.34205032290809,,,,,1333150.0,,,0.007555840359697363,0.0075274379774480475,,-0.01624447062531853
2020-01-15,1917.1658935546875,1920.6957187518296,1889.0140978490783,1905.1992943064988,2620681,,,1896.4945068993618,1885.3623592840434,,11.132147615318445,8.287186400447823,2.8449612148706223,,,,,3953831.0,,,0.009062363128922613,0.009021546328624737,,-0.008980974278757103
2020-01-16,1927.410400390625,1936.1916633633675,1906.920646665122,1917.2085060855682,3117214,,,1901.25079820571,1888.477028995642,,12.77376921006794,9.184502962371846,3.5892662476960933,,,,,7071045.0,,,0.005343568269380539,0.005329342065081841,,-0.01915063486480062
2020-01-17,1910.4508056640625,1940.1091960363165,1905.199155910038,1929.089475194495,3281059,,,1902.6661839685335,1890.1047161562658,,12.561467812267665,9.85989593235101,2.7015718799166546,,,,,3789986.0,,,-0.008799161155883195,-0.00883810237608062,,-0.013853308535691666
2020-01-20,1868.4815673828125,1930.3380056865112,1856.2995291437408,1889.6168015512435,5817599,,,1897.4070121861148,1888.5030014323063,,8.904010753808507,9.66871889664251,-0.764708142834003,,,,36.59804207314801,-2027613.0,19.088709928965347,,-0.0219682381544819,-0.0222131331500035,,0.0017627035551524006
2020-01-21,1869.084228515625,1882.42837300351,1857.8923653967538,1868.137140639768,1902980,,,1893.0496608521933,1887.0645738088485,50.593971723585895,5.98508704334472,8.931992525982952,-2.9469054826382326,,,,36.51195717117879,-124633.0,19.72049962826855,,0.0003225405823279459,0.0003224885772965099,,0.008133604867126998
2020-01-22,1899.9478759765625,1902.6167890301438,1871.3656205491461,1877.650324377712,1773686,,,1894.1109247174809,1888.0188924879385,57.78420716173721,6.092032229542383,8.364000466694838,-2.271968237152455,,,,37.016207419652474,1649053.0,48.843909766569446,29.21770644126778,0.01651271087202333,0.016377858555080938,,-0.021481430700742044
2020-01-23,1890.499267578125,1913.6241557817686,1884.243478995364,1906.7644021576966,2069866,,,1893.55528515758,1888.2026239761005,49.16909159085729,5.3526611814795615,7.761732609651784,-2.409071428172222,,,,35.096192354048995,-420813.0,38.27061181783941,35.61167373755914,-0.004973088218844457,-0.004985495173071504,,-0.024235857627411983
2020-01-24,1883.9847412109375,1890.4994327121674,1872.422401429644,1890.4994327121674,1319430,,,1892.0828937811734,1887.8901882157181,47.92718169066965,4.192705565455299,7.047927200812487,-2.8552216353571884,,,,34.0475681961217,-1740243.0,30.980646420763374,39.36505600172408,-0.0034459290616563054,-0.0034518799500310596,,-0.047792404664030785
2020-01-27,1871.775146484375,1892.6564958676415,1868.1079599578986,1889.4207430501624,1549101,,,1888.9586249662814,1886.6964814208038,44.729181243865995,2.2621435454775565,6.090770469745501,-3.8286269242679447,,,,33.903961478270226,-3289344.0,17.317715602449777,28.856324613684183,-0.0064807290948198926,-0.0065018201927981864,,-0.030771022713414253
2020-01-28,1884.28662109375,1887.7812760778884,1856.8905820692617,1875.8736642279623,1743024,1893.7004943847655,,1888.239855139738,1886.5179732484294,37.473608121518865,1.7218818913086125,5.216992754058124,-3.4951108627495113,1936.5437737651562,1850.857215004375,0.045474270103899476,32.54687943654345,-1546320.0,33.39363224715853,27.23066475679056,0.0066842829027164985,0.006662042137787783,,-0.03480262729983963
2020-01-29,1859.13427734375,1887.0479127340807,1855.1650028407153,1885.3653633520757,2306761,1893.3515197753907,,1883.7620739403553,1884.4895513295642,39.19798034598117,-0.7274773892088433,4.028098725404731,-4.755576114613574,1937.241829460326,1849.4612100904553,0.047215857638474516,32.041615779537246,-3853081.0,4.672802640962112,18.461383496856804,-0.013348470168195625,-0.013438361836505718,0.011846455108857247,-0.003736171726013926
2020-01-30,1844.681396484375,1868.1081651922416,1833.5934646806065,1863.793827628287,2098567,1892.7082092285157,,1877.7496620240506,1881.5407991188094,36.87609695500735,-3.791137094758824,2.46425156137202,-6.255388656130844,1939.1132688262699,1846.3031496307615,0.05031227580675312,32.90811397397062,-5951648.0,10.409665936232608,16.15870027478442,-0.007773984394513267,-0.007804359336488158,0.011930763406383693,-0.004443795937301265
2020-01-31,1793.944580078125,1850.2898656281682,1787.5162598295744,1846.0185033027672,3287223,1887.6770874023437,,1864.8565724939083,1875.052190300981,32.56478427644441,-10.195617807072722,-0.06772231231692859,-10.127895494755794,1951.7056105427098,1823.6485642619775,0.07138294443586182,35.28578196550942,-9238871.0,4.21272465705684,6.431731078083853,-0.027504379077571417,-0.02788970640720226,0.01240709665803172,0.02765678864593979
2020-02-03,1814.1787109375,1893.7350431921934,1806.154001974521,1856.890647294887,4728073,1883.666259765625,,1857.059978408307,1870.5430436814638,34.06476867665927,-13.483065273156853,-2.7507909044849135,-10.73227436867194,1955.4971849598805,1811.8353345713695,0.07918836745376204,39.98773854973437,-4510798.0,17.472926185539123,10.698438926276191,0.011279128176018505,0.011215993105294364,0.01278532898959119,0.02827580489837267
2020-02-04,1818.70849609375,1843.6884615345225,1800.4589375198532,1837.044425659397,3509339,1879.6494689941405,,1851.1597503599137,1866.7034475638554,30.802271460844864,-15.543697203941747,-5.30937216437628,-10.234325039565466,1956.65777072173,1802.641167266551,0.0846846010704729,40.81258877201422,-1001459.0,20.441468025564465,14.042372956053475,0.002496879237387395,0.0024937672135796666,0.012786131438605509,0.02165830137339375
2020-02-05,1852.188232421875,1860.9462530846536,1815.7320813703093,1824.9647212795696,2439322,1875.180224609375,,1851.317978369446,1865.6282464422272,36.55138156861759,-14.310268072781128,-7.10955134605725,-7.200716726723877,1947.275075990403,1803.0853732283472,0.0778482986977608,41.951385558878414,1437863.0,42.38202252314963,26.76547224475107,0.018408522531254023,0.018241136775978807,0.012410049089652271,0.011273813978741165
2020-02-06,1836.4840087890625,1876.0463547017441,1825.3960778687367,1850.8506674679463,2640065,1871.686346435547,,1849.0358292032333,1863.4694140234742,36.716194623388056,-14.433584820240867,-8.574358040893975,-5.859226779346892,1944.1902818098722,1799.1824110612217,0.07895950634727579,43.075688180787616,-1202202.0,34.28591960232425,32.36980338367945,-0.00847874063657017,-0.008514889634978748,0.01193963991321856,0.02988212883704766
2020-02-07,1843.559326171875,1856.0277175677377,1828.4159616578504,1845.6733091015299,2083442,1868.5806640625,,1848.193290275332,1861.9945927011336,44.882827594654756,-13.801302425801623,-9.619746917875505,-4.181555507926118,1940.27156672731,1796.88976139769,0.07777444603713962,39.75949384986739,881240.0,44.44056886263594,40.36950366270327,0.0038526430662892963,0.003845240643494867,0.012003328392053668,0.022302293179419008
2020-02-10,1865.47607421875,1869.833596582946,1828.4159626946296,1847.3126738917822,2383032,1867.5694763183594,,1850.8521801127808,1862.252480220957,49.318778731157394,-11.400300108176225,-9.975857555935649,-1.424442552240576,1938.812801245405,1796.326151391314,0.07638085088481421,40.96532429855027,3264272.0,61.81993109940623,46.84880652145548,0.011888279230148235,0.01181816875354485,0.012171947882232432,0.01910341460988696
2020-02-11,1858.0986328125,1876.5641221446606,1853.0941702653001,1866.3822443750944,1335820,1865.4770141601562,,1851.9670189896608,1861.9447878203307,41.32994653005151,-9.977768830669902,-9.9762398108825,-0.0015290197874016087,1935.1573701494178,1795.7966581708945,0.07500178382219723,40.246566538896104,1928452.0,55.96982841512373,54.07677612572197,-0.00395472314451395,-0.003962563740506727,0.01204402821694844,0.02895415865828066
2020-02-12,1873.0694580078125,1885.3653187824807,1855.1649589850497,1856.1141974145087,1620407,1863.2721923828126,,1855.2135480693764,1862.7688374638478,46.469781066183955,-7.5552893944714015,-9.49204972760028,1.9367603331288787,1928.7286499394831,1797.815734826142,0.06989218395167228,40.30511532539799,3548859.0,80.54432132343638,66.11136027932211,0.008057067009759278,0.00802478214364278,0.012001654187432842,0.011793197227483843
2020-02-13,1891.362060546875,1895.719582830775,1873.285031554671,1874.9675807681836,1645948,1861.469775390625,,1860.7748576812992,1864.8868539885166,51.42615362771952,-4.111996307217396,-8.416039043523703,4.304042736306307,1921.2271075496346,1801.7124432316155,0.06318973337313444,40.63176486400078,5194807.0,95.97283875947939,77.49566283267983,0.009766110093172076,0.009718729870554702,0.012166124083549102,-0.01603565190688183
2020-02-14,1884.6749267578125,1908.6626825312246,1873.2851192474182,1887.9538649992403,1500115,1860.1809814453125,,1864.451791385378,1866.3526371566127,52.548140379072315,-1.9008457712345717,-7.113000389065878,5.212154617831306,1916.5035056369854,1803.8584572536395,0.059768953671564,41.405266819291036,3694692.0,80.19936929273655,85.57217645855077,-0.0035356180228808265,-0.003541883091902491,0.012041937266712313,-0.03152178890473811
2020-02-17,1901.113037109375,1912.9774665932075,1889.8525728125126,1895.6769291045757,1774724,1861.8125549316405,,1870.0919830352238,1868.927481597558,53.27300926985705,1.1645014376658764,-5.457500023719527,6.622001461385404,1920.9668932731117,1802.6582165901693,0.0622312689322407,41.2203986640602,5469416.0,90.54334818643156,88.90518541288249,0.008721987074896242,0.008684170278284642,0.011095188320713583,-0.02137785751793475
2020-02-18,1911.8983154296875,1916.4283689808578,1886.2711974724034,1898.2649692768277,2486223,1863.9532592773437,,1876.523726480526,1872.110506325864,60.87106767460202,4.413220154661985,-3.483355988043225,7.896576142705211,1927.1745475856567,1800.7319709690307,0.06613457190489169,41.09713163656655,7955639.0,96.4859363624103,89.0762179471928,0.005673138897996033,0.005657107250116224,0.01114430287030309,-0.04158854102320153
2020-02-19,1895.158935546875,1924.194339863832,1890.1110768931499,1911.8984791718772,1760463,1863.7138122558595,,1879.3906817215027,1873.8177973792722,60.30290406048911,5.572884342230509,-1.6721079219884782,7.244992264218987,1926.3950589360463,1801.0325655756726,0.066148802091999,41.066314669355634,6195176.0,78.75635631516988,88.59521362133724,-0.008755371427298098,-0.00879392488992835,0.010741041101482754,-0.04136400169479937
2020-02-20,1861.0328369140625,1910.7338830783842,1856.2438797173909,1902.1915783088848,2317278,1862.2404907226562,,1876.5663979049734,1872.870763270738,64.68934873679888,3.6956346342353754,-0.5985594107437076,4.294194044979083,1923.642997513117,1800.8379839321954,0.06598755870667773,40.474628780955605,3877898.0,48.954380271320446,74.73222431630022,-0.018006985056883806,-0.018171083745519026,0.011427576017225079,-0.07263094794485037
2020-02-24,1825.2666015625,1880.1448406846946,1817.802672308403,1860.3420763914808,3092877,1859.3045837402344,,1868.674121544593,1869.344529070128,52.273143608062355,-0.6704075255349835,-0.6129290337019627,-0.057478491833020784,1921.932368552554,1796.676798927915,0.06862316415443934,37.79975058540011,785021.0,20.048962198774877,49.25323292842174,-0.019218486983211713,-0.019405562859573646,0.012146984243847072,-0.05391556402558917
2020-02-25,1860.4713134765625,1878.1600937811284,1821.5129377043093,1825.3958406979943,2674567,1858.7393920898437,,1867.4121510725884,1868.687253840975,57.605301729613494,-1.2751027683866596,-0.7453637806389022,-0.5297389877477574,1921.096757393146,1796.3820267865415,0.06703394441140657,38.75815287555367,3459588.0,41.248663569468725,36.750668679854684,0.019287435536225805,0.019103790555113256,0.012933303495052022,-0.0556313927561487
2020-02-26,1832.38525390625,1867.1586408194346,1823.1955899052696,1858.6163380149562,2686842,1856.1443237304688,,1862.0233976623824,1865.9982168087731,46.32147596040688,-3.9748191463907006,-1.391254853789262,-2.5835642926014386,1918.3448261481053,1793.9438213128324,0.0678902018939941,38.6687871041123,772746.0,13.706507222581571,25.001377663608395,-0.015096206733674178,-0.015211314391086828,0.01323455581041256,-0.01902444223863997
2020-02-27,1816.767578125,1829.2359717581285,1800.1141927214535,1829.2359717581285,2349001,1854.0259887695313,,1855.0609638874005,1862.3515028321974,46.336374764922446,-7.2905389447969355,-2.571111671990797,-4.719427272806138,1918.6367721151096,1789.415205423953,0.0711271866842318,37.35598598638295,-1576255.0,13.421474576672601,22.792215122907635,-0.008523139851707717,-0.008559669521261139,0.013046226460054062,0.00928504813558595
2020-02-28,1725.8642578125,1785.7040911665013,1717.106132602724,1784.4097900615243,4298076,1848.0851318359375,,1835.184547568185,1852.241336534442,33.32513562404897,-17.056788966257045,-5.468247130844047,-11.588541835412999,1934.4885437402222,1761.6817199316529,0.10012770299073155,42.50239238726785,-5874331.0,4.229176217016993,10.45238600542372,-0.050035745577492685,-0.05133092201913749,0.017009602528117677,0.05814575747544959
2020-03-02,1726.8563232421875,1772.2862011026446,1713.3955094593339,1755.9349083390007,2667076,1844.7307189941407,,1818.518666902647,1842.9535577720528,29.122710125160083,-24.434890869405763,-9.26157587855639,-15.173314990849372,1944.2046441938078,1745.2567937944737,0.11520810835368622,43.75046794119601,-3207255.0,6.385620715712722,8.012090503134106,0.0005748223970667432,0.0005746572499564663,0.016026993309516496,-0.01446558126031583
2020-03-03,1756.970703125,1777.5069910764335,1736.0893524494097,1742.9922922205803,2757585,1841.8703186035157,,1809.0497493983937,1836.5844574278267,35.74554234040576,-27.534708029432977,-12.916202308731709,-14.618505720701268,1948.103726874026,1735.6369103330053,0.1209279222260912,45.69194765225926,-449670.0,20.671458936391502,10.42875195637374,0.01743884507210902,0.017288533405113538,0.016347140800223075,-0.04051676413927119
2020-03-04,1797.525146484375,1807.2324037673704,1747.3063109392042,1774.0551976745699,3237002,1840.8111511230468,,1807.2767335654678,1833.691175135719,40.06799596319047,-26.414441570251256,-15.615850161035619,-10.798591409215637,1948.4302537698804,1733.1920484762131,0.11974141542032567,47.815214297311776,2787332.0,39.90991641804043,22.322332023381552,0.02308202594798181,0.022819665522436493,0.017234162129747675,-0.15041751877004284
2020-03-05,1833.6363525390625,1853.2233997676985,1798.2587902573837,1799.6824371579862,3937056,1839.8835571289062,,1811.3320595614055,1833.6871142026334,42.75032355100357,-22.35505464122798,-16.963691057074094,-5.391363584153886,1947.4095340171398,1732.3575802406726,0.11728168100435052,50.175794901623284,6724388.0,57.040564621933704,39.20731332545521,0.02008940243496138,0.019890272901232024,0.01733473534055989,-0.14999644834093584
2020-03-06,1826.2159423828125,1832.4285464688082,1787.5164600452229,1810.29607858088,2595027,1839.3701538085938,,1813.6218876877758,1833.1336940678318,42.67172993151432,-19.511806380055987,-17.473314121670473,-2.0384922583855136,1947.0624002254322,1731.6779073917555,0.11794032010948659,50.943104130911365,4129361.0,53.52042642098833,50.15696915365415,-0.004046827576239309,-0.004055038141603094,0.01725360792469855,-0.1984692749058662
2020-03-09,1701.8763427734375,1794.677660126744,1669.6482693383523,1790.4496945101193,4940975,1832.2860046386718,,1796.4302653932623,1823.410927305284,30.34213882752867,-26.980661912021787,-19.374783679740737,-7.60587823228105,1956.2316550586054,1708.3403542187382,0.14565764539384501,60.10489936013031,-811614.0,12.66099821082589,41.07399641791597,-0.06808592386239876,-0.07051466153198675,0.022939765725301084,-0.15937824541803192
2020-03-11,1685.783935546875,1714.7763633901254,1656.7053473633698,1667.9226231528094,6796449,1823.3013977050782,,1779.4077531092028,1813.2163353231797,27.921449601499972,-33.80858221397693,-22.261543386587977,-11.547038827388956,1962.259022840089,1684.3437725700674,0.16485816741388326,62.09874539715182,-7608063.0,10.870947589869976,25.684124073894736,-0.009455685364506472,-0.009500674182035035,0.022669627484389013,-0.15319637113609885
2020-03-12,1527.1458740234375,1646.6961965549096,1517.2228987467024,1642.8995588611901,8728786,1806.753759765625,1847.9107763671875,1740.5982332498543,1792.025930782458,21.863011090016997,-51.427697532603815,-28.094774215791144,-23.33292331681267,1997.4530616320044,1616.0544578992458,0.24974601982711783,71.70430067068685,-16336849.0,2.521651407917501,8.684532402871122,-0.09410343649524378,-0.09883014777390223,0.030202964893630772,-0.06867481792518038
2020-03-13,1558.597412109375,1570.4186532461188,1299.52147769336,1456.4338918430894,8029720,1791.0301574707032,1841.76044921875,1712.5981069205498,1774.7349293992668,26.78189109069514,-62.13682247871702,-34.903183868376324,-27.233638610340698,2008.6627451982547,1573.3975697431517,0.2792672258232635,87.16195582724151,-8307129.0,44.620308263316524,19.337635753701335,0.020594979576558092,0.020385770545451147,0.03070827176410849,0.002371078388756942
2020-03-16,1463.7681884765625,1589.6173699669473,1446.0362223640063,1514.3321939432717,7844271,1769.6504638671875,1833.8848608398437,1674.3165810060902,1751.700355997585,24.555091404236506,-77.38377499149465,-43.39930209299999,-33.98447289849466,2026.2971839845036,1513.0037437498713,0.3506657982291921,92.96474005771647,-16151400.0,28.38502412670044,25.175661265978153,-0.06084266719298126,-0.06277226023430679,0.03248329219847105,-0.00854785959924409
2020-03-17,1430.63427734375,1493.6236031857848,1400.5633668263586,1492.7607357084967,5713248,1746.9484313964845,1824.6062060546874,1636.8269958272688,1727.9176835047083,19.656461743430484,-91.09068767743952,-52.9375792098879,-38.15310846755162,2038.6817314078532,1455.2151313851157,0.40783770475991704,95.56567436361698,-21864648.0,23.09799431173576,32.034442233917574,-0.02263603717696383,-0.022896165274928125,0.03249554966438908,0.03473690066585
2020-03-18,1427.5279541015625,1478.566585684495,1404.5325151102961,1446.8562063693034,7258778,1723.2691772460937,1815.2688598632812,1604.6271432540832,1705.6665924378085,20.37504794397188,-101.03944918372531,-62.557953204655384,-38.481495979069926,2038.2672845794434,1408.271069912744,0.441319704357872,97.71360433933368,-29123426.0,23.11830089525776,24.867106444564655,-0.002171290938138948,-0.002173651608061126,0.03219929279749039,0.06569665638217703
2020-03-19,1422.2694091796875,1464.9457280046643,1344.3916286068034,1355.6473622071496,5135111,1698.7877319335937,1805.7333618164062,1576.5721072426377,1684.6742084927625,20.688695644172142,-108.10210125012486,-71.66678281374928,-36.43531843637558,2027.852170199808,1369.7232936673795,0.4627315136532486,104.01953564026687,-34258537.0,22.16859407427268,22.7949630937554,-0.003683672117779646,-0.003690473545873393,0.031969972419452,0.09447860058735436
2020-03-20,1562.29296875,1624.482259820397,1414.1426627757016,1416.750178441545,8547498,1682.14443359375,1798.1477587890624,1574.3753167053087,1675.60893147478,38.673378682708034,-101.23361476947139,-77.5801492048937,-23.653465564577687,2002.9576616645934,1361.3312055229064,0.41069534906443067,111.92511789186825,-25711039.0,47.45721128648825,30.914702085339567,0.09845079888983399,0.0939008224810877,0.04071793282318209,0.015049103381197915
2020-03-23,1451.256103515625,1521.050641086659,1406.102671210253,1408.058307748793,7003490,1661.6555969238282,1789.0456494140626,1555.4338992915111,1658.9902034778056,33.43968568664235,-103.55630418629448,-82.77538020117386,-20.780923985120623,1986.6779819867345,1336.6332118609218,0.44791871576016007,118.8750897416137,-32714529.0,27.40366608328649,32.34315714801581,-0.07107301092394747,-0.07372513413287769,0.04301245370499698,0.06516151064583231
2020-03-24,1480.330078125,1538.4341958851667,1419.227253780602,1436.7845890547073,6350865,1644.4087707519532,1780.5387915039062,1543.879465265894,1645.7561201183385,33.35635973778605,-101.87665485244452,-86.595635131428,-15.28101972101652,1969.4833982747443,1319.334143229162,0.4391920860441257,123.7719664752079,-26363664.0,32.654501135547534,35.83845950177409,0.020033662245377837,0.019835628952969867,0.043532787814358605,0.07218947948950372
2020-03-25,1521.311767578125,1573.2012926355121,1460.2089346009172,1477.5923742985472,2765520,1627.4507934570313,1773.2510302734374,1540.407511775468,1636.5380199301744,33.39060306543115,-96.13050815470638,-88.50260973608368,-7.627898418622692,1940.2202827731926,1314.68130414087,0.4111839479347213,127.5624139899528,-23598144.0,40.055900303446556,33.371355840760195,0.027684156431539098,0.027307878999490155,0.043864359000337604,-0.02373881311631465
2020-03-26,1556.6434326171875,1592.3664839814446,1497.192157217009,1591.975292951126,4556067,1613.6637023925782,1766.38494140625,1542.9053457511172,1630.6199023514346,33.328097171617415,-87.71455660031734,-88.34499910893042,0.6304425086130863,1912.3913377299727,1314.9360670551837,0.3838099709644401,130.38213352431794,-19042077.0,48.24892931410688,40.31977691770033,0.023224473636531018,0.02295888971862433,0.04442160673380189,-0.07635619854198816
2020-03-27,1585.8040771484375,1607.9679598380978,1521.3984627879117,1581.892803732615,4331250,1602.11552734375,1759.757705078125,1549.5051505814743,1627.300211595657,35.898902758779315,-77.79506101418269,-86.23501148998088,8.439950475798184,1885.2332146027986,1318.9978400847015,0.3570651524217864,133.2713909926284,-14710827.0,57.81662627084625,48.707151962799905,0.018733027692939386,0.01855972550084615,0.044794574602828104,-0.027021054034179426
2020-03-30,1545.8221435546875,1655.7723831721562,1532.8280667672004,1534.957495371143,8513547,1593.1134216308594,1752.1259399414062,1548.9385341158147,1621.2647991481776,39.84154864032242,-72.32626503236293,-83.4532621984573,11.12699716609437,1871.065956997794,1315.1608862639248,0.3596177432518469,130.86972266123524,-23224374.0,59.31312895872639,55.12622818122651,-0.025212404337895733,-0.025535682320149345,0.04383841197937763,-0.04107396329967328
2020-03-31,1587.1943359375,1612.3134179547578,1547.1255439134602,1597.016018066411,3927593,1586.130322265625,1745.660810546875,1554.8240420883817,1618.741061132572,43.7867362521257,-63.91701904419028,-79.5460135676039,15.62899452341361,1856.8588734068749,1315.401771124375,0.3411410247773346,131.47116968790058,-19296781.0,80.7500707560881,65.95994199522026,0.026763876138865106,0.026411988385916893,0.04438787332768234,-0.03282935567687428
2020-04-01,1485.1976318359375,1594.7133021278632,1479.3307209274415,1587.0211512678543,4941878,1572.5416687011718,1737.9951318359374,1544.1122866649287,1608.8489552587473,47.15311288508732,-64.73666859381865,-76.58414457284685,11.847475979028204,1834.2985655854236,1310.78477181692,0.35248763029695807,127.67270857363266,-24238659.0,52.11948974347451,64.06089648609634,-0.06426226567984605,-0.06642004014334828,0.04610875872550911,0.02955368731095498
2020-04-03,1437.7840576171875,1512.3590461247509,1434.1335782217463,1512.3590461247509,5735369,1554.5546142578125,1729.3691284179688,1527.7540975806608,1596.1774813593725,41.974676153205785,-68.4233837787117,-74.95199241401983,6.528608635308132,1800.1583014341531,1308.950927081472,0.34164196754744236,113.91044374150736,-29974028.0,29.992999773042474,54.28752009086836,-0.03192408417736259,-0.032444769344064914,0.04583797916424351,0.04893615196793233
2020-04-07,1542.9539794921875,1552.2106818374748,1481.9381519797437,1486.2840116629686,5427577,1540.0204956054688,1722.2292504882812,1530.092540951665,1592.2349997395809,55.18882594162933,-62.142458787915984,-72.39008568879906,10.247626900883077,1747.5364855888856,1332.504505622052,0.26898532651208934,111.82797778560352,-24546451.0,63.76834405257761,48.62694452303153,0.07314723050226069,0.07059566812400386,0.04909647973834728,-0.033320018332454016
2020-04-08,1482.3291015625,1569.7243742522928,1478.4613292376248,1529.7424688172953,6285615,1522.826153564453,1714.0658471679687,1522.744319507178,1584.0938220968342,53.26962054815126,-61.34950258965614,-70.18196906897047,8.832466479314334,1681.8072939192016,1363.8450132097046,0.21450181364876256,111.69960697526366,-30832066.0,44.29865074602844,46.01999819054951,-0.039291436255046386,-0.04008417953835539,0.04959811325817987,0.059075337389362215
2020-04-09,1535.0877685546875,1546.0828128496296,1504.7101510235993,1521.4417078767501,5307397,1514.4867248535156,1707.0879077148438,1524.6433116683334,1580.463744056675,56.40096158529973,-55.820432388341715,-67.30966173284473,11.489229344503016,1649.633210461,1379.3402392460312,0.17607655845597323,110.96529559761585,-25524669.0,61.24210862468325,56.436367807763105,0.03559173663700954,0.0349729895634972,0.048526669908428896,0.029725801222525883
2020-04-13,1529.0906982421875,1553.210218990359,1517.5741703173849,1530.6117491001803,2990438,1506.6520629882812,1700.23421875,1525.3275249873877,1576.658333255602,56.35142848256358,-51.33080826821424,-64.11389103991864,12.7830827717044,1615.6181348047846,1397.6859911717777,0.1425240137053593,104.89972054583822,-28515107.0,49.26029115225979,51.60035017432383,-0.003906662821075324,-0.003914313761203711,0.04850982566071013,-0.012277836627240024
2020-04-15,1508.1436767578125,1574.9395175255652,1501.7552843719732,1551.4718757081314,4761399,1505.701953125,1692.7113598632814,1522.6838560289916,1571.583173515025,46.24925317440799,-48.8993174860334,-61.070976329141594,12.171658843108197,1614.2461932249546,1397.1577130250455,0.14394416364003398,95.10290883933082,-33276506.0,40.870398233455376,50.45759933679947,-0.013699005237854944,-0.013793702443011065,0.04372276030049269,0.019796574797002586
2020-04-16,1491.542724609375,1534.0017576266855,1455.9066708994349,1486.2406902748871,6245533,1502.34921875,1685.3595288085937,1517.892912733666,1565.6542513738657,53.210545258796124,-47.76133864019971,-58.40904879135322,10.647710151153511,1608.1211032789913,1396.5773342210089,0.14182883639044555,89.52467949558108,-39522039.0,30.571532381359305,40.23407392235816,-0.011007540199436394,-0.011068571452630219,0.04352037721331502,0.09451908129805431
2020-04-17,1569.898193359375,1609.6628065183957,1523.6582921915412,1564.5093701909723,9895823,1507.6557189941407,1679.8638647460937,1525.8937251376212,1565.9686174468663,56.618082122208534,-40.074892309245115,-54.7422174949316,14.667325185686487,1615.8978686517385,1399.4135693365429,0.1378970306679236,89.4470466244708,-29626216.0,61.25489404591966,44.232274886911455,0.052533170828559905,0.051199802304433835,0.04273377691711819,0.006837624914409091
2020-04-20,1580.719482421875,1590.5845621749102,1566.6823351476917,1590.5845621749102,3244282,1515.159979248047,1675.5993627929688,1534.3284570275064,1567.0612741116818,54.59433689621397,-32.732817084175394,-50.340337412780364,17.60752032860497,1621.7160743687484,1408.6038841273455,0.1348197403848571,83.08346583822963,-26381934.0,66.13729226353881,52.654572896939264,0.006892987779891557,0.006869339747828529,0.042259281280371166,0.009869912197258524
2020-04-21,1510.3167724609375,1559.8160762547022,1501.6684472552001,1534.0886058413487,5122541,1519.2994201660156,1669.5221240234375,1530.6343517095727,1562.857977693108,46.60163920120511,-32.223625983535385,-46.71699512693137,14.493369143395988,1617.6370149295951,1420.961825402436,0.13022115169037882,81.9318021526753,-31504475.0,34.372678672352926,53.9216216606038,-0.04453839580256902,-0.04556070009933728,0.04371874477453208,0.0698644535892663
2020-04-22,1537.999755859375,1555.817780722397,1494.2369696719225,1510.316650645869,3829836,1525.0859375,1663.90794921875,1531.7674908095423,1561.0166279276464,46.48562429244462,-29.249137118104045,-43.223423525165906,13.97428640706186,1612.3834276060384,1437.7884473939616,0.11352081139604589,80.14689600983876,-27674639.0,46.86281252075843,49.124261152216725,0.01832925642038008,0.018163300432259822,0.04379948757294756,0.07694248582499941
2020-04-23,1632.52197265625,1651.4264597614135,1530.481179659398,1547.1258412501666,5934366,1528.5973876953126,1659.5146240234376,1547.2681803244204,1566.313320129765,55.90063174690816,-19.04513980534466,-38.387766781201655,19.342626975856994,1627.1239844524043,1430.0707909382209,0.12070477262462902,80.00410770248587,-21740273.0,91.29999704908627,57.51182941406588,0.06145788803721852,0.05964332924724143,0.0402769782587922,0.07251447252127696
2020-04-24,1580.632568359375,1609.6628243364232,1571.2889706284175,1599.884640664491,2987102,1535.0662109375,1654.3975952148437,1552.4011630990287,1567.3740051838104,49.55972098041098,-14.972842084781632,-33.70478184191765,18.73193975713602,1629.0982895411055,1441.0341323338946,0.11898031267469894,79.6285168187546,-24727375.0,67.42005955230098,68.52762304071523,-0.03178481218996798,-0.032300914954222916,0.037325393334751836,0.06153248759590069
2020-04-27,1596.321044921875,1629.6972661526988,1586.2386723886268,1592.5836695182143,3374741,1540.8657592773438,1649.4528295898438,1559.1580679948513,1569.5182303495928,58.432819186749285,-10.360162354741533,-29.03585794448243,18.675695589740897,1634.991169810544,1446.7403487441436,0.11792792036743059,74.89152514681903,-21352634.0,74.64002757484472,77.78669472541065,0.009925441798775525,0.009876508127125342,0.037178379701653046,0.052352279128140555
2020-04-28,1615.834228515625,1623.613275376776,1592.8445657475825,1621.0057594098969,2678505,1545.5918823242187,1644.4599926757812,1567.8774773057396,1572.9490450285582,64.10914730747506,-5.0715677228186,-24.242999900149666,19.171432177331067,1644.9310189598455,1446.2527456885919,0.12295708914012053,71.50175669868968,-18674129.0,81.79609774858557,74.61872829191043,0.012223846610194267,0.012149738708426705,0.03682857242340954,0.023963667060162175
2020-04-29,1656.3372802734375,1662.3345869800153,1608.0113488770903,1628.8279712781014,4241510,1550.5765747070313,1640.424765625,1581.4866777623085,1579.1259513429936,60.010756186557884,2.360726419314915,-18.92225463625675,21.282981055571664,1661.5718022580231,1439.5813471560396,0.13402491011090212,67.20865769030665,-14432619.0,97.09472109130452,84.51028213824493,0.025066340991563463,0.024757333414532276,0.036882334272560005,-0.0073466057765970705
2020-04-30,1750.9034423828125,1766.1574529822194,1688.1057671968058,1720.9605102877924,5915544,1558.83154296875,1637.9814453125,1607.5507953962322,1591.8502099385357,72.37192349925371,15.700585457696434,-11.997686617466114,27.69827207516255,1701.0298511422666,1416.6332347952334,0.16242849803299061,68.53416681131479,-8517075.0,95.08332888060617,91.32471590683208,0.05709354201926997,0.055523200625460636,0.03865716004024369,-0.060091117859704224
2020-05-04,1677.892822265625,1708.7919252046543,1663.2907982637025,1708.7919252046543,3729348,1565.435076904297,1633.712060546875,1618.372645683831,1598.2237367775795,61.50724522356273,20.148908906251563,-5.5683675127225785,25.71727641897414,1717.044627409697,1413.825526398897,0.1807142250011948,70.23837629931339,-12246423.0,71.55055335404177,87.90953444198415,-0.041698827216780754,-0.04259317381680788,0.039516575527774614,0.0025122772892955947
2020-05-05,1679.89208984375,1718.3529487109527,1674.8943511208931,1699.3180617464882,2905528,1570.0699645996094,1629.6164038085938,1627.8371755545877,1604.2732444121107,62.23038968524673,23.56393114247703,0.2580922183173431,23.305838924159687,1729.9239860655903,1410.2159431336286,0.19031463084137645,70.79712979339092,-9340895.0,72.19495707309028,79.60961310257942,0.0011915347342779103,0.0011908254201587769,0.03918235367865103,0.008666386274462479
2020-05-06,1654.5555419921875,1698.1010312349426,1645.8638233369438,1686.0196271842187,3517431,1578.537860107422,1624.68525390625,1631.9476934680647,1607.997859047672,61.790439115065496,23.94983442039279,4.996440658732433,18.953393761660358,1737.4013292489626,1419.6743909658812,0.19203159411651932,69.30091370370569,-12858326.0,64.02848358948106,69.25799800553769,-0.015082247249535552,-0.015197141042067382,0.036125462406499415,0.024191022669935336
2020-05-07,1644.1688232421875,1681.3693118653628,1636.9546550089183,1660.1181042277117,3166754,1588.8570983886718,1619.3306640625,1633.8278672794681,1610.6771897287472,62.41512414952204,23.150677550720957,8.627288037130139,14.523389513590818,1735.5717627538143,1442.1424340235294,0.17846666630721197,66.89516871293382,-16025080.0,55.138124110577486,63.787188257716274,-0.006277648882970555,-0.00629743617597227,0.03514946704799993,0.005656605883526344
2020-05-08,1645.689697265625,1685.7584909107777,1639.475098468912,1685.410801015146,2686530,1593.9938842773438,1614.341279296875,1635.6527642004153,1613.2707088055529,57.04586957587006,22.38205539486239,11.37824150867659,11.003813886185801,1741.134906572141,1446.8528619825465,0.17881988632398632,61.76397660813705,-13338550.0,55.697432480773486,58.288013393610676,0.0009250108638103605,0.0009245833049053839,0.031555629820482906,-0.0002639174156565671
2020-05-11,1682.108154296875,1696.1017984522011,1659.2488945045843,1659.2488945045843,2449841,1603.9828369140625,1610.7627856445313,1642.7997472921784,1618.3697788419472,58.99728015459254,24.429968450231172,13.988586896987506,10.441381553243666,1746.2496725553285,1461.7160012727966,0.16915301822638606,63.65753904809117,-10888709.0,69.09048643087176,59.97534767407424,0.022129601401625454,0.02188829528918681,0.030107264348190388,0.005322344325002559
2020-05-12,1694.45068359375,1700.5348871255048,1660.335685219267,1680.4570366907315,3256595,1611.9509826660155,1608.1464672851562,1650.7460451847278,1624.0054014161549,68.21735440963448,26.74064376857291,16.53899827130459,10.20164549726832,1755.8130316392408,1468.0889336927903,0.16980376043533954,60.8824081009171,-7632114.0,73.62950796634954,66.13914229266493,0.007337536094422115,0.007310747338945249,0.02933662727166057,-0.0004360655690465176
2020-05-13,1694.5809326171875,1733.1286832641551,1673.720808044299,1733.1286832641551,2656665,1620.2254943847656,1604.8286596679689,1657.4898740204908,1629.2332185421574,66.38468819141457,28.256655478333414,18.882529712710355,9.37412576562306,1763.0539924998793,1477.396996269652,0.1685708783404318,60.727198398730074,-4975449.0,69.62930576058238,70.78310005260123,7.686799308981307e-05,7.686503889701986e-05,0.02928390860289185,0.002026075912510361
2020-05-14,1653.46923828125,1671.5045562483178,1643.6910538412735,1660.1184249204525,2263146,1627.4917724609375,1601.2503393554687,1656.8713146759922,1631.0284792635716,52.467768014270085,25.842835412420527,20.27459085265239,5.568244559768136,1760.7795427569,1494.204002164975,0.161221953466171,55.7232411611514,-7238595.0,42.17216999884304,61.81032790859165,-0.024260685072410637,-0.024559823606439785,0.02974105252923721,0.0467052583863532
2020-05-15,1645.25537109375,1666.5500808364236,1621.1792478470898,1665.333219059684,3173682,1635.1774047851563,1597.8200952148438,1655.0842464325704,1632.0823231028442,58.486436191596475,23.001923329726196,20.820057348067152,2.181865981659044,1752.1918115139265,1518.1629980563862,0.1422446737262193,54.59022908697292,-10412277.0,32.80185565402666,48.20111047115069,-0.004967656486937866,-0.004980036308575731,0.02960000078376351,0.06733065577122654
2020-05-18,1691.0609130859375,1697.4493056545443,1627.1767751996877,1657.5108972663743,3727694,1641.2355407714845,1597.1240283203124,1660.619118225396,1636.4511075460362,61.529493380517394,24.168010679359895,21.489648014325702,2.678362665034193,1756.5532573890412,1525.9178241539278,0.13638505357813377,56.10507427708241,-6684583.0,56.66996200047125,43.88132921778032,0.027840992223436167,0.027460478243828315,0.027999148344555486,-0.0013365171050007119
2020-05-19,1693.7117919921875,1709.1829876756553,1654.0340747591624,1654.0340747591624,3198693,1646.88515625,1596.4611376953126,1665.7102988049023,1640.6926397272325,59.8830283230865,25.017659077669805,22.195250226994524,2.8224088506752807,1760.7821876894052,1532.9881248105946,0.13449399358014347,57.84651736903236,-3485890.0,54.19067614690345,47.887497933800454,0.0015675833352521984,0.0015663559590046675,0.0279964514763162,0.02907137189657827
2020-05-20,1698.0142822265625,1706.0976237155612,1678.979395504149,1694.8852844598855,2778505,1656.2700317382812,1595.2820092773438,1670.6801424082346,1644.9386873197755,55.8241307571577,25.741455088459134,22.90449119928745,2.8369638891716846,1752.319669919059,1560.2203935575035,0.1131317200169015,55.90330237678146,-707385.0,52.99764492692349,54.619427691432726,0.002540272940601218,0.0025370519010214543,0.025591710516803975,0.025952016418534507
2020-05-21,1730.6949462890625,1736.6053573125403,1687.192958831246,1691.408421086188,3400908,1665.9047912597657,1593.9454052734375,1679.9131891591312,1651.291002798982,46.58536907115851,28.62218636014927,24.048030231459816,4.574156128689456,1749.904690574629,1581.9048919449024,0.0970707165869699,51.58846136053234,2693523.0,94.87948519464248,67.35593542282314,0.019246401166689076,0.01906353184681667,0.02561543381700154,-0.00946666607419333
2020-05-22,1756.031494140625,1766.157368383115,1704.663454105012,1718.4398080271558,3663418,1672.0802673339845,1592.3933081054688,1691.6236976178225,1659.0495577131778,65.7387664502607,32.57413990464465,25.753252166096786,6.820887738547867,1763.572688133344,1580.587846534625,0.10420362175125393,49.72283780046041,6356941.0,93.01558455442661,80.29757155866419,0.014639522641404223,0.014533399306024632,0.02221620027800886,0.01232457051971414
2020-05-26,1688.80078125,1759.2036959598558,1673.1556890922543,1751.381149880983,4575317,1677.4886779785156,1589.6450048828126,1691.1894027920036,1661.2533520492386,51.420989994307725,29.93605074276502,26.589811881430435,3.3462388613345837,1758.3960003672846,1596.5813555897466,0.09581630146912154,52.76493846314198,1781624.0,46.64257830935305,78.17921601947405,-0.03828559630903816,-0.039037750053449775,0.022805312662226723,0.05360285069610704
2020-05-27,1742.9503173828125,1747.0353825537281,1687.2798190957337,1702.7076191157978,3482160,1684.8201416015625,1590.466484375,1699.152620421359,1667.3049791109847,62.91261228488835,31.84764131037423,27.641377767219197,4.206263543155032,1761.2062932493864,1608.4339899537385,0.08765155367425984,53.30196386028452,5263784.0,83.99272185669165,74.55029490682377,0.032063898083190434,0.031560581889885864,0.023652017546587897,0.023370442692237647
2020-05-28,1742.0811767578125,1750.5121012403388,1713.3985057841626,1728.3482191243363,3475681,1691.1324890136718,1591.5924291992187,1705.7570137038904,1672.8439567144535,64.71201718292261,32.91305698943688,28.695713611662736,4.217343377774146,1764.3133969678963,1617.9515810594473,0.08401549701652995,52.78045947455108,1788103.0,83.39322406917684,71.34284141174051,-0.000498660585061983,-0.0004987849575997037,0.02360916892795368,0.04659897615668673
2020-05-29,1714.31103515625,1740.6469840065024,1705.6628179005147,1722.6985645234151,7237735,1694.0311767578125,1595.335732421875,1707.0730170042534,1675.9155921545866,59.55695793418276,31.157424849666768,29.188055859263546,1.9693689904032219,1765.991481253846,1622.0708722617792,0.08395244855840828,52.07581421851051,-5449632.0,64.23851196593198,77.20815263060015,-0.01594078506332608,-0.01606920595932098,0.023466533425660234,0.041534685176972674
2020-06-01,1777.673828125,1790.4941136474758,1721.9164295309608,1729.652080659455,3747773,1695.369696044922,1599.7172607421876,1717.934680253599,1683.4532392635062,62.38035927887135,34.48144099009278,30.246732885429395,4.234708104663383,1772.5879944119088,1618.1513976779352,0.08687566542894175,53.91659831169977,-1701859.0,92.42813945320395,80.01995849610425,0.03696108329780112,0.03629440038292232,0.02131082670381269,0.015934334722452537
2020-06-02,1779.3253173828125,1808.7467656570238,1773.1542179703627,1790.667947279619,2443886,1700.4413208007813,1606.0284033203125,1727.3793936580935,1690.5548746797513,61.30860389397508,36.82451897834221,31.56229010401196,5.262228874330251,1785.7288706994264,1615.1537709021363,0.09586504397531241,53.587551581730004,742027.0,84.31420929456036,80.3269535712321,0.0009290170287057364,0.0009285857594695649,0.018802198002995076,0.015138410589347728
2020-06-03,1783.683837890625,1799.0262085014485,1760.8881604714359,1788.6527445668567,3699799,1705.630908203125,1613.08939453125,1736.0416158477137,1697.4533163990752,61.73969824287363,38.58829944863851,32.967491972937275,5.620807475701234,1797.9914701979928,1613.2703462082573,0.1035615842144905,52.0682782110269,4441826.0,86.63791680995534,87.79342185257322,0.0024495354869806807,0.0024465402652005773,0.018797557186110793,0.030594162115935575
2020-06-04,1823.2603759765625,1830.6264254570656,1784.20696966869,1784.20696966869,4048593,1714.0661499023438,1621.00404296875,1749.4598866367674,1706.7723578492594,72.46158968725913,42.68752878750797,34.91149933585142,7.776029451656555,1816.9965620739538,1611.1357377307338,0.11290807777959753,51.786328838921655,8490419.0,96.48309919211007,89.14507509887527,0.022188090313550513,0.02194551625066266,0.01874022762294196,-0.01142704187002952
2020-06-05,1785.514404296875,1828.8828122616105,1778.584218855235,1823.3038459143097,3573289,1721.1334289550782,1628.2689428710937,1755.0067355075532,1712.6051020305642,67.21007882540647,42.40163347698899,36.40952616407893,5.992107312910058,1823.263345629085,1619.0035122810714,0.11439831168903394,52.138311725853214,4917130.0,77.82644447709839,86.98248682638793,-0.020702458177137895,-0.020919758395511894,0.019462125279973364,-0.004272050451584741
2020-06-08,1805.9998779296875,1826.267524683333,1797.5877999980617,1811.6661017532872,2957841,1729.1489379882812,1633.1430810546874,1762.8518343417277,1719.5232335786475,65.03763961299326,43.3286007630802,37.79334108387919,5.535259679201012,1831.5111012676377,1626.7867747089247,0.11335788504781037,50.02978243525331,7874971.0,86.05457856418293,86.7880407444638,0.011473149465226262,0.011407832009096307,0.019508378422778024,-0.020200339971926495
2020-06-09,1806.261474609375,1826.7034245551226,1795.9750562823629,1798.4595626765354,2909439,1735.3566040039063,1640.2431884765624,1769.5302405367504,1725.9482884698125,64.817684400043,43.5819520669379,38.951063280490935,4.630888786446967,1840.7214986519796,1629.991709355833,0.11666627022630775,48.2854578178438,10784410.0,84.52731509930217,82.80277938019451,0.00014484866963959675,0.00014483818008396846,0.019097919957067312,-0.01266853705919635
2020-06-10,1838.254150390625,1858.521801367072,1807.5257763295608,1810.6204494735514,5168397,1742.54677734375,1647.401669921875,1780.1031497450388,1734.2672412046875,67.20853658342203,45.835908540351284,40.32803233246301,5.507876207888273,1855.5106781818058,1629.582876505694,0.12290346339112176,50.081321999721276,15952807.0,89.06615091150563,86.54934819166358,0.017712095524912153,0.01755706430274313,0.019340131350554318,-0.028903355858544977
2020-06-11,1802.4259033203125,1834.9849857021306,1797.3264290354057,1830.6263515318167,2269513,1747.9390258789062,1653.0239526367188,1783.53741952585,1739.3160309910302,58.73448254954491,44.22138853481988,41.106703572934386,3.1146849618854944,1861.5563562116367,1634.3216955461758,0.12607156846051978,49.47527363357306,13683294.0,69.73778143208243,81.11041581429674,-0.019490366477725063,-0.019682808282044058,0.020044905402931436,-0.014291719608305109
2020-06-12,1777.8865966796875,1786.342303067,1753.0423858410647,1753.216688615503,2842642,1754.159893798828,1657.4488159179687,1782.668062164902,1742.1731099309307,52.66641308528994,40.49495223397139,40.98435330514179,-0.48940107117039844,1859.3070053754232,1649.012782222233,0.11828326033051126,48.61024529079769,10840652.0,56.49948974038882,71.76780736132562,-0.013614599410394779,-0.013708127941447552,0.019406220748850758,0.0025006098755413486
2020-06-15,1769.51806640625,1794.8852923346112,1744.2815143545686,1777.5379095575831,2399022,1760.373028564453,1661.123095703125,1780.6449858943402,1744.1986622624358,61.499500530404454,36.446323631904306,40.076747370494296,-3.6304237385899896,1852.2759683538472,1668.470088775059,0.1038734122404771,46.07851465597206,8441630.0,48.02458265154102,58.08728460800409,-0.004707010159740399,-0.0047181230179999395,0.019400100398464945,-0.0009605479952526919
2020-06-16,1783.3787841796875,1807.9178092155557,1770.4771845829816,1800.115896683337,2146528,1764.9889221191406,1665.874228515625,1781.0655702459321,1747.1008935155655,56.5066337422837,33.96467673036659,38.854333242468755,-4.889656512102164,1851.3397123173825,1678.6381319208988,0.0968395396023074,44.55309889535143,10588158.0,50.841608727345246,51.78856037309169,0.007833046769388119,0.007802527726338897,0.018595739067427366,-0.005132503718999759
2020-06-17,1785.1224365234375,1794.7550615929865,1766.5982393989032,1783.5532854963328,2703527,1769.5594543457032,1669.8327905273438,1781.6897035193945,1749.9173041087413,56.90769701905012,31.77239941065318,37.437946476105644,-5.665547065452465,1849.4611227609187,1689.6577859304878,0.08951953858226731,43.91332937663052,13291685.0,51.98230213259746,50.282831170494575,0.0009777240590826963,0.0009772463982364882,0.018598306640184328,-0.0027348028952681736
2020-06-18,1776.6661376953125,1795.059549490019,1765.4208421619967,1782.6810731119187,1944389,1773.4920471191406,1675.6621606445312,1780.9168472387664,1751.898699189228,60.66877390880394,29.018148049538468,35.75398679079221,-6.735838741253744,1845.9638950109172,1701.020199227364,0.08158184180375831,43.42906855311084,11347296.0,40.07873733518729,47.634216065043326,-0.004737097386212752,-0.004748352992037545,0.0186746052819195,-0.010794362603489871
2020-06-19,1782.3323974609375,1821.9088110992639,1771.3486622744997,1780.0659293132521,5681758,1776.0739196777345,1682.5531274414063,1781.1346241960234,1754.1530472093546,50.99314895290444,26.98157698666887,33.99950482996754,-7.017927843298672,1845.7514326803055,1706.3964066751635,0.07818688938363204,41.59885929122072,17029054.0,33.30776217488955,41.7896005475581,0.0031892653579672636,0.0031841904385191654,0.018254109130464248,0.0363153777101044
2020-06-22,1767.818359375,1789.0013636336823,1760.1472272178053,1787.039978291655,3196138,1776.663262939453,1687.0504150390625,1779.0859680697122,1755.165292554958,47.674401963470515,23.920675514754294,31.983738966924893,-8.0630634521706,1845.824476714471,1707.502049164435,0.07824470586386433,41.117544200450425,13832916.0,20.602928822867312,31.32980944431472,-0.008143283546107272,-0.008176621188165529,0.018109781060685552,0.036342091074914595
2020-06-23,1774.2255859375,1781.8095664785683,1752.1708554901772,1766.9902109843727,4205944,1780.934503173828,1692.8883447265625,1778.3382169724487,1756.5771661388499,48.104152452002154,21.7610508335988,29.939201340259675,-8.178150506660874,1836.4546385429978,1725.4143678046582,0.06258520428205072,40.51044869747745,18038860.0,26.211481400945708,26.70739079956752,0.003624369284616513,0.0036178170852152677,0.015643674393496437,0.023018542971267708
2020-06-24,1780.240478515625,1799.4620975615703,1771.000195457869,1773.092361119164,2560937,1782.7990112304688,1697.7913989257813,1778.6308725944757,1758.3300040926852,40.03638051477149,20.300868501790546,28.011534772565852,-7.710666270775306,1835.3746936088144,1730.2233288521231,0.05906582061563226,39.19039973585321,20599797.0,31.47660523367385,26.097005152495626,0.0033901509626503845,0.0033844173557498977,0.014030669570952467,0.02440994176386968
2020-06-25,1757.4881591796875,1795.7569821694756,1751.5168526330187,1773.9638149101372,3043931,1783.5693603515624,1702.3593481445312,1775.378147453739,1758.267645210241,43.024522677610086,17.110502243498104,25.831328266752305,-8.720826023254201,1834.0424688255603,1733.0962518775646,0.05743777926510335,38.7576523165733,17555866.0,11.560409353276471,23.082831995965346,-0.012780475228216681,-0.012862848097316271,0.014371350897998307,0.0699619367267974
2020-06-26,1847.0584716796875,1858.5215943199587,1760.8445608341817,1765.246823873319,6300722,1790.2067321777345,1709.1376440429688,1786.4058896423464,1764.844743467237,57.60411711531942,21.561146175109343,24.977291848423715,-3.4161456733143716,1837.1195231135284,1743.2939412419405,0.05079729922478542,43.06338908470281,23856588.0,89.96559796192612,44.334204182958814,0.05096495929839273,0.04970875099495225,0.01772852665752628,0.03813357162395903
2020-06-29,1832.0645751953125,1854.6860562985216,1823.0423303564878,1837.6001255988656,3076341,1792.92626953125,1715.9480810546875,1793.4303028043412,1769.8239902619093,54.53149659878718,23.60631254243185,24.703095987225343,-1.0967834447934912,1842.9808396434935,1742.8716994190065,0.05464280112168783,43.128771775365244,20780247.0,76.84072154892945,59.45557628804402,-0.008117716203504766,-0.008150844266301619,0.016091799803198848,0.07686827125279505
2020-06-30,1815.065673828125,1840.999543303903,1808.8765419164827,1830.626080643153,3071725,1794.7132873535156,1720.8514306640625,1796.758821423385,1773.175226081629,45.70129377332928,23.58359534175588,24.47919585813145,-0.8956005163755698,1845.2727544094628,1744.1538202975685,0.055710895517420055,41.690391391774064,17708522.0,61.96088053718223,76.25573334934593,-0.009278549237477174,-0.009321863110249637,0.016275995634470554,0.09017125408012827
2020-07-01,1823.696044921875,1842.7867761932632,1812.755831314534,1812.9301341050098,2503466,1796.7138977050781,1725.7109619140624,1800.9030096539218,1776.9175089586843,54.38529377844868,23.985500695237533,24.38045682555267,-0.394956130315137,1848.585269513058,1744.8425258970983,0.05688598377171117,40.912050214881916,20211988.0,69.5154717947243,69.43902462694534,0.00475485334673742,0.004743584737833452,0.016294069021662652,0.06063447783954157
2020-07-02,1880.4454345703125,1887.2885752730463,1828.8828780244116,1832.3697853228375,3758699,1799.5731506347656,1733.11353515625,1813.140305794905,1784.5862441891752,68.66560440997621,28.554061605729885,25.215177781588114,3.338883824141771,1862.690892695933,1736.4554085735983,0.0671306286274559,41.926979705733594,23970687.0,95.21482319842453,75.56372517677703,0.031117789505799243,0.03064344633231498,0.01700528730139108,0.021880983801666032
2020-07-03,1917.493408203125,1922.1572308315222,1883.1474639019482,1886.1112493324065,4185208,1806.172100830078,1740.703408203125,1829.1946292423236,1794.4312193013197,74.38567791138894,34.76340994100383,27.124824213471257,7.638585727532572,1887.9418679835298,1724.4023336766263,0.08528818592401616,41.29183815438838,28155895.0,97.26687043324267,87.33238847546384,0.019701700964951385,0.01951013448996774,0.01660145107433455,0.010320085693335646
2020-07-06,1972.8922119140625,1978.7327393850676,1922.1577505858372,1922.1577505858372,5190366,1814.5167175292968,1747.5108129882813,1851.3019496533605,1807.650552087449,77.47014633500476,43.651397565911566,30.43013888395932,13.221258681952246,1925.1729548910685,1703.860480167525,0.11217666803440325,42.923237323862445,33346261.0,97.42952504093479,96.63707289086733,0.02889126161995592,0.02848177742931791,0.017465059524904267,-0.019088001416662226
2020-07-07,1978.732421875,2007.3251012210274,1945.8247377746334,1983.1783133333547,5630055,1823.1402648925782,1755.4728100585937,1870.906637687459,1820.323283182823,77.73457049087318,50.58335450463596,34.46078200809465,16.122572496541316,1955.7847448135199,1690.4957849716366,0.13407015365448036,45.30491884188463,38976316.0,88.82261244321114,94.50633597246286,0.002960227591588316,0.002955854745512241,0.017438827796322796,-0.043151675877569184
2020-07-08,1934.27490234375,1982.6557495224288,1924.424557771951,1978.8202359567697,2793358,1827.9413024902344,1762.2318872070311,1880.6556014807345,1828.76414386141,70.4664319554376,51.891457619324456,37.94691713034061,13.944540488983847,1969.5379346389914,1686.3446703414775,0.1464079712528815,47.34723915777431,36182958.0,71.4433763253496,85.89850460316518,-0.02246767629608204,-0.022723919941548164,0.01816182627120828,0.006759866158259964
2020-07-09,1921.5914306640625,1956.5911833656771,1909.9974194030056,1943.0794153361971,3443998,1833.8995788574218,1768.34703125,1886.9534213550926,1835.640239180125,67.75994395336771,51.31318217496755,40.620170139266,10.69301203570155,1980.9011322951164,1686.8980254197272,0.15299980119800377,47.06392595333913,32738960.0,66.4851813689136,75.58372337915812,-0.00655722289748939,-0.0065788159288606715,0.01754995658867997,0.016064870343864834
2020-07-10,1937.2821044921875,1961.2545910638219,1896.8774829046092,1922.375491348984,9610320,1841.8693542480469,1773.965927734375,1894.6962956838763,1843.1692662402777,71.54733563434729,51.52702944359862,42.80154200013253,8.725487443466093,1993.3011630638634,1690.4375454322303,0.15633428757192883,49.6012810778631,42349280.0,72.61894519970166,70.18250096465495,0.008165457847979063,0.008132300869366619,0.01711214905875502,-0.0074978820387751055
2020-07-13,1935.233642578125,1956.98318532069,1926.5163739178631,1935.233642578125,2963503,1850.1551330566406,1777.6525317382811,1900.9328105906839,1849.9888496727108,70.7016582295067,50.94396091797307,44.430025783700636,6.513935134272437,2003.0459880374058,1697.2642780758754,0.1580076447793492,49.66043110746565,39385777.0,71.81816495693722,70.30743050851748,-0.0010573895816786694,-0.0010579490124346615,0.017028739522532328,-0.0032195548295719245
2020-07-14,1893.3468017578125,1951.796120738639,1887.2883436351735,1926.5160459278216,2976738,1855.6535339355469,1781.961611328125,1899.7657323087037,1853.2005498271628,63.31448508145134,46.56518248154089,44.85705712326869,1.7081253582721985,2006.3263796230178,1704.980688248076,0.15916032450852,52.23513646459167,36409039.0,55.443852927769825,66.6269876948029,-0.02164433270419519,-0.021882007066875462,0.017984964013084886,0.026746296347516685
2020-07-15,1947.350341796875,1970.1024955699716,1901.32333870818,1904.722987973623,5569321,1863.7649291992188,1787.3107763671876,1907.0864414607302,1860.174608491586,70.81820505704721,46.91183296914414,45.268012292443785,1.6438206767003578,2015.910102074022,1711.6197563244157,0.1562586552704374,54.55767676999897,41978360.0,75.66754790021963,67.64318859497557,0.028522793599632612,0.028123591848415553,0.018844194514535527,-0.017026340503992654
2020-07-16,1952.4615478515625,2038.300835054344,1939.662187294027,1960.5431092421552,8582118,1872.5546997070312,1793.268896484375,1914.0672270593197,1867.0106780738065,64.18457215497324,47.056548985513245,45.62571963105768,1.4308293544555681,2023.822617553453,1721.2867818606094,0.1549509827867013,54.38662052857366,50560478.0,62.584918088065606,64.56543963868502,0.0026246977469761568,0.002621259243219215,0.018725278780949258,-0.028437097226464148
2020-07-17,1922.756591796875,1960.4559030166122,1913.4082325340657,1954.4275796204065,4509135,1879.575909423828,1798.8406518554686,1915.404052403559,1871.140005016256,61.73999637596962,44.26404738730298,45.35338518230674,-1.0893377950037575,2026.1749957530203,1732.9768230946358,0.15248845012897955,55.486902281467415,46051343.0,49.63731099368162,62.62992566065562,-0.015214105541476175,-0.01533102746942353,0.019258006733627625,-0.019697963751637793
2020-07-20,1929.0030517578125,1945.6030153451527,1914.063212510011,1922.9747292492623,2952646,1887.6351440429687,1804.5069189453125,1917.4962061503672,1875.4261566267417,65.17142675779701,42.070049523625585,44.69671805057051,-2.6266685269449255,2025.8477222565323,1749.4225658294051,0.14329949150429466,55.44524524201894,49003989.0,51.54058769435951,54.58760559203558,0.0032487003230605715,0.0032434346973771945,0.019048110692224902,-0.0004982789631924334
2020-07-21,1943.98681640625,1955.8687675351046,1923.1056817547967,1948.3115010689828,2665286,1896.1232055664063,1809.7444921875,1921.5716846512723,1880.5047240178164,65.75091539720995,41.06696063345589,43.97076656714759,-2.9038059336917,2025.5842291892793,1766.6621819435334,0.13319125678249302,55.64039816356027,51669275.0,54.96373855124412,52.04721241309508,0.007767621017905402,0.007737608367508242,0.019060126776828914,0.03806641574265601
2020-07-22,1914.194091796875,1949.185108730862,1908.296736582203,1949.185108730862,2861534,1902.8208862304687,1814.1393603515626,1920.4366703659805,1883.0002327421912,54.75471681023691,37.43643762378929,42.663900778475934,-5.227463154686646,2020.3492174199837,1785.2925550409536,0.1227966711350466,54.01867257766654,48807741.0,20.010282512154955,42.17153625258619,-0.015325579555344526,-0.01544423006928691,0.019582662072040846,0.03884165361590575
2020-07-23,1896.939208984375,1914.1944366096432,1889.7750558711202,1914.1944366096432,2265766,1909.793438720703,1818.1865258789062,1916.821676307272,1884.0327495008714,46.93315673015908,32.78892680640047,40.688905984060845,-7.899979177660377,2005.5474863894901,1814.039391051916,0.10095636930827526,52.783500040331774,46541975.0,6.390772881396503,27.121597981598526,-0.009014176193753998,-0.009055049692663445,0.01943221659305973,0.049879837006135075
2020-07-24,1884.8822021484375,1889.7749085915461,1856.662433100428,1882.3486086733637,3665100,1911.6846252441405,1822.81478515625,1911.9079110520665,1884.0956719192097,34.917485036682535,27.812239132856803,38.11357261382004,-10.301333480963237,2003.640381999494,1819.7288684887872,0.09757188714556254,51.28617466190352,42876875.0,15.536235038565195,13.97909681070555,-0.006356032274957735,-0.006376317850965629,0.01607893894670407,0.05747649675813449
2020-07-27,1928.0418701171875,1935.2060213055504,1890.2113892074756,1891.521912472468,4248480,1916.4834899902344,1828.4705151367189,1914.3900586005466,1887.3509458598007,42.29816906134353,27.03911274074585,35.8986806392052,-8.859567898459353,2000.629935935971,1832.3370440444978,0.08728694874310182,50.48785006981201,47125355.0,39.29754735151021,20.408185090490637,0.0228978065152059,0.02263958609999961,0.01662584053591786,0.021456303924165088
2020-07-28,2017.9874267578125,2026.9426691538588,1935.206039730947,1935.206039730947,8092319,1926.6295776367188,1835.0090454101562,1930.328115240126,1897.0277222226164,61.17450677975579,33.30039301750958,35.37902311486608,-2.078630097356502,2008.1823756316264,1845.076779641811,0.08082587325723233,53.39282201882583,55217674.0,88.81656737842621,47.883449922833876,0.046651246549515024,0.045595778547521795,0.019036306652890037,-0.02599847695466906
2020-07-29,1988.5445556640625,2046.1638581994637,1962.3340877964347,2002.479745086751,6090431,1934.872003173828,1840.9057006835938,1939.2844906899622,1903.8067469219827,58.554591040789184,35.47774376797952,35.39876724548877,0.07897652249074838,2005.1660927076005,1864.5779136400556,0.07069903395782665,56.05253676456565,49127243.0,69.59426426160934,65.90279299718192,-0.014590215332042078,-0.014697699280860578,0.01955955201225269,-0.007271323413273412
2020-07-30,1991.5582275390625,2060.142268276863,1985.2240326938515,1997.1497073232879,7098496,1940.4276428222656,1846.7765795898438,1947.3266040513622,1910.306856597322,57.16702654987972,37.01974745404027,35.72296328719907,1.2967841668411992,2010.171164514748,1870.6841211297833,0.07003914897197186,56.80547443769414,56225739.0,66.29442879241819,74.90175347748458,0.0015155163943478822,0.0015143691583341698,0.018533733126034513,0.012547100508769837
2020-07-31,1993.2186279296875,2039.8733887182207,1972.29398040746,2012.2212171350845,4723290,1944.2139038085938,1852.0270532226561,1954.3869154172585,1916.4484692886083,57.664627660444204,37.938446128650185,36.166059855489294,1.7723862731608904,2016.875988226442,1871.5518193907458,0.07290929695285918,59.45637421683227,60949029.0,67.11043121800357,67.6663747573437,0.000833719229327734,0.0008333718784996944,0.018116277921724617,0.006114910989391653
2020-08-03,1969.4105224609375,2012.8326957223655,1948.9227188143975,2001.125226994839,4012337,1944.0398193359374,1856.2946337890626,1956.6982395778246,1920.3715843384105,60.55898494799918,36.326655239414094,36.19817893227425,0.1284763071398416,2016.428777580007,1871.650861091868,0.0735133253513987,59.413674202868165,56936692.0,55.409957090928884,62.93827236711687,-0.011944552963303878,-0.012016462326478647,0.01721579369569856,0.012710207407472529
2020-08-04,1965.5228271484375,1982.952744595158,1943.986645970862,1974.478069809921,2927928,1943.3793395996095,1861.8290747070312,1958.0558684348418,1923.716120842857,52.930394059226174,34.33974759198486,35.826492664216374,-1.486745072231514,2014.6682024538477,1872.0904767453712,0.07253933851041909,56.714417403735105,54008764.0,53.499352382059364,58.67324689699728,-0.001974040083649986,-0.001975991068747253,0.017207259187073675,0.013424224716569455
2020-08-05,1974.085205078125,2009.4693390925813,1968.406269989385,1974.5220462387972,3800641,1945.369854736328,1866.4517724609375,1960.5219202261162,1927.4471641195435,53.44852759716429,33.07475610657275,35.27614535268765,-2.2013892461149,2017.8023288874306,1872.9373805852256,0.07338333113968701,52.80783627400846,57809405.0,57.707326072533945,55.53887851517407,0.0043562851631235855,0.004346824019919193,0.016406704499815312,-0.0009516002826170933
2020-08-06,2016.5465087890625,2026.506403204027,1979.196584780883,1987.6275349382029,4748047,1950.117608642578,1871.9410791015625,1969.1410876973387,1934.047115576545,64.37276666601214,35.09397212079375,35.23971070630887,-0.14573858551511876,2028.214148114445,1872.0210691707111,0.077455728525462,53.191659677105285,62557452.0,78.57489935020597,63.26052593493309,0.021509357145127472,0.02128129543439537,0.016905928364367082,-0.023244218107891457
2020-08-07,2005.406982421875,2033.9326274650455,1998.1116490603774,2016.4589794627684,3165491,1953.5238525390625,1877.762998046875,1974.720456116498,1939.3330316391618,61.53547017533467,35.38742447733625,35.26925346051435,0.11817101682190412,2035.1271222806986,1871.9205827974265,0.08138325083827723,53.49745793207145,59391961.0,73.10038814988295,69.79420452420761,-0.005524061219831178,-0.005539375269214154,0.016943633407520205,-0.02317769574856643
2020-08-10,1994.442138671875,2031.311491688706,1988.5447827282626,2025.1957151545894,2929353,1956.48427734375,1882.0983642578126,1977.7545611250177,1943.4151877156592,57.711328802038345,34.339373409358586,35.0832774502832,-0.7439040409246118,2039.5760931591756,1873.3924615283242,0.08332336567132259,54.21200244493827,56462608.0,67.7117245801299,73.1290040267396,-0.005467640157888587,-0.005482642411943718,0.017012216817230384,-0.012879357736679142
2020-08-11,1991.908447265625,2019.953738032033,1988.1517835323536,1994.6169480653682,2774423,1961.4123596191407,1886.3500268554687,1979.9320820697264,1947.0072810156566,62.95707433056035,32.9248010540698,34.65158217104052,-1.7267811169707201,2040.3233659979799,1882.5013532403016,0.07923155955000195,53.56297261286829,53688185.0,66.46654399305078,69.09288557435454,-0.0012703759899183042,-0.0012711836015489263,0.016131533988336094,-0.00445227805806625
2020-08-12,1972.2066650390625,2006.3237854419292,1962.7708543051888,1999.290814139235,3415751,1962.65517578125,1890.1204833984375,1978.7435563727013,1948.8739020544274,62.44754733421083,29.869654318273888,33.6951966004872,-3.8255422822133127,2041.4164844104635,1883.8938671520364,0.07987125287161886,54.92965478416954,50272434.0,56.78411909360927,63.654129222263315,-0.009890907513148028,-0.009940147493298176,0.015147246336549989,-0.00033231583658577257
2020-08-13,1969.6734619140625,2009.4697422967836,1966.2224587125702,1985.8803148872125,2695682,1963.515771484375,1893.0487451171875,1977.3481572252183,1950.414610192178,64.47865502301838,26.933547033040213,32.3428666869978,-5.4093196539575885,2042.1841849159864,1884.8473580527634,0.07987965005647604,55.14183390561714,47576752.0,46.761408604067064,56.670690563575704,-0.0012844511530690772,-0.0012852767675013853,0.015146890609771547,-0.0007097985103093896
2020-08-14,1958.92626953125,1993.13105232658,1951.0196170286945,1989.3741765704694,2270405,1965.3242553710938,1896.516982421875,1974.5140206569156,1951.0451034765538,55.93013362159252,23.468917180361814,30.568076785670605,-7.099159605308792,2041.6762891719898,1888.972221570198,0.07795294288351766,54.55523505852947,45306347.0,18.985869892331223,40.84379919666919,-0.005456332021841148,-0.005471272171802669,0.01476485861565205,0.002877079355045664
2020-08-17,1968.7550048828125,1983.2582119293263,1955.5188074232665,1977.142437707518,2625630,1967.3118530273437,1899.7720849609375,1973.6280182301305,1952.3569480251656,36.34597649657021,21.27107020496487,28.70867546952946,-7.4376052645645885,2041.7278761784373,1892.89582987625,0.07559703768780837,49.472278306342936,47931977.0,21.32342664093129,29.023568379109857,0.0050174095393158424,0.005004864285691327,0.014784105712012384,-0.0023516185257713706
2020-08-18,1983.0399169921875,1999.8582971671403,1964.2994788860694,1976.9678691477222,3493374,1969.2645080566406,1903.3076538085938,1975.0760026550622,1954.6297605412412,48.33321504937945,20.446242113820972,27.056188798387765,-6.609946684566793,2043.1511122298105,1895.3779038834707,0.07451852435248882,46.024353154774495,51425351.0,33.6215072896835,24.64360127431534,0.007255809927566581,0.007229613181462061,0.01477243635739165,-0.011939442771012998
2020-08-19,1971.55126953125,1996.0143702836651,1967.969087314836,1988.8064923834,2843005,1972.1323669433593,1905.9735961914062,1974.5337360206295,1955.8832056516123,44.23770752537984,18.650530369017133,25.37505711251364,-6.724526743496508,2041.322159392958,1902.9425744937607,0.07018817468140096,42.676285110904324,48582346.0,28.747064265940878,27.897332732185223,-0.005793452447675929,-0.005810299593578608,0.014362795401659044,-0.0013739750756426306
2020-08-20,1968.275390625,1988.9816199028137,1957.0922137534417,1971.9010870995226,2895164,1975.6991760253907,1909.2905859375,1973.570913652071,1956.8011452792707,42.882223232848276,16.7697683728004,23.653999364570993,-6.884230991770593,2035.2514578292337,1916.1468942215477,0.060512143867157704,40.1269992422337,45687182.0,27.003701833459576,29.79075779636132,-0.0016615742927288402,-0.0016629562383096196,0.014170337908969445,-0.001975426615741682
2020-08-21,1964.562255859375,1984.1326555606536,1957.9659113279085,1974.5221495231515,1975294,1979.6831787109375,1913.0240991210937,1972.1849662993486,1957.3760423592785,48.43728236131787,14.808923940070144,21.884984279670824,-7.07606033960068,2021.7473288974993,1937.6190285243756,0.042822924100373055,37.43105405114635,43711888.0,22.87551877969655,26.208761626365668,-0.0018864914855466486,-0.0018882731516937947,0.014067468235053181,-0.004469700989716885
2020-08-24,1964.125244140625,1974.4782513104003,1948.311509349583,1966.3094498685953,2167966,1981.4873474121093,1916.9162426757812,1970.9450090441603,1957.8759832319708,49.53927527854625,13.069025812189466,20.121792586174553,-7.052766773985088,2016.7748569143391,1946.1998379098795,0.035932036011959455,36.51681428946928,41543922.0,18.46943270412797,22.782884439094698,-0.0002224473759722123,-0.00022247212105947197,0.01319706280151759,0.004070387568416267
2020-08-25,1959.363525390625,1965.7851756181815,1951.4131444389304,1961.4167641168078,1663419,1978.55615234375,1920.4359375,1969.1632423282317,1957.9861715400193,45.02214032680227,11.177070788212404,18.332848226582126,-7.1557774383697215,2010.6747128759978,1946.4375918115022,0.032784687594758125,34.40435137769123,39880503.0,12.908049187128022,18.08433355698418,-0.0024243457815152913,-0.0024272892660613947,0.007668129687385821,0.0016501043604097987
2020-08-26,1968.8424072265625,1974.4338867634976,1936.4724461337612,1958.7950641233429,2618149,1977.571044921875,1924.1103369140626,1969.113883081821,1958.79033714643,29.23907638204986,10.323545935391166,16.730987768343933,-6.407441832952767,2009.6081585355778,1945.5339313081722,0.03254411170351853,33.37151155653654,42498652.0,33.21352438534665,21.530335425534215,0.004837735169152868,0.0048260709322353245,0.007126722426738404,0.005170082232623274
2020-08-27,1964.38720703125,1998.4173034137866,1958.5773050300745,1979.7641009024865,3579393,1976.2124938964844,1927.8647583007812,1968.386702150964,1959.204920100861,31.045312908459792,9.181782050103038,15.221146624695756,-6.039364574592717,2008.0560197773652,1944.3689680156035,0.03242082392605837,33.65858441218255,38919259.0,29.433827316431742,25.185133629635473,-0.002262852617842759,-0.002265416737708334,0.007121292175258132,0.022727137145435172
2020-08-28,1955.78125,1991.951606252756,1952.767089195822,1981.860534602847,2941136,1974.340625,1931.3337353515626,1966.4474018200465,1958.9513149082047,31.737189906884083,7.496086911841758,13.676134682124957,-6.180047770283199,2006.375794609566,1942.3054553904342,0.03275946081348909,33.40271356193187,35978123.0,23.12949815095905,28.592283284245813,-0.004380988127211438,-0.004390612776299037,0.0071589854935064975,0.02244778351442034
2020-08-31,1972.1199951171875,1988.6762372758094,1946.5647797634704,1957.048970677816,6018154,1974.4760986328124,1935.4197680664063,1967.320108481145,1959.9267727014628,41.73076196663064,7.393335779682275,12.419574901636421,-5.026239121954147,2006.4463336730787,1942.5058635925461,0.03242220059572648,34.1391066342647,41996277.0,48.83406763906365,33.79913103548481,0.008354075956698903,0.008319373799837113,0.00695010129947863,0.030922267420840255
2020-09-01,1962.5966796875,1990.2486442308216,1958.184540603446,1982.3855020894355,3610908,1974.3297912597657,1939.1871899414064,1966.5934271282765,1960.1245435893175,45.610777883080814,6.468883538959062,11.22943662910095,-4.760553090141888,2006.4987107736267,1942.1608717459046,0.03278199728635355,33.318476097881494,38385369.0,35.78794685085124,35.917170880291316,-0.004828973618880461,-0.004840670784047205,0.007023687475669695,0.04533987427968067
2020-09-02,1979.021484375,1982.1668261469483,1958.489949206095,1963.164235086366,2084137,1974.5766052246095,1943.1628100585938,1968.5054359354647,1961.5243169808496,53.788792581262264,6.981118954615113,10.379773094203784,-3.398654139588672,2006.813298560968,1942.339911888251,0.03257841674875929,31.920589909070063,40469506.0,67.12702842494157,50.58301430495215,0.00836891494696479,0.008334089742813005,0.007211025798877179,0.027592032244470488
2020-09-03,2009.0321044921875,2030.4373171732304,1981.5111167594177,1981.5111167594177,4654146,1974.2008850097657,1948.1936889648437,1974.7403080211143,1965.0434123520597,67.56527059731093,9.696895669054584,10.243197609173945,-0.5463019401193616,2004.4945570881605,1943.9072129313709,0.030157479326147447,32.585189730523275,45123652.0,77.21998397377246,60.04498641652176,0.015164373077367177,0.015050543300838156,0.006304417557034985,0.013764073634503715
2020-09-04,1999.6842041015625,2030.6562007296059,1977.0994300475106,1987.62734501876,5231303,1973.91474609375,1951.2462036132813,1978.5778304950295,1967.609396926097,60.879321502747075,10.968433568932596,10.388244801125676,0.58018876780692,2003.0534262091578,1944.776065978342,0.02914328177983439,34.42928731452581,39892349.0,67.11535151511045,70.48745463794148,-0.004652937287424663,-0.004663795896168254,0.006268370742016901,0.03726839681045835
2020-09-07,2033.1024169921875,2047.4744480122272,1994.922543553401,1999.8587631747334,4620401,1975.8477600097656,1955.2669604492187,1986.9662284176693,1972.4607317458074,65.52036547857458,14.50549667186192,11.211695175272926,3.293801496588994,2014.346217693045,1937.3493023264862,0.03787163633422344,35.64307918436547,44512750.0,87.05245781364748,77.12926443417679,0.016711745195606698,0.016573640504904688,0.007170335907109779,0.07062579648667766
2020-09-08,2051.58056640625,2088.4936405622248,2033.102272593079,2040.8779591065886,7453998,1978.831365966797,1959.9972583007811,1996.906895800528,1978.3214602391736,73.7800914579839,18.585435561354416,12.686443252489225,5.898992308865191,2029.800082085771,1927.862649847823,0.04968726742060718,37.59637097010237,51966748.0,75.71846853623948,76.62875928833246,0.00908864662184583,0.009047593430945342,0.007370223903322075,0.06098289785624034
2020-09-09,2033.626708984375,2061.0167369515634,2026.9431240897104,2031.3115359950762,3866535,1981.9023681640624,1964.1958715820313,2002.5560978288122,1982.4181453314106,67.86067446998757,20.137952497401557,14.176745101471692,5.961207395929865,2038.3024791615244,1925.5022571666004,0.055467515988348794,37.75238573527958,48100213.0,63.90836699792706,75.55976444927136,-0.008751231960305028,-0.008789748868963892,0.007281367033602157,0.07533324889687365
2020-09-10,2036.6845703125,2051.843044743669,2030.6999740623198,2040.0483327555746,2308813,1985.2529235839843,1967.320654296875,2007.806632057072,1986.437880515195,69.78205871142154,21.368751541876918,15.615146389552738,5.75360515232418,2046.3596267466883,1924.1462204212803,0.06000605499095821,37.39355191017988,50409026.0,65.919837398223,68.51555764412984,0.0015036492757571907,0.0015025199271393595,0.007250674973019489,0.055680355203505894
2020-09-11,2074.209228515625,2081.9849156454634,2035.8107208864612,2036.5097093849656,4145424,1991.017071533203,1970.454970703125,2018.0224161276185,1992.9394618485603,75.08980835951618,25.082954279058185,17.508707967453827,7.574246311604359,2062.530429882078,1919.503713184328,0.06895481648208877,38.8226556814788,54554450.0,90.60367069130774,73.47729169581926,0.018424383800073274,0.018256711218801555,0.007943540810347757,0.03192764185240482
2020-09-14,2176.69189453125,2189.2293202671613,2080.980173708576,2082.9459587911265,7512131,2001.413916015625,1974.5309643554688,2042.4331051127926,2006.5507531583892,84.26802273956302,35.882351954403475,21.18343676484376,14.698915189559717,2110.099764400646,1892.728067630604,0.09986332806961316,46.011802865213454,62066581.0,95.03972907567902,83.85441238840325,0.04940806578561263,0.04822625833357287,0.013097814708254522,-0.010475642488051995
2020-09-15,2176.69189453125,2217.405573117053,2153.2773806334912,2176.69189453125,7318770,2011.0965148925782,1978.4901538085937,2063.088303484863,2019.15380066749,83.78326684245405,43.93450281737296,25.7336499753496,18.20085284202336,2144.568078020607,1877.6249517645492,0.12263707460239522,47.88085656905811,62066581.0,84.96767119807508,90.20369032168729,0.0,0.0,0.013135759388618128,0.01266334893497234
2020-09-16,2186.826416015625,2190.84543921616,2164.3728274766845,2174.5511391783684,3074003,2021.8602722167968,1983.5411840820314,2082.124936181903,2031.5739943969816,85.49925113505616,50.55094178492163,30.69710833726401,19.853833447657625,2175.1536809820054,1868.5668634515885,0.14019714380852183,46.92604323732691,65140584.0,88.70954529276028,89.57231518883812,0.004655928342379045,0.004645123034194002,0.012900028913232326,-0.01420292252938149
2020-09-17,2150.087890625,2180.4920699309955,2141.0454089999303,2166.7315770525365,4828176,2030.9508972167969,1988.11111328125,2092.580775326995,2040.3528015249829,78.45450846399075,52.22797380201223,35.003281430213654,17.224692371798575,2192.2207409676016,1869.6810534659921,0.1500123268950888,47.397221091524116,60312408.0,75.1449249356905,82.94071380884196,-0.016799927566981787,-0.016942647059628967,0.01374475940762999,-0.05229658807552384
2020-09-18,2140.433837890625,2184.5547869588167,2128.6391287337815,2171.100167018941,4183256,2039.7444763183594,1992.1741479492186,2099.942784952169,2047.7662116261415,75.14029460733457,52.17657332602744,38.43793980937642,13.73863351665102,2204.9049047509584,1874.5840478857604,0.1543242547458163,48.38323542814528,56129152.0,70.30652394184465,78.05366472343181,-0.004490073534421324,-0.004500184191006171,0.013820703468422827,-0.011265718642529343
2020-09-21,2153.8896484375,2188.487349681813,2142.4005948427475,2153.627501010362,4598809,2049.232696533203,1996.5472680664063,2108.2423024114505,2055.6272069455013,78.24082350243171,52.61509546594925,41.27337094069099,11.341724525258265,2217.868504309818,1880.5968887565882,0.15658723082582127,49.52533601127475,60727961.0,75.46848516868533,73.63997801540683,0.006286487490842374,0.0062668099536914365,0.013783077687096823,-0.015819740177540398
2020-09-22,2204.256103515625,2232.2576561086735,2147.5104965616906,2171.099912105696,7499613,2061.477325439453,2002.7654541015625,2123.013656427477,2066.6367548395847,80.22283154982897,56.37690158789246,44.29407707013129,12.082824517761175,2238.015879126914,1884.9387717519924,0.16017971179110718,53.887499054569716,68227574.0,89.02580840673089,78.2669391724203,0.02338395335836374,0.023114737530107923,0.014279121483860005,-0.01369365661446198
2020-09-23,2155.76708984375,2201.5481648521236,2104.700408195574,2192.9423099090454,7502280,2070.8235595703127,2006.9337890625,2128.0526461838267,2073.23900187693,68.759186053305,54.81364430689655,46.397990517484345,8.415653789412204,2246.502770338312,1895.144348802313,0.16298533510012228,57.3260606632712,60725294.0,70.02230049706942,78.17219802416189,-0.021997903780118233,-0.022243465575504506,0.015594454755344683,0.010071209335605236
2020-09-24,2037.6456298828125,2140.521725035005,2011.7410339187459,2140.521725035005,8424708,2074.4864807128906,2008.637470703125,2114.143874445209,2070.602455803292,53.797089995069605,43.54141864191706,45.82667614237089,-2.285257500453831,2243.7597678502816,1905.2131935754996,0.16614595261799875,63.788152466336115,52300586.0,18.00116546989302,59.01642479123111,-0.05479323834074257,-0.05635158001399688,0.020480113485124424,0.08198051651431881
2020-09-25,2116.3203125,2131.7844438793554,2054.987868291273,2068.879329141932,8228267,2082.5134338378907,2012.5087451171876,2114.478711069023,2073.9889637067517,57.63282463437359,40.48974736227137,44.75929038635099,-4.269543024079617,2243.087643873648,1921.939223802133,0.1517484939187414,66.75864600474446,60528853.0,47.424669189203954,45.14937838538881,0.03861058147864127,0.03788384058977847,0.02197325419864823,0.11703779038646833
2020-09-28,2119.815673828125,2135.2798098232815,2067.1325818501978,2131.785080183636,4347166,2089.8982177734374,2016.3249975585939,2115.2997822627312,2077.3835348268535,56.435465968880244,37.91624743587772,43.39068179625634,-5.474434360378616,2242.4818690540583,1937.3145664928163,0.1439593575653432,67.66977886216861,64876019.0,49.00974758075425,38.14519407995041,0.0016516220666029646,0.0016502596388150946,0.021957385667015564,0.11869928530830909
2020-09-29,2174.07177734375,2193.8608169502863,2119.816213847569,2127.286243015562,6995811,2100.47197265625,2020.9266967773438,2124.341627659811,2084.5456268651424,62.39692627671853,39.796000794668544,42.67174559593878,-2.875744801270237,2245.008860110706,1955.9350852017938,0.1329642277322133,70.52488816647634,71871830.0,73.6138354615531,56.6827507438371,0.02559472702531962,0.025272665815084114,0.02237457154833105,0.09948121268528087
2020-09-30,2177.478271484375,2188.5739931807548,2149.2582927044537,2174.5950774558473,3917166,2110.394812011719,2026.1923803710938,2132.516495940513,2091.429526466567,62.4200555460691,41.08696947394583,42.35479037154019,-1.267820897594362,2246.8478695688827,1973.941754454555,0.12533126905936434,71.82293315183006,75788996.0,75.1586143116824,65.92739911799659,0.0015668728954234545,0.001565646630854943,0.02237825843120449,0.13377189761441666
2020-10-01,2204.69287109375,2219.1523513187,2177.4777612396238,2192.9418904763534,2610337,2120.177850341797,2032.3474536132812,2143.6205536563957,2099.8194038463585,61.723813733924594,43.80114981003726,42.644062259239604,1.1570875507976552,2254.063814423498,1986.2918862600955,0.12145543339583657,71.50153281754963,78399333.0,87.49990601975693,78.75745193099748,0.012498218680649709,0.01242076066925616,0.02232257150457843,0.11472420668712946
2020-10-05,2364.009765625,2383.492924857861,2274.2389033903096,2289.047776689921,17412105,2138.3941284179687,2041.9300048828125,2177.5265862669503,2119.389060274406,65.27071163285086,58.1375259925444,45.74275500590056,12.394770986643834,2299.603062761834,1977.1851940741035,0.1363860138718543,76.05724438987639,95811438.0,94.75909613140354,85.80587215428095,0.07226262515749537,0.06977101879878266,0.02677300654471247,0.04590103629211817
2020-10-06,2371.436279296875,2390.3951455026113,2315.3459095517164,2390.3951455026113,9846367,2155.310821533203,2050.7978930664062,2207.3588467330924,2138.0592246464407,65.68620471700683,69.29962208665165,50.454128422050786,18.845493664600866,2339.38365145918,1971.2379916072261,0.15524164113787953,76.83731892325734,105657805.0,94.99309115451473,92.41736443522507,0.0031414902678761347,0.003136566097451577,0.026732289998522393,0.04135491958894333
2020-10-07,2390.35107421875,2420.099999544905,2361.563284754469,2395.6368948563645,9656101,2172.249346923828,2058.245166015625,2235.5114971155012,2156.747509799945,66.16479055200847,78.76398731555628,56.11610020075189,22.64788711480439,2377.285422625619,1967.213271222037,0.17155310607987065,79.12761199832597,115313906.0,92.71500620012918,94.15573116201581,0.007976092415809433,0.007944451526445528,0.02673119926949205,0.031297397434632446
2020-10-08,2468.763671875,2520.573067358259,2446.310082704723,2446.310082704723,19839329,2194.0061950683594,2067.8495483398438,2271.3964470785013,2179.859818101801,73.73908567803696,91.53662897670029,63.20020595594157,28.336423020758716,2427.481681864332,1960.5307082723866,0.18914365069107694,85.15911100716984,135153235.0,89.81797684120926,92.50869139861773,0.032803799618379426,0.03227723949238529,0.026973980714473156,-0.025980967668691735
2020-10-09,2457.62451171875,2472.38987014055,2428.836723430444,2455.047191668902,7739245,2215.053192138672,2077.1708740234376,2300.0469185616166,2200.4349805919455,73.57629082013925,99.61193796967109,70.48255235868747,29.12938561098362,2464.1827570277433,1965.9236272496005,0.2027401368281777,84.27607447038918,127413990.0,87.62881432309271,90.05393245481038,-0.004512039885855024,-0.004522249861273984,0.027107907213389834,-0.013461972119212073
2020-10-12,2472.520263671875,2493.4886333991276,2446.9650630667857,2459.8518736283263,4623203,2234.9687438964843,2086.756906738281,2326.5812793478103,2220.5894460052737,73.63273186202758,105.99183334253667,77.58440855545732,28.40742478707935,2499.8742890420413,1970.0631987509273,0.21427977682346894,84.16679293761445,132037193.0,90.55625421959569,89.33434846129921,0.006061036534302566,0.0060427423363525485,0.027041377007496283,-0.0377695534795901
2020-10-13,2469.5068359375,2494.275602046449,2456.9694091641186,2485.6262322880257,4209878,2249.609490966797,2096.7588330078124,2348.5698265154547,2239.0277711854387,71.15990165300346,109.54205533001596,83.97593791036905,25.5661174196469,2532.696198246562,1966.5227836870317,0.22926578145899054,80.77815246156784,127827315.0,89.9640297650936,89.38303276926065,-0.0012187676593193864,-0.0012195109606255284,0.025395494755817694,-0.02684283892398498
2020-10-14,2465.162841796875,2493.590743476651,2445.815974220865,2493.590743476651,4395936,2264.033038330078,2106.751633300781,2366.507213481827,2255.778517156656,76.55156591587968,110.72869632517086,89.32648959332943,21.40220673184143,2560.5537023996353,1967.5123742605206,0.2405688249409287,77.07951488554889,123431379.0,89.11031108090371,89.87686502186433,-0.0017590532965566785,-0.001760602247531475,0.02542271141624436,-0.04776451780657953
2020-10-15,2404.622802734375,2481.08877185226,2392.689976426881,2466.3921979229785,6629355,2274.9228576660157,2115.3623852539063,2372.3711502899114,2266.8040197920427,84.94685103719756,105.56713049786867,92.57461777423728,12.992512723631393,2575.4747188774445,1974.3709964545872,0.24997838402735045,73.10613913557566,116802024.0,75.09580097112311,84.7233806057068,-0.024558231219472648,-0.02486481441621435,0.026359064589866955,-0.02534130476829144
2020-10-16,2424.5400390625,2431.866262712199,2396.4630007825263,2412.958303614171,5273773,2288.6454650878904,2123.522255859375,2380.3971331780017,2278.488169367632,83.05000795588836,101.90896381036964,94.44148698146375,7.4674768289058875,2590.2585263549295,1987.0324038208514,0.24880023130792606,68.91074255937065,122075797.0,78.82124967536896,81.00912057579859,0.008282894225853932,0.008248779308188882,0.025854861868599234,-0.027684555986577708
2020-10-19,2379.13427734375,2433.928331215506,2374.7911531925747,2433.928331215506,3331194,2300.580487060547,2130.9968017578126,2380.20284766504,2285.943436625122,75.51327079285116,94.25941103991772,94.40507179315455,-0.14566075323682526,2596.3336656864926,2004.8273084346017,0.2486225190754237,68.26716756293119,118744603.0,64.7070814195363,72.87471068867612,-0.018727577597071554,-0.01890515929010812,0.02635980663388047,-0.008611756631702217
2020-10-20,2403.21826171875,2421.5559860636345,2384.7487977706587,2390.9345612207353,3406273,2313.0469177246096,2139.17232421875,2383.74368059638,2294.6304607061315,73.96773059860512,89.11321989024827,93.3467014125733,-4.233481522325022,2603.7412952889554,2022.3525401602635,0.24192091263191812,66.00835081991143,122150876.0,68.39479232960542,70.64104114150355,0.01012300339848382,0.010072108980964164,0.026378805962582543,-0.03974061474776158
2020-10-21,2347.41552734375,2411.9927936809972,2336.5796751492417,2403.218720222718,4570143,2320.2048889160155,2146.2824658203126,2378.154733942129,2298.5404656422515,66.01889598197495,79.6142682998775,90.60021479003414,-10.98594649015665,2606.6389832884674,2033.7707945435639,0.24404208887258252,68.58673782387245,117580733.0,49.53077558131036,60.877549776817354,-0.023220002637251325,-0.02349383411567727,0.026800602333258518,-0.019884838441212915
2020-10-22,2343.6865234375,2357.2863371661892,2314.6883823072058,2334.7809246478623,5262294,2329.600860595703,2153.712062988281,2372.851932326032,2301.884618071529,63.70903192509209,70.96731425450298,86.67363468292791,-15.706320428424931,2605.456368620066,2053.7453525713404,0.23540307568075589,68.65269245100869,112318439.0,28.19244351991077,48.70600381027552,-0.0015885572293498074,-0.001589820324228164,0.026159966526268487,-0.01441341119655326
2020-10-23,2357.417724609375,2370.7542713023095,2342.7650671070573,2358.2951318156306,3499091,2345.589465332031,2161.4669482421873,2370.4774388311616,2305.998181518777,49.087874926735495,64.47925731238456,82.23475920881924,-17.75550189643468,2584.8340892125398,2106.3448414515224,0.20297176981661288,57.88048891037592,115817530.0,20.75401688637799,32.825745329199705,0.005858804509288884,0.005841708456603266,0.022128300673877336,-0.008169546280270001
2020-10-26,2358.645751953125,2377.729356609325,2343.11568893712,2360.1812143967272,2672752,2357.7057373046873,2169.461337890625,2368.6571793114636,2309.898001550951,48.199317257845166,58.75917776051256,77.53964291915791,-18.780465158645356,2571.2228974751133,2144.1885771342613,0.18105063890465004,54.99223403332663,118490282.0,21.350480554105157,23.432313653464643,0.0005209205525733562,0.0005207849205626,0.02091976970593294,-0.031098602185919866
2020-10-27,2307.712890625,2384.9247385862263,2302.4047474462914,2368.7805287877372,3537502,2367.1005981445314,2176.240495605469,2359.2811348981613,2309.736141482362,39.32807944004608,49.54499341579913,71.94071301848616,-22.395719602687038,2551.030120246805,2183.171076042258,0.1594041640530592,56.70532520114797,114952780.0,2.4330494825399844,14.845848974341045,-0.021594112335838855,-0.021830676981980792,0.02178093337873467,0.001311731464374244
2020-10-28,2300.737548828125,2330.3500473861573,2286.523592362426,2325.129516408453,3569445,2373.43388671875,2182.5944482421874,2350.274429348925,2309.06957906353,23.3915709453659,41.20485028539497,65.79354047186793,-24.58869018647296,2536.970166936357,2209.8976065011425,0.14215987416809373,50.53421533573529,111383335.0,6.841790116615067,10.208440051086736,-0.0030226211524024826,-0.0030271984977656395,0.021254139772441744,0.011803067991210892
2020-10-29,2309.906005859375,2329.5161426883374,2281.4780979379843,2288.2780038158885,3105968,2380.0552734375,2189.36154296875,2344.063902658225,2309.131536603963,26.460539388623076,34.93236605426182,59.62130558834671,-24.688939534084888,2519.070516269449,2241.0400306055512,0.12036441524401316,50.85456519575295,114489303.0,13.359135973120786,7.544658524091946,0.003985007779752969,0.0039770886677608225,0.021252168107991794,0.020150770897464643
2020-10-30,2338.15869140625,2346.494059908927,2300.2108295387998,2312.933234095517,3427003,2386.728564453125,2196.759208984375,2343.1554086194596,2311.281696218947,29.4632521893827,31.87371240051243,54.07178695077985,-22.19807455026742,2500.8914899806523,2272.5656389255973,0.09765199081407594,50.83739805559474,117916306.0,26.635929639056645,15.612285242930833,0.012231097488472953,0.012156901997785012,0.02124607736792189,0.015985948979534204
2020-11-02,2285.295166015625,2338.1589564594406,2281.302919911739,2333.9034453203194,2571196,2382.792834472656,2203.1738671875,2334.2538328342544,2309.356768055738,25.567114329895404,24.897064778516324,48.23684251632715,-23.339777737810827,2505.3707285238074,2260.2149404215047,0.10727532782110061,52.233815460264104,115345110.0,1.8805817671621625,13.958549126446533,-0.02260904085976778,-0.022868544096544645,0.014534706998587018,0.046840314942392824
2020-11-03,2310.739990234375,2338.290494238278,2282.1803392918623,2284.768648028696,2879269,2379.758020019531,2210.106162109375,2330.636318588119,2309.459228957859,30.603832645972048,21.17708963026007,42.82489193911374,-21.64780230885367,2506.4560070135844,2253.060033025478,0.10966009808935924,52.82920015245194,118224379.0,14.734311782624339,14.416941062947714,0.011134152208054804,0.01107262382502095,0.014779502211663121,0.006075147354019705
2020-11-04,2327.893310546875,2388.1713690764577,2290.0332676868647,2290.0332676868647,4893928,2376.6351318359375,2217.4767578125,2330.214317351005,2310.8247164829713,39.18355237915665,19.38960086803354,38.1378337248977,-18.748232856864163,2505.297473477199,2247.972790194676,0.11053972367061445,53.52486486418151,123118307.0,30.52597220662213,15.713621918802877,0.007423301792929271,0.007395884688198964,0.014761961484625044,0.013059709906113826
2020-11-05,2356.452392578125,2377.773429641783,2340.044921348574,2355.8382504015453,2816502,2371.019567871094,2225.2289575195314,2334.2509443090235,2314.2045443418715,40.630075330899146,20.046399967151956,34.519546973348554,-14.473147006196598,2492.3459872140475,2249.6931485281402,0.1029737920656347,54.55892609026974,125934809.0,49.237851039316865,31.499378342854442,0.012268209157979326,0.012193564563574679,0.012862942962955927,-0.005454500810140539
2020-11-06,2375.536376953125,2380.6253821897135,2352.5922614970063,2368.1223280309728,3884421,2366.9151611328125,2233.451940917969,2340.602549331193,2318.7476430538163,49.46620119195634,21.854906277376813,31.986618834154207,-10.131712556777394,2481.2586301587703,2252.5716921068547,0.09626749574141678,52.337207709539435,129819230.0,67.18816181790874,48.983995021282574,0.008098608075048253,0.00806599033585552,0.01305368928851628,-0.018689035792389452
2020-11-09,2392.339111328125,2407.6059144599903,2364.700778126416,2396.287444642655,3646592,2362.906103515625,2242.1830981445314,2348.562020407644,2324.198862925987,48.350283027642064,24.3631574816568,30.46192656365473,-6.098769081997929,2466.8048660014597,2259.0073410297905,0.08685956099940566,52.371738253374424,133465822.0,84.9615874689559,67.12920010872716,0.0070732380855187404,0.007048340074441269,0.013086938244109683,-0.020630122131588435
2020-11-10,2324.778076171875,2380.5371293260437,2314.9072457095467,2366.5425280904883,4760020,2355.6696655273436,2249.236259765625,2344.9029520636795,2324.241767610868,46.68545041121167,20.66118445281154,28.501778141486092,-7.840593688674552,2447.800848476324,2263.538482578363,0.07926019596734107,52.51593447386176,128705802.0,34.421318683131446,62.19035598999869,-0.02824057627797716,-0.02864701161530077,0.014380271804082497,0.0062085899286212776
2020-11-11,2358.294921875,2362.6819575157338,2319.337916858849,2340.878304696997,3242441,2350.32626953125,2257.150224609375,2346.963255111575,2326.764223482285,51.96733427915919,20.199031629289948,26.841228839046863,-6.642197209756915,2426.7817389867328,2273.8708000757674,0.06483961674708227,52.569226316568994,131948243.0,60.95817620004112,60.113694117376156,0.014417223754241482,0.014314283809676847,0.014894491237177405,-0.022750791546130023
2020-11-12,2343.59912109375,2380.4063193487827,2335.4391892836798,2356.7163191193627,2437505,2347.2750854492188,2264.44177734375,2346.44569603191,2328.0112529349863,48.14385097369971,18.434443096923587,25.15987169062221,-6.725428593698624,2419.352209154974,2275.1979617434636,0.06150977192047847,53.78193530727263,129510738.0,49.32282199985275,48.23410562767511,-0.006231536456672626,-0.006251033519953875,0.013975994362063118,-0.012785718913988386
2020-11-13,2331.139892578125,2338.2028506467973,2312.845862947507,2330.174658771943,2548093,2342.605078125,2270.8839331054687,2344.09095703902,2328.243004019663,46.41355529749847,15.847953019356737,23.297487956369118,-7.4495349370123805,2405.0652934911113,2280.144862758889,0.05358770236395667,53.50619176970391,126962645.0,39.45826687977079,49.91308835988823,-0.005316279735507967,-0.005330461435541575,0.013820769358671011,0.0012795929432407593
2020-11-14,2342.98486328125,2359.348425097145,2333.94752450064,2349.653030787036,298819,2340.797607421875,2277.7499462890623,2343.920788768594,2329.3349935945957,55.12105589785192,14.585795173998122,21.55514939989492,-6.969354225896797,2400.852837662324,2280.742377181426,0.0512638653212161,49.626801868209995,127261464.0,48.836485302380005,45.872524727334515,0.005081192570568938,0.005068326875245444,0.013308283483750238,0.020184506066876384
2020-11-17,2339.211669921875,2364.6125672736275,2325.1731537525325,2364.6125672736275,2827273,2337.597277832031,2283.8721313476562,2343.196308946022,2330.0665992484683,55.63839561494575,13.129709697553608,19.87006145942666,-6.74035176187305,2389.9781314083834,2285.2164242556787,0.04478504809964613,49.31344176087883,124434191.0,45.8490712882937,44.714607823481494,-0.0016104215688746981,-0.0016117196915598228,0.013063338750312058,0.02100504821262761
2020-11-18,2304.641845703125,2337.588533329928,2287.44479080005,2334.780872755015,2893762,2335.45859375,2288.9333569335936,2337.2648530624992,2328.1832841710357,49.281992331199916,9.081568891463576,17.71236294583404,-8.630794054370465,2389.614341353533,2281.3028461464673,0.0469971051723313,49.57978707312681,121540429.0,18.478521332512834,37.72135930772885,-0.014778407898377366,-0.014888696510607211,0.012438115305333753,0.028420372310341335
2020-11-19,2313.634521484375,2348.072747557176,2308.3263802990396,2313.7223478720257,4167501,2333.9559936523438,2294.5335131835936,2333.6294174350955,2327.105598046098,46.469524335848575,6.523819388997708,15.474654234466776,-8.950834845469068,2388.8136062893605,2279.098381015327,0.04742115673639008,49.376049321978535,125707930.0,25.598444192095826,29.975345604300788,0.003901984075320053,0.0038943910808776814,0.012481356837789741,0.03174213411135818
2020-11-20,2334.122802734375,2347.941967904215,2305.4316264620043,2329.5164143444285,2711471,2332.7912475585936,2300.4822778320313,2333.705322865754,2327.62539098597,57.75175229856349,6.079931879783999,13.595709763530222,-7.515777883746223,2386.5291911104528,2279.0533040067344,0.046045515247874994,48.35135681444347,128419401.0,41.412976079616726,28.49664720140846,0.008855452777759787,0.00881647320794862,0.01258019436111615,0.007292559112864305
2020-11-23,2390.27685546875,2395.3219474826788,2338.2904725426147,2360.22565521187,3706418,2334.372802734375,2306.8036303710937,2342.4086355739073,2332.266240206917,61.505237661223376,10.142395366990513,12.90504688422228,-2.7626515172317667,2392.9578818936193,2275.7877235751307,0.0490194924702606,48.71485608600691,132125819.0,85.57848123895884,50.863300503557134,0.024057882759463967,0.02377305115206346,0.013722007241220097,0.0009359001831761304
2020-11-24,2388.346923828125,2406.7285665379045,2373.387084391189,2399.1827769993292,3120516,2338.404504394531,2311.036730957031,2349.476064536095,2336.420364919599,59.1476731995675,13.055699616495986,12.935177430677022,0.12052218581896312,2400.270857964284,2276.5381508247783,0.05180684008049494,44.08652614008708,129005303.0,83.9723614043352,70.32127290763692,-0.0008074092489367413,-0.0008077353793433299,0.01268832761697676,0.010102662167144727
2020-11-25,2370.140625,2397.910483203922,2358.646502508863,2394.4447668562366,3302249,2341.874658203125,2314.905705566406,2352.6552276843877,2338.9181619625915,52.13825938356727,13.73706572179617,13.095555088900852,0.6415106328953186,2402.62073809297,2281.12857831328,0.05125947317142423,43.328230540097884,125703054.0,68.82078968676547,79.45721077668651,-0.007622970786397842,-0.007652174133708071,0.012821271639623823,0.0030170694644964247
2020-11-26,2387.07421875,2396.155255142034,2351.4513991825606,2356.7158426135666,2341099,2345.7330688476563,2318.910661621094,2357.9504570790973,2342.4852772801773,51.81453424076972,15.465179798919962,13.569480030904675,1.8956997680152874,2407.7197710571495,2283.746366638163,0.05193529528541657,44.51899734486691,128044153.0,82.91319597765677,78.56878235625248,0.007144552340644372,0.007119150942555329,0.012872016915768017,0.002554652253101475
2020-11-27,2351.14453125,2384.5299239230485,2341.84414182095,2373.3868933656686,6086808,2346.382360839844,2322.931794433594,2356.9033915669283,2343.1267035001642,43.889049447719565,13.776688066764109,13.610921638076562,0.16576642868754732,2408.3070172185935,2284.457704461094,0.05267618009499998,44.68506453025803,121957345.0,53.40184786689384,68.37861117710536,-0.015051768067276372,-0.015166195604663412,0.013142679640330723,0.02166321505649682
2020-12-01,2392.513916015625,2400.4981927429167,2302.7112064061052,2350.5738104121124,3605017,2351.743298339844,2327.9733959960936,2362.381933789805,2346.7850155383467,60.89477875289842,15.596918251458192,14.008120960752889,1.588797290705303,2409.847255203185,2293.639341476503,0.04857146825720824,46.13900172441754,125562362.0,88.08333284620419,74.79945889691827,0.01759542393747715,0.017442416676822094,0.012503861080210408,0.025854571403293836
2020-12-02,2412.4755859375,2416.994148412678,2371.1496112605146,2385.6707467317315,2509032,2356.830078125,2333.145114746094,2370.088649504835,2351.6509837160615,59.11185636489,18.4376657887733,14.894029926356973,3.5436358624163287,2417.5727874119066,2296.0873688380934,0.0503571597913615,46.31760861693744,128071394.0,96.5120919474921,79.3324242201967,0.008343387174574168,0.008308773516631283,0.01241616856367945,0.022276172645853354
2020-12-03,2377.29150390625,2433.8403695835077,2369.702015367249,2433.8403695835077,2852548,2359.2999877929688,2336.605822753906,2371.1967809512066,2353.550281507927,55.300930475955084,17.64649944327948,15.444523829741476,2.2019756135380053,2419.0984014780765,2299.501574107861,0.05030801951451889,47.68698177059144,125218846.0,61.372559097897174,81.98932796386448,-0.014584223043060285,-0.014691618287089751,0.012897566357189845,0.02762527848849783
2020-12-04,2393.17236328125,2403.0871087763203,2368.12234161248,2378.475790764759,2686527,2361.135986328125,2341.353928222656,2374.5776397712134,2356.4852505281733,59.65580586966219,18.09238924304009,15.9740969124012,2.118292330638889,2422.792249145291,2299.479723510959,0.051526804974991264,47.98780384327698,127905373.0,72.22046824027767,76.70170642855565,0.0066802322512427015,0.00665801837413911,0.01270262642459948,0.020549385999436565
2020-12-07,2402.077880859375,2407.605589596008,2374.3956381805774,2382.1607783357003,1996400,2362.4630615234373,2348.6425732421876,2378.8084460924692,2359.8624824045587,59.28320872106572,18.945963687910535,16.568470267503066,2.3774934204074682,2426.5201823206357,2298.405940726239,0.053334757634320454,48.34504805016344,129901773.0,78.30365576005711,70.63222769941065,0.0037212186279449444,0.0037143120225960244,0.012608525913861565,0.021916348262526197
2020-12-08,2454.371337890625,2461.6099476872682,2397.471392168468,2404.095859733607,4277818,2365.5646728515626,2355.40359375,2390.4335063691087,2366.8631383664897,65.6979120188448,23.570368002619034,17.968849814526262,5.601518188092772,2440.7527150127685,2290.3766306903567,0.06126867683015333,50.109272478570965,134179591.0,95.84382437510789,82.1226494584809,0.021770092238866612,0.021536507804130658,0.013406735261861482,-0.012780131113720561
2020-12-09,2466.21630859375,2491.8365571134705,2450.729942309182,2469.901376152965,3659996,2372.636584472656,2362.3316064453124,2402.0923990190536,2374.222632457398,73.47957786704623,27.869766561655524,19.949033163952116,7.920733397703408,2457.637964806344,2287.635204138968,0.06893262366118737,49.34782502731836,137839587.0,86.45329754855162,86.8669258945722,0.0048260711491623365,0.00481446300064598,0.01146116172890339,0.00120950873038006
2020-12-10,2442.96484375,2480.693352329908,2439.411301843931,2472.5334227483854,2127801,2376.870080566406,2367.7094677734376,2408.380467439199,2379.314648108702,68.04609557467057,29.065819330497106,21.772390397261116,7.29342893323599,2467.134948840898,2286.6052122919145,0.07389780373256066,49.19433564388448,135711786.0,74.15908910073534,85.48540367479829,-0.009427990871168968,-0.00947271570932235,0.01145336675555812,0.019358641443302682
2020-12-11,2442.3505859375,2463.49596935822,2425.6359371786198,2450.334862337169,1795408,2381.807653808594,2373.0069140625,2413.606639515861,2383.983976836761,65.988304360809,29.622662679099903,23.342444853628876,6.280217825471027,2475.1603442509067,2288.454963366281,0.07644495510170939,48.86217069655517,133916378.0,73.83430037717221,78.1488956754864,-0.00025143948103534264,-0.0002514710972414737,0.01130905677377207,0.027805844699270388
2020-12-14,2454.72265625,2460.2503657484403,2418.354162123445,2458.4955509369224,2483658,2387.9867919921876,2378.007509765625,2419.9321805518825,2389.2238790155193,60.93498083385866,30.70830153636325,24.815616190175753,5.892685346187498,2483.5523478219243,2292.421236162451,0.07786260951836334,47.483389187747434,136400036.0,80.37603064556862,76.12314004115872,0.005065640610211863,0.005052853418181837,0.011187065963147598,0.008024431540604837
2020-12-15,2423.004150390625,2452.0901164400307,2417.257089785099,2444.456715840757,2365509,2391.987756347656,2379.1873974609375,2420.4047912963047,2391.7261213396014,55.3406590736777,28.67866995670329,25.58822694348126,3.0904430132220284,2486.312582488634,2297.6629302066785,0.07785775036808833,47.77796663904639,134034527.0,63.60487556742919,72.60506886339,-0.01292142139912067,-0.013005629140262785,0.011693559831822567,0.04017653059939286
2020-12-16,2469.19921875,2474.112784593812,2422.038583290339,2438.31452916089,2565149,2398.4871337890627,2381.14265625,2427.9116262891807,2397.464869295927,64.05267466881051,30.44675699325353,26.559932953435716,3.8868240398178138,2495.378855679088,2301.5954118990376,0.07848027907531518,48.69298239679025,136599676.0,88.0305108333268,77.33713901544154,0.019065203974961253,0.018885740392607167,0.012280476284510919,0.03359772351549961
2020-12-17,2490.25732421875,2503.8571371950884,2461.1274450728747,2466.3918888056505,2863460,2407.7679077148437,2383.14078125,2437.503272124499,2404.3383844753957,64.4684734745473,33.16488764910309,27.880923892569193,5.2839637565339,2502.3419687783476,2313.1938466513398,0.07595525180770138,48.55197069412884,139463136.0,93.2388326604837,81.6247396870799,0.008528313677099941,0.008492153057299051,0.011614465136883002,0.02506878858175221
2020-12-18,2510.26220703125,2542.7262761190364,2497.2765365539835,2516.40405793975,6076692,2417.5992919921873,2383.970751953125,2448.696954417845,2412.184593553607,73.35471432774816,36.51236086423796,29.60721128690295,6.905149577335013,2511.8509892006127,2323.347594783762,0.07509310935282075,49.06903319207429,145539828.0,86.47415384064026,89.24783244481692,0.008033259301335915,0.008001164443469561,0.011650352855043775,0.0239076237250333
2020-12-21,2474.42041015625,2532.636477224189,2443.5796255220394,2510.26258837291,2705195,2424.6141723632813,2384.306669921875,2452.6544091468304,2416.794654042692,62.22022774183334,35.85975510413846,30.857720050350053,5.002035053788404,2513.4335761286466,2335.794768597916,0.07179006720184354,48.44545214674132,142834633.0,60.879537934564574,80.19750814522952,-0.014278108786646704,-0.0143810217581739,0.012289543403245957,0.039129171860597944
2020-12-22,2520.35205078125,2530.135054867614,2473.103589836881,2486.571875339969,2881737,2431.1179321289064,2385.2633056640625,2463.069430936741,2424.465572319622,64.93733823846372,38.60385861711893,32.40694776370383,6.196910853415098,2528.0312661911607,2334.204598066652,0.07690460071418471,49.24451842378202,145716370.0,87.18572671235079,78.17980616251853,0.018562585580232716,0.018392403574667274,0.011847299753100334,0.012811233394702137
2020-12-23,2552.15869140625,2561.1521169625594,2514.166909384758,2523.4675132053526,2790988,2439.3085205078123,2386.9163427734375,2476.775471008973,2433.9243218815946,74.44196016956603,42.85114912737845,34.49578803643876,8.355361090939688,2547.9777090050334,2330.6393320105913,0.08515864539547412,48.019293663892185,148507358.0,95.34091279909939,81.13539248200492,0.012619919750949338,0.01254095224537862,0.012016163259000493,-0.015814392725520876
2020-12-24,2552.68505859375,2563.213946377933,2529.740728770922,2552.37788034907,1807144,2448.4357421875,2388.666787109375,2488.453869098939,2442.7214134899023,73.29572438633879,45.732455609036606,36.74312155095833,8.989334058078278,2563.1405189600855,2333.730965414915,0.08986990101769553,47.91275440983294,150314502.0,94.423799320285,92.31681294391171,0.0002062439100172231,0.00020622264466586273,0.011763340202173447,0.006496204306930986
2020-12-28,2570.276611328125,2588.0880206444162,2546.235739308409,2553.254997032209,2108994,2457.5958618164063,2391.97986328125,2501.0419832880443,2452.169946663104,73.95646718818435,48.87203662494039,39.168904565754744,9.703132059185648,2580.626399421109,2334.5653242117037,0.09573330517226296,48.53006368987413,152423496.0,90.65589950907919,93.47353720948786,0.006891391742648523,0.0068677546354805885,0.01175966750755327,0.03756758381789704
2020-12-29,2571.242431640625,2590.1066910776744,2562.0296537760196,2562.0296537760196,1994151,2468.6007568359373,2394.9139111328127,2511.8420522653646,2460.990130735513,69.4965080046322,50.85192152985155,41.50550795857411,9.346413571277445,2590.911784342665,2346.2897293292094,0.09513768596972419,45.95424096007803,154417647.0,89.08631590881743,91.38867157939387,0.0003757651251399263,0.0003756945431062482,0.010937324946654189,0.05545106258573429
2020-12-30,2552.640869140625,2586.333220719538,2546.235753589584,2574.66366184612,2637968,2476.6071044921873,2398.38404296875,2518.118793323097,2467.7790743210767,64.09955541667506,50.3397190020205,43.27235016726339,7.0673688347571115,2598.910817445796,2354.3033915385786,0.09582524077880461,45.88215898333988,151779679.0,78.32461188359014,86.02227576716224,-0.007234464658445683,-0.007260760297896937,0.010785706342998696,0.04887774676520773
2020-12-31,2511.7978515625,2548.868311514824,2496.2238713458432,2544.4812748340755,4040956,2481.5732177734376,2400.555634765625,2517.146340744544,2471.039724487108,60.62004104014462,46.106616257436144,43.83920338529794,2.267412872138202,2600.943259722105,2362.2031758247704,0.0950474910824622,46.96322664825451,147738723.0,54.69538897971115,74.03543892403957,-0.01600029916933643,-0.016129685963808333,0.011534188411821793,0.05940073426925507
2021-01-01,2569.267822265625,2579.577357623474,2526.0555144891096,2526.9329217536074,2681440,2491.1720336914063,2404.9926806640624,2525.165030209326,2478.315879878109,66.65899708588765,46.849150331216606,44.44119277448168,2.407957556734928,2606.023567434435,2376.320499948378,0.08940409617690262,49.1003319254955,150420163.0,87.94393006573628,73.65464364301252,0.02288001427637787,0.022622191993320325,0.011725587319095065,0.06579003757321189
2021-01-04,2666.835693359375,2676.750439131033,2580.4110704783106,2588.351649737457,5113293,2504.8552001953126,2411.4556640625,2546.9605168477947,2492.2803105063513,72.75291359323168,54.68020634144341,46.48899548787403,8.19121085356938,2634.7667979360117,2374.9436024546135,0.09742752286103634,53.785075728382125,155533456.0,96.1791907971397,79.60616994752904,0.037974971020231285,0.03727167175570877,0.013979729307110169,0.04507386418408488
2021-01-05,2713.820556640625,2732.465460238625,2666.9670963421863,2666.9670963421863,5801309,2520.442333984375,2418.583720703125,2572.6312922005377,2508.69069910889,80.20595708191152,63.94059309164777,49.97931500862878,13.961278083018989,2671.515706440552,2369.3689615281983,0.11133630194266574,55.79680432940706,161334765.0,93.99378565985253,92.70563550757618,0.017618207000245967,0.017464805542957262,0.014228749253210195,0.026462941203829526
2021-01-06,2677.408203125,2731.807452213563,2664.8612367027454,2719.96245442815,3726716,2531.5941772460938,2424.9589697265624,2588.7508169581474,2521.188291998972,72.07444219903037,67.56252495917533,53.495956998738095,14.06656796043724,2694.5896009775697,2368.598753514618,0.12175612485330553,56.85909105850309,157608049.0,80.9415172023063,90.37149788643285,-0.013417376998831165,-0.01350820335081827,0.014378829741591274,0.03521207543150773
2021-01-07,2661.00048828125,2703.159945329196,2632.4408422674323,2698.0270277384734,3717827,2541.333386230469,2432.0247216796874,2599.8661510078555,2531.5447509828446,68.2825730954112,68.32140002501092,56.46104560399266,11.860354421018258,2711.0206202142363,2371.6461522467016,0.12753641702138052,58.85833469704237,153890222.0,75.26186355650184,83.39905547288689,-0.0061282081770719365,-0.0061470627139543444,0.01457132909213523,0.07388752725135506
2021-01-08,2738.300048828125,2744.5297256415956,2684.8660359537353,2711.188251992497,5879039,2556.100146484375,2440.7759716796877,2621.1636737494355,2546.8599582306433,71.74892925025794,74.30371551879216,60.029579586952565,14.274135931839595,2740.507418517171,2371.6928744515785,0.13468741098092205,61.076926515618034,159769261.0,97.92999676292678,84.7111258405783,0.029049059136702082,0.028635132233112606,0.015242496932771462,0.038003037960598895
2021-01-11,2787.040283203125,2834.0254854086306,2760.8058914838007,2834.0254854086306,9508039,2573.3346313476563,2450.3186572265627,2646.683152126926,2564.65109341379,79.09991214081143,82.03205871313594,64.43007541218924,17.6019833009467,2776.4589304726055,2370.210332222707,0.14576344687167558,61.55325400692917,169277300.0,86.98189198747711,86.7245841023019,0.017799449843291848,0.01764289463726724,0.015396961036323953,0.01619153663322237
2021-01-12,2785.63623046875,2816.4770067115314,2763.83257667954,2787.0399534098296,3611458,2589.8803100585938,2459.2682080078125,2668.0605487948988,2581.0203628252684,76.92575694431636,87.04018596963033,68.95209752367747,18.088088445952863,2805.828896982696,2373.9317231344917,0.15504435544174663,61.23989436416189,165665842.0,85.675244603259,90.19571111788764,-0.0005037791318758256,-0.0005039060712174002,0.015478879543331272,0.028995266068277514
2021-01-13,2771.685302734375,2787.522544800205,2742.994131470457,2785.7677304817917,3572801,2607.3143676757813,2468.9960107421875,2684.0028186317413,2595.1436917074243,73.1194600935633,88.85912692431702,72.93350340380537,15.92562352051165,2822.836738389248,2391.791996962315,0.15551720139428907,61.06440906072953,162093041.0,81.54532717434445,84.73415458836018,-0.00500816566850415,-0.0050207485592336665,0.015052766148117961,0.04942999639825274
2021-01-14,2857.615234375,2871.5046923112336,2743.0714714427045,2773.4876180137585,6931542,2626.7351684570312,2479.933515625,2710.7124210537813,2614.5860282013186,77.21767357095501,96.12639285246269,77.57208129353684,18.554311558925846,2859.1904240352383,2394.2799128788242,0.16269178074216714,67.84726643655225,169024583.0,96.29891612860293,87.83982930206878,0.031002773495191427,0.030531895133233098,0.01578158323822865,0.007121783966771877
2021-01-15,2842.36376953125,2878.0981645602974,2821.83723525918,2843.814160767429,4131692,2644.3404907226563,2490.2229248046874,2730.9664746656995,2631.4584534850173,74.38802837087566,99.50802118068214,81.9592692709659,17.54875190971623,2886.4100379105976,2402.270943534715,0.1703297444069675,68.87645557691725,164892891.0,90.64236696082448,89.49553675459062,-0.00533713029671945,-0.005351423656320393,0.016034182218948152,0.021571985382297543
2021-01-18,2832.166748046875,2862.934447645429,2801.970362736347,2857.0006770085647,4160906,2660.4357177734373,2499.7372119140623,2746.5357474935727,2646.3257345636734,73.00674220978073,100.21001292989922,85.60941800275258,14.600594927146645,2907.719702002266,2413.1517335446088,0.17462530015180855,71.22553040601919,160731985.0,87.97211089343797,91.63779799428846,-0.0035875145868667913,-0.0035939651496019773,0.01619518061545608,0.02158741542969289
2021-01-19,2866.406494140625,2882.493647080035,2841.177025728171,2842.0561027782105,2975735,2680.035021972656,2509.5546142578123,2764.9774008238883,2662.628013050855,76.92348623499262,102.34938777303341,88.95741195680874,13.391975816224672,2927.3784285167226,2432.6916154285896,0.17258083042281297,71.95620411339102,163707720.0,95.8352545420384,91.4832441321003,0.012089593989253133,0.012017098556516033,0.015500971575916823,0.00010706254198500353
2021-01-20,2908.689697265625,2925.523934097384,2872.0322333632444,2874.581470532571,3453446,2699.451904296875,2519.8816259765626,2787.086984891848,2680.854804474171,83.97238523216251,106.23218041767677,92.41236564898236,13.819814768694414,2954.8538028493026,2444.0500057444474,0.17561302519998853,72.14909283924655,167161166.0,95.78584038026716,93.19773527191451,0.014751293374276608,0.01464355131036339,0.015380678963883584,-0.033924394617320996
2021-01-21,2877.966552734375,2908.9978016243012,2867.6373971573257,2905.349717629565,2778546,2715.742297363281,2530.9453955078125,2801.068456867621,2695.4556747156676,77.69134475280515,105.61278215195352,95.0524489495766,10.560333202376924,2973.1413393984008,2458.3432553281614,0.17887563133113077,70.26201415396092,164382620.0,86.21975985909242,92.613618260466,-0.010562537681531259,-0.010618717231932766,0.015825919088375485,-0.049635604430245284
2021-01-22,2903.67919921875,2922.9308988404446,2849.879517446125,2849.879517446125,3052459,2733.2920043945314,2541.8530810546877,2816.854724921641,2710.8796394936735,74.3898581958569,105.97508542796731,97.23697624525475,8.738109182712563,2991.741038001616,2474.842970787447,0.17801486725986912,67.80264019174031,167435079.0,92.54657280187494,91.51739101374484,0.008934310393546863,0.008894635578743171,0.01577385009766321,-0.04957468257791886
2021-01-25,2893.305908203125,2935.9411388007775,2882.185456399921,2908.821529985637,2272887,2749.443469238281,2552.847216796875,2828.6164454264845,2724.3926964351144,69.99055904780539,104.22374899137003,98.63433079447782,5.589418196892211,3005.3602212547225,2493.5267172218396,0.17690265746934272,66.9544913004265,165162192.0,85.95216179835668,88.23949815310802,-0.0035724645540787803,-0.003578861044274135,0.015935660630422413,-0.026691461238525283
2021-01-27,2866.71337890625,2906.6233789065977,2836.7807715968115,2900.9533765941983,2786662,2764.2170166015626,2563.5586865234377,2834.477512115679,2734.934969210754,71.55577523323825,99.54254290492509,98.81597321656727,0.726569688357813,3010.761575060149,2517.672458142976,0.17200502866641773,67.16137642892424,162375530.0,77.19021671937858,85.22965043987007,-0.009191053466375498,-0.009233551801699508,0.016255517331154466,-0.018705409222131264
2021-01-28,2810.01416015625,2878.977720960609,2798.8059262807546,2839.4192484588602,3083938,2777.0856811523436,2572.8992724609375,2830.713919506536,2740.4963907622723,65.54178273498383,90.21752874426375,97.09628432210657,-6.878755577842824,3003.1485058334283,2551.022856471259,0.1608979968047667,67.8365686873593,159291592.0,49.84489612188188,70.99575821320572,-0.01977847494876961,-0.019976686891417194,0.017000796923915408,-0.002534184293791597
2021-01-29,2735.116943359375,2827.859588342265,2725.1393312507994,2821.881820433894,5445659,2788.2516357421873,2580.8173779296876,2816.006692406973,2740.0979131768727,49.666337387283015,75.90877923010021,92.85878330370531,-16.9500040736051,2978.3408529804165,2598.162418503958,0.13899896872764372,69.20735581101073,153845933.0,4.733171989601053,43.922761610287175,-0.026653679493455096,-0.02701532949075989,0.017838059720250633,0.014977096839527304
2021-02-01,2759.730224609375,2782.2784618413975,2675.9981476771814,2725.138461835176,3985846,2797.774755859375,2589.9191455078126,2807.3487742842653,2741.552158468169,46.98476397550425,65.79661581609616,87.44634980618349,-21.649733990087327,2958.4849159656615,2637.0645957530887,0.11646802189082378,69.96127563841863,157831779.0,32.211707870999724,28.92992532749422,0.008998986792779995,0.008958737201274956,0.01734515775101953,0.02381081498303006
2021-02-02,2816.079345703125,2834.1444220864487,2769.0927200906676,2790.1905693865965,2881837,2805.2369384765625,2599.9680419921874,2808.6919391179363,2747.0726908559436,52.99747451898384,61.61924826199265,82.28092949734533,-20.661681235352674,2953.7440181939014,2656.7298587592236,0.10547080638472517,71.51625902735307,160713616.0,53.889199866442944,30.278026575681242,0.020418344007420375,0.020212684395020213,0.015904969009008642,-0.008287976560386157
2021-02-03,2813.09033203125,2844.69310653024,2780.2127242168735,2824.474335995569,2505866,2810.2004272460936,2609.547392578125,2809.368614950754,2751.962886498559,54.166746513757225,57.405728452195035,77.30588928831527,-19.900160836120236,2952.342070432231,2668.058784059956,0.10105729031708786,72.94139966904011,158207750.0,52.73932709667001,46.280078278037564,-0.0010614096070963308,-0.0010619733011821952,0.015536034753127795,0.004140450381161287
2021-02-04,2802.89306640625,2846.319599731516,2791.948600489851,2827.155677875,2057261,2816.4746704101562,2617.799716796875,2808.372376713138,2755.735492417647,43.50275378138175,52.636884295490745,72.37208828975037,-19.73520399425962,2944.292363070769,2688.6569777495433,0.09120411634147378,67.65124098140697,156150489.0,48.816441705191146,51.814989556101374,-0.003624933585988588,-0.0036315195784139055,0.015177667811193821,0.00550413086367052
2021-02-05,2776.0810546875,2818.188970021207,2750.631819511196,2812.12321020043,2366135,2822.2286987304688,2625.5543994140626,2803.4044810168857,2757.242571104303,42.34042336957274,46.161909912582814,67.13005261431685,-20.96814270173404,2929.245390188461,2715.2120072724765,0.07709911155316679,68.45811392489934,153784354.0,38.501867881618246,46.685878894493136,-0.009565834687060404,-0.009611881167655916,0.015298335394141894,0.01040223280134045
2021-02-08,2825.441650390625,2835.902581505412,2773.619886265713,2803.8162689744304,2526592,2826.5857788085937,2634.660419921875,2806.7948147666916,2762.2943547551417,49.28735746226904,44.500460011549876,62.60413409376346,-18.103674082213587,2926.0436144007554,2727.127943216432,0.07040162063046772,68.55230037708627,156310946.0,57.49087600589017,48.26972853089985,0.01778067525073812,0.01762444820784615,0.014442174035342752,-0.023101597864479295
2021-02-09,2792.73974609375,2853.3082825643633,2781.3997381918516,2808.6511262714807,2658751,2826.870751953125,2642.77373046875,2804.632496509316,2764.549568928372,42.168184981149444,40.08292758094376,58.09989279119953,-18.01696521025577,2925.883163245541,2727.858340660709,0.07090700909807736,70.09384647275427,153652195.0,44.9104620638192,46.9677353171092,-0.011574085875160067,-0.011641586954757841,0.014206832465898949,-0.021436198177787635
2021-02-10,2824.73779296875,2830.100033187631,2775.509487487617,2799.85987423943,2127983,2828.825830078125,2652.245595703125,2807.7256190415364,2769.007955894326,40.87517560015266,38.71766314721026,54.22344686240168,-15.50578371519142,2925.935904025378,2731.715756130872,0.06875687661274367,69.77049688298676,155780178.0,57.22010224167753,53.20714677046231,0.011457582798309884,0.01139244179660073,0.014425828027558266,-0.043631071952025424
2021-02-11,2818.320556640625,2830.0123223975274,2799.9039384097105,2826.232248783409,1165882,2831.1575927734375,2660.761728515625,2809.355609441396,2772.6607411347927,43.155363251002306,36.69486830660344,50.717731151242035,-14.022862844638595,2924.6633699709473,2737.6518155759277,0.06635567198144884,68.96678113447544,154614296.0,54.75139312189631,52.293985809131016,-0.0022717989415154127,-0.002274383391706816,0.01438079028746094,-0.046365936606368674
2021-02-12,2804.95849609375,2853.043957554055,2797.2225767792333,2799.156502953269,2777404,2828.524755859375,2668.61138671875,2808.679130464835,2775.0531674280487,38.34088578693045,33.62596303678629,47.29937752835089,-13.6734144915646,2921.8589810002977,2735.1905307184525,0.06654945181606219,67.73606680451131,151836892.0,49.61101196021679,53.86083577459687,-0.0047411429176822395,-0.004752417787059038,0.012551855386632596,-0.037278866683320144
2021-02-15,2760.16943359375,2820.9575097276024,2752.873053078697,2820.9575097276024,2630853,2824.4150390625,2676.2689453125,2801.216100176976,2773.950668625508,35.45841975165965,27.265431551467827,43.292588332974276,-16.02715678150645,2922.310477220003,2726.519600904997,0.07093436871376618,68.75955067937194,149206039.0,36.49699795096296,46.95313434435869,-0.015967816480127683,-0.01609667563560177,0.012969800613488082,-0.05777348218864653
2021-02-16,2732.8740234375,2784.607564813562,2725.138104603984,2769.0919450008228,3435770,2819.450402832031,2683.062978515625,2790.701934524749,2770.907954167137,35.40405976653663,19.793980357611872,38.5928667379018,-18.79888638028993,2925.427978562089,2713.4728271019735,0.07755760040249168,68.01861160078563,145770269.0,28.02049232836873,38.04283407984949,-0.009889034283200204,-0.00993825555210703,0.013101962616951509,-0.041366278560767133
2021-02-17,2701.491455078125,2754.0163027275794,2677.2728422340697,2729.6219174175817,3678426,2811.2046508789062,2689.05125,2776.9772453791147,2765.765991271655,37.47327733453148,11.211254107459808,33.116544211813405,-21.905290104353597,2927.00667021179,2695.4026315460223,0.08573191606081537,67.77373058747528,142091843.0,14.377806106244654,26.298432128525448,-0.01148335711424453,-0.0115498000076283,0.012854015730632056,-0.04067541177566758
2021-02-18,2687.646484375,2723.292889441269,2664.482716711281,2694.371338409791,4189909,2800.152490234375,2693.7167529296876,2763.2340513784816,2759.979361131162,43.621491784396234,3.2546902473195587,27.144173418914637,-23.889483171595078,2918.9342827696664,2681.3706976990834,0.08839093476455753,64.6372959902269,137901934.0,12.267283595283567,18.221860676632318,-0.005124935959763932,-0.0051381134859927085,0.012169244642558016,-0.020295496248387668
2021-02-19,2700.392822265625,2713.8425289396955,2651.428060692321,2688.2175197249344,3725028,2791.2738037109375,2698.400283203125,2753.5661699765037,2755.5655434374185,41.76431281122299,-1.9993734609147396,21.31546404294876,-23.3148375038635,2912.0943615406673,2670.4532458812077,0.08948369054570476,61.50402128188106,141626962.0,24.25436286873939,16.966484190089204,0.0047425649038024265,0.0047313543733417725,0.012207644069879184,-0.05779920799644944
2021-02-22,2600.704833984375,2721.6218962319185,2587.254915410718,2721.6218962319185,5366696,2776.1250854492187,2701.5550830078123,2730.04904136233,2744.09437977423,23.317294604056485,-14.045338411900048,14.243303551979,-28.288641963879048,2912.5690358902475,2639.68113500819,0.10492843990449445,65.7863629493187,136260266.0,5.055346120028374,13.858997528017108,-0.03691610622694963,-0.03761475387251489,0.014000616565641168,-0.011576920957519166
2021-02-23,2619.8251953125,2661.845118240103,2609.100498988318,2610.8586529633776,3832829,2762.4510498046875,2705.1045751953125,2713.0915265854333,2734.8892549992875,26.976667619723315,-21.797728413854202,7.03509715881236,-28.83282557266656,2904.161834281635,2620.74026532774,0.1081833892814699,65.54778451663024,140093095.0,12.242010033592434,13.850573007453399,0.007351992074714486,0.007325097917623003,0.014285903771168139,0.00877464540401629
2021-02-24,2591.607177734375,2640.176185511166,2567.915879169328,2612.617033712622,3774549,2748.6957397460938,2707.842265625,2694.4016267621937,2724.275767794479,25.866091381678515,-29.87414103228548,-0.34675047940720793,-29.52739055287827,2900.8190068230037,2596.5724726691838,0.11739685580736708,66.82559216664256,136318546.0,8.301306651169291,8.5328876015967,-0.010770954347875561,-0.010829380995912725,0.01431548160962604,0.03765130511153658
2021-02-25,2633.099365234375,2663.5153004809417,2609.496062078548,2614.3749823229737,4224073,2739.85,2712.044169921875,2684.970509604068,2717.5219601974345,34.198011006448624,-32.55145059336655,-6.787690502199077,-25.763760091167477,2897.436868755497,2582.263131244503,0.11969686433878285,67.13637589782515,140542619.0,22.839951340468133,14.461089341743284,0.016010214764211828,0.01588340300753331,0.014596257427289533,0.018161504101695147
2021-02-26,2544.312255859375,2612.924249244175,2531.7414135558906,2602.067563932443,5553153,2730.309765625,2713.5464306640624,2663.330778258731,2704.691611727949,21.42083500800244,-41.36083346921805,-13.702319095602872,-27.658514373615176,2910.573891629397,2550.045639620603,0.14169968767729763,69.92746564345268,134989466.0,3.9092467275022855,11.68350157304657,-0.03371961975582227,-0.034301238183647206,0.0152654195786564,0.03930162472725862
2021-03-01,2570.5966796875,2606.463060851563,2550.9054425793493,2572.179061062959,3265871,2720.8530883789062,2715.1532177734375,2649.0639938631566,2694.758653799027,27.11874039304095,-45.69465993587028,-20.100787263656354,-25.593872672213923,2914.002127294567,2527.7040494632456,0.15027564646130423,69.23048425914385,138255337.0,12.093046524932099,12.947414864300839,0.010330659598716263,0.010277663015453195,0.015325580439858193,0.028298542980240482
2021-03-02,2642.813232421875,2659.2079326718103,2591.519003476528,2602.0679275069615,3306469,2712.1897827148437,2717.80423828125,2648.1023382568055,2690.910844808127,32.69508819771734,-42.80850655132144,-24.642331121189372,-18.16617543013207,2902.8822825507627,2521.4972828789246,0.14431023539349272,71.66053477945073,141561806.0,34.56923106910516,16.857174773846513,0.02809330351393524,0.0277059250874253,0.01603391041801397,0.014835339390998348
2021-03-03,2689.1845703125,2693.49196181922,2634.505808531232,2667.9987284991294,3509857,2705.994494628906,2722.099521484375,2654.422681649989,2690.782972623266,38.58412710101927,-36.36029097327673,-26.985923091606846,-9.374367881669887,2890.8460294521465,2521.1429598056657,0.13747775951411137,73.72323258660579,145071663.0,49.001528216041415,31.887935270026222,0.017546203160232476,0.01739404581496275,0.016681966592979956,0.00387338968124995
2021-03-04,2680.92041015625,2708.8310978912036,2651.339562388436,2657.4491030791883,3916760,2699.895861816406,2725.310888671875,2658.499255266337,2690.0524124405238,38.93505995607968,-31.55315717418671,-27.89936990812282,-3.653787266063887,2879.2534506582037,2520.5382729746084,0.13380299404811075,73.84252935288762,141154903.0,51.58046131404589,45.05040686639749,-0.003073110060009654,-0.003077841759238431,0.016679797169563214,0.0027053879182774576
2021-03-05,2644.307861328125,2692.7888765877847,2634.2424716557,2651.38447476698,3203686,2693.3072021484377,2727.1538720703124,2656.3159638912275,2686.6639271729387,39.511448207672856,-30.347963281711145,-28.389088582840486,-1.958874698870659,2870.549867006241,2516.0645372906342,0.13405599813085448,73.16123994454331,137951217.0,44.51621824903075,48.366069259706016,-0.013656708602547085,-0.0137508192576227,0.01680095113160121,0.01931450080947572
2021-03-08,2643.3408203125,2666.2408214953202,2633.7149690735178,2651.2965109231404,2003125,2684.2021606445314,2728.9669873046873,2654.3197879560385,2683.4548081462394,41.48916814078437,-29.135020190200976,-28.538274904312587,-0.5967452858883888,2851.282451430762,2517.1218698583007,0.12641600318984084,71.23669653113078,135948092.0,50.20783371976224,48.76817109427963,-0.0003657066674298548,-0.000365773554420999,0.016136647733889415,0.03428731397183582
2021-03-09,2682.020263671875,2696.0415006414014,2630.28670456108,2643.340870863011,1942397,2678.6661865234373,2731.2018603515626,2658.5813996046286,2683.348545592583,48.17443596779912,-24.767145987954336,-27.78404912104094,3.016903133086604,2837.7501266197005,2519.582246427174,0.11862993151175229,70.45179193018875,137890489.0,78.453506777011,57.725852915268,0.014632787063305175,0.01452676088882763,0.016481308154587728,0.02032150401140398
2021-03-10,2699.600830078125,2719.1602886900496,2689.974982134355,2703.1611340075624,3053778,2672.4093383789063,2733.7690283203124,2664.892081215936,2684.5524185174377,51.11300937690522,-19.66033730150184,-26.159306757133123,6.498969455631283,2816.434158681953,2528.38451807586,0.10670082680251543,68.90392423648778,140944267.0,88.40267001414271,72.35467017030533,0.006554971505763785,0.006533581104805854,0.016307872336497418,-0.011217930891656569
2021-03-12,2688.17333984375,2740.0828771190104,2673.5807911171387,2703.16164489604,2938317,2665.9019775390625,2736.479677734375,2668.4738133125225,2684.820634911979,48.85950420628238,-16.34682159945669,-24.196809725597838,7.849988126141149,2792.925773342393,2538.878181735732,0.09450565848608082,69.19589693323759,138005950.0,75.08439444158721,80.64685707758031,-0.004233029604619132,-0.004242014238213471,0.016314627832540004,-0.0025345212382290594
2021-03-15,2695.38134765625,2724.2591074890815,2673.2726511372366,2673.2726511372366,3097083,2660.4231201171874,2740.15134765625,2672.613433980788,2685.602909930073,60.68030980266804,-12.989475949284952,-21.955342970335263,8.965867021050311,2770.5172641971576,2550.328976037217,0.0816909593707041,63.240145185426464,141103033.0,78.54410317608098,80.67705587727029,0.002681377612694824,0.002677789133025284,0.016338997833828424,0.020710340551083783
2021-03-16,2733.973876953125,2761.181271261382,2689.976023578424,2689.976023578424,4894756,2659.1133422851562,2743.44546875,2682.0535021303785,2689.185944524373,62.33502618234007,-7.132442393994552,-18.99076285506712,11.85832046107257,2764.7437795682363,2553.482905002076,0.07727245543457774,63.95907114451432,145997789.0,88.14181869653108,80.59010543806643,0.014318021949077053,0.014216487110522933,0.016366366323506933,0.01046591031166444
2021-03-17,2736.52294921875,2773.4881833018144,2712.216553840037,2729.534329366762,3838390,2659.295788574219,2744.8392138671875,2690.4334170670513,2692.692389316549,66.57951996479613,-2.258972249497674,-15.644404733953232,13.385432484455558,2765.4738341902676,2553.1177429581703,0.07760069810221135,63.174165653081445,149836179.0,84.70910940288387,83.79834375849863,0.0009323689180475991,0.0009319345321322441,0.016212511710462542,0.0026179435118733885
2021-03-18,2669.31689453125,2765.9713526955748,2625.8465865790577,2747.9502770038603,3656306,2657.687060546875,2743.949140625,2687.1847212923126,2690.960871184305,53.91332424659184,-3.7761498919921905,-13.270753765561025,9.494603873568835,2762.1341064974745,2553.240014596275,0.07825750937596435,68.04678303664933,146179873.0,56.908922141703215,76.58661674703939,-0.02455892237508428,-0.024865522972971517,0.016954777556767792,0.009336332793769442
2021-03-19,2681.360107421875,2724.2590997052175,2641.625877577986,2663.602798356505,5776626,2657.3727416992188,2744.0281787109375,2686.288626850707,2690.249703498199,67.75220009545131,-3.961076647492064,-11.408818341947233,7.4477416944551695,2761.4774469192944,2553.268036479143,0.07765067059207664,66.70930235441698,151956499.0,58.60951501383546,66.74251551947418,0.00451172092579144,0.0045015736226874355,0.0169521959691045,0.005442393782816524
2021-03-22,2751.20361328125,2759.8186119512543,2653.626053297457,2680.042363586126,2821646,2659.91328125,2745.8322412109374,2696.2755478400213,2694.764807926573,71.02224288253107,1.5107399134481057,-8.824906690868167,10.335646604316272,2770.703665725679,2549.1228967743214,0.08053957470893518,69.85514190167477,154778145.0,87.75365694188548,67.75736469914138,0.02604779032329585,0.025714324926269218,0.01790704655037239,0.009234150890989667
2021-03-23,2762.58740234375,2785.7949487612345,2745.225631994102,2760.301716349093,3305973,2668.0074096679687,2746.31798828125,2706.4773716098257,2699.788703809327,66.2415009313973,6.688667800498479,-5.722191792594838,12.410859593093317,2784.1107717446002,2551.904047591337,0.08405407335031696,66.4235750290192,158084118.0,85.49060077782687,77.2845909111826,0.004137748659367002,0.004129211718424749,0.01551481028170074,0.011216857356924015
2021-03-24,2743.68701171875,2771.11416820784,2734.9400248267016,2734.984021595591,2207104,2674.2005004882812,2745.4509228515626,2712.2019316265832,2703.0404303211362,57.98552287942332,9.161501305447018,-2.7454531729864673,11.906954478433486,2792.6721223750683,2555.728878601494,0.08635942903164592,64.79414574995856,155877014.0,73.67404300441572,82.30610024137603,-0.006841553903042197,-0.006865064627566648,0.015636081956596486,0.014065670286066867
2021-03-25,2694.238525390625,2752.2575922323485,2681.184149503896,2735.862681694699,3179786,2679.332067871094,2743.62296875,2709.438330667205,2702.3884373633205,51.74119348695962,7.049893303884346,-0.7863838776123045,7.8362771814966505,2791.461645608241,2567.202490133947,0.08323656326671361,65.76428198036463,152697228.0,42.75876156408728,67.30780178210996,-0.018022641109179838,-0.018187027012795304,0.016037216312252495,0.0567893855531747
2021-03-26,2695.953125,2740.9618201102044,2675.075048275299,2716.918980645141,3697370,2682.474755859375,2742.1083251953123,2707.3636836414807,2701.91174755863,57.43002835654662,5.451936082850807,0.4612801144803177,4.990655968370489,2792.654721043451,2572.294790675299,0.0817373003724433,66.28859390199464,156394598.0,43.83073228386958,53.42117895079085,0.0006363948823449039,0.000636192468993761,0.015698554737226162,0.06452977118481984
2021-03-30,2776.608642578125,2802.89295847513,2690.76664657172,2710.1943337083953,4694008,2694.0895751953126,2740.488193359375,2718.016754247118,2707.4448508934074,65.59663303488877,10.571903353710695,2.4834047623263933,8.088498591384301,2791.138069981469,2597.041080409156,0.06990433819009176,71.97434100782377,161088606.0,85.15399348974765,57.24782911256816,0.029917255174132462,0.029478464232137274,0.01464104509795017,0.03572825050652906
2021-03-31,2793.574951171875,2817.441806052853,2753.269184573334,2773.487955724415,3530069,2705.238488769531,2739.5124169921874,2729.641092235542,2713.824858321442,63.754539410011304,15.81623391409994,5.149970592681103,10.666263321418835,2793.3751391672477,2617.1018383718147,0.06309954229847609,71.86132853633788,164618675.0,87.54308434865852,72.17593670742525,0.006110442909950997,0.006091849856425346,0.014582572102141301,0.043897465261691915
2021-04-01,2782.27880859375,2826.232660230302,2764.6972679391292,2805.2228049953965,4285076,2712.211767578125,2738.514658203125,2737.739202444497,2718.895521304576,60.35454760387083,18.843681139921046,7.888712702129092,10.954968437791955,2801.6122201055487,2622.8113150507015,0.06426419397746075,73.60385477012346,160333599.0,78.06541600598918,83.58749794813178,-0.004043615358659491,-0.004051812877114125,0.01355341006376546,0.0496837809469004
2021-04-05,2847.24267578125,2868.4285193103187,2769.971886100771,2787.553427745333,5317862,2720.1146728515623,2738.1313818359376,2754.585890650151,2728.402717932478,67.56618309765673,26.183172717673187,11.547604705237912,14.635568012435275,2827.1494143374784,2613.079931365646,0.07518483928072416,75.88632242781462,165651461.0,91.26652043231445,85.62500692898737,0.02334915788699643,0.023080736544655072,0.013945275765637099,0.002361968550645077
2021-04-06,2869.92236328125,2878.9768984351203,2839.4184372352483,2878.9768984351203,2291562,2729.5647705078127,2737.35603515625,2772.329963362628,2738.8856546249795,68.6378605179684,33.4443087376485,15.92694551172003,17.51736322592847,2853.990303022934,2605.1392379926915,0.08671003376750758,75.07003705981654,167943023.0,96.42297475618675,88.58497039816346,0.007965491558873605,0.007933934498551273,0.01391267883060253,-0.04920783156257125
2021-04-07,2875.81201171875,2881.2184632873655,2843.637926767542,2864.9115442831585,2491268,2741.1399780273437,2737.3129443359376,2788.250278494339,2749.0283477430366,66.28300988647197,39.22193075130235,20.585942559636496,18.635988191665856,2874.893831952712,2607.3861241019754,0.09301988682176017,72.6682719767355,170434291.0,97.88291035047305,95.19080184632476,0.0020521978269705254,0.002050094945537672,0.01332386023376483,-0.016032666045578514
2021-04-08,2916.205810546875,2931.721431827485,2871.1091231096307,2874.5814339058097,2578118,2754.7832275390624,2737.5634765625,2807.93574496396,2761.411863506284,68.97851195137893,46.523881457676,25.7735303392444,20.7503511184316,2901.5652350128844,2608.0012200652404,0.10066642549230502,72.62117763788385,173012409.0,94.92746084793022,96.41111531819668,0.014046049833411622,0.013948318174700358,0.013447999881878295,-0.03683659613961887
2021-04-09,2920.512939453125,2948.7313909732657,2907.986094878753,2948.4236282416377,2911129,2766.707861328125,2738.1076171875,2825.2553133469087,2773.1971283912353,80.59738864483276,52.05818495567337,31.030461262530196,21.027723693143173,2926.7516052437572,2606.664117412493,0.10959974992995637,65.52264406488351,175923538.0,90.81147999947223,94.5406170659585,0.0014769632824516155,0.0014758736449538613,0.01327313863264907,-0.04829549135580502
2021-04-12,2853.9677734375,2934.4473240627585,2824.650466597802,2920.5138663194834,3791828,2774.4262084960938,2737.852705078125,2829.6726148993075,2779.180139135403,68.56044158355704,50.49247576390462,34.922864162805084,15.569611601099538,2935.727483199231,2613.1249337929567,0.11303650742268585,67.46290373186389,172131710.0,67.8882061968841,84.54238234809551,-0.02278543783068665,-0.023049037776189604,0.01457446782209605,-0.031418190752115605
2021-04-13,2728.69970703125,2825.354205132549,2701.448313017837,2825.354205132549,8654596,2776.452526855469,2736.226416015625,2814.138321381145,2775.4408478684286,47.83787840986709,38.69747351271644,35.67778603278736,3.0196874799290825,2934.169940413726,2618.7351132972117,0.11559895224223808,70.77196814371145,163477114.0,19.59562063392048,59.431768943425595,-0.04389260018005359,-0.04488502933283392,0.0179101732215035,0.004751290043603085
2021-04-15,2829.705078125,2845.7922313533463,2714.1064439685506,2778.147294061527,6062760,2783.1687133789064,2738.1181787109376,2816.533207034046,2779.4604204800266,55.5011405918347,37.07278655401933,35.95678613703375,1.1160004169855782,2937.7590868480165,2628.5783399097963,0.10926253386910817,77.28028747354453,169539874.0,56.50518761036004,47.99633814705487,0.03701593503802614,0.03634729560765516,0.01965066620234205,-0.034001980247223784
2021-04-16,2808.78271484375,2854.3629419100944,2797.7504704864327,2838.539556337448,3224657,2786.9091552734376,2739.099228515625,2815.3408236201544,2781.632442284747,55.317788479066806,33.708381335407466,35.5071051767085,-1.7987238413010331,2940.1015001302903,2633.716810416585,0.1090809510093234,78.74016804801047,166315217.0,48.85969944995387,41.6535025647448,-0.007393831761122405,-0.00742130162396863,0.019569886528916104,-0.02952904594214545
2021-04-19,2779.46533203125,2803.3761803289435,2755.994022175126,2785.794642666172,2679106,2789.0562744140625,2738.3669482421874,2809.8215172218615,2781.4719155993025,57.19912147604994,28.34960162255902,34.075604465878605,-5.726002843319584,2940.468529577391,2637.644019250734,0.10895063407945126,77.43411447230847,163636111.0,38.14648793680055,47.837124999038146,-0.010437753927195814,-0.01049260932603292,0.01975255341732154,-0.009424938228445368
2021-04-20,2764.30126953125,2835.330724965426,2748.302113102314,2835.0229622074467,3141893,2793.8054931640627,2737.3911669921877,2802.8184021925367,2780.200015890558,55.64511250412729,22.618386301978717,31.78416083309863,-9.165774531119911,2935.0191252122427,2652.5918611158827,0.1021694947686552,78.94424590289466,160494218.0,28.505687135596233,38.50395817411688,-0.005455748026516272,-0.0054706849726959645,0.018896714254010398,-0.006503289268574686
2021-04-22,2741.66455078125,2767.3335483954297,2729.7530181559428,2767.3335483954297,1988980,2796.8207153320313,2736.1665966796877,2793.410117360031,2777.3455369935723,46.80791750346051,16.064580366458813,28.640244739770665,-12.575664373311852,2930.287848061639,2663.3535826024236,0.09736211725214575,73.61954721261444,158505238.0,16.26323891459294,27.63847132899657,-0.008188947782033384,-0.008222661393743655,0.01901804015811128,-0.0011382156390579157
2021-04-23,2733.489501953125,2741.840732140793,2717.270576775486,2729.5336560747555,1615309,2795.935009765625,2735.314765625,2784.191561143584,2774.096941805391,44.42170302156552,10.094619338192842,24.931119659455103,-14.83650032126226,2930.903420742006,2660.9665987892445,0.09875173171870129,70.79079963302787,156889929.0,12.957291376377064,19.24207247552208,-0.0029817830287791613,-0.0029862374006452003,0.01811496265368673,-0.023749744671778927
2021-04-26,2725.842041015625,2771.7298181062615,2714.633809115576,2726.9408872803356,2490260,2794.0977416992187,2733.3227734375,2775.2147118931284,2770.522504709853,44.72470521536151,4.692207183275514,20.883337164219185,-16.19112998094367,2931.9471576997703,2656.248325698667,0.10114262963615465,70.47370082585023,154399669.0,9.864697657187156,13.028409316052388,-0.00279769171677291,-0.0028016125708454176,0.018094594730895103,-0.020575458289524784
2021-04-27,2753.26904296875,2756.8733443576716,2727.7758110894097,2730.4130419734793,1471417,2794.5768432617188,2732.533359375,2771.8384551355316,2769.2444705068083,40.55311437186076,2.5939846287233195,17.225466657120013,-14.631482028396693,2931.753519399701,2657.4001671237365,0.09964640142110455,65.65760583531444,155871086.0,20.956035641081726,14.592674891548649,0.010061845675733316,0.01001156232079372,0.01817804218532912,-0.02626121824287353
2021-04-28,2746.32421875,2769.9713014232066,2735.687302452878,2769.0482277580213,1639037,2797.1811279296876,2730.965087890625,2767.913187999296,2767.546674080378,37.16914012059351,0.3665139189179172,13.853676109479593,-13.487162190561676,2928.175490225965,2666.1867656334102,0.09539613815582193,65.28085853320418,154232049.0,18.147584583232277,16.322772627167055,-0.002522392149247321,-0.002525578740006839,0.01767787473169753,-0.009090364393315453
2021-04-29,2738.5439453125,2775.553163684569,2729.9729466874146,2765.224011495364,1621395,2799.3106689453125,2729.3695556640623,2763.3948429705583,2765.398323801276,35.80576786842231,-2.0034808307177627,10.682244721440123,-12.685725552157885,2924.638236155231,2673.983101735394,0.09152861499589128,65.85226428158497,152610654.0,15.001282174754943,18.034967466356317,-0.0028329770332219395,-0.00283699750772729,0.017699740065517573,-0.0012193908644284601
2021-04-30,2668.56982421875,2753.312969915444,2654.8123559697738,2724.2594341557383,3072305,2793.908728027344,2726.6417822265626,2748.806378547203,2758.2258423507187,25.869347899750892,-9.419463803515555,6.661903016448988,-16.081366819964543,2932.0180766976205,2655.799379357067,0.10350813939126326,68.55857179785751,149538349.0,4.680699992351971,12.609855583446397,-0.02555157868235891,-0.025883689790698557,0.01725940728240846,0.03203615730057896
2021-05-03,2669.756591796875,2685.5799762724573,2640.7470535916405,2659.119675274267,1545831,2787.717810058594,2724.833525390625,2736.6448728933065,2751.6725645319157,25.415785436687244,-15.027691638609213,2.3239840854373477,-17.35167572404656,2936.5727412894594,2638.8628788277283,0.11151198703899742,68.85054512545068,151084180.0,9.87725961525409,9.853080594120334,0.0004447204518893688,0.0004446215930578147,0.017168296186837514,0.03572587659276283
2021-05-04,2680.96484375,2716.3476898721206,2667.998459146241,2692.4368405095456,1990777,2782.6521118164064,2723.795341796875,2728.078714563567,2746.434955585107,30.97437654218318,-18.356241021540427,-1.8120609359582072,-16.54418008558222,2938.9937702214074,2626.3104534114054,0.1166308903822238,64.4614289298023,153074957.0,18.827153015048896,11.12837087421832,0.004198229901393846,0.004189441921628569,0.017218625404393936,0.02388711940518151
2021-05-05,2721.359130859375,2724.611673439125,2683.2950467738133,2698.766890691607,1939289,2776.3579345703124,2724.1926953125,2727.0449324552296,2744.577487086905,49.00745063806773,-17.53255463167534,-4.956159675101634,-12.576394956573704,2931.884508669993,2620.831360470632,0.11430066126595136,56.68481244904956,155014246.0,37.73692954298533,22.147114057762767,0.01506707079861358,0.01495468991513516,0.01667521679292233,-0.002617010776385875
2021-05-06,2735.20458984375,2755.027822749251,2702.2831930858956,2729.974123659157,1791671,2769.6220458984376,2725.143857421875,2728.3002643611558,2743.8831984022268,33.28158959362723,-15.582934041070985,-7.081514548295504,-8.50141949277548,2919.658742449159,2619.585349347716,0.10970784204430746,51.046158326089525,156805917.0,44.21840388148101,33.59416214650508,0.005087700049350996,0.005074801434478723,0.016595785233578735,-0.019267814996842936
2021-05-07,2754.060546875,2777.751846295452,2735.512148929457,2754.14854043193,1912540,2763.53447265625,2726.2172119140623,2732.263384747901,2744.6370760668765,40.24760608380705,-12.373691318975489,-8.139949902431502,-4.233741416543987,2905.068905463372,2622.0000398491275,0.10278236835985309,50.041500113806705,158718457.0,58.233814010584545,46.729715811683626,0.006893801327061633,0.006870147725291164,0.016697145422448108,-0.020157115310560636
2021-05-10,2765.135986328125,2781.574679040867,2747.114912502111,2765.531527951855,2137153,2755.9809814453124,2729.5058349609376,2737.3207080679354,2746.155513864006,47.26868289888215,-8.834805796070668,-8.278921081159336,-0.5558847149113326,2877.9860738980587,2633.975888992566,0.08824527477562444,48.732291104530404,160855610.0,63.925678787764504,55.459298893276674,0.004021494540376924,0.004013429945128015,0.01633579692653681,-0.018025432992786472
2021-05-11,2745.00537109375,2749.8402936162806,2717.358233338404,2747.115069619872,2415625,2747.205603027344,2732.0094384765625,2738.5029639180607,2746.0703181032463,46.390351371534756,-7.56735418518565,-8.1366077019646,0.5692535167789501,2841.4778356585566,2652.933370396131,0.06868637389488962,45.92865832785963,158439985.0,74.03257504967168,65.39735594934024,-0.007280153791317412,-0.007306783434913559,0.016340141846008904,-0.01300186364759437
2021-05-12,2714.2373046875,2742.7193039193285,2699.2930007879395,2742.7193039193285,1978558,2740.2190795898437,2734.462041015625,2734.7697855748975,2743.7123171094872,45.02071635645463,-8.942531534589762,-8.297792468489632,-0.6447390661001293,2820.9094862914462,2659.528672888241,0.0594571495736573,46.50950404688274,156461427.0,52.18454181905777,63.38093188549798,-0.011208745429153955,-0.011272036805236417,0.015797148163071085,-0.008938597434894668
2021-05-14,2682.503173828125,2723.8197883357184,2672.393789427331,2723.8197883357184,2043935,2737.9092529296877,2735.4501171875,2726.7287683830864,2739.178306496053,41.47307837844912,-12.44953811296682,-9.12814159738507,-3.3213965155817498,2822.5368546043005,2653.281651255075,0.0630959936974413,48.427778585674204,154417492.0,29.650517860391403,51.955878243040274,-0.011691730418917357,-0.011760616154400286,0.012677185144206885,0.009503498191996362
2021-05-17,2698.546630859375,2703.3375576036415,2668.877781998229,2685.5802450608003,2890462,2731.3513305664064,2738.5348046875,2722.3930549179,2736.168552745188,45.5598253171113,-13.77549782728829,-10.057612843365716,-3.717884983922575,2805.7351327975102,2656.9675283353026,0.055128787755960064,46.810904772440416,157307954.0,41.04278339065153,40.95928102336689,0.00598077839675204,0.005962964533528065,0.00924142025298113,0.0038275630681192663
2021-05-18,2715.293212890625,2746.2366818753967,2705.79913790412,2725.1388328469043,2098538,2726.67685546875,2741.4287353515624,2721.3007715290883,2734.62223127448,43.60004443379247,-13.321459745391621,-10.710382223770898,-2.6110775216207234,2791.7383521858887,2661.6153587516114,0.047922262250179606,48.00081532058149,159406492.0,52.9343295114578,41.209210254166905,0.006205778265879758,0.006186601719971306,0.009348869981898348,0.013089829282759924
2021-05-19,2709.315185546875,2740.9619560464494,2696.217024715244,2711.073339463518,1986041,2723.1693481445313,2742.7587744140624,2719.456835224132,2732.7476352946574,43.74258529028638,-13.290800070525165,-11.226465793121752,-2.064334277403413,2783.650740426439,2662.6879558626238,0.04464699611514517,48.748024774929846,157420451.0,48.689404323918616,47.55550574200931,-0.0022016139234503074,-0.002204041038418695,0.009119972796019758,0.02983458671007644
2021-05-20,2689.975830078125,2715.293292579016,2683.0312070831365,2696.2173631129313,2329027,2719.453076171875,2742.774599609375,2714.9212959709002,2729.579353426766,42.09710468646716,-14.658057455865674,-11.912784125670537,-2.745273330195136,2778.4075733368245,2660.498579006926,0.043832733741133355,47.796729667695935,155091424.0,34.956761025473455,45.52683162028328,-0.007138097321388703,-0.007163695425315677,0.009168555424218091,0.04429894298865844
2021-05-21,2707.996337890625,2714.765186965572,2685.6678709113507,2690.854338673333,1685566,2717.769665527344,2743.3161181640626,2713.855917804704,2727.9806115352,57.720791070625076,-14.124693730495892,-12.355166046635608,-1.769527683860284,2775.971646531117,2659.5676845235707,0.042985273051816035,42.83935124687816,156776990.0,47.75290649401228,43.79969061446811,0.006699133728639062,0.0066767942468994,0.009186025228170908,0.02547531530290481
2021-05-24,2708.87548828125,2729.533795590875,2700.5242576667206,2708.87548828125,1652260,2716.53896484375,2744.607470703125,2713.089697878019,2726.5654172200925,57.66979174627089,-13.475719342073717,-12.579276705723231,-0.8964426363504856,2774.381193023527,2658.696736663973,0.042705711967940825,41.70910947854512,158429250.0,35.99083432480313,39.56683394809628,0.00032464977087443003,0.0003245970835405444,0.009170213651226224,0.030213543190362513
2021-05-25,2750.8359375,2763.4240595646675,2722.656297882168,2731.401643786127,1841613,2717.7886596679687,2746.757373046875,2718.8968116660158,2728.3632335371226,62.22499401670349,-9.466421871106832,-11.956705738799952,2.4902838676931207,2777.5261315152666,2658.0511878206707,0.04343223165943382,42.15191951836927,160270863.0,72.72441180881451,52.15605087587664,0.015489988152011192,0.015371242956724084,0.009809294420280433,0.012524069387998438
2021-05-26,2790.146484375,2795.8884353480685,2741.825801627591,2756.1364670729777,1923753,2719.632531738281,2748.9198974609376,2729.8582997750905,2732.9397706362247,62.08119332742753,-3.081470861134221,-10.181658763266807,7.1001879021325855,2785.90070500067,2653.3643584758925,0.04750157286256814,42.89590552060876,162194616.0,95.47915798983604,68.06480137448456,0.014290400361253841,0.014189255055759539,0.01006833191473021,-0.009197493271172585
2021-05-27,2809.138916015625,2842.4863984305903,2793.061497428676,2793.193917714031,5959785,2722.7732666015627,2751.1106591796874,2742.05531765825,2738.5841517754398,62.754566977240195,3.4711658828100553,-7.451093834051434,10.92225971686149,2799.4971716144546,2646.0493615886708,0.054624500465583356,42.866997262911255,168154401.0,80.7915741159279,82.99838130485948,0.006806965780106422,0.00678390298781333,0.01012645389337827,-0.012185656243881016
2021-05-28,2776.9833984375,2825.039010154094,2769.960380333636,2817.5303073441155,1763701,2724.6952392578123,2752.8868603515625,2747.4288685473653,2741.4285404170737,53.78097319582357,6.000328130291564,-4.760809441182835,10.7611375714744,2804.9281805316177,2644.462297984007,0.05778424265622139,43.76209536067953,166390700.0,62.26972984417905,79.51348731664767,-0.011446752381948144,-0.011512770732662972,0.010483024734861878,4.782617716569959e-05
2021-05-31,2790.72021484375,2800.6142092520568,2763.733221463764,2782.6374019909617,1652799,2730.8027587890624,2754.7936376953126,2754.089075669886,2745.0797755597905,54.18322303488587,9.00930011009541,-2.0067875309271863,11.016087641022596,2811.641119149257,2649.9643984288678,0.0579336903285525,43.93503973564644,168043499.0,70.1822497918988,71.08118458400192,0.004946668537514132,0.004934473971155351,0.00848322944215585,0.0076129471366370716
2021-06-01,2785.28759765625,2800.260794224567,2766.7366812113464,2799.068364711175,1377441,2736.579309082031,2755.819912109375,2758.8888482831726,2748.058132752121,56.91902282304319,10.830715531051737,0.5607130814685984,10.270002449583139,2815.53977207112,2657.6188460929425,0.056698247646334216,42.916922594467806,166666058.0,67.05301732688156,66.50166565431981,-0.0019466721022781686,-0.0019485693310030542,0.008527117070005395,0.014954063351500402
2021-06-02,2764.484130859375,2790.9854410639764,2751.719376244468,2783.388528206253,2240078,2740.7552734375,2756.3791357421874,2759.7496609872037,2749.2748733526582,58.936484872286606,10.474787634545464,2.5435279920839715,7.931259642461493,2816.0819607565413,2665.4285861184585,0.05449601716152746,42.456472202589076,164425980.0,55.0700482644789,64.10177179441975,-0.007469055193575214,-0.007497088260563637,0.008775452808021764,0.022623651158356628
2021-06-03,2774.90771484375,2786.656670864749,2758.476818072345,2786.656670864749,1281706,2743.4327026367187,2758.4909521484374,2762.0816692728263,2751.1736023519984,67.78224317053981,10.908066920827878,4.2164357778327535,6.691631142995124,2819.6578925903204,2667.207512683117,0.054938900883695796,40.79603319430453,165707686.0,61.07411891403449,61.06572816846498,0.003770534932003633,0.0037634442832702266,0.00820618964989564,0.0240510708143975
2021-06-04,2777.1162109375,2788.688534934649,2760.552893576044,2763.203024353877,1836060,2745.528283691406,2760.40607421875,2764.3946756827763,2753.0952770620356,65.97023516717731,11.299398620740703,5.633028346414344,5.6663702743263595,2823.0937069615684,2667.962860421244,0.055860408696384846,40.34430931953255,167543746.0,59.004039353451795,58.38273551065506,0.0007958809159440694,0.000795564370671647,0.008149778108613281,0.041367928525789965
2021-06-07,2811.9658203125,2818.3703040112887,2768.150447443102,2778.2208596814926,2559821,2748.423547363281,2761.621318359375,2771.7133133181183,2757.4560580435514,68.302926367928,14.257255274566887,7.357873732044853,6.899381542522034,2831.459838017021,2665.3872567095414,0.05905924606474185,40.52500971611575,170103567.0,80.85946411591308,66.97920746113313,0.012548848059633633,0.012470763831973727,0.008464630623094098,0.029262936397989492
2021-06-08,2826.93896484375,2854.191232954633,2815.499275242402,2825.039790463917,2574057,2751.5136962890624,2762.908349609375,2780.2095673989847,2762.602940028751,71.53605665494429,17.606627370233582,9.4076244596826,8.199002910550982,2841.4794865061594,2661.5479060719654,0.06364890882748125,40.34504409546772,172677624.0,84.07790138324455,74.64713495086981,0.005324796063696846,0.005310669462461503,0.00849347640788052,0.019561553006258947
2021-06-09,2827.02685546875,2844.4735488194283,2814.615367191973,2828.572765006152,1710925,2755.6147705078124,2764.575146484375,2787.4122271020256,2767.3750819131956,76.99616717779055,20.03714518882998,11.533528605512076,8.503616583317905,2851.6073786794636,2659.622162336161,0.06791064470148775,40.173336676294575,174388549.0,83.88094258424232,82.93943602779999,3.1090386489740496e-05,3.108990319369167e-05,0.008266293297953173,0.023154536352254285
2021-06-10,2841.647216796875,2848.0074881529035,2820.622800766818,2835.6402099785423,1874324,2761.9852661132813,2767.5233203125,2795.756071670464,2772.8767215342086,76.68384386836395,22.879350136255198,13.802692911660701,9.076657224594497,2863.185517583392,2660.7850146431706,0.0712264709510172,40.05100605714204,176262873.0,91.83688223499306,86.59857540082665,0.005171638642145426,0.0051583116475419286,0.00773464018370031,0.03138215096722874
2021-06-11,2891.999755859375,2923.0945840947657,2836.523635396885,2837.00953589567,3452954,2772.460095214844,2771.4442529296875,2810.562792314912,2781.7006500027396,80.53012769676037,28.862142312172182,16.814582791762998,12.047559520409184,2882.042081267524,2662.878109162164,0.07578284599136624,44.1625353981225,179715827.0,84.48658246695727,86.73480242873087,0.017719489866605542,0.01756432992812351,0.007725416080831696,0.00717808954204302
2021-06-14,2894.252197265625,2922.8293126007034,2888.951935490787,2896.593059948897,1847360,2782.2453735351564,2773.7971240234374,2823.438085384252,2790.037801651842,77.55890772230256,33.40028373241012,20.131722979892423,13.268560752517693,2898.768773391817,2665.721973678496,0.08052055723875562,42.68602152858671,181563187.0,84.08860784663544,86.80402418286194,0.0007788525575378458,0.0007785494092796396,0.007735522473202463,-0.000991829762265417
2021-06-15,2882.23828125,2913.377320224504,2872.3445020711756,2913.377320224504,1304985,2790.592626953125,2775.570390625,2832.484269363598,2796.8674668072613,69.77043302829134,35.61680255633655,23.22873889518125,12.3880636611553,2910.782428497935,2670.402825408315,0.08340032281625574,41.755320416647464,180258202.0,76.15973549615374,81.57830860324883,-0.0041509568609726655,-0.004159595997814534,0.007892395554251589,0.01178452889667736
2021-06-16,2892.4853515625,2910.4619427775083,2873.6251677448518,2881.6639841155666,1635552,2799.7511352539063,2777.774521484375,2841.7152050865056,2803.950273085427,68.59104567566561,37.764932001078705,26.135977516360743,11.628954484717962,2921.7650121514257,2677.737258356387,0.08436611568774814,40.64795334358077,181893754.0,82.13905446590309,80.7957992695641,0.0035552474544386925,0.003548942501566951,0.007796435141169029,-0.003954633926476325
2021-06-17,2930.82421875,2946.9900619599393,2879.8091939190717,2884.6677677124935,2273413,2811.7935546875,2779.44615234375,2855.424284111659,2813.3483431346544,83.39417218373106,42.07594097700439,29.323970208489474,12.75197076851492,2935.715620615515,2687.871488759485,0.0845646525883206,41.51239893075289,184167167.0,91.7213158997087,83.34003528725518,0.013254645236764784,0.013167571008014694,0.007691561239411615,0.016833551915190315
2021-06-18,2912.7587890625,2966.379725481186,2893.0594404261124,2960.1076630224497,3380431,2822.0316772460938,2780.302880859375,2864.244977181019,2820.7120798700503,76.0022305266943,43.532897310968565,32.165755628985295,11.36714168198327,2943.6591981799893,2700.404156312198,0.08351362384733722,44.1152058783801,180786736.0,75.0205677899529,82.96031271852156,-0.0061639417239444105,-0.006183017240042818,0.008013622279929718,0.02532382952829093
2021-06-21,2891.381591796875,2902.7770698023915,2872.4771929821286,2884.226151218749,1130569,2831.156982421875,2780.6142724609376,2868.4198409680735,2825.9468585312966,71.16681197636568,42.472982436776874,34.227200990543615,8.24578144623326,2944.1149340178695,2718.1990308258805,0.07813423998856944,44.59788324031946,179656167.0,65.06195301012154,77.26794556659439,-0.0073391581018987795,-0.007366222222600171,0.008358406545646423,0.0194463459268559
2021-06-22,2916.2041015625,2939.03948321946,2901.893437333948,2918.6776002896086,1708688,2839.425390625,2780.61423828125,2875.771265674908,2832.6325802373117,79.79188418864885,43.13868543759645,36.00949787995418,7.129187557642268,2951.836131982082,2727.0146492679182,0.07709387782347077,45.19729942625353,181364855.0,75.865838268065,71.98278635604647,0.008584999584990483,0.008548358038479599,0.00796150594842056,0.01201077760211744
2021-06-23,2881.046630859375,2940.7630224182094,2876.6297443733156,2940.7630224182094,1467104,2843.9703979492188,2779.824912109375,2876.5828603186724,2836.2188062093164,68.9963269669615,40.36405410935595,36.88040912583454,3.4836449835214083,2955.337600316729,2732.6031955817084,0.07731023939330764,47.76540123000281,179897751.0,58.54131658513631,66.48970262110761,-0.012055901946056435,-0.012129163752090876,0.008163975263589253,0.025862810442744966
2021-06-24,2980.160400390625,2988.4640569952844,2896.151170812604,2901.009743769587,4155204,2852.5214721679686,2782.3487646484373,2892.517866483588,2846.881146519043,76.98102336123061,45.63671996454514,38.63167129357666,7.005048670968478,2977.9971335533305,2727.0458107826066,0.08420732076630184,53.42838585695313,184052955.0,96.23098335935758,76.8793794041863,0.03440200115806036,0.033823483081199604,0.010942829106263166,-0.009514991598491895
2021-06-25,2986.52099609375,3003.17252309465,2959.312941438819,2981.618210624291,2722861,2862.9983520507812,2787.5051904296874,2906.979886423613,2857.2248390801324,75.09540055295379,49.75504734348078,40.85634650355748,8.8987008399233,2996.6430059405843,2729.353698160978,0.08949855304188715,52.974080506070585,186775816.0,91.16897636576242,81.98042543675211,0.002134313207534433,0.002132038796728918,0.010406372249630085,-0.01637165356390491
2021-06-28,2947.6083984375,2995.9732923655597,2944.2957344698248,2995.9732923655597,1355238,2870.8427612304686,2789.8632568359376,2913.230426733442,2863.9199175510485,66.23111095682714,49.310509182393616,42.54717903932471,6.763330143068906,3005.04079236527,2736.644730095667,0.0910555358750767,53.64923373847072,185420578.0,70.53194592809068,85.97730188440357,-0.013029407028159579,-0.013115034347287682,0.011049003835622491,-0.004720126983243533
2021-06-29,2951.22998046875,2973.7118807948364,2938.553434922606,2952.245777697685,1497322,2879.1398803710936,2792.7122021484374,2919.0765119234893,2870.3873296190263,66.5491038002562,48.689182304462975,43.775579692352366,4.9136026121106084,3011.5736613964154,2746.7060993457717,0.08974819441505344,54.02782404166893,186917900.0,71.54608510807027,77.74900246730779,0.001228651008448045,0.001227896834478962,0.0109999751543931,-0.02351194607518481
2021-06-30,2955.55859375,2987.5810099566615,2949.1541105086676,2955.7794379997013,1693146,2888.693603515625,2796.2340673828126,2924.6891398967987,2876.6963121472468,65.605811776906,47.99282774955191,44.619029303792274,3.3737984457596326,3013.6586609762016,2763.7285460550484,0.08456273391083174,54.81655347466238,188611046.0,71.42859457201,71.16887520272364,0.0014667150001514973,0.0014656404243083413,0.010732532740593857,-0.021161133087416073
2021-07-01,2951.80419921875,2969.913427434816,2943.7213860627653,2966.3799194902176,990310,2897.538427734375,2799.9841259765626,2928.860687484791,2882.2598593377284,59.392390810782736,46.60082814706266,45.015389072446354,1.5854390746163034,3013.2953073108006,2781.7815481579496,0.07843127237711953,50.50377437996024,187620736.0,60.73599258427189,67.90355742145071,-0.0012702825581564214,-0.0012710900509469753,0.010782480813548259,-0.024839234479045236
2021-07-02,2937.626708984375,2950.2148342659707,2910.9045482988827,2942.5294956487546,1682274,2905.5639526367186,2803.903369140625,2930.2093061770347,2886.361107459702,56.5660955837397,43.84819871733271,44.78195100142363,-0.9337522840909216,3007.612177614376,2803.515727659061,0.06947664566471651,51.00536536638531,185938462.0,49.899254304998536,60.68794715376014,-0.004802991417292346,-0.004814562847089643,0.010918621943536964,-0.03527382753353636
2021-07-05,2933.6953125,2980.514298215899,2916.911147809395,2952.2462313685637,1972858,2911.650427246094,2807.9074853515626,2930.745614842106,2889.8673448700943,57.98503979235358,40.87826997201182,44.00121479554127,-3.1229448235294512,3004.279399205757,2819.021455286431,0.06314832461638804,52.61753195589787,183965604.0,46.84032663194442,52.49185784040495,-0.0013382900122576036,-0.001339186322106985,0.010710253347994894,-0.038512564811338135
2021-07-06,2881.8408203125,2939.878645879054,2876.3639260649975,2926.6279909246714,2159420,2914.3955200195314,2811.0274609375,2923.22180029909,2889.2727874954576,48.53710125756727,33.949012803632286,41.99077439715948,-8.041761593527191,2999.393935777449,2829.397104261614,0.05898897340811517,54.523099440283595,181806184.0,7.164469703881692,34.63468354694155,-0.017675486600996493,-0.01783356350833607,0.01155571044968344,-0.02291312620615693
2021-07-07,2893.015625,2899.8617971333256,2863.555129801397,2893.0598369861177,2640710,2917.694958496094,2813.822392578125,2918.574696406922,2889.5500347180164,44.38462341576558,29.02466168890578,39.39755185550874,-10.372890166602957,2992.981864070194,2842.4080529219937,0.0520473549631107,52.31779938964509,184446894.0,21.100877550774094,25.03522462886674,0.003877662016838368,0.0038701632643140323,0.011570297685830675,-0.018443024147596798
2021-07-08,2878.483642578125,2913.3770302969638,2854.9857306571503,2913.3770302969638,2485811,2919.5367797851563,2816.4655810546874,2912.4068419717228,2888.7303019669134,44.8554184618971,23.67654000480934,36.25334948536886,-12.576809480559518,2988.5295076736998,2850.544051896613,0.04793685596681023,51.25144328855507,181961083.0,15.856954276628136,14.707433843761308,-0.005023126144323875,-0.005035784449756423,0.011611417429411647,-0.014902543784200306
2021-07-09,2834.00537109375,2899.2428381026043,2827.689312847787,2870.974778742677,6365067,2916.637060546875,2818.3748095703127,2900.3450772212655,2884.676603383716,41.94651824241943,15.6684738375493,32.136374355804946,-16.467900518255647,2994.772099031159,2838.502022062591,0.05514106591416143,53.485152515301216,175596016.0,3.5992379197086684,13.519023249036964,-0.015451979933621574,-0.015572605996607583,0.0114211000905437,-0.0019876661837274767
2021-07-12,2820.711181640625,2858.6079686286457,2816.515140895574,2857.7245916296874,1892226,2912.960009765625,2821.41763671875,2888.0937086703975,2879.9384239953392,36.148065985384584,8.155284675058283,27.340156419655614,-19.18487174459733,3001.7286958350364,2824.191323696213,0.06294064181202744,53.08764796605026,173703790.0,2.2479907816093556,7.234727659315387,-0.004690954219326082,-0.0047019912748113455,0.01144296796850781,-0.0004855615545343861
2021-07-13,2815.808837890625,2839.174120044837,2804.7224116808825,2839.174120044837,1809339,2909.638537597656,2824.338681640625,2876.9729593196635,2875.188084283879,39.62623802943608,1.7848750357843528,22.229100142881364,-20.44422510709701,3007.729054626596,2811.5480205687163,0.06967128997465694,50.96753584598316,171894451.0,5.58650540970043,3.811244703672818,-0.0017379814643584401,-0.0017394935063315866,0.011423191482679824,0.007919935860181138
2021-07-14,2839.65966796875,2846.240783692496,2813.555833662507,2815.322587718182,2044279,2906.9972534179688,2827.512578125,2871.2324529579846,2872.5563497420176,20.62787409732725,-1.3238967840329678,17.518500757498497,-18.842397541531465,3009.7658673378332,2804.2286394981043,0.07238093710953494,45.62950183841739,173938730.0,17.60505753249363,8.479851241267804,0.00847033000151809,0.008434658050270119,0.011580486648034625,0.0027434721954981978
2021-07-15,2835.5869140625,2861.172351997801,2827.663479475212,2857.409806666627,2232968,2902.235388183594,2829.7971337890626,2865.748523897141,2869.817873025016,18.14200790589112,-4.0693491278752845,13.200930780423741,-17.270279908299024,3009.0995893806185,2795.3711869865692,0.07537360302169119,44.890165471757236,171705762.0,16.13822758408294,13.109930175425665,-0.001434240149335686,-0.001435269656229826,0.011093911579059632,0.0030909468491455705
2021-07-16,2828.372314453125,2850.549246811429,2825.893417350475,2844.484821411991,1256526,2898.016064453125,2831.66048828125,2859.9983378288307,2866.7478316493202,20.94463792425114,-6.749493820489533,9.210845860241086,-15.96033968073062,3009.6864025522073,2786.345726354043,0.07896438352789767,42.960042012130025,170449236.0,12.933437637121918,15.558907584566162,-0.002544305580476358,-0.0025475478265973334,0.011044825026898868,0.0008605946320474622
2021-07-19,2819.341552734375,2832.79814151296,2811.7278455383967,2815.2690644874374,1597058,2894.4140625,2832.9661083984374,2853.743447814299,2863.236255433398,18.687000421894624,-9.49280761909904,5.470115164373062,-14.962922783472102,3011.5014613980493,2777.3266636019507,0.08306010230260363,41.953745590868074,168852178.0,7.994779130574237,12.355481450593032,-0.003192918298840053,-0.0031980265388316595,0.010966339786534681,-0.0005180107452158467
2021-07-20,2838.10986328125,2846.254623330196,2794.154355044804,2819.3414467844154,1811945,2890.5093505859377,2834.4255859375,2851.3382809630607,2861.375041199906,23.90452942623186,-10.036760236845112,2.3687400841294273,-12.40550032097454,3009.726403148467,2771.2922980234084,0.08401158398054243,42.93041479353935,170664123.0,23.58634988198884,14.838188883228332,0.0066569836239502855,0.006634923755800827,0.01088392254817019,-0.0024954197447581983
2021-07-22,2847.4501953125,2855.0636869502946,2824.122327250977,2824.122327250977,2859334,2888.8295288085938,2836.474482421875,2850.7401139398976,2860.343571134172,27.375586206694877,-9.603457194274597,-0.02569937155137752,-9.57775782272322,3009.5453442528155,2768.113713364372,0.08478871071595587,43.26965181691555,173523457.0,28.598334685302838,20.05982123262197,0.0032910396289067556,0.003285636010423186,0.010623619714619203,-0.006389008258142148
2021-07-23,2844.3515625,2869.759766579906,2838.8624999266235,2859.534453094165,1776193,2882.0390869140624,2839.076767578125,2849.757259872221,2859.1589779020114,28.75704335980828,-9.401718029790572,-1.9009031031992167,-7.500814926591356,2996.2256589219014,2767.8525149062234,0.08029005521910691,42.55519579787379,171747264.0,26.93562071375019,26.373435093680623,-0.001088213173175423,-0.0010888057070383343,0.006732582458651639,-0.014130510166805332
2021-07-26,2830.806396484375,2854.443991333239,2824.8748975730673,2832.9753500089523,1259611,2874.2533569335938,2842.04283203125,2846.841742427937,2857.05878668589,27.550608385656247,-10.217044257953148,-3.5641313341500034,-6.652912923803145,2979.3139311643313,2769.192782702856,0.07422660508413008,40.124191751707194,170487653.0,25.15163479574466,26.895196731599228,-0.004762127928982007,-0.004773502987545121,0.00666941180362744,0.006833127741541212
2021-07-27,2817.881103515625,2841.8286435684886,2798.581414048037,2832.97559483463,1121367,2867.7669921875,2844.429521484375,2842.3862595183505,2854.1567360806853,33.18869316661447,-11.770476562334807,-5.205400379786964,-6.565076182547843,2969.7314860211063,2765.8024983538935,0.07236962106484492,38.67651387359255,169366286.0,19.901204548915775,23.996153352803542,-0.004565940286415215,-0.004576396030773908,0.006230402303844733,0.03202995033547351
2021-07-28,2831.027587890625,2836.91477805401,2773.1285272482296,2822.3515580665385,1660654,2861.756872558594,2846.744208984375,2840.6387715756237,2852.4434658443847,33.874075737036264,-11.804694268761068,-6.525259157581785,-5.279435111179283,2956.952939670203,2766.560805446985,0.0672519529790515,40.63934126458197,171026940.0,41.28319331997686,28.778677554879096,0.004665379372677636,0.004654530220851876,0.006376475962990514,0.023813266925890808
2021-07-29,2829.2578125,2855.507019760848,2824.388634913481,2833.1973765922176,1731997,2855.4418334960938,2849.1430615234376,2838.8878547947584,2850.7260100410967,36.2833122640836,-11.838155246338374,-7.587838375333104,-4.25031687100527,2940.6730543735143,2770.210612618673,0.06024987931524574,38.69127592226437,169294943.0,44.50667404125001,35.230357303380885,-0.0006251353389119529,-0.0006253308174792169,0.006332631037876948,0.02758287426307149
2021-07-30,2804.159423828125,2853.780814868341,2799.6444977783253,2849.7969421626153,2999943,2848.0595947265624,2851.4267333984376,2833.5450192614303,2847.2766332845804,40.67651315925401,-13.731614023150087,-8.8165935048965,-4.915020518253586,2923.1173911754804,2773.0017982776444,0.0535331877432647,37.44718962477854,166295000.0,32.11269646771678,39.30085460964788,-0.008871015063027232,-0.008910596777681714,0.006502094026844624,0.04494134820126727
2021-08-02,2850.149658203125,2855.0188337003055,2803.759781740064,2815.268742006127,2608669,2843.6857421875,2854.2697998046874,2836.099579098614,2847.4894499452134,57.63628533374063,-11.389870846599479,-9.331248973237097,-2.058621873362382,2905.8560253664045,2781.515459008596,0.043625978025378195,38.10191992671922,168903669.0,79.70624353655587,52.108538015174226,0.016400720295786986,0.016267681137161774,0.007727289403281799,0.03208704518240335
2021-08-03,2908.1376953125,2912.652836316746,2849.751886091919,2858.6492426950676,3804735,2842.407861328125,2858.2550439453125,2847.1823662084425,2851.9819125650124,68.77827200119962,-4.799546356569863,-8.42490844990365,3.625362093333788,2897.427678713004,2787.388043943246,0.03783852289632845,40.13400863106725,172708404.0,96.76390369867647,69.5276145676497,0.020345611305875533,0.02014140451829927,0.009140489863319732,0.014916638487165512
2021-08-04,2898.443603515625,2926.109378484922,2887.1559673281517,2921.505836757805,2929598,2843.238000488281,2861.207197265625,2855.0687104095477,2855.423519302095,62.68629349455181,-0.3548088925472257,-6.810888538432366,6.45607964588514,2901.1860170781015,2785.289983898461,0.039985609186622174,40.58175585440881,169778806.0,81.91553076972244,86.12855933498493,-0.0033334363130399502,-0.003339004589640322,0.008230996923131062,0.02145733352145074
2021-08-05,2907.296875,2934.7856343504254,2888.307128829039,2899.373439667464,2534521,2843.9520629882813,2863.550205078125,2863.1038126542326,2859.2659900945323,65.16301620380824,3.837822559700271,-4.681146318805839,8.51896887850611,2904.763938167562,2783.1401878090005,0.041833963158152424,41.5081582114658,172313327.0,82.99563820978337,87.22502422606077,0.0030544915463031064,0.0030498360646769216,0.008214308369189936,0.020645872857626646
2021-08-06,2930.18212890625,2942.7534149481066,2890.5204271376556,2897.2045221954145,2292362,2846.5369873046875,2865.9710693359375,2873.4235536160813,2864.519037413919,70.18962159532259,8.90451620216254,-1.964013814612163,10.868530016774702,2917.136610649759,2775.937363959616,0.04818787381753925,43.47795523642987,174605689.0,92.58877266582171,85.83331388177584,0.007871660477140052,0.007840840587957802,0.008282086692546403,0.04640749820072054
2021-08-09,2941.6025390625,2954.262442321804,2930.3592100944475,2942.6648617114934,1510489,2851.916845703125,2869.2634521484374,2883.9126283001456,2870.228926424925,74.01760526158556,13.683701875220777,1.1655293233544248,12.518172551866352,2933.96563423984,2769.8680571664104,0.05578509499306047,43.69295648221493,176116178.0,93.01074939218768,89.53172008926424,0.003897508637291658,0.0038899330281242602,0.007345810724941792,0.04521917694071553
2021-08-10,2951.517333984375,2965.6822095736366,2935.316430440236,2935.316430440236,2040777,2858.4571533203125,2872.47939453125,2894.3133522515654,2876.250289947847,73.08124598968385,18.063062303718652,4.545035919427271,13.518026384291382,2950.3013794498784,2766.6129271907466,0.06223526121432704,42.1404929713584,178156955.0,92.6436745228014,92.7477321936036,0.003370542005662891,0.0033648744605189644,0.007185092086484865,0.06573386718877638
2021-08-11,2960.636474609375,2974.624334648893,2945.4978911610087,2965.7712860338665,1929707,2865.69853515625,2875.9863720703124,2904.516909537382,2882.5011184412933,73.05698759926615,22.015791096088833,8.039186954759584,13.976604141329249,2965.8467953251616,2765.550274987338,0.06765319621492893,42.01085609911316,180086662.0,93.05798953293622,92.9041378159751,0.003089644949734849,0.0030848818052055557,0.007123355315204005,0.06469424208447316
2021-08-12,2967.320556640625,2981.706760577497,2944.5239565560437,2944.5239565560437,1310205,2872.081579589844,2880.0431005859373,2914.179009091727,2888.784039789392,74.68915586637553,25.394969302335085,11.510343424274685,13.8846258780604,2981.1205384333134,2763.0426207463743,0.07349321164472719,42.45982305398248,181396867.0,93.10272998856385,92.93479801476717,0.0022576503696327688,0.002255105706290745,0.00698501559449497,0.06198247593722139
2021-08-13,3066.16455078125,3080.860696882847,2972.410859133379,2975.288099726732,4363584,2883.610461425781,2885.8682373046877,2937.5614001208846,2901.9233368999,85.19813732228133,35.638063220984805,16.33588738361671,19.302175837368093,3021.3769578942715,2745.8439649572906,0.08986242857278351,48.45775494555752,185760451.0,95.22437120564982,93.79503024238329,0.03331085814757029,0.03276807240668159,0.009786278791451757,0.050239628760547106
2021-08-16,3074.619384765625,3093.5650379258386,3042.3500667442145,3063.1547303753764,2083489,2895.922814941406,2891.81830078125,2958.647243912383,2914.7156367418056,88.91591999729202,43.931607170577536,21.85503134100888,22.076575829568657,3055.2334421954138,2736.6121876873985,0.10362949511303604,49.02687934992699,187843940.0,94.08754853774585,94.13821657731984,0.002757462570696312,0.0027536677452406886,0.009671915645275182,0.040383634883668584
2021-08-17,3145.531982421875,3152.3930940101595,3065.8102490618444,3082.719655689801,4336019,2912.2323364257813,2898.4896240234375,2987.3987421446127,2931.813143829218,90.56771688526403,55.58559831539469,28.60114473588604,26.98445357950865,3102.342801676296,2722.1218711752667,0.12087651075424177,50.655207502965176,192179959.0,98.05495708202457,95.78895894180675,0.023063862150747294,0.022801911365862768,0.010368724732542347,0.029819702565154094
2021-08-18,3152.172607421875,3182.6713199583683,3130.969596932548,3163.947206576067,2631309,2927.9354736328123,2904.994296875,3012.748567571884,2948.1360670583035,91.13566824893148,64.61250051358047,35.803415891424926,28.809084622155545,3142.56851175144,2713.3024355141847,0.13618101852244283,52.125445944283264,194811268.0,92.03744730882643,94.72665097619894,0.002111129385143684,0.0021089040828868918,0.010392733290704436,0.03125905456917999
2021-08-20,3151.242431640625,3164.9646560233837,3098.5667961068093,3103.878624900135,2836148,2943.1250854492187,2911.4786083984377,3034.0553158901516,2963.1809829532904,97.11556943885672,70.87433293686126,42.8175993005122,28.056733636349065,3175.9988942058494,2710.251276692588,0.14779809158344578,53.00127043189458,191975120.0,91.70548131987657,93.93262857024251,-0.0002950903700704721,-0.0002951339178009476,0.010460154904758117,0.045132713264369295
2021-08-23,3220.20751953125,3251.72445614711,3153.367008657548,3169.391111627186,3744176,2961.9178833007813,2919.049814453125,3062.6941164503205,2982.219985662769,97.28492360789478,80.47413078755153,50.34890559792007,30.125225189631458,3220.4760647781186,2703.359701823444,0.160584794556951,56.51719704234055,195719296.0,92.15943102474527,91.9674532178161,0.021885046735271363,0.021649006722694476,0.010989064441678749,0.01756759113174633
2021-08-24,3198.78369140625,3246.7230824729686,3182.1399156944894,3237.560090102027,2511141,2980.316748046875,2925.1854931640623,3083.630974135848,2998.2617416437674,90.96580647999184,85.36923249208076,57.35297097675221,28.016261515328544,3251.6461874791357,2708.9873086146144,0.16964538124988296,56.63735536760142,193208155.0,85.47851326558161,89.78114187006781,-0.006652934009705902,-0.006675163423914863,0.011096680618155642,0.04794913349785501
2021-08-25,3239.330810546875,3273.6363773434564,3193.339261643497,3195.9508680170043,2123263,3001.3892333984377,2932.0870654296873,3107.58479512216,3016.1187097106645,94.2027278713776,91.46608541149544,64.17559386370087,27.290491547794574,3284.795343542465,2717.98312325441,0.17497818328482598,59.59047712068634,195331418.0,91.09707686874208,89.57834038635633,0.012675792755089343,0.012596127402082076,0.010885065463060438,0.015290807058237155
2021-08-26,3250.70654296875,3264.6500936829902,3229.503319923937,3240.21559454725,1902533,3022.373181152344,2939.4564306640623,3129.603525560097,3033.4955862483002,94.24040560006786,96.1079393117966,70.56206295332002,25.545876358476576,3314.6761493719905,2730.0702129326974,0.17983965292215956,58.78106770909111,197233951.0,94.0149100126661,90.19683338232993,0.0035117538427495987,0.003505602033443274,0.010901405617167686,0.04490918215345907
2021-08-27,3293.466552734375,3301.744239038429,3232.33642943804,3245.5273844523076,3944728,3045.5836181640625,2947.4760546875,3154.813222048447,3052.752694876898,94.52097583536226,102.06052717154898,76.86175579696582,25.19877137458316,3346.902981044975,2744.26425528315,0.18298006556692953,60.00784069408668,201178679.0,97.771130858837,94.29437258008174,0.013154066416150245,0.013068302957972518,0.010829900995260888,0.032767585030702984
2021-08-30,3276.77880859375,3311.3500054128417,3264.650175657606,3288.907441529894,2033114,3069.2145874023436,2954.395146484375,3173.5771584400322,3069.347221818887,90.5527343073171,104.22993662114504,82.33539196180168,21.894544659343367,3364.890645186536,2773.538529618151,0.18046751096457658,61.623520432635395,199145565.0,90.80635370857021,94.19746486002445,-0.005066923824312175,-0.005079804210544776,0.010553798871143171,0.0407154510990646
2021-08-31,3352.16259765625,3367.788358369069,3278.6822930983203,3283.949813871985,3207480,3094.315234375,2963.18322265625,3201.051841396373,3090.296508917951,91.84470386135831,110.75533247842213,88.01938006512577,22.73595241329636,3396.843130150082,2791.787338599918,0.18049714890715748,65.9552183356296,202353045.0,96.30827429690514,94.96191962143745,0.023005455499405913,0.02274481979926392,0.01093134609124395,0.007777744923002539
2021-09-01,3288.86279296875,3378.9425500537704,3281.824663529927,3360.616785206259,2643336,3113.3514892578123,2971.1328466796876,3214.561218561354,3105.0051225513434,80.79569469601014,109.5560960100106,92.32672325410275,17.22937275590786,3414.4630975865866,2812.239880929038,0.1831098633682864,70.81174998105523,199709709.0,79.26429521339435,88.7929744062899,-0.018883273959251712,-0.01906383970538695,0.012094997487374174,0.015935646923930014
2021-09-02,3396.693115234375,3416.523855854154,3295.104391712346,3305.728049074127,3403717,3138.26396484375,2980.742626953125,3242.5815103572036,3126.6116405278644,83.8592163832437,115.96986982933913,97.05535256915003,18.9145172601891,3446.86297294141,2829.6649567460895,0.1817055575103768,77.27448275705173,203113426.0,95.53475336971448,90.36910762667132,0.03278650678166173,0.03226049576865216,0.013233484962200568,-0.011819860122167625
2021-09-03,3401.385498046875,3414.5321452155067,3368.1865666025374,3386.2910073224075,1746812,3162.968395996094,2991.149404296875,3267.0128930786914,3146.9652596033466,81.04449258578323,120.04763347534481,101.65380875038899,18.39382472495582,3472.820438214426,2853.116353777762,0.18219166418875687,72.4748712121051,204860238.0,95.95419074001714,90.25107977437533,0.0013814562144145448,0.0013805028816690017,0.013271925099553853,0.0008588813941929896
2021-09-06,3410.1943359375,3432.858226910187,3376.552751107379,3408.1580915226373,1723693,3186.9690063476564,2999.7500830078125,3289.0408073646618,3166.4637097021728,81.0569131755124,122.577097662489,105.838466532809,16.73863112968,3495.258003234454,2878.680009460859,0.18080435688838567,72.8384786850468,206583931.0,93.82536007786163,95.10476806253108,0.0025897793401197244,0.002586431640228151,0.013326249261269312,0.008800517405447073
2021-09-07,3378.23486328125,3426.0856360966154,3371.4623672882394,3420.8181151977305,1585039,3208.8006225585937,3007.5843603515623,3302.762969813368,3182.1504618191416,73.20971390380178,120.61250799422623,108.79327482509245,11.819233169133781,3505.55341247671,2912.0478326404773,0.17568511481755475,70.55565181790828,204998892.0,83.65995697272244,91.14650259686708,-0.009371745275468024,-0.00941593639554752,0.013845587179731238,0.03633482086397222
2021-09-08,3341.27294921875,3377.437735939863,3325.2047539161535,3373.011212039549,4147175,3228.2884033203127,3015.4576513671873,3308.6875820295804,3193.937312737631,67.78508418262294,114.75026929194928,109.98467371846382,4.765595573485456,3504.3716446999388,2952.2051619406866,0.16525632330886308,70.65053655642802,200851717.0,72.60316321239135,83.36282675432513,-0.010941191349437163,-0.01100148638655297,0.014403494065672689,0.03421978635750467
2021-09-09,3356.544677734375,3371.8604946659234,3333.172716457,3355.039702736924,1441148,3248.0838134765627,3023.5639453125,3316.0502121380105,3205.98230273739,68.80168171665792,110.06790940062047,110.00132085489516,0.0665885457253097,3498.9892238478565,2997.178403105269,0.1495022020923325,68.6712450058815,202292865.0,72.695546696012,76.31955562704194,0.004570631836347205,0.0045602182178098374,0.014389821255422444,0.00961391381561505
2021-09-13,3404.306884765625,3410.5481106681864,3334.9431675228693,3334.9431675228693,1691473,3269.9331298828124,3032.5389111328127,3329.6281617730283,3220.6730125172594,67.54112820991122,108.9551492557689,109.79208653506991,-0.8369372793010115,3492.3878716287727,3047.478388136852,0.13069018115931433,66.89431062294095,203984338.0,88.61218312814616,77.97029767884983,0.014229575833767605,0.014129285690687221,0.014457611789760254,-0.005682283923290288
2021-09-14,3440.205810546875,3449.5901278133597,3386.2908350791995,3408.379146448871,1991188,3288.6351928710938,3042.306943359375,3346.6401077382357,3236.934701260194,72.38540570919318,109.70540647804182,109.7747505236643,-0.0693440456224721,3501.6510516066874,3075.6193341355,0.1238390203763602,66.80260533406103,205975526.0,96.33783978656781,85.88185653690867,0.010545149716642443,0.010489937434042296,0.013109691993174464,-0.005905791627229817
2021-09-15,3500.982421875,3523.5133876208283,3422.588632297016,3436.84212717988,2461369,3309.9533447265626,3053.5740576171875,3370.3850791438917,3256.4937916761055,73.38390381678369,113.89128746778624,110.59805791248868,3.2932295552975575,3518.0697842613567,3101.8369051917684,0.1188903081800305,68.27600816433626,208436895.0,92.33666863068788,92.42889718180062,0.017666562605585412,0.01751232283004226,0.013346171357306353,-0.02336544206620572
2021-09-16,3455.610595703125,3525.062720600188,3445.6952242336656,3479.2481928696525,2946666,3325.457275390625,3064.01236328125,3383.4966970760815,3271.2431845669958,67.26334777808566,112.2535125090858,110.92914883180812,1.324363677277674,3528.128054309611,3122.786496471639,0.11729954710232492,71.43463120772692,205490229.0,76.27403926647823,88.31618256124464,-0.012959741211032827,-0.013044451333933392,0.013437577600141755,-0.008723570795088786
2021-09-17,3388.814208984375,3492.527584251267,3368.584906990132,3470.3949633117786,6477148,3337.28935546875,3074.1518310546876,3384.314775831204,3279.9521493386533,57.72043357525521,104.36262649255059,109.61584436395663,-5.2532178714060365,3524.3975000961673,3150.1812108413324,0.11042691224048758,75.3299788977802,199013081.0,47.67974344464433,72.09681711393681,-0.01932983618056039,-0.019519100397901272,0.014478132729747935,0.011351036192067676
2021-09-20,3384.962646484375,3427.0146213001217,3371.107713869043,3372.1257278564103,2002008,3348.9753662109374,3083.990771484375,3384.414448239384,3287.730704682781,58.94575507462107,96.68374355660308,107.02942420248593,-10.345680645882851,3515.1857290217695,3182.7650034001053,0.09820513853141528,75.98762730319754,197011073.0,43.136686815277805,55.69682317546679,-0.0011365516851850055,-0.0011371980498492,0.014491646345831322,0.0035177554220553464
2021-09-21,3419.888671875,3427.5023808081705,3383.3255346559063,3415.506455653458,1568129,3358.959423828125,3094.8188720703124,3389.872021106402,3297.5201837340564,56.00187105334177,92.35183737234547,104.09390683645785,-11.742069464112376,3516.3572522112777,3201.5615954449727,0.09204851004512789,72.64243418726505,198579202.0,56.760858069436296,49.19242944311947,0.010317994329095193,0.010265127169999194,0.013947583805174552,-0.02169338594378134
2021-09-22,3419.180419921875,3449.900674541708,3410.5930051503906,3419.4903631093684,1744067,3369.9792602539064,3106.522373046875,3394.3810055395516,3306.5320530813024,62.9897679408455,87.84895245824919,100.84491596081612,-12.995963502566937,3510.068277082003,3229.89024342581,0.08194303875388802,68.5131329635132,196835135.0,53.95587487918523,51.284473254633106,-0.00020709795583395696,-0.0002071194035768525,0.013783756418702017,-0.01818940899736754
2021-09-23,3425.46533203125,3434.0970531625558,3395.143644980253,3426.129310579812,2003869,3379.285986328125,3118.6174560546874,3399.1632096151975,3315.3419255961135,53.59588842370319,83.82128401908403,97.4401895724697,-13.618905553385673,3507.015811198201,3251.5561614580492,0.07457662681661645,62.17687191329167,198839004.0,50.16591521372862,53.627549387450046,0.0018381340957487335,0.001836446794612513,0.013612990489027522,-0.02421631527308743
2021-09-24,3427.28076171875,3491.996417565266,3412.8502492141406,3443.835919440469,2320754,3388.114697265625,3130.84689453125,3403.488986861898,3323.6336912348274,53.259774527336766,79.85529562707052,93.92321078338988,-14.067915156319359,3502.093195921428,3274.1361986098223,0.0665124958123616,64.5197711803028,201159758.0,51.074275144339246,51.732021745751034,0.0005299804585741086,0.0005298400685313362,0.013622090513697858,-0.03644784331145812
2021-09-27,3396.8701171875,3456.229845648555,3366.725446335667,3452.688626544407,1673362,3393.284875488281,3141.991103515625,3402.470699219683,3329.0586116757663,48.4092228680765,73.41208754391664,89.82098613549523,-16.40889859157859,3498.207390755918,3288.3623602206444,0.06177599475278687,66.89112285959423,199486396.0,35.858146893031886,45.699445750366586,-0.008873111555646074,-0.00891271203701528,0.013625901864697395,-0.01658875717105157
2021-09-28,3345.69970703125,3408.4236415395485,3320.9997883961637,3408.4236415395485,2253075,3396.730920410156,3152.193359375,3393.7367004214625,3330.2912854058022,46.285999030891546,63.445415015660274,84.54587191152824,-21.100456895867964,3489.3474673229025,3304.11437349741,0.055364530605125986,69.2340217406663,197233321.0,12.104069253631032,33.01216376366739,-0.015063987844968763,-0.015178602199344518,0.014061095889544835,0.014328823745149766
2021-09-29,3356.987548828125,3369.470434317807,3295.2375323295264,3328.5693913486634,2489161,3396.97216796875,3162.7656640625,3388.0829847917184,3332.268786400048,51.905572510767875,55.81419839167029,78.79953720755665,-22.985338815886365,3489.123877897901,3304.820458039599,0.05490143087442771,70.74850692803658,199722482.0,26.86825450376998,24.943490216810968,0.00337383590438578,0.0033681572889241672,0.01310682636072323,0.005010610374916791
2021-09-30,3342.51318359375,3368.585371427345,3319.982215598712,3368.585371427345,2252412,3399.6546875,3173.2290966796877,3381.072246145877,3333.0276306366186,48.29522634737751,48.04461550925862,72.64855286789705,-24.603937358638433,3481.05160920459,3318.25776579541,0.048704024327631865,71.45674818658725,197470070.0,20.57026543511064,19.84752973083722,-0.004311712517202415,-0.004321034755810296,0.012377658110282679,0.031081517155805427
2021-10-01,3302.36376953125,3373.0111325429925,3297.7602280111937,3348.001273095659,1578374,3394.9382202148436,3182.5141748046876,3368.963249743627,3330.756233517702,37.380860420822195,38.20701622592469,65.76024553950258,-27.553229313577887,3487.2566395836084,3302.6198008460788,0.05591050884250031,71.4314597141931,195891696.0,3.10072070660076,16.846413548493793,-0.012011744414223258,-0.012084468363851304,0.01015382961815567,0.05507758780146976
2021-10-04,3340.520263671875,3349.683037622417,3282.222862792294,3297.582985774136,1356860,3391.8949584960938,3192.375576171875,3364.587405732588,3331.479495010604,37.728900518861096,33.107910721984354,59.229778575998935,-26.12186785401458,3487.2803793175854,3296.509537674602,0.057108122862661315,71.72866557819043,197248556.0,24.00652076046708,15.892502300726159,0.011554297710224981,0.01148805657071117,0.010545532906091084,-0.023242002661595373
2021-10-05,3393.6396484375,3399.5711486200703,3312.457224392246,3323.4349197707666,1877966,3391.0672241210937,3203.361337890625,3369.056981533344,3336.0839508200033,36.53242257965821,32.97303071334045,53.97842900346724,-21.00539829012679,3486.070572255423,3296.0638759867643,0.05598906069951819,70.7421776427627,199126522.0,45.88076547668165,24.329335647916498,0.015901530472153702,0.015776425632736818,0.011175316551859701,-0.047074504897287484
2021-10-06,3373.80810546875,3415.019088719637,3359.7318450635594,3396.029343257922,1678154,3390.8458862304688,3214.2213720703126,3369.7879236772524,3338.8783326458365,39.034009124451146,30.909591031415857,49.364661409056964,-18.455070377641107,3485.9956292974944,3295.696143163443,0.056404952559568115,69.0221595920166,197448368.0,43.5488285953139,37.812038277487545,-0.005843738588415248,-0.005860880041496202,0.011049795410034384,-0.04085651486585473
2021-10-07,3446.403564453125,3451.804011121007,3381.909228322114,3390.7179693750854,1647233,3396.1024169921875,3226.7918212890627,3381.574945335079,3346.8431646315616,57.6019181539661,34.731780703517416,46.438085267949056,-11.70630456443164,3491.336816836075,3300.8680171483,0.055265959463455416,65.74024733423961,199095601.0,78.26568121884262,55.898425096946056,0.02151736456697173,0.021289134217666483,0.011722585490002078,-0.07051848447370235
2021-10-08,3484.25,3532.277788850689,3452.688968067958,3474.821589658137,2934339,3402.487683105469,3239.85626953125,3397.3711075912206,3357.0214487329276,62.02676590357149,40.34965885829297,45.22039998601784,-4.87074112772487,3503.5038944442563,3301.4714717666816,0.057984479494173694,67.88076997470284,202029940.0,80.79310429570141,67.53587136995264,0.010981428854482056,0.010921570784044043,0.01189404026779424,-0.07152617862972666
2021-10-11,3262.8798828125,3326.5332197772977,3240.2159905215995,3324.3199574886903,11845402,3395.4163330078127,3248.5287109375,3376.680149932956,3350.0479994054886,36.89891819040847,26.632150527467275,41.50275009430773,-14.870599566840454,3514.1440219627807,3276.6886440528447,0.0727747837610427,82.15628164085544,190184538.0,7.759964644635148,55.60625005305973,-0.06353451020664413,-0.06564260797093956,0.01852562345505756,-0.012068009322429796
2021-10-12,3233.8857421875,3281.8249109047315,3214.1877102836343,3280.9396061000634,5752877,3385.1003295898436,3257.1232373046873,3354.711779510578,3341.4433877597116,35.23563894256101,13.268391750866158,35.855878425619416,-22.587486674753258,3521.9174495819498,3248.2832095977374,0.0846146901278948,84.1798195858397,184431661.0,6.192595503934082,31.581888148090215,-0.008886058226577398,-0.008925774698962451,0.018344350061323896,-0.010149633141969816
2021-10-13,3235.966064453125,3253.893486668199,3226.9359987133057,3231.3625227170273,3545655,3371.84951171875,3264.8395654296874,3336.4432079632775,3333.6302526999643,34.79875991140169,2.8129552633131425,29.247293793158164,-26.43433852984502,3512.6857935082357,3231.013229929264,0.08704435027089014,83.32296814102473,187977316.0,6.846599638545881,6.933053262371704,0.0006432887341956128,0.0006430819126903843,0.017723101583169656,-0.031714094146169214
2021-10-14,3203.368408203125,3255.3025009499747,3200.4856471328017,3215.3873476685717,6442299,3359.23740234375,3270.7441796875,3315.970161846331,3323.98122718168,32.88352296515559,-8.01106533534903,21.795621967456725,-29.806687302805756,3513.0686384902647,3205.4061661972355,0.09604342463550959,81.58515996002815,181535017.0,0.8688454932623979,4.636013545247454,-0.0100735470028821,-0.01012462851503399,0.017656002483282553,-0.03117849962163699
2021-10-18,3235.034912109375,3239.957825124647,3194.4988931682005,3196.27290026894,3590107,3351.5484375,3277.476005859375,3303.5185849637223,3317.392611250398,37.652578555847654,-13.874026286675871,14.661692316630207,-28.53571860330608,3514.2708690725713,3188.826005927429,0.10060010849556457,78.43905514885377,185125124.0,12.000755363697515,6.572066831835265,0.009885376850554906,0.009836836146110145,0.017496615000488037,-0.04227956811046174
2021-10-19,3223.50341796875,3273.1314329577704,3215.5647806069323,3254.415574024563,3135441,3343.475476074219,3283.80013671875,3291.2085592721883,3310.437856192498,40.07665612348957,-19.229296920309935,7.883494469242179,-27.112791389552115,3515.00044113841,3171.9505110100276,0.10642145692048038,76.30639794938614,181989683.0,8.586837475994297,7.152146110984735,-0.0035645655932368125,-0.003570933794923325,0.017497490816785557,-0.041701537550356105
2021-10-20,3201.06298828125,3219.8230275642086,3173.9649853308347,3203.856962964717,2933693,3332.5341918945314,3289.21775390625,3277.340009888967,3302.336014124998,37.56292371799035,-24.99600423603124,1.3075947281874953,-26.303598964218736,3511.300119996454,3153.7682637926086,0.11169160291838415,74.54250728150292,179055990.0,7.56266666559075,9.383419835094186,-0.006961503301783578,-0.0069858476136872485,0.017267199665472268,-0.033002342819165476
2021-10-21,3133.34033203125,3199.8212109811748,3114.491504839272,3196.849878744259,4871211,3318.2421875,3293.052509765625,3255.186213295472,3289.817815451387,34.62195112248874,-34.63160215591506,-5.880244648633016,-28.751357507282044,3512.844274453582,3123.640100546418,0.12421382060813498,77.25453068245618,174184779.0,4.511595500683791,6.887033214089613,-0.021156302296432616,-0.021383304250387123,0.01770870663107591,-0.0313801555567087
2021-10-22,3103.4921875,3159.1516554194964,3091.207102780001,3157.7323632415505,2691670,3302.1435302734376,3296.0920068359374,3231.8486708653995,3276.0159170846177,35.15442295618455,-44.167246219218214,-13.537644962750058,-30.629601256468156,3512.065717691157,3092.2213428557184,0.1352812733109026,76.73264840443449,171493109.0,2.785287054420601,4.9531830735650475,-0.009525982296311963,-0.009571644683102525,0.017686977467264962,-0.028895042001575888
2021-10-25,3098.259033203125,3117.4183966686946,3060.162273714988,3107.173462267711,2595594,3285.6924438476562,3298.8444580078126,3211.296418917357,3262.8487405008036,30.98054549219843,-51.55232158344643,-21.14058028688933,-30.411741296557096,3505.652530762335,3065.7323569329774,0.14198947509387158,76.00378755611905,168897515.0,8.069372487601106,5.122085014235165,-0.001686214748003123,-0.001687638008264634,0.017658938801158337,-0.004738359157569372
2021-10-26,3089.078369140625,3130.2352434991762,3082.3370561517813,3099.633623805007,3878763,3270.3028564453125,3301.2796142578127,3192.493642028629,3249.9768611407903,24.31764289718457,-57.48321911216135,-28.409108051943736,-29.074111060217614,3500.3492684829216,3040.2564444077034,0.14894177780384868,73.20266349323126,165018752.0,6.124792449844512,5.659817330622073,-0.0029631686583057038,-0.0029675675344449197,0.01763806946369669,0.0004594216408695395
2021-10-27,3095.42041015625,3114.490985073754,3089.433136635638,3089.433136635638,2510813,3257.7888916015627,3301.8647314453124,3177.5592986636475,3238.5282351419355,25.978249144910606,-60.968936478288015,-34.921073737212595,-26.04786274107542,3497.588641021387,3017.9891421817383,0.15493840425231273,71.06876151302065,167529565.0,7.468116448376664,7.220760461940761,0.0020530528066173837,0.002050948173826544,0.017517776915553458,0.0007164692169836506
2021-10-28,3035.015625,3120.4785040796774,3029.1171379852467,3120.4785040796774,2424942,3241.690295410156,3301.07265625,3155.629502715394,3223.4532269832735,13.738938519328087,-67.82372426787924,-41.501603843345926,-26.322120424533317,3496.227182565798,2987.153408254514,0.1677334937316127,72.0234372588902,165104623.0,1.172287022960979,4.921731973727385,-0.019514242704499307,-0.019707159411972486,0.017774970535302748,0.02542629066468982
2021-10-29,3013.816650390625,3069.919631227122,3003.349964014751,3015.8568020954044,3960501,3225.25546875,3298.438349609375,3133.812140819276,3207.924591680114,7.280795529284745,-74.11245086083818,-48.02377324684438,-26.088677613993802,3494.4088981500236,2956.1020393499766,0.17861300843575745,70.64454031709069,161144122.0,3.2386227285029077,3.9596753999468497,-0.006984799167014222,-0.007009307065222391,0.017780562240760557,0.03090267941600011
2021-11-01,3083.578369140625,3092.9806913019947,3027.2980497145672,3049.4731335352008,2020718,3214.316198730469,3297.06646484375,3126.0838682533295,3198.713760380893,27.531289866654376,-72.62989212756338,-52.94499702298818,-19.684895104575197,3488.019960442468,2940.61243701847,0.17752346718418488,58.8681139908742,163164840.0,28.80991845822395,11.073609403229279,0.023147300198556486,0.022883465068032627,0.018762666375388988,0.008428278675382872
2021-11-02,3090.49755859375,3116.5755914866954,3077.6804012995885,3099.190236224732,3087414,3201.8150634765625,3295.8515673828124,3120.609051382625,3190.697745433697,30.97935353043438,-70.08869405107225,-56.373736428605,-13.714957622467253,3474.0836346637607,2929.5464922893643,0.17619724075180104,56.81511324558918,166252254.0,32.30303212452386,21.450524437083573,0.002243883120458312,0.0022413693743951013,0.01848952254694046,2.875497741539057e-05
2021-11-03,3097.63818359375,3122.163745415681,3074.39873362359,3108.23783282908,1537639,3187.014990234375,3293.4001806640626,3117.075071722798,3183.804444556664,31.893689405160913,-66.72937283386591,-58.444863709657184,-8.284509124208725,3447.2956638864575,2926.7343165822926,0.1680510493644004,58.30136494824618,167789893.0,34.94985031702237,32.020933633256725,0.0023105098336493324,0.002307844710210128,0.01797310864158539,-0.0011597640150171618
2021-11-04,3112.184814453125,3116.265117267384,3108.9473382259107,3115.9989729006115,328991,3173.9338256835936,3291.668203125,3116.3227244505406,3178.4992867712167,37.472613278618816,-62.17656232067611,-59.19120343186097,-2.985358888815142,3420.629541987628,2927.2381093795593,0.15853538977400594,55.71637065227911,168118884.0,40.34185552639184,35.86491265597936,0.004696039368451643,0.0046850473747002816,0.01808259843429846,0.00495932185652892
2021-11-08,3106.95166015625,3147.088570475876,3087.8366904944155,3147.088570475876,2526082,3156.96123046875,3289.0206201171877,3114.881022251419,3173.1994625775155,31.024909305976067,-58.318440326096606,-59.0166508107081,0.6982104846114936,3369.001276482988,2944.9211844545116,0.1364939459686184,56.7015812254944,165592802.0,38.40208022701392,37.89792869014271,-0.0016815049905044566,-0.0016829203068178173,0.01708500767695994,0.01443139494552681
2021-11-09,3109.567626953125,3135.5568686375505,3100.963737696429,3111.6077779860047,1782692,3138.2271118164062,3286.197841796875,3114.063576820912,3168.485993272005,32.66282635159078,-54.422416451092886,-58.09780393878506,3.675387487692177,3284.5314314630273,2991.922792169785,0.09409946153187584,55.060615410514664,167375494.0,49.06738103866477,42.60377226402351,0.0008419721588921458,0.0008416178991712398,0.016731714152027285,0.014462436333050555
2021-11-10,3090.58642578125,3121.986263947992,3086.9496247069433,3102.7383307642617,1516489,3129.612438964844,3282.1402392578125,3110.451707430195,3162.7156549393567,33.01034445330207,-52.26394750916188,-56.93103265286043,4.66708514369855,3264.8865086250757,2994.338369304612,0.08753941875353752,54.024773025024196,165859005.0,44.40164304599916,43.95703477055928,-0.006104128756470706,-0.006122835113264571,0.009707799996783941,0.0107912589278083
2021-11-11,3094.045654296875,3113.426767950228,3047.744113577115,3086.7722686985917,1284514,3122.6204345703127,3278.485576171875,3107.927699255838,3157.628988225099,42.46840211095381,-49.701288969260986,-55.485083916140546,5.78379494687956,3249.389941969153,2995.8509271714724,0.08194417378605147,52.53271380581954,167143519.0,58.21226295029776,50.560429011653895,0.0011192790102125816,0.0011186530844747194,0.009627757793825388,-0.0035833854577186353
2021-11-12,3127.619140625,3134.803739975808,3091.828458130939,3109.8346748298673,1747259,3117.203088378906,3273.99470703125,3110.9571517741706,3155.4060365510177,54.55929519422251,-44.44888477684708,-53.27784408828185,8.828959311434772,3232.3009556440948,3002.1052211137176,0.07360094825496451,50.74919446334626,168890778.0,86.45497522824091,63.02296040817928,0.010850999008854112,0.010792549363661827,0.010045882380440867,-0.019185872965221007
2021-11-15,3151.789306640625,3166.2475057480005,3129.3480767252768,3129.3480767252768,1809157,3114.624133300781,3271.2532373046874,3117.239021753625,3155.1381306317294,59.440038573524724,-37.89910887810447,-50.20209704624638,12.302988168141908,3223.7493047421985,3005.4989618593636,0.06924648878749445,49.41864033258152,170699935.0,91.12436016255997,78.59719944703288,0.007727976115018631,0.007698268263815354,0.010049197737293398,-0.025061099268621323
2021-11-16,3154.53955078125,3171.525799838451,3141.7667854235606,3165.7158828844404,2013204,3110.599365234375,3266.410166015625,3122.9775646809517,3155.0937913835455,61.811943880132496,-32.11622670259385,-46.58492297751587,14.468696274922024,3206.114532604903,3015.084197863847,0.06055727996618269,48.122985123116905,172713139.0,89.89970885240213,89.159681414401,0.0008725977129342422,0.0008722172208781772,0.009743989887709203,-0.03180211986786774
2021-11-17,3123.937744140625,3160.2607130817687,3110.189188992321,3149.394919496819,1632914,3105.6210815429686,3260.8612109375,3123.1252845978247,3152.785936032218,54.73148411188437,-29.660651434393458,-43.20006866889139,13.539417234497932,3185.449674557071,3025.792488528866,0.05110767214476784,49.88433570571111,171080225.0,71.70339278204635,84.24248726566948,-0.009700879050017375,-0.009748239115596505,0.009916974852746858,-0.021579288397173157
2021-11-18,3082.95849609375,3123.006840214177,3061.5818383861247,3117.950746243194,2136598,3099.715856933594,3254.316494140625,3116.945778674121,3147.613533073813,58.50257015691591,-30.667754399692058,-40.69360581505153,10.025851415359469,3166.170228950972,3033.2614849162155,0.04311077953308749,47.8125171100018,168943627.0,47.336486653159774,69.64652942920274,-0.013117818408429294,-0.013204616895153641,0.010186617978504809,-0.008300655427019077
2021-11-22,3067.613037109375,3118.6601354949016,3051.5584025436406,3085.35310837777,3167936,3096.4294921875,3248.1040576171877,3109.3561261256987,3141.6875704097806,59.74296436960044,-32.331444284081954,-39.021173508857615,6.689729224775661,3162.3813945362663,3030.4775898387334,0.04299884082570807,47.85052180563681,165775691.0,27.952309704547076,48.99739637991774,-0.004977510726731582,-0.0049899397942801925,0.00916183017070607,0.012607060772181766
2021-11-23,3072.802001953125,3087.614917705007,3022.730695618105,3055.7271838719826,2153461,3094.894982910156,3242.734638671875,3103.7324147145337,3136.5849357092875,47.452460156198576,-32.85252099475383,-37.78744300603686,4.934922011283028,3161.5790550500515,3028.210910770261,0.04340277837459738,46.83053474674625,167929152.0,33.65117864397907,36.313325000561974,0.0016915317482937287,0.0016901027197371472,0.008954693835588633,0.018734253086933217
2021-11-24,3054.218505859375,3098.346920029443,3037.09929886058,3079.852814605094,2161746,3092.6929565429687,3236.688115234375,3096.1148902752784,3130.483718683368,41.87186782846014,-34.368828408089485,-37.10372008644739,2.7348916783579043,3161.774779218703,3023.6111338672345,0.04523698782074954,48.42713695972884,165767406.0,21.161859058500365,27.588449135675503,-0.006047736262192571,-0.006066097887416288,0.009038872750275793,0.039061703767018674
2021-11-25,3056.525390625,3071.693237675039,3046.0145286811985,3054.7513835573277,1849619,3091.0653076171875,3229.7324853515624,3090.0241980213896,3125.0053240123775,40.584968867043756,-34.98112599098795,-36.6792012673555,1.698075276367554,3162.014450747338,3020.116164487037,0.046424703912335316,46.84954390271095,167617025.0,22.712235851941973,25.8417578514738,0.000755310977652579,0.0007550258738684106,0.009027605434714384,0.0571694875397859
2021-11-26,3057.367919921875,3095.642032063638,3026.3669761859983,3037.986807970762,1941251,3089.1626831054687,3222.0757275390624,3085.000155236849,3119.9951459315994,36.6059710869617,-34.99499069475041,-36.34235915283448,1.3473684580840697,3161.644414735617,3016.6809514753204,0.04741446468241898,50.46726691728278,169558276.0,23.278470407362335,22.384188439268225,0.0002756493695288409,0.00027561138522145336,0.009009975325207281,0.0561672266638793
2021-11-29,3106.28662109375,3130.5462562837033,3021.5333834239445,3057.6343867946935,2981745,3092.7262329101563,3214.1818115234373,3088.274996137911,3118.979699647314,49.8660909137874,-30.704703509403316,-35.214828024148254,4.510124514744938,3160.8776963489554,3024.5747694713573,0.04387970058912487,54.02162355144693,172540021.0,56.505015183583374,34.16524048096256,0.016000266390289397,0.015873611351422505,0.008570860648986017,0.00982272750494162
2021-11-30,3130.36865234375,3161.059063368577,3096.529551797882,3096.529551797882,5588446,3098.5538330078125,3207.67697265625,3094.7509432465017,3119.823325772976,53.855133735292725,-25.072382526474485,-33.1863389246135,8.113956398139017,3157.6219746062293,3039.4856914093957,0.03773877658415194,56.159936453559304,178128467.0,72.5605144051496,50.78133333203177,0.007752675199534709,0.007722777637796399,0.008463356979174276,0.015683524944255955
2021-12-01,3173.521484375,3184.3428848512376,3135.5576874510098,3135.5576874510098,2102118,3103.050988769531,3203.3711181640624,3106.8694880355015,3123.800967150904,64.1067572475365,-16.931479115402453,-29.935366962771294,13.00388784736884,3170.4295133132987,3035.6724642257636,0.0424629389626062,57.512621686876365,180230585.0,93.3533360262738,74.13962187166892,0.013785223666529234,0.013691071754123584,0.007423230626546214,0.013723402814918018
2021-12-02,3231.265380859375,3235.789185915078,3170.2397054205367,3183.6333300682236,3152938,3110.0893798828124,3200.2971728515627,3126.007317700713,3131.7612940922722,69.70190480584063,-5.753976391559263,-25.09908884852889,19.345112456969627,3198.1741765835163,3022.0045831821085,0.054520310973205935,57.5031092669784,183383523.0,97.88859624613002,87.93414889251783,0.018195527198627826,0.018031969624974657,0.008314770863010615,-0.011296111002856546
2021-12-03,3229.091796875,3251.7103857650372,3220.5766933426667,3234.413817790303,2486263,3116.662060546875,3196.4812353515626,3141.866468342911,3138.9709609650668,66.01324111111204,2.8955073778442966,-19.500169603254253,22.39567698109855,3219.2572943905056,3014.0668267032447,0.06354432781559105,56.65728145108564,180897260.0,90.17339323177859,93.80510850139414,-0.0006726726926393756,-0.0006728990384251984,0.00834057817352787,-0.0010026190123360035
2021-12-06,3136.798828125,3244.6585313150194,3124.0260654159374,3229.0915778827693,1849642,3117.8927612304688,3190.833603515625,3141.0868313863093,3138.810062236173,48.05299570413148,2.2767691501362606,-15.144781852576152,17.421551002712413,3220.8517369417973,3014.93378551914,0.06564589019109751,62.51471722080574,179047618.0,50.07687281014553,79.37962076268472,-0.028581711067897753,-0.028998121852108903,0.010765128181396676,0.020713200970585488
2021-12-07,3179.4638671875,3191.438413764995,3126.066302797089,3159.9497912834336,1484458,3121.5183715820312,3185.91357421875,3146.9909907403385,3141.8214551955307,52.93311834925088,5.169535544807786,-11.081918373099365,16.25145391790715,3227.9049636491623,3015.1317795149002,0.0669210889075074,65.05850983173544,180532076.0,68.61262513482414,69.62096372558277,0.01360145849327643,0.013509788947668232,0.011141750930229108,0.010963992860677285
2021-12-08,3217.072998046875,3234.4139602705127,3194.099693371914,3194.099693371914,1428660,3126.8936401367187,3181.7094189453123,3157.772838018267,3147.3956435548894,60.78241944404437,10.377194463377691,-6.790095805803953,17.167290269181645,3241.2992014814145,3012.488078792023,0.07112400707982246,65.40697904556149,181960736.0,84.95184689750907,67.88044828082626,0.01182876498377805,0.011759351987082858,0.011390545907213237,-0.015591785495643884
2021-12-09,3194.7646484375,3224.035762034623,3163.05427537395,3202.082426836781,1567957,3132.1025512695314,3177.6673095703127,3163.463885775072,3150.9044587313792,63.5288480378163,12.559427043692722,-2.920191235904618,15.47961827959734,3249.0070188497743,3015.1980836892885,0.07318502640713688,65.30880625314525,180392779.0,75.26002304787009,76.27483169340111,-0.006934362267476901,-0.006958516685929882,0.011422193735510568,-0.005594250725750927
2021-12-10,3225.854248046875,3230.466622758769,3171.1261775123917,3179.9074252032365,1510718,3138.692980957031,3175.270400390625,3173.062403047657,3156.4562949769715,68.44483702790595,16.606108070685423,0.9850686254133901,15.621039445272032,3261.2868650993023,3016.09909681476,0.07600708197929085,64.75442855993927,181903497.0,88.76684575084768,82.99290523207561,0.00973142094350532,0.00968437563229786,0.011559812591306508,-0.014421976252505186
2021-12-13,3201.77197265625,3248.2066906971236,3194.7203384161626,3237.562649111005,1883864,3142.4006225585936,3172.1660888671877,3177.4792599105176,3159.813011842103,64.3987485799475,17.66624806841446,4.321304514013605,13.344943554400857,3268.03198318194,3016.769261935247,0.07847614489492859,63.94029500237207,180019633.0,78.30434291799145,80.77707057223641,-0.007465394757127042,-0.00749340028517352,0.011559906292308875,-0.014613413684347432
2021-12-14,3214.323486328125,3224.25788271104,3172.545532780773,3197.6477763888033,1747007,3145.5273315429686,3169.602294921875,3183.1476024363033,3163.850824766994,68.11882905825621,19.29677766930945,7.316399145072774,11.980378524236675,3275.190546250925,3015.8641168350123,0.08067838551998185,63.259204199615205,181766640.0,83.75732629346383,83.60950498743432,0.003920177257802138,0.003912513385564769,0.01147842700630343,-0.004277271785098291
2021-12-15,3166.9130859375,3213.613734373968,3156.0914698132124,3210.952723829358,1603233,3146.1460083007814,3166.89328125,3180.6499845134103,3164.077658927772,61.335234620956896,16.572325585638282,9.167584433185876,7.404741152452406,3276.1080141710954,3016.1840024304674,0.08207488007637657,65.58444045112034,180163407.0,63.1599599587668,75.07387639007403,-0.014749729015228641,-0.014859587865426325,0.01201006571013648,0.016917166293700214
2021-12-16,3176.892333984375,3200.708251863708,3166.60300510544,3177.24704882008,2072320,3148.793737792969,3163.62072265625,3180.0718844320204,3165.0268941171503,62.04738515273787,15.04499031487012,10.343065609522725,4.701924705347395,3279.0081393115306,3018.579336274407,0.08197596130382567,63.07231122830808,182235727.0,67.49542698863266,71.47090441362111,0.0031510962808507514,0.0031461419818854764,0.011790622136889693,0.022643369466909258
2021-12-17,3179.3310546875,3238.7602886798354,3169.884337561044,3195.4300814535413,4333992,3153.6123657226562,3159.33455078125,3179.9579106251713,3166.0864615668056,58.12363764143094,13.87144905836567,11.048742299291314,2.8227067590743555,3280.6630140521634,3026.561717393149,0.07992288072183477,60.20538824681041,186569719.0,53.35807314104893,61.337820029482806,0.0007676434851244807,0.0007673489975623558,0.011320770882156958,0.024146518267557537
2021-12-20,3154.983154296875,3198.53511955677,3113.515734208334,3183.4560577063917,2312310,3157.9808715820313,3154.9580517578124,3176.115640420818,3165.2639943616255,52.73588422943421,10.851646059192717,11.009323051271595,-0.1576769920788781,3278.417084937366,3037.544658226697,0.07634666016603511,61.66895065950621,184257409.0,30.006530369394444,50.28667683302535,-0.007658183426581866,-0.007687657890273858,0.011418211753111628,0.039135138631989586
2021-12-21,3200.574951171875,3229.7572813308107,3163.4093725133384,3177.8231801936154,2340989,3164.369519042969,3150.0414794921876,3179.878611305596,3167.8796207920145,52.990758177460286,11.998990513581703,11.207256543733617,0.7917339698480852,3279.20643454744,3049.532603538498,0.0717601788781257,63.154657411395355,186598398.0,62.997529920461076,48.787377810301486,0.014450725929521013,0.014347309295921823,0.011782041709174011,0.027228765583576342
2021-12-22,3220.48828125,3225.8546962749856,3198.756693316205,3214.501007023342,1224328,3172.6830078125,3144.7662451171873,3186.1262528355046,3171.776558603717,48.69984324792508,14.349694231787453,11.835744081344385,2.5139501504430672,3277.5884734050123,3067.7775422199875,0.0651487951086687,60.40812330169813,187822726.0,77.40715421030573,56.80373816672043,0.006221797765065151,0.0062025222920967646,0.011653912659673546,0.017613439950512122
2021-12-23,3248.827880859375,3255.746551906063,3219.8229078923873,3235.788971898465,1792861,3182.298132324219,3144.485205078125,3195.7726571468693,3177.484063955988,52.23958168673526,18.28859319088133,13.126313903251775,5.162279287629554,3277.145302080559,3087.450962567879,0.05838854702961437,60.75026270107706,189615587.0,95.13560340885974,78.51342917987552,0.008799783490711865,0.008761291047923099,0.01172120788887503,0.01939837226451635
2021-12-24,3256.100830078125,3286.3477338995476,3232.9501703058754,3268.6076651605485,2209923,3192.2347778320313,3144.9295068359374,3205.0539145209086,3183.3075281131833,66.77475408875358,21.746386407725367,14.850328404146493,6.896058003578874,3272.4915675394163,3111.9779881246463,0.04929625579528467,55.94776967926207,191825510.0,82.49924558167032,85.01400106694528,0.0022386378981782418,0.002236135881735443,0.011704334371948235,0.01837438720238871
2021-12-27,3278.453857421875,3281.9130845923037,3240.312705357694,3256.189982037391,1534135,3200.8431396484375,3145.7792626953124,3216.3462134287497,3190.3554043582717,64.7619415135566,25.990809070478008,17.078424537412797,8.912384533065211,3279.1946278249616,3122.4916514719134,0.04779782884492903,54.24978884116948,193359645.0,95.432630246291,91.02249307894037,0.006864967797454158,0.006841511197369817,0.01135225439952792,0.03291301732048901
2021-12-28,3287.72265625,3304.087826469044,3276.457755830203,3290.7827748188333,1456218,3208.71083984375,3147.46634765625,3227.327204632019,3197.5677933872885,61.50842667527233,29.759411244730472,19.614621878876335,10.144789365854137,3288.84680652316,3128.57487316434,0.04874861723939559,52.29835866658579,194815863.0,91.41260925153195,89.78149502649778,0.0028271859941362276,0.0028231970204252565,0.011291562225287015,0.04807711157870731
2021-12-29,3277.212158203125,3299.6089991071835,3268.6082665922886,3275.039042693454,1456923,3213.895373535156,3148.309892578125,3235.0018128737274,3203.467375966239,63.9670684780148,31.53443690748827,21.998584884598724,9.535852022889546,3297.774954609865,3130.0157924604473,0.05118959470765507,50.15687622760164,193358940.0,85.89737461138272,90.91420470306856,-0.0031968931524362088,-0.0032020141324133862,0.011035145548169558,0.04499689014628938
2021-12-30,3311.849853515625,3317.393626286826,3264.173407683294,3265.3709492233234,1966475,3217.924597167969,3150.0768212890625,3246.824588357096,3211.495707636564,64.39508739622298,35.3288807205322,24.66464405178542,10.664236668746778,3312.3911266994296,3123.458067636508,0.05704759195600718,49.71971718168412,195325415.0,97.28083672258124,91.53027352849864,0.010569256319216125,0.010513792197041197,0.010555279167706702,0.01973883877709781
2021-12-31,3315.9296875,3335.133227039575,3309.676269388582,3319.8768098436235,1207141,3222.266491699219,3152.3741552734373,3257.456142071389,3219.2315579968185,70.48073822985728,38.22458407457043,27.376632056342423,10.847952018228007,3326.3837283807547,3118.149255017683,0.06279821738924361,47.71761756525783,196532556.0,91.33482682474362,91.50434605290253,0.0012318897790744021,0.0012311316254377752,0.010545267727745342,0.030802350278838597
2022-01-03,3386.357666015625,3397.2234590635435,3321.8281603636997,3326.2631779342787,2346158,3234.74443359375,3157.434501953125,3277.2871457551178,3231.6112697019153,75.55683382368701,45.6758760532025,31.03648085571444,14.63939519748806,3354.392255770846,3115.0966114166536,0.07066461016675384,49.83057625334901,198878714.0,96.17007501137816,94.92857951956768,0.02123928585733159,0.021016875932471247,0.008841704240191577,0.016266151790549133
2022-01-04,3445.786865234375,3449.6895940340164,3380.991215898721,3398.199213823808,2488606,3248.060583496094,3164.2803955078125,3303.2101795211574,3247.4761286302455,90.00018909492468,55.73405089091193,35.97599486275394,19.758056028157988,3397.399954260761,3098.7212127314265,0.08667940102239007,50.57817351194779,201367320.0,98.83907428059592,95.44799203890591,0.017549593126314322,0.01739737732013124,0.0091103582806954,0.008018524660330595
2022-01-05,3424.676513671875,3432.7039395803245,3381.6124454860555,3428.268921570531,1733031,3258.4407592773437,3170.8087451171873,3321.897307852037,3260.6020830777734,84.44109622182256,61.295224774263716,41.0398408450559,20.255383929207817,3426.409222320874,3090.4722962338133,0.09809303878656715,52.72597158266574,199634289.0,92.55948086622882,95.85621005273431,-0.006126424061653091,-0.006145267599300544,0.0091898140750245,-0.00027210884353745524
2022-01-06,3377.221923828125,3401.658917117096,3345.777688491704,3381.2578336506826,1810293,3267.563623046875,3176.5716162109375,3330.4087872329737,3269.2405898000216,74.44681370591289,61.168197432952184,45.06551216263516,16.102685270317025,3440.710020997116,3094.417225096634,0.10253776734575812,53.44189115847858,197823996.0,78.44339525855676,89.94731680179383,-0.013856663440854455,-0.013953563181113269,0.009706310130657638,0.023756061637950854
2022-01-07,3418.068115234375,3428.1798688915587,3367.4201268665024,3388.353496871756,2460591,3277.17431640625,3183.0245703125,3343.894837694728,3280.264850943307,81.2277513010696,63.6299867514208,48.77840708039229,14.85157967102851,3461.546981638895,3092.801651173605,0.10788121185232884,51.70905949252288,200284587.0,88.95436134827534,86.65241249102031,0.012094612769761426,0.012022057374484817,0.009808648448238996,0.029752135062930618
2022-01-10,3441.440673828125,3528.499982192148,3424.7205709512023,3528.499982192148,3937092,3289.157751464844,3191.1530712890626,3358.901889407558,3292.2038007866267,80.18241868766842,66.69808862093123,52.362343388500086,14.335745232431144,3483.7661014373134,3094.5494014923743,0.11309702442494515,54.25604091565411,204221679.0,73.59785284439477,80.33186981707564,0.006837944068340374,0.0068146713602159174,0.009527162327688255,0.035903443360846055
2022-01-11,3473.4169921875,3481.4888108289488,3420.285568039854,3420.285568039854,1906106,3302.1124267578125,3200.345078125,3376.519597527549,3305.6270001496546,80.76395875200511,70.89259737789462,56.068394186378995,14.824203191515622,3509.800844821479,3094.424008694146,0.11958737953479517,56.69212947496229,206127785.0,82.15514056869104,81.56911825378705,0.0092915500774291,0.009248649165240187,0.009610263737213747,0.0190761079054953
2022-01-12,3423.74462890625,3485.0366556927033,3403.033227682781,3481.488641790242,3203744,3314.95400390625,3207.1484033203124,3383.7849869704264,3314.3764541316245,70.22568811981122,69.40853283880188,58.73642191686358,10.672110921938298,3519.175856444657,3110.732151367843,0.1192973627847049,59.98354261755133,202924041.0,64.55577061004753,73.43625467437779,-0.014300719836683684,-0.01440396059069357,0.009564752544361413,0.015966304939838194
2022-01-13,3457.451416015625,3479.7152940930355,3421.173053611226,3475.2802758747166,6684507,3328.9819580078124,3214.48748046875,3395.118283746611,3324.9745994563655,71.94096733158739,70.14368429024535,61.017874391539934,9.125809898705413,3531.8119370222726,3126.1519789933523,0.11732918535017443,60.35101953813257,209608548.0,75.34639038971542,74.01910052281801,0.009845006203089035,0.009796859872237183,0.009652051085719168,-0.016579905789698812
2022-01-14,3519.762939453125,3527.613007244821,3423.877988650264,3439.6666946537052,3348123,3346.003552246094,3222.9299755859374,3414.294384624536,3339.4033653820516,74.18873439420886,74.89101924248462,63.792503361728876,11.098515880755741,3553.0490842060067,3138.958020286181,0.11764742996702043,64.7892080638431,212956671.0,96.69460297125852,78.8655879903405,0.01802238583855731,0.017861907904783276,0.010082692085860333,-0.03223518374102596
2022-01-17,3565.000244140625,3586.155365505401,3514.574222074522,3541.539043469743,3442604,3366.5044067382814,3231.9862841796876,3437.4799014731652,3356.114245290094,75.92478375061629,81.36565618307122,67.30713392599735,14.058522257073875,3575.102411662155,3157.9064018144077,0.11702552069482854,67.92857040613151,216399275.0,93.42971838894209,88.49023724997203,0.012852372578969318,0.012770481753060137,0.009749242998620313,-0.06000592648758507
2022-01-18,3539.67626953125,3585.002018651542,3530.2739457678194,3578.1277414958386,2389041,3383.45947265625,3240.6407763671873,3453.2024196359475,3369.7114322709203,73.878318532066,83.4909873650272,70.54390461380332,12.947082751223874,3590.388792401965,3176.530152910535,0.11691991243770895,69.62338043247635,214010234.0,85.56468931073277,91.89633689031115,-0.007103498702699107,-0.007128848669916003,0.009974743097347492,-0.05364494595790992
2022-01-19,3478.4091796875,3564.9107779857886,3474.721734125979,3564.9107779857886,3102539,3396.355517578125,3248.017607421875,3457.080382720802,3377.763117264741,64.4528534024738,79.3172654560608,72.29857678225481,7.018688673805983,3592.3810041884776,3200.330030967772,0.11270984894765239,72.26401080792478,210907695.0,61.02917459879647,80.00786076615712,-0.017308670392014003,-0.017460216683119662,0.011152979295675413,-0.06779643172685523
2022-01-20,3400.127197265625,3483.1632784636076,3386.310013832859,3474.277657855282,6176776,3403.9204833984377,3254.2084228515623,3448.3183541892363,3379.419715783325,56.472567040798054,68.89863840591124,71.61858910698611,-2.7199507010748647,3587.2399956504596,3220.6009711464158,0.10783097314679703,77.36374702076445,204730919.0,29.622012179811144,58.73862536311347,-0.02250511034728464,-0.022762215113043913,0.012542087982578158,-0.03567163194219314
2022-01-21,3406.302734375,3422.341323309093,3350.8565473453277,3382.7558392501955,3112358,3411.4305786132813,3260.453564453125,3441.854412679354,3381.4110504938194,51.70131636093241,60.443362185534625,69.38354372269582,-8.940181537161195,3581.046678629743,3241.8144785968198,0.09958956278592973,76.66310447792314,207843277.0,25.1791458487202,38.61011087577595,0.0018162664956598018,0.0018146190781327194,0.012542646862265987,-0.025368299917375103
2022-01-24,3351.0791015625,3420.6533474824882,3323.311533128875,3412.078809123836,3258414,3415.0618408203127,3264.922763671875,3427.888980199838,3379.16423946187,41.86303781107484,48.724740737968204,65.2517831257503,-16.52704238778209,3575.5554692735072,3254.568212367118,0.09578623696370614,78.70906420780297,204584863.0,10.56428381159125,21.788480613374208,-0.016212191669050968,-0.016345047124042333,0.013150471889814237,0.007768967260720849
2022-01-25,3349.79052734375,3384.8887339958196,3307.406154089975,3349.4351892399127,3330501,3418.165234375,3268.8827880859376,3415.8738336065935,3376.9884089346015,43.33918634222552,38.88542467199204,59.978511434998644,-21.093086763006603,3570.48341111225,3265.8470576377504,0.09094191143828449,79.65964707619761,201254362.0,15.2051993397235,16.982876333344993,-0.0003845251573288966,-0.0003845991060845848,0.013148887342914433,0.022891837773788115
2022-01-27,3242.58544921875,3317.35786790561,3221.1267599154967,3315.225405503914,5718297,3416.4338989257812,3270.6437060546873,3389.2140821623098,3367.0326341408345,39.175199046564025,22.181448021475262,52.41909875229397,-30.237650730818707,3576.107558821343,3256.7602390302195,0.09848539839345334,83.21428580820348,195536065.0,5.878632242674856,10.549371797996544,-0.03200351701096049,-0.03252682498794603,0.01507197233519462,0.04805102988112142
2022-01-28,3278.839111328125,3314.1594600905173,3239.6979015769352,3239.6979015769352,3143862,3414.7833618164063,3273.7417333984376,3372.233317418589,3360.4997805991525,38.722677881109384,11.733536819436722,44.281986365722524,-32.5484495462858,3579.6083001893476,3249.958423443465,0.10053859477489112,84.19298698595533,198679927.0,15.810364045087432,12.298065209161939,0.011180480106733892,0.011118440532220624,0.01509603378162679,0.03383408568423607
2022-01-31,3319.890625,3339.2168534626967,3306.6953891380213,3331.2197934091673,2739393,3414.981408691406,3278.4803759765623,3364.180595508037,3357.4916949992153,40.42875834394777,6.6889005088219164,36.7633691943424,-30.074468685520486,3579.315013285148,3250.6478040976644,0.09899940880958494,80.61769235572667,201419320.0,27.056472717973843,16.248489668578717,0.012520136633128898,0.012442407833512751,0.015368507506430236,0.01144196850893997
2022-02-01,3377.113525390625,3383.644543728451,3320.023409336383,3349.8791832605725,2105169,3414.5192016601563,3284.6703857421876,3366.1702770284355,3358.9451639170975,42.70673516486379,7.2251131113380325,30.85571797774153,-23.630604866403498,3579.243321792344,3249.7950815279687,0.09755320269438338,80.7998834942521,203524489.0,42.73275110114144,28.53319595473425,0.017236381210789187,0.017089519961225545,0.015103492406568858,-0.015050037024701757
2022-02-02,3426.473388671875,3433.4042169687295,3377.1137168552855,3401.3270359319927,1984212,3413.5535278320312,3291.7438134765625,3375.447678819734,3363.9472546396737,50.206752597632075,11.500424180060236,26.984659218205273,-15.484235038145037,3577.731387170879,3249.3756684931836,0.09582905846088248,78.963259463408,205508701.0,56.25494156107727,42.01472179339752,0.01461599170716088,0.014510207614216465,0.014937131714740575,-0.024804067878247182
2022-02-03,3398.39501953125,3449.842683269199,3390.7977694626597,3421.8529744416446,1960538,3412.239453125,3298.62734375,3378.9780389291977,3366.4989409279387,45.486924122186394,12.47909800125899,24.083546974816016,-11.604448973557027,3576.4631637179523,3248.015742532048,0.09664780559595096,78.99916470088867,203548163.0,48.562840528290515,49.18351106350309,-0.00819453880291432,-0.008228298593114742,0.014987577864360516,-0.014184516386914647
2022-02-04,3389.775634765625,3398.483587159522,3348.990719148999,3390.1311897835267,2307366,3412.867138671875,3305.2923486328127,3380.639207519417,3368.223140471471,39.17834547057224,12.416067047945944,21.750050989442002,-9.333983941496058,3576.6226013006753,3249.111676043075,0.09661728696691307,75.12472537345768,201240797.0,46.20155030785094,50.33977746573959,-0.0025363104395126346,-0.002539532323787575,0.014657906938101569,-0.03144242426512234
2022-02-07,3357.876708984375,3404.7928386994317,3337.572975002385,3368.539455877154,1919149,3409.857568359375,3311.3025244140626,3377.1372846678723,3367.456738139094,32.36497548333112,9.68054652877845,19.336150097309293,-9.655603568530843,3575.41311906151,3244.30201765724,0.09860728373925853,74.81320539246965,199321648.0,37.581546363860014,44.115312400000505,-0.009410335437571082,-0.00945489239501862,0.014534491907316554,-0.01197423589285429
2022-02-08,3326.287841796875,3376.2694613033686,3306.339665487328,3369.02776676185,2946443,3404.0999267578127,3315.702548828125,3369.3142934569496,3364.4071902618925,32.02334475019268,4.907103195057061,16.450340716858847,-11.543237521801785,3573.0062786746475,3235.193574840978,0.10155846995225219,75.89904274477807,196375205.0,30.589287562393498,38.12412807803482,-0.009407393399221697,-0.00945192241250645,0.014539876273926347,0.019861389154444575
2022-02-09,3341.48291015625,3356.943806983869,3328.643228655811,3332.1085347583003,1638721,3397.50322265625,3319.924833984375,3365.032542179919,3362.7090954392525,37.494024066884926,2.3234467406664407,13.624961921620367,-11.301515180953926,3565.3127291732535,3229.693716139246,0.10044014051782583,71.64667998243408,198013926.0,45.93105987942522,38.03396460189292,0.004568176021461312,0.004557773573491296,0.014391268474101968,0.013973843539070163
2022-02-10,3350.1904296875,3367.4729203279344,3339.216600228163,3367.4729203279344,2112459,3393.8255126953127,3323.458212890625,3362.749140258008,3361.7817868650486,44.77505567342415,0.9673533929594669,11.093440215888187,-10.12608682292872,3562.4356345950264,3225.215390795599,0.10065703752573932,66.74689823022143,200126385.0,56.42968267314121,44.316676704986655,0.002605884801859748,0.0026024953710932996,0.014114411140506608,0.003673415253039103
2022-02-11,3283.19287109375,3334.3296693022535,3278.794531572369,3334.3296693022535,3851488,3385.112585449219,3324.4967626953126,3350.5097142327377,3355.960385696804,38.57323752957793,-5.450671464066545,7.78461787989724,-13.235289343963785,3557.8384385252016,3212.386732373236,0.10521821888486346,66.74054981246185,196274897.0,27.136768733849195,43.165837095471886,-0.01999813443440568,-0.020200803680969815,0.014481363006599671,0.02677982783705901
2022-02-14,3317.668701171875,3370.5381454891767,3296.5653515494223,3309.0052208005523,5951745,3375.0078735351562,3326.26830078125,3345.4572506849127,3353.1239646208837,46.77470368646532,-7.6667139359710745,4.694351516723578,-12.361065452694653,3537.934012538235,3212.0817345320775,0.09821724450396727,66.02651124401996,202226642.0,42.210415366077086,41.92562225768918,0.010500702039670351,0.010445952606146745,0.014010850902425369,-0.0038432808005727237
2022-02-15,3392.3525390625,3407.6357642925827,3330.3308590791657,3364.09621997698,3931683,3366.37548828125,3331.379375,3352.6719104353106,3356.0297849498925,53.598786517329195,-3.3578745145819084,3.083906310462481,-6.44178082504439,3503.1055544240153,3229.6454221384847,0.08061076469402062,66.91826004508162,206158325.0,74.8639520307728,48.07037871023304,0.022510939041093803,0.022261307206291145,0.014728928481584825,-0.06061082357520031
2022-02-16,3388.17626953125,3424.607316053256,3381.8673917745273,3415.6327519656547,3256906,3358.80048828125,3335.553623046875,3358.134119526994,3358.411006029993,64.90763535528836,-0.27688650299933215,2.4117477477701184,-2.6886342507694505,3469.3934146481984,3248.207561914302,0.06528168405019175,60.780842677258434,202901419.0,70.65527240692569,62.576546601258535,-0.0012310835867324066,-0.0012318419926357724,0.014688191415861076,-0.06537973493241445
2022-02-17,3362.4970703125,3407.6360739487654,3357.876590209227,3398.7504518524192,3134372,3353.0048828125,3338.4621044921873,3358.805342724764,3358.713677458327,58.755684653299646,0.09166526643730322,1.9477312515035554,-1.8560659850662522,3448.2960408219737,3257.7137248030263,0.05667880507661985,59.01640876482676,199767047.0,48.93507349205275,64.81809930991709,-0.0075790623556615255,-0.007607929397995258,0.014313678132105056,-0.10109136944531494
2022-02-18,3371.1162109375,3390.709051805688,3338.861575025704,3348.991097834247,3688883,3351.554333496094,3341.9891357421875,3360.6993224498005,3359.632383641969,55.751770870415456,1.0669388078313204,1.7715727627691085,-0.704633954937788,3444.6839529529866,3258.4247140392013,0.055251503436598244,58.40710409664192,203455930.0,53.97408767574671,57.85481119157506,0.0025633154303978944,0.002560035740790462,0.01345832160233252,-0.07199727522093569
2022-02-21,3304.91796875,3401.238235819317,3292.6115131522834,3385.421786187314,7465922,3346.4850952148436,3343.57041015625,3352.1175757267542,3355.5794640203417,42.0538145643325,-3.4618882935874353,0.7248805514977997,-4.186768845085235,3438.091769504869,3254.8784209248183,0.055436579761568544,61.61230437796927,195990008.0,15.272563262641981,39.393908143480495,-0.01963689117946199,-0.019832256738178525,0.014116111238337215,-0.04441556380819778
2022-02-22,3186.7392578125,3259.157074169786,3172.1669250983023,3243.2518982097486,5408531,3338.268103027344,3343.269755859375,3326.6747575860995,3343.0727820790203,27.08511368098499,-16.39802449292074,-2.6997004573859087,-13.698324035534831,3454.3517540269486,3222.184452027739,0.07285418831491662,67.07375809751163,190581477.0,5.2479672010750935,24.83153937982127,-0.035758440014230675,-0.03641343486363999,0.015773821110076785,-0.011222807158938974
2022-02-23,3166.658203125,3219.1721021582184,3159.4162905968537,3208.598298112839,2426203,3329.1114868164063,3342.3164501953124,3302.0568261305457,3330.0050354898335,27.505630736632554,-27.94820935928783,-7.749402237766293,-20.198807121521536,3468.0158732526347,3190.207100380178,0.08772932064417392,67.1245365085706,188155274.0,2.730828660455378,7.750453041390827,-0.006301442654358946,-0.006321380546576616,0.015789669436204818,-0.005443682312473275
2022-02-24,3022.57763671875,3095.6176259058466,3013.2034786967215,3086.8652011266936,5039136,3318.1110961914064,3339.4297412109377,3259.0600277595004,3307.2326355808646,21.7783485322163,-48.17260782136418,-15.834043354485873,-32.33856446687831,3510.440096062165,3125.7820963206477,0.1272615780215639,74.55038339555313,183116138.0,2.2785781684096915,3.4191246766467303,-0.045499247839272616,-0.04656684780121581,0.017322426564222084,0.03607082052890043
2022-02-25,3128.405029296875,3136.624228763181,3076.2020056595275,3081.5333782863204,2549723,3310.589392089844,3338.4599951171876,3238.9592587652505,3293.986146226495,34.16321034283344,-55.026887461244314,-23.67261217583756,-31.354275285406754,3520.36079261822,3100.817991561468,0.13410757147102734,77.89514970608057,185665861.0,28.002060296787285,11.00382237521746,0.03501229920201787,0.03441330993370049,0.019103587460836922,-0.010182498803842366
2022-02-28,3158.128173828125,3166.6139874232754,3070.7824538467767,3101.082515919251,3288942,3302.50126953125,3338.0359375,3226.523707236462,3283.9225927155044,38.36464218238258,-57.39888547904229,-30.417866836478506,-26.981018642563786,3522.964298004944,3082.0382410575558,0.1396162640267129,79.74527383182759,188954803.0,35.226870041432136,21.83583616887638,0.009501053812693394,0.009456202665894668,0.0189929985864193,0.012871981423801637
2022-03-02,3150.97509765625,3173.9000482687456,3115.29940826284,3156.617555006771,2761341,3291.1943481445314,3337.9557763671874,3214.9008442241216,3274.0746301185227,36.66997388997782,-59.173785894401135,-36.169050648063035,-23.0047352463381,3518.630868149461,3063.7578281396018,0.1443594525225546,81.74132203317842,186193462.0,33.488170612224195,32.23903365014788,-0.0022649733570516695,-0.0022675422889803756,0.018428249737073427,0.024378536715987442
2022-03-03,3149.419921875,3179.808924080417,3136.713655369363,3165.8140687773425,1928039,3277.3416748046875,3336.93267578125,3204.8268561704103,3264.84094802641,35.80985149862008,-60.014091855999595,-40.93805888965035,-19.076032966349246,3503.832826469488,3050.850523139887,0.14383039244252913,82.8012469339843,184265423.0,33.11015377328585,33.9417314756474,-0.0004935538152639474,-0.0004936756530388765,0.017958984363187602,0.021597401679252615
2022-03-04,3131.6044921875,3164.3478813538386,3098.461076456285,3111.3007577444255,2370257,3264.0021484375,3335.155,3193.5618770961164,3254.9715809272316,38.4854497836914,-61.409703831115166,-45.032387877943314,-16.377315953171852,3491.895569196701,3036.108727678299,0.14554419073528158,82.40774027558594,181895166.0,28.77975428019184,31.792692888567302,-0.0056567336618909,-0.005672793572813685,0.017937130089108428,0.021223660744495332
2022-03-07,3096.550048828125,3152.618405439203,3049.145389831269,3065.539317577579,3054130,3249.340869140625,3332.109443359375,3178.636980439502,3243.236652623594,33.218728575751825,-64.59967218409201,-48.945844739173054,-15.65382744491896,3480.864598472771,3017.8171398084787,0.14953656532679985,83.55972179076502,178841036.0,20.25906483195254,27.382990961810084,-0.01119376455322707,-0.011256886223783123,0.018006170376298248,0.04536724140690529
2022-03-08,3198.779541015625,3206.8210725450217,3074.425300915981,3074.425300915981,3300992,3241.3860107421874,3330.963017578125,3181.735835912752,3239.9435332452263,35.898813996821275,-58.207697332474254,-50.7982152578333,-7.409482074640955,3468.0906415944096,3014.6813798899652,0.1417444546867663,86.59034382707452,182142028.0,45.10800470672976,31.38227460629139,0.03301399640744962,0.032480739326881794,0.019790224774370053,-0.0016805573353667613
2022-03-09,3227.791259765625,3246.8064048099586,3196.202828942838,3203.2668553201697,2719654,3236.461181640625,3329.949765625,3188.821285736271,3239.04336483933,38.72444606242189,-50.22207910305906,-50.682988026878455,0.46090892381939597,3459.652210672206,3013.270152609044,0.13829334741292235,87.15203322624536,184861682.0,54.40417035798906,39.92374663222379,0.009069621203338318,0.009028739192592094,0.019869005377263542,0.006414022262859476
2022-03-10,3217.439208984375,3273.4630982851195,3212.152307356326,3273.4630982851195,2005441,3230.258996582031,3328.5440966796873,3193.2240431590562,3237.4430569982223,39.57737421258239,-44.21901383916611,-49.39019318933599,5.171179350169879,3447.989176456665,3012.5288167073973,0.13534377231846015,87.9771265969064,182856241.0,52.633359908684916,50.71517832446792,-0.003207162405539754,-0.003212316373579422,0.01982388410304755,0.014305583030589375
2022-03-11,3198.068603515625,3234.2332591475283,3192.4708351186337,3201.7117953641396,1623423,3222.6529052734377,3326.9612255859374,3193.96936013699,3234.5264308143264,37.755449302224214,-40.55707067733647,-47.62356868693609,7.06649800959962,3433.254134136393,3012.0516764104823,0.13170526025079152,87.25676568611432,181232818.0,47.6413830011678,51.55963775594727,-0.006020503950675882,-0.006038700255295044,0.019819062864049684,0.007654537585971344
2022-03-14,3237.031982421875,3241.7858768007827,3181.0525657618205,3181.0525657618205,1765688,3220.344860839844,3325.4648681640624,3200.5943789500493,3234.7120272297,45.00394745212992,-34.11764827965089,-44.92238460547905,10.80473632582816,3429.1566862809664,3011.5330353987215,0.12901437278039748,83.83580771268063,182998506.0,86.00200986932951,62.09225092639408,0.012183409343820006,0.01210978897374688,0.019597466191569095,0.015907297771614592
2022-03-15,3193.40380859375,3251.2492982969325,3185.8510294094035,3251.2492982969325,3651133,3214.1316162109374,3323.0143505859373,3199.4881373567723,3231.6521591825926,50.55092982662047,-32.16402182582033,-42.37071204954731,10.20669022372698,3418.0888355807365,3010.1743968411383,0.12773656674482006,79.02489522952571,179347373.0,69.23868181369201,67.6273582280631,-0.01347783218239429,-0.013569482593424493,0.019620939553988196,0.032972476988470056
2022-03-16,3248.494384765625,3259.2460739095877,3213.2629811274664,3234.81061397706,3090475,3206.9387084960936,3320.2570849609374,3207.0275600350574,3232.8997314480025,56.394898289280555,-25.872171412945136,-39.07100392222688,13.198832509281743,3393.8675967058434,3020.0098202863437,0.11508647765339237,79.45964192627379,182437848.0,90.40622838076582,81.88230668792912,0.017251365462651824,0.017104250206602944,0.019311845986079726,0.025698278341536485
2022-03-17,3263.466552734375,3296.565491973189,3252.4039976373524,3284.6588462421337,3600452,3200.70322265625,3316.6106787109375,3215.7104819887986,3235.163940432178,73.58202769467223,-19.45345844337953,-35.14749482645741,15.69403638307788,3369.629965979105,3031.7764793333954,0.10352595351793344,71.93224069622276,186038300.0,86.62237265559982,82.08909428335255,0.004608956087153615,0.004598367371863971,0.019367936124306782,0.009447931306869384
2022-03-21,3222.54833984375,3300.075388245015,3212.1522059664503,3284.1257408719225,2413831,3193.7057861328126,3312.568115234375,3216.7624601203297,3234.229451499702,60.558026141610064,-17.466991379372303,-31.611394137040392,14.14440275766809,3345.0978109129865,3042.3137613526387,0.09395795427386162,70.06628285580375,183624469.0,69.10411314229341,82.04423805955302,-0.01253826635861821,-0.01261753370059407,0.019478670845984848,0.02233453574733346
2022-03-22,3288.5244140625,3297.4545080572443,3221.038154596473,3234.3665883396307,2907611,3189.5761962890624,3310.7941650390626,3227.8027607268173,3238.2513005784276,63.524039533402885,-10.448539851610349,-27.378823279954386,16.930283428344037,3324.165538692641,3054.986853885484,0.08185394143831985,68.67948427610895,186532080.0,95.39673444526828,83.70774008105384,0.02047326130162852,0.02026650135823231,0.020098533715167594,0.0011888079077069236
2022-03-23,3298.6982421875,3314.159354710851,3278.794535574468,3294.7886552601967,1596195,3189.2652099609377,3308.406767578125,3238.7097578746148,3242.7288518087294,65.22569521144254,-4.019093934114608,-22.706877410786433,18.687783476671825,3322.7566603851315,3055.773759536744,0.08093583627441485,67.01978278542879,188128275.0,94.16592535743622,86.22225764833264,0.0030937365346883627,0.0030889607792328375,0.019629175328501204,0.005158358810456454
2022-03-24,3331.97509765625,3339.394461966447,3283.2373735512606,3287.6801846115463,1879046,3196.527001953125,3306.2174560546873,3253.058271687174,3249.3396848344714,67.66094396089089,3.7185868527026287,-17.42178455808862,21.14037141079125,3344.460062206514,3048.5939416997358,0.08879601792789327,67.95276990715254,190007321.0,97.44379396061736,95.66881792110729,0.010087874981460132,0.010037332000597244,0.01781566125625369,-0.0026402115510446578
2022-03-25,3294.299560546875,3358.320504138264,3262.800077046092,3340.904599959908,1690133,3202.909069824219,3302.635107421875,3259.4030853578975,3252.670045998353,65.15717862992166,6.733039359544364,-12.590819774562025,19.32385913410639,3356.328080699313,3049.490058949125,0.09314211294714528,70.06945720676812,188317188.0,79.29298296349548,90.30090076051636,-0.011307268513464086,-0.011371681692463121,0.017978495873255406,0.013837082893027208
2022-03-28,3294.5224609375,3299.2318846066955,3253.2043131771416,3283.237762893008,1760990,3216.506311035156,3300.0506640625,3264.806066216298,3255.7702248827345,69.72380662620944,9.03584133356344,-8.265487552936932,17.30132888650037,3349.471288267525,3083.5413338027874,0.08071881664727322,65.96621119402668,190078178.0,77.52760790692652,84.75479494367978,6.766245343770017e-05,6.76601644371499e-05,0.014091851926159884,0.016897128312234555
2022-03-29,3292.433837890625,3307.228310863317,3279.6828843085714,3283.0149923595486,2689063,3224.7077514648436,3296.7503125,3269.056492627733,3258.4860480685043,61.65664305190098,10.57044455922869,-4.498301130503807,15.068745689732499,3355.0000427482614,3094.4154601814257,0.07914649022492896,58.47690083157704,187389115.0,62.832158566457,73.21758314562634,-0.0006339683737596191,-0.0006341694166834771,0.012136168069311731,0.02953823534057176
2022-03-30,3315.714111328125,3321.445293769234,3293.1889742074877,3321.445293769234,1583455,3232.587048339844,3292.6693359375,3276.234587812409,3262.725163865513,61.1016712967278,13.509423946895822,-0.8967561150238818,14.406180061919704,3364.969299129654,3100.204797550034,0.0798514264770454,56.93460654668336,188972570.0,75.96497527916172,72.10824725084842,0.00707084016984072,0.007045958997830207,0.012075745253312991,0.006378171533885313
2022-03-31,3323.177978515625,3336.2397987692148,3305.628876005545,3323.222450010069,2168110,3241.1971923828123,3287.832890625,3283.456647920596,3267.2031501358915,63.44931067965531,16.25349778470445,2.533294664921785,13.720203119782665,3373.629936836467,3108.7644479291575,0.07970246872712423,54.74175882060312,191140680.0,80.17547564139177,72.9908698290035,0.0022510587272888127,0.0022485288904215343,0.012023943003638885,-0.014920064941013722
2022-04-01,3339.883056640625,3343.659445863298,3312.604241407199,3330.331013312687,1387014,3250.720349121094,3283.8370263671877,3292.1376338775235,3272.58684691402,68.16105811074083,19.55078696350347,5.936793124638122,13.613993838865348,3382.756686387502,3118.6840118546857,0.0790664433617716,53.976957422546285,192527694.0,89.599107617881,81.91318617947817,0.0050268382352671725,0.005014245866183238,0.012009351058314858,-0.01944801673021246
2022-04-04,3350.1904296875,3358.7649677654217,3320.645737841415,3342.7708488713006,1472994,3261.6496459960936,3281.2726513671873,3301.0688332329046,3278.3352604527963,65.63914406679493,22.73357278010826,9.29614905573215,13.437423724376112,3388.245806372877,3135.0534856193103,0.07557550117447617,52.36166591433516,194000688.0,95.04115274893705,88.27191200273661,0.0030861478896337946,0.003081395510421679,0.011835205319615778,-0.019613580151548016
2022-04-05,3389.6865234375,3408.1686573100724,3351.6560246280724,3351.6560246280724,2314947,3276.3064697265627,3281.063837890625,3314.7023240336116,3286.583502155367,77.44080921300986,28.11882187824449,13.060683620234618,15.05813825800987,3389.5973459493307,3163.0155935037947,0.06684445622887812,51.831662966838266,196315635.0,90.57113127658943,91.73713054780251,0.01178920857752086,0.011720257250053403,0.011448459687702531,-0.032426097776487084
2022-04-06,3336.8623046875,3384.8001942913256,3315.358924868198,3384.8001942913256,2051729,3283.2106079101563,3279.675029296875,3318.1115518265174,3290.3078578984882,62.43283886371699,27.803693928029134,16.00928568179352,11.794408246235612,3393.3957626166853,3173.0254532036274,0.0660411755988522,52.43775819922858,194263906.0,63.622261226326025,83.0781817506175,-0.015583806462560634,-0.01570651044060431,0.010186888710102898,-0.024871325191757387
2022-04-07,3273.595947265625,3328.1093184300516,3269.0199392615564,3328.1093184300516,2494829,3285.500842285156,3278.1253662109375,3311.2629972786876,3289.0699385923504,51.254646332502055,22.19305868633728,17.246040282702275,4.947018403635006,3392.6995103736795,3178.3021741966327,0.06549291349047795,53.84999092911283,191769077.0,31.34621654340059,61.84653634877202,-0.018959834612594206,-0.019141876944626896,0.011076192846884082,-0.04237063704180788
2022-04-08,3274.928955078125,3292.1227192112146,3236.587585621282,3278.7942871496307,2296773,3288.3753295898437,3276.628134765625,3305.673144632447,3288.0224583320373,57.19335913837022,17.65068630040969,17.326969486243758,0.32371681416593034,3390.8694977587593,3185.881161420928,0.06259321626503533,51.53655887992483,194065850.0,28.79851210780064,41.25566329250909,0.00040719986032899946,0.00040711697696517294,0.011037423218014989,-0.05799520489955767
2022-04-11,3284.481201171875,3298.6539416877777,3248.672318365914,3278.794489914239,2291660,3292.6959594726563,3277.4660498046874,3302.412845638513,3287.76014298684,49.34292227761323,14.652702651672826,16.792116119329574,-2.1394134676567482,3386.038014671164,3199.3539042741486,0.05683823379181108,49.64836387000283,196357510.0,27.913111323364497,29.352613324855245,0.002916779638513445,0.0029125340903324273,0.010920928269442364,-0.03776645542875001
2022-04-12,3279.772216796875,3322.3342619156374,3241.786180504579,3272.5747757783615,4483476,3294.832971191406,3277.4847119140627,3298.9296719705685,3287.1684447505463,46.86864051577282,11.761227220022192,15.785938339468098,-4.0247111194459055,3384.7015535221503,3204.964388860662,0.05480172182110413,52.87573974676535,191874034.0,25.16864520677933,27.29342287931483,-0.001433707208712276,-0.0014347359502861405,0.010633337227454529,-0.016919227089402744
2022-04-13,3253.8701171875,3296.432374272563,3248.1834062092184,3293.89988537501,1621672,3297.8562866210937,3276.1643017578126,3291.9974327731734,3284.7019019680984,36.75408451229484,7.295530805075032,14.087856832589486,-6.792326027514454,3376.756612265528,3218.9559609766593,0.04849629690359754,52.31087400734805,190252362.0,10.072516388907951,21.051424306350597,-0.007897530040873346,-0.007928880702197992,0.010309753809816769,-0.01348994571668416
2022-04-18,3134.8916015625,3207.709223229319,3129.960038455755,3207.709223229319,3820792,3292.1761474609375,3271.31986328125,3267.827304894608,3273.6048426787947,28.809439272677906,-5.777537784186734,10.114777909234242,-15.892315693420976,3397.852518560006,3186.499776361869,0.06741947380024055,54.33870626731758,186431570.0,1.7726133457101398,12.337924980465814,-0.03656523196686157,-0.03725049655082489,0.012608592252872928,0.005711296960340118
2022-04-19,3084.998779296875,3166.4356288546082,3055.8983694740664,3154.3955685792644,3170014,3283.2527587890627,3264.49037109375,3239.6998394180337,3259.634023169023,25.396442239320933,-19.934183750989177,4.1049855771895585,-24.039169328178737,3423.591662074841,3142.913855503284,0.09098149680160601,58.94654112095957,183261556.0,8.260818703016263,6.701982812544789,-0.015915326144214093,-0.016043334965580754,0.012899782613310188,0.02142914517905159
2022-04-20,3160.43798828125,3171.4116009849918,3092.196369835976,3109.96761334078,2640370,3280.1472412109374,3259.73123046875,3227.5057084739133,3252.2861687328914,36.77794141208324,-24.78046025897811,-1.672103590043975,-23.108356668934135,3428.6533768419363,3131.6411055799385,0.09397819933923866,63.151355059057515,185901926.0,29.675968259790807,13.236466769505741,0.024453562021041986,0.024159360213218028,0.014022304938150168,0.0012370652369217972
2022-04-21,3224.281005859375,3237.9205218344946,3169.856573377936,3181.0525434049096,2280996,3276.9350708007814,3256.421337890625,3227.0096003793687,3250.211712223742,41.529468068244896,-23.20211184437312,-5.978105240909804,-17.224006603463316,3427.4439213695273,3126.4262202320356,0.09335963602132152,66.61357489296006,188182922.0,47.79927294442118,28.578686635742756,0.02020068668167263,0.019999359591811195,0.014000575734778812,-0.012222095602557936
2022-04-22,3209.9755859375,3213.929644546312,3173.500062343697,3182.0303466809823,1581465,3272.4989379882813,3253.4633154296876,3224.3889827729276,3247.231258424761,39.64399668096819,-22.84227565183346,-9.350939323094536,-13.491336328738925,3425.5160979963844,3119.4817779801783,0.09533851950678503,68.05429066096063,186601457.0,43.73835142597224,40.40453087672808,-0.004436778275801134,-0.004446649986417683,0.013988992661858421,-0.01822839262978726
2022-04-25,3152.7958984375,3184.6064639812757,3139.378741319467,3161.5038501242684,1960694,3263.5399780273438,3249.9934765625,3213.374662105939,3240.236046573853,34.064914901467546,-26.861384467913922,-12.853028352058415,-14.008356115855507,3422.751084693407,3104.3288713612806,0.1009967735272473,70.8786935296702,184640763.0,27.506585797626993,39.68140338934015,-0.01781312224008713,-0.017973685515197676,0.014186659383817838,-0.0016345239205157736
2022-04-26,3151.107666015625,3188.0717174250735,3126.094513951493,3176.7425511987203,1943469,3256.3803833007814,3246.1859716796876,3203.7951242458907,3233.6339443102806,32.79051244514197,-29.838820064389893,-16.25018669452471,-13.588633369865182,3422.4960787107216,3090.2646878908413,0.10543320826608432,72.58283449749693,182697294.0,27.027342307566844,32.7574265103887,-0.0005354715231365992,-0.0005356149392117456,0.014045010490163656,-0.018765800127481858
2022-04-27,3164.34765625,3170.7897321857427,3115.5656783516138,3150.841554226717,1727648,3249.8716430664062,3242.4691162109375,3197.726283015754,3228.501626676186,29.594556472435684,-30.7753436604321,-19.15521808770619,-11.620125572725911,3419.850865335635,3079.8924207971777,0.10743397422435388,72.3861077983224,184424942.0,32.973148396443,29.169025500545615,0.004201694019270397,0.0041928915511921785,0.01410925570178787,-0.013422401437895082
2022-04-28,3184.87353515625,3202.7335052062913,3143.7775334280645,3188.161171907679,1703660,3244.4936279296876,3240.5027294921874,3195.7489371912147,3225.269916193228,35.38163213838877,-29.520979002013064,-21.228370270567567,-8.292608731445497,3415.6052865702104,3073.3819692891648,0.10745271782487155,71.28813445610272,186128602.0,47.380594416341516,35.79369504011712,0.006486606762600378,0.006465659265607185,0.014232675606143204,-0.04232355367573859
2022-04-29,3151.462890625,3219.482357024366,3142.710684839358,3196.157603868528,2051115,3236.2810668945312,3237.17861328125,3188.935699257951,3219.8027291140997,37.53743698943939,-30.867029856148747,-23.156102187683803,-7.710927668464944,3408.761202340053,3063.8009314490096,0.10946036265165433,71.92594208175021,184077487.0,35.867735489703996,38.74049276749617,-0.010490414819441463,-0.01054582709349993,0.01421371638044341,-0.028646248115179684
2022-05-02,3147.642578125,3152.574141608423,3103.525552683142,3127.6499290847396,1324161,3227.504296875,3232.2844140625,3182.5829113913433,3214.457532744537,37.07718566025234,-31.87462135319356,-24.899806020785757,-6.974815332407804,3399.229114036368,3055.7794797136316,0.10911328900860273,71.46261746284651,182753326.0,34.433877436655294,39.22740244756694,-0.0012122346454925825,-0.0012129699962489637,0.014174592961668746,-0.029259946524960112
2022-05-04,3091.974609375,3150.3531080776697,3079.134927751278,3144.177643587452,2305825,3215.1088745117186,3226.360380859375,3168.6431726195983,3205.384723606053,32.129075655623694,-36.74155098645451,-27.26815501391951,-9.473395972535002,3388.460413647999,3041.7573353754383,0.1121299887849473,72.97951439174138,180447501.0,13.540307790441439,27.947306905600247,-0.017685606725767578,-0.017843865782954372,0.014437620355936456,-0.019469979931665327
2022-05-05,3121.87451171875,3139.290418532952,3096.950514238651,3120.719554345007,1612262,3203.693078613281,3221.5479296875,3161.447994019468,3199.1987819847714,35.99685445580491,-37.750787965303516,-29.364681604196313,-8.386106361107203,3369.4959441279557,3037.8902130986066,0.1062200705968746,70.60578065937663,182059763.0,27.42902913028027,25.134404785792338,0.009670164254613312,0.009623707472621451,0.014674798905018934,-0.02981442846196647
2022-05-06,3050.078369140625,3087.309034575563,3042.8809293147265,3073.536321944704,2010812,3186.7126708984374,3215.1271728515626,3144.314205576569,3188.1528254777977,33.287203161394814,-43.83861990122887,-32.259469263602824,-11.579150637626043,3341.507976169769,3031.917365627106,0.10150251012399122,72.80182454085373,180048951.0,3.6902455203458926,14.886527480355872,-0.02299776698538647,-0.02326634135894319,0.014837888883198013,-0.0051564376907899945
2022-05-09,3061.185302734375,3070.870542614234,2973.8840785411317,3019.333942072676,2481830,3172.928820800781,3210.25251953125,3131.5251436008466,3178.7478237930995,42.65604573891705,-47.22268019225294,-35.25211144933285,-11.970568742920086,3320.3486317936895,3025.5090098078726,0.09631550946048713,70.87870920809353,182530781.0,33.06408126999156,21.394451973539248,0.0036415240034894936,0.0036349097075038844,0.014749500333203115,-0.019825156127690313
2022-05-10,3055.542724609375,3078.68980921061,3040.6593103928117,3051.3220549061707,1622685,3162.026159667969,3207.6285888671873,3119.8355406790815,3169.6215201498608,46.781222820160906,-49.78597947077924,-38.15888505362213,-11.62709441715711,3310.3487938000744,3013.7035255358633,0.09708431365564843,65.69965488218327,180908096.0,30.927036074791243,22.560454288376235,-0.0018432657833421517,-0.0018449666881840095,0.014338758363511967,0.0037368853652945955
2022-05-11,3031.77392578125,3064.161971372953,3005.25025996758,3052.2108543548047,1841769,3149.868408203125,3204.9309033203126,3106.287599925569,3159.4105872336672,34.15059294410848,-53.122987308098345,-41.15170550451737,-11.971281803580972,3299.084255278778,3000.652561127472,0.09843467931877672,63.735289861987276,179066327.0,21.924945858924268,28.63868773456903,-0.007778912281831585,-0.007809325845608077,0.014342928133672574,0.010785587478195247
2022-05-12,3028.797607421875,3065.2731309391734,2976.772461562635,3001.563261406277,2807195,3137.084228515625,3205.055302734375,3094.366062617308,3149.735551692053,21.67143821405685,-55.369489074744706,-43.99526221856284,-11.374226856181863,3281.473565199627,2992.694891831623,0.09534432827745584,64.52229956365113,176259132.0,22.35908542179312,25.07035578516955,-0.0009817085416776727,-0.0009821907331148735,0.014273856016569495,-0.04303755736660342
2022-05-13,3034.350830078125,3056.56488405373,3005.250419370082,3052.21101624816,2187823,3124.8131591796873,3203.17421875,3085.1329499189724,3141.1885352762065,23.886861299625764,-56.05558535723412,-46.4073268462971,-9.64825851093702,3259.5347347619863,2990.0915835973883,0.08879762633039394,64.56040821850615,178446955.0,24.620185414237277,22.968072231651558,0.0018334743274499576,0.0018317955650605292,0.014322741441506087,-0.035696570381731796
2022-05-16,3000.496826171875,3047.7682909715472,2991.433535282342,3034.439858212196,1195813,3112.144494628906,3200.021591796875,3072.1120078040344,3130.766927194404,25.667259820031674,-58.65491939036974,-48.85684535511163,-9.79807403525811,3243.37429701855,2980.9146922392624,0.08747204879204669,63.54168758073274,177251142.0,10.835885249273716,19.271718695101377,-0.011156918168680696,-0.011219623414620019,0.01439040216077297,-0.016302475949010686
2022-05-17,3066.9609375,3080.644706648595,2977.0382821780336,2994.4541855799725,1754076,3108.7479614257813,3198.34130859375,3071.3195354495674,3126.040557587411,38.861430133212025,-54.72102213784365,-50.02968071165804,-4.691341426185609,3241.0111632321104,2976.4847596194522,0.08625033347450589,66.51520336623136,179005218.0,37.89800951916818,24.451360060893062,0.022151035371339445,0.021909264983199672,0.0133362987045432,-0.04739819357517494
2022-05-18,3064.473388671875,3105.5249193259233,3059.3641559719827,3078.8680530656147,1866781,3107.7216918945314,3196.6423779296874,3070.266282099153,3121.4800265566305,36.39220105680567,-51.21374445747733,-50.2664934608219,-0.9472509966554341,3241.0748310480994,2974.3685527409634,0.08703168358160387,65.86782547478934,177138437.0,36.88515680559157,28.53968385801116,-0.0008110793971026764,-0.000811408499961277,0.012867252533804548,-0.07533434888854706
2022-05-19,2898.445556640625,3025.5544285146852,2870.056036447117,3018.445930591596,4642963,3094.6220703125,3191.97919921875,3043.8323243363025,3104.9589547110004,22.054515666327617,-61.126630374697925,-52.438520843597104,-8.688109531100821,3254.921149240976,2934.322991384024,0.11061037773244686,75.54363836382728,172495474.0,8.124608399999014,27.635924908252928,-0.05417825870016957,-0.055701161830145125,0.01643772708434332,-0.004066110665292166
2022-05-20,2926.034912109375,2944.605772697741,2905.6424558809776,2941.140467379906,3065125,3079.709765625,3188.568896484375,3025.70964553216,3091.705321925695,27.753306935861275,-65.99567639353518,-55.14995195358472,-10.845724439950459,3244.645273641578,2914.7742576084215,0.1127365277386089,73.35710578326355,175560599.0,19.81426133029535,21.608008845295316,0.009518673002340883,0.009473655877880596,0.015763320846901286,-0.0029550175014032565
2022-05-23,2951.581298828125,2966.8200528085695,2902.9325214936357,2936.5202138894765,2293690,3066.7900512695314,3183.624931640625,3014.3052845007696,3081.3257646592083,31.44698230111078,-67.02048015843866,-57.52405759455551,-9.49642256388315,3229.2235312600906,2904.3565712789723,0.11006539447519238,74.41703023966731,177854289.0,29.085306495164513,19.008058741819628,0.008730718356444234,0.008692826026718833,0.016048216893223603,0.022950489082545378
2022-05-24,2921.592529296875,2954.3361333164494,2910.5744447313305,2945.716906382836,1711510,3055.2298828125,3177.50095703125,3000.0417837001705,3069.4936731508874,33.05336834503423,-69.45188945071686,-59.90962396578778,-9.542265484929082,3224.6496871594654,2885.8100784655344,0.11597770917612453,72.45585225814784,176142779.0,19.14186904744434,22.680478957634744,-0.01016023835872537,-0.010212205881753034,0.01579229522114848,0.03011328885989406
2022-05-25,2833.61328125,2945.610802185031,2821.4475663720973,2945.610802185031,3548046,3039.3551635742188,3169.8244384765626,2974.4373987078366,3052.0210515285994,24.29824637721451,-77.58365282076284,-63.444429736782794,-14.139223083980042,3229.2142900514787,2849.496037096959,0.13400496654469857,77.94495416207509,172594733.0,4.282535989356847,17.503237177321903,-0.030113455988350468,-0.030576179262083943,0.016832984246289408,0.059208132009015646
2022-05-26,2886.66015625,2899.6758667069867,2845.153237526035,2854.501215690882,2813186,3025.4707885742187,3163.59626953125,2960.933207560477,3039.772096322777,34.925408629004835,-78.83888876230003,-66.52332154188625,-12.315567220413783,3217.4455359324625,2833.496041215975,0.13300820807921787,77.02131152300103,175407919.0,22.955927038743148,15.460110691848117,0.01872057678124639,0.01854750346873135,0.017555481465613493,0.06075402410062458
2022-05-27,2917.388427734375,2933.1323360554616,2888.6733595010373,2910.1425040806,3103153,3012.096533203125,3157.2033984375,2954.2340106641536,3030.706639390303,37.198787062239035,-76.4726287261492,-68.51318297873884,-7.959445747410356,3194.335872178111,2829.857194228139,0.12493320206696769,73.41314836102667,178511072.0,33.77279475619946,20.337085928099825,0.010644921750779801,0.01058866346246174,0.01771550581969033,0.0548398054064132
2022-05-30,3019.321533203125,3029.4747349681716,2939.7963456033503,2949.3231893846983,2094624,3005.489465332031,3153.7217529296877,2964.247475670149,3029.8632981912524,47.24739492978712,-65.61582252110338,-67.93371088721175,2.317888366108363,3175.6344445700693,2835.344486093993,0.11270411406468223,78.70284896216943,180605696.0,69.65496009197666,42.12789396230643,0.03493984705626274,0.03434330624215073,0.019674151614869812,0.01650260153094396
2022-05-31,3009.5712890625,3026.612246033562,2974.3707538356352,3000.44672887576,4840965,2998.585900878906,3148.943291015625,2971.220370038203,3028.3601864039374,48.27599280734071,-57.13981636573453,-65.77493198291631,8.635115617181782,3155.1040760970295,2842.067725660783,0.10401360206149476,78.22640473306612,175764731.0,66.222710375761,56.550155074645716,-0.003229283146363393,-0.003234508533719178,0.019675321996984445,-0.0004905410829576518
2022-06-01,3001.38623046875,3030.7274370567666,2987.8339209345313,3030.7274370567666,1493835,2994.0564819335937,3143.7016845703124,2975.8612716429025,3026.3621155939236,47.888619640594605,-50.500843951021125,-62.72011437653728,12.219270425516157,3144.313307210748,2843.7996566564393,0.10012495143198386,74.96875092918731,174270896.0,63.34143226308737,66.40636757694169,-0.0027196759297566375,-0.002723380967530824,0.019331121593540505,0.014589205931699212
2022-06-02,3062.036376953125,3070.0873052010297,2993.424621008395,3001.2071413022886,2657939,2991.0645751953125,3140.4914453125,2989.1189801521673,3029.004653472383,51.96565818244916,-39.885673320215574,-58.15322616527294,18.267552845057367,3132.7432900074205,2849.3858603832045,0.09253888417425345,76.77933803697205,176928835.0,84.6913025901386,71.41848174299567,0.020207378133704212,0.020005918526905593,0.019784297602414073,0.0011975665002219582
2022-06-03,3077.37744140625,3110.610011492241,3069.371285099151,3094.597480482661,1913622,2992.4295288085937,3136.268505859375,3002.697204960488,3032.587822948966,55.60584768432501,-29.89061798847797,-52.500704529913946,22.610086541435976,3136.998650958919,2847.8604066582684,0.09395605505203314,76.2249722405371,178842457.0,88.50730077584304,78.846678543023,0.005010085630788641,0.004997576914205283,0.019108519564470697,-0.023327286496768185
2022-06-06,3069.148193359375,3088.8730125748843,3021.0214864667005,3057.5638450567494,1084210,2992.827673339844,3131.6775048828126,3012.920433944932,3035.295998534922,50.17428801317998,-22.375564589990063,-46.475676541929175,24.100111951939112,3138.235502194245,2847.419844485443,0.09475451799233132,73.67105092893871,177758247.0,85.6614097600068,86.28667104199616,-0.002674110733428492,-0.0026776925544180975,0.019108165987717914,-0.06160112720862421
2022-06-07,3008.094970703125,3058.3239461384833,3002.101545860968,3042.400956238807,2308256,2990.455285644531,3125.19990234375,3012.178054984654,3033.281107584419,45.89107832632816,-21.10305259976485,-41.401151753496315,20.298099153731464,3133.0763681144385,2847.834203174624,0.09482485350957554,75.16289979640058,175449991.0,64.5475951252357,79.57210188702852,-0.019892562629705846,-0.020093083356757493,0.019633984325995453,-0.0452464001554399
2022-06-08,3045.174072265625,3053.940682272369,2993.6034913799344,3023.704930238696,2185707,2991.12529296875,3120.217392578125,3017.2543653355724,3034.162067931175,63.16895439658039,-16.907702595602586,-36.50246192191757,19.594759326314986,3134.6864737087617,2847.564112228738,0.0942876678528933,65.58574541552035,177635698.0,77.37052638346525,75.85984375623592,0.012326439797820887,0.012251087821267423,0.019761201519539733,-0.058120186164824506
2022-06-09,3065.703369140625,3074.5593007167568,2999.506863975353,3028.0428376276463,1279197,2992.9705810546875,3115.6410107421875,3024.7080582286576,3036.4984606133567,62.696208193475236,-11.790402384699064,-31.560050014473873,19.76964762977481,3139.4889070723284,2846.4522550370466,0.09558545519602099,67.64947546439804,178914895.0,84.47009869009702,75.462740066266,0.0067415840237092794,0.006718961165152544,0.01980801623213004,-0.08318968973859531
2022-06-10,3005.590576171875,3035.200190885872,2998.523737061433,3025.3601666890713,1527582,2991.532568359375,3109.9041455078127,3021.7669071429987,3034.2089876917653,54.619285141441274,-12.442080548766626,-27.736456121332424,15.294375572565798,3136.9009034241044,2846.164233294646,0.09673196091124316,67.8846255189879,177387313.0,63.68150944450327,75.17404483935518,-0.019608156997133364,-0.01980294743330699,0.020322391826157277,-0.08065714778425204
2022-06-13,2880.085205078125,2945.7449039172147,2855.798109527881,2943.061261429589,3030921,2985.5119873046874,3101.1915673828125,2999.969722209941,3022.792411201866,46.948543030366956,-22.82268899192468,-26.753702695450876,3.9310137035261974,3139.0608719787483,2831.9631026306265,0.10662801531241207,75.45825252319325,174356392.0,20.27844199528111,56.1433500432938,-0.04175730789441123,-0.04265420104265958,0.0222454945438882,-0.0332960662564491
2022-06-14,2871.989501953125,2897.3497923832656,2839.9198869193006,2853.606507263308,2611493,2975.7634155273436,3092.1677978515627,2980.2804575550463,3011.6218253315888,53.196742347292805,-31.341367776542484,-27.671235711669198,-3.670132064873286,3132.267805972298,2819.259025082389,0.10898674270119864,70.6915860696955,171744899.0,11.847353162329519,31.93576820070464,-0.002810924868030251,-0.0028148829362988374,0.021518916806721772,0.0004361734421463037
2022-06-15,2868.18798828125,2892.966912903787,2863.4468423639523,2879.101425225986,1404536,2965.9491455078123,3082.733896484375,2963.0354622821546,3000.997096661193,48.32374188577329,-37.961634379038514,-29.72931544514306,-8.232318933895453,3123.6439409211443,2808.2543500944803,0.10996126896677369,68.08140643275608,170340363.0,10.442974750720122,14.189589969443588,-0.0013236516600390047,-0.0013245284607020737,0.021516407840594675,0.005193010817580834
2022-06-16,2810.66845703125,2902.6727617050265,2802.6622999813585,2898.3341186445737,2032028,2961.5602905273436,3071.94345703125,2939.594384551246,2986.898678910827,40.76473975957262,-47.304294359581036,-33.24431122803066,-14.059983131550375,3131.5704741976565,2791.5501068570306,0.12097491132048001,71.90556942691367,168308335.0,2.5998430092514497,8.296723640767036,-0.020054310067893488,-0.02025812728980375,0.018374935438753497,0.05308726220842774
2022-06-17,2763.168212890625,2789.8705482213513,2704.9780616232238,2765.94139802819,5240434,2953.416955566406,3059.4130908203124,2912.4518966034584,2970.3260517982194,25.527650942660543,-57.87415519476099,-38.170280021376726,-19.70387517338426,3144.845124307922,2761.98878682489,0.13855701426244896,71.44871858221579,163067901.0,14.345554211409624,9.129457323793737,-0.016899981220409366,-0.017044415506837073,0.018499748699197387,0.06610754239045513
2022-06-20,2784.189697265625,2807.7611124816544,2745.3664210931734,2767.7301097628797,1502769,2945.0473754882814,3048.359638671875,2892.719250551484,2956.538173684694,28.921477071091957,-63.818923133209864,-43.300008643743354,-20.51891448946651,3150.9068221193193,2739.1879288572436,0.147877457368091,72.17394709582683,164570670.0,19.52795771333698,12.157784977999356,0.007607746888854461,0.007578953923346464,0.01846491317739161,0.06499818792303524
2022-06-21,2873.2421875,2896.321559800145,2795.8190472258425,2799.934053640477,2964461,2942.6298583984376,3040.3525634765624,2889.722779312794,2950.3681006339757,39.590099687642194,-60.645321321181655,-46.76907117923102,-13.876250141950635,3150.772015452066,2734.487701344809,0.14488312747122267,77.1195432681329,167535131.0,41.48197052295699,25.11849414923454,0.03198506564471315,0.031484195680158325,0.019922348153833636,0.033063863775406155
2022-06-22,2883.08251953125,2907.772123867537,2847.3453819322376,2862.4631509845726,3336315,2945.1033203125,3032.515634765625,2888.701200884864,2945.3839835152553,34.15444013690028,-56.6827826303911,-48.75181346946304,-7.930969160928065,3148.921562110198,2741.2850785148016,0.14138911419769995,75.95983310689469,170871446.0,43.90789679291755,34.97260834307051,0.0034248181632792196,0.0034189668295834348,0.01868440264245611,0.020958910860822133
2022-06-23,2959.879150390625,2968.1089446533183,2883.082151369264,2883.082151369264,3692578,2948.764270019531,3026.02359375,2899.6516546549815,2946.4576995800976,40.61720534078079,-46.80604492511611,-48.36265976059366,1.5566148354775464,3150.7848943959657,2746.7436456430964,0.13650599508413935,78.56363016010457,174564024.0,66.39865623000443,50.596174515293,0.026636986745651958,0.026288398885524446,0.019156733664057946,-0.012602789667975789
2022-06-24,2945.83447265625,2992.2614007537363,2931.879444236284,2986.894115729963,2132118,2950.186572265625,3019.3448388671877,2906.7567035782536,2946.4115346227754,40.2434327203573,-39.65483104452187,-46.621094017379306,6.966262972857436,3151.6769463644296,2748.69619816682,0.13679680645268671,78.03008947505229,172431906.0,65.17008591213121,58.49221297835107,-0.00474501728643939,-0.004756310619833869,0.019075932201847355,0.006680845188410833
2022-06-27,2965.156982421875,3008.2741344642945,2957.821735542528,2996.73455740737,2037686,2947.4783447265627,3013.570576171875,2915.7413618618875,2947.8000863115976,46.36255412398901,-32.0587244497101,-43.70862010384547,11.64989565413537,3146.4970119214363,2748.459677531689,0.13423819944421259,77.70101906859784,174469592.0,70.39830307298192,67.3223484050392,0.0065592652760975145,0.006537846903790615,0.017370958409671296,-0.024029411253735256
2022-06-28,2968.24267578125,2978.8431509287448,2927.49621220182,2958.2685585950026,1400046,2945.4119140625,3010.23759765625,2923.818487080251,2949.3143521982383,43.08454815761735,-25.49586511798725,-40.06606910667383,14.570203988686579,3142.565481234558,2748.2583468904418,0.1328419463682609,77.05885819963285,175869638.0,71.23321919776544,68.93386939429287,0.0010406509259603958,0.00104010982415174,0.017365261389317904,-0.030694636797307995
2022-06-29,2943.5087890625,2981.5270609163695,2926.065111388372,2926.065111388372,2133994,2942.5180419921876,3007.4077978515625,2926.8477643082892,2948.88431048448,39.09819636561877,-22.036546176190768,-36.46016452057722,14.423618344386455,3137.903367550955,2747.1327164334202,0.1327567468354644,75.65953768438956,173735644.0,72.23341693397965,71.28831306824235,-0.008332838457098202,-0.00836775063578217,0.017447385495869765,-0.009041180059539133
2022-06-30,2922.576416015625,2961.757424365387,2911.75230319857,2926.959611694538,2719603,2935.5450439453125,3002.65056640625,2926.1906338017257,2946.935577560861,42.03704831155684,-20.744943759135367,-33.317120368288855,12.572176609153487,3122.753822910134,2748.336264980491,0.12811215333082385,74.43278690493422,171016041.0,71.7445340961295,71.73705674262487,-0.0071113676047632746,-0.007136773900023428,0.016770109690128394,0.0063512494034478895
2022-07-01,2965.51513671875,2981.5274530236807,2909.113861142531,2916.22547160432,1502879,2929.9519287109374,2997.4752490234373,2932.240557327422,2948.3118412021863,59.7370297116434,-16.071283874764504,-29.867953069583987,13.796669194819483,3105.6490194863336,2754.254837935541,0.11849347089814523,68.90572442187393,172518920.0,85.90189535068278,76.62661546026398,0.014692078013023746,0.014585195051593591,0.017124999264695785,-0.014976927984851951
2022-07-04,2893.906005859375,2968.0639081040827,2884.960530635869,2962.741394025175,2622535,2921.1898193359375,2991.153857421875,2926.3429340246453,2944.281779324941,52.182052766448976,-17.938845300295725,-27.482131515726337,9.543286215430612,3084.7155706356284,2757.6640680362466,0.11301386497598444,70.73954385074883,169896385.0,62.29158935880052,73.31267293520428,-0.02414728219482576,-0.02444360784432303,0.017846572906836916,-0.037480008966174316
2022-07-05,2877.133544921875,2926.959803521567,2868.769437342766,2911.7524940289427,2170627,2914.641748046875,2985.6406103515624,2918.7722587780654,2939.307836035825,50.86821376862403,-20.53557725775954,-26.09282066413298,5.557243406373438,3073.948862293191,2755.334633800559,0.11074015978680732,72.787422110675,167725758.0,56.76152733711599,68.31833734886645,-0.00579578635364808,-0.005812647102471333,0.01740828489302313,-0.04091673137606189
2022-07-06,2916.89599609375,2923.828739778401,2864.5649631192855,2879.101361167748,2182144,2908.2278442382812,2980.956376953125,2918.4836029804783,2937.6476997438194,60.678000041484395,-19.16409676334115,-24.707075883974614,5.542979120633465,3055.2636256422165,2761.192062834346,0.10081660888893038,69.8769446060641,169907902.0,69.87163812730077,62.97491827440577,0.013820161821148425,0.013725534233729048,0.017476409918857398,-0.06808250958392836
2022-07-07,2941.138427734375,2969.361229929666,2920.742698680176,2926.0652132459163,1989921,2901.9995971679687,2976.4921923828124,2921.968960634924,2937.9062721875644,68.7670816707635,-15.937311552640494,-22.953123017707792,7.015811465067298,3030.309640376204,2773.6895539597335,0.08725195794818487,66.07514735091338,171897823.0,74.46415479035595,67.03244008492425,0.00831103737434935,0.008276690875367816,0.01752121194790394,-0.0855223122490486
2022-07-08,2921.100830078125,2956.4802363434105,2907.2801113815685,2952.007497710516,2136916,2897.775109863281,2971.21673828125,2921.835402087724,2936.6614246239023,64.46739348969005,-14.826022536178243,-21.327702921401883,6.50168038522364,3016.9638672379183,2778.586352488644,0.08160537024081392,65.13267832043915,169760907.0,58.968596365537245,67.76812976106467,-0.006812871324688219,-0.00683618488104091,0.01706934317134316,-0.08052359126904363
2022-07-11,2785.4423828125,2884.9160330481313,2778.4648677976734,2868.0537232952515,6974600,2893.04296875,2963.896328125,2900.8518606607663,2925.460014119354,41.554094675838286,-24.60815345858782,-21.983793028839074,-2.624360429748748,3022.280534656203,2763.805402843797,0.09279500211791146,67.31154258800568,162786307.0,3.0362200428228925,45.48965706623871,-0.0464408643032006,-0.047553836256200445,0.017675180790269678,-0.013556987308106172
2022-07-12,2759.41064453125,2805.4798410310173,2755.429951813746,2786.4259354986384,3734815,2887.414025878906,2956.131689453125,2879.0916735639175,2913.1600608165318,38.462771849033224,-34.06838725261423,-24.400711873594105,-9.667675379020125,3029.6642167040336,2745.1638350537787,0.10310186423832683,66.57033882243225,159051492.0,1.574365949716153,21.193060786025438,-0.009345638754503782,-0.009389583243548586,0.0177604961097605,-0.0007569091070277478
2022-07-13,2718.306396484375,2782.04291010001,2714.9518431361835,2776.675624742904,3863530,2879.9199462890624,2948.6583251953125,2854.355477090142,2898.7264560511867,25.856069788826346,-44.370978961044784,-28.39476529108424,-15.976213669960543,3040.9830787108644,2718.8568138672604,0.11850255926271396,65.28921551384454,155187962.0,1.1436407826323987,1.9180755917238244,-0.014896024311690459,-0.015008084306589297,0.017997182568706607,0.04423018734288808
2022-07-14,2689.60546875,2741.85041032722,2661.1286121821595,2740.9535014589414,4764908,2873.866796875,2940.0129443359374,2829.0093219608893,2883.236012547395,25.120142387485984,-54.22669058650581,-33.56115035016855,-20.665540236337257,3053.8740184910685,2693.8595752589317,0.13385399732974748,66.74206134438798,150423054.0,8.203146732399599,3.6403844882493934,-0.010558385828578487,-0.010614521065525124,0.017631949075988917,0.05954147114397301
2022-07-15,2685.88330078125,2716.6470988263773,2648.5718054355975,2707.364223712299,4574806,2870.002551269531,2932.72904296875,2806.989934087099,2868.6172931573105,22.03528638036461,-61.627359070211696,-39.174392094177186,-22.45296697603451,3062.8741036379092,2677.130998901153,0.1436187136740283,67.1446064574405,145848248.0,11.206145808255044,6.8509777744290234,-0.0013839085367712833,-0.0013848670225968937,0.01728206256260189,0.05890598432305483
2022-07-18,2747.68017578125,2759.7435556409487,2703.552305539903,2711.3553684957465,3202795,2868.1770751953127,2926.4589404296876,2797.865355886199,2859.6589881664913,30.23787419873689,-61.79363228029251,-43.698240131400254,-18.09539214889226,3065.1166010516918,2671.2375493389336,0.14334967191032932,68.75270046692435,149051043.0,29.76623795490232,16.391843498519,0.023008026812641136,0.022747333285374788,0.018025735633782385,0.03370305810174745
2022-07-19,2757.322021484375,2761.5374492687492,2717.678694261558,2717.678694261558,1865074,2862.381066894531,2920.4945263671875,2791.6279198243797,2852.0784721159644,32.85419633365814,-60.4505522915847,-47.048702563437146,-13.401849728147553,3065.4215883040506,2659.3405454850117,0.1472737096555844,67.92390085829531,150916117.0,32.662072812470036,24.54481885854248,0.0035090858783750623,0.0035029434019814222,0.016373282615314576,0.013547735251427051
2022-07-20,2838.53759765625,2844.950409306016,2778.6689229468593,2787.4137855448603,3402251,2860.1538208007814,2916.6297998046875,2798.8447933369753,2851.0754443782075,43.034317353076716,-52.23065104123225,-48.08509225899617,-4.14555878223608,3063.215466467152,2657.092175134411,0.14307483250109948,70.6112770479256,154318368.0,57.054383548135085,39.827564771835824,0.02945451258107079,0.029029062518376666,0.01779407939396525,0.007599093462003159
2022-07-21,2849.74853515625,2855.757780661632,2819.9263158701324,2840.5103301995564,2420640,2854.6472900390627,2913.048818359375,2806.6761382322484,2850.977154806211,39.871809548545414,-44.30101657396244,-47.32827712198943,3.0272605480269874,3052.2211763944356,2657.07340368369,0.13866057577921698,67.99826797009344,156739008.0,62.71301806077624,50.809824807127136,0.0039495469460248955,0.003941767961069161,0.01665097422585265,0.026185750010494724
2022-07-22,2844.097900390625,2867.417529974402,2819.4329075616306,2856.6546240126586,2075886,2849.5604614257813,2909.243759765625,2812.43333241046,2850.467580405056,45.07385332362432,-38.03424799459617,-45.46947129651078,7.435223301914611,3042.4318467400226,2656.68907611154,0.13562921676342518,65.48978546613327,154663122.0,60.95154017710871,60.23964726200669,-0.0019828538188247924,-0.001984822275997176,0.016636372399180942,0.04128023486137722
2022-07-25,2840.285400390625,2857.954456584478,2824.455050680268,2838.7158102901485,1797504,2843.3168823242186,2906.03953125,2816.71826594587,2849.7133448484315,46.259742807369825,-32.995078902561545,-42.97459281772094,9.979513915159394,3028.3578957226837,2658.2758689257535,0.13029747881886544,63.72614544651963,152865618.0,59.763065835723864,61.14254135786962,-0.0013404953463368452,-0.001341394613956164,0.01652528548741385,0.04169915459330653
2022-07-26,2794.677490234375,2842.2136472434654,2777.277550540535,2838.446674822017,2639367,2834.638623046875,2900.5938623046877,2813.3273773748706,2845.63661487702,37.73974632348683,-32.309237502149244,-40.8415217546066,8.532284252457359,3011.091349352387,2658.185896741363,0.1262777024698573,64.131311163935,150226251.0,45.54566754460559,55.42009118581273,-0.016057509625609256,-0.016187828379316902,0.016798724542913934,0.056452525242642215
2022-07-27,2860.10791015625,2864.8166816784224,2789.386558848772,2793.871103155603,1389808,2830.4685791015627,2896.506552734375,2820.52438241816,2846.7085626754815,42.491916221693586,-26.184180257321714,-37.91005345514963,11.725873197827916,2999.8899585736394,2661.047199629486,0.11847201909442719,65.77166037777316,151616059.0,68.70097843579309,58.003237272040856,0.02341251187319915,0.023142643103839733,0.01772966601880124,0.0472425868984061
2022-07-28,2924.371337890625,2927.5105189004753,2871.5881638933847,2884.4588936225273,2106333,2830.5583251953126,2897.025068359375,2836.5008371062313,2852.461360839566,50.28008229230788,-15.960523733334867,-33.52014751078668,17.55962377745181,3000.1869173454843,2660.929733045141,0.11601029592399596,67.07183779080053,153722392.0,98.87459830446436,71.04041476162102,0.022468882207617114,0.022220175422939914,0.018437773433527115,0.02896781451341912
2022-07-29,2961.5029296875,2975.3154558936158,2937.376171773738,2950.829803094839,2430257,2830.35771484375,2897.7344287109377,2855.7319282725803,2860.5385140875615,68.1385741732588,-4.80658581498119,-27.777435171625584,22.970849356644393,2999.3224730093534,2661.392956678146,0.11410743948406823,60.52242034241048,156152649.0,95.77267188277062,87.78274954100937,0.012697290291341146,0.012617355625595617,0.018360446890725225,0.01912547043292201
2022-08-01,2958.722900390625,2984.0156856722806,2933.78879105321,2984.0156856722806,1306913,2833.5985595703123,2897.8772607421874,2871.576693213818,2867.8114315914922,71.56736507350654,3.765261622325852,-21.4688958128353,25.23415743516115,3010.0175281249594,2657.179591015665,0.11925345799118628,60.53506358539614,154845736.0,92.45990558398798,95.70239192374099,-0.0009387224537267258,-0.0009391633295775923,0.017459025113579094,0.022932637034180248
2022-08-02,2952.444091796875,2971.368733915452,2934.3712501740024,2950.829612348333,1269114,2837.3640869140627,2898.4942919921873,2884.0178314573654,2874.080517532632,77.40095657435843,9.937313924733644,-15.187653865321511,25.124967790055155,3020.772019285754,2653.956154542371,0.12424142620094004,58.38552192665494,153576622.0,90.58811451440548,92.94023066038802,-0.002122134719990565,-0.0021243896386009776,0.017400178990510648,0.01897147085253037
2022-08-03,2995.226806640625,3003.7474398680797,2939.2148983239913,2941.860735373933,2895824,2841.280627441406,2901.7265625,2901.126904562482,2883.0543167258165,84.62539325238595,18.07258783666566,-8.535605524924078,26.60819336158974,3034.90058007664,2647.660674806172,0.12928567025773477,57.22914645515694,156472446.0,97.60100851454932,93.54967620431427,0.014490609648669883,0.014386624103555372,0.017425917058759233,0.024854078946735747
2022-08-04,3009.083984375,3038.6370840635946,2966.3912590118593,3004.6443298312643,2150567,2844.6779052734373,2904.1750390625,2917.7356860721,2892.3898476627933,85.79501638837074,25.345838409306907,-1.759316738077881,27.10515514738479,3047.8251503747524,2641.530660172122,0.1350226488567149,57.52704157379662,158623013.0,91.18041117244697,93.12317806713394,0.004626420177481272,0.0046157511891453135,0.01736918268875556,0.013890150981630489
2022-08-05,3018.14306640625,3028.861083003313,3009.1290889772326,3014.689879862934,1106933,2849.5300170898436,2906.1901318359373,2933.182975354277,2901.7049009030493,83.91616783771659,31.478074451227712,4.888161499783238,26.589912951444475,3064.6459731266586,2634.4140610530285,0.14254854809978043,53.66395898584051,159729946.0,93.61474312264554,94.13205426988061,0.003010577995925079,0.0030060552810405637,0.017266672970763258,0.00821682736743301
2022-08-08,3026.57421875,3030.565419593508,2992.08811505521,3018.0984733695386,1068836,2861.5866088867188,2906.335185546875,2947.550858953619,2910.9544800028234,83.8671816672127,36.5963789507955,11.229804989985691,25.366573960809806,3088.2957201803442,2634.8774975930933,0.14981235873162113,53.27956966663386,160798782.0,95.38457038396723,93.39324155968659,0.0027934899566537386,0.0027895954148078974,0.01301696992529898,0.00789749136232043
2022-08-10,3008.456298828125,3036.036244028681,2991.190804678183,3036.036244028681,1878359,2874.0388916015627,2906.3128857421875,2956.92092662662,2918.176836952846,75.40541743828007,38.74408967377394,16.732661926743344,22.0114277470306,3104.4460559945337,2643.6317272085917,0.15317301732634164,50.22364477583791,158920423.0,88.45238785456769,92.48390045372683,-0.005986279738204425,-0.006004269340547414,0.01285308308752856,0.008049494600871565
2022-08-11,3069.67041015625,3075.231200998242,3027.1121308061656,3049.4899618791087,1449248,2891.6070922851563,2907.6785693359375,2974.2670010157935,2929.3985831160608,78.6045622469903,44.868417899732776,22.359813121341233,22.508604778391543,3125.571412182354,2657.6427723879588,0.15243611765165924,52.43389030288203,160369671.0,98.13367252442417,93.9902102543197,0.020347349353876165,0.020143107908308585,0.01247769541930403,-0.010737773564287068
2022-08-12,3050.880615234375,3066.531632271564,3032.673320157422,3066.531632271564,1472354,2909.670849609375,2907.4554541015623,2986.0537108955755,2938.3972521618616,76.00669863008505,47.65645873371386,27.41914224381576,20.237316489898102,3133.5359884327772,2685.805710785973,0.1467544404756751,51.649066559028924,158897317.0,91.82739136527488,92.80448391475558,-0.006121111523799905,-0.006139922328248634,0.012200978644646416,-0.013817331653810605
2022-08-16,3042.942626953125,3062.8092894639904,3038.278744703972,3059.3561027853134,839942,2927.523815917969,2906.7667578125,2994.805851827506,2946.1413539982514,75.22606956566091,48.66449782925474,31.668213360903557,16.996284468351185,3132.38835823161,2722.659273604328,0.13464896807388718,51.008433620158094,158057375.0,89.16322253598574,93.0414288085616,-0.0026018678809036633,-0.002605258621922283,0.012244792402415078,-0.031862597023257555
2022-08-17,3050.4765625,3065.58934417508,3023.569298894891,3036.1260219106084,1622326,2942.6636352539062,2906.3933251953126,3003.3705765463515,2953.869887961344,85.17510116576261,49.50068858500754,35.234708405724355,14.265980179283183,3135.9969409676587,2749.330329540154,0.12675613252724505,49.37157280424799,159679701.0,91.3398277074541,90.77681386957158,0.0024758717039692346,0.00247281178322874,0.011617633409827,-0.042853591651919154
2022-08-18,3032.6728515625,3042.314621072089,3015.407357324399,3040.520803488909,1430659,2956.4311767578124,2906.8848828125,3007.878618856528,2959.7071445243923,77.30618268011602,48.17147433213586,37.82206159100666,10.3494127411292,3132.6509169514216,2780.2114365642033,0.11621414430034341,46.48865011467303,158249042.0,79.10149541984124,86.53484855442703,-0.00583637034172424,-0.005853468511063765,0.011878646934253275,-0.04822172710811967
2022-08-19,3036.708984375,3068.7734741310087,3023.7038067117237,3037.830120380455,1398410,2966.33974609375,2906.7155810546874,3012.314059705524,2965.410984513326,71.96203781886769,46.903075192197775,39.63826431124488,7.2648108809528935,3136.840970313947,2795.838521873553,0.11229342363558004,44.89344002003444,159647452.0,72.76473397268875,81.06868569999472,0.0013308830230140956,0.0013299981831954748,0.01038132436357421,-0.04830532320981218
2022-08-22,3008.7255859375,3035.22928589152,3002.3125563634576,3018.0982394990715,1536532,2974.2885986328124,2905.576025390625,3011.7619868181355,2968.6194735077092,59.57451652867718,43.14251331042624,40.33911411108115,2.803399199345087,3136.5262633202856,2812.0509339453392,0.10784477351191929,43.71146216350241,158110920.0,52.980428510008075,68.28221930084604,-0.009215041211220742,-0.009257762357436469,0.010757247283532086,-0.06617877365150515
2022-08-23,2945.986572265625,2997.3792685403614,2932.891616907202,2977.692165242651,1849256,2979.3830322265626,2904.3839453125,3001.6426922715955,2966.9429623045917,47.922735704872956,34.699729967003805,39.211237282265685,-4.5115073152618805,3130.4196997649915,2828.3463646881337,0.1025372409774926,45.54053890716149,156261664.0,9.19979880646224,44.98165376305303,-0.020852354885773305,-0.021072835652846372,0.01195687276001457,-0.022361924629152763
2022-08-24,2919.752685546875,2966.974854945067,2915.133472995961,2952.624311511234,1691923,2983.356396484375,2905.177294921875,2989.0442296985616,2963.4473862484647,44.99396601936845,25.596843450096912,36.48835851583193,-10.891515065735021,3122.715252122434,2843.9975408463165,0.09545935608032946,46.60081735056552,154569741.0,2.88524553628864,21.68849095091966,-0.008904958008201236,-0.008944844112711662,0.012179970461784389,-0.037983806252318786
2022-08-25,2886.43212890625,2940.2017727488737,2883.337837048458,2938.2735062355546,1946930,2987.944128417969,2905.4661474609375,2973.2577526535906,2957.7425523712636,32.84308780614356,15.515200282326987,32.29372686913094,-16.778526586803956,3105.4828063598347,2870.405450476103,0.08144219069956417,46.05305979030319,152622811.0,1.612505922083734,4.565850088278214,-0.011412116103382886,-0.011477734004109086,0.011868835653835081,-0.027282478825282563
2022-08-26,2890.019775390625,2921.2322484903357,2885.1765549837287,2900.8724605252028,1457962,2989.4397216796874,2905.902783203125,2960.4519099977497,2952.726050372698,30.595055724150043,7.725859625051726,27.3801534203151,-19.654293795263374,3100.724291084154,2878.1551522752206,0.07701301586382754,43.4680503942226,154080773.0,3.4821101702510355,2.6599538762078123,0.0012429346418529885,0.0012421628380592795,0.010711454502433257,-0.027558979620817547
2022-08-29,2809.61181640625,2818.7153534977124,2763.376122142402,2802.840110903929,2539173,2983.7017456054687,2905.881650390625,2937.2457417529035,2942.124996004813,22.42650999045354,-4.879254251909515,20.928271885870178,-25.807526137779693,3118.4693089747557,2848.9341822361816,0.0959332264922398,51.10137572421617,151541600.0,14.826019327096784,6.640211806477194,-0.02782263279617414,-0.028217014621372088,0.011193414668090953,-0.0017557092048519074
2022-08-30,2880.108642578125,2893.876280423968,2818.1772643190006,2829.7473003990763,3431525,2979.63203125,2908.220458984375,2928.4554188029374,2937.5311920472805,33.36385533242273,-9.075773244343054,14.927462859827532,-24.003236104170586,3121.927793450701,2837.3362690492995,0.0988127740023896,54.37188711560332,154973125.0,37.43165603190646,18.579928509751436,0.025091304699183192,0.024781686378484522,0.012331637567385405,-0.019167537303153126
2022-09-01,2808.849365234375,2861.139194303962,2799.252484458516,2861.139194303962,3546935,2972.1383544921873,2908.71365234375,2910.054487484697,2927.999204875954,29.77001471655052,-17.9447173912572,8.353026809610586,-26.297744200867786,3133.569338374935,2810.7073706094397,0.11494456476079308,56.944081313397,151426190.0,14.581530388622575,22.279735249208617,-0.024741871292730977,-0.025053095631625628,0.01339563112141627,0.012118159969272568
2022-09-02,2807.68310546875,2836.9224187454834,2798.6244583411744,2836.9224187454834,2052900,2964.9003051757813,2907.402470703125,2894.305044097628,2919.086901216161,19.76811799920577,-24.781857118533026,1.726050023981864,-26.507907142514888,3142.2460572431023,2787.5545531084604,0.12632889496816105,54.91001404441071,149373290.0,14.507978879874464,22.17372176680118,-0.00041520908171865933,-0.0004152953048773485,0.013403669970795925,0.027872041265118108
2022-09-05,2810.373779296875,2823.4238453556204,2791.404246893078,2801.6289190166253,2147912,2955.6576538085938,2905.9482958984377,2881.392541820589,2911.034077370288,21.17588539523051,-29.6415355496988,-4.547467090754269,-25.094068458944534,3145.197216883646,2766.1180907335415,0.13488566145281428,54.55447893467603,151521202.0,15.389019206712849,14.826176158403305,0.0009583253262750446,0.0009578664257201687,0.012834290841371273,0.03496228181530636
2022-09-06,2804.678955078125,2817.0563414080293,2786.112985069215,2812.257791314557,1936453,2945.43740234375,2902.8442919921877,2869.5904515525176,2903.155920163461,21.290358260855243,-33.5654686109433,-10.351067394792075,-23.214401216151224,3144.6442729889486,2746.230531698551,0.14205324305266145,55.012536904590014,149584749.0,13.524293078064618,14.473763721550654,-0.002026358294651698,-0.0020284141363382346,0.012709055714634375,0.03271449730217668
2022-09-07,2824.904052734375,2835.935855830716,2782.211106134661,2782.211106134661,1291534,2935.7754516601562,2900.42568359375,2862.715620965111,2897.3594855390843,23.62621208108149,-34.64386457397313,-15.209626830628288,-19.434237743344845,3138.842021607963,2732.7088817123495,0.14376882623765422,55.848587220008994,150876283.0,20.146844820732742,16.353385701836746,0.007211198850274991,0.0071853224811383575,0.01285504107763057,-0.009271177023348454
2022-09-08,2842.887451171875,2855.3097280912734,2834.3221456196243,2843.201456902572,1346113,2926.59111328125,2897.98029296875,2859.6651333046134,2893.3245200304023,27.819736801399188,-33.65938672578886,-18.899578809660404,-14.759807916128459,3128.9809790015097,2724.20124756099,0.14238331217567698,55.51547794724453,152222396.0,26.035369498612727,19.902169132470036,0.006366020969842401,0.00634584344676298,0.012967391144206654,-0.020601629941499278
2022-09-09,2885.93896484375,2900.1550591396,2841.8559780064397,2865.624064929959,1561185,2920.4652465820313,2896.33421875,2863.7072612337115,2892.777441868428,33.85207862346434,-29.070180634716507,-20.933699174671627,-8.13648146004488,3119.815791051546,2721.1147021125166,0.13815298722390543,56.46043606966418,153783581.0,45.084206860290735,30.422140393212075,0.015143587078738863,0.015030067590712444,0.013562307270397858,-0.06493880366533378
2022-09-12,2908.630859375,2932.7129524680436,2892.531387385331,2905.895243260765,1785928,2912.4132690429688,2895.63666015625,2870.618584024679,2893.951769091137,39.156648173055764,-23.3331850664581,-21.41359635302892,-1.919588713429178,3098.988623112298,2725.8379149736397,0.12829084410485828,57.34454747057498,155569509.0,62.07383937690675,44.39780524527007,0.007862915608292775,0.007832163980480727,0.012742673973447721,-0.06603562001290608
2022-09-13,2896.4326171875,2927.017076901439,2892.530976189004,2927.017076901439,1972678,2904.690869140625,2895.1137841796876,2874.589973742036,2894.1355356167937,43.97165648096215,-19.545561874757823,-21.039989457374702,1.4944275826168791,3079.55243189444,2729.8293063868105,0.12074271068222478,54.39112830501335,153596831.0,65.35231983659129,57.5034553579296,-0.004193808969668034,-0.004202627651051298,0.012722021450113846,-0.058541251748598366
2022-09-14,2798.7138671875,2817.548950205799,2792.7944010505757,2811.8088220175355,5090269,2892.4794311523438,2891.7777587890623,2862.9167265797996,2887.0672638812903,37.45693321370793,-24.150537301490658,-21.662099026197893,-2.488438275292765,3060.6734802123824,2724.285382092305,0.12019381547500689,58.09090217557179,148506562.0,19.98451295029751,49.13689072126519,-0.033737622418741786,-0.03431986924663107,0.014512057559237743,-0.03820009400244184
2022-09-15,2784.3193359375,2814.2760067345016,2780.417694487118,2807.3249624982836,2138023,2879.1715698242188,2889.586025390625,2850.8248203271382,2879.4563062558245,38.98618579278395,-28.63148592868629,-23.055976406695574,-5.575509521990714,3036.4961825347586,2721.846957113679,0.11300759268517423,56.44764335749807,146368539.0,12.367784229042018,32.56820567197695,-0.005143266490641785,-0.005156538613339968,0.01443085146382427,-0.031230545083147376
2022-09-16,2698.529541015625,2775.349913346331,2690.7264780237324,2758.8915488003336,5322221,2862.464404296875,2886.0139453125,2827.3947773561363,2866.0543236454396,32.45684352647935,-38.65954628930331,-26.17669038321712,-12.482855906086186,3022.1046062373684,2702.824202356381,0.11831643827801941,60.557440815152404,141046318.0,3.2245864194596097,11.85896119959972,-0.03081176566731303,-0.03129642967939562,0.015590712968339051,-0.008857543853681205
2022-09-19,2716.5576171875,2728.3967704245497,2679.784353680792,2723.015317228446,2072220,2846.4568359375,2882.007177734375,2810.3429065609616,2854.980493537444,40.3748152730632,-44.63758697648245,-29.86886970187019,-14.768717274612264,2996.4438485692867,2696.469823305713,0.11042431913302918,54.983781064833465,143118538.0,14.538989929523252,10.043786859341635,0.0066807036565144085,0.006658486651101575,0.015762699349301162,-0.011357578219505338
2022-09-20,2726.871826171875,2762.434171951961,2717.6336218806787,2735.571797602663,1544295,2832.364147949219,2877.721845703125,2797.5012018857174,2845.490962621476,31.89574110312185,-47.98976073575841,-33.49304790864783,-14.496712827110578,2970.6649977703096,2694.0632981281283,0.1014355339284462,52.24178754674368,144662833.0,18.616903235408408,12.126826528130431,0.0037967937507077387,0.003789604121927128,0.015866696467409094,-0.0075158020665098135
2022-09-21,2691.802734375,2727.85842551412,2689.0671186515897,2715.839934791707,2253818,2819.6549560546873,2873.1358837890625,2781.2398991917607,2834.106649418033,34.87833542116259,-52.866750226272416,-37.367788372172754,-15.498961854099662,2960.6818878216204,2678.628024287754,0.10478251616731316,49.2371553140952,142409015.0,4.7516891137604444,12.635860759564045,-0.0128605574564562,-0.012943970354827862,0.015537995721390689,0.01147889679531966
2022-09-22,2697.363525390625,2717.588863283786,2672.1605186728298,2681.7573993510473,2017983,2808.535498046875,2871.374306640625,2768.3358416838937,2823.9775291197066,35.90744620537862,-55.641687435812855,-41.02256818490078,-14.619119250912078,2951.388842191878,2665.682153901872,0.10592072058534674,49.74646847171285,144426998.0,9.672911647989936,11.013834665719605,0.00206582412024936,0.00206369323977965,0.015563689338131053,-0.0033582235112574743
2022-09-23,2674.627197265625,2710.9071180452506,2671.8915813587437,2694.3143035923686,2652374,2797.9452514648438,2869.6786376953123,2753.919127158006,2812.91454157496,33.50414103744839,-58.995414416953736,-44.61713743131137,-14.378276985642366,2947.7198903476233,2648.170612582064,0.11199664688663896,50.24617834485317,141774624.0,1.0488465324892586,5.157815764746556,-0.008429093042513602,-0.008464818745778426,0.015501446068571045,0.00754513374518373
2022-09-26,2685.7041015625,2713.9120635249656,2624.445394787376,2654.716072179793,2925489,2787.7294677734376,2869.026591796875,2743.4245078356207,2803.4915460184816,35.72890719003142,-60.06703818286087,-47.707117581621276,-12.359920601239594,2938.9262476722233,2636.532687874652,0.11259377368550902,54.42641494476571,144700113.0,19.871927891414042,10.197895357297755,0.004141475981474851,0.004132923674473611,0.015563400084519409,-0.0031559970489000166
2022-09-27,2706.377197265625,2713.148901955787,2669.2003742877428,2699.1570382115037,2227447,2782.567736816406,2869.3620263671874,2737.724921594083,2796.297890555307,35.79790850134343,-58.57296896122398,-49.880287857541816,-8.692681103682162,2937.6186283608836,2627.5168452719286,0.1145818784618289,53.728113371336384,146927560.0,26.578146300706745,15.832973574870024,0.007697458439705818,0.007667984161221514,0.014646621397362565,0.02442473249083177
2022-09-28,2722.70166015625,2735.527502376919,2672.788762960207,2672.788762960207,2739767,2774.6973876953125,2870.0983935546874,2735.413650603647,2790.8463179331543,35.541652396490576,-55.43266732950724,-50.99076375193491,-4.441903577572333,2924.802313126341,2624.592462264284,0.11026175039861993,56.03761794703736,149667327.0,31.87369637850067,26.107923523540496,0.0060318505887200224,0.006013731801330657,0.013371670231745344,0.021840202449995072
2022-09-29,2688.30517578125,2740.819237350906,2681.7576968073727,2739.159868244052,2493902,2768.6701782226564,2868.9108935546874,2728.166192938663,2783.250677773754,25.719033449228036,-55.08448483509119,-51.809507968566166,-3.274976866525023,2922.632089207939,2614.708267237374,0.11454198903630014,56.092079333492585,147173425.0,20.71569952872529,26.389180735977575,-0.012633218276667857,-0.012713695891269425,0.012572342145307495,0.022553471897681865
2022-09-30,2694.8076171875,2708.395699120603,2645.9709725023213,2682.520009335048,2817353,2763.026403808594,2867.66060546875,2723.034104361561,2776.69933995255,22.641705108619533,-53.66523559098914,-52.18065349305076,-1.4845820979383788,2919.2259444105653,2606.8268632066224,0.11592630183003029,57.20998926163458,149990778.0,23.2547282377095,25.281374714978497,0.0024187884116839697,0.002415867851523722,0.012608424158157943,0.03794243341959347
2022-10-03,2677.22802734375,2709.292518723233,2667.406919233083,2686.2420050783735,1763331,2756.3691162109376,2864.4344140625,2715.98701558959,2769.3310945741205,22.334148850809,-53.34407898453037,-52.41333859134669,-0.9307403931836831,2915.395831063959,2597.342401357916,0.11879952938547574,57.73852488861423,148227447.0,27.333848121920756,23.768091962785192,-0.006523504584010853,-0.006544875633501782,0.012627851029062926,0.02834233971668243
2022-10-04,2772.479736328125,2778.6236496108236,2711.3554850786054,2717.588957864213,2145875,2754.7591552734375,2862.8890380859375,2724.6782033955187,2769.5643272966395,46.668237641627485,-44.886123901120754,-50.9078956533015,6.021771752180747,2912.372258015074,2597.146052531801,0.11369829014539835,57.578339612196324,150373322.0,77.98233384044609,42.85697006669212,0.035578481926651806,0.034960190315768434,0.015213104932505184,0.003105561894305664
2022-10-06,2782.166015625,2801.942897089288,2773.645382615285,2790.2830834970473,1790816,2752.6222534179688,2861.650400390625,2733.522482200054,2770.497785691333,49.72321596507166,-36.97530349127874,-48.12137722089695,11.146073729618216,2907.3637904565135,2597.880716379424,0.11123817642045548,57.264400220323424,152164138.0,88.85793816324384,64.72470670853691,0.00349372410912685,0.003487635232832812,0.015136875729389454,0.00043542541115315636
2022-10-07,2748.935791015625,2784.901922759827,2742.8369861368456,2778.085328049343,1939879,2747.924670410156,2859.823408203125,2735.8937604793728,2768.9006009005398,57.491349880337545,-33.006840421167,-45.09846986095096,12.091629439783965,2896.718359411284,2599.130981409028,0.10825548525900953,53.583834413838694,150224259.0,70.13642142174896,78.99223114181297,-0.01194401211960383,-0.012015914944695928,0.015243361506217842,0.011174956643821954
2022-10-10,2797.05517578125,2804.634011871847,2695.2111306923252,2699.6956750029613,3064063,2743.4804809570314,2859.8709619140627,2745.303208987354,2770.9861249657774,60.98130249488972,-25.682915978423352,-41.215359084445446,15.532443106022093,2879.6952986480146,2607.2656632660483,0.09739873483399325,57.92743901639327,153288322.0,95.79394291704776,84.92943416734687,0.017504732166860437,0.01735328910203938,0.015388060628107481,0.0004018595869086372
2022-10-11,2753.10693359375,2820.778670625665,2738.5770522802995,2780.41776754835,4730645,2735.7042846679688,2857.7309423828124,2746.503782003723,2769.6617404197013,53.27811791508102,-23.157958415978555,-37.60387895075207,14.445920534773514,2847.8530582047233,2623.555511131214,0.08147069928036678,60.52208641502931,148557677.0,65.5322121308114,77.15419215653606,-0.015712325794654647,-0.015837072821653454,0.015539322042215566,0.02713376205114848
2022-10-12,2781.08984375,2789.2964713334904,2746.3795184552414,2766.8737522836636,1665247,2729.937145996094,2854.8653125,2751.8247145800733,2770.508266592316,61.3576934282902,-18.68355201224267,-33.81981356305019,15.136261550807518,2816.1479702120932,2643.7263217800946,0.06199787066192245,60.816775416152076,150222924.0,79.78497190198523,80.37037564994813,0.010164120330670379,0.010112813029125733,0.015792814671749374,0.009410654265203489
2022-10-13,2783.37744140625,2789.386687259664,2737.679976610315,2781.0902799100977,2054781,2729.1703247070313,2851.302802734375,2756.6789802456387,2771.4615388007555,61.03320612356366,-14.782558555116793,-30.01236256146351,15.229804006346718,2813.0465769197017,2645.294072494361,0.06026940576934002,61.26523013318014,152277705.0,80.95013233975155,75.42243879084941,0.0008225543886657416,0.000822216276202475,0.013905072768030984,0.020033832968707088
2022-10-14,2779.655029296875,2825.262932800845,2754.407132263935,2820.778388463066,2245977,2728.937109375,2847.7214453125,2760.213757022752,2772.0684640226905,64.16302654226425,-11.854706999938571,-26.380831449158524,14.526124449219953,2812.1913505186326,2645.6828682313676,0.05990257083426068,63.539534693923216,150031728.0,77.28888424989852,79.34132949721177,-0.0013373723786072045,-0.0013382674591730884,0.013859586242917657,0.014962056453196038
2022-10-17,2798.17919921875,2813.1512922234274,2761.9401831157984,2763.019215303223,1517005,2733.9195922851563,2844.6361474609375,2766.0545942836748,2774.002592555732,64.86865053664228,-7.947998272057248,-22.694264813738272,14.746266541681024,2821.334959172593,2646.50422539772,0.06248017776119755,60.80699472035459,151548733.0,84.89406131884036,81.04435930283014,0.006664197436960562,0.006642089838468776,0.011863159686568705,0.016051959709430186
2022-10-18,2827.80908203125,2837.386015099938,2813.2866025480944,2832.5750458574003,1793722,2739.4821655273436,2841.28779296875,2775.5552847063786,2777.9882584428074,65.68134569565517,-2.432973736428721,-18.642006598276364,16.209032861847643,2835.9370351840134,2643.0272958706737,0.06821879897732357,60.46830102129343,153342455.0,94.99677092266455,85.72657216380115,0.010588986874311868,0.010533316205280347,0.011978016048266983,0.005532817633461473
2022-10-19,2807.26171875,2840.668030854225,2798.404213997578,2840.668030854225,1194289,2743.50166015625,2837.25134765625,2780.4331976361664,2780.1566629100066,60.80201595331452,0.2765347261597526,-14.858298333389142,15.134833059548894,2844.344157846847,2642.6591624656535,0.07184403008601507,59.00580655271733,152148166.0,82.8419019846343,87.57757807537975,-0.007266177696300002,-0.007292704944703196,0.012148619237438747,0.011387267814081614
2022-10-20,2839.13916015625,2841.5670374514175,2792.1093833185605,2792.1093833185605,1587601,2750.8684814453127,2833.67126953125,2789.4648841777175,2784.5257367800987,69.39290296895253,4.939147397618854,-10.898809187187544,15.837956584806397,2857.186866970741,2644.5500959198844,0.07489480404305167,58.319814666240454,153735767.0,98.75872896687011,92.19913395805634,0.011355350729622904,0.011291362683372278,0.0118424827480554,0.0018844943819451565
2022-10-21,2821.244384765625,2841.926676749231,2811.8924796841284,2839.5888102481545,1021913,2757.0625244140624,2829.5646728515626,2794.3540381143184,2787.2456366308784,65.79346224812656,7.108401483440048,-7.297367053062026,14.405768536502073,2864.6824793316923,2649.4425694964325,0.07629254345973324,56.00620541244195,152713854.0,88.14902548637012,89.91655214595819,-0.006302887735041507,-0.006322834792155047,0.012013944114056388,0.017769405659504578
2022-10-24,2843.095458984375,2857.752951953399,2837.070661866889,2850.649122739115,260949,2765.4859375,2826.2574560546873,2801.8527182481735,2791.3826605089153,70.5000630614008,10.470057739258209,-3.7438820945979794,14.213939833856188,2872.3077416182573,2658.664133381743,0.07514471860639996,55.622131676557956,152974803.0,90.98232512948704,92.63002652757575,0.00774519014968833,0.007715350143106281,0.011794985624616642,0.03099605944671846
2022-10-25,2843.454833984375,2863.372687609028,2833.60809136624,2860.000575627075,2069643,2773.3734741210938,2821.73314453125,2808.2530437460505,2795.2398585441347,61.460123683332355,13.013185201915803,-0.39246863529522275,13.405653837211027,2878.6765530095317,2668.0703952326558,0.07406699598662705,50.50562981768043,155044446.0,88.15552496614859,89.09562519400193,0.00012640272026898103,0.00012639473211827757,0.011810921127188569,0.025173457650266018
2022-10-27,2839.228759765625,2854.156065820698,2818.5016835637316,2842.1962627209805,2438421,2780.0160522460938,2817.500107421875,2813.0185385182926,2798.4982956716526,59.37912066031327,14.52024284664003,2.5900736610918282,11.930169185548202,2884.2803400848347,2675.7517644073528,0.07344549993030353,50.94785992452353,152606025.0,85.64242131974372,88.26009047179313,-0.001486246297370708,-0.0014873518569572734,0.011794065434226226,0.01562993223859266
2022-10-28,2844.489501953125,2858.2027604387918,2828.0785532735567,2832.574703596726,1355739,2786.1054443359376,2813.531044921875,2817.8602252005744,2801.9050516925026,67.2959510113987,15.955173508071766,5.263093630487816,10.69207987758395,2890.5011696154197,2681.7097190564555,0.07340208160923105,50.09495067754165,153961764.0,88.77080707206794,87.52291778598676,0.0018528771834271929,0.0018511627239606347,0.011764518333419337,0.017118402160015256
2022-10-31,2871.376220703125,2876.6368040808793,2857.5731717627386,2876.6368040808793,1919414,2795.258996582031,2809.9490380859374,2826.09345527789,2807.051064211808,64.57282366384752,19.04239106608202,8.018953117606657,11.023437948475362,2895.5723821793067,2694.9456109847556,0.06987129368419122,44.57526645955824,155881178.0,96.2142318053204,90.20915339904404,0.009452212332490051,0.009407819693359475,0.01132162605123441,0.0126991757698669
2022-11-01,2931.22021484375,2933.8281137695244,2880.638523413628,2890.5750595933964,2991060,2807.079626464844,2807.9199853515624,2842.266802903407,2816.248779073433,82.87502342792219,26.018023829974027,11.618767260080132,14.399256569893895,2913.107041241309,2701.0522116883785,0.07234353409514621,43.16457179677494,158872238.0,98.67044420378852,94.55182769372561,0.020841571964390848,0.020627357665899217,0.011971817092553166,-0.013390744408883437
2022-11-02,2915.034423828125,2940.4826817707453,2897.3646386476103,2940.4826817707453,1405955,2818.9699462890626,2805.486494140625,2853.46182150721,2823.566234240447,75.84830526990064,29.89558726676296,15.274131261416699,14.62145600534626,2916.6954658984087,2721.2444266797165,0.06704930741847603,43.17893538569537,157466283.0,87.45171671977276,94.11213090962724,-0.0055218611463102585,-0.005537162977290815,0.011926248144105653,-0.011120620711205453
2022-11-03,2883.605712890625,2902.7593552031317,2873.0397607189666,2902.7593552031317,1422652,2824.5262451171875,2802.9840966796874,2858.0993432585046,2828.0136030293493,67.38634197661052,30.085740229155363,18.236453054964432,11.84928717419093,2923.7472214514755,2725.3052687828995,0.0688172976567074,42.485217704253174,156043631.0,69.4334000186666,85.18518698074264,-0.010781591696000237,-0.010840134223756617,0.009859520516668174,0.03405338419332282
2022-11-04,2893.1826171875,2895.565708495487,2847.097078046765,2892.8230129901267,1464013,2830.0770751953123,2801.928017578125,2863.4967700168118,2832.8409374114344,69.30130623401529,30.655832605377327,20.720328965047013,9.935503640330314,2931.7120093878902,2728.4421410027344,0.07025822261532773,40.88613412652545,157507644.0,73.50767187626684,76.79759620490208,0.003321155959035371,0.0033156531011167396,0.009858231882469934,0.036706795575131235
2022-11-07,2907.84033203125,2916.0234137611046,2873.1301818756806,2903.6139944666893,1474498,2838.0223022460937,2801.6897705078127,2870.3188564805714,2838.396448124013,68.89233222634647,31.922408356558208,22.960744843349254,8.961663513208954,2937.7762814435478,2738.2683230486396,0.06861035532014353,40.292000039225094,158982142.0,77.99984897498607,73.64697362330652,0.005066294383449188,0.005053503896119074,0.009310043702019832,0.030584070511146644
2022-11-09,2891.968994140625,2922.318009880542,2879.0199490351015,2922.318009880542,1162267,2842.7679931640623,2801.8005078125,2873.6496468898104,2842.3647848659843,61.603496247806596,31.28486202382601,24.625568279444607,6.659293744381401,2943.3432608228213,2742.1927255053033,0.06955487272687436,40.58423182238597,157819875.0,67.30295266272084,72.93682450465792,-0.0054581187680061705,-0.005473068722147859,0.008810829339212027,0.04331406723478648
2022-11-10,2882.617431640625,2900.017625207325,2850.5599602813086,2850.5599602813086,1573092,2849.243518066406,2801.6524609375,2875.0293060822432,2845.3464624048465,64.20346875797205,29.682843677396704,25.637023359035027,4.045820318361677,2941.8755574200886,2756.6114787127235,0.06426939512466735,41.098078113055244,156246783.0,61.000226634863054,68.76767609085665,-0.003233631660279568,-0.00323887114522862,0.00790796291121177,0.04471779552156341
2022-11-11,2981.80224609375,3004.867631737678,2927.0392164131276,2940.1230593285322,3265394,2859.2791381835937,2805.09626953125,2891.4559122378596,2855.4542982336543,71.44796167204962,36.001614004205294,27.70994148806908,8.291672516136213,2963.577212572716,2754.9810637944715,0.0699563993727322,46.297545681926394,159512177.0,88.04748414531215,72.11688781429869,0.03440790073786326,0.03382918643731513,0.010578976963058111,0.008293144073318492
2022-11-14,2999.382080078125,3011.5216867580993,2975.552481780397,2989.0409336470357,1342074,2870.0793701171874,2807.48173828125,2908.059938059439,2866.1156154073187,76.80659771189929,41.94432265212026,30.55681772087932,11.387504931240944,2985.433092557074,2754.725647677301,0.07691832474833074,46.72147481854066,160854251.0,93.7107001968666,80.91947032568062,0.005895707539762318,0.005878395865784206,0.010571136228392005,-0.015589962418203207
2022-11-15,2996.77392578125,3003.3831344257037,2960.265100697199,2986.342770174787,1400708,2880.9353149414064,2811.2402294921876,2921.7082438627945,2875.7940087683505,74.54757174601868,45.91423509444394,33.62830119559224,12.285933898851695,3001.2189309627897,2760.651698920023,0.0802754021493468,47.19357957144997,159453543.0,92.35946496026,91.37254976747958,-0.0008695638725717547,-0.0008699421625500932,0.010559690157161957,-0.005296222679564422
2022-11-16,3017.23193359375,3028.517096203142,2986.747900169754,3002.4394221817815,1748235,2891.8879516601564,2815.4312060546877,2936.4041961290955,2886.2708920887503,76.08322993155325,50.13330404034514,36.92930176454283,13.20400227580231,3020.0758835084303,2763.7000198118826,0.08497055226085477,48.05105098506426,161201778.0,94.62650742223641,93.56555752645436,0.006826677059787345,0.006803480808984169,0.010562055801278225,-0.014022482514579715
2022-11-17,3011.521728515625,3021.413260021648,2983.4207867371497,3003.428657283424,1417986,2901.073583984375,2819.4541650390624,2947.960739573177,2895.5487318240744,75.74576444004293,52.412007749102486,40.025842961454764,12.386164787647722,3036.0755840457186,2766.0715839230315,0.08965699884083908,48.21805748703082,159783792.0,91.52090838417101,92.83562692222249,-0.0018925310363275827,-0.0018943241358775021,0.010510165154907693,0.009301111056794875
2022-11-18,3006.53076171875,3023.8859461395887,2986.3430903663884,3012.4207626399884,1164540,2911.0370361328123,2823.491201171875,2956.9715122109574,2903.769622927384,74.23338821904154,53.201889283573564,42.66105222587853,10.540837057695036,3046.30009974967,2775.7739725159545,0.08997949752526843,48.74796095902833,158619252.0,87.88097658202223,91.34279746280988,-0.0016572906479858096,-0.0016586654733318556,0.01028858109242412,0.013817901297224822
2022-11-21,2952.621826171875,2997.763130116702,2943.179910784391,2987.691797611102,1304194,2916.7111694335936,2826.045556640625,2956.302329743406,2907.388304649198,61.2417388319635,48.91402509420823,43.91164679954447,5.002378294663757,3048.757837594343,2784.664501272844,0.08944367137727914,50.97678587378583,157315058.0,58.165989176326754,79.18929138084,-0.01793061166487342,-0.018093312904917013,0.01115679985608337,0.034033742025654234
2022-11-22,2980.90234375,2984.499263628318,2927.2183584738145,2949.474300220908,1149739,2924.6940673828126,2828.8058544921873,2960.086947282882,2912.833789027035,57.53230966699155,47.25315825584721,44.57994909080502,2.673209165042188,3051.645860065673,2797.7422746999523,0.08517675391079996,50.6074295943647,158464797.0,73.75441093119198,73.26712556318033,0.009578103544263028,0.009532524321067312,0.011098247901485433,0.024857294679279995
2022-11-23,2974.9228515625,2994.4360999578107,2959.3661276159623,2994.4360999578107,1150011,2931.285437011719,2830.5855322265625,2962.369394095131,2917.432978844477,59.36965490955167,44.936415250654136,44.65124232277485,0.2851729278792874,3054.017729083376,2808.553144940062,0.08251124361574287,50.03256739570137,157314786.0,70.45847245194823,67.45962418648901,-0.0020059336059892185,-0.0020079481853307996,0.011084399912620299,0.024937293213683098
2022-11-24,3039.5322265625,3051.042414583357,2974.9226821505467,2982.0715168131032,1296591,2941.089306640625,2833.2035595703123,2974.240599090111,2926.4773675643305,72.10044451478886,47.76323152578061,45.273640163376,2.48959136240461,3065.593467748355,2816.5851455328952,0.08192323806912585,52.4700723473908,158611377.0,94.35623867784024,79.5230406869935,0.021718000171354168,0.02148552432375981,0.011881633804461113,0.028253345160982546
2022-11-25,3048.07470703125,3060.3943329562003,3010.621867492711,3042.094915689319,1588981,2951.531604003906,2836.2364013671877,2985.599692619517,2935.4845778952135,72.01839383346302,50.11511472430357,46.241935075561514,3.8731796487420524,3075.093293293117,2827.9699147146953,0.0810752367743354,52.5632034198742,160200358.0,94.12888090314017,86.31453067764289,0.0028104589232833543,0.002806516967679288,0.011827237489832061,0.01460330443605784
2022-11-28,3053.110595703125,3072.6688478072538,3026.403509151408,3026.8081187355037,2195437,2961.9626586914064,2841.3243359375,2995.985985401611,2944.197616251355,71.23141621458194,51.788369150255676,47.35122189050035,4.437147259755328,3082.666493227211,2841.258824155602,0.07906941511105449,52.80406818919005,162395795.0,91.19429558947475,93.22647172348506,0.0016521539515610417,0.0016507906466077663,0.011828901859107361,0.0090274383171427
2022-11-29,3054.99951171875,3083.460056975127,3042.0954717838595,3042.0954717838595,1576028,2971.1438232421874,2846.737939453125,3005.0649894504013,2952.405164063755,74.84243130533932,52.65982538664639,48.41294258972956,4.246882796916829,3090.764981434011,2851.5226650503637,0.07831173637374794,52.66596278532055,163971823.0,87.77993411712906,91.034370203248,0.0006186857489811626,0.0006184944418550946,0.011764056083742926,-0.0035322479049854083
2022-11-30,3049.109375,3070.7806880330454,3034.9014959409137,3042.095336523885,3410702,2977.03828125,2853.7495361328124,3011.8410487657243,2959.568438947921,75.64035946882478,52.272609817803186,49.18487603534429,3.0877337824588977,3099.94915363381,2854.1274088661903,0.08062083531117009,51.69607186861448,160561121.0,78.03957461647063,85.6712681076915,-0.0019280319673230517,-0.001929893013445573,0.011043495783388556,-0.0030080505065516183
2022-12-01,3125.4091796875,3129.3209186512586,3075.3671097089955,3079.863260454184,2180856,2987.557019042969,2861.9265673828127,3029.313068907536,2971.852938261964,73.79310121314293,57.46013064557201,50.839926957389835,6.620203688182173,3123.448005062159,2851.6660330237787,0.08695884487853046,48.69331069391488,162741977.0,98.06447827216799,87.96132900192258,0.025023636512711223,0.024715672336894694,0.012013575080437822,-0.03599317776828592
2022-12-02,3092.586669921875,3119.3387615848396,3069.071893973049,3109.6272535195585,2411749,2998.006066894531,2869.2408642578125,3039.0474690635883,2980.79617764418,64.69986199557798,58.25129141940852,52.32219984979358,5.92909156961494,3132.3715636239663,2863.640570165096,0.08689521819146265,50.14817360368264,160330228.0,81.82395675841539,85.97600321568467,-0.010501828041890815,-0.010557361381234084,0.011996149948416622,-0.04256856369997086
2022-12-05,3080.67236328125,3092.5871623054572,3063.6770019225387,3087.056984913436,1475065,3007.3805541992188,2877.0182568359373,3045.4512989432287,2988.194413617296,62.854785154868544,57.25688532593267,53.3091369450214,3.9477483809112712,3137.0319512397773,2877.72915715866,0.08417084438181914,49.13332550756935,158855163.0,75.9287782757156,85.272404435433,-0.0038525376690334845,-0.0038599778073687414,0.012110746175615203,-0.04070457554400175
2022-12-06,3044.20849609375,3064.5309632236253,3028.6067671234496,3057.4271337408773,1166999,3014.1989624023436,2883.95515625,3045.2600985048475,2992.343604911848,53.94005479684759,52.91649359299936,53.230608274617,-0.3141146816176388,3135.908954424492,2892.488970380195,0.07996166634336883,49.868782659313084,157688164.0,57.88651935761745,71.87975146391616,-0.011836334049058705,-0.011906941156845041,0.012556208031543715,-0.01572955113441432
2022-12-07,3039.9375,3051.717283114325,3016.0178904534705,3028.8769253670016,1167505,3021.5973876953126,2891.2613623046873,3044.4412371964095,2995.869078622082,54.167779710004524,48.57215857432766,52.29891833455913,-3.7267597602314737,3129.1939572852602,2914.000818105365,0.0707886721947064,49.70499118619565,156520659.0,55.773237818789354,63.196178484040814,-0.0014029906621805255,-0.0014039757750902247,0.012455514279448144,-0.004511152958531217
2022-12-08,3012.915771484375,3039.9376827313954,3002.9342285119815,3021.4134529129683,1285619,3028.1123046875,2897.805595703125,3039.591165548404,2997.1317966118813,50.87965008881755,42.45936893652288,50.331008454951885,-7.871639518429006,3113.8314457023157,2942.3931636726843,0.05690112005526421,49.66646250378234,155235040.0,42.402932914305964,52.020896696904266,-0.008888909234359255,-0.008928651272242537,0.012656792576785111,-0.013565214798301195
2022-12-09,2960.939697265625,3034.092148416434,2946.192412509452,3034.092148416434,1797896,3027.0691772460937,2902.896845703125,3027.490939658746,2994.4509003640105,51.1520721724468,33.04003929473538,46.872814622908585,-13.832775328173206,3115.6220912654007,2938.5162632267866,0.059814061124638315,51.41995428754113,153437144.0,16.68526057365954,38.28714376891829,-0.01725108770403594,-0.01740162147705147,0.010907200754098638,-0.015943919566682396
2022-12-12,2955.27490234375,2963.8625942414624,2909.9987957113176,2927.443772922658,1527610,3024.863818359375,2907.548310546875,3016.3807800718237,2991.548974584732,46.213219854279096,24.831805487091515,42.464612795745175,-17.63280730865366,3118.3779700201985,2931.349666698551,0.06328626253121841,51.175875242944066,151909534.0,20.6436569304157,26.57728347279374,-0.0019131747016348788,-0.0019150071579333923,0.010813302585344268,-0.02568153508614679
2022-12-13,2996.324462890625,3000.235981787679,2938.503928206121,2946.9566026504367,1378016,3024.841345214844,2913.7086962890626,3013.295192813178,2991.902714459243,52.865388422713174,21.392478353935076,38.250185907383155,-16.85770755344808,3118.3841317196902,2931.2985587099975,0.062438355834536996,53.08030961720903,153287550.0,39.36021866911856,25.56304539106461,0.01389026804725324,0.013794682397194676,0.011293079098336099,-0.026454856597173726
2022-12-14,3026.223876953125,3036.699819013769,3004.237527032983,3011.3415760111543,1213311,3025.2909423828123,2920.337021484375,3015.2842211424004,2994.445022792123,48.03561273793691,20.839198350277456,34.76798839596202,-13.928790045684565,3118.7661479950666,2931.815736770558,0.06177679472040077,50.52713988080427,154500861.0,52.99286715052657,37.665580916686956,0.009978697044596974,0.009929238595675483,0.011413934482950916,-0.02876386611724835
2022-12-15,2972.044921875,3025.6838992472126,2966.514526096477,3020.333525085076,1415694,3023.317102050781,2926.233359375,3008.632021255108,2992.785756057521,40.10999689896135,15.846265197586945,30.98364375628701,-15.137378558700064,3119.640344413451,2926.993859688111,0.06481950636324955,51.23691740888704,153085167.0,28.289953303247103,40.21434637429742,-0.017903154981604885,-0.01806535530865649,0.012109463128473351,-0.013736234849873852
2022-12-16,2913.730712890625,2960.265876656412,2900.1972542065696,2944.9789629555735,2703680,3018.677099609375,2929.05837890625,2994.0318199682647,2986.9298269340475,34.07652194759332,7.10199303421723,26.207313611873055,-19.105320577655824,3126.6421001329536,2910.7120990857966,0.07410774101115862,53.064226624071644,150381487.0,5.906617597443039,29.063146017072253,-0.01962090429897867,-0.019815949769881713,0.012837119506678644,-0.003672753960508701
2022-12-19,2879.37890625,2918.4503982548413,2872.5896771607117,2901.814646485402,2120965,3015.0149536132812,2931.00263671875,2976.392910165455,2978.9630920685627,31.321652841500068,-2.570181903107823,20.45181450887688,-23.021996411984702,3136.5321671343268,2893.4977400922357,0.08440515644348119,53.38537918856179,148260522.0,2.6444888630789403,12.280353254589706,-0.01178962986821308,-0.011859678665027563,0.012491940556133056,0.01588070343946235
2022-12-20,2917.05712890625,2921.598284336248,2844.84891564421,2876.5467732997513,1529971,3011.8226928710938,2934.3650634765627,2967.2643284332694,2974.377465167651,36.84492909740947,-7.113136734381442,14.938824260225216,-22.05196099460666,3140.2699479161074,2883.37543782608,0.08806632806205954,56.30467751712653,149790493.0,25.383240705060494,11.311449055194169,0.013085538195221735,0.01300066217077373,0.012674228470774712,0.0047935826001865856
2022-12-21,2939.177978515625,2952.2168122650905,2913.5049205701744,2921.59798979398,1432566,3010.03544921875,2937.20751953125,2962.9433515228625,2971.7700957860193,29.202608005778643,-8.826744263156797,10.185710555548814,-19.012454818705613,3141.6013892588967,2878.469509178603,0.08952567078404126,53.34041666310207,151223059.0,34.36522853798899,20.79765270204282,0.007583276100481928,0.007554667602005636,0.012815000722934051,-0.003502902638810146
2022-12-22,2931.22021484375,2962.06385014797,2918.0915875468195,2962.06385014797,1384101,3004.6198486328126,2940.76978515625,2958.0628689568453,2968.7664009014065,30.919750929235065,-10.703531944561291,6.007862055526794,-16.711394000088085,3139.9368569000408,2869.3028403655844,0.0923281079885984,52.45720072643774,149838958.0,34.86393415760862,31.53746780021938,-0.0027074793462810165,-0.002711151197624916,0.011698795515895994,0.0027762975336735884
2022-12-23,2903.029296875,2937.6496523348455,2892.822948424004,2892.822948424004,1360281,2997.367578125,2943.20857421875,2949.5961655596384,2963.8969857883394,29.773716109560866,-14.300820228701014,1.9461255986812327,-16.246945827382245,3138.308922690765,2856.426233559235,0.09709949859443932,53.59409669271794,148478677.0,26.483903382907418,31.904355359501682,-0.009617468461083467,-0.009664014991160957,0.011773764541600772,0.008781657226321293
2022-12-26,2925.10546875,2942.2808512656748,2900.0620424940166,2903.0295456954937,870157,2990.967321777344,2946.043134765625,2945.8283660504635,2961.0235400817955,35.979680211622366,-15.195174031332044,-1.482134327321423,-13.71303970401062,3132.8727463272867,2849.061897227401,0.09702585159131646,52.89075473656492,149348834.0,38.79595226998454,33.38126327016687,0.007604529481932687,0.0075757608037337046,0.011954606973220174,0.002628444220093451
2022-12-27,2931.040283203125,2943.8993165416755,2905.861842359533,2939.762770587653,835883,2984.7693603515627,2949.07083984375,2943.5532763816423,2958.802558090783,37.23108421568629,-15.249281709140632,-4.235563803685265,-11.013717905455367,3125.72422008459,2843.8145006185355,0.0961807727725855,53.05776055951407,150184717.0,44.180589608193124,36.48681508702837,0.0020289232359409493,0.0020268677510034724,0.011975450123424266,0.01590740475585406
2022-12-28,2928.88232421875,2936.975394780793,2900.916181461144,2922.317900855153,910795,2978.7580078125,2951.68490234375,2941.2962068181205,2956.586244470632,39.53640511670907,-15.290037652511728,-6.446458573450558,-8.84357907906117,3118.4081650114017,2839.1078506135987,0.0953607156177924,52.99031478095945,149273922.0,43.80141406591657,42.25931864803142,-0.0007362433729558582,-0.000736514533209431,0.011978796651376368,0.01766893934683056
2022-12-29,2939.358154296875,2941.8310368741036,2902.714530652486,2905.502231554976,1037927,2969.455456542969,2953.9158837890627,2940.998044891775,2955.3100896429464,47.002990294964405,-14.31204475117147,-8.019575808994741,-6.292468942176729,3091.67210927105,2847.238803814888,0.0831587348751085,49.50579837486199,150311849.0,49.26181581231388,45.747939828807866,0.003576733005454358,0.0035703517075640206,0.010276903959146386,0.01295614949685664
2022-12-30,2928.522705078125,2966.5601832850143,2919.0807887627284,2954.915197070413,1163131,2961.2522583007812,2956.341103515625,2939.078761843521,2953.325838934441,46.337542254009215,-14.247077090919902,-9.265076065379773,-4.982001025540129,3069.9465845707364,2852.557932030826,0.07423150661012577,49.04976951715779,149148718.0,43.61396686900115,45.55906558241054,-0.003686331726166281,-0.0036931429911710822,0.01012744581322464,-0.013863678634230325
2023-01-02,2932.7939453125,2937.649919541841,2909.1891553518903,2932.3893356780377,709547,2953.8583374023438,2958.21419921875,2938.111866992595,2951.8049579254084,40.328550029686504,-13.693090932813448,-10.150679038866508,-3.542411893946939,3047.412691381446,2860.3039834232413,0.06379879099834533,46.6732488463287,149858265.0,45.84030000548117,46.238694228932076,0.001458496540582832,0.001457433967550638,0.010164449664456407,0.017936897576269928
2023-01-03,2977.66552734375,2985.4437794959777,2918.2713383650357,2924.296135819554,1245178,2950.5311889648438,2961.3426220703127,2944.1970455081573,2953.7205556601,42.93009324942946,-9.5235101519429,-10.025245261481787,0.5017351095388864,3034.831671872826,2866.2307060568614,0.056621861746294404,48.58732634688571,151103443.0,73.44630394657786,54.300190273686745,0.015299943626441381,0.015184079800997629,0.010639620594039466,-0.007534773449274668
2023-01-04,2980.632568359375,2992.052964747602,2955.049519310616,2973.4837339189708,1231668,2947.5659423828124,2964.0933642578125,2949.802510562191,2955.714038082269,51.46946151665016,-5.911527520077925,-9.202501713201015,3.2909741931230894,3022.2483789577554,2872.8835058078694,0.05011180335860745,46.96547595976699,152335111.0,92.241791948856,70.50946530030502,0.0009964319324580195,0.0009959358236917356,0.010648961039191175,0.004238872519375825
2023-01-05,2977.44091796875,3001.00070304536,2951.228228425236,2994.6160814211885,1826057,2945.792199707031,2966.7730859375,2954.0545732401233,2957.3234365923786,63.43636241560965,-3.2688633522552664,-8.015774041011865,4.746910688756598,3015.4559875087875,2876.128411905275,0.046794404806717,45.388676456316524,150509054.0,84.91225398724735,83.53344996089375,-0.0010707963217290173,-0.001071370033699343,0.010483660276755593,0.007021877893974571
2023-01-06,2887.922607421875,2968.8533202291715,2877.53645537055,2967.45946960088,2488376,2942.1413452148436,2967.746962890625,2943.8804246527006,2952.1826344316005,51.46172205189017,-8.30220977889985,-8.073061188589463,-0.2291485903103876,3015.9901581693052,2868.292532260382,0.05114320776095067,49.24894370660728,148020678.0,27.58450126909779,68.24618240173372,-0.03006552036234711,-0.03052675653140033,0.011859993241038824,0.05075429047645974
2023-01-09,2985.399169921875,2991.7387865513256,2896.5551848926393,2903.614229568449,2885060,2943.64755859375,2970.56515625,2950.2679239248814,2954.643118541991,59.706403896151336,-4.375194617109628,-7.333487874293496,2.9582932571838683,3019.8166220483813,2867.478495139119,0.05102772468220689,51.18228730927961,150905738.0,87.36352149048763,66.62009224894426,0.033753176850892075,0.0331960404837066,0.014195518710876614,0.027073987616324402
2023-01-10,2955.2294921875,2965.6606483841506,2904.6030169681453,2953.970657956924,3864655,2941.592810058594,2972.2422216796876,2951.0312421191306,2954.6865536268438,52.22878892558658,-3.6553115077131224,-6.597852600977422,2.9425410932642997,3013.897785048676,2869.287835068512,0.04893357702420659,54.18830597062343,147041083.0,62.927558608671056,59.291860456085494,-0.010105743325159566,-0.010157152997804593,0.014026429764214034,0.05136096796099343
2023-01-11,2993.26708984375,3011.9711192058594,2941.5163554119845,2958.556940867891,2720512,2939.944970703125,2973.4831591796874,2957.529064845995,2957.5443711243925,57.95116371410354,-0.01530627839747467,-5.281343336461433,5.266037058063958,3005.2967329010585,2874.5932085051913,0.043665840859757665,56.079913198675186,149761595.0,86.08689988924002,78.79265999613291,0.012871283856907612,0.012789152886093275,0.014155534792951216,0.04156471938730988
2023-01-12,2998.34814453125,3012.421008591764,2981.442573769341,2993.537175403577,2250391,2941.2601318359375,2975.14943359375,2963.808923259111,2960.5668728582336,62.98392149267126,3.2420504008773605,-3.5766645889936743,6.818714989871035,3010.287177303087,2872.233086368788,0.046043382649242626,55.09075112093102,152011986.0,89.56673412534516,79.52706420775209,0.0016974945886853998,0.0016960554731098572,0.013549290261191282,0.03461606545400886
2023-01-13,3034.4970703125,3038.498600471692,2971.9555710443747,3006.036305057248,1742837,2947.298449707031,2978.1672607421874,2974.6840228057863,2966.043183780772,64.35066681803673,8.64083902501443,-1.1331638661920538,9.774002891206482,3026.556208965775,2868.040690448287,0.05223782223034533,56.8281954534781,153754823.0,97.51399302136986,91.0558756786517,0.012056280337952918,0.011984182301096154,0.012906233408896533,0.019260215780454226
2023-01-16,3066.225830078125,3083.6535317955436,3033.1177098441135,3050.5454115615325,1843607,2956.6407958984373,2981.628125,2988.7673777707614,2973.4641205435387,66.61035089932055,15.30325722722273,2.154120352490903,13.149136874731827,3045.6394152658745,2867.642176531,0.058050922730091,57.72093457985579,155598430.0,91.54475600924994,92.87516105198831,0.010456019244848846,0.010401733158636375,0.012600096198126057,0.024249595577319427
2023-01-17,3107.012939453125,3110.1399520710393,3054.223972942188,3062.501002679159,1688475,2966.1385864257813,2985.6115771484374,3006.9590026449714,2983.3566256479526,69.98948502725537,23.602376997018837,6.44377168139649,17.158605315622346,3075.5526594654602,2856.7245133861024,0.0704303941900784,59.13927499479879,157286905.0,98.65564677089645,95.90479860050543,0.013302056546161456,0.013214361023180429,0.012609104971625349,0.017138176182047937
2023-01-18,3117.681396484375,3135.1090986179565,3101.357253479184,3108.48469619976,2421189,2975.063757324219,2990.1258251953127,3023.993217081803,2993.3066086728727,70.00245370865568,30.68660840893017,11.292339026903226,19.39426938202694,3102.804870881552,2847.322643766886,0.08194622689886083,58.75608491745272,159708094.0,93.23386912725277,94.47809063579973,0.0034336699714960783,0.003427788386528532,0.012567857896002886,0.011725429155452494
2023-01-19,3102.13916015625,3114.922484141463,3091.0110626511537,3108.484793740226,1585044,2983.6097045898437,2994.516259765625,3036.015669862487,3001.368279153123,69.27100919254545,34.64739070936412,15.963349363395405,18.684041345968712,3121.4690913312993,2845.750317848388,0.08888020789790221,57.26972343966239,158123050.0,87.19975147713578,93.02975579176167,-0.004985190707957221,-0.004997658223709846,0.01263271188265292,0.01125066325042523
2023-01-20,3092.942138671875,3121.9575463467286,3086.0446139576375,3094.689421787962,1529349,2993.1053466796875,2996.7390576171874,3044.7735881408544,3008.1515280063636,67.58378585952553,36.622060134490766,20.095091517614478,16.52696861687629,3133.729357952982,2852.481335406393,0.09093219657428125,57.80202116817242,156593701.0,83.62909996368865,88.02090685602575,-0.0029647353034645274,-0.002969138836868675,0.012370252556050204,0.0209776211291286
2023-01-23,3140.58056640625,3144.3513027053577,3086.044322440379,3115.841536579629,1067916,3003.8791015625,2999.56302734375,3059.5131232586077,3017.961086406355,67.77955167506303,41.55203685225251,24.386480584542088,17.165556267710425,3155.1789194534786,2852.579283671522,0.09635149596821836,57.16877396346077,157661617.0,98.58675919359092,89.80520354480512,0.015402301626900483,0.015284890248009293,0.012634910018581693,-0.016457166915763266
2023-01-24,3160.261474609375,3174.654217604917,3142.7877478787727,3149.869160648053,1387863,3015.3401611328127,3002.8327783203126,3075.012869620264,3028.5018559028754,68.91361370740772,46.51101371738878,28.811387211111427,17.69962650627735,3177.7289740454285,2852.951348220197,0.10276922603860675,56.95950294643798,159049480.0,95.15587930918095,92.45724615548686,0.006266646496397854,0.0062470927158107615,0.012642073664460057,-0.00813353634470293
2023-01-25,3154.237548828125,3159.0658153581485,3131.475720900872,3150.1450630560485,874110,3026.6079223632814,3005.572890625,3087.201281806089,3037.8156109343754,68.50502515572325,49.3856708717135,32.926243943231846,16.459426928481655,3194.903638941249,2858.312205785314,0.106710870042425,55.46045145275077,158175370.0,93.12842536771042,95.62368795682744,-0.001906147902522748,-0.0019079669143404858,0.012667082350276061,0.008936623188810833
2023-01-27,3137.040283203125,3169.1827036169857,3110.599771674109,3150.789304292453,1785879,3036.4920288085937,3008.08326171875,3094.8688204825557,3045.1655866579863,80.7265957905858,49.70323382456945,36.28164191949937,13.42159190507008,3206.4240598813344,2866.559997735853,0.1083390812560615,52.5089135487991,156389491.0,86.47462595039939,91.58631020909694,-0.005452114927548601,-0.005467031950394976,0.012834835723157061,0.020888036305742874
2023-01-30,3157.82470703125,3180.632567224445,3113.5887161305623,3145.271301734969,1953798,3047.95712890625,3011.109140625,3104.554341490047,3053.5107066856353,76.22953924403656,51.043634804411795,39.23404049648186,11.809594307929935,3218.158573429336,2877.7556843831644,0.10779663870772378,49.8823186891157,158343289.0,91.7371672080272,90.44673950871235,0.0066254883430769684,0.006603636262550946,0.01274461636623665,0.007659467545972243
2023-01-31,3088.8955078125,3171.9417516673952,3081.8140938931406,3171.9417516673952,2820375,3055.76220703125,3013.8346142578125,3102.1452901550397,3056.131803065403,68.18855909420633,46.01348708963678,40.589929815112846,5.423557274523937,3217.850898010222,2893.673516052278,0.1049492872575416,50.548854747724626,155522914.0,61.6349478284178,79.94891366228147,-0.02182806381407787,-0.022069820527923285,0.013978876791932602,0.033897017700438514
2023-02-01,3134.557373046875,3144.3517688563857,3085.492888129036,3092.8502482199547,2205161,3063.606799316406,3016.90771484375,3107.1317644460914,3061.9411045455117,68.83520961023034,45.1906599005797,41.51007583220622,3.6805840683734843,3224.9657434374813,2902.247855195331,0.10295485130280445,49.72057738582995,157728075.0,77.9203290148041,77.09748135041637,0.014782586564966671,0.014674389120958087,0.013954770195922159,0.03278691333622086
2023-02-02,3182.42578125,3190.3350325720744,3145.363262166592,3151.708894962381,1813847,3073.6964599609373,3021.0577734375,3118.7154593390005,3070.865895412511,72.02639490930969,47.849563926489736,42.77797345106293,5.0715904754268095,3238.410930263664,2908.9819896582108,0.10351504269050364,51.49195057888541,159541922.0,96.37820733336915,78.64449472553035,0.01527118585058651,0.01515575498593518,0.014227419358772486,0.023248790046900725
2023-02-03,3202.56689453125,3222.523688679238,3175.528461741142,3222.523688679238,1804469,3084.9527587890625,3024.318466796875,3131.6156801378083,3080.621524976862,70.91205571651412,50.99415516094632,44.42120979303961,6.572945367906712,3252.7119494415106,2917.1935681366144,0.10476545607145075,50.09567897251246,161346391.0,89.46348247736421,87.92067294184581,0.0063288556169687205,0.006308912510722709,0.014201858066319108,0.01586587419118901
2023-02-06,3182.011962890625,3194.1515611886443,3160.7677220012893,3194.1515611886443,1138714,3099.6572265625,3026.9972119140625,3139.3689544074723,3088.131927785289,64.81871708785184,51.23702662218329,45.78437315886835,5.452653463314945,3244.7199170632693,2954.5945360617307,0.09117670969972753,49.47163258526465,160207677.0,75.92882102506485,87.25683694526607,-0.006418267695118218,-0.0064389533333669416,0.012061793304706837,0.006488576647860622
2023-02-07,3193.599853515625,3212.4070586382527,3183.345399100722,3190.2429235610102,1455647,3110.0672607421875,3029.8069970703127,3147.7121696548807,3095.9443667282767,61.97685271871517,51.76780292660396,46.98105911241547,4.78674381418849,3250.411245858378,2969.723275625997,0.08789077627348658,47.648712343748684,161663324.0,79.44430498262986,81.61220282835298,0.0036416866938719927,0.0036350718075818726,0.009973015253018396,0.007933729761176345
2023-02-08,3237.329833984375,3255.5391168580595,3198.6576730187176,3198.6576730187176,1986946,3124.1722778320313,3033.453603515625,3161.499502628649,3106.4173643028025,65.16312237319406,55.0821383258467,48.60127495510172,6.480863370744977,3255.401334376224,2992.9432212878387,0.08107240427996873,49.662099358295954,163650270.0,89.51833042597625,81.63048547789033,0.01369300553436914,0.013600103445911432,0.009689523190863006,0.00015633362727274225
2023-02-09,3256.413330078125,3262.6211020458163,3223.71901947586,3232.6397728051547,1655427,3137.32958984375,3037.5996826171877,3176.1016299285684,3117.528176582456,69.377337809598,58.573453346112274,50.59571063330384,7.9777427128084355,3266.0392104357556,3008.6199692517444,0.07904992858441454,50.53579569663417,165305697.0,96.56663088887845,88.50975543249486,0.005894826005499398,0.005877519497943498,0.009500333530679915,0.004857526864992856
2023-02-10,3253.37841796875,3257.7928785550507,3226.339987208153,3237.238165731009,1187821,3150.081103515625,3040.1590673828123,3187.9903665501347,3127.5911574258853,70.46815810713389,60.39920912424941,52.556410331492955,7.842798792756454,3271.119380981025,3029.0428260502244,0.07440774598914979,50.217221336477486,164117876.0,94.88809412176626,93.65768514554033,-0.0009319800043019466,-0.0009324145676900617,0.009555765912898022,-0.01028963431793184
2023-02-13,3202.65869140625,3263.9088027055695,3194.3816614754664,3263.9088027055695,1087939,3158.4891845703123,3042.3605078125,3190.247031912614,3133.151715498505,57.85802935924958,57.09531641410922,53.46419154801621,3.6311248660930104,3268.5892102717853,3048.3891588688393,0.06875539126095848,51.01866140541493,163029937.0,66.36359633981715,85.93944045015395,-0.015589863841958707,-0.015712663730314762,0.01031850795183428,0.001406988364921924
2023-02-14,3218.93701171875,3241.6988438998887,3214.2466049729323,3223.4433048440997,1579818,3166.1247436523436,3045.12580078125,3194.660874959712,3139.5061818851896,57.49185616777268,55.154693074522584,53.802291853317485,1.352401221205099,3270.3057120702797,3061.9437752344074,0.06473004475617791,51.37341149791291,164609755.0,75.30307647000504,78.85158897719616,0.005082752138459101,0.00506987855752914,0.010176308199003607,-0.014028311158499118
2023-02-15,3237.8359375,3242.756261571135,3182.1959052183624,3206.889133323468,1429449,3172.6658935546875,3048.998349609375,3201.3031922736027,3146.7898674862868,60.334300910985796,54.51332478731592,53.94449844011717,0.5688263471987511,3277.644597604444,3067.687189504931,0.0648449804598886,53.6430259725036,166039204.0,85.68170081576432,75.78279120852885,0.005871169803089327,0.005854001650976755,0.009892171625366467,-0.03382913935088783
2023-02-16,3272.2314453125,3287.8198047959163,3243.6756507734817,3243.8595398428197,1618931,3180.3933959960937,3053.644228515625,3212.2152312026637,3156.0818362141545,66.03049523419355,56.13339498850928,54.3822777497956,1.7511172387136824,3290.935817234528,3069.8509747576595,0.06756393799514832,53.02880706914929,167658135.0,92.43304497917654,84.47260742164865,0.010622992787910457,0.010566965237587668,0.01007176342482577,-0.0405417867263147
2023-02-17,3219.90234375,3254.6198842343974,3209.648113656855,3242.894092415164,1061369,3186.2815551757812,3057.7839599609374,3213.397863902254,3160.8092812168097,56.84861034471729,52.58858268544418,54.02353873692532,-1.4349560514811373,3291.70007037586,3080.8630399757026,0.0654793244923726,52.71019853784657,166596766.0,67.03127270163874,81.71533949885988,-0.01599187051315143,-0.01612112029038447,0.010776629799611708,-0.02876200268107898
2023-02-20,3207.164794921875,3239.0772946281572,3195.89883897094,3220.6838971572424,1296082,3191.9926879882814,3062.7084619140624,3212.438930212965,3164.2430229727406,64.89456100216313,48.19590724022419,52.858012437585096,-4.6621051973609084,3288.0831860859885,3095.9021898905744,0.059922395163387765,49.356684100915345,165300684.0,60.13629268742499,73.2002034560801,-0.00395588047968265,-0.003963725671463044,0.01080252286773972,-0.044576021385223985
2023-02-21,3173.78076171875,3227.029558057199,3168.0328249581758,3213.326566631502,1139541,3193.652697753906,3067.0785791015624,3206.491519675393,3164.9495221391117,55.09733734762972,41.54199753628154,50.59480945732439,-9.052811921042846,3287.114683869965,3100.190711637847,0.058896308934360694,49.366530698892056,164161143.0,19.948188428173225,49.03858460574566,-0.010409204184326337,-0.010463758860942847,0.010641437151659189,-0.040031674318832144
2023-02-22,3128.302734375,3170.1016802929557,3122.2788525078577,3140.626219415813,1218430,3192.0547607421877,3069.71814453125,3194.462475783025,3162.234945267696,42.92238142513898,32.22753051532936,46.921353668925384,-14.693823153596021,3288.9502599677053,3095.15926151667,0.06194764858323486,49.061119962155836,162942713.0,3.6389073421685776,27.90779615258894,-0.014329290760185187,-0.014432946446881992,0.011050835532618276,-0.004659528585725936
2023-02-23,3139.5693359375,3175.068461467988,3134.2352052950296,3146.190914704899,1441570,3191.3213500976562,3071.9850537109373,3186.017377345252,3160.5560112432368,41.56611778085361,25.46136610201529,42.62935615554337,-17.16799005352808,3289.633768207932,3093.0089319873805,0.06262796427836743,49.04472711607669,164384283.0,10.444837480124333,11.34397775015539,0.003601506158179113,0.0035950362644634973,0.011081219173109525,-0.027052081249947513
2023-02-24,3127.29150390625,3158.1004459242777,3110.5995848333705,3147.5702703492466,977592,3190.8339111328123,3075.0899853515625,3176.9826275854057,3158.0919736627193,42.508190900369094,18.890653922686397,37.88161570897198,-18.99096178628558,3290.3685757423937,3091.299246523231,0.063655507959686,49.45199058471572,163406691.0,9.418744134452055,7.834162985581664,-0.003910673954771515,-0.003918340634612704,0.011047890957270828,-0.017144849878050317
2023-02-27,3064.2021484375,3117.6808616060457,3049.6252911757074,3117.6808616060457,1128022,3186.152783203125,3078.0994140625,3159.631784639574,3151.1371717941847,34.47364304317519,8.494612845389383,32.00421513625546,-23.509602290866077,3300.000970692103,3072.3045957141476,0.07430853577792258,52.82849894063822,162278669.0,6.11972838508514,8.661103333220519,-0.02017380068022001,-0.020380070678348024,0.011789856820265947,0.012005444677910315
2023-02-28,3046.72900390625,3119.5207982882703,3034.81909717888,3061.121750325032,4116217,3184.0444580078124,3081.446416015625,3142.2621260652163,3143.4032334321155,25.591942317729192,-1.1411073668991776,25.375150635624536,-26.516258002523713,3306.697420242453,3061.3914957731718,0.08051452037735271,54.454387352563636,158162452.0,4.707459848432857,6.748644122656693,-0.005702347196695157,-0.005718667651309414,0.010834698038604753,0.023408573583894476
2023-03-01,3113.726318359375,3116.761273918401,3048.7057016935673,3056.063060853009,1669307,3183.0029052734376,3085.3797998046875,3137.8720018027793,3141.2049434267274,33.724918184366274,-3.332941623948045,19.63353218371002,-22.966473807658065,3307.761013105855,3058.24479744102,0.08013427968720935,56.67797216986326,159831759.0,31.188537741018475,14.005241991512166,0.02198991586295551,0.021751624671145553,0.011475270290904727,-0.014428301223876172
2023-03-02,3054.637451171875,3099.195411560482,3051.464635019518,3091.0104395119347,1556538,3176.613488769531,3087.6889892578124,3125.0666863211018,3134.7925365930346,29.90137379360806,-9.725850271932813,13.761655692581455,-23.48750596451427,3313.9510635348547,3039.2759140042076,0.08992070382207593,58.87860016936036,158275221.0,7.833319590123638,14.576439059858332,-0.018976898142619714,-0.019159270400088607,0.01158873185353694,0.002875366803883894
2023-03-03,3073.674560546875,3088.251417771033,3063.5123881251166,3084.57273829781,1043190,3170.1688720703123,3090.538076171875,3117.160205432759,3130.2652791081337,36.06275150272167,-13.10507367537457,8.38830981899025,-21.49338349436482,3314.306837291868,3026.030906848757,0.09378869648184887,56.31337341000715,159318411.0,15.35784770478052,18.126568345307557,0.006232199296743568,0.006212859454281536,0.011585102660684478,-0.018012241843000987
2023-03-06,3100.9892578125,3131.430198902516,3089.171408964008,3091.8383620479917,1334132,3166.1177368164062,3094.497275390625,3114.6723673373344,3128.0966849380866,37.552162937927314,-13.424317600752147,4.02578433504177,-17.450101935793917,3313.3748718438083,3018.8606017890042,0.09497429548097186,57.65019382872161,160652543.0,26.154140538420698,16.448435944441627,0.008886658859799779,0.00884740489328392,0.01178088639235498,-0.04653237232448193
2023-03-08,3118.048583984375,3123.1988249795963,3063.2824237877426,3093.769389644099,1844590,3162.3401733398437,3098.3561376953126,3115.191785283033,3127.3523811637374,37.308738298930614,-12.160595880704477,0.7885082918925205,-12.949104172596998,3310.5023392098287,3014.1780074698586,0.09503518747655763,57.60419703151313,162497133.0,32.89693834815253,24.80297553045126,0.005501252907889498,0.005486176284382617,0.011828540393560821,-0.05648290920889887
2023-03-09,3068.800537109375,3113.082552138474,3063.282517814595,3113.082552138474,1648500,3153.913708496094,3101.1113427734376,3108.0546701793933,3123.0152075300807,29.10447349397576,-14.960537350687446,-2.3613008366234727,-12.599236514063973,3303.283076366056,3004.544340626132,0.09734706838304902,57.94578266536054,160848633.0,15.460108394314988,24.837062426962746,-0.015794509145225955,-0.015920571562800006,0.011720959247680766,-0.045506983520112954
2023-03-10,3063.420654296875,3069.16859157978,3025.7141857210204,3046.774538114063,1024404,3144.2640747070313,3103.802109375,3101.18789850516,3118.600796179473,32.21118913544656,-17.41289767431317,-5.371620204161413,-12.041277470151758,3290.6584591718633,2997.8696902421993,0.09557576381780507,56.579430822725854,159824229.0,17.67244054926528,22.00982909724428,-0.0017530897650218646,-0.0017546282251860782,0.011552634634920036,-0.04554187353275729
2023-03-13,3018.310791015625,3099.103887099542,3009.1601197869472,3065.2599875458113,1901233,3132.510693359375,3105.381162109375,3088.4375742760008,3111.171906908077,30.00292635221271,-22.734332632076075,-8.844162689744346,-13.89016994233173,3279.7621434415005,2985.25924327725,0.09757209265555915,59.919810226681385,157922996.0,4.200071061497386,12.444206668359229,-0.014725324521781546,-0.014834818330290881,0.011831867715055448,-0.04224621513821769
2023-03-14,2956.69287109375,3038.9573035005947,2951.588657947801,3016.5174464543434,2670334,3120.21240234375,3105.9445654296874,3068.1691584018085,3099.729015366275,28.31021068379387,-31.559856964466235,-13.387301544688725,-18.17255541977751,3283.0558247998433,2957.3689798876567,0.11015240984150898,61.94637540195068,155252662.0,2.283970661118402,8.0521607572937,-0.020414703517374178,-0.020625963732343128,0.012132919099305849,-0.033857242911053076
2023-03-15,2941.93212890625,2998.4460272576657,2935.5864960289846,2988.9273534129698,1780522,3106.362158203125,3106.1273291015623,3048.7480769409535,3088.040357109977,30.161550870837488,-39.29228016902334,-18.56829726955565,-20.723982899467693,3280.5738432740072,2932.150473132243,0.11843351745551688,62.75763411750703,153472140.0,2.64973308766967,3.0445916034284957,-0.004992315005663661,-0.005004818240972892,0.011947303137110532,-0.02128852461138675
2023-03-16,2929.148681640625,2961.1532396142297,2917.1929727359693,2950.301089702708,1901060,3090.9277954101562,3105.1569921875,3030.348169971672,3076.2706033715062,27.673611236212153,-45.92243339983406,-24.039124495611333,-21.88330890422273,3270.7030930567576,2911.152497763555,0.12274917881321655,62.55724410216934,151571080.0,4.962780417882984,3.2988280555570277,-0.004345255670591408,-0.00435472373139743,0.011699925550533228,-0.018948234896201344
2023-03-17,2923.90673828125,2962.62470874156,2891.4423439035454,2897.420198622175,6739966,3073.5115600585937,3104.0224755859376,3013.9725650962228,3064.9843911425983,28.093059214350205,-51.01182604637552,-29.43366480576417,-21.578161240611347,3246.7011512061154,2900.321968911072,0.11846451111455568,64.24878008410558,144831114.0,13.527515539362836,7.046676348305173,-0.0017895791334289202,-0.0017911823431656351,0.011147549930373325,-0.018494743210812126
2023-03-20,2890.798583984375,2915.0317523258964,2846.424509123387,2915.0317523258964,2289468,3057.0563720703126,3102.28962890625,2995.022721848246,3052.0817387605075,30.032773574612477,-57.05901691226154,-34.95873522706365,-22.100281685197892,3234.1753149368687,2879.9374292037564,0.12253980187193388,64.23563840034275,142541646.0,15.56953999592811,11.353278651057986,-0.011323259344563352,-0.011387855534858183,0.010964829967658352,-0.006680848810514894
2023-03-21,2856.58740234375,2903.168603340547,2848.632121219893,2890.7990853366978,1815297,3039.5275024414063,3101.6629248046875,2973.724980386016,3037.6006768037105,28.918059730815173,-63.8756964176946,-40.74212746518984,-23.13356895250476,3223.359727686512,2855.6952771963006,0.1287075796065449,62.0809799011473,140726349.0,3.565856256485013,10.88763726392533,-0.01183450892433735,-0.011905094172282913,0.011054432137239766,0.0031548003338637276
2023-03-22,2879.302734375,2890.9824978748425,2856.586931436793,2878.612981910102,1123939,3024.803601074219,3099.54099609375,2959.1984809997057,3025.8749032904725,21.178126089247385,-66.67642229076682,-45.92898643030524,-20.747435860461586,3210.522707978409,2839.084494170029,0.12900283439247556,59.535501074425774,141850288.0,11.535989080420563,10.223795110944572,0.007951912135652828,0.007920462296569092,0.011400909042347735,0.002587245447200903
2023-03-23,2873.646484375,2893.603500974921,2851.896380891422,2864.679702784,1372218,3012.0707885742186,3097.9093359375,2946.0366353651357,3014.5987241115486,24.381586121515966,-68.56208874641288,-50.45560689352677,-18.106481852886112,3202.7642321348108,2821.3773450136264,0.1327187909838303,58.06731798468594,140478070.0,9.55137957863708,8.217741638514228,-0.0019644513001262354,-0.001966383365294796,0.011189989100684167,0.026002900822194253
2023-03-24,2869.829833984375,2915.3534926231273,2856.494620847771,2895.9483685231785,1329577,2998.5838134765627,3095.4405908203125,2934.3125120757877,3003.875102620647,19.8475454726335,-69.56259054485918,-54.277003623793256,-15.28558692106592,3189.4640952559926,2807.703531697133,0.13302550521918446,59.87052549727154,139148493.0,8.212230737935199,9.766533132330958,-0.0013281558505464641,-0.0013290386312616227,0.011063211409700796,0.025476776638831522
2023-03-27,2871.485595703125,2899.48950141767,2856.4949302682685,2883.165359430464,1524217,2985.7935180664062,3092.90333984375,2924.6468326338395,2994.0684724786083,13.263485338751892,-69.42163984476883,-57.30593086798837,-12.11570897678046,3174.631540341574,2796.9554957912387,0.13152635873064708,58.8161635539687,140672710.0,9.05470094004939,8.939437085540566,0.0005769546678839887,0.0005767882935301564,0.01111952177763754,0.03763236395032821
2023-03-28,2865.599365234375,2896.5463922339063,2860.3112632842117,2875.807790984465,1303530,2975.86337890625,3089.5253857421876,2915.5626068800757,2984.552242312369,8.091563452058892,-68.9896354322932,-59.64267178084934,-9.346963651443858,3168.1956634137077,2783.5310943987924,0.13423529251216662,57.12464410810019,139369180.0,7.190803582786068,8.152578420256894,-0.0020498902998358215,-0.002051994200625403,0.010468576727981904,0.033634093134863985
2023-03-29,2886.752197265625,2896.960624515923,2854.747859513075,2877.6475536858165,1740616,2967.864538574219,3085.9359130859375,2911.13023617016,2977.307794531129,16.66955717855332,-66.17755836096876,-60.94964909687323,-5.22790926409553,3161.0918921771845,2774.637184971253,0.13387179806149865,56.22797973903361,141109796.0,15.960023514813326,10.735176012549603,0.007381643187068354,0.007354532193039918,0.010715970280871335,0.039663444359617994
2023-03-31,2948.36962890625,2954.8993749774395,2898.7995113379675,2933.7009389751283,2382581,2959.5967041015624,3082.763046875,2916.859373514174,2975.164226707064,32.532760640033956,-58.30485319288982,-60.420689916076554,2.1158367231867317,3140.2895806806096,2778.9038275225153,0.12257138644185422,57.99174915710897,143492377.0,40.34564300379112,21.165490033796846,0.021344898151975045,0.02112028640197784,0.010638638585768896,0.0024641200504582628
2023-04-03,2942.94384765625,2965.889568062685,2918.8025114059446,2965.889568062685,1521830,2954.0120239257812,3079.2682958984374,2920.872369536032,2972.777531962559,36.98998233982396,-51.90516242652711,-58.71758441816667,6.81242199163956,3129.1558146513876,2778.868233200175,0.11902625384109194,54.93055553883365,141970547.0,50.13137571943318,35.47901407934588,-0.0018402649372062374,-0.0018419603049956768,0.009922198537008443,0.013015606549630743
2023-04-05,2979.54638671875,3002.1243261524096,2929.608269598524,2929.608269598524,2655065,2949.305615234375,3076.8164404296876,2929.899141410296,2973.2789286111656,54.317943208110016,-43.37978720086949,-55.650024974707236,12.27023777383775,3115.7531891829435,2782.858041285807,0.11172678813829114,53.86965632462592,144625612.0,85.49905846690493,58.658692396709746,0.012437389551842815,0.012360680606879967,0.010277686312073455,-0.01572619704885736
2023-04-06,2961.981201171875,2995.68724226627,2956.739126941226,2965.9358271805454,1703464,2942.3552124023436,3074.1972216796876,2934.8348429120774,2972.442059911959,53.748348817602846,-37.60721699988153,-52.0414633797421,14.434246379860568,3092.9920057767035,2791.7184190279836,0.10171353775963345,52.1616980457947,142922148.0,74.21761582815859,69.94935000483224,-0.005895254937184902,-0.005912700550587744,0.010019417851363564,-0.025211841966984783
2023-04-10,3001.250732421875,3009.159983559372,2956.738798026706,2961.3371476348343,2203187,2936.5153198242188,3071.410625,2945.052672067431,2974.5760356534342,62.26539060568134,-29.523363586003143,-47.53784342099431,18.014479834991164,3066.0511642965826,2806.979475351855,0.08632124138980829,52.766049378252255,145125335.0,95.13981130060266,84.95216186522207,0.013257859717159315,0.013170743433930326,0.01047472696098448,-0.04064776704829198
2023-04-11,2955.634765625,3010.033142964704,2935.7237802936547,3001.8021433902636,2348779,2930.85703125,3067.3180908203126,2946.6806864609034,2973.172978614291,54.7454589515578,-26.492292153387552,-43.32873316747296,16.83644101408541,3045.039379566713,2816.6746829332874,0.07726418002974576,52.98940636632616,142776556.0,66.75091279526718,78.70277997467615,-0.01519898564425004,-0.015315674100492444,0.01043378241156924,-0.03864556246840478
2023-04-12,2981.248046875,2998.997722073373,2942.0242127497345,2968.6486132828945,2417727,2926.748400878906,3063.85830078125,2951.998741909226,2973.771131818788,63.83848963075241,-21.772389909562207,-39.017464515890815,17.245074606328608,3025.750968202019,2827.745833555793,0.06641686016491606,51.5244978067387,145194283.0,82.16548087530859,81.35206832372616,0.008665915541355318,0.008628582026285463,0.01069442405645825,-0.0422160260849227
2023-04-13,2932.689453125,2970.5337797333086,2924.550284690997,2952.140381716384,4174070,2922.467333984375,3059.7712841796874,2949.028082096268,2970.728044508137,61.153707427808804,-21.69996241186891,-35.553964095086435,13.854001683217525,3011.7241942400487,2833.210473728701,0.06087031148870131,51.678874954120765,141020213.0,51.09063267377826,66.66900878145135,-0.016288008574429136,-0.016422116413121884,0.01080279942747541,-0.008780586159382042
2023-04-17,2887.30419921875,2909.2842241902513,2823.617046552434,2882.33807062742,5505048,2918.997900390625,3054.3608740234376,2939.5321001151115,2964.5485004126267,51.09964219659334,-25.016400297515247,-33.4464513355722,8.430051038056952,3008.04733433158,2829.9484664496704,0.06168344434580174,57.01293496372906,135515165.0,34.16397719493407,55.806696914673644,-0.015475642624857011,-0.015596640350557864,0.010393520901939873,0.011243744714155568
2023-04-18,2879.256591796875,2903.260066434997,2860.725332786317,2901.51255887594,2617302,2915.864123535156,3050.168095703125,2930.258944989229,2958.2305812559043,50.765963090231494,-27.971636266675432,-32.35148832179285,4.379852055117418,3005.9208771359135,2825.8073699343986,0.06255555955473577,57.07205021838484,132897863.0,29.846964030988136,38.36719129990016,-0.00278723919151036,-0.0027911307755314604,0.010362102356742267,0.01445338020686937
2023-04-19,2841.41259765625,2887.7638770819635,2824.766480400398,2879.256929354891,3298034,2911.4773193359374,3044.3052001953124,2916.5902761687707,2949.5773972855595,46.44997538545683,-32.987121116788785,-32.47861488079204,-0.508506235996748,3007.1799385909208,2815.774700080954,0.06736270496859485,57.36765914025692,129599829.0,9.546145127062667,24.5190287843283,-0.013143668490138816,-0.013230810923936492,0.010691989408183581,0.03513370278764505
2023-04-20,2855.3916015625,2862.9328510282207,2830.7443994426158,2841.7804399862516,2419999,2908.0515625,3037.7645166015627,2907.175095460114,2942.600671676444,48.04951182154526,-35.42557621633023,-33.06800714789968,-2.35756906843055,3006.73938493772,2809.3637400622797,0.0691238444378117,56.59579345712859,132019828.0,17.044963187955677,18.812690782002168,0.004919737428411786,0.00490767506648784,0.010786113035961713,0.026780904819247775
2023-04-21,2906.938720703125,2910.2493976571473,2851.7124977803655,2860.173416034582,1929184,2908.8585693359373,3031.851953125,2907.138730112885,2939.9590456784204,54.51082271212749,-32.820315565535566,-33.01846883142686,0.19815326589129256,3007.2157678380877,2810.501370833787,0.06767063770670742,58.18877709477767,133949012.0,44.69660922733476,23.76257251411771,0.01805255682352569,0.01789154432369735,0.011312231317940114,0.018476132294253933
2023-04-24,2919.768310546875,2925.4241911378012,2875.0262311012816,2897.9721768285667,1640676,2912.017614746094,3026.607080078125,2909.081742487345,2938.463435668676,53.66926525532555,-29.38169318133123,-32.29111370140773,2.9094205200765018,3007.3169371694376,2816.71829232275,0.0652786880925453,58.77343388289709,135589688.0,51.57884208737052,37.77347150088699,0.004413436634346013,0.004403725983959858,0.010970216507983464,0.014047979613643458
2023-04-25,2920.87158203125,2934.8505195080106,2894.66099006403,2927.3092712863568,2024090,2914.096057128906,3021.1525146484373,2910.895563955638,2937.1603353992373,46.46905690873524,-26.26477144359933,-31.085845249846052,4.821073806246723,3008.1968373061886,2819.9952769516235,0.06443335664339096,56.77645900662323,137613778.0,52.17067482370737,49.48204204613756,0.00037786268190864725,0.00037779130978413323,0.010853213239026174,0.0012280286762917925
2023-04-26,2941.241943359375,2950.668559009048,2925.469695766794,2925.469695766794,2000029,2917.475830078125,3015.2307568359374,2915.564237710059,2937.4626767296177,49.789540864663614,-21.898439019558737,-29.24836400378859,7.349924984229855,3010.306540561321,2824.645119594929,0.06312347795310463,55.54145331527018,139613807.0,63.09803663422695,55.615851181768285,0.00697406947071566,0.00694986312753822,0.010918406082558448,0.007051190691511833
2023-04-27,2931.861572265625,2942.207858497585,2915.9512383098318,2929.1485910038896,2434446,2920.5774169921874,3008.7397216796876,2918.0715199493766,2937.0477801026555,43.67758421061189,-18.976260153278872,-27.19394323368665,8.217683080407777,3010.8142173375254,2830.3406166468494,0.06155597603853215,52.23720786054647,137179361.0,58.066083238445906,57.778264898793424,-0.0031892551766877775,-0.0031943516899177473,0.010949151839003374,0.013409882083337266
2023-04-28,2960.647705078125,2968.0050652212094,2939.4952946667568,2943.3118354294566,2931312,2925.0355224609375,3002.885107421875,2924.6217022768765,2938.795922693431,49.82830378293892,-14.174220416554363,-24.589998670260194,10.415778253705831,3013.859248109678,2836.211796812197,0.06000290105194845,52.03687769129936,140110673.0,73.50795406739161,64.89069131335484,0.009818380610055577,0.009770493505238757,0.011118423266595834,0.009738337681961529
2023-05-02,2960.78515625,2975.1320963561516,2952.1403490891025,2975.1320963561516,2321159,2929.794812011719,2998.04763671875,2930.185310580434,2940.4247548087324,44.20592666473123,-10.239444228298453,-21.719887781867847,11.480443553569394,3015.3496210625754,2844.2400029608625,0.05779197377442703,49.93477495804099,142431832.0,73.58168759926983,68.3852416350358,4.642604779991899e-05,4.6424970144315896e-05,0.011092165567154281,0.019832979533247697
2023-05-03,2924.45849609375,2957.6586723706264,2918.2507236937186,2957.6586723706264,2468285,2931.680126953125,2992.15806640625,2929.304262197867,2939.242068977993,45.41402289317974,-9.937806780125811,-19.36347158151944,9.42566480139363,3014.870386701222,2848.4898672050285,0.056892761418372205,47.665137092700434,139963547.0,57.49860937712105,68.19608368126084,-0.012269265832938636,-0.012345154647183498,0.011427082778429328,0.03361733467283523
2023-05-04,2961.981201171875,2965.42996376162,2922.7113360557437,2924.6885367956716,1953253,2932.360705566406,2986.6409716796875,2934.3314835784836,2940.9264491405024,47.26181727403049,-6.594965562018842,-16.809770377619323,10.21480481560048,3016.3447812924874,2848.3766298403248,0.05670804101852769,46.64693126286027,141916800.0,91.32040335120088,74.13356677586393,0.012830650572830837,0.012749035153675092,0.010756859644108493,0.01907968620889333
2023-05-05,2971.177490234375,2983.4091447657124,2952.186396679855,2961.3370672458673,1710027,2933.7723876953123,2980.619892578125,2940.000099987082,2943.1672669993077,56.15895684997615,-3.167167012225491,-14.081249704540557,10.914082692315066,3019.4378036499484,2848.1069717406763,0.057664287129395635,44.82728739870702,143626827.0,92.34526946636936,80.3880940648971,0.003104776309472035,0.0030999664446374367,0.010762260967157175,0.013495708237910353
2023-05-08,2989.4794921875,2993.3880898187367,2971.729815685768,2984.32925020305,928235,2934.26904296875,2976.011435546875,2947.6123141717617,2946.597802198433,67.90208796760867,1.0145119733288084,-11.062097368966684,12.076609342295493,3021.158283724562,2847.379802212938,0.05813001292223764,38.6228726138353,144555062.0,97.68203040778921,93.78256774178648,0.0061598480781710485,0.006140953765031697,0.010484751657452168,0.0013689772107721154
2023-05-09,3019.50634765625,3033.071479348302,2985.248642196661,2991.3185536466567,1107375,2937.145300292969,2972.2582666015624,2958.6729347078367,2951.998435195308,72.81583397409071,6.674499512528655,-7.514777992667617,14.189277505196273,3031.393844081846,2842.8967565040916,0.0624264584587035,39.000594292618224,145662437.0,93.48785110222941,94.50505032546266,0.010044175097109864,0.009994067616612657,0.01060071064044786,-0.007644953087420303
2023-05-10,3022.77099609375,3040.888447761684,3003.687846149381,3025.713894793873,1559987,2938.2213134765625,2969.2380712890626,2968.5341749210543,2957.240847113711,83.2435315850573,11.293327807343303,-3.753156832665433,15.046484640008735,3035.9775519858445,2840.4650749672805,0.06467988387847433,37.15796607338517,147222424.0,91.37855589355574,94.18281246785813,0.0010811861482040719,0.0010806020874082572,0.010202801600102493,-0.02376177888051867
2023-05-11,3018.494873046875,3043.831827060006,3009.1603121346334,3043.1881029503365,1719623,2941.3643188476562,2967.0419140625,2976.2204361711806,2961.7781823680193,81.00002505292657,14.442253803161293,-0.11407470550008804,14.55632850866138,3045.323204132232,2837.4054335630804,0.06888127338751421,37.33532774051144,145502801.0,86.81186629736779,90.559424431051,-0.0014146367860485842,-0.0014156383293248795,0.009536967973408701,-0.025075149095076688
2023-05-12,3011.275634765625,3025.7144093818356,2998.124308384433,3015.7358997095816,1027479,2942.8656982421876,2964.4760400390624,2981.613543647249,2965.4446603233973,73.84934249264502,16.168883323851787,3.1425169003702873,13.0263664234815,3050.0666253993636,2835.6647710850116,0.0711996775848251,35.12484210627008,144475322.0,80.71379558818136,86.3014059263683,-0.0023916682270070933,-0.002394532833832032,0.009394481996214345,-0.01571340141241595
2023-05-15,2993.572021484375,3027.5537847027813,2987.4102770956342,3020.1964243511343,1150390,2945.9098266601563,2961.801650390625,2983.453309468345,2967.5281685575437,66.50235279572291,15.925140910801474,5.699041702456525,10.226099208344948,3055.3287946266073,2836.4908586937054,0.07310261265215534,34.39238121845775,143324932.0,66.30721755777907,77.94429314777608,-0.005879107537303807,-0.005896457525071237,0.008673641343518583,0.013409836228683636
2023-05-16,2996.42236328125,3021.115589647415,2989.3409500316684,2994.6290519009144,986306,2951.3657348632814,2960.4460546875,2985.4485485164846,2969.6684792778183,66.7620351691734,15.780069238666329,7.715247209698487,8.064822028967843,3059.3530471961685,2843.3784225303943,0.07207749725551704,33.7913176592982,144311238.0,62.92677079239614,69.98259464611887,0.0009521540742694068,0.0009517010631136396,0.007754049045725433,0.01193953140406867
2023-05-17,2950.944580078125,3016.5170847842187,2941.334075125344,2994.39898015619,1588815,2954.9501342773438,2958.5303662109377,2980.1402456798137,2968.281523781545,51.93688433378404,11.858721898268868,8.543942147412563,3.314779750856305,3057.4807188723016,2852.419549682386,0.06949001027477339,37.03317713651797,142722423.0,27.36407621361681,52.19935485459735,-0.01517736076209375,-0.01529371571050489,0.008596202816455888,0.029498052836465227
2023-05-18,2942.8056640625,2969.567922023238,2938.345175471324,2966.8089124688054,1369364,2960.0197875976564,2955.111953125,2974.3964638925345,2966.3944230616157,52.19559167099176,8.002040830918759,8.435561884113802,-0.43352105319504375,3047.891897934659,2872.147677260654,0.05971995460665006,37.38790044824373,141353059.0,19.553053533034745,36.61463351301591,-0.002758071456363864,-0.002761881943452904,0.007970904343950985,0.029267035304916256
2023-05-19,2963.958251953125,2974.6723165667154,2945.748742874228,2952.1404038272244,1152449,2965.4481201171875,2953.298369140625,2972.7905851326254,2966.2139659424683,50.685143301151314,6.576619190157089,8.06377334532246,-1.4871541551653706,3038.2221470646923,2892.6740931696827,0.049105973000496725,37.08241184457451,142505508.0,36.396820089823095,27.771316612158227,0.007187898320619723,0.007162188505662464,0.008033742787164408,0.032905661135782305
2023-05-22,3033.71533203125,3042.6821143773673,2958.6243676314443,2970.5340490212952,1333243,2971.7869506835937,2952.4991845703125,2982.163623117029,2971.21406713423,61.71701434372364,10.949555982799211,8.64092987281781,2.3086261099814003,3045.185254385453,2898.3886469817344,0.048388392231063296,41.44426895020836,143838751.0,91.94425374638698,49.29804245641495,0.02353510884714982,0.02326242826380794,0.008681405025976042,0.006563202704501503
2023-05-23,3032.1982421875,3060.6159574732555,3025.8065801215457,3040.4292443892014,1687418,2977.408447265625,2951.1233642578127,2989.8612568201784,2975.731413434472,69.48945198012925,14.129843385706408,9.73871257539553,4.391130810310878,3051.2522196617547,2903.5646748694953,0.048706427811169115,40.89247929273896,142151333.0,79.39321032577024,69.24476138732679,-0.0005000765324721934,-0.0005002016124428017,0.008684169329477272,0.0058079447440892995
2023-05-24,3037.99169921875,3050.7289928061655,3012.838637267653,3012.838637267653,1016555,2983.264453125,2949.5222265625,2997.2659402661125,2980.34328645553,65.5328863764186,16.922653810582688,11.175500822432962,5.747152988149725,3056.805483738019,2909.7234225119805,0.04841424065242253,40.547602709355814,143167888.0,81.49659478340202,84.27801961851975,0.001910645864325211,0.0019088229021698442,0.00867654178708923,-0.004192753005678229
2023-05-25,3028.932861328125,3040.42873525149,3004.653665413494,3029.3926962850596,1374917,2987.6489990234377,2948.724873046875,3002.137774275653,2983.94251422387,61.80905124292965,18.195260051782952,12.579452668302961,5.615807383479991,3061.097258575478,2914.2007394713974,0.0484977798549386,40.872768548794284,141792971.0,74.0877619107965,78.32585567332292,-0.0029818507710058784,-0.0029863053454709473,0.00866193186679844,0.009260622790826956
2023-05-26,3061.4892578125,3070.4560399745756,3026.6338559375918,3028.9330308509448,1791115,2994.1303833007814,2948.6862451171874,3011.2687717428603,2989.6867174526574,63.912620183407604,21.582054290202905,14.379972992682951,7.202081297519953,3069.697784291139,2918.5629823104236,0.04936643223393331,42.416453152553004,143584086.0,93.2126837586571,82.93234681761855,0.010748470822856016,0.010691116624273012,0.008823506412703946,-0.006999360439430724
2023-05-29,3053.626220703125,3101.127084002137,3045.9468867778996,3090.826825426039,1210372,2998.7793090820314,2949.3925537109376,3017.7853023521316,2994.422976952692,57.20956673650131,23.36232539943967,16.176443474034297,7.185881925405372,3077.06484199024,2920.493776173823,0.051273814966248624,42.941978872024166,142373714.0,70.8193227807445,79.37325615006604,-0.002568369981801988,-0.0025716739023230184,0.00869457228190946,-0.009472200739819026
2023-05-30,3049.80908203125,3059.69553282269,3036.152119608709,3048.705523127727,1344224,3003.230505371094,2951.2548779296876,3022.7120376873804,2998.5256514029556,55.699869064624,24.18638628442477,17.77843203611239,6.407954248312379,3082.536954644489,2923.9240560976987,0.05200748449511146,41.96646541500117,141029490.0,68.47438242078489,77.50212965339551,-0.0012500346787682748,-0.0012508166238242207,0.008711448192101949,-0.02529991551405064
2023-05-31,3025.254150390625,3060.3854958314014,3002.8600984079567,3043.1877135256354,5815424,3008.2702880859374,2952.921318359375,3023.103131949418,3000.505540216857,51.31268265667467,22.59759173256134,18.74226397540218,3.8553277571591593,3078.827781709788,2937.712794462087,0.04664566354845918,43.59888559343488,135214066.0,53.38982427664312,64.22784315939084,-0.008051301238919173,-0.00808388799311671,0.008405789490348568,-0.004438386140885431
2023-06-01,3056.982666015625,3071.6973840229207,3032.611414316042,3047.7859672610653,1177314,3013.020361328125,2955.477998046875,3028.315367959604,3004.6890310167655,58.10495364004962,23.626336942838407,19.71907856888943,3.9072583739489772,3083.2473044795697,2942.7934181766805,0.04594526749016619,44.94553792449866,136391380.0,72.88125051139525,64.91515240294109,0.010487884338875597,0.01043326802110622,0.008257966471488527,-0.026338666096549446
2023-06-02,3040.060791015625,3067.926608260491,3032.565346909803,3059.0518838880043,2030661,3016.4645263671873,2957.8010791015627,3030.1223561220686,3007.3091613870515,58.266492782834725,22.813194735017078,20.33790180211496,2.475292932902118,3084.7815510710934,2948.147501663281,0.04494451223199567,44.60394890618016,134360719.0,62.48582318619412,62.918965991410836,-0.005535482810589687,-0.005550860369961492,0.008400536746589294,-0.029132380920181333
2023-06-05,3024.70166015625,3059.741166390797,3021.1610664422938,3048.7051297221196,1861468,3018.225634765625,2960.479140625,3029.288402896558,3008.5974946292145,54.81436962220276,20.69090826734373,20.408503095160714,0.2824051721830152,3085.420408377285,2951.0308611539645,0.044430678566949454,45.090053215662756,132499251.0,53.050419093746505,62.8058309304453,-0.005052244647464343,-0.005065050385475941,0.008424797700768889,-0.012769935180526049
2023-06-06,2972.649169921875,3024.6565495489344,2961.8890766094332,3016.5173808287786,2022849,3015.882775878906,2962.8003759765625,3020.574674746607,3005.9346557620042,53.61416101064592,14.640018984602648,19.254806273049102,-4.614787288446454,3086.0895348432455,2945.676016914567,0.04723514612804742,44.20645135051576,130476402.0,21.073591506544293,45.53661126216165,-0.017209132034425534,-0.017358930232602383,0.009004262974666619,0.0035268645104362673
2023-06-07,3011.826904296875,3015.45978007146,2980.6501840988403,2991.6862230402735,1567196,3015.3355712890625,2965.450859375,3019.2288639081867,3006.371118616439,60.41640414557158,12.857745291747506,17.975394076788785,-5.117648785041279,3085.4868538742,2945.184288703925,0.04658387405003573,45.03415589320655,132043598.0,42.52726663353007,38.8837590779403,0.01317940064081946,0.013093307948594651,0.009524629494397818,-0.007282569213832524
2023-06-08,2976.4658203125,3007.3207926165123,2973.293003831555,2999.043762912063,1759366,3013.2341186523436,2967.50724609375,3012.6499341242347,3004.1559113346657,51.80996929650273,8.494022789569044,16.079119819344836,-7.585097029775792,3085.473874319165,2940.994362985522,0.04854062504184046,45.51038789042832,130284232.0,12.520079009946343,25.37364571667358,-0.011740742449018682,-0.011810209228695587,0.009871029256215351,0.0011649000410447474
2023-06-09,2951.49658203125,2988.92710113042,2947.8639309217856,2984.3287517440654,1775689,3010.245166015625,2969.1405810546876,3003.2417261099295,3000.2552202751535,36.33018183066055,2.986505834775926,13.460597022431054,-10.474091187655128,3087.592335434014,2932.8979965972358,0.052412169398588934,42.43934670919342,128508543.0,2.3702051252568244,19.13918358957776,-0.008388887959287383,-0.008424272711328158,0.010016590178672069,-0.003361311172744852
2023-06-12,2986.076416015625,2992.9739409759577,2953.060353017023,2956.739032995867,2324605,3009.8703857421874,2971.4323974609374,3000.600909172344,2999.2049384781512,43.091267746812306,1.3959706941927834,11.047671756783402,-9.651701062590618,3087.629260617442,2932.111510866933,0.05208096782667716,42.91563110869327,130833148.0,24.932597513217267,13.274293882806822,0.011716033891042699,0.01164793256813581,0.010329117382974307,-0.0038879993890917897
2023-06-13,2983.13330078125,3002.7223151549406,2978.81089702507,2998.123965514581,1371928,3009.2059326171875,2973.783076171875,2997.9135848044834,2998.0144467968994,41.711814590753285,-0.1008619924159575,8.81796500694353,-8.918826999359487,3087.672546233363,2930.739319001012,0.05260684368051933,41.917135579504574,129461220.0,23.012295617292676,16.771699418588934,-0.0009856128324746694,-0.000986098868190709,0.010328065643181094,0.002467895264669284
2023-06-14,2989.89306640625,2994.3075271171197,2966.7174283351833,2983.1334023931563,1658544,3011.153356933594,2975.8458935546873,2996.679658897063,2997.4128630642585,44.06047868995525,-0.7332041671957086,6.907731172115682,-7.64093533931139,3085.3487565229866,2936.957957344201,0.04963080480906504,41.33249478978603,131119764.0,27.422857118276507,25.12258341626216,0.0022659951612720164,0.0022634316660846347,0.0097123587823429,0.009652800017506902
2023-06-15,2979.93310546875,3008.793791293159,2974.0960492911586,3006.8018859763647,2273810,3013.009729003906,2976.4771630859377,2994.1032660619376,2996.118066205332,36.675914903888135,-2.0148001433944955,5.123224909013647,-7.138025052408143,3081.655151907325,2944.3643061004873,0.046071787838083564,40.680748930144354,128845954.0,20.924256027763057,23.78646958777742,-0.003331209751080366,-0.003336770583249788,0.009723939180857418,0.006902370888083986
2023-06-16,2941.57568359375,2964.2751722279727,2924.0647399839595,2962.051639331026,4156189,3011.8906005859376,2976.4497998046877,2986.0220995283703,2992.077889715585,33.35267835305733,-6.055790187214825,2.887421889767953,-8.943212076982778,3084.5174745174136,2939.2637266544616,0.049379571864523346,40.72990380589814,124689765.0,11.86115965317985,20.069424266406482,-0.012871907025230445,-0.012955467853084997,0.010045681269359934,0.013055356871043422
2023-06-19,2974.466552734375,2978.635846247477,2941.6682009107667,2955.5658459544397,1468186,3008.9281616210938,2976.348203125,2984.244323098525,2990.7733462354954,39.696493568366506,-6.529023136970409,1.0041328844202806,-7.533156021390689,3082.6322184166124,2935.224104825575,0.04955783195999554,41.695385908737144,126157951.0,34.14001901691387,22.30847823261894,0.011181377832319317,0.011119328331386635,0.008804028373794077,-0.0064633766476804855
2023-06-20,2990.495361328125,2994.9426531990575,2965.8039679072785,2977.802223474639,1528452,3006.843017578125,2976.918486328125,2985.206021287694,2990.752754760875,45.133047091158375,-5.546733473181121,-0.30604038709999976,-5.240693086081121,3080.133618550923,2933.552416605327,0.04901569279829853,39.66776361361816,127686403.0,44.9972441909149,30.332807620336215,0.005388801087379935,0.005374333451003078,0.008917569595230686,-0.00940316362002691
2023-06-21,3018.75390625,3021.718692096379,2987.020948531467,3011.1565718315724,1645987,3005.8811279296874,2977.2685498046876,2990.367234358818,2992.82691413044,44.59465337047898,-2.4596797716217225,-0.7367682640043444,-1.7229115076173782,3077.945145046226,2933.8171108131487,0.04774421456968588,38.82880003737647,129332390.0,65.819502693633,48.318921967153926,0.009449452852294371,0.009405086048384815,0.009186960809575035,-0.013120939284498867
2023-06-22,3000.501708984375,3027.5093766697696,2992.7191178657326,3020.421667836672,1529603,3004.4595703125,2978.165888671875,2991.926384301212,2993.3954174529536,44.42751651272347,-1.469033151741769,-0.8832212415518294,-0.5858119101899396,3075.726225080214,2933.192915544786,0.04750315892460314,38.788014141187105,127802787.0,56.337693307641594,55.71814673072984,-0.006046268703068458,-0.006064621399968915,0.009259704928998014,0.01968494038472568
2023-06-23,2979.97900390625,3010.599962776281,2973.3079543613294,2999.3893332328184,1119505,3000.3840576171874,2978.1405078125,2990.08832577891,2992.4016090420864,43.79048233555807,-2.313283263176345,-1.1692336458767325,-1.1440496172996124,3067.095791279484,2933.672323954891,0.044773291070070345,38.69600760307627,126683282.0,54.052356616203326,58.736517539159316,-0.0068397578367224154,-0.006863256190350205,0.008972870913372458,0.017395551726471448
2023-06-26,2955.241455078125,2977.7093143980414,2939.8151596740126,2969.4634688796755,1978803,2995.4648193359376,2978.5915478515626,2984.72726874802,2989.649005044756,47.38464901527849,-4.921736296736071,-1.9197341760486004,-3.0020021206874707,3060.123944499188,2930.8056941726873,0.04375894568759763,37.07824050917774,124704479.0,30.13855149257897,46.842867138807975,-0.00830124936977683,-0.00833589661718665,0.009105768742568668,0.03737095165510107
2023-06-27,2962.375244140625,2973.7711300464957,2948.4312309078464,2966.6834228417606,863542,2991.093127441406,2980.09296875,2981.2884957314977,2987.6287264592647,41.77874358921419,-6.340230727766993,-2.803833486392279,-3.5363972413747145,3051.995463436637,2930.1907914461754,0.041117232609671144,35.83033257982519,125568021.0,37.034790187000915,40.40856609859441,0.002413944569653159,0.002411035685776292,0.009149862362351515,0.03834434285660593
2023-06-28,2979.14501953125,2993.5059172295346,2958.7154391788054,2972.242568780507,1575872,2988.7876708984377,2982.0907373046875,2980.9587301622287,2987.000303723856,50.474759935267194,-6.0415735616275015,-3.451381501439324,-2.5901920601881776,3047.7036292623857,2929.8717125344897,0.03955225944201807,35.562945264497266,127143893.0,53.24614335884038,40.1398283461401,0.0056609220671131055,0.005644959262250682,0.009140041101380305,0.033416791107584
2023-06-30,3059.56640625,3066.746855836929,2977.8946733632847,2983.3609896661364,2672406,2988.916857910156,2986.4538134765626,2993.0522187911165,2992.375570577645,66.00485654963143,0.676648213471708,-2.625775558457118,3.302423771928826,3048.470312793329,2929.363403026983,0.03892934290396096,38.976446140569415,129816299.0,94.9675195486461,61.74948436482914,0.026994787494904804,0.026636855466067536,0.010800578673003793,0.008176358986733412
2023-07-03,3031.8173828125,3074.900078835827,3028.5282285215303,3070.7307856722796,1687264,2988.5046875,2989.9823291015623,2999.016090179022,2995.297186298745,56.9140044038367,3.7189038802766845,-1.3568396707103574,5.075743550987042,3046.665574881813,2930.3438001181867,0.03836701228215767,39.326052666968636,128129035.0,71.43726639129831,73.21697643292828,-0.009069593449848035,-0.00911097259723395,0.010925772223286306,-0.00010685822015921165
2023-07-04,3065.681640625,3071.3795846691332,3036.450215024391,3048.216842703303,1656681,2990.5536865234376,2993.1571875,3009.272328709172,3000.5108495821714,61.41097014506344,8.761479127000712,0.6668240888318564,8.094655038168856,3056.4561107647028,2924.6512622821724,0.04299365163554926,40.44396579030883,129785716.0,93.88840951866112,86.76439848620186,0.011169623211634727,0.011107703622640571,0.011137248886054251,-0.011016138208455595
2023-07-05,3075.965576171875,3084.350533495753,3062.1143025543597,3076.0119468927305,1453008,2995.7195068359374,2996.2811328125,3019.5328283188187,3006.100088588816,61.78332240169647,13.432739730002595,3.2200072170660046,10.21273251293659,3071.211953879151,2920.2270597927236,0.049085365342200135,40.06154665884147,131238724.0,94.76874578768653,86.698140565882,0.0033545347340040443,0.003348920833542624,0.010312451503937945,-0.018087641591836956
2023-07-06,3078.698486328125,3083.8406595588453,3059.334527255893,3063.5501909386862,1848238,2999.0630859375,2999.4376708984373,3028.6352372433275,3011.4777476806166,63.79392531432268,17.157489562710907,6.007503686194985,11.149985876515922,3083.0094883533156,2915.1166835216845,0.05453369518879779,39.3335745374809,133086962.0,96.47376910656966,95.04364147097245,0.0008884722824664681,0.0008880778245940795,0.009956192282665187,0.005311748310851572
2023-07-07,3084.58251953125,3110.200423093998,3059.3351293811484,3059.3351293811484,1789326,3004.4689208984373,3002.304482421875,3037.2425114414696,3016.8929159658487,71.96524595264123,20.349595475620845,8.875922044080157,11.473673431540687,3095.8809077308924,2913.056934065982,0.059270248893420155,38.97621226805654,134876288.0,84.96471875008841,92.06907788144821,0.0019112080085967875,0.0019093839742736242,0.00948295856711409,0.055688059234869636
2023-07-10,3031.493408203125,3080.4131662568616,3025.2394676445165,3080.4131662568616,1407431,3008.4687622070314,3004.297119140625,3036.3580340201856,3017.974433909351,58.24735788570305,18.383600110834777,10.777457657431082,7.606142453403695,3097.0790841295543,2919.8584402845086,0.05845984799620289,40.56784721327131,133468857.0,53.806442346246335,78.41497673430148,-0.01721111722314783,-0.01736095018495644,0.01016396044578408,0.06716156893651504
2023-07-11,3031.90966796875,3052.848873636109,3021.1622932374844,3052.848873636109,1110172,3010.7604248046873,3005.7223583984373,3035.6736700122724,3019.0066734693064,56.27269990657351,16.66699654296599,11.955365434538065,4.711631108427925,3099.303037815249,2922.2178117941257,0.058407157670948257,40.74983972090315,134579029.0,54.0507473743147,64.27396949021649,0.00013731178319531523,0.0001373023567953071,0.009870166042456198,0.06858913274511291
2023-07-12,3020.32861328125,3047.429019608131,3011.2489999836316,3039.8316859801516,1515240,3012.6201904296877,3006.9132275390625,3033.3128920536537,3019.1045949368577,50.251199132851546,14.208297116796075,12.405951770989667,1.8023453458064083,3100.277586550006,2924.962794309369,0.05804493970282823,40.85571658230226,133063789.0,47.25376595997389,51.703651893511655,-0.0038197228663672256,-0.0038270366380829647,0.00991750302444065,0.06446518893054276
2023-07-13,3095.0517578125,3119.974776122977,3032.2343603066984,3042.6575935366886,4585146,3017.878125,3010.3250927734375,3042.8111790934763,3024.7303107054236,62.78017908255762,18.08086838805275,13.540935094402284,4.539933293650465,3112.160639218781,2923.5956107812194,0.06092467693362073,45.488281156422964,137648935.0,86.16614599731969,62.490219777202775,0.02474007106467524,0.02443899122599719,0.011286961669571974,0.039441421901706075
2023-07-14,3256.35693359375,3265.8075126422405,3105.660234929049,3117.704859945182,6306101,3031.69931640625,3016.212607421875,3075.6643720935185,3041.887838326781,77.05919135152115,33.77653376673743,17.588054828869314,16.188478937868116,3172.251217528797,2891.147415283703,0.0863246284045603,55.02140590033647,143955036.0,97.1009813686082,76.8402977753006,0.05211711738715996,0.05080443643377201,0.015850257256849826,-0.039147886668189136
2023-07-17,3235.09326171875,3289.0160708092913,3221.5199876631723,3252.0484312581953,2743228,3046.3751953125,3021.4909228515626,3100.1918935743233,3056.1993511706305,77.58696125968302,43.99254240369282,22.868952343834017,21.123590059858806,3207.1461501936024,2885.604240431398,0.09939185171786194,56.973708679899445,141211808.0,84.16758388101285,89.14490374898025,-0.00652989592622244,-0.00655130896413407,0.015543581099051473,-0.025237451043103154
2023-07-18,3239.86572265625,3265.020371989356,3210.356296521884,3220.5479038124295,2600090,3059.645153808594,3026.4986474609377,3121.680174971543,3069.8042675769725,77.48213034224572,51.87590739457028,28.67034335398127,23.205564040589007,3238.2482539220387,2881.042053695149,0.1102533965308997,59.068292703386795,143811898.0,85.119511303606,88.79602551774236,0.001475215875218483,0.0014741288132486252,0.015487890651641443,-0.02541179715293107
2023-07-19,3215.03466796875,3258.3953622895324,3192.427698113294,3242.7835851217083,2405370,3070.872119140625,3030.4092138671876,3136.0424046634207,3080.5620750134003,72.99489268736603,55.480329650020394,34.0323406131891,21.447989036831295,3259.1406185085198,2882.60361977273,0.11711755474589794,61.295234569494596,141406528.0,76.22104958109077,81.83604825523655,-0.007664223400944525,-0.007693744495356171,0.01571710008152987,-0.021019635680809334
2023-07-20,3217.125,3231.615999345678,3191.8119589657226,3207.6500721995853,1715404,3080.790673828125,3034.2962939453123,3148.5166500998175,3090.67784723463,68.12741774523715,57.83880286518752,38.793633063588786,19.045169801598732,3278.1788432654353,2883.4025043908146,0.12271091078979546,57.79179584851681,143121932.0,74.11821689434353,78.48625925968012,0.0006501740252060628,0.0006499627536450973,0.01567200387247151,-0.019172528242413667
2023-07-21,3128.87744140625,3190.743301408389,3120.2849419514946,3162.086290650304,3770223,3087.2094604492186,3036.5039453125,3145.49523337773,3093.5074468028984,59.80236386025653,51.987786574831716,41.432463765837376,10.55532280899434,3281.9356799782345,2892.4832409202027,0.12447034003447428,61.396667829531715,139351709.0,42.3478712118559,64.2290458957634,-0.027430565673932428,-0.02781380827364087,0.017015225995294425,-0.0038297013034296334
2023-07-24,3153.44775390625,3170.818493731305,3132.4078294134024,3140.6751177427,1680132,3095.8828979492187,3039.3473876953126,3146.7186980744254,3097.947469551295,59.03331992995014,48.7712285231305,42.900216717296004,5.871011805834499,3285.8948078616204,2905.870988036817,0.12051058063481757,61.56658572013326,141031841.0,51.19352466778088,55.88653759132678,0.007852756447039644,0.0078220840258581,0.0169198300814807,0.00786488808674668
2023-07-25,3157.534912109375,3164.6412784954264,3139.9319425060908,3156.0022864819,1272980,3105.9975708007814,3042.6266455078126,3148.382731002879,3102.361354185227,58.50399456563987,46.02137681765225,43.52444873736726,2.496928080284995,3285.7467067037833,2926.2484348977796,0.11385409245272374,61.74323608070056,142304821.0,52.664958337352026,48.73545140566295,0.0012960919355844425,0.0012952527334754915,0.016718325292878002,0.015562584631581444
2023-07-26,3147.455810546875,3177.692164718962,3144.390332959445,3158.649328138262,1066803,3115.251599121094,3045.647314453125,3148.240127855802,3105.70168428609,57.060137134936504,42.538443569711944,43.3272477038362,-0.7888041341242555,3282.4892135311325,2948.0139847110554,0.1062684431340631,62.37150032759804,141238018.0,49.03634190974464,50.96494163829252,-0.003192079214657584,-0.0031971847672946046,0.01678342350545905,0.015450304410207227
2023-07-27,3155.444580078125,3169.1461341109766,3144.437026978076,3153.633233546405,1701769,3124.0665771484373,3049.737314453125,3149.3485051207745,3109.386343233648,57.24494028927611,39.96216188712651,42.65423054049426,-2.6920686533677483,3279.2482305726717,2968.884923724203,0.09835802815487397,60.503201286173116,142939787.0,51.91240979910054,51.20457001539908,0.002538167336449959,0.0025349516299208695,0.01677351955546099,0.000897893111801995
2023-07-28,3116.894775390625,3152.4724190587326,3094.2292421162892,3144.3908689773757,2599831,3126.932995605469,3053.2190966796875,3144.3556236238283,3109.942523393424,58.998979199484225,34.413100230404325,41.00600447847628,-6.592904248071953,3279.1884782699594,2974.6775129409784,0.09769690261385809,60.63693600582327,140339956.0,38.03394516584781,46.327565624897666,-0.012216917048990195,-0.012292157008283596,0.01610068970183766,0.026271029054185213
2023-07-31,3178.249267578125,3183.0796001094527,3122.0031873822436,3125.2544032688634,2743678,3134.25458984375,3057.5049169921876,3149.5700303860276,3115.0022822219203,63.66525486353334,34.56774816410734,39.71835321560249,-5.150605051495148,3281.2436636482325,2987.265516039268,0.0924968820437991,63.1010963144092,143083634.0,60.122413753900226,50.02292290628287,0.01968449261486893,0.019493258480767484,0.016429946873335204,0.01829651295745016
2023-08-01,3206.67431640625,3214.0591758025353,3172.2578281403635,3172.2578281403635,1956167,3141.3042236328124,3060.9640966796874,3158.3553051583694,3121.7928032726113,66.8703352336451,36.56250188575814,39.08718294963362,-2.5246810638754837,3287.9695518174453,2994.6388954481795,0.09147503844356862,63.50261974567151,145039801.0,67.93317006785453,55.36317632920086,0.008943618462558645,0.008903861180429715,0.01637548639289328,0.00537377104546799
2023-08-02,3196.0849609375,3201.4262450108586,3170.95788424797,3190.7901681699773,1914899,3147.310192871094,3064.2418310546873,3164.159867585928,3127.295926062603,60.34849060582721,36.86394152332514,38.64253466437193,-1.778593141046791,3292.540514362564,3002.079871379624,0.09088013821063753,58.93621041113959,143124902.0,52.290865611462756,60.11548314440585,-0.0033022859273771354,-0.003307750507270228,0.016422140720474248,0.0063504666200804305
2023-08-03,3158.27783203125,3189.210877378925,3128.5989179384605,3176.9027017071066,2026351,3151.28916015625,3066.6475537109377,3163.2549390390545,3129.590882060281,36.55184141602749,33.664056978773715,37.64683912725229,-3.9827821484785773,3292.9205193461003,3009.6578009664,0.08968898033822427,51.55980242323238,141098551.0,32.881376191804584,51.03513729037397,-0.01182920021474021,-0.011899721898726331,0.01671286219155952,0.012397279408820516
2023-08-04,3198.77880859375,3224.277587720079,3159.485492720518,3159.485492720518,2248493,3156.998974609375,3070.04447265625,3168.720149739777,3134.715913655353,45.270244486490974,34.004236084424065,36.91831851868665,-2.914082434262582,3296.498682390086,3017.4992668286645,0.08722060269121118,51.452921890568796,143347044.0,61.214869035968405,48.795703613078594,0.012823753550665895,0.012742225480563104,0.016907174113570175,0.0015244770381275252
2023-08-07,3236.400146484375,3240.069331017348,3196.642369656952,3208.439595086255,1853889,3167.2443115234373,3073.5426904296874,3179.1324569312533,3142.2480790500954,49.58420646391641,36.88437788115789,36.9115303911809,-0.027152510023007892,3297.7408213080266,3036.747801738848,0.08064300078984027,50.650270882920495,145200933.0,86.60185440040124,60.232699876058085,0.011761156410550422,0.01169253155816295,0.01641269903055109,-0.009816317455216605
2023-08-08,3223.90625,3241.8806958970467,3210.9013844925967,3236.4001647193836,1634225,3176.844140625,3076.948291015625,3186.0207327879834,3148.296832453792,51.096867746250346,37.72390033419151,37.07400437978302,0.6498959544084926,3292.8671290127995,3060.8211522372003,0.0719766515467375,48.15110282779275,143566708.0,87.82643486557564,78.54771943398178,-0.003860430082462729,-0.003867900775597249,0.0164787594068672,-0.003515454611544566
2023-08-09,3216.381591796875,3220.561726717622,3181.5936254249154,3218.6109063732065,1794589,3186.6467895507812,3080.2797412109376,3190.6916341739666,3153.340147960687,49.909304979581265,37.35148621327971,37.12950074648236,0.22198546679735642,3277.358126902672,3095.9354521988903,0.05640583044203648,48.33028741315911,141772119.0,82.73020451335226,85.71949792644305,-0.002334018925992387,-0.0023367469939005892,0.016448762023238053,-0.007725648248912531
2023-08-10,3197.431884765625,3218.6110545764855,3186.2383664939557,3204.770253471881,1096701,3191.7657958984373,3083.7232958984373,3191.7285958034527,3156.6062025388305,60.06549765715072,35.12239326462213,36.72807925011031,-1.6056859854881793,3271.6185299052318,3111.913061891643,0.04994804385810878,43.72547527273228,140675418.0,69.89612361140637,80.1509209967781,-0.005891622772490557,-0.005909046853050364,0.01575654714816984,-0.0217890318928895
2023-08-11,3203.6552734375,3220.2363383110205,3171.328853127344,3193.715887415701,1679974,3189.130712890625,3086.656748046875,3193.563469285614,3160.091318901695,57.79148449029408,33.47215038391869,36.07689347687199,-2.6047430929532993,3263.283687374637,3114.9777384066133,0.04629273011914679,44.223077619776696,142355392.0,74.1110422677941,75.57912346418426,0.00194637099277295,0.0019444792670212207,0.010397110704322804,-0.013671288564118811
2023-08-14,3204.630615234375,3209.414456343141,3168.542029113301,3196.1308721360797,1190425,3187.6075805664063,3089.94814453125,3195.266107123885,3163.390526037449,57.37985131702909,31.875581086435886,35.23663099878477,-3.361049912348882,3258.9849242433265,3116.230236889486,0.044546378192607955,45.37758413695558,143545817.0,74.77161266645516,72.92625951521855,0.00030444655046446556,0.00030440021601742386,0.01030957280658908,-0.019623931342637957
2023-08-16,3212.57275390625,3219.632627647557,3191.0218826561636,3204.7699265389706,1328445,3186.2429321289064,3093.70556640625,3197.9286681673257,3167.033654027731,60.27255969680101,30.895014139594878,34.368307626946795,-3.473293487351917,3254.3837241659503,3118.1021400918626,0.04242132225904594,45.04250651066104,144874262.0,80.15059029820554,76.34441507748494,0.002478332021830898,0.0024752660216917355,0.01032172271113928,-0.017392222239616673
2023-08-17,3191.532958984375,3214.802421680767,3170.5857934276064,3209.414646959475,1843241,3185.0678466796876,3098.0832421875,3196.94471290841,3168.8484173578527,55.46798473946208,28.096295550557443,33.11390521166893,-5.017609661111486,3251.9163787306816,3118.2193146286936,0.04189117449833064,46.435900876393916,143031021.0,65.9009541564756,73.60771904037877,-0.006549204184182922,-0.006570744320581488,0.010283201994405378,-0.01397075804594361
2023-08-18,3127.762939453125,3167.6134698101937,3117.9163083336994,3167.6134698101937,2526749,3180.599743652344,3100.401962890625,3186.3013631460585,3165.805048624169,51.52979099022322,20.496314521889417,30.59038707371303,-10.094072551823611,3250.31097063836,3110.888516666328,0.044575774018349695,47.32170892559676,140504272.0,7.943112786577075,51.33155241375275,-0.019980999836374358,-0.0201833195833958,0.011177097623795828,0.004217286950279897
2023-08-21,3159.857177734375,3167.3815122350584,3132.314820516641,3135.101577474396,1375579,3182.14873046875,3104.0697900390624,3182.2330269288764,3165.3644655952953,47.17875546564697,16.868561333581056,27.846021925686635,-10.97746059210558,3248.3071246699424,3115.9903362675573,0.041874293982254146,45.42411950153288,141879851.0,33.832998512500204,35.89235515185097,0.010261084008771348,0.01020879646663894,0.009616469620541995,-0.007672697701999742
2023-08-22,3141.7431640625,3168.5425667238806,3125.8587859478707,3158.324458182701,1222012,3181.5635009765624,3107.8747216796874,3176.0038172571262,3163.614739555829,39.71456106549426,12.389077701297083,24.754633080808727,-12.365555379511644,3248.9858870845983,3114.1411148685265,0.04292036782590075,45.487150438235595,140657839.0,19.22072636904095,20.332279222706088,-0.0057325419007902,-0.0057490359846687974,0.009552082451415067,-0.0017739330990677038
2023-08-23,3156.698974609375,3160.18242084046,3136.030526971603,3147.1775549110757,1330046,3181.5217041015626,3111.2871728515624,3173.0338414651646,3163.1024606709066,43.846179078943365,9.931380794258075,21.7899826234986,-11.858601829240524,3249.0078162858617,3114.0355919172634,0.04275739481472109,44.66111198899109,141987885.0,31.28532882521954,28.113017902253574,0.004760354289284452,0.0047490596329983585,0.009610773287664328,-0.0021483639510128105
2023-08-24,3146.94482421875,3170.446516407415,3137.9808480590923,3165.75543087226,1152881,3181.4961547851562,3114.5634033203123,3169.020146504178,3161.9055987114875,48.05914709277134,7.114547792690246,18.85489565733693,-11.740347864646683,3249.0369343852904,3113.955375185022,0.042924667175822856,42.15965665679703,140835004.0,23.416818697210545,24.640957963823684,-0.0030899843377786285,-0.0030947681966235195,0.009608998413795394,-0.009135767376065251
2023-08-25,3140.95361328125,3145.133748452828,3112.1106352399906,3135.101378683671,1158046,3180.7716064453125,3117.5846142578125,3164.702218316035,3160.3535997907293,38.76961329842638,4.3486185253059375,15.953640230930732,-11.605021705624795,3249.783976104924,3111.759236785701,0.04394357775154571,39.93354474893493,139676958.0,22.226219125581334,25.642788882670484,-0.0019038182339238263,-0.0019056327992919165,0.009599444172149217,-0.00062120365826146
2023-08-28,3135.612548828125,3152.75105887329,3121.2607957589826,3152.75105887329,1037485,3181.7074951171876,3120.698203125,3160.226884548664,3158.5209293490548,27.61960936362611,1.7059551996094342,13.104103224666474,-11.39814802505704,3247.505322990192,3115.9096672441833,0.04196808556439472,39.080923445642874,138639473.0,18.110428144178698,21.251155322323537,-0.0017004595134868516,-0.0017019069358535064,0.009184844112327924,0.012723820955226284
2023-08-29,3136.169921875,3148.6175730660334,3125.8125653079715,3140.721761236875,944517,3179.6035278320314,3124.590087890625,3156.5258133681004,3156.8652991657914,29.427113744086384,-0.33948579769094067,10.415385420194992,-10.754871217885933,3248.4857459914406,3110.7213096726223,0.043927605885734036,38.49704461375801,139583990.0,22.184457811335022,20.84036836036503,0.00017775571381850597,0.00017773991714354685,0.007979037608030577,0.015757427046700023
2023-08-30,3149.917236328125,3165.8483302087693,3142.578868343871,3156.4661593852143,1188200,3176.765673828125,3128.0991015625,3155.5091092081043,3156.350627844483,34.85699028579822,-0.8415186363786233,8.16400460888027,-9.005523245258892,3245.6286038916523,3107.9027437645973,0.0437236440813927,37.594600596521204,140772190.0,34.96541526573826,25.086767073750668,0.004383472450659065,0.004373893019210008,0.007752836834520637,0.011486614425400665
2023-08-31,3118.195068359375,3174.487418701091,3105.979648519252,3159.2532391652235,3417652,3172.8711791992187,3130.653095703125,3149.768487539069,3153.5242901048455,32.93986791306099,-3.755802565776321,5.780043173948951,-9.535845739725271,3245.822394481053,3099.9199639173844,0.04679066811571685,40.17567788932901,137354538.0,10.69120754529003,22.61369354078778,-0.010070794115761839,-0.010121847618246981,0.008008396078263967,0.029328552714829703
2023-09-01,3139.00244140625,3148.105891229252,3118.194750485235,3126.740758299694,1277950,3171.9074096679688,3133.05806640625,3148.1121727494046,3152.448597608653,36.90241378623488,-4.336424859248382,3.756749567309485,-8.093174426557866,3246.1679434756315,3097.646875860306,0.04731473466098651,38.81879614363902,138632488.0,29.055809306527248,24.904144039185187,0.006672890114543861,0.0066507249325492455,0.0077816438363861465,0.018554828621814456
2023-09-04,3175.509521484375,3188.839599513233,3130.5034424257988,3137.8883029323442,1828332,3170.7439453125,3136.55822265625,3152.3271494778614,3154.1568141920397,44.84297177420147,-1.829664714178307,2.6394667110119268,-4.469131425190234,3243.953533165783,3097.5343574592166,0.04610887629715674,40.06620541918148,140460820.0,61.177343082241315,33.641453311352876,0.011630153451479996,0.011563043051797462,0.007679790473368177,0.01818036860011163
2023-09-05,3185.587890625,3201.9832173125233,3163.1078734372104,3176.902408821825,1501842,3168.203332519531,3140.670400390625,3157.444186577421,3156.4850420759626,45.2571595285092,0.9591445014584679,2.3034022691012352,-1.3442577676427674,3235.0713400105965,3101.335325028466,0.041981580660733916,40.79939105374716,141962662.0,73.15402814341229,54.46239351072696,0.0031737801673836774,0.003168754358176249,0.007192391189367844,0.04416290470815509
2023-09-06,3186.09912109375,3199.1039868231646,3156.559678937854,3189.9077796292513,1314818,3166.3129760742186,3145.2875537109376,3161.852638041472,3158.6786775587616,48.97067460626635,3.1739604827102994,2.4775139118230483,0.6964465708872511,3228.5261830080663,3104.099769140371,0.039052901099003244,40.67993959890071,143277480.0,83.45468150896377,72.59535091153914,0.00016048229912435374,0.00016046942321773928,0.007157461763767494,0.0402197289219175
2023-09-07,3209.647216796875,3214.059581829734,3179.0393826105205,3186.9351937219517,1885092,3165.9762573242188,3150.2329931640625,3169.2056501576876,3162.454124909733,68.29983980297101,6.75152524795476,3.332316179049391,3.419209068905369,3227.1120291836232,3104.8404854648143,0.0380950102799248,37.92305021093911,145162572.0,95.91749837489022,84.17540267575544,0.007390886098685323,0.007363707334633009,0.007358482855414127,0.030330542648867143
2023-09-08,3197.24609375,3218.704212548399,3190.88313491419,3209.6472526429598,1518917,3165.9669677734373,3154.5950146484374,3173.519564556505,3165.0313077867895,59.162316190227486,8.488256769715463,4.3635042971826055,4.124752472532857,3227.082667884761,3104.8512676621135,0.03823021332689606,37.080371986101646,143643655.0,80.96411462397828,86.7787648359441,-0.003863702833749705,-0.0038711862154713656,0.007287804447136665,0.045440030177337665
2023-09-11,3233.241455078125,3237.9325408464088,3200.1255872484753,3215.917208433736,1783604,3167.4462768554686,3158.068515625,3182.7075477136773,3170.0839112898516,70.61536345438613,12.623636423825701,6.015530722511225,6.608105701314476,3233.6255277801774,3101.2670259307597,0.04093678238646101,36.93770529470157,145427259.0,96.44487840583488,91.10883046823447,0.011258239207325715,0.01119533690479058,0.007702823080527349,0.03605649232290564
2023-09-12,3326.272705078125,3334.725730646849,3235.424395053453,3243.7846648081127,4476016,3173.5283813476562,3163.9576220703125,3204.7944950005153,3181.6534515704643,78.26293241993802,23.141043430051013,9.440633264019183,13.70041016603183,3269.6717636710323,3077.38499902428,0.05780847864734404,42.46144684469209,149903275.0,96.30462498370925,91.23787267117416,0.028773369169161622,0.028367188832945832,0.009965307101234932,0.007051533155960632
2023-09-13,3314.2431640625,3333.7504596439576,3293.0172779174695,3317.26215028344,1754929,3178.6119018554687,3168.9288525390625,3221.632751779282,3191.4749117550596,77.67379160478048,30.157840024222423,13.584074616059832,16.573765408162593,3292.552057673912,3064.6717460370255,0.0687578733231986,43.05198351456105,148148346.0,91.04571916828104,94.59840751927509,-0.003616522781568654,-0.003623078210093735,0.01003997145917675,0.00489099928251191
2023-09-14,3306.99755859375,3341.9712621721756,3293.5747267257207,3316.286746985026,2604721,3184.3851318359375,3173.5494921875,3234.765798981508,3200.0321448542218,77.35278266737794,34.73365412728617,17.8139905183051,16.91966360898107,3311.9662929706733,3056.8039707012017,0.07715830379323758,44.02072254796787,145543625.0,85.18010744622744,90.84348386607259,-0.00218620213124876,-0.0021885953598185727,0.009899853437653221,0.012247053662695295
2023-09-15,3342.529052734375,3350.9358144624653,3309.227218164352,3314.2435164908143,2952897,3195.1234375,3178.826103515625,3251.3447610973335,3210.5874713638627,81.00212891699772,40.75728973347077,22.402650361338235,18.354639372132535,3337.8876730991615,3052.3592019008383,0.08542288389827006,44.909864887568446,148496522.0,96.56805465717291,90.93129375722715,0.010744336368888607,0.01068702612842489,0.008641982422242225,-0.005877803365554213
2023-09-18,3349.82080078125,3362.036220389306,3321.11729748375,3325.5761535614656,1395753,3204.621618652344,3184.130869140625,3266.4949210487052,3220.9010513207063,81.37792457610071,45.593869727998936,27.040894234670375,18.55297549332856,3362.0322344341057,3047.211002870582,0.09398151432163197,46.203715969532304,149892275.0,95.22940593955641,92.32585601431894,0.002181506258235766,0.002179130228380276,0.00848996824420086,-0.005670779089308242
2023-09-20,3349.72802734375,3367.3309950501616,3325.52964476678,3325.52964476678,1649396,3215.020861816406,3190.4955615234376,3279.300014324866,3230.443790285376,80.57144137506002,48.856224039489916,31.403960195634287,17.45226384385563,3382.1232690797815,3047.9184545530306,0.09977073117538049,47.069640394504596,148242879.0,93.26463477575297,95.0206984574941,-2.7695044904629817e-05,-2.7695428419466944e-05,0.008275782143807336,-0.004645024964859079
2023-09-21,3330.453125,3348.7527827829417,3277.2260243157334,3333.472111558681,2004073,3223.7085693359377,3196.4664306640625,3287.169723659502,3237.851889153126,83.76185671606763,49.317834506375675,34.98673505778257,14.331099448593108,3396.0295113721445,3051.387627299731,0.10348198012017168,47.354942740660135,146238806.0,85.19770974495725,91.23058348675556,-0.0057541693493947665,-0.005770788364929748,0.008505073393673835,-0.013541436976012067
2023-09-22,3347.49853515625,3375.45908502732,3311.6424013468136,3329.2453693121192,1989083,3233.7362548828123,3203.0098291015624,3296.4510792743863,3245.9738629311355,83.56517145373198,50.4772163432508,38.08483131487622,12.392385028374584,3410.5317669001547,3056.94074286547,0.10562843278979368,49.77676723612366,148227889.0,88.58546405585757,89.01593619218927,0.005118045357942025,0.005104992680984374,0.008407608946402492,-0.020825951981109925
2023-09-25,3322.88232421875,3362.686591856432,3305.697323680257,3346.430510265966,1238778,3242.8326904296873,3207.5664404296876,3300.517424650442,3251.6707859894773,74.66960154033492,48.8466386609648,40.237192784093935,8.609445876870865,3418.2435479117507,3067.421832947624,0.10557753201405026,49.68056088531944,146989111.0,75.98131408915694,83.25482929665726,-0.007353613654785707,-0.007380784757488007,0.008663656207802163,-0.017695642328591887
2023-09-26,3330.82470703125,3339.4172075080314,3284.6574795566185,3314.0114097379874,1726062,3252.593298339844,3209.0557958984373,3305.1800834782584,3257.534039399979,74.48715647488396,47.646044078279374,41.71896304293102,5.927081035348351,3424.5747228370064,3080.6118738426812,0.10326657186979313,50.815159747898015,148715173.0,79.60963951696445,81.39213922065966,0.002390208872162569,0.002387356866624855,0.008598501557698496,-0.013372808354256027
2023-09-27,3334.16845703125,3357.1127071544365,3302.9566931122054,3334.8186548656413,1541134,3262.4932250976562,3211.0372998046873,3309.639833255642,3263.210662928221,74.72853298190881,46.42917032742071,42.66100449982896,3.7681658275917442,3428.9634419370896,3096.023008258223,0.09985711219142102,51.64456733053521,150256307.0,78.97836750142224,78.18977370251456,0.0010038805083141256,0.0010033769572518592,0.00858590636698629,1.3985753862133521e-05
2023-09-28,3285.35400390625,3346.709144183534,3276.6222567368527,3344.1081258394006,1755753,3269.2650634765623,3211.9470654296874,3305.903551817274,3264.850910408075,61.6595389775267,41.05264140919917,42.339331881703,-1.2866904725038353,3427.256194645967,3111.273932307158,0.09617906075360816,54.149330775354365,148500554.0,51.18265350043994,69.92355350627555,-0.014640667906883342,-0.014748900179457165,0.009446921920222262,0.023934349968528945
2023-09-29,3277.78369140625,3314.8009776794106,3256.3720629859226,3285.7722587762732,2243791,3277.244494628906,3213.2020458984375,3301.5774194463474,3265.8088941857177,62.590877582366765,35.76852526062976,41.02517055748836,-5.256645296858601,3418.3250505092733,3136.163938748539,0.08608289573851666,56.33560485101715,146256763.0,44.291652845074246,58.15089128231216,-0.0023042608166422562,-0.0023069197109070088,0.00907028441549076,0.031102797434372942
2023-10-03,3264.081787109375,3282.9851507659523,3232.7307740458355,3282.9851507659523,1948148,3283.4984619140623,3214.141181640625,3295.808860625275,3265.680960328211,55.1826961711638,30.127900297064116,38.845716505403516,-8.7178162083394,3409.0061340466245,3157.9907897815,0.0769022839000061,57.01902839556773,144308615.0,21.96551815665145,39.14660816738856,-0.004180234447074382,-0.004188996052659049,0.009134288037471376,0.032741848177506805
2023-10-04,3286.2822265625,3295.8036435145923,3230.129134870689,3238.4894034139897,1788138,3289.0370971679686,3217.28927734375,3294.343224615617,3267.2069800492695,41.179904086230266,27.136244566347614,36.503822117592335,-9.367577551244722,3403.795831141845,3174.278363194092,0.0698410702807567,54.46118790093767,146096753.0,38.638347863537426,34.96517295508772,0.006801434798845873,0.0067784093861190066,0.008927685782191315,0.02039454075342184
2023-10-05,3334.215087890625,3366.4020365150864,3298.776696384458,3301.37771461772,2990768,3296.46845703125,3220.9046240234375,3300.4773574271567,3272.1705435930735,53.80266579112903,28.306813834083187,34.86442046089051,-6.5576066268073205,3401.8901702482412,3191.046743814259,0.06323630026141211,57.274518488516115,149087521.0,71.6204422467909,44.074769422326604,0.014585740975224581,0.014480392212966485,0.009376640887194025,-0.013038640779471589
2023-10-06,3363.98681640625,3376.573712868575,3320.931561429297,3335.747772538649,2075691,3305.362841796875,3225.033662109375,3310.24804342394,3278.971748986642,59.993543931692194,31.27629443729802,34.14679525617201,-2.8705008188739924,3401.1536122717966,3209.572071321953,0.05695074071500387,57.7920624880035,151163212.0,91.40501025348935,67.22126678793923,0.008929156557341278,0.008889527367716997,0.009474643067302226,-0.01395859898729146
2023-10-09,3379.73193359375,3417.492393516818,3372.9042894426652,3385.955644430069,4233074,3313.867077636719,3229.6791845703124,3320.937872680834,3286.4354663649465,57.01031145700166,34.50240631588758,34.217917468115125,0.2844888477724581,3403.905935932231,3223.828219341207,0.05328165669031125,58.47544257670727,155396286.0,79.84639027057898,80.95728092361975,0.004680493131159258,0.004669573682197906,0.00942420657083025,-0.03141530010513327
2023-10-10,3370.953857421875,3388.696299926251,3345.3623220029544,3381.3114396957885,1848148,3322.5524658203126,3233.9893701171877,3328.6326395640713,3292.696087924719,53.96001782070304,35.936551639352274,34.56164430236256,1.3749073369897147,3397.467095409132,3247.637836231493,0.04444714033915292,58.647946506545885,153548138.0,75.16133289313059,82.13757780573299,-0.002597269944584313,-0.0026006487017978786,0.009382462318966568,-0.03357772595864528
2023-10-11,3353.304443359375,3390.554184152061,3348.7528311967617,3390.554184152061,2426417,3328.555615234375,3238.7175634765626,3332.4283016864256,3297.1855957346934,50.628793944190825,35.242705951732205,34.69785663223649,0.544849319495718,3391.6452417493774,3265.465988719373,0.03762833204121389,58.647946697397174,151121721.0,65.7414422539845,73.58305513923138,-0.00523573291388757,-0.005249487394323565,0.00931436602057755,-0.03397607668217317
2023-10-12,3290.741455078125,3333.5644771796983,3286.6078116313074,3320.8848258321595,4241281,3326.779052734375,3240.9674072265625,3326.0149406697637,3296.708251982355,43.94038849216618,29.30668868740895,33.619623043270984,-4.312934355862033,3392.100936177707,3261.457169291043,0.0397004045046019,58.23327731882939,146880440.0,32.350163337834694,57.75097949498328,-0.01865711549249427,-0.01883335499472791,0.008055926894146559,-0.02200635854159072
2023-10-13,3317.0302734375,3322.7430341793447,3274.4392495057846,3279.0838441859346,2890357,3326.918408203125,3243.1745263671874,3324.632684172492,3298.213586904958,45.47839230893516,26.419097267534198,32.17951788812363,-5.760420620589429,3392.1395009534203,3261.69731545283,0.039324990955060125,57.125213104047525,149770797.0,46.3810990448647,48.15756821222798,0.007988721909102603,0.00795698100434474,0.008236026563386765,-0.01883523683264543
2023-10-16,3273.556640625,3320.5598001135572,3268.958537503607,3312.5247424765194,1671104,3325.2463623046874,3244.7239599609375,3316.774831319032,3296.3871464397757,43.06787130180813,20.387684879256085,29.82115128635012,-9.433466407094034,3394.224208028019,3256.268516581356,0.04214244828839251,56.74035556360286,148099693.0,23.178239996401967,33.96983412636713,-0.013106191149545143,-0.013192835154023351,0.008740300854111479,-0.029816859290920816
2023-10-17,3257.764892578125,3282.938457297201,3254.3279381964744,3279.083534791144,1672065,3321.008154296875,3246.713701171875,3307.696379205046,3293.5262387463204,39.953968317439255,14.170140458725655,26.690949120825227,-12.520808662099572,3395.6949239680835,3246.3213846256667,0.045851540632266354,54.87255493141096,146427628.0,14.749827638023621,28.103055559763437,-0.00482403385079655,-0.0048357070585235045,0.008374428010613154,-0.030845849440995332
2023-10-18,3239.372314453125,3272.302442885238,3236.353328139562,3261.434137513778,1408245,3315.485729980469,3247.5255712890626,3297.1849846278274,3289.5148369468243,37.483148500047754,7.670147681003073,22.8867888328608,-15.216641151857726,3397.2045518432883,3233.7669081176496,0.05045349155959261,53.57206212451417,145019383.0,4.933293565225655,14.287120399883761,-0.0056457659565618545,-0.0056617635339796715,0.008388502950578783,-0.0406814079303347
2023-10-19,3218.32421875,3238.0684358855883,3214.8317596869083,3231.223125172474,1514545,3308.9155395507814,3247.164052734375,3285.0525591081614,3284.2414578211337,40.44908642184993,0.8111012870276681,18.47165132369417,-17.660550036666503,3399.672373785892,3218.158705315671,0.056400056716697476,50.318752647338115,143504838.0,1.7233041252627483,7.135475109504022,-0.006497584612060403,-0.006518785802541842,0.008447539267318787,-0.03029815230412758
2023-10-20,3254.55322265625,3259.1632237474687,3207.521434458151,3213.43519615391,1481211,3305.1205444335938,3247.7769921875,3280.3603535001753,3282.0423292904015,46.93986765153256,-1.6819757902262609,14.440925900910086,-16.12290169113635,3398.3979103508264,3211.843178516361,0.057321149500884766,49.833957975611675,144986049.0,22.399187206043162,9.685261632177204,0.011257101971013261,0.011194212328586584,0.008890718725789507,-0.03319463041937187
2023-10-23,3175.949462890625,3240.0244989975004,3167.707394851243,3234.4831753695994,1106272,3296.5430908203125,3246.968349609375,3264.2971395602444,3274.1835984459735,40.08564482319075,-9.886458885729098,9.57544894358225,-19.46190782931135,3403.8998381764304,3189.1863434641946,0.06760608039298334,52.447633053103836,143879777.0,3.2996649452051168,9.140718758837023,-0.024151935577034878,-0.024448376384922595,0.010133066528167122,-0.012140270245525886
2023-10-25,3157.2763671875,3189.779430139314,3145.2621710118374,3157.6488052225827,1518537,3288.26279296875,3246.1652392578126,3247.832405349053,3265.5238035379384,35.37152551194548,-17.691398188885614,4.122079517088678,-21.813477705974293,3411.445316215564,3165.080269721936,0.07803087783319076,50.93640094478766,142361240.0,4.413248486912094,10.037366879386806,-0.005879531749894196,-0.005896884246493264,0.010101814179038496,-0.017536531282680068
2023-10-26,3107.590087890625,3142.0024058676267,3101.3036615496458,3136.7405251390774,1984471,3277.1010620117186,3244.243935546875,3226.2566642016022,3253.8250097862856,24.403896593017606,-27.568345584683357,-2.2160055032657295,-25.352340081417626,3422.4975158389875,3131.7046081844496,0.09357505315378412,49.21160777944965,140376769.0,1.9881879730021585,3.233700468373137,-0.015737070030754197,-0.01586221236955065,0.010446885193038134,0.006997971275753523
2023-10-27,3120.81494140625,3131.1061000295,3107.8230386075074,3119.9302305469437,1108851,3266.433386230469,3242.5676220703126,3210.034860694625,3243.9724121285053,21.468576338452536,-33.937551433880344,-8.560314689388653,-25.37723674449169,3424.918510566083,3107.9482618948546,0.10156649933507453,46.916883543706554,141485620.0,6.170770139452106,4.190735533122134,0.00425566215028117,0.00424663242934225,0.010544057089664228,-1.4941885453145787e-05
2023-10-30,3146.51953125,3150.524263288147,3104.796239719202,3119.930229639093,910972,3259.491662597656,3241.2465576171876,3200.263271549298,3236.753680211579,23.262016218307878,-36.49040866228097,-14.146333483967117,-22.34407517831385,3426.4242880378024,3092.55903715751,0.10610620641774937,46.36134400501919,142396592.0,15.632078826819837,7.930345646424715,0.008236499224195448,0.008202764375907678,0.010483812489412605,0.000503253222496669
2023-10-31,3137.392578125,3165.5650829081633,3119.976893370138,3165.5650829081633,999811,3252.4721069335938,3240.16375,3190.5908571763293,3229.393598575536,23.243421938783086,-38.80274139920675,-19.077615067015046,-19.725126332191707,3427.7637356401438,3077.1804782270437,0.1117435095172626,46.52235912035696,141396781.0,12.4766988320484,11.426515932773462,-0.0029006503962091257,-0.0029048654354464263,0.010485259857043728,0.0005046394143226607
2023-11-01,3101.90869140625,3140.046523504797,3083.6082981939608,3124.5864815586647,1563475,3244.3634521484373,3239.6466650390626,3176.9474470578557,3219.9502721185518,22.33093450878718,-43.00282506069607,-23.86265706575125,-19.140167994944818,3431.9652355942903,3056.7616687025843,0.12095893342418391,47.567850002895284,139833306.0,7.321440616701154,11.810072758523146,-0.01130999256075127,-0.011374436897344364,0.010677926348203866,0.015282456665337563
2023-11-02,3129.3369140625,3144.098239691914,3113.597426931296,3113.597426931296,1245384,3236.5161865234377,3239.036259765625,3169.622749673955,3213.238171521807,30.746461127742364,-43.6154218478523,-27.81321002217146,-15.802211825680843,3429.779501708314,3043.2528713385614,0.12351710313862127,45.8173440427236,141078690.0,19.122531772691932,12.973557073813843,0.008842369452150223,0.008803504640043551,0.010780658418113388,-0.0037649312313754457
2023-11-03,3120.768310546875,3155.2272412387383,3114.621718793595,3149.732529726521,1402598,3225.84384765625,3238.6167626953124,3162.1066821159425,3206.3885521903308,25.554969684910276,-44.28187007438828,-31.10694203261483,-13.174928041773452,3419.962849063007,3031.724846249493,0.12440462225325538,45.26746816926526,139676092.0,15.682539275639083,14.042170555010737,-0.0027381530819260425,-0.002741908680244743,0.010013742746019448,-0.005207520465017157
2023-11-06,3148.10302734375,3159.32550946651,3128.3124232964,3143.213583990875,1099852,3215.049658203125,3238.44484375,3159.9522736894514,3202.071105905399,33.719855984236446,-42.11883221594735,-33.309320069281334,-8.809512146666016,3400.6469878503135,3029.4523285559367,0.11791058172818976,44.335749334242756,140775944.0,32.35573053250894,22.38693386028,0.00875897025245198,0.008720833006054696,0.010002911015003137,-0.014407237741602463
2023-11-07,3138.975830078125,3170.3613524077323,3134.8314904867043,3146.0073603280116,1191144,3203.011853027344,3238.2854638671874,3156.725128518478,3197.3973817700453,34.31338159726009,-40.67225325156733,-34.781906705738535,-5.890346545828791,3374.3158623186464,3031.7078437360415,0.10914643410111184,44.829988107121444,139584800.0,29.342474815240113,25.793581541129395,-0.002899268920473097,-0.0029034799418348168,0.009828171130608972,0.010043209101172179
2023-11-08,3149.3134765625,3168.312363594793,3138.13760716147,3139.9070288671746,992899,3191.929833984375,3238.4526611328124,3155.5848743714046,3193.8356110139307,37.8488328796288,-38.250736642526135,-35.47567269309606,-2.775063949430077,3345.217886164157,3038.641781804593,0.09734696359734697,44.41753394195338,140577699.0,37.4271346480327,33.04177999859393,0.0032933182808603245,0.003287907185262746,0.009948654516550626,0.03439257129762585
2023-11-09,3117.55517578125,3158.579973678366,3112.5261256846,3157.2762132454977,2112352,3180.142370605469,3238.091513671875,3149.734151511381,3188.1852084041025,36.78567403652473,-38.45105689272168,-36.070749533021186,-2.3803073597004953,3316.5031670581993,3043.7815741527384,0.08747931553035553,45.95419774392118,138465347.0,19.336898398073767,28.70216928711554,-0.010084198037952796,-0.010135387993516804,0.01005558477348179,0.046303905570035386
2023-11-10,3104.516845703125,3117.5553602980613,3094.179302698473,3108.754408421209,1338557,3170.8311401367187,3237.4584521484376,3142.7776429254955,3181.9875519077336,29.05084188674934,-39.209908982238176,-36.698581422864585,-2.5113275593735906,3300.6697846293787,3040.9924956440586,0.08364499272881451,43.93521690894051,137126790.0,13.367251858579484,23.377094968228665,-0.004182229132434712,-0.004190999113280125,0.009414534954189986,0.05584313933964502
2023-11-13,3102.74755859375,3125.518348524688,3098.509995691787,3125.518348524688,1030990,3160.1170043945312,3236.51505859375,3136.6191684129194,3176.1179227733646,36.98688163253388,-39.49875436044522,-37.25861601038071,-2.2401383500645053,3273.4782648537744,3046.755743935288,0.07307153309669932,39.66111155379008,136095800.0,18.026802624144576,16.910317626932624,-0.0005699073953564504,-0.000570069854303394,0.00908386961262563,0.053623560393407654
2023-11-15,3170.501220703125,3178.603680948949,3125.5649102414236,3150.757229249606,2059802,3154.9642333984375,3237.561181640625,3141.8317918421817,3175.701870768162,52.00168799476308,-33.870078925980124,-36.580908593500595,2.7108296675204713,3255.226461079333,3054.702005717542,0.06324692577072114,41.89960178434168,138155602.0,91.47067993016384,40.95491147096265,0.02183666599679257,0.02160166100220188,0.01036707141505089,0.03696790474137779
2023-11-16,3257.62646484375,3286.9631232989923,3179.7212020773018,3194.482754503449,3951984,3154.957312011719,3239.933662109375,3159.646356919346,3181.7703592182056,70.39748863438541,-22.124002298859523,-33.68952733457238,11.56552503571286,3255.1896738434416,3054.724950179996,0.061537050311586496,46.22025870991404,142107586.0,85.57366000981496,65.02371418804114,0.027479959184908642,0.027109162755127203,0.012186477354152937,0.0029732663091222022
2023-11-17,3261.91015625,3282.4458610340766,3252.690155264645,3257.626209552958,2021292,3156.0842041015626,3241.6616748046877,3175.379249124062,3187.70664047982,69.65988801001859,-12.327391355758209,-29.41710013880955,17.08970878305134,3260.7225494329873,3051.445858770138,0.06415771147524212,46.665951112096664,144128878.0,87.68017083591236,88.24150359196373,0.0013149731721791014,0.0013141093521411857,0.012113882070117977,-0.012947967724049714
2023-11-20,3277.8828125,3291.200542556456,3251.4797282683567,3251.4797282683567,1475621,3159.0621337890625,3243.5075732421874,3191.1490281049755,3194.3863569257596,68.81411072014781,-3.237328820784114,-24.181145875204464,20.94381705442035,3274.037958268501,3044.086309309624,0.0701524923593884,46.236864734893416,145604499.0,93.58466878264646,88.94616654279127,0.004896718635672981,0.0048847687034014415,0.012039318529095528,-0.01405005791657632
2023-11-21,3269.1279296875,3295.9966725893887,3260.5598088550396,3277.8824969038105,1807236,3159.790869140625,3245.1681494140626,3203.1457821945946,3199.9227697229258,68.88752919024722,3.2230124716688806,-18.700314205829795,21.923326677498675,3277.4680826836266,3042.1136555976236,0.07199303060266007,45.511770034630835,143797263.0,87.34924028716489,89.53802663524125,-0.0026708956095421454,-0.0026744688150781384,0.011814655357843977,0.0010114748324687728
2023-11-22,3287.7080078125,3290.036314045069,3242.0268214284124,3259.6287255971747,1798051,3165.378796386719,3246.729365234375,3216.15535536658,3206.4253799517833,77.9959475712135,9.729975414796627,-13.014256281704512,22.74423169650114,3296.1697882584695,3034.5878045149684,0.0795636300796513,44.909717699332305,145595314.0,95.89298741613385,92.27563216198173,0.0056834967993364405,0.0056674066680878245,0.01036018550510719,-0.012053360454557738
2023-11-23,3267.312255859375,3300.6070362048386,3259.628845010422,3287.568520824797,2729804,3170.8805908203126,3248.1306884765627,3224.025647750087,3210.935518907901,71.24004326273061,13.090128842186004,-7.793379256926409,20.88350809911241,3309.2730402999496,3032.4881413406756,0.08471332927023023,44.82319219281463,142865510.0,83.87097519274197,89.03773429868023,-0.00620363849364336,-0.006222961013659242,0.01037304477848912,0.0009689969543995591
2023-11-24,3219.675048828125,3263.8662551978136,3215.8565356961108,3254.273588142524,1989733,3176.4848388671876,3247.8593603515624,3223.356324839016,3211.582891494584,63.590994666120125,11.77343334443185,-3.880016736654757,15.653450081086607,3313.1529287741546,3039.8167489602206,0.08489557973045168,45.598206315537546,140875777.0,60.794033823548354,80.18599881080807,-0.014579937055547942,-0.014687268876118452,0.010273031534940143,0.0160104927368796
2023-11-28,3231.828369140625,3242.166138837972,3197.229832568979,3219.6747935926865,1689195,3182.035510253906,3245.9704736328126,3224.6597162700327,3213.082556505402,62.005793210475076,11.577159764630778,-0.7885814363976503,12.36574120102843,3318.2001645263113,3045.870855981501,0.08426478062547159,46.05385684049169,142564972.0,66.68147932614907,70.44882944747981,0.0037747040083822014,0.0037675976904241047,0.010267598723468814,0.017708387393486014
2023-11-29,3272.4345703125,3276.3926911019207,3237.0909254440503,3241.933757170491,1441634,3188.331262207031,3245.1343017578124,3232.0096938150277,3217.4790019725942,67.55268080572674,14.530691842433498,2.2752732193685796,12.25541862306492,3329.145987468053,3047.516536946009,0.0860611402522709,46.69917541479653,144006606.0,86.35238327008358,71.27596547326034,0.012564467086063846,0.012486189167745024,0.01045432654049698,0.025713277904656273
2023-11-30,3248.080078125,3275.134811820615,3241.9332593640556,3259.116112089636,3266235,3193.8656372070313,3243.9559521484375,3234.4820606319468,3219.745748354254,62.528010482278546,14.736312277692832,4.76748103103343,9.968831246659402,3334.9511453396062,3052.7801290744565,0.08687317106665578,46.915375130741985,140740371.0,74.55431148307197,75.86272469310155,-0.007442316007917671,-0.007470148218420185,0.010614822981197078,0.03650075435187983
2023-12-01,3270.478271484375,3275.414325764336,3250.361843721189,3259.628456286476,1172141,3202.2941162109373,3242.5149365234374,3240.019939224628,3223.503713030559,69.86927710398095,16.516226194069077,7.11723006364056,9.398996130428518,3340.357376736032,3064.2308556858425,0.08443001241065085,45.57826081971127,141912512.0,85.40469140965088,82.10379538760215,0.0068958254786331,0.006872158016281369,0.010205172723624081,0.03276261303942807
2023-12-04,3271.2236328125,3304.1459737662194,3257.766068313779,3301.212171500063,1625213,3209.3884521484374,3240.9429931640625,3244.8205074689163,3227.0385219032955,72.37494617598449,17.781985565620744,9.250181164036597,8.531804401584147,3346.243262977178,3072.533641319697,0.0836719382044063,47.22139280920068,143537725.0,83.98998985350575,81.31633091540954,0.00022790591046684128,0.00022787994386004893,0.010113598211188696,0.03713930334149018
2023-12-05,3289.058837890625,3295.019211314365,3262.236702736452,3295.019211314365,1377656,3217.802978515625,3239.729609375,3251.6264044568716,3231.6326193838386,73.97236520184416,19.993785073032996,11.398901945835878,8.594883127197118,3352.391350743692,3083.214606287558,0.08184005143208843,47.63383250527295,144915381.0,91.55165974559499,86.9821136695839,0.0054521509624796405,0.0054373417909278085,0.010065936827045915,0.03978352113664019
2023-12-06,3356.57958984375,3364.728661904826,3283.0514948908803,3289.990029573241,1896572,3228.226806640625,3240.252138671875,3267.773048362545,3240.887950529017,73.9567558366158,26.885097833528107,14.496141123374324,12.388956710153783,3372.061055554557,3084.392557726693,0.08570286809175726,48.04962140946912,146811953.0,95.59527379618694,90.3789744650959,0.020528897560381676,0.020321019927480623,0.010760316866633663,-0.002927217779329472
2023-12-07,3366.637451171875,3381.2127840148296,3345.030815693545,3357.4174498180882,1967653,3239.6098876953124,3240.6349169921873,3282.9829564870574,3250.202728354414,67.50923676648267,32.780228132643515,18.152958525228165,14.62726960741535,3389.606141704157,3089.613633686468,0.08910745881272907,42.31534038985608,148779606.0,92.07788942979037,93.07494099052411,0.002996461445025078,0.0029919810025134377,0.010662847552769963,0.014481846548743738
2023-12-08,3377.627685546875,3394.670934892265,3354.670674014842,3383.495063501673,1641155,3251.025598144531,3241.72982421875,3297.5436840347215,3259.641614072374,68.19445435798711,37.90206996234747,22.10278081265203,15.79928914969544,3406.7302874484726,3095.3209088405897,0.09219766285681139,43.04709432614118,150420761.0,91.36793243870905,93.01369855489547,0.003264454380490056,0.00325913761703449,0.010662887589088713,0.06460407019621517
2023-12-11,3392.714599609375,3402.12104768493,3366.7307931511145,3374.0881498547355,1102503,3264.7835693359375,3242.9676220703127,3312.185363353899,3269.4988722603002,68.10561786552758,42.68649109359876,26.219522868841377,16.466968224757384,3419.4543898089823,3110.1127488628927,0.09117820903111219,42.73776862940661,151523264.0,95.40905252029185,92.95162479626377,0.004466719090164384,0.004456772907320649,0.01016791063328942,0.059375705885176266
2023-12-12,3419.9091796875,3444.4027776512853,3381.631736937403,3389.0357047671787,2236866,3280.553186035156,3244.6824365234374,3328.7582581744527,3280.6403765141667,72.46736483991597,48.117881660286,30.599194627130306,17.518687033155697,3430.668554944828,3130.4378171254843,0.08778909674050986,44.69020984223042,153760130.0,90.09050203430232,92.28916233110108,0.008015581411196848,0.007983627278910322,0.009997588163031972,0.03924186468996038
2023-12-13,3346.754150390625,3399.3272621622086,3318.302201392863,3393.3202772695595,3850968,3292.753515625,3245.910439453125,3331.526856976941,3285.537693097608,57.567474373347586,45.989163879332864,33.677188477570816,12.311975401762048,3419.933644500259,3165.573386749741,0.07600207434443003,48.51860167637187,149909162.0,60.49380435680405,81.99778630379942,-0.02139092749344873,-0.021623029266193815,0.011558910583889994,0.05189846592995995
2023-12-14,3415.392578125,3425.4042954103893,3378.4657304357984,3380.7008135779533,3290396,3304.998083496094,3248.6626171875,3344.429275615104,3295.1565734700075,66.8897330588987,49.272702145096446,36.796291211075946,12.4764109340205,3429.7516146547837,3180.244552337404,0.07305369927762605,51.20945552103957,153199558.0,88.26319785221324,79.6158347477732,0.020508954243431354,0.020301477598137413,0.011453537947311136,0.03279014297061611
2023-12-15,3595.836181640625,3628.385857623635,3414.8801739559026,3414.8801739559026,8531230,3321.9085693359375,3255.297705078125,3383.107261157492,3317.4291370382016,82.9284128493057,65.67812411929026,42.57265779271881,23.105466326571452,3499.9386053886756,3143.8785332831994,0.09902010384216704,62.78445291421586,161730788.0,92.45060393628776,80.40253538176836,0.0528324634395867,0.051484116447470495,0.015051386318511712,-0.009583023985057615
2023-12-18,3594.159423828125,3659.165773966342,3567.1044621574897,3593.1351055942864,2521612,3338.521032714844,3261.4552490234373,3415.5768246452817,3337.9276768004183,82.310390559469,77.64914784486336,49.58795580314772,28.061192041715643,3551.5448933299813,3125.4971720997064,0.11853890464783366,66.15052473849151,159209176.0,84.59838335151836,88.43739504667313,-0.0004663053954073737,-0.0004664141495780185,0.01507993640938041,-0.016493093823482186
2023-12-19,3554.11279296875,3590.341373765734,3529.7121895342984,3580.934925794031,2004435,3352.3325317382814,3265.853203125,3436.8900505412,3353.9413891091835,75.14337393845358,82.94866143201625,56.26009692892143,26.688564503094824,3583.821396034331,3120.843667442232,0.13026534484443691,67.57073276224371,157204741.0,74.82147787583655,83.95682172121424,-0.011142140939513934,-0.011204679568600131,0.015504407009643187,-0.0013103079989718047
2023-12-20,3520.445556640625,3631.040100218342,3507.872703265474,3564.403931855312,2586083,3364.8984130859376,3268.9823779296876,3449.744743787265,3366.2750311485497,73.91449927899586,83.46971263871546,61.70202007088024,21.767692567835226,3604.511985213018,3125.2848409588573,0.1361268443280406,73.99686451198006,154618658.0,66.06680927867073,75.16222350200856,-0.009472754042789577,-0.00951790594551401,0.015735147599276546,0.005251341129818954
2023-12-21,3527.3837890625,3545.26513467688,3486.2659937315334,3498.27996242007,1517562,3376.8822021484375,3271.9354150390627,3461.689212291147,3378.20901321625,73.18655138630064,83.48019907489743,66.05765587168368,17.42254320321375,3624.094264741498,3129.670139555377,0.14016737467558874,76.25864260526653,156136220.0,67.16938676119025,69.3525579718992,0.0019708392901538474,0.001968899734350466,0.01573397674599702,0.0015578449967761365
2023-12-22,3561.377197265625,3581.819680420596,3503.635202958494,3539.025457533832,2413058,3391.58544921875,3275.7438818359374,3477.0258253641437,3391.777026849537,74.70464858439446,85.24879851460673,69.89588440026829,15.352914114338446,3646.22645103978,3136.94444739772,0.14300142204343852,78.53039774881378,158549278.0,75.36371513467849,69.5333037248465,0.009637003012977985,0.009590863294998708,0.015610591487812334,-0.003373390503215723
2023-12-26,3534.880615234375,3570.6899143624773,3529.8513380857476,3557.5117939691436,1285231,3407.3457275390624,3279.3754052734375,3485.926562267256,3402.3772926558213,70.62587674856361,83.54926961143474,72.62656144250158,10.922708168933156,3656.137452091014,3158.554002987111,0.1407638625642557,79.10583115587214,157264047.0,66.9554798509257,69.82952724893148,-0.007439981940580043,-0.007467796652731947,0.01522992304110114,-0.0032537067289293287
2023-12-27,3549.455810546875,3555.9750672093833,3509.2227291901213,3538.0937229812293,1293976,3423.227099609375,3284.5496923828123,3495.7002927718127,3413.2719976847884,67.76152703529965,82.42829508702425,74.58690817140612,7.841386915618131,3665.3044484890434,3181.1497507297063,0.13640251452651328,76.61120051339473,158558023.0,67.81411325597274,70.04443608052564,0.0041232496649772354,0.004114772365768779,0.015228900579082891,-0.03134180106146611
2023-12-28,3538.9326171875,3574.416098799889,3531.668482887736,3561.3775825457983,1682889,3436.552001953125,3288.9877392578123,3502.3514196049955,3422.5801917220265,65.85267892472919,79.77122788296901,75.6237721137187,4.147455769250314,3672.9527201592437,3200.1512837470063,0.13360001095132107,77.08017534131389,156875134.0,64.72689766414658,66.49883025701502,-0.0029647342919740804,-0.00296913782237051,0.015208408197501355,-0.035027292668301624
2023-12-29,3532.87890625,3560.073706886277,3506.8018745840577,3531.5751456161715,1574996,3450.791943359375,3294.1741845703127,3507.0479560119193,3430.7504668722468,64.41543615260704,76.2974891396725,75.75851551890946,0.5389736207630449,3673.2929715034807,3228.2909152152697,0.12596017811450028,78.02814472879933,155300138.0,62.95090532452007,65.16397208154648,-0.0017106036176272044,-0.001712068370641729,0.015033847803393178,-0.014630764901588544
2024-01-01,3549.36328125,3568.8278306083957,3513.879802945062,3529.712285492124,825907,3464.736193847656,3300.00615234375,3513.558006048547,3439.536601270599,64.50754439261188,74.02140477794819,75.41109337071721,-1.3896885927690192,3674.232485335759,3255.239902359553,0.11804725235920256,79.42512852376493,156126045.0,67.7869677044032,65.15492356435662,0.004665989250533853,0.004655137266425086,0.01502197742955832,-0.03484559840728474
2024-01-02,3523.379150390625,3549.363183929598,3508.5246023534996,3549.363183929598,1344068,3477.3439697265626,3305.6862890625,3515.068951331944,3445.747160464675,59.604091515066756,69.3217908672691,74.1932328700276,-4.871442002758499,3667.238162715008,3287.449776738117,0.10779095004146375,77.85853125109477,154781977.0,60.1639381553312,63.63393706141817,-0.007320786518708822,-0.0073477149818474315,0.015220685515617385,-0.02466164732079479
2024-01-03,3438.20947265625,3512.8084878989966,3433.8323028478494,3508.2914833063164,1803075,3484.8015014648436,3310.083994140625,3503.244416151068,3445.1888132196063,58.30368530874804,58.055602931461635,70.96570688231441,-12.910103950852772,3654.1668766119374,3315.4361263177498,0.09851952098558298,76.99709334024753,152978902.0,21.2838378893012,49.74491458301188,-0.02417272569854778,-0.02446968128241367,0.01644643776007333,0.005769760871797258
2024-01-04,3414.973388671875,3463.5883776999503,3400.2584476962943,3447.5230645740226,3598144,3487.72119140625,3313.2923974609375,3489.664258077346,3442.950633623478,49.95851981561017,46.71362445386785,66.1152903966251,-19.401665942757248,3649.6286431045196,3325.8137397079804,0.09482208689259355,75.90279226766837,149380758.0,5.683478017990025,29.043751354207487,-0.006758193230857357,-0.006781133232457833,0.0159840160773269,0.018749288215508253
2024-01-05,3481.190185546875,3490.3638028676905,3422.4704854443794,3422.6100928660567,1963127,3493.448828125,3319.3972119140626,3488.3605546111194,3445.7831930252114,35.34171145903855,42.577361585907965,61.407704634481675,-18.83034304857371,3645.1006969694236,3341.7969592805766,0.08712644857729876,66.03741587681718,151343885.0,31.258960113725802,19.408758673672352,0.01939013554092517,0.019204542146481356,0.01650461849357379,0.038764972608441584
2024-01-08,3425.68359375,3482.9133158422196,3420.1886545813795,3481.1902782695042,1067805,3495.8516235351562,3324.7653564453126,3478.7179452478704,3444.29433381964,31.065529553530325,34.42361142823029,56.0108859932314,-21.58727456500111,3641.1672478591295,3350.535999211183,0.08483890607357597,63.941940837673464,150276080.0,11.016970272871468,15.986469468195777,-0.015944716846360785,-0.01607320144133031,0.01696745575903962,0.061305339376835244
2024-01-09,3436.48681640625,3494.648088677372,3429.8279514524115,3455.1598780853456,1370944,3498.040234375,3331.343291015625,3472.2208485030055,3443.715999196426,35.85030449289995,28.504849306579672,50.509678655901055,-22.004829349321383,3638.0365726490554,3358.043896100945,0.08147642971053687,64.26460231149814,151647024.0,15.698114782472855,19.324681723023385,0.003153596168647965,0.003148634013934869,0.016955225120739853,0.046451120181019157
2024-01-10,3458.047119140625,3473.1344984496654,3434.717444602096,3436.5800896371293,1292227,3499.947131347656,3338.0879345703124,3470.040274754947,3444.777563636737,42.26864685443464,25.262711118210063,45.46028514836286,-20.197574030152794,3636.4580851448663,3363.436177550446,0.07895262793939907,58.21100637540537,152939251.0,31.828750321255956,19.514611792200103,0.006273937275546482,0.006254338064508272,0.016920520977700505,0.046201889402414986
2024-01-11,3479.001708984375,3513.879690118427,3452.412406909358,3468.244888948058,1777909,3506.5595092773438,3344.737578125,3471.4189569440896,3447.3126855143396,44.20654182672862,24.106271429749995,41.18948240464029,-17.083210974890292,3623.1907706569473,3389.92824789774,0.06704869450245352,58.38730225138553,154717160.0,43.370085180693636,30.298983428140826,0.006059660010924839,0.006041374104933737,0.016130131609239227,0.04471897561198457
2024-01-12,3616.138427734375,3637.0465687955866,3559.141545993097,3583.7283648231014,6813450,3516.5968017578125,3354.3124951171876,3493.6834909118256,3459.818296049157,55.25841244567274,33.86519486266843,39.72462489624592,-5.859430033577489,3634.7356389924225,3398.4579645232025,0.06533977589382703,64.09161527632195,161530610.0,91.17010559268896,55.45631369821285,0.03941841086075071,0.03866133640507447,0.01774202128427444,0.022592067907383884
2024-01-15,3635.6962890625,3692.69317224897,3618.187383149369,3688.0365604302447,2801505,3518.589807128906,3364.9882470703124,3515.531613704237,3472.846295531627,59.81150661958855,42.68531817260964,40.31676355151867,2.368554621090972,3643.5075444761483,3393.672069781664,0.06871736658699475,66.64277015045516,164332115.0,80.50953652153979,71.6832424316408,0.005408493540546955,0.005393920162423726,0.013360407862267755,-0.004782628198636951
2024-01-16,3596.115478515625,3631.2262899610105,3590.760374343459,3631.2262899610105,1432672,3518.687609863281,3374.323818359375,3527.929131367527,3481.9773461230343,54.33021840592484,45.95178524449284,41.443767890113506,4.508017354379334,3643.8572771928966,3393.5179425336655,0.06961381973266445,66.51302562901083,162899443.0,66.97461497373637,79.5514190293217,-0.010886720836926989,-0.010946414825428939,0.013606550503182702,0.0018813703398625758
2024-01-17,3617.8154296875,3641.4243183462013,3550.713598917996,3556.7205834939423,3458696,3521.8727416992188,3384.2647607421877,3541.757792647523,3492.039426387069,57.17188425184768,49.71836626045388,43.09868756418158,6.619678696272295,3653.892553977115,3389.8529294213226,0.07298316613642157,69.93896159444314,166358139.0,74.3950576742379,73.95973638983803,0.006034275401198164,0.0060161420724910535,0.013399155387170004,-0.012293289798774087
2024-01-18,3634.5791015625,3640.3532553051646,3596.7673189636566,3630.2949273227173,2239110,3527.5794189453127,3393.9942822265625,3556.037994019058,3502.5979208445083,59.0697696683011,53.440073174549525,45.16696468625517,8.273108488294355,3668.880299751297,3386.2785381393282,0.07775364181521839,69.24711188296376,168597249.0,80.12750682185036,73.83239315660823,0.004633644861326669,0.004622942576632815,0.013189989798406162,-0.019248704057623578
2024-01-19,3697.83447265625,3717.059591726697,3671.575773438078,3699.6631577031208,2941975,3536.101953125,3405.171455078125,3577.852836886318,3517.0598876453782,62.22134423429431,60.79294924093983,48.292161597192106,12.500787643747728,3696.609229969241,3375.594676280759,0.08681149901712311,71.21371634731112,171539224.0,93.9314868542453,82.81801711677787,0.017403767898890088,0.017254056858378365,0.013651353161105497,-0.036139579686960466
2024-01-23,3618.30810546875,3689.253392795468,3603.772039730458,3657.4617018928593,2618854,3538.9484985351564,3414.55134765625,3584.0767243605383,3524.5597556322946,57.18105509930319,59.51696872824368,50.53712302340242,8.97984570484126,3703.316020119616,3374.580976950697,0.09085324786799265,75.01541306368911,168920370.0,68.82855756065128,80.96251707891565,-0.021506199851713204,-0.021740828243455957,0.014535967168242467,-0.010963463667775675
2024-01-24,3602.881103515625,3642.12834296067,3568.932402810829,3638.70542557381,2657709,3542.348522949219,3424.2578662109377,3586.969705769013,3530.3613369569857,63.92630010927807,56.60836881202749,51.75137218112744,4.856996630900056,3709.1568700872313,3375.5401758112066,0.0925971978232886,73.84749110705093,166262661.0,63.958940690960986,75.57299503528587,-0.0042635954439060875,-0.004272710484751442,0.014457268701298749,0.0032146581908292227
2024-01-25,3573.340576171875,3620.8875384611347,3543.7056629841854,3601.0996387813034,2205154,3543.542761230469,3433.6343408203124,3584.8729166002227,3533.544984306237,63.25182370958107,51.32793229398567,51.666684203699084,-0.33875190971341596,3710.9064288781906,3376.179093582747,0.09367350471083206,74.83691578371473,164057507.0,51.58872170602952,61.458739985880605,-0.008199140214459222,-0.008232938033407139,0.01458152194855628,0.04094147995241726
2024-01-29,3564.6181640625,3582.4365658297156,3545.721371666126,3564.4306477301684,1646747,3544.827038574219,3442.8717529296873,3581.7568008251883,3535.8467013252193,57.724306447236245,45.910099499968965,50.51536726295306,-4.605267762984099,3712.4357738954286,3377.2183032530093,0.09404021839477499,72.07440006712717,162410760.0,48.65060583883837,54.73275607860963,-0.002440968590438519,-0.00244395261119128,0.014575562444289864,0.04533022991538194
2024-01-30,3564.1962890625,3608.5078419941947,3551.488909043992,3570.6670909234226,1411621,3546.3929077148437,3450.745654296875,3579.0551836309287,3537.9466707872402,64.28111145942165,41.10851284368846,48.63399637910015,-7.525483535411688,3714.116765865211,3378.669049564476,0.09411594903741081,71.66684804493879,160999139.0,46.780479156582004,49.006602233816636,-0.00011835068458476705,-0.00011835768857966173,0.014567417689752418,0.08826348309480925
2024-01-31,3578.638916015625,3595.566445988201,3560.3516062355598,3574.184314915353,2459358,3547.856689453125,3457.1659033203123,3578.9911424593433,3540.960911174528,64.54717391065083,38.03023128481527,46.51324336024317,-8.4830120754279,3716.1995529999012,3379.5138259063488,0.0940820616427015,69.25615838960087,163458497.0,50.97413647899515,48.801740491471854,0.004052141291276623,0.004043953478085396,0.0145589145896084,0.07008729982490913
2024-02-01,3614.463134765625,3662.057029330496,3568.4167652804376,3582.436989907515,2363107,3552.410888671875,3464.216962890625,3584.4483720449252,3546.4055203294242,65.55282590887023,38.042851715501,44.819165031294744,-6.776313315793743,3722.8803473576736,3381.9414299860764,0.0943262954025688,73.20067340406435,165821604.0,61.232741987224614,52.99578587426726,0.010010570943515651,0.009960797079105514,0.014584003199446298,0.07263597089627649
2024-02-02,3719.638427734375,3736.612663128637,3631.2028376276817,3634.063205902369,2826510,3566.4823364257813,3473.0520751953127,3605.2468421509943,3559.237587544606,70.49455681263512,46.00925460638837,45.05718294631347,0.9520716600748997,3743.591993923522,3389.372678928041,0.09522950197372687,77.53511948648887,168648114.0,91.20081936764169,67.8025659446205,0.029098455025623027,0.028683132571854637,0.01453657230200611,0.042205646904603045
2024-02-05,3726.203125,3771.874458152277,3715.6996914451147,3735.2998425709893,1691523,3582.0438232421875,3482.1935791015626,3623.855501050841,3571.6054051338942,62.05520807795421,52.250095916946975,46.495765540440175,5.7543303765068,3757.788714799072,3406.298931685303,0.09432920625167708,70.25868426477106,170339637.0,79.9835323145609,77.47236455647574,0.0017648751063215062,0.0017633195442306629,0.014326738832877502,0.03709772063972627
2024-02-06,3878.78466796875,3891.8201438143014,3741.8643194379383,3748.428993682566,4474396,3601.923547363281,3494.0151123046876,3663.0753728843656,3594.359424603143,70.61726094171141,68.71594828122261,50.939802088596664,17.776146192625944,3815.5091628283953,3388.337931898167,0.11013017413878,76.62027528617867,174814033.0,96.255405458736,89.14658571364622,0.040948262306218286,0.04013208840371958,0.016197455051706444,0.003264075120179344
2024-02-07,3829.4560546875,3896.603391231385,3820.593789517031,3894.7277698637645,2124267,3622.112170410156,3505.25798828125,3688.6724008540787,3611.7739897945767,69.46859950453424,76.898411059502,56.131523882777735,20.76688717672426,3841.8001225574585,3402.4242182628536,0.11473585230382277,78.83982435727246,172689766.0,80.97257897402527,85.7371722491074,-0.012717543639018891,-0.012799103831855473,0.015986812265872032,0.004089840700797209
2024-02-08,3877.003173828125,3899.4167572083225,3831.9413254430674,3835.6456317898123,2345173,3644.13798828125,3518.40455078125,3717.646365927009,3631.420596019284,70.73099480137802,86.22576990772495,62.15037308776718,24.075396819957774,3873.580425061891,3414.6955515006084,0.1183607165088243,77.35768029245939,175034939.0,93.69893609024984,90.30897350767039,0.012416154791076384,0.012339706486725416,0.016043033922562813,-0.007474336760766032
2024-02-09,3876.628173828125,3924.503225662895,3845.0237708866407,3879.300567921934,2100596,3665.067041015625,3531.300546875,3742.1051056041038,3649.58412030142,69.88139340626788,92.52098530268358,68.22449553075046,24.296489771933125,3899.3496283063046,3430.7844537249453,0.12086925894640463,79.92150303779843,172934343.0,87.42768953171108,87.36640153199541,-9.672419216255612e-05,-9.672887024888939e-05,0.01610398003490289,-0.0013064697047340257
2024-02-12,3864.436767578125,3900.917512535836,3850.2285690197773,3873.1582239962727,1013716,3684.3387939453123,3543.1405908203124,3760.925361292415,3665.499131210806,64.93738975789725,95.42623008160899,73.66484244092217,21.76138764068682,3917.5856889896722,3451.0918989009524,0.1207145615636701,77.65067827721714,171920627.0,84.2261442896124,88.45092330385779,-0.0031448479718293454,-0.0031498033983149197,0.01622874381518059,-0.004101275825424522
2024-02-13,3891.4453125,3910.670430925413,3827.674187966924,3868.8911494158424,1257415,3698.104138183594,3556.0078955078125,3781.0053537858894,3682.2358853803757,77.03521050988522,98.76946840551363,78.68576763384047,20.083700771673165,3946.4128033836378,3449.79547298355,0.12761770769458491,76.86023613669548,173178042.0,91.31876976016774,87.65753452716376,0.00698899905633632,0.00696468920439558,0.014134987613203531,-0.02864199064454287
2024-02-14,3845.117919921875,3858.9973357555955,3797.6646047310915,3851.588722467118,1391283,3708.5752197265624,3567.5006884765626,3790.868825499118,3694.301221272339,72.59455672941019,96.56760422677917,82.26213495242821,14.305469274350955,3963.380453573187,3453.769985879938,0.13253441852925107,78.33057668091458,171786759.0,79.15288501759886,84.89926635579302,-0.011904932193011475,-0.01197636338664577,0.014553288115246202,-0.02648714383467321
2024-02-15,3848.025146484375,3888.444422362778,3829.081186690457,3871.2826692770527,1091582,3721.170703125,3579.03671875,3799.662105650696,3705.6881786954527,76.96062831911551,93.97392695524331,84.60449335299124,9.369433602252073,3977.4695721772623,3464.8718340727373,0.1332105998768858,77.05781669486971,172878341.0,79.80946595715999,83.42704024497554,0.0007560825501442547,0.0007557968637255464,0.014201235490985006,-0.003923798930191347
2024-02-16,3871.5634765625,3889.991821945157,3845.117491300484,3857.4496096162657,1307556,3733.85810546875,3590.6868115234374,3810.723855021743,3717.9752377967156,79.27560772530506,92.74861722502737,86.23331812739848,6.515299097628898,3993.7121308908027,3474.0040800466977,0.13423725427473696,77.64061215780423,174185897.0,85.80758251288782,81.58997782921557,0.006116989671865802,0.006098356836510026,0.014202028763439891,-0.018457838491343526
2024-02-19,3848.587646484375,3871.56401029997,3802.822664172948,3866.640503768057,772291,3744.5585327148438,3600.52697265625,3816.549053708302,3727.6502310328387,76.00564018267266,88.89882267546318,86.76641903701142,2.1324036384517626,4004.8240279745755,3484.293037455112,0.13525247138257604,78.4779273847199,173413606.0,79.1527553004717,81.58993459017317,-0.005934509460380766,-0.005952188641192893,0.01435303281053125,-0.025037784318072798
2024-02-20,3779.986572265625,3843.1482139238024,3760.6208730684352,3828.2371155114192,1193648,3748.6661376953125,3608.793955078125,3810.924056563275,3731.526997050082,66.75255009440357,79.39705951319274,85.29254713224769,-5.895487619054947,4008.4193274058566,3488.9129479847684,0.13743603832690593,82.24592264638409,172219958.0,59.41529109457152,74.7918763026437,-0.017824999849338496,-0.017985778612080765,0.014646044601769673,0.01829730685453068
2024-02-21,3743.271728515625,3810.6535246443304,3733.0496825963114,3763.4346602864093,1885939,3754.9143188476564,3616.1068359375,3800.516006094406,3732.3969771586408,60.70128723606567,68.11902893576507,81.85784349295118,-13.738814557186103,4007.3741147768815,3502.4545229184314,0.13488723995430418,81.10046393195272,170334019.0,38.20959516565873,58.925880520233996,-0.00971295613042189,-0.00976043457633352,0.013902275560545208,0.03193033646762444
2024-02-22,3832.92626953125,3840.287946278356,3724.0463538039667,3724.0463538039667,2982052,3766.4165771484377,3624.9110693359376,3805.502200469305,3739.843591408464,59.66098575319816,65.65860906084117,78.61799660652918,-12.959387545688003,4010.5353931842174,3522.297761112658,0.1273798653401357,80.67846851133679,173316071.0,56.14204688858738,51.25564438293922,0.023950850357095765,0.023668527767241,0.014666222574434182,0.0019573027859318692
2024-02-23,3800.102783203125,3873.1581442686033,3794.7570791114713,3873.1581442686033,2538072,3777.7546875,3632.51494140625,3804.6715208898927,3744.3072352451054,56.03188704060325,60.36428564478729,74.9672544141808,-14.602968769393513,4004.566385901651,3550.942989098349,0.1193713493246466,82.26606125776321,170777999.0,37.941542583934776,44.09772821272697,-0.008563557976328906,-0.00860043592752057,0.014681349021052266,0.010426771325636741
2024-02-26,3752.2275390625,3798.1333269385277,3735.065557497388,3785.0039771663946,1379284,3787.13515625,3640.6244091796875,3796.6032159933707,3744.893924416764,37.54036813133513,51.709291576606574,70.31566184666596,-18.606370270059386,3991.2101888037805,3583.0601236962193,0.10877540363917752,75.08179032143718,169398715.0,14.058478014275938,36.04735582893271,-0.01259840769366527,-0.012678440533259859,0.015056991798654423,0.019907120275690415
2024-02-27,3849.150146484375,3867.5313277921664,3750.3049902620937,3750.3049902620937,2960475,3801.382849121094,3649.299560546875,3804.687359145833,3752.6166075328833,51.77276473107834,52.07075161294961,66.66667979992269,-14.595928186973083,3977.8425509761105,3624.923147266077,0.09168761681909773,78.02584287970278,172359190.0,62.40933100453949,38.13645053425008,0.025830684949903482,0.025502708715251992,0.015898191309674525,-0.02248790586954219
2024-02-28,3862.795654296875,3896.509674983892,3834.7080400231876,3840.8976823678586,1939225,3815.590686035156,3654.63875,3813.627096861378,3760.77801840429,48.63798111944729,52.849078457088126,63.90315953135578,-11.054081074267657,3959.2460086198585,3671.9353634504537,0.07437893973236917,77.44305233969438,174298415.0,69.21653481146856,48.561447943428014,0.003545070286479435,0.003538801336355239,0.015898460729847255,-0.01326809847370225
2024-02-29,3840.428466796875,3880.7543245620564,3811.778305779147,3844.0858367320416,3772719,3826.888952636719,3659.564130859375,3817.7503845437623,3766.6780516185554,46.67008624588629,51.072332925206865,61.336994210126,-10.264661284919136,3935.1154719253536,3718.662433348084,0.056361689964714565,76.69280691159828,170525696.0,62.36178888994518,64.66255156865108,-0.0057904143790571405,-0.005807243826158393,0.01597367680276849,0.00329673857522339
2024-03-01,3839.7255859375,3882.536555650418,3832.645068891089,3851.7765458152944,2043265,3832.893310546875,3665.27638671875,3821.1311847581833,3772.0889800866253,47.677802926883714,49.04220467155801,58.878036302412404,-9.835831630854393,3928.675640860799,3737.110980232951,0.04989019562476775,76.63584571468901,168482431.0,61.98515964134408,64.52116111425262,-0.00018302146894599858,-0.00018303821941887476,0.014767137342352958,0.00683858786091851
2024-03-04,3826.923583984375,3861.8100917321044,3822.422047413583,3849.712426845909,1749271,3837.929333496094,3671.405947265625,3822.0223231006744,3776.1508025975695,43.77032803360165,45.871520503104875,56.2767331425509,-10.405212639446027,3919.651998911109,3756.206668081079,0.04270932702028503,73.52097438326275,166733160.0,59.65165779944784,61.33286877691237,-0.0033340929362272176,-0.0033396634091768544,0.014809772685833262,0.027336193967507194
2024-03-05,3762.5908203125,3811.2631094828985,3732.4870019050036,3809.3874878739007,2070859,3832.1196411132814,3676.110087890625,3812.8790149794168,3775.1463594653424,42.299615880642406,37.732655514074395,52.5679176168556,-14.835262102781208,3918.0265728895065,3746.2127093370564,0.045663711989330856,73.56782254829581,164662301.0,22.34937043111771,47.995395957303224,-0.01681056918437218,-0.01695347056877903,0.012079405489961847,0.0341216327575149
2024-03-06,3811.543701171875,3818.7647970643775,3712.276356698517,3745.662505937648,1744204,3831.2240234375,3681.11341796875,3812.673582085949,3777.8424588510115,46.86536605719008,34.83112323493742,49.02055874047197,-14.189435505534547,3917.619974117007,3744.8280727579927,0.04533383712900599,76.93390859783436,166406505.0,53.88132038041858,45.29411620366139,0.013010418405078994,0.012926509917587054,0.01218586040118059,0.03525833163966663
2024-03-07,3853.08935546875,3867.5315494972733,3786.598435635506,3812.2007150112554,2688905,3830.0283325195314,3687.4775927734377,3818.8913933756107,3783.416303044918,48.46027563944083,35.47509033069264,46.311465058516106,-10.836374727823468,3914.3947077054445,3745.6619573336184,0.04379154875615358,79.50953597048394,169095410.0,76.43188543743814,50.88752541632482,0.010899954861884886,0.010840978526459167,0.01210794425268644,0.02693119753363482
2024-03-11,3865.98388671875,3894.7276920199565,3834.707809455719,3834.707809455719,2304068,3829.4961181640624,3693.808154296875,3826.136392351478,3789.532420354091,51.474669540762484,36.60397199738736,44.36996644629036,-7.765994448903001,3912.7517127223196,3746.2405236058053,0.043070844058235455,78.88657428742788,171399478.0,83.43090785636701,71.24803789140792,0.0033465435292068246,0.003340956314179154,0.01213453948694759,0.007313892518315379
2024-03-12,3931.537109375,3966.8927577504023,3864.764800933032,3865.984229655007,4039801,3832.8511352539062,3701.660244140625,3842.3518872781738,3800.0512862074916,62.91358242332362,42.300601070682205,43.956093371168734,-1.6554923004865287,3926.7614942277173,3738.940776280095,0.04777284627423501,79.89808738753007,175439279.0,86.1141512368409,81.99231484354868,0.016956413833345785,0.01681425856034632,0.012686188007678732,-0.05127320788873224
2024-03-13,3890.9765625,3977.255146194866,3874.9399080779876,3943.493961270788,2837260,3832.8276977539062,3708.822197265625,3849.83260654307,3806.7864918587884,62.50394236372262,43.04611468428175,43.77409763379134,-0.7279829495095953,3926.676697895925,3738.9786976118876,0.048239303750377535,81.66318710673431,172602019.0,67.43943775291149,78.99483228203981,-0.010316714747084732,-0.010370300922809295,0.012840931350979187,-0.04292602827053782
2024-03-14,3945.932373046875,3962.2501875616867,3831.8945009176455,3895.1500154804917,2919608,3837.8684204101564,3716.7535791015625,3864.617186005194,3817.093594169017,60.16361988986463,47.523591836177275,44.52399647426853,2.999595361908746,3944.46130626501,3731.275534555303,0.054026717022799514,82.6713366902809,175521627.0,88.17913946681972,80.57757615219072,0.014123911995904015,0.014025098882428044,0.012882134037422905,-0.05576815622842424
2024-03-15,3956.857666015625,3975.3794267322946,3917.2351652419898,3931.865103264559,3373143,3843.3100463867186,3725.4231494140627,3878.808029083722,3827.446488379877,64.67643041013362,51.361540703845094,45.891505320183846,5.470035383661248,3962.458570564647,3724.1615222087903,0.060223811031295135,81.22442214265038,178894770.0,92.3022215404735,82.64026625340158,0.002768748152750078,0.0027649222299674816,0.012884918988334928,-0.07308168565390549
2024-03-18,3894.25927734375,3990.1504299285543,3861.764225288072,3953.106903991148,1526904,3844.4448364257814,3734.5441455078126,3881.185144200649,3832.395583858682,62.94116966469579,48.78956034196699,46.471116324540475,2.318444017426515,3965.148539953497,3723.7411328980656,0.06199058405276345,85.74934920941791,177367866.0,65.49114803306031,81.99083634678452,-0.015820227553170696,-0.01594670304064197,0.013392600546771665,-0.06622516141109658
2024-03-19,3729.95458984375,3805.6358684946754,3719.9200610190014,3799.3056461900082,8931209,3838.51318359375,3740.84376953125,3857.9189050688187,3824.807362079798,40.32725565196049,33.11154298902056,43.7992016574365,-10.687658668415935,3969.5750314254606,3707.4513357620394,0.07027530479249122,89.82884055189477,168436657.0,6.361958472654877,54.71844268206289,-0.042191512120392516,-0.043107429263230745,0.01640667247024212,-0.0342946482021671
2024-03-20,3723.952392578125,3768.123367840969,3713.9178639455963,3738.113425638154,1817913,3835.711474609375,3745.699013671875,3837.308672377943,3817.3366235981925,38.59131410177909,19.972048779750367,39.033771081899275,-19.061722302148908,3974.2250551223237,3697.197894096426,0.07439062904724984,89.2862597615139,166618744.0,4.201916265106246,25.351674256940488,-0.0016091877584698544,-0.0016104838917586958,0.01594839086316331,-0.023823224193517567
2024-03-21,3725.875,3759.120343748554,3702.476668668117,3741.9116546616547,3829582,3834.8416381835937,3751.702841796875,3820.165030473644,3810.561688516845,40.25994460740788,9.603341956798886,33.1476852568792,-23.544343300080314,3975.9928218761106,3693.6904544910767,0.07576807256953974,88.4053780684802,170448326.0,8.133634165758608,6.2325029678399195,0.0005162814180188491,0.000516148190620801,0.015804979202434153,-0.014145691448317455
2024-03-22,3667.683837890625,3693.098599879169,3615.260310445454,3654.6483605203457,5852485,3826.5795166015623,3756.3267822265625,3796.706385460872,3799.978144026014,36.674622626835024,-3.271758565142136,25.863796492474933,-29.13555505761707,3986.322848642967,3666.8361845601576,0.08710856175284568,92.74274969671,164595841.0,13.983704749891265,8.773085060252049,-0.01561811979987926,-0.01574136758291851,0.015094735451450137,-0.006929318857501809
2024-03-26,3636.361328125,3701.2577888212077,3630.687527069717,3634.016801156512,3440925,3818.392443847656,3759.89306640625,3772.0379151015068,3787.8583798851982,35.651777812401974,-15.820464783691477,17.52694423724165,-33.34740902093313,3999.2393149471877,3637.5455727481244,0.09946584224223992,94.97005094192211,161154916.0,5.628587306751124,9.248642074133675,-0.008540133542055628,-0.008576809443196432,0.015094207776457287,0.018001232129688294
2024-03-27,3602.037109375,3652.772761001774,3591.252286075508,3646.6769913107573,1968575,3810.882922363281,3762.3537744140626,3745.8839449897364,3774.0938413288873,37.339108014164665,-28.209896339150873,8.379576121963145,-36.58947246111402,4014.355684852847,3607.410159873715,0.11297649430650702,92.61890043098603,159186341.0,2.7036534177100857,7.438648491450834,-0.009439166147908185,-0.00948399741289809,0.014994658998333051,0.04228171124954794
2024-03-28,3635.23583984375,3671.529069915745,3601.6621693515754,3610.6652440946027,4311783,3800.18720703125,3762.73572265625,3728.8611595826615,3763.8080634410994,35.742520892122926,-34.94690385843796,-0.2857198741170759,-34.661183984320886,4017.2271425916547,3583.1472714708457,0.11940899854779893,90.00307615943666,163498124.0,11.0262618279656,6.452834184142279,0.009216654204462271,0.00917444003114569,0.013787209069164478,0.02655869478464834
2024-04-01,3673.169921875,3688.6907341711717,3646.254801582969,3655.304582916496,1569676,3790.705920410156,3763.4851953125,3720.293276858406,3757.094127028796,35.36497889712055,-36.80085017038982,-7.588745933371626,-29.212104237018195,4012.7399442955125,3568.6718965247996,0.1208950462994194,88.0403461926977,165067800.0,20.53597818431189,11.421964476662536,0.010435108945470839,0.010381039021196643,0.014036956026090702,0.014246571554818788
2024-04-02,3642.269287109375,3666.6993019354495,3632.140885633653,3648.0836677291272,2142666,3780.797961425781,3764.408271484375,3708.2895861277857,3748.588583331061,32.3204766316794,-40.29899720327512,-14.130796187352326,-26.168201015922797,4011.0237139451206,3550.5722089064416,0.126418852847673,86.6838571696341,162925134.0,12.789480678188799,14.783906896822105,-0.008412525263696846,-0.008448110268059172,0.014082275013585553,0.016156865846869817
2024-04-03,3701.8203125,3733.424488071944,3611.509094088183,3611.509094088183,3973090,3773.902697753906,3766.088369140625,3707.2943132619725,3745.1242669732046,31.67226998717682,-37.829953711232065,-18.870627692128274,-18.95932601910379,4004.9564040702035,3542.8489914376087,0.12483248067773273,88.09724553866201,166898224.0,27.718360721414633,20.347939861305118,0.01634997873479227,0.01621775709971886,0.01470023373918322,0.00946219448624297
2024-04-04,3754.33740234375,3778.1107648289094,3690.519342135764,3728.6412532863997,3394637,3770.273388671875,3768.48353515625,3714.531711582246,3745.806721445097,39.302474401868814,-31.27500986285122,-21.351504126272864,-9.923505736578356,4000.0974728531783,3540.449304490572,0.12243123595541998,87.0455444369668,170292861.0,40.88389950691612,27.13058030217319,0.01418682848176478,0.014087137193053099,0.015115403234134798,-0.00047458128833532953
2024-04-05,3731.782958984375,3753.1181508715135,3714.1990096268437,3730.610695693873,1636819,3768.7329956054687,3769.1625048828123,3717.185749644112,3744.7679242257846,32.33810730325115,-27.58217458167246,-22.597638217352785,-4.984536364319677,3999.186007615512,3538.279983595425,0.12350826108748968,80.60145201360001,168656042.0,35.22971341784084,34.61065788205721,-0.006007569630074983,-0.006025687676566753,0.014702311816685422,-0.009562076396777197
2024-04-08,3725.5,3781.8622865716975,3713.7304297404708,3735.3000761758317,2302538,3764.430810546875,3771.3063427734373,3718.4648650834793,3743.34067057943,30.77162195926806,-24.87580549595077,-23.053271673072384,-1.8225338228783876,3994.731284988758,3534.130336104992,0.12363466618809991,81.31485168080872,166353504.0,33.65463489687538,36.58941594054412,-0.0016836346200811425,-0.0016850535256841565,0.014365054222546489,-0.02510988457925112
2024-04-09,3701.116943359375,3766.1072720566044,3680.954012876369,3736.2379090370728,1876992,3756.8321899414063,3773.2710595703124,3715.7959540490015,3740.212987081648,32.85889541758225,-24.417033032646486,-23.326023944987206,-1.0910090876592804,3984.832879228084,3528.8315006547286,0.1232064226966735,78.22678414793394,164476512.0,51.24676807972395,40.0437054648134,-0.006544908506408542,-0.006566420333419516,0.014129475118625346,-0.021423734850945952
2024-04-10,3736.84765625,3742.0525519030043,3674.342658956251,3710.354501549767,2101965,3750.375378417969,3776.541201171875,3719.0346774645395,3739.963703316341,50.79264279984062,-20.92902585180127,-22.84662432635002,1.9175984745487504,3972.6018979277073,3528.1488589082305,0.11893796052298641,70.61040390664857,166578477.0,76.3839094458419,53.76177080748041,0.009654035102763636,0.009607732670898032,0.014322154734271236,-0.039765184245159846
2024-04-12,3752.5556640625,3763.76268515537,3700.1321372268762,3724.0463102085732,4354821,3741.426306152344,3780.299951171875,3724.1917523257644,3740.89644114939,53.217312119258125,-16.704688823625474,-21.618237225805114,4.913548402179639,3946.70426219067,3536.148350114018,0.10940701453371275,71.2836213375858,170933298.0,84.62482428322033,70.75183393626206,0.004203545142180909,0.004194734927095027,0.013723966756717663,-0.034187963567537394
2024-04-15,3696.099365234375,3811.450077595125,3675.326950485817,3752.555521752734,4200329,3731.6824462890627,3782.9380126953124,3719.869846619397,3737.578139229759,47.01679786222096,-17.70829261036215,-20.836248302716523,3.127955692354373,3925.236917156772,3538.1279754213533,0.10473445204871315,76.9607250539337,166732969.0,47.61495491613511,69.54122954839912,-0.015044759860272316,-0.015159080325053581,0.013909940775887027,-0.01687292670172047
2024-04-16,3631.953125,3684.376648663715,3622.6219548397376,3659.337150142385,3051420,3715.9834838867187,3784.004296875,3706.3441971394896,3729.7540641016285,46.4623757734805,-23.40986696213895,-21.35097203460101,-2.0588949275379385,3885.8531495068637,3546.1138182665736,0.09354177202942014,74.30806225679736,163681549.0,18.48376345803686,50.241180885797434,-0.017355117894755856,-0.01750748340773775,0.013712703698414585,-0.010780305556153058
2024-04-18,3621.8251953125,3691.2231923226304,3610.571466067614,3635.7048405060677,3476284,3699.2318603515623,3784.1515380859373,3693.341273781491,3721.7593330802115,48.49776051629147,-28.418059298720436,-22.764389487424896,-5.65366981129554,3830.859456670006,3567.604264033119,0.07268578090891895,75.02816686419204,160205265.0,13.884294218332103,26.661004197501367,-0.002788562885843948,-0.002792458170510891,0.01362334309933169,-0.002537580731400313
2024-04-19,3588.251220703125,3612.9626239981167,3564.5245644253832,3599.3174326502835,2957749,3683.9314575195312,3781.5237939453127,3677.1735733078963,3711.8698432745014,48.57308194650081,-34.69626996660509,-25.150765583260934,-9.545504383344152,3788.4570796580897,3579.405835380973,0.0582599242413559,74.72674943282423,157247516.0,9.6088314135994,13.992296363322794,-0.009269904757642,-0.00931313770906316,0.013409493823639257,-0.001267564494232598
2024-04-22,3624.263427734375,3636.8299998951316,3574.934491903105,3598.379760081903,1728883,3678.6468994140623,3779.485,3669.03355091197,3705.380479160418,48.8708691100548,-36.346928248447966,-27.389998116298344,-8.956930132149623,3784.0586145110397,3573.235184317085,0.05817000734015245,74.15736424909973,158976399.0,24.19307042917192,15.89539868703448,0.01003614429877997,0.009986116647284528,0.01030639018510526,0.0014489743774042108
2024-04-23,3633.7353515625,3652.7729560208513,3620.5123570552523,3635.9392984592287,1807586,3674.1360473632812,3774.584013671875,3663.6030587043592,3700.0734326716833,45.68942419124263,-36.47037396732412,-29.2060732865035,-7.264300680820622,3779.1049597272104,3569.167134999352,0.05777466007192443,72.64348600896953,160783985.0,28.02901419476225,20.610305345844527,0.0026134755425453182,0.0026100663539351,0.010344752640324242,-0.013949547762732273
2024-04-24,3592.799560546875,3655.585938193527,3586.6099186323313,3648.083452943258,1317312,3667.482275390625,3769.8508837890627,3652.710212833977,3692.1272199216974,44.708573014963434,-39.41700708772032,-31.248260046746864,-8.168747040973457,3775.469600097131,3559.494950684119,0.0601131918921015,74.63969910324444,159466673.0,11.450820030063246,21.224301551332477,-0.011265484977606488,-0.011329421188631606,0.010576264890651336,0.008418123081056716
2024-04-25,3612.634521484375,3632.7505162587627,3573.9967644173494,3574.184280775608,2856271,3664.7298095703127,3764.5635107421876,3646.5447218571153,3686.238871889303,39.57465874682471,-39.694150032187736,-32.93743804383504,-6.7567119883526985,3775.466776280008,3553.992842860617,0.0613053803539448,70.12815323593388,162322944.0,19.48359099925212,19.654475074692545,0.005520753552552993,0.005505570049942079,0.010167197427811608,-0.0022845305217129575
2024-04-26,3583.702880859375,3635.704436508526,3566.0719945433134,3615.4006982107267,2039178,3662.096887207031,3758.7050048828123,3636.8767463190015,3678.6436132944937,28.88971178449627,-41.76686697549212,-34.703323830166454,-7.063543145325667,3778.0548259195784,3546.138948494484,0.06471403605018754,68.84536889822441,160283766.0,7.7668427971355545,12.900417942150312,-0.00800846043322212,-0.008040700396155806,0.01014631155144816,0.026090264446519518
2024-04-29,3629.514892578125,3636.6423454168485,3581.6865473099597,3599.3174341023114,1110693,3663.4707763671877,3754.0065673828126,3635.74415343579,3675.004448796985,38.03624000396356,-39.26029536119495,-35.614718136372154,-3.6455772248227944,3777.0594293373406,3549.882123397035,0.06259164452110479,69.90375499750887,161394459.0,26.31981090905047,17.856748235146053,0.012783429107204425,0.012702410807894058,0.010351358426575747,0.028099364120374615
2024-04-30,3583.04638671875,3640.3467125091584,3573.058794270598,3631.2030581143713,2203078,3660.8613037109376,3747.8385888671874,3627.6368047100914,3668.1927404948933,34.76735819851608,-40.55593578480193,-36.602961666058114,-3.9529741187438177,3779.4681276523183,3542.254479769557,0.0662044590776272,69.84347366946129,159191381.0,7.500975519107037,13.862543075097692,-0.012802952249733712,-0.012885616363983816,0.01053706808984536,0.040909276119812876
2024-05-02,3623.044189453125,3630.3591588386275,3543.095825813969,3543.095825813969,2491044,3658.355017089844,3743.3971142578125,3626.930248516712,3664.848403380688,41.9214134849062,-37.91815486397627,-36.86600030564175,-1.0521545583345215,3777.9807504181417,3538.729283761546,0.06603603327640042,69.99419322977721,161682425.0,29.792098730768867,21.204295052975464,0.011163071425096316,0.011101224187722856,0.010578622821626894,0.025082228834536258
2024-05-03,3604.38134765625,3651.4596252829774,3561.4298032069573,3648.2239953859785,2962234,3656.4606201171873,3738.52423828125,3623.4611868458715,3660.369362215915,35.79114968127102,-36.90817537004341,-36.87443531852208,-0.03374005152132753,3778.337722010775,3534.5835182235996,0.06762719598071291,71.58847388186769,158720191.0,22.83754456479833,20.043539604891418,-0.0051511493707980804,-0.005164462278247155,0.010477049862917375,0.013139458501365553
2024-05-06,3677.20263671875,3694.927167103904,3613.384573734727,3613.384573734727,2053831,3655.229736328125,3734.637021484375,3631.72910221093,3661.616271438347,42.7995666374955,-29.887169227417417,-35.47698210030115,5.5898128728837335,3775.6667134266518,3534.7927592295982,0.0655046724354551,73.51099327609343,160774022.0,49.973797699932064,34.20114699849976,0.0202035473049631,0.020002163568829886,0.010832088318950822,0.006822149405297795
2024-05-07,3731.501953125,3739.9891860111734,3670.1222867238534,3686.3464581217104,2062112,3654.0879638671877,3732.2953076171875,3647.0787715823253,3666.7929886003217,53.39693245440452,-19.71421701799636,-32.324429083840194,12.610212065843832,3770.9487533877395,3537.227174346636,0.06263471973942562,68.77840557452285,162836134.0,95.68942656134791,56.16692294202611,0.014766473803766944,0.014658510952241004,0.010873523141044002,-0.019540334116885938
2024-05-08,3729.626220703125,3736.5192209369857,3693.66131770256,3714.6681858171114,1247685,3653.980126953125,3731.2881005859376,3659.7783791393713,3671.4473020894184,60.643807355050996,-11.66892295004709,-28.193327857081574,16.524404907034484,3770.542640570265,3537.4176133359847,0.06250627098774812,66.591297920222,161588449.0,94.73676242885163,80.13332889671055,-0.0005026749135972342,-0.0005028012969865616,0.010789428435784232,-0.024277407155241626
2024-05-09,3713.918212890625,3724.0466151272376,3666.887093758869,3715.606318089679,1726486,3653.4010375976563,3730.7010302734375,3668.1075843318717,3674.5932954821005,59.915140674261124,-6.485711150228781,-23.851804515711017,17.366093365482236,3768.574287437896,3538.2277877574165,0.06202250197136027,65.31182654088197,159861963.0,86.75883580060606,92.39500826360188,-0.004211684196476551,-0.004220578319972769,0.01082526492683497,-0.007802022704263445
2024-05-10,3651.740966796875,3726.484662213695,3643.441479536376,3716.1687445881325,1672489,3650.932238769531,3727.07732421875,3665.5896431726414,3672.900530394306,56.43900115024396,-7.310887221664416,-20.5436210569017,13.232733835237283,3763.894474511765,3537.970003027297,0.06186760603741227,67.15058024018215,158189474.0,55.179687559569025,78.89176192967558,-0.016741684261634804,-0.016883410306169692,0.011371130905950788,-0.008200751848684074
2024-05-13,3702.2890625,3709.041253630369,3629.327345524533,3642.925600436705,931326,3649.204309082031,3725.1210498046876,3671.235707684543,3675.077458698431,57.68657057282176,-3.84175101388837,-17.203247048299033,13.361496034410663,3757.5979061022767,3540.8107120617856,0.058554907620882495,68.42332310545423,159120800.0,80.85251657332567,74.2636799778336,0.01384219093378447,0.013747262814532436,0.011606230774645837,-0.02528854087315069
2024-05-14,3658.587158203125,3700.413608162642,3650.803283386374,3691.2230172569975,1058317,3644.5058837890624,3723.2482421875,3669.289776995094,3673.855954958038,52.29355358835195,-4.566177962944039,-14.675833231228035,10.109655268283996,3741.5935790177086,3547.418188560416,0.05307387307199197,69.79655025888474,158062483.0,58.65679384662625,64.89633265984033,-0.011804022743530762,-0.011874243357492709,0.011821965647283026,-0.0105987939199923
2024-05-15,3639.08056640625,3682.7357004952323,3634.485385536964,3661.6818959693137,1115021,3641.6549438476563,3719.0468505859376,3664.642206135272,3671.2800002504982,54.44713810949549,-6.63779411522637,-13.068225408027702,6.430431292801332,3735.66343982756,3547.6464478677526,0.05166607018692153,68.31614278724707,156947462.0,48.74960765343085,62.7529726911276,-0.005331728056044316,-0.005345992443223639,0.011415852526854668,0.010655673805827215
2024-05-16,3684.942138671875,3693.0187445265583,3630.67337116967,3675.637702384871,2599399,3644.30439453125,3715.4897802734376,3667.7652726793644,3672.2920105039334,56.617061566722185,-4.526737824568954,-11.359927891335953,6.833190066766999,3740.1308291010573,3548.477959961443,0.05200973636147505,68.57268718120956,159546861.0,72.0422022942344,59.81620126476384,0.01260251633035847,0.012523765569701679,0.011077988651159729,-0.013189101046853002
2024-05-17,3621.7939453125,3702.937300542508,3617.9208829280115,3701.992673680125,2765804,3644.30283203125,3711.11708984375,3660.69276077677,3668.551413082346,53.280380538921186,-7.858652305576015,-10.659672774183967,2.801020468607952,3740.130810913261,3548.474853149239,0.05291741072461404,69.67154258472985,156781057.0,39.969920478429984,53.587243475365085,-0.01713682087343027,-0.017285355575724325,0.011764745482622527,0.0033775831372413467
2024-05-21,3608.66357421875,3631.8542103330115,3599.0757035999536,3618.487832180219,1908117,3645.323449707031,3706.495849609375,3652.6882705370745,3664.1152768702277,48.097186159363375,-11.427006333153258,-10.813139485977826,-0.6138668471754318,3739.0495878970255,3551.597311517037,0.05194506845115668,68.08745034374192,154872940.0,33.30114755458319,48.4377567757492,-0.003625377724965295,-0.003631965333321537,0.011595502879434217,0.005156725290685671
2024-05-22,3619.810546875,3628.548346342274,3606.1607332910276,3622.644427783305,1311168,3645.1008056640626,3702.3535888671877,3647.6301592044474,3660.8334450187294,53.58614599539672,-13.203285814282026,-11.291168751638667,-1.9121170626433592,3739.058455623558,3551.143155704567,0.05191302071905922,64.8802856875052,156184108.0,38.962573945513185,37.41121399284213,0.0030889475915369946,0.0030841865947188653,0.011392264871199013,-0.00739832022458875
2024-05-23,3677.857421875,3688.7679082914883,3613.6700725144915,3628.2645114562283,2095742,3647.3069091796874,3700.6589208984374,3652.2805073076092,3662.0944803414163,55.16487146509983,-9.813973033807088,-10.995729608072352,1.1817565742652647,3742.208159171233,3552.4056591881417,0.05160681293793292,64.0113215983865,158279850.0,65.20386486497287,45.82252878835643,0.016035887582600772,0.015908670956287684,0.01193667167411192,-0.040413942603088726
2024-05-24,3636.341064453125,3668.7418115804035,3631.429050950218,3663.4990864307915,1309452,3649.483984375,3697.1548681640625,3649.828285329996,3660.1868199052465,52.88711647269571,-10.35853457525036,-10.868290601507955,0.5097560262575946,3741.05975686023,3557.90821188977,0.050366987508638626,60.896932230440925,156970398.0,26.445560932315587,43.53733324760055,-0.011288191101412992,-0.011352386286124092,0.011937867758358518,-0.04638263654261088
2024-05-27,3634.02685546875,3691.9325288692844,3628.64252842061,3641.5365929797185,1841538,3650.553601074219,3692.7736181640626,3647.3972961205736,3658.2490447618025,45.53028571989833,-10.851748641228824,-10.86498220945213,0.013233568223306236,3740.8073233485857,3560.299878799852,0.04967146686797117,58.9500880162281,155128860.0,24.80327025525663,38.81756535084837,-0.0006364114210840599,-0.000636614016793212,0.011885470316042793,-0.03748330363224017
2024-05-28,3627.2724609375,3655.7058206803945,3617.9207475984267,3644.370298755804,1801993,3652.732080078125,3687.9993896484375,3644.30116763087,3655.954482997039,38.031608904172536,-11.653315366168954,-11.022648840795496,-0.6306665253734582,3738.1663461029593,3567.2978140532905,0.04710661630461208,56.65852900156009,153326867.0,20.51515988796952,23.921330358513917,-0.0018586528938512314,-0.0018603823324240606,0.011736125863205066,-0.03252682114418037
2024-05-29,3593.030029296875,3635.774396680819,3589.582233347775,3635.774396680819,1568095,3650.9078369140625,3681.229248046875,3636.4133001948708,3651.2934123525824,35.40025113117537,-14.880112157711665,-11.79414150417873,-3.085970653532934,3739.9129289184325,3561.9027449096925,0.049543194061079154,56.896690437175685,151758772.0,2.518433001982441,15.94562104840287,-0.009440270067767376,-0.009485111852755381,0.01157986538481556,-0.015038202966069725
2024-05-30,3529.220703125,3584.2922676744465,3509.714018991741,3567.8558516313005,2919230,3648.216552734375,3673.994130859375,3619.922131414891,3642.250989446836,32.09964294838228,-22.328858031944947,-13.901084809731975,-8.427773222212972,3748.4129675345334,3548.0201379342166,0.05678104217819988,58.36646782009556,148839542.0,8.99876655031926,10.67745314675708,-0.017759196458584037,-0.01791878323294016,0.011906746779302351,0.025240099260581683
2024-05-31,3467.677978515625,3542.1618998121,3451.430442400017,3532.904510318457,10956800,3640.4482421875,3664.42904296875,3596.499954045773,3629.3196553037833,32.13917156894804,-32.819701258010355,-17.684808099387652,-15.134893158622702,3768.9541283865374,3511.9423559884626,0.07411638969662669,58.915630301150095,137882742.0,6.307008637543795,5.9414027299485035,-0.017438049299348446,-0.01759188307830414,0.012123888234760068,0.0607472368466353
2024-06-03,3497.8115234375,3543.814803588551,3491.340737451897,3526.103050659108,2156773,3635.1197509765625,3655.2481201171877,3581.317118567577,3619.5783122025773,29.339670673214613,-38.26119363500038,-21.8000852065102,-16.46110842849018,3777.960795884964,3492.278706068161,0.08167452359927252,58.66012437022797,140039515.0,18.44127885014626,11.249018012669778,0.008689833689451643,0.008652294401365133,0.01233491355710198,0.04208916624485348
2024-06-04,3509.288818359375,3537.627624429572,3392.6274000370645,3495.1194153242764,3395997,3626.7240600585938,3647.5487109375,3570.235841612469,3611.4087200660438,33.86420438371432,-41.17287845357487,-25.674643855923136,-15.49823459765173,3778.6032581325976,3474.84486198459,0.08655839170570678,65.33972760443378,143435512.0,37.59513252136407,20.78114000301805,0.0032812788353431266,0.0032759071873213336,0.011310944465503544,0.03690435964206884
2024-06-05,3538.997314453125,3574.2792205302862,3495.1194421750433,3510.2334721952598,2799670,3617.098828125,3643.7295654296877,3565.429914357185,3606.0449122428645,39.41663314668112,-40.61499788567926,-28.66271466187436,-11.952283223804898,3765.376167529876,3468.8214887201243,0.08379624296368753,67.54754641850339,146235182.0,47.16894761565015,34.4017863290535,0.008465674280875746,0.008430041423235382,0.010891323134031163,0.02274151986657036
2024-06-06,3618.298583984375,3627.2725390345563,3534.3213495003415,3571.634109972148,4328036,3611.5324462890626,3641.6164892578126,3573.5635558382914,3606.9525916311245,43.41821253952382,-33.389035792833056,-29.607978888066103,-3.7810569047669524,3750.0612863481256,3473.0036062299996,0.07657125958163391,69.73367614545529,150563218.0,72.72445499773036,52.4961783782482,0.022407835464408832,0.022160468407158625,0.012243183780609937,0.012466135705750725
2024-06-07,3678.329833984375,3698.2142761529285,3624.8168128885063,3624.8168128885063,4552445,3609.75302734375,3640.6655859375,3589.681444783843,3612.239794768402,55.61813263307042,-22.5583499845593,-28.198053107364743,5.639703122805443,3743.5788032601217,3475.9272514273785,0.0727644240491676,69.3693386136022,155115663.0,93.4930313689423,71.12881132744094,0.016591016083005172,0.016454888772459805,0.012863521703591532,-0.015896390646787828
2024-06-10,3645.031494140625,3689.617834286387,3629.161717309955,3679.321494112552,1734661,3609.4175537109377,3640.2125390625,3598.1968369925785,3614.668809536715,53.47470740918546,-16.471972544136406,-25.852836994719077,9.38086445058267,3742.8331601775394,3476.001947244336,0.07320408983081042,71.34631077384321,153381002.0,82.596509807913,82.93799872486188,-0.009052570418265349,-0.009093793908141459,0.01245800586170446,-0.011299025207485935
2024-06-11,3638.796875,3665.1045921861455,3628.31142559843,3632.0899326805425,1419898,3606.2429443359374,3640.26125,3604.442996686028,3616.4560736451062,51.83120374050245,-12.013076959078262,-23.084884987590915,11.071808028512653,3733.2200692654765,3479.2658194063984,0.06979071890597853,72.37527888359101,151961104.0,80.55629812740851,85.54861310142127,-0.0017104431472394488,-0.0017119076252952998,0.01202517542846805,-0.013083689019808276
2024-06-12,3619.4794921875,3677.9047569591216,3615.5121054162055,3659.8622913039767,2177001,3604.287561035156,3640.61009765625,3606.7563036862543,3616.6800305741726,43.914929741345446,-9.923726887918292,-20.452653367656392,10.5289264797381,3729.055955067425,3479.519167002887,0.06894272742894472,71.46776572401382,149784103.0,74.23489353766672,79.1292338243294,-0.00530872798787374,-0.005322869354949851,0.011797791783818757,-0.01158768998153703
2024-06-13,3663.40478515625,3674.5987063691045,3638.7028835305373,3643.23713885556,1932323,3605.503771972656,3641.1734765625,3615.471454681638,3620.1411235061782,52.80691243782894,-4.669668824540167,-17.29605645903315,12.626387634492982,3732.160109561092,3478.84743438422,0.06914678831104604,72.08854024235828,151716426.0,88.60897056836744,81.13338741114757,0.01213580379818735,0.012062755338604384,0.012062610883954045,-0.017379252379125076
2024-06-14,3619.857666015625,3673.654123447534,3616.031880832389,3673.654123447534,1860730,3602.249548339844,3640.1072314453127,3616.1462564253284,3620.120126655026,48.64623031099145,-3.9738702296976953,-14.63161921316606,10.657748983468364,3723.542983780784,3480.9561128989035,0.06701558272839382,71.68370039710615,149855696.0,74.35864683261528,79.06750364621648,-0.011887061816666766,-0.011958277864989117,0.012001790463836481,-0.003979648662431057
2024-06-18,3603.84619140625,3629.256562858962,3584.9063758687394,3614.1898098741085,1774045,3601.352160644531,3639.33876953125,3614.2539387300853,3618.9146499699314,47.80068303067176,-4.660711239846023,-12.637437618502053,7.97672637865603,3722.301843751624,3480.4024775374382,0.06712255556050647,72.15263710483863,148081651.0,69.11906494584217,77.36222744894162,-0.004423233200491761,-0.0044330446393424875,0.011414527296197002,0.006120373510451582
2024-06-19,3591.18798828125,3621.557881055292,3582.9225030243783,3615.7010098615556,1509050,3600.478381347656,3637.126123046875,3610.7053309687262,3616.8608231781773,49.81975986000424,-6.15549220945104,-11.34104853669185,5.1855563272408105,3721.4581592000673,3479.498603495245,0.06737590916832642,71.61286672611504,146572601.0,64.9768048835484,69.48483888733529,-0.0035124149180353337,-0.0035185979297610455,0.011412763971876684,0.01424364625161445
2024-06-20,3577.5380859375,3598.981069597492,3570.736818650082,3585.8035709865335,2846526,3598.3647583007814,3633.59013671875,3605.602677886999,3613.948027827016,55.24235161318688,-8.345349940017059,-10.741908817356894,2.396558877339835,3719.39949282433,3477.330023777233,0.0676637014707455,67.67916962913475,143726075.0,60.5100219780777,64.86863060248943,-0.003800943417134439,-0.0038081853591969183,0.011412853044906884,0.038788021725179256
2024-06-21,3599.737548828125,3663.0748389724167,3587.740831357369,3615.0877384675546,4642195,3594.4587646484374,3630.949228515625,3604.70035033948,3612.8953997530243,65.66566537358102,-8.195049413544439,-10.232536936594403,2.0374875230499647,3709.5901297370992,3479.3273995597756,0.06396653285245321,67.30811931648002,148368270.0,67.77455610098139,64.42046098753583,0.006205234537651982,0.006186061345043604,0.01086036580643003,0.024509368731783443
2024-06-24,3605.451904296875,3643.4258585651314,3581.363918973201,3597.8476118252383,1702154,3592.914306640625,3628.5482666015623,3604.815974025233,3612.3440297192356,63.55418075214139,-7.528055694002433,-9.69164068807601,2.1635849940735774,3706.498370942419,3479.330242338831,0.06300683926274421,66.30277035355175,150070424.0,69.64451712200531,65.97636506702146,0.0015874366926027506,0.0015861780468138537,0.010597912754966472,
2024-06-25,3625.903076171875,3634.5935975227003,3582.8752747763524,3605.6408753024607,1338808,3592.5081176757812,3627.0439892578124,3608.060143586255,3613.3484035305423,64.35965208469429,-5.288259944287347,-8.810964539318277,3.5227045950309304,3705.5298490331015,3479.486386318461,0.062341286561165006,59.639777378826075,151409232.0,64.39535237534828,67.27147519944499,0.0056722908578052955,0.005656263993479953,0.010683208532531753,
2024-06-26,3642.339599609375,3652.8248194664434,3628.3117983770853,3631.6179924136177,1639845,3593.261474609375,3625.153828125,3613.3339060513504,3615.495899536382,63.15535935608289,-2.1619934850314166,-7.481170328460905,5.319176843429489,3707.4536920150986,3479.0692572036514,0.06270267463142107,55.908489160206464,153049077.0,65.90781695987816,66.64922881907727,0.004533084059944903,0.004522840579104985,0.01072203299503425,
2024-06-27,3716.3037109375,3723.7191241208575,3606.679947095457,3618.865541478185,4526556,3599.425158691406,3624.4287890625,3629.1754144953734,3622.9631448253535,62.647807018873,6.21226967001985,-4.742482328764754,10.954751998784605,3726.181340125313,3472.668977257499,0.06821626610378975,57.62905969529116,157575633.0,95.1527641307997,75.15197782200872,0.02030675869324683,0.02010332589873173,0.01135017282664924,
2024-06-28,3687.96484375,3740.722345851188,3682.013879060851,3700.8591386940006,2731571,3607.3623657226562,3624.2660986328124,3638.2199420730085,3627.7780854864386,51.354194759082795,10.441856586569884,-1.7056145456978264,12.147471132267711,3735.481956578732,3479.2427748665805,0.06947983307010111,56.1142578825614,154844062.0,68.96353297215622,76.67470468761137,-0.007625551997834656,-0.007654775176172528,0.010637264054570286,
