date,texts,labels,sources,scores
2020-01-01,"['TCS quarterly review highlighted steady digital transformation deals performance .', 'TCS achieved robust expansion with strong gain in IT services contracts .', 'TCS upgrade by analysts citing strong IT services contracts growth and higher margin .']","['neutral', 'positive', 'neutral']","['synthetic', 'synthetic', 'synthetic']","[0.0, 1.0, 1.0]"
2020-01-02,"['TCS quarterly review highlighted steady enterprise solutions performance .', 'TCS released standard digital transformation deals financial disclosures and filings .', 'TCS exceeded revenue targets as rising consulting and cloud migration demand boosted growth .']","['positive', 'neutral', 'positive']","['synthetic', 'synthetic', 'synthetic']","[0.0, 0.0, 1.0]"
2020-01-03,"['TCS enterprise solutions metrics tracked within expected parameters .', 'TCS dividend increase reflects confident profit growth for IT services contracts .', 'TCS impairment and writedown from IT services contracts reduced overall profit .']","['neutral', 'neutral', 'negative']","['synthetic', 'synthetic', 'synthetic']","[0.0, 1.0, -1.0]"
2020-01-06,"['TCS profit drop amid enterprise solutions weakness raised default concern .', 'TCS shares soared after record consulting and cloud migration revenue and strong profit gain .', 'TCS achieved robust expansion with strong gain in IT services contracts .']","['negative', 'positive', 'positive']","['synthetic', 'synthetic', 'synthetic']","[-1.0, 1.0, 1.0]"
2020-01-07,"['TCS IT services contracts business continued gradual development this quarter .', 'TCS provided update on IT services contracts operations and near-term plans .', 'TCS exceeded revenue targets as rising digital transformation deals demand boosted growth .']","['negative', 'neutral', 'neutral']","['synthetic', 'synthetic', 'synthetic']","[0.0, 0.0, 1.0]"
2020-01-08,"['TCS raised its growth forecast citing strong enterprise solutions demand .', 'TCS announced partnership to boost enterprise solutions growth and revenue gain .', 'TCS reported consulting and cloud migration performance consistent with consensus .']","['positive', 'positive', 'negative']","['synthetic', 'synthetic', 'synthetic']","[1.0, 1.0, 0.0]"
2020-01-09,"['TCS upgrade by analysts citing strong IT services contracts growth and higher margin .', 'TCS missed enterprise solutions targets as demand decrease and slowdown continued .', 'TCS announced partnership to boost enterprise solutions growth and revenue gain .']","['positive', 'negative', 'positive']","['synthetic', 'synthetic', 'synthetic']","[1.0, -1.0, 1.0]"
2020-01-10,"['TCS faced pressure from consulting and cloud migration decline and reduced margins .', 'TCS cut its forecast citing risk of enterprise solutions contraction .', 'TCS provided update on consulting and cloud migration operations and near-term plans .']","['negative', 'negative', 'neutral']","['synthetic', 'synthetic', 'synthetic']","[-1.0, -1.0, 0.0]"
2020-01-13,"['TCS digital transformation deals valuations remained within historical ranges .', 'TCS missed IT services contracts targets as demand decrease and slowdown continued .', 'TCS traded in a narrow range as digital transformation deals news was expected .']","['neutral', 'negative', 'neutral']","['synthetic', 'synthetic', 'synthetic']","[0.0, -1.0, 0.0]"
2020-01-14,"['TCS slower digital transformation deals demand and falling margins proved disappointing .', 'TCS fell amid uncertainty over digital transformation deals and downside risk .', 'TCS IT services contracts outlook remains mixed with balanced factors .']","['negative', 'negative', 'neutral']","['synthetic', 'synthetic', 'synthetic']","[-1.0, -1.0, 0.0]"
2020-01-15,"['TCS shares soared after record enterprise solutions revenue and strong profit gain .', 'TCS cut its forecast citing risk of IT services contracts contraction .', 'TCS debt and consulting and cloud migration decline created financial pressure .']","['positive', 'negative', 'negative']","['synthetic', 'synthetic', 'synthetic']","[1.0, -1.0, -1.0]"
2020-01-16,"['TCS beat estimates with improved margin and rising digital transformation deals momentum .', 'TCS traded in a narrow range as consulting and cloud migration news was expected .', 'TCS released standard IT services contracts financial disclosures and filings .']","['positive', 'neutral', 'neutral']","['synthetic', 'synthetic', 'synthetic']","[1.0, 0.0, 0.0]"
2020-01-17,"['TCS losses and deficit from digital transformation deals challenges disappointed investors .', 'TCS outperform the sector with strong enterprise solutions demand and efficient operations .', 'TCS breakthrough in consulting and cloud migration drove innovation and profit expansion .']","['negative', 'positive', 'positive']","['synthetic', 'synthetic', 'synthetic']","[-1.0, 1.0, 1.0]"
2020-01-20,"['TCS impairment and writedown from IT services contracts reduced overall profit .', 'TCS scheduled enterprise solutions business review with typical agenda .', 'TCS hiring surge reflects robust enterprise solutions demand and growth momentum .']","['negative', 'neutral', 'positive']","['synthetic', 'synthetic', 'synthetic']","[-1.0, 0.0, 1.0]"
2020-01-21,"['TCS industry observers noted mixed signals for IT services contracts .', 'TCS reported loss as consulting and cloud migration revenue fell amid weak demand .', 'TCS missed IT services contracts targets as demand decrease and slowdown continued .']","['neutral', 'negative', 'negative']","['synthetic', 'synthetic', 'synthetic']","[0.0, -1.0, -1.0]"
2020-01-22,"['TCS consulting and cloud migration metrics tracked within expected parameters .', 'TCS win major deals boosting momentum in consulting and cloud migration revenue expansion .', 'TCS announced routine updates on consulting and cloud migration business plans .']","['neutral', 'positive', 'neutral']","['synthetic', 'synthetic', 'synthetic']","[0.0, 1.0, 0.0]"
2020-01-23,"['TCS losses and deficit from digital transformation deals challenges disappointed investors .', 'TCS achieved robust expansion with strong gain in IT services contracts .', 'TCS confirmed alignment with IT services contracts priorities announced earlier .']","['negative', 'positive', 'neutral']","['synthetic', 'synthetic', 'synthetic']","[-1.0, 1.0, 0.0]"
2020-01-24,"['TCS reported strong profit growth driven by higher enterprise solutions demand .', 'TCS beat estimates with improved margin and rising consulting and cloud migration momentum .', 'TCS sector conditions showed typical patterns for enterprise solutions .']","['positive', 'positive', 'neutral']","['synthetic', 'synthetic', 'synthetic']","[1.0, 1.0, 0.0]"
2020-01-27,"['TCS digital transformation deals valuations remained within historical ranges .', 'TCS provided update on IT services contracts operations and near-term plans .', 'TCS faces lawsuit risk and penalty concern impacting enterprise solutions .']","['neutral', 'neutral', 'positive']","['synthetic', 'synthetic', 'synthetic']","[0.0, 0.0, -1.0]"
2020-01-28,"['TCS slower consulting and cloud migration demand and falling margins proved disappointing .', 'TCS raised its growth forecast citing strong enterprise solutions demand .', 'TCS impairment and writedown from consulting and cloud migration reduced overall profit .']","['negative', 'positive', 'negative']","['synthetic', 'synthetic', 'synthetic']","[-1.0, 1.0, -1.0]"
2020-01-29,"['TCS downgrade followed weak consulting and cloud migration and lower outlook .', 'TCS beat estimates with improved margin and rising IT services contracts momentum .', 'TCS confirmed alignment with consulting and cloud migration priorities announced earlier .']","['negative', 'positive', 'neutral']","['synthetic', 'synthetic', 'synthetic']","[-1.0, 1.0, 0.0]"
2020-01-30,"['TCS raised its growth forecast citing strong enterprise solutions demand .', 'TCS recovery in digital transformation deals drove higher profit and record revenue increase .', 'TCS warning about enterprise solutions decline raised concern among investors .']","['positive', 'positive', 'negative']","['synthetic', 'synthetic', 'synthetic']","[1.0, 1.0, -1.0]"
2020-01-31,"['TCS delivered record profit reflecting innovation in IT services contracts .', 'TCS digital transformation deals outlook remains mixed with balanced factors .', 'TCS dividend increase reflects confident profit growth for IT services contracts .']","['neutral', 'neutral', 'neutral']","['synthetic', 'synthetic', 'synthetic']","[1.0, 0.0, 1.0]"
2020-02-03,"['TCS faces lawsuit risk and penalty concern impacting enterprise solutions .', 'TCS faces lawsuit risk and penalty concern impacting consulting and cloud migration .', 'TCS reduced IT services contracts investment amid concern about further losses .']","['positive', 'negative', 'negative']","['synthetic', 'synthetic', 'synthetic']","[-1.0, -1.0, -1.0]"
2020-02-04,"['TCS shares dropped on weak consulting and cloud migration demand and lower guidance .', 'TCS shares soared after record enterprise solutions revenue and strong profit gain .', 'TCS shares soared after record enterprise solutions revenue and strong profit gain .']","['positive', 'positive', 'positive']","['synthetic', 'synthetic', 'synthetic']","[-1.0, 1.0, 1.0]"
2020-02-05,"['TCS operational activity in digital transformation deals continued normal trajectory .', 'TCS downgrade followed weak digital transformation deals and lower outlook .', 'TCS operational activity in consulting and cloud migration continued normal trajectory .']","['neutral', 'negative', 'neutral']","['synthetic', 'synthetic', 'synthetic']","[0.0, -1.0, 0.0]"
2020-02-06,"['TCS warning about digital transformation deals decline raised concern among investors .', 'TCS market activity reflected standard digital transformation deals volumes .', 'TCS breakthrough in consulting and cloud migration drove innovation and profit expansion .']","['positive', 'neutral', 'positive']","['synthetic', 'synthetic', 'synthetic']","[-1.0, 0.0, 1.0]"
2020-02-07,"['TCS reported losses driven by weak enterprise solutions with lower margins .', 'TCS impairment and writedown from digital transformation deals reduced overall profit .', 'TCS fell amid uncertainty over enterprise solutions and downside risk .']","['negative', 'negative', 'negative']","['synthetic', 'synthetic', 'synthetic']","[-1.0, -1.0, -1.0]"
2020-02-10,"['TCS disappointing IT services contracts results led to sell-off and negative sentiment .', 'TCS operational activity in digital transformation deals continued normal trajectory .', 'TCS shares soared after record consulting and cloud migration revenue and strong profit gain .']","['neutral', 'neutral', 'positive']","['synthetic', 'synthetic', 'synthetic']","[-1.0, 0.0, 1.0]"
2020-02-11,"['TCS win major deals boosting momentum in digital transformation deals revenue expansion .', 'TCS released standard consulting and cloud migration financial disclosures and filings .', 'TCS dividend increase reflects confident profit growth for consulting and cloud migration .']","['positive', 'neutral', 'positive']","['synthetic', 'synthetic', 'synthetic']","[1.0, 0.0, 1.0]"
2020-02-12,"['TCS surged on positive outlook for IT services contracts with higher revenue .', 'TCS recovery in IT services contracts drove higher profit and record revenue increase .', 'TCS slower digital transformation deals demand and falling margins proved disappointing .']","['positive', 'negative', 'negative']","['synthetic', 'synthetic', 'synthetic']","[1.0, 1.0, -1.0]"
2020-02-13,"['TCS surged on positive outlook for consulting and cloud migration with higher revenue .', 'TCS slower IT services contracts demand and falling margins proved disappointing .', 'TCS announced routine updates on enterprise solutions business plans .']","['positive', 'positive', 'neutral']","['synthetic', 'synthetic', 'synthetic']","[1.0, -1.0, 0.0]"
2020-02-14,"['TCS surged on positive outlook for digital transformation deals with higher revenue .', 'TCS shares dropped on weak enterprise solutions demand and lower guidance .', 'TCS digital transformation deals valuations remained within historical ranges .']","['positive', 'negative', 'neutral']","['synthetic', 'synthetic', 'synthetic']","[1.0, -1.0, 0.0]"
2020-02-17,"['TCS industry observers noted mixed signals for IT services contracts .', 'TCS digital transformation deals valuations remained within historical ranges .', 'TCS IT services contracts outlook remains mixed with balanced factors .']","['neutral', 'neutral', 'neutral']","['synthetic', 'synthetic', 'synthetic']","[0.0, 0.0, 0.0]"
2020-02-18,"['TCS surged on positive outlook for IT services contracts with higher revenue .', 'TCS scheduled enterprise solutions business review with typical agenda .', 'TCS achieved robust expansion with strong gain in digital transformation deals .']","['positive', 'positive', 'positive']","['synthetic', 'synthetic', 'synthetic']","[1.0, 0.0, 1.0]"
2020-02-19,"['TCS impairment and writedown from consulting and cloud migration reduced overall profit .', 'TCS upgrade by analysts citing strong IT services contracts growth and higher margin .', 'TCS recovery in digital transformation deals drove higher profit and record revenue increase .']","['negative', 'positive', 'positive']","['synthetic', 'synthetic', 'synthetic']","[-1.0, 1.0, 1.0]"
2020-02-20,"['TCS shares soared after record IT services contracts revenue and strong profit gain .', 'TCS warning about consulting and cloud migration decline raised concern among investors .', 'TCS digital transformation deals metrics tracked within expected parameters .']","['positive', 'negative', 'neutral']","['synthetic', 'synthetic', 'synthetic']","[1.0, -1.0, 0.0]"
2020-02-24,"['TCS scheduled consulting and cloud migration business review with typical agenda .', 'TCS announced routine updates on IT services contracts business plans .', 'TCS consulting and cloud migration business continued gradual development this quarter .', 'TCS warning about consulting and cloud migration decline raised concern among investors .', 'TCS recall and fine risk created uncertainty for IT services contracts .', 'TCS market activity reflected standard enterprise solutions volumes .']","['neutral', 'neutral', 'neutral', 'negative', 'negative', 'negative']","['synthetic_fill', 'synthetic_fill', 'synthetic_fill', 'synthetic', 'synthetic', 'synthetic']","[0.0, 0.0, 0.0, -1.0, -1.0, 0.0]"
2020-02-25,"['TCS disappointing enterprise solutions results led to sell-off and negative sentiment .', 'TCS debt and digital transformation deals decline created financial pressure .', 'TCS benefited from rising demand for consulting and cloud migration with improved profit margin .']","['negative', 'negative', 'positive']","['synthetic', 'synthetic', 'synthetic']","[-1.0, -1.0, 1.0]"
2020-02-26,"['TCS market activity reflected standard enterprise solutions volumes .', 'TCS recovery in enterprise solutions drove higher profit and record revenue increase .', 'TCS surged on positive outlook for IT services contracts with higher revenue .']","['negative', 'positive', 'positive']","['synthetic', 'synthetic', 'synthetic']","[0.0, 1.0, 1.0]"
2020-02-27,"['TCS downgrade followed weak digital transformation deals and lower outlook .', 'TCS slower IT services contracts demand and falling margins proved disappointing .', 'TCS sector conditions showed typical patterns for IT services contracts .']","['negative', 'negative', 'negative']","['synthetic', 'synthetic', 'synthetic']","[-1.0, -1.0, 0.0]"
2020-02-28,"['TCS digital transformation deals business continued gradual development this quarter .', 'TCS quarterly review highlighted steady digital transformation deals performance .', 'TCS operational activity in consulting and cloud migration continued normal trajectory .']","['negative', 'neutral', 'neutral']","['synthetic', 'synthetic', 'synthetic']","[0.0, 0.0, 0.0]"
2020-03-02,"['TCS maintained stable consulting and cloud migration operations with results in line .', 'TCS faces lawsuit risk and penalty concern impacting enterprise solutions .', 'TCS reported loss as IT services contracts revenue fell amid weak demand .']","['neutral', 'negative', 'negative']","['synthetic', 'synthetic', 'synthetic']","[0.0, -1.0, -1.0]"
2020-03-03,"['TCS maintained stable digital transformation deals operations with results in line .', 'TCS consulting and cloud migration business continued gradual development this quarter .', 'TCS sector conditions showed typical patterns for consulting and cloud migration .']","['neutral', 'neutral', 'neutral']","['synthetic', 'synthetic', 'synthetic']","[0.0, 0.0, 0.0]"
2020-03-04,"['TCS exceeded revenue targets as rising IT services contracts demand boosted growth .', 'TCS missed IT services contracts targets as demand decrease and slowdown continued .', 'TCS surged on positive outlook for IT services contracts with higher revenue .']","['positive', 'negative', 'positive']","['synthetic', 'synthetic', 'synthetic']","[1.0, -1.0, 1.0]"
2020-03-05,"['TCS fell amid uncertainty over digital transformation deals and downside risk .', 'TCS exceeded revenue targets as rising IT services contracts demand boosted growth .', 'TCS benefited from rising demand for IT services contracts with improved profit margin .']","['negative', 'positive', 'positive']","['synthetic', 'synthetic', 'synthetic']","[-1.0, 1.0, 1.0]"
2020-03-06,"['TCS enterprise solutions valuations remained within historical ranges .', 'TCS hiring surge reflects robust digital transformation deals demand and growth momentum .', 'TCS win major deals boosting momentum in IT services contracts revenue expansion .']","['neutral', 'positive', 'positive']","['synthetic', 'synthetic', 'synthetic']","[0.0, 1.0, 1.0]"
2020-03-09,"['TCS achieved robust expansion with strong gain in consulting and cloud migration .', 'TCS slower digital transformation deals demand and falling margins proved disappointing .', 'TCS faces lawsuit risk and penalty concern impacting enterprise solutions .']","['negative', 'negative', 'neutral']","['synthetic', 'synthetic', 'synthetic']","[1.0, -1.0, -1.0]"
2020-03-11,"['TCS benefited from rising demand for IT services contracts with improved profit margin .', 'TCS governance review of IT services contracts operations found no issues .', 'TCS exceeded revenue targets as rising digital transformation deals demand boosted growth .', 'TCS reported losses driven by weak enterprise solutions with lower margins .', 'TCS faces lawsuit risk and penalty concern impacting IT services contracts .', 'TCS fell amid uncertainty over enterprise solutions and downside risk .']","['neutral', 'neutral', 'neutral', 'negative', 'negative', 'negative']","['synthetic_fill', 'synthetic_fill', 'synthetic_fill', 'synthetic', 'synthetic', 'synthetic']","[1.0, 0.0, 1.0, -1.0, -1.0, -1.0]"
2020-03-12,"['TCS governance review of enterprise solutions operations found no issues .', 'TCS slower digital transformation deals demand and falling margins proved disappointing .', 'TCS losses and deficit from digital transformation deals challenges disappointed investors .']","['neutral', 'negative', 'negative']","['synthetic', 'synthetic', 'synthetic']","[0.0, -1.0, -1.0]"
2020-03-13,"['TCS scheduled digital transformation deals business review with typical agenda .', 'TCS warning about IT services contracts decline raised concern among investors .', 'TCS disappointing digital transformation deals results led to sell-off and negative sentiment .']","['neutral', 'negative', 'neutral']","['synthetic', 'synthetic', 'synthetic']","[0.0, -1.0, -1.0]"
2020-03-16,"['TCS upgrade by analysts citing strong enterprise solutions growth and higher margin .', 'TCS outperform the sector with strong digital transformation deals demand and efficient operations .', 'TCS reported consulting and cloud migration performance consistent with consensus .']","['positive', 'positive', 'neutral']","['synthetic', 'synthetic', 'synthetic']","[1.0, 1.0, 0.0]"
2020-03-17,"['TCS losses and deficit from IT services contracts challenges disappointed investors .', 'TCS consulting and cloud migration valuations remained within historical ranges .', 'TCS management discussed enterprise solutions strategy at the briefing .']","['neutral', 'negative', 'neutral']","['synthetic', 'synthetic', 'synthetic']","[-1.0, 0.0, 0.0]"
2020-03-18,"['TCS profit drop amid enterprise solutions weakness raised default concern .', 'TCS profit drop amid IT services contracts weakness raised default concern .', 'TCS losses and deficit from IT services contracts challenges disappointed investors .']","['negative', 'negative', 'negative']","['synthetic', 'synthetic', 'synthetic']","[-1.0, -1.0, -1.0]"
2020-03-19,"['TCS debt and digital transformation deals decline created financial pressure .', 'TCS consulting and cloud migration business continued gradual development this quarter .', 'TCS maintained stable enterprise solutions operations with results in line .']","['negative', 'neutral', 'neutral']","['synthetic', 'synthetic', 'synthetic']","[-1.0, 0.0, 0.0]"
2020-03-20,"['TCS raised its growth forecast citing strong consulting and cloud migration demand .', 'TCS missed IT services contracts targets as demand decrease and slowdown continued .', 'TCS raised its growth forecast citing strong IT services contracts demand .']","['neutral', 'negative', 'positive']","['synthetic', 'synthetic', 'synthetic']","[1.0, -1.0, 1.0]"
2020-03-23,"['TCS upgrade by analysts citing strong enterprise solutions growth and higher margin .', 'TCS win major deals boosting momentum in IT services contracts revenue expansion .', 'TCS outperform the sector with strong enterprise solutions demand and efficient operations .']","['positive', 'positive', 'positive']","['synthetic', 'synthetic', 'synthetic']","[1.0, 1.0, 1.0]"
2020-03-24,"['TCS warning about IT services contracts decline raised concern among investors .', 'TCS outperform the sector with strong consulting and cloud migration demand and efficient operations .', 'TCS fell amid uncertainty over enterprise solutions and downside risk .']","['negative', 'negative', 'negative']","['synthetic', 'synthetic', 'synthetic']","[-1.0, 1.0, -1.0]"
2020-03-25,"['TCS return on enterprise solutions investment exceeded expectations with surplus .', 'TCS slower IT services contracts demand and falling margins proved disappointing .', 'TCS management discussed IT services contracts strategy at the briefing .']","['positive', 'positive', 'neutral']","['synthetic', 'synthetic', 'synthetic']","[1.0, -1.0, 0.0]"
2020-03-26,"['TCS outperform the sector with strong IT services contracts demand and efficient operations .', 'TCS raised its growth forecast citing strong consulting and cloud migration demand .', 'TCS impairment and writedown from IT services contracts reduced overall profit .']","['positive', 'positive', 'positive']","['synthetic', 'synthetic', 'synthetic']","[1.0, 1.0, -1.0]"
2020-03-27,"['TCS return on IT services contracts investment exceeded expectations with surplus .', 'TCS return on digital transformation deals investment exceeded expectations with surplus .', 'TCS warning about consulting and cloud migration decline raised concern among investors .']","['positive', 'positive', 'negative']","['synthetic', 'synthetic', 'synthetic']","[1.0, 1.0, -1.0]"
2020-03-30,"['TCS fell amid uncertainty over enterprise solutions and downside risk .', 'TCS breakthrough in IT services contracts drove innovation and profit expansion .', 'TCS upgrade by analysts citing strong enterprise solutions growth and higher margin .']","['negative', 'positive', 'positive']","['synthetic', 'synthetic', 'synthetic']","[-1.0, 1.0, 1.0]"
2020-03-31,"['TCS consulting and cloud migration business continued gradual development this quarter .', 'TCS reported strong profit growth driven by higher IT services contracts demand .', 'TCS missed enterprise solutions targets as demand decrease and slowdown continued .']","['neutral', 'negative', 'negative']","['synthetic', 'synthetic', 'synthetic']","[0.0, 1.0, -1.0]"
2020-04-01,"['TCS slower IT services contracts demand and falling margins proved disappointing .', 'TCS return on IT services contracts investment exceeded expectations with surplus .', 'TCS operational activity in enterprise solutions continued normal trajectory .']","['positive', 'negative', 'positive']","['synthetic', 'synthetic', 'synthetic']","[-1.0, 1.0, 0.0]"
2020-04-03,"['TCS digital transformation deals business continued gradual development this quarter .', 'TCS consulting and cloud migration metrics tracked within expected parameters .', 'TCS enterprise solutions valuations remained within historical ranges .', 'TCS cut its forecast citing risk of consulting and cloud migration contraction .', 'TCS impairment and writedown from digital transformation deals reduced overall profit .', 'TCS consulting and cloud migration valuations remained within historical ranges .']","['neutral', 'neutral', 'neutral', 'negative', 'negative', 'neutral']","['synthetic_fill', 'synthetic_fill', 'synthetic_fill', 'synthetic', 'synthetic', 'synthetic']","[0.0, 0.0, 0.0, -1.0, -1.0, 0.0]"
2020-04-07,"['TCS digital transformation deals metrics tracked within expected parameters .', 'TCS market activity reflected standard enterprise solutions volumes .', 'TCS operational activity in enterprise solutions continued normal trajectory .', 'TCS quarterly review highlighted steady enterprise solutions performance .', 'TCS reported losses driven by weak consulting and cloud migration with lower margins .', 'TCS disappointing enterprise solutions results led to sell-off and negative sentiment .']","['neutral', 'neutral', 'neutral', 'negative', 'negative', 'negative']","['synthetic_fill', 'synthetic_fill', 'synthetic_fill', 'synthetic', 'synthetic', 'synthetic']","[0.0, 0.0, 0.0, 0.0, -1.0, -1.0]"
2020-04-08,"['TCS beat estimates with improved margin and rising IT services contracts momentum .', 'TCS breakthrough in IT services contracts drove innovation and profit expansion .', 'TCS upgrade by analysts citing strong enterprise solutions growth and higher margin .']","['positive', 'neutral', 'positive']","['synthetic', 'synthetic', 'synthetic']","[1.0, 1.0, 1.0]"
2020-04-09,"['TCS released standard enterprise solutions financial disclosures and filings .', 'TCS raised its growth forecast citing strong IT services contracts demand .', 'TCS slower enterprise solutions demand and falling margins proved disappointing .']","['neutral', 'positive', 'negative']","['synthetic', 'synthetic', 'synthetic']","[0.0, 1.0, -1.0]"
2020-04-13,"['TCS faced pressure from enterprise solutions decline and reduced margins .', 'TCS market activity reflected standard digital transformation deals volumes .', 'TCS consulting and cloud migration valuations remained within historical ranges .', 'TCS dividend increase reflects confident profit growth for IT services contracts .', 'TCS market activity reflected standard enterprise solutions volumes .', 'TCS disappointing IT services contracts results led to sell-off and negative sentiment .']","['neutral', 'neutral', 'neutral', 'positive', 'positive', 'negative']","['synthetic_fill', 'synthetic_fill', 'synthetic_fill', 'synthetic', 'synthetic', 'synthetic']","[-1.0, 0.0, 0.0, 1.0, 0.0, -1.0]"
2020-04-15,"['TCS digital transformation deals valuations remained within historical ranges .', 'TCS shares dropped on weak consulting and cloud migration demand and lower guidance .', 'TCS quarterly review highlighted steady consulting and cloud migration performance .', 'TCS scheduled digital transformation deals business review with typical agenda .', 'TCS governance review of IT services contracts operations found no issues .', 'TCS reported enterprise solutions performance consistent with consensus .']","['neutral', 'neutral', 'neutral', 'neutral', 'neutral', 'neutral']","['synthetic_fill', 'synthetic_fill', 'synthetic_fill', 'synthetic', 'synthetic', 'synthetic']","[0.0, -1.0, 0.0, 0.0, 0.0, 0.0]"
2020-04-16,"['TCS slower consulting and cloud migration demand and falling margins proved disappointing .', 'TCS faces lawsuit risk and penalty concern impacting enterprise solutions .', 'TCS shares dropped on weak enterprise solutions demand and lower guidance .']","['neutral', 'negative', 'negative']","['synthetic', 'synthetic', 'synthetic']","[-1.0, -1.0, -1.0]"
2020-04-17,"['TCS released standard consulting and cloud migration financial disclosures and filings .', 'TCS exceeded revenue targets as rising enterprise solutions demand boosted growth .', 'TCS announced routine updates on IT services contracts business plans .']","['neutral', 'positive', 'neutral']","['synthetic', 'synthetic', 'synthetic']","[0.0, 1.0, 0.0]"
2020-04-20,"['TCS profit drop amid consulting and cloud migration weakness raised default concern .', 'TCS warning about enterprise solutions decline raised concern among investors .', 'TCS delivered record profit reflecting innovation in enterprise solutions .']","['negative', 'positive', 'positive']","['synthetic', 'synthetic', 'synthetic']","[-1.0, -1.0, 1.0]"
2020-04-21,"['TCS beat estimates with improved margin and rising IT services contracts momentum .', 'TCS shares dropped on weak IT services contracts demand and lower guidance .', 'TCS enterprise solutions valuations remained within historical ranges .']","['positive', 'negative', 'neutral']","['synthetic', 'synthetic', 'synthetic']","[1.0, -1.0, 0.0]"
2020-04-22,"['TCS operational activity in enterprise solutions continued normal trajectory .', 'TCS fell amid uncertainty over IT services contracts and downside risk .', 'TCS missed estimates with disappointing enterprise solutions decline .']","['neutral', 'negative', 'negative']","['synthetic', 'synthetic', 'synthetic']","[0.0, -1.0, -1.0]"
2020-04-23,"['TCS participated in conference with consulting and cloud migration presentations .', 'TCS upgrade by analysts citing strong enterprise solutions growth and higher margin .', 'TCS beat estimates with improved margin and rising enterprise solutions momentum .']","['neutral', 'positive', 'positive']","['synthetic', 'synthetic', 'synthetic']","[0.0, 1.0, 1.0]"
2020-04-24,"['TCS announced partnership to boost enterprise solutions growth and revenue gain .', 'TCS released standard enterprise solutions financial disclosures and filings .', 'TCS dividend increase reflects confident profit growth for digital transformation deals .']","['positive', 'negative', 'positive']","['synthetic', 'synthetic', 'synthetic']","[1.0, 0.0, 1.0]"
2020-04-27,"['TCS released standard enterprise solutions financial disclosures and filings .', 'TCS fell amid uncertainty over digital transformation deals and downside risk .', 'TCS warning about IT services contracts decline raised concern among investors .']","['neutral', 'negative', 'negative']","['synthetic', 'synthetic', 'synthetic']","[0.0, -1.0, -1.0]"
2020-04-28,"['TCS faces lawsuit risk and penalty concern impacting enterprise solutions .', 'TCS dividend increase reflects confident profit growth for digital transformation deals .', 'TCS return on digital transformation deals investment exceeded expectations with surplus .']","['negative', 'positive', 'positive']","['synthetic', 'synthetic', 'synthetic']","[-1.0, 1.0, 1.0]"
2020-04-29,"['TCS warning about IT services contracts decline raised concern among investors .', 'TCS surged on positive outlook for consulting and cloud migration with higher revenue .', 'TCS dividend increase reflects confident profit growth for digital transformation deals .']","['negative', 'positive', 'positive']","['synthetic', 'synthetic', 'synthetic']","[-1.0, 1.0, 1.0]"
2020-04-30,"['TCS win major deals boosting momentum in IT services contracts revenue expansion .', 'TCS shares soared after record enterprise solutions revenue and strong profit gain .', 'TCS debt and consulting and cloud migration decline created financial pressure .']","['positive', 'positive', 'negative']","['synthetic', 'synthetic', 'synthetic']","[1.0, 1.0, -1.0]"
2020-05-04,"['TCS market activity reflected standard digital transformation deals volumes .', 'TCS participated in conference with enterprise solutions presentations .', 'TCS missed digital transformation deals targets as demand decrease and slowdown continued .', 'TCS downgrade followed weak IT services contracts and lower outlook .', 'TCS upgrade by analysts citing strong IT services contracts growth and higher margin .', 'TCS disappointing digital transformation deals results led to sell-off and negative sentiment .']","['neutral', 'neutral', 'neutral', 'neutral', 'positive', 'positive']","['synthetic_fill', 'synthetic_fill', 'synthetic_fill', 'synthetic', 'synthetic', 'synthetic']","[0.0, 0.0, -1.0, -1.0, 1.0, -1.0]"
2020-05-05,"['TCS beat estimates with improved margin and rising IT services contracts momentum .', 'TCS quarterly review highlighted steady enterprise solutions performance .', 'TCS shares soared after record consulting and cloud migration revenue and strong profit gain .']","['positive', 'negative', 'positive']","['synthetic', 'synthetic', 'synthetic']","[1.0, 0.0, 1.0]"
2020-05-06,"['TCS win major deals boosting momentum in IT services contracts revenue expansion .', 'TCS participated in conference with consulting and cloud migration presentations .', 'TCS outperform the sector with strong IT services contracts demand and efficient operations .']","['positive', 'neutral', 'positive']","['synthetic', 'synthetic', 'synthetic']","[1.0, 0.0, 1.0]"
2020-05-07,"['TCS cut its forecast citing risk of IT services contracts contraction .', 'TCS shares dropped on weak enterprise solutions demand and lower guidance .', 'TCS raised its growth forecast citing strong digital transformation deals demand .']","['negative', 'negative', 'negative']","['synthetic', 'synthetic', 'synthetic']","[-1.0, -1.0, 1.0]"
2020-05-08,"['TCS fell amid uncertainty over enterprise solutions and downside risk .', 'TCS reduced IT services contracts investment amid concern about further losses .', 'TCS dividend increase reflects confident profit growth for digital transformation deals .']","['negative', 'negative', 'positive']","['synthetic', 'synthetic', 'synthetic']","[-1.0, -1.0, 1.0]"
2020-05-11,"['TCS hiring surge reflects robust IT services contracts demand and growth momentum .', 'TCS traded in a narrow range as enterprise solutions news was expected .', 'TCS beat estimates with improved margin and rising IT services contracts momentum .']","['positive', 'neutral', 'positive']","['synthetic', 'synthetic', 'synthetic']","[1.0, 0.0, 1.0]"
2020-05-12,"['TCS return on digital transformation deals investment exceeded expectations with surplus .', 'TCS acquisition strengthens enterprise solutions and boosts revenue upside .', 'TCS warning about digital transformation deals decline raised concern among investors .']","['positive', 'positive', 'positive']","['synthetic', 'synthetic', 'synthetic']","[1.0, 1.0, -1.0]"
2020-05-13,"['TCS achieved robust expansion with strong gain in enterprise solutions .', 'TCS missed digital transformation deals targets as demand decrease and slowdown continued .', 'TCS market activity reflected standard digital transformation deals volumes .']","['positive', 'negative', 'neutral']","['synthetic', 'synthetic', 'synthetic']","[1.0, -1.0, 0.0]"
2020-05-14,"['TCS governance review of consulting and cloud migration operations found no issues .', 'TCS maintained stable consulting and cloud migration operations with results in line .', 'TCS downgrade followed weak enterprise solutions and lower outlook .']","['neutral', 'neutral', 'positive']","['synthetic', 'synthetic', 'synthetic']","[0.0, 0.0, -1.0]"
2020-05-15,"['TCS announced routine updates on enterprise solutions business plans .', 'TCS quarterly review highlighted steady consulting and cloud migration performance .', 'TCS faces lawsuit risk and penalty concern impacting digital transformation deals .']","['negative', 'negative', 'negative']","['synthetic', 'synthetic', 'synthetic']","[0.0, 0.0, -1.0]"
2020-05-18,"['TCS disappointing consulting and cloud migration results led to sell-off and negative sentiment .', 'TCS enterprise solutions valuations remained within historical ranges .', 'TCS released standard consulting and cloud migration financial disclosures and filings .']","['negative', 'negative', 'neutral']","['synthetic', 'synthetic', 'synthetic']","[-1.0, 0.0, 0.0]"
2020-05-19,"['TCS surged on positive outlook for enterprise solutions with higher revenue .', 'TCS digital transformation deals business continued gradual development this quarter .', 'TCS announced partnership to boost consulting and cloud migration growth and revenue gain .']","['positive', 'negative', 'positive']","['synthetic', 'synthetic', 'synthetic']","[1.0, 0.0, 1.0]"
2020-05-20,"['TCS industry observers noted mixed signals for IT services contracts .', 'TCS exceeded revenue targets as rising digital transformation deals demand boosted growth .', 'TCS surged on positive outlook for IT services contracts with higher revenue .']","['neutral', 'neutral', 'positive']","['synthetic', 'synthetic', 'synthetic']","[0.0, 1.0, 1.0]"
2020-05-21,"['TCS quarterly review highlighted steady consulting and cloud migration performance .', 'TCS impairment and writedown from consulting and cloud migration reduced overall profit .', 'TCS achieved robust expansion with strong gain in digital transformation deals .']","['neutral', 'negative', 'neutral']","['synthetic', 'synthetic', 'synthetic']","[0.0, -1.0, 1.0]"
2020-05-22,"['TCS hiring surge reflects robust IT services contracts demand and growth momentum .', 'TCS downgrade followed weak digital transformation deals and lower outlook .', 'TCS traded in a narrow range as enterprise solutions news was expected .']","['positive', 'positive', 'positive']","['synthetic', 'synthetic', 'synthetic']","[1.0, -1.0, 0.0]"
2020-05-26,"['TCS maintained stable IT services contracts operations with results in line .', 'TCS beat estimates with improved margin and rising consulting and cloud migration momentum .', 'TCS sector conditions showed typical patterns for enterprise solutions .', 'TCS faced pressure from consulting and cloud migration decline and reduced margins .', 'TCS return on IT services contracts investment exceeded expectations with surplus .', 'TCS shares soared after record enterprise solutions revenue and strong profit gain .']","['neutral', 'neutral', 'neutral', 'negative', 'positive', 'positive']","['synthetic_fill', 'synthetic_fill', 'synthetic_fill', 'synthetic', 'synthetic', 'synthetic']","[0.0, 1.0, 0.0, -1.0, 1.0, 1.0]"
2020-05-27,"['TCS announced partnership to boost IT services contracts growth and revenue gain .', 'TCS losses and deficit from digital transformation deals challenges disappointed investors .', 'TCS beat estimates with improved margin and rising enterprise solutions momentum .']","['negative', 'negative', 'neutral']","['synthetic', 'synthetic', 'synthetic']","[1.0, -1.0, 1.0]"
2020-05-28,"['TCS slower IT services contracts demand and falling margins proved disappointing .', 'TCS losses and deficit from digital transformation deals challenges disappointed investors .', 'TCS breakthrough in IT services contracts drove innovation and profit expansion .']","['positive', 'negative', 'positive']","['synthetic', 'synthetic', 'synthetic']","[-1.0, -1.0, 1.0]"
2020-05-29,"['TCS slower IT services contracts demand and falling margins proved disappointing .', 'TCS benefited from rising demand for digital transformation deals with improved profit margin .', 'TCS confirmed alignment with consulting and cloud migration priorities announced earlier .']","['negative', 'positive', 'neutral']","['synthetic', 'synthetic', 'synthetic']","[-1.0, 1.0, 0.0]"
2020-06-01,"['TCS recovery in enterprise solutions drove higher profit and record revenue increase .', 'TCS slower IT services contracts demand and falling margins proved disappointing .', 'TCS impairment and writedown from consulting and cloud migration reduced overall profit .']","['positive', 'negative', 'negative']","['synthetic', 'synthetic', 'synthetic']","[1.0, -1.0, -1.0]"
2020-06-02,"['TCS win major deals boosting momentum in consulting and cloud migration revenue expansion .', 'TCS win major deals boosting momentum in IT services contracts revenue expansion .', 'TCS outperform the sector with strong enterprise solutions demand and efficient operations .']","['positive', 'positive', 'positive']","['synthetic', 'synthetic', 'synthetic']","[1.0, 1.0, 1.0]"
2020-06-03,"['TCS participated in conference with enterprise solutions presentations .', 'TCS reported loss as consulting and cloud migration revenue fell amid weak demand .', 'TCS profit drop amid consulting and cloud migration weakness raised default concern .']","['neutral', 'negative', 'neutral']","['synthetic', 'synthetic', 'synthetic']","[0.0, -1.0, -1.0]"
2020-06-04,"['TCS breakthrough in IT services contracts drove innovation and profit expansion .', 'TCS exceeded revenue targets as rising IT services contracts demand boosted growth .', 'TCS reported enterprise solutions performance consistent with consensus .']","['positive', 'positive', 'neutral']","['synthetic', 'synthetic', 'synthetic']","[1.0, 1.0, 0.0]"
2020-06-05,"['TCS announced partnership to boost digital transformation deals growth and revenue gain .', 'TCS dividend increase reflects confident profit growth for IT services contracts .', 'TCS raised its growth forecast citing strong enterprise solutions demand .']","['positive', 'positive', 'positive']","['synthetic', 'synthetic', 'synthetic']","[1.0, 1.0, 1.0]"
2020-06-08,"['TCS announced layoffs amid consulting and cloud migration slowdown and restructuring .', 'TCS traded in a narrow range as IT services contracts news was expected .', 'TCS missed estimates with disappointing IT services contracts decline .']","['negative', 'neutral', 'negative']","['synthetic', 'synthetic', 'synthetic']","[-1.0, 0.0, -1.0]"
2020-06-09,"['TCS IT services contracts business continued gradual development this quarter .', 'TCS outperform the sector with strong IT services contracts demand and efficient operations .', 'TCS released standard digital transformation deals financial disclosures and filings .']","['neutral', 'positive', 'neutral']","['synthetic', 'synthetic', 'synthetic']","[0.0, 1.0, 0.0]"
2020-06-10,"['TCS losses and deficit from digital transformation deals challenges disappointed investors .', 'TCS acquisition strengthens digital transformation deals and boosts revenue upside .', 'TCS scheduled digital transformation deals business review with typical agenda .']","['neutral', 'positive', 'neutral']","['synthetic', 'synthetic', 'synthetic']","[-1.0, 1.0, 0.0]"
2020-06-11,"['TCS dividend increase reflects confident profit growth for digital transformation deals .', 'TCS downgrade followed weak IT services contracts and lower outlook .', 'TCS win major deals boosting momentum in IT services contracts revenue expansion .']","['positive', 'positive', 'positive']","['synthetic', 'synthetic', 'synthetic']","[1.0, -1.0, 1.0]"
2020-06-12,"['TCS reported losses driven by weak digital transformation deals with lower margins .', 'TCS surged on positive outlook for IT services contracts with higher revenue .', 'TCS announced routine updates on digital transformation deals business plans .']","['negative', 'neutral', 'neutral']","['synthetic', 'synthetic', 'synthetic']","[-1.0, 1.0, 0.0]"
2020-06-15,"['TCS win major deals boosting momentum in digital transformation deals revenue expansion .', 'TCS profit drop amid enterprise solutions weakness raised default concern .', 'TCS fell amid uncertainty over enterprise solutions and downside risk .']","['neutral', 'negative', 'negative']","['synthetic', 'synthetic', 'synthetic']","[1.0, -1.0, -1.0]"
2020-06-16,"['TCS announced layoffs amid enterprise solutions slowdown and restructuring .', 'TCS digital transformation deals outlook remains mixed with balanced factors .', 'TCS governance review of consulting and cloud migration operations found no issues .']","['negative', 'neutral', 'neutral']","['synthetic', 'synthetic', 'synthetic']","[-1.0, 0.0, 0.0]"
2020-06-17,"['TCS dividend increase reflects confident profit growth for IT services contracts .', 'TCS upgrade by analysts citing strong enterprise solutions growth and higher margin .', 'TCS win major deals boosting momentum in IT services contracts revenue expansion .']","['positive', 'positive', 'positive']","['synthetic', 'synthetic', 'synthetic']","[1.0, 1.0, 1.0]"
2020-06-18,"['TCS enterprise solutions business continued gradual development this quarter .', 'TCS operational activity in enterprise solutions continued normal trajectory .', 'TCS provided update on IT services contracts operations and near-term plans .']","['neutral', 'neutral', 'neutral']","['synthetic', 'synthetic', 'synthetic']","[0.0, 0.0, 0.0]"
2020-06-19,"['TCS win major deals boosting momentum in IT services contracts revenue expansion .', 'TCS confirmed alignment with consulting and cloud migration priorities announced earlier .', 'TCS reduced IT services contracts investment amid concern about further losses .']","['negative', 'neutral', 'negative']","['synthetic', 'synthetic', 'synthetic']","[1.0, 0.0, -1.0]"
2020-06-22,"['TCS beat estimates with improved margin and rising IT services contracts momentum .', 'TCS delivered record profit reflecting innovation in enterprise solutions .', 'TCS warning about digital transformation deals decline raised concern among investors .']","['positive', 'positive', 'positive']","['synthetic', 'synthetic', 'synthetic']","[1.0, 1.0, -1.0]"
2020-06-23,"['TCS fell amid uncertainty over consulting and cloud migration and downside risk .', 'TCS management discussed enterprise solutions strategy at the briefing .', 'TCS faced pressure from IT services contracts decline and reduced margins .']","['negative', 'negative', 'neutral']","['synthetic', 'synthetic', 'synthetic']","[-1.0, 0.0, -1.0]"
2020-06-24,"['TCS operational activity in consulting and cloud migration continued normal trajectory .', 'TCS enterprise solutions valuations remained within historical ranges .', 'TCS slower enterprise solutions demand and falling margins proved disappointing .']","['neutral', 'neutral', 'negative']","['synthetic', 'synthetic', 'synthetic']","[0.0, 0.0, -1.0]"
2020-06-25,"['TCS missed IT services contracts targets as demand decrease and slowdown continued .', 'TCS reduced consulting and cloud migration investment amid concern about further losses .', 'TCS IT services contracts valuations remained within historical ranges .']","['negative', 'neutral', 'neutral']","['synthetic', 'synthetic', 'synthetic']","[-1.0, -1.0, 0.0]"
2020-06-26,"['TCS achieved robust expansion with strong gain in consulting and cloud migration .', 'TCS shares dropped on weak consulting and cloud migration demand and lower guidance .', 'TCS shares dropped on weak enterprise solutions demand and lower guidance .']","['negative', 'negative', 'negative']","['synthetic', 'synthetic', 'synthetic']","[1.0, -1.0, -1.0]"
2020-06-29,"['TCS debt and IT services contracts decline created financial pressure .', 'TCS participated in conference with digital transformation deals presentations .', 'TCS benefited from rising demand for IT services contracts with improved profit margin .']","['neutral', 'neutral', 'positive']","['synthetic', 'synthetic', 'synthetic']","[-1.0, 0.0, 1.0]"
2020-06-30,"['TCS slower digital transformation deals demand and falling margins proved disappointing .', 'TCS consulting and cloud migration business continued gradual development this quarter .', 'TCS warning about digital transformation deals decline raised concern among investors .']","['negative', 'neutral', 'positive']","['synthetic', 'synthetic', 'synthetic']","[-1.0, 0.0, -1.0]"
2020-07-01,"['TCS market activity reflected standard enterprise solutions volumes .', 'TCS reported losses driven by weak enterprise solutions with lower margins .', 'TCS industry observers noted mixed signals for digital transformation deals .']","['neutral', 'negative', 'negative']","['synthetic', 'synthetic', 'synthetic']","[0.0, -1.0, 0.0]"
2020-07-02,"['TCS management discussed IT services contracts strategy at the briefing .', 'TCS released standard enterprise solutions financial disclosures and filings .', 'TCS dividend increase reflects confident profit growth for consulting and cloud migration .']","['neutral', 'neutral', 'positive']","['synthetic', 'synthetic', 'synthetic']","[0.0, 0.0, 1.0]"
2020-07-03,"['TCS outperform the sector with strong consulting and cloud migration demand and efficient operations .', 'TCS benefited from rising demand for digital transformation deals with improved profit margin .', 'TCS dividend increase reflects confident profit growth for digital transformation deals .']","['positive', 'positive', 'positive']","['synthetic', 'synthetic', 'synthetic']","[1.0, 1.0, 1.0]"
2020-07-06,"['TCS reported strong profit growth driven by higher enterprise solutions demand .', 'TCS benefited from rising demand for digital transformation deals with improved profit margin .', 'TCS reported enterprise solutions performance consistent with consensus .']","['positive', 'positive', 'neutral']","['synthetic', 'synthetic', 'synthetic']","[1.0, 1.0, 0.0]"
2020-07-07,"['TCS achieved robust expansion with strong gain in consulting and cloud migration .', 'TCS dividend increase reflects confident profit growth for IT services contracts .', 'TCS win major deals boosting momentum in digital transformation deals revenue expansion .']","['negative', 'positive', 'positive']","['synthetic', 'synthetic', 'synthetic']","[1.0, 1.0, 1.0]"
2020-07-08,"['TCS reported consulting and cloud migration performance consistent with consensus .', 'TCS announced routine updates on IT services contracts business plans .', 'TCS consulting and cloud migration business continued gradual development this quarter .']","['neutral', 'neutral', 'neutral']","['synthetic', 'synthetic', 'synthetic']","[0.0, 0.0, 0.0]"
2020-07-09,"['TCS industry observers noted mixed signals for digital transformation deals .', 'TCS delivered record profit reflecting innovation in digital transformation deals .', 'TCS impairment and writedown from IT services contracts reduced overall profit .']","['neutral', 'negative', 'positive']","['synthetic', 'synthetic', 'synthetic']","[0.0, 1.0, -1.0]"
2020-07-10,"['TCS consulting and cloud migration outlook remains mixed with balanced factors .', 'TCS impairment and writedown from digital transformation deals reduced overall profit .', 'TCS quarterly review highlighted steady consulting and cloud migration performance .']","['neutral', 'negative', 'neutral']","['synthetic', 'synthetic', 'synthetic']","[0.0, -1.0, 0.0]"
2020-07-13,"['TCS warning about digital transformation deals decline raised concern among investors .', 'TCS exceeded revenue targets as rising IT services contracts demand boosted growth .', 'TCS benefited from rising demand for consulting and cloud migration with improved profit margin .']","['positive', 'positive', 'positive']","['synthetic', 'synthetic', 'synthetic']","[-1.0, 1.0, 1.0]"
2020-07-14,"['TCS consulting and cloud migration outlook remains mixed with balanced factors .', 'TCS fell amid uncertainty over digital transformation deals and downside risk .', 'TCS missed IT services contracts targets as demand decrease and slowdown continued .']","['neutral', 'negative', 'negative']","['synthetic', 'synthetic', 'synthetic']","[0.0, -1.0, -1.0]"
2020-07-15,"['TCS achieved robust expansion with strong gain in IT services contracts .', 'TCS breakthrough in IT services contracts drove innovation and profit expansion .', 'TCS market activity reflected standard IT services contracts volumes .']","['negative', 'positive', 'neutral']","['synthetic', 'synthetic', 'synthetic']","[1.0, 1.0, 0.0]"
2020-07-16,"['TCS delivered record profit reflecting innovation in IT services contracts .', 'TCS surged on positive outlook for digital transformation deals with higher revenue .', 'TCS benefited from rising demand for IT services contracts with improved profit margin .']","['positive', 'positive', 'positive']","['synthetic', 'synthetic', 'synthetic']","[1.0, 1.0, 1.0]"
2020-07-17,"['TCS faced pressure from enterprise solutions decline and reduced margins .', 'TCS governance review of IT services contracts operations found no issues .', 'TCS announced routine updates on IT services contracts business plans .']","['positive', 'neutral', 'neutral']","['synthetic', 'synthetic', 'synthetic']","[-1.0, 0.0, 0.0]"
2020-07-20,"['TCS warning about consulting and cloud migration decline raised concern among investors .', 'TCS announced routine updates on digital transformation deals business plans .', 'TCS missed digital transformation deals targets as demand decrease and slowdown continued .']","['negative', 'negative', 'negative']","['synthetic', 'synthetic', 'synthetic']","[-1.0, 0.0, -1.0]"
2020-07-21,"['TCS consulting and cloud migration valuations remained within historical ranges .', 'TCS confirmed alignment with consulting and cloud migration priorities announced earlier .', 'TCS sector conditions showed typical patterns for IT services contracts .']","['neutral', 'neutral', 'negative']","['synthetic', 'synthetic', 'synthetic']","[0.0, 0.0, 0.0]"
2020-07-22,"['TCS cut its forecast citing risk of consulting and cloud migration contraction .', 'TCS recovery in digital transformation deals drove higher profit and record revenue increase .', 'TCS scheduled digital transformation deals business review with typical agenda .']","['neutral', 'positive', 'neutral']","['synthetic', 'synthetic', 'synthetic']","[-1.0, 1.0, 0.0]"
2020-07-23,"['TCS reported loss as IT services contracts revenue fell amid weak demand .', 'TCS faces lawsuit risk and penalty concern impacting consulting and cloud migration .', 'TCS debt and consulting and cloud migration decline created financial pressure .']","['negative', 'negative', 'negative']","['synthetic', 'synthetic', 'synthetic']","[-1.0, -1.0, -1.0]"
2020-07-24,"['TCS scheduled enterprise solutions business review with typical agenda .', 'TCS announced layoffs amid consulting and cloud migration slowdown and restructuring .', 'TCS reported losses driven by weak enterprise solutions with lower margins .']","['neutral', 'negative', 'negative']","['synthetic', 'synthetic', 'synthetic']","[0.0, -1.0, -1.0]"
2020-07-27,"['TCS return on consulting and cloud migration investment exceeded expectations with surplus .', 'TCS cut its forecast citing risk of IT services contracts contraction .', 'TCS enterprise solutions valuations remained within historical ranges .']","['positive', 'negative', 'neutral']","['synthetic', 'synthetic', 'synthetic']","[1.0, -1.0, 0.0]"
2020-07-28,"['TCS exceeded revenue targets as rising IT services contracts demand boosted growth .', 'TCS hiring surge reflects robust IT services contracts demand and growth momentum .', 'TCS recovery in consulting and cloud migration drove higher profit and record revenue increase .']","['positive', 'positive', 'positive']","['synthetic', 'synthetic', 'synthetic']","[1.0, 1.0, 1.0]"
2020-07-29,"['TCS missed enterprise solutions targets as demand decrease and slowdown continued .', 'TCS losses and deficit from digital transformation deals challenges disappointed investors .', 'TCS announced partnership to boost enterprise solutions growth and revenue gain .']","['negative', 'negative', 'positive']","['synthetic', 'synthetic', 'synthetic']","[-1.0, -1.0, 1.0]"
2020-07-30,"['TCS released standard consulting and cloud migration financial disclosures and filings .', 'TCS faces lawsuit risk and penalty concern impacting consulting and cloud migration .', 'TCS return on digital transformation deals investment exceeded expectations with surplus .']","['neutral', 'negative', 'positive']","['synthetic', 'synthetic', 'synthetic']","[0.0, -1.0, 1.0]"
2020-07-31,"['TCS enterprise solutions valuations remained within historical ranges .', 'TCS disappointing enterprise solutions results led to sell-off and negative sentiment .', 'TCS released standard enterprise solutions financial disclosures and filings .']","['neutral', 'negative', 'neutral']","['synthetic', 'synthetic', 'synthetic']","[0.0, -1.0, 0.0]"
2020-08-03,"['TCS confirmed alignment with digital transformation deals priorities announced earlier .', 'TCS return on IT services contracts investment exceeded expectations with surplus .', 'TCS confirmed alignment with enterprise solutions priorities announced earlier .']","['neutral', 'positive', 'neutral']","['synthetic', 'synthetic', 'synthetic']","[0.0, 1.0, 0.0]"
2020-08-04,"['TCS impairment and writedown from consulting and cloud migration reduced overall profit .', 'TCS sector conditions showed typical patterns for IT services contracts .', 'TCS management discussed IT services contracts strategy at the briefing .']","['negative', 'negative', 'neutral']","['synthetic', 'synthetic', 'synthetic']","[-1.0, 0.0, 0.0]"
2020-08-05,"['TCS management discussed consulting and cloud migration strategy at the briefing .', 'TCS digital transformation deals business continued gradual development this quarter .', 'TCS traded in a narrow range as IT services contracts news was expected .']","['neutral', 'neutral', 'neutral']","['synthetic', 'synthetic', 'synthetic']","[0.0, 0.0, 0.0]"
2020-08-06,"['TCS confirmed alignment with enterprise solutions priorities announced earlier .', 'TCS faces lawsuit risk and penalty concern impacting digital transformation deals .', 'TCS breakthrough in digital transformation deals drove innovation and profit expansion .']","['neutral', 'negative', 'positive']","['synthetic', 'synthetic', 'synthetic']","[0.0, -1.0, 1.0]"
2020-08-07,"['TCS shares dropped on weak enterprise solutions demand and lower guidance .', 'TCS upgrade by analysts citing strong consulting and cloud migration growth and higher margin .', 'TCS acquisition strengthens consulting and cloud migration and boosts revenue upside .']","['negative', 'positive', 'positive']","['synthetic', 'synthetic', 'synthetic']","[-1.0, 1.0, 1.0]"
2020-08-10,"['TCS announced routine updates on IT services contracts business plans .', 'TCS confirmed alignment with IT services contracts priorities announced earlier .', 'TCS quarterly review highlighted steady enterprise solutions performance .']","['neutral', 'neutral', 'negative']","['synthetic', 'synthetic', 'synthetic']","[0.0, 0.0, 0.0]"
2020-08-11,"['TCS posted record revenue as digital transformation deals surged beyond expectations .', 'TCS recall and fine risk created uncertainty for IT services contracts .', 'TCS warning about enterprise solutions decline raised concern among investors .']","['positive', 'negative', 'negative']","['synthetic', 'synthetic', 'synthetic']","[1.0, -1.0, -1.0]"
2020-08-12,"['TCS breakthrough in consulting and cloud migration drove innovation and profit expansion .', 'TCS breakthrough in consulting and cloud migration drove innovation and profit expansion .', 'TCS benefited from rising demand for IT services contracts with improved profit margin .']","['negative', 'positive', 'positive']","['synthetic', 'synthetic', 'synthetic']","[1.0, 1.0, 1.0]"
2020-08-13,"['TCS missed estimates with disappointing consulting and cloud migration decline .', 'TCS faces lawsuit risk and penalty concern impacting digital transformation deals .', 'TCS warning about IT services contracts decline raised concern among investors .']","['negative', 'negative', 'negative']","['synthetic', 'synthetic', 'synthetic']","[-1.0, -1.0, -1.0]"
2020-08-14,"['TCS participated in conference with IT services contracts presentations .', 'TCS surged on positive outlook for IT services contracts with higher revenue .', 'TCS announced routine updates on IT services contracts business plans .']","['neutral', 'positive', 'neutral']","['synthetic', 'synthetic', 'synthetic']","[0.0, 1.0, 0.0]"
2020-08-17,"['TCS impairment and writedown from digital transformation deals reduced overall profit .', 'TCS profit drop amid IT services contracts weakness raised default concern .', 'TCS slower consulting and cloud migration demand and falling margins proved disappointing .']","['negative', 'negative', 'negative']","['synthetic', 'synthetic', 'synthetic']","[-1.0, -1.0, -1.0]"
2020-08-18,"['TCS dividend increase reflects confident profit growth for consulting and cloud migration .', 'TCS exceeded revenue targets as rising consulting and cloud migration demand boosted growth .', 'TCS recovery in digital transformation deals drove higher profit and record revenue increase .']","['positive', 'positive', 'positive']","['synthetic', 'synthetic', 'synthetic']","[1.0, 1.0, 1.0]"
2020-08-19,"['TCS delivered record profit reflecting innovation in consulting and cloud migration .', 'TCS win major deals boosting momentum in consulting and cloud migration revenue expansion .', 'TCS digital transformation deals outlook remains mixed with balanced factors .']","['positive', 'positive', 'neutral']","['synthetic', 'synthetic', 'synthetic']","[1.0, 1.0, 0.0]"
2020-08-20,"['TCS disappointing IT services contracts results led to sell-off and negative sentiment .', 'TCS downgrade followed weak digital transformation deals and lower outlook .', 'TCS win major deals boosting momentum in consulting and cloud migration revenue expansion .']","['negative', 'negative', 'positive']","['synthetic', 'synthetic', 'synthetic']","[-1.0, -1.0, 1.0]"
2020-08-21,"['TCS released standard digital transformation deals financial disclosures and filings .', 'TCS shares dropped on weak digital transformation deals demand and lower guidance .', 'TCS maintained stable IT services contracts operations with results in line .']","['neutral', 'negative', 'positive']","['synthetic', 'synthetic', 'synthetic']","[0.0, -1.0, 0.0]"
2020-08-24,"['TCS confirmed alignment with consulting and cloud migration priorities announced earlier .', 'TCS delivered record profit reflecting innovation in enterprise solutions .', 'TCS reported IT services contracts performance consistent with consensus .']","['neutral', 'positive', 'neutral']","['synthetic', 'synthetic', 'synthetic']","[0.0, 1.0, 0.0]"
2020-08-25,"['TCS maintained stable consulting and cloud migration operations with results in line .', 'TCS fell amid uncertainty over consulting and cloud migration and downside risk .', 'TCS traded in a narrow range as digital transformation deals news was expected .']","['neutral', 'negative', 'neutral']","['synthetic', 'synthetic', 'synthetic']","[0.0, -1.0, 0.0]"
2020-08-26,"['TCS consulting and cloud migration metrics tracked within expected parameters .', 'TCS shares soared after record enterprise solutions revenue and strong profit gain .', 'TCS quarterly review highlighted steady consulting and cloud migration performance .']","['neutral', 'positive', 'neutral']","['synthetic', 'synthetic', 'synthetic']","[0.0, 1.0, 0.0]"
2020-08-27,"['TCS losses and deficit from consulting and cloud migration challenges disappointed investors .', 'TCS sector conditions showed typical patterns for enterprise solutions .', 'TCS announced routine updates on digital transformation deals business plans .']","['neutral', 'neutral', 'neutral']","['synthetic', 'synthetic', 'synthetic']","[-1.0, 0.0, 0.0]"
2020-08-28,"['TCS raised its growth forecast citing strong IT services contracts demand .', 'TCS announced layoffs amid digital transformation deals slowdown and restructuring .', 'TCS missed estimates with disappointing digital transformation deals decline .']","['positive', 'negative', 'negative']","['synthetic', 'synthetic', 'synthetic']","[1.0, -1.0, -1.0]"
2020-08-31,"['TCS return on enterprise solutions investment exceeded expectations with surplus .', 'TCS outperform the sector with strong IT services contracts demand and efficient operations .', 'TCS participated in conference with consulting and cloud migration presentations .']","['positive', 'positive', 'neutral']","['synthetic', 'synthetic', 'synthetic']","[1.0, 1.0, 0.0]"
2020-09-01,"['TCS exceeded revenue targets as rising IT services contracts demand boosted growth .', 'TCS recovery in IT services contracts drove higher profit and record revenue increase .', 'TCS return on digital transformation deals investment exceeded expectations with surplus .']","['positive', 'positive', 'positive']","['synthetic', 'synthetic', 'synthetic']","[1.0, 1.0, 1.0]"
2020-09-02,"['TCS market activity reflected standard enterprise solutions volumes .', 'TCS recovery in IT services contracts drove higher profit and record revenue increase .', 'TCS provided update on IT services contracts operations and near-term plans .']","['neutral', 'positive', 'neutral']","['synthetic', 'synthetic', 'synthetic']","[0.0, 1.0, 0.0]"
2020-09-03,"['TCS announced partnership to boost enterprise solutions growth and revenue gain .', 'TCS surged on positive outlook for IT services contracts with higher revenue .', 'TCS announced layoffs amid digital transformation deals slowdown and restructuring .']","['positive', 'positive', 'negative']","['synthetic', 'synthetic', 'synthetic']","[1.0, 1.0, -1.0]"
2020-09-04,"['TCS delivered record profit reflecting innovation in enterprise solutions .', 'TCS return on digital transformation deals investment exceeded expectations with surplus .', 'TCS surged on positive outlook for IT services contracts with higher revenue .']","['positive', 'positive', 'positive']","['synthetic', 'synthetic', 'synthetic']","[1.0, 1.0, 1.0]"
2020-09-07,"['TCS enterprise solutions metrics tracked within expected parameters .', 'TCS surged on positive outlook for digital transformation deals with higher revenue .', 'TCS reported strong profit growth driven by higher enterprise solutions demand .']","['neutral', 'neutral', 'positive']","['synthetic', 'synthetic', 'synthetic']","[0.0, 1.0, 1.0]"
2020-09-08,"['TCS downgrade followed weak consulting and cloud migration and lower outlook .', 'TCS surged on positive outlook for enterprise solutions with higher revenue .', 'TCS beat estimates with improved margin and rising enterprise solutions momentum .']","['negative', 'positive', 'positive']","['synthetic', 'synthetic', 'synthetic']","[-1.0, 1.0, 1.0]"
2020-09-09,"['TCS losses and deficit from IT services contracts challenges disappointed investors .', 'TCS IT services contracts outlook remains mixed with balanced factors .', 'TCS upgrade by analysts citing strong enterprise solutions growth and higher margin .']","['negative', 'neutral', 'positive']","['synthetic', 'synthetic', 'synthetic']","[-1.0, 0.0, 1.0]"
2020-09-10,"['TCS profit drop amid enterprise solutions weakness raised default concern .', 'TCS benefited from rising demand for consulting and cloud migration with improved profit margin .', 'TCS released standard enterprise solutions financial disclosures and filings .']","['negative', 'negative', 'negative']","['synthetic', 'synthetic', 'synthetic']","[-1.0, 1.0, 0.0]"
2020-09-11,"['TCS shares soared after record digital transformation deals revenue and strong profit gain .', 'TCS participated in conference with IT services contracts presentations .', 'TCS win major deals boosting momentum in IT services contracts revenue expansion .']","['negative', 'neutral', 'positive']","['synthetic', 'synthetic', 'synthetic']","[1.0, 0.0, 1.0]"
2020-09-14,"['TCS fell amid uncertainty over digital transformation deals and downside risk .', 'TCS dividend increase reflects confident profit growth for consulting and cloud migration .', 'TCS exceeded revenue targets as rising IT services contracts demand boosted growth .']","['negative', 'positive', 'positive']","['synthetic', 'synthetic', 'synthetic']","[-1.0, 1.0, 1.0]"
2020-09-15,"['TCS announced routine updates on consulting and cloud migration business plans .', 'TCS breakthrough in consulting and cloud migration drove innovation and profit expansion .', 'TCS achieved robust expansion with strong gain in digital transformation deals .']","['neutral', 'positive', 'positive']","['synthetic', 'synthetic', 'synthetic']","[0.0, 1.0, 1.0]"
2020-09-16,"['TCS scheduled digital transformation deals business review with typical agenda .', 'TCS fell amid uncertainty over IT services contracts and downside risk .', 'TCS market activity reflected standard enterprise solutions volumes .']","['neutral', 'negative', 'neutral']","['synthetic', 'synthetic', 'synthetic']","[0.0, -1.0, 0.0]"
2020-09-17,"['TCS IT services contracts business continued gradual development this quarter .', 'TCS maintained stable IT services contracts operations with results in line .', 'TCS released standard consulting and cloud migration financial disclosures and filings .']","['neutral', 'neutral', 'neutral']","['synthetic', 'synthetic', 'synthetic']","[0.0, 0.0, 0.0]"
2020-09-18,"['TCS dividend increase reflects confident profit growth for IT services contracts .', 'TCS quarterly review highlighted steady consulting and cloud migration performance .', 'TCS slower IT services contracts demand and falling margins proved disappointing .']","['negative', 'neutral', 'negative']","['synthetic', 'synthetic', 'synthetic']","[1.0, 0.0, -1.0]"
2020-09-21,"['TCS traded in a narrow range as consulting and cloud migration news was expected .', 'TCS recovery in IT services contracts drove higher profit and record revenue increase .', 'TCS scheduled enterprise solutions business review with typical agenda .']","['neutral', 'neutral', 'neutral']","['synthetic', 'synthetic', 'synthetic']","[0.0, 1.0, 0.0]"
2020-09-22,"['TCS reduced IT services contracts investment amid concern about further losses .', 'TCS hiring surge reflects robust digital transformation deals demand and growth momentum .', 'TCS dividend increase reflects confident profit growth for consulting and cloud migration .']","['negative', 'positive', 'positive']","['synthetic', 'synthetic', 'synthetic']","[-1.0, 1.0, 1.0]"
2020-09-23,"['TCS benefited from rising demand for digital transformation deals with improved profit margin .', 'TCS traded in a narrow range as enterprise solutions news was expected .', 'TCS surged on positive outlook for digital transformation deals with higher revenue .']","['positive', 'positive', 'positive']","['synthetic', 'synthetic', 'synthetic']","[1.0, 0.0, 1.0]"
2020-09-24,"['TCS slower consulting and cloud migration demand and falling margins proved disappointing .', 'TCS enterprise solutions valuations remained within historical ranges .', 'TCS outperform the sector with strong consulting and cloud migration demand and efficient operations .']","['negative', 'negative', 'negative']","['synthetic', 'synthetic', 'synthetic']","[-1.0, 0.0, 1.0]"
2020-09-25,"['TCS recall and fine risk created uncertainty for IT services contracts .', 'TCS outperform the sector with strong IT services contracts demand and efficient operations .', 'TCS warning about consulting and cloud migration decline raised concern among investors .']","['negative', 'positive', 'negative']","['synthetic', 'synthetic', 'synthetic']","[-1.0, 1.0, -1.0]"
2020-09-28,"['TCS surged on positive outlook for digital transformation deals with higher revenue .', 'TCS reported enterprise solutions performance consistent with consensus .', 'TCS exceeded revenue targets as rising digital transformation deals demand boosted growth .']","['positive', 'positive', 'positive']","['synthetic', 'synthetic', 'synthetic']","[1.0, 0.0, 1.0]"
2020-09-29,"['TCS faces lawsuit risk and penalty concern impacting consulting and cloud migration .', 'TCS confirmed alignment with enterprise solutions priorities announced earlier .', 'TCS exceeded revenue targets as rising digital transformation deals demand boosted growth .']","['negative', 'negative', 'positive']","['synthetic', 'synthetic', 'synthetic']","[-1.0, 0.0, 1.0]"
2020-09-30,"['TCS cut its forecast citing risk of consulting and cloud migration contraction .', 'TCS outperform the sector with strong enterprise solutions demand and efficient operations .', 'TCS shares dropped on weak digital transformation deals demand and lower guidance .']","['positive', 'positive', 'positive']","['synthetic', 'synthetic', 'synthetic']","[-1.0, 1.0, -1.0]"
2020-10-01,"['TCS reported IT services contracts performance consistent with consensus .', 'TCS released standard digital transformation deals financial disclosures and filings .', 'TCS impairment and writedown from consulting and cloud migration reduced overall profit .']","['neutral', 'neutral', 'positive']","['synthetic', 'synthetic', 'synthetic']","[0.0, 0.0, -1.0]"
2020-10-05,"['TCS traded in a narrow range as digital transformation deals news was expected .', 'TCS missed estimates with disappointing IT services contracts decline .', 'TCS enterprise solutions metrics tracked within expected parameters .', 'TCS provided update on IT services contracts operations and near-term plans .', 'TCS market activity reflected standard enterprise solutions volumes .', 'TCS sector conditions showed typical patterns for consulting and cloud migration .']","['neutral', 'neutral', 'neutral', 'neutral', 'neutral', 'neutral']","['synthetic_fill', 'synthetic_fill', 'synthetic_fill', 'synthetic', 'synthetic', 'synthetic']","[0.0, -1.0, 0.0, 0.0, 0.0, 0.0]"
2020-10-06,"['TCS posted record revenue as enterprise solutions surged beyond expectations .', 'TCS acquisition strengthens enterprise solutions and boosts revenue upside .', 'TCS surged on positive outlook for IT services contracts with higher revenue .']","['negative', 'positive', 'positive']","['synthetic', 'synthetic', 'synthetic']","[1.0, 1.0, 1.0]"
2020-10-07,"['TCS upgrade by analysts citing strong IT services contracts growth and higher margin .', 'TCS consulting and cloud migration outlook remains mixed with balanced factors .', 'TCS faces lawsuit risk and penalty concern impacting digital transformation deals .']","['neutral', 'positive', 'negative']","['synthetic', 'synthetic', 'synthetic']","[1.0, 0.0, -1.0]"
2020-10-08,"['TCS digital transformation deals outlook remains mixed with balanced factors .', 'TCS dividend increase reflects confident profit growth for enterprise solutions .', 'TCS profit drop amid consulting and cloud migration weakness raised default concern .']","['neutral', 'positive', 'neutral']","['synthetic', 'synthetic', 'synthetic']","[0.0, 1.0, -1.0]"
2020-10-09,"['TCS exceeded revenue targets as rising digital transformation deals demand boosted growth .', 'TCS outperform the sector with strong IT services contracts demand and efficient operations .', 'TCS industry observers noted mixed signals for IT services contracts .']","['positive', 'positive', 'neutral']","['synthetic', 'synthetic', 'synthetic']","[1.0, 1.0, 0.0]"
2020-10-12,"['TCS confirmed alignment with digital transformation deals priorities announced earlier .', 'TCS exceeded revenue targets as rising IT services contracts demand boosted growth .', 'TCS faced pressure from enterprise solutions decline and reduced margins .']","['neutral', 'positive', 'neutral']","['synthetic', 'synthetic', 'synthetic']","[0.0, 1.0, -1.0]"
2020-10-13,"['TCS outperform the sector with strong consulting and cloud migration demand and efficient operations .', 'TCS missed enterprise solutions targets as demand decrease and slowdown continued .', 'TCS industry observers noted mixed signals for IT services contracts .']","['positive', 'negative', 'neutral']","['synthetic', 'synthetic', 'synthetic']","[1.0, -1.0, 0.0]"
2020-10-14,"['TCS operational activity in consulting and cloud migration continued normal trajectory .', 'TCS reported losses driven by weak enterprise solutions with lower margins .', 'TCS missed estimates with disappointing digital transformation deals decline .']","['neutral', 'neutral', 'negative']","['synthetic', 'synthetic', 'synthetic']","[0.0, -1.0, -1.0]"
2020-10-15,"['TCS beat estimates with improved margin and rising consulting and cloud migration momentum .', 'TCS reduced consulting and cloud migration investment amid concern about further losses .', 'TCS profit drop amid IT services contracts weakness raised default concern .']","['neutral', 'negative', 'negative']","['synthetic', 'synthetic', 'synthetic']","[1.0, -1.0, -1.0]"
2020-10-16,"['TCS traded in a narrow range as digital transformation deals news was expected .', 'TCS missed estimates with disappointing digital transformation deals decline .', 'TCS reported IT services contracts performance consistent with consensus .']","['negative', 'negative', 'neutral']","['synthetic', 'synthetic', 'synthetic']","[0.0, -1.0, 0.0]"
2020-10-19,"['TCS delivered record profit reflecting innovation in IT services contracts .', 'TCS profit drop amid enterprise solutions weakness raised default concern .', 'TCS delivered record profit reflecting innovation in enterprise solutions .']","['positive', 'negative', 'positive']","['synthetic', 'synthetic', 'synthetic']","[1.0, -1.0, 1.0]"
2020-10-20,"['TCS posted record revenue as IT services contracts surged beyond expectations .', 'TCS announced layoffs amid enterprise solutions slowdown and restructuring .', 'TCS acquisition strengthens consulting and cloud migration and boosts revenue upside .']","['negative', 'negative', 'positive']","['synthetic', 'synthetic', 'synthetic']","[1.0, -1.0, 1.0]"
2020-10-21,"['TCS reported strong profit growth driven by higher IT services contracts demand .', 'TCS enterprise solutions metrics tracked within expected parameters .', 'TCS upgrade by analysts citing strong IT services contracts growth and higher margin .']","['negative', 'neutral', 'neutral']","['synthetic', 'synthetic', 'synthetic']","[1.0, 0.0, 1.0]"
2020-10-22,"['TCS fell amid uncertainty over digital transformation deals and downside risk .', 'TCS announced layoffs amid consulting and cloud migration slowdown and restructuring .', 'TCS faces lawsuit risk and penalty concern impacting IT services contracts .']","['negative', 'negative', 'negative']","['synthetic', 'synthetic', 'synthetic']","[-1.0, -1.0, -1.0]"
2020-10-23,"['TCS provided update on consulting and cloud migration operations and near-term plans .', 'TCS market activity reflected standard enterprise solutions volumes .', 'TCS industry observers noted mixed signals for enterprise solutions .']","['neutral', 'neutral', 'neutral']","['synthetic', 'synthetic', 'synthetic']","[0.0, 0.0, 0.0]"
2020-10-26,"['TCS surged on positive outlook for IT services contracts with higher revenue .', 'TCS raised its growth forecast citing strong IT services contracts demand .', 'TCS win major deals boosting momentum in digital transformation deals revenue expansion .']","['positive', 'positive', 'positive']","['synthetic', 'synthetic', 'synthetic']","[1.0, 1.0, 1.0]"
2020-10-27,"['TCS exceeded revenue targets as rising enterprise solutions demand boosted growth .', 'TCS announced routine updates on digital transformation deals business plans .', 'TCS surged on positive outlook for consulting and cloud migration with higher revenue .']","['neutral', 'neutral', 'positive']","['synthetic', 'synthetic', 'synthetic']","[1.0, 0.0, 1.0]"
2020-10-28,"['TCS hiring surge reflects robust digital transformation deals demand and growth momentum .', 'TCS missed digital transformation deals targets as demand decrease and slowdown continued .', 'TCS reported losses driven by weak consulting and cloud migration with lower margins .']","['neutral', 'negative', 'negative']","['synthetic', 'synthetic', 'synthetic']","[1.0, -1.0, -1.0]"
2020-10-29,"['TCS disappointing enterprise solutions results led to sell-off and negative sentiment .', 'TCS quarterly review highlighted steady IT services contracts performance .', 'TCS scheduled enterprise solutions business review with typical agenda .']","['negative', 'neutral', 'neutral']","['synthetic', 'synthetic', 'synthetic']","[-1.0, 0.0, 0.0]"
2020-10-30,"['TCS announced partnership to boost consulting and cloud migration growth and revenue gain .', 'TCS management discussed consulting and cloud migration strategy at the briefing .', 'TCS enterprise solutions metrics tracked within expected parameters .']","['positive', 'neutral', 'neutral']","['synthetic', 'synthetic', 'synthetic']","[1.0, 0.0, 0.0]"
2020-11-02,"['TCS consulting and cloud migration metrics tracked within expected parameters .', 'TCS surged on positive outlook for consulting and cloud migration with higher revenue .', 'TCS faced pressure from IT services contracts decline and reduced margins .']","['neutral', 'positive', 'neutral']","['synthetic', 'synthetic', 'synthetic']","[0.0, 1.0, -1.0]"
2020-11-03,"['TCS IT services contracts business continued gradual development this quarter .', 'TCS confirmed alignment with enterprise solutions priorities announced earlier .', 'TCS reported losses driven by weak digital transformation deals with lower margins .']","['negative', 'negative', 'negative']","['synthetic', 'synthetic', 'synthetic']","[0.0, 0.0, -1.0]"
2020-11-04,"['TCS upgrade by analysts citing strong enterprise solutions growth and higher margin .', 'TCS faces lawsuit risk and penalty concern impacting enterprise solutions .', 'TCS surged on positive outlook for digital transformation deals with higher revenue .']","['positive', 'negative', 'positive']","['synthetic', 'synthetic', 'synthetic']","[1.0, -1.0, 1.0]"
2020-11-05,"['TCS faces lawsuit risk and penalty concern impacting digital transformation deals .', 'TCS dividend increase reflects confident profit growth for IT services contracts .', 'TCS consulting and cloud migration metrics tracked within expected parameters .']","['negative', 'positive', 'neutral']","['synthetic', 'synthetic', 'synthetic']","[-1.0, 1.0, 0.0]"
2020-11-06,"['TCS announced partnership to boost enterprise solutions growth and revenue gain .', 'TCS confirmed alignment with digital transformation deals priorities announced earlier .', 'TCS surged on positive outlook for enterprise solutions with higher revenue .']","['positive', 'neutral', 'neutral']","['synthetic', 'synthetic', 'synthetic']","[1.0, 0.0, 1.0]"
2020-11-09,"['TCS announced partnership to boost digital transformation deals growth and revenue gain .', 'TCS raised its growth forecast citing strong IT services contracts demand .', 'TCS confirmed alignment with IT services contracts priorities announced earlier .']","['positive', 'positive', 'neutral']","['synthetic', 'synthetic', 'synthetic']","[1.0, 1.0, 0.0]"
2020-11-10,"['TCS confirmed alignment with IT services contracts priorities announced earlier .', 'TCS disappointing digital transformation deals results led to sell-off and negative sentiment .', 'TCS surged on positive outlook for enterprise solutions with higher revenue .']","['neutral', 'positive', 'positive']","['synthetic', 'synthetic', 'synthetic']","[0.0, -1.0, 1.0]"
2020-11-11,"['TCS impairment and writedown from IT services contracts reduced overall profit .', 'TCS disappointing digital transformation deals results led to sell-off and negative sentiment .', 'TCS dividend increase reflects confident profit growth for enterprise solutions .']","['negative', 'negative', 'positive']","['synthetic', 'synthetic', 'synthetic']","[-1.0, -1.0, 1.0]"
2020-11-12,"['TCS management discussed digital transformation deals strategy at the briefing .', 'TCS participated in conference with consulting and cloud migration presentations .', 'TCS missed estimates with disappointing digital transformation deals decline .']","['neutral', 'neutral', 'negative']","['synthetic', 'synthetic', 'synthetic']","[0.0, 0.0, -1.0]"
2020-11-13,"['TCS reported losses driven by weak enterprise solutions with lower margins .', 'TCS released standard IT services contracts financial disclosures and filings .', 'TCS reported loss as consulting and cloud migration revenue fell amid weak demand .']","['negative', 'neutral', 'negative']","['synthetic', 'synthetic', 'synthetic']","[-1.0, 0.0, -1.0]"
2020-11-14,[],[],[],[]
2020-11-17,"['TCS industry observers noted mixed signals for consulting and cloud migration .', 'TCS win major deals boosting momentum in consulting and cloud migration revenue expansion .', 'TCS reported IT services contracts performance consistent with consensus .', 'TCS announced layoffs amid enterprise solutions slowdown and restructuring .', 'TCS dividend increase reflects confident profit growth for digital transformation deals .', 'TCS exceeded revenue targets as rising consulting and cloud migration demand boosted growth .']","['neutral', 'neutral', 'neutral', 'neutral', 'positive', 'negative']","['synthetic_fill', 'synthetic_fill', 'synthetic_fill', 'synthetic', 'synthetic', 'synthetic']","[0.0, 1.0, 0.0, -1.0, 1.0, 1.0]"
2020-11-18,"['TCS released standard IT services contracts financial disclosures and filings .', 'TCS maintained stable enterprise solutions operations with results in line .', 'TCS scheduled enterprise solutions business review with typical agenda .']","['neutral', 'neutral', 'neutral']","['synthetic', 'synthetic', 'synthetic']","[0.0, 0.0, 0.0]"
2020-11-19,"['TCS shares dropped on weak digital transformation deals demand and lower guidance .', 'TCS announced partnership to boost enterprise solutions growth and revenue gain .', 'TCS quarterly review highlighted steady consulting and cloud migration performance .']","['negative', 'positive', 'neutral']","['synthetic', 'synthetic', 'synthetic']","[-1.0, 1.0, 0.0]"
2020-11-20,"['TCS profit drop amid IT services contracts weakness raised default concern .', 'TCS warning about consulting and cloud migration decline raised concern among investors .', 'TCS reported loss as consulting and cloud migration revenue fell amid weak demand .']","['neutral', 'negative', 'negative']","['synthetic', 'synthetic', 'synthetic']","[-1.0, -1.0, -1.0]"
2020-11-23,"['TCS missed digital transformation deals targets as demand decrease and slowdown continued .', 'TCS debt and digital transformation deals decline created financial pressure .', 'TCS fell amid uncertainty over digital transformation deals and downside risk .']","['negative', 'neutral', 'negative']","['synthetic', 'synthetic', 'synthetic']","[-1.0, -1.0, -1.0]"
2020-11-24,"['TCS digital transformation deals outlook remains mixed with balanced factors .', 'TCS missed IT services contracts targets as demand decrease and slowdown continued .', 'TCS missed enterprise solutions targets as demand decrease and slowdown continued .']","['positive', 'neutral', 'neutral']","['synthetic', 'synthetic', 'synthetic']","[0.0, -1.0, -1.0]"
2020-11-25,"['TCS released standard consulting and cloud migration financial disclosures and filings .', 'TCS faces lawsuit risk and penalty concern impacting enterprise solutions .', 'TCS beat estimates with improved margin and rising IT services contracts momentum .']","['neutral', 'negative', 'positive']","['synthetic', 'synthetic', 'synthetic']","[0.0, -1.0, 1.0]"
2020-11-26,"['TCS fell amid uncertainty over enterprise solutions and downside risk .', 'TCS announced routine updates on consulting and cloud migration business plans .', 'TCS slower IT services contracts demand and falling margins proved disappointing .']","['negative', 'neutral', 'negative']","['synthetic', 'synthetic', 'synthetic']","[-1.0, 0.0, -1.0]"
2020-11-27,"['TCS announced routine updates on IT services contracts business plans .', 'TCS raised its growth forecast citing strong enterprise solutions demand .', 'TCS hiring surge reflects robust enterprise solutions demand and growth momentum .']","['neutral', 'positive', 'positive']","['synthetic', 'synthetic', 'synthetic']","[0.0, 1.0, 1.0]"
2020-12-01,"['TCS scheduled digital transformation deals business review with typical agenda .', 'TCS confirmed alignment with enterprise solutions priorities announced earlier .', 'TCS market activity reflected standard enterprise solutions volumes .', 'TCS return on IT services contracts investment exceeded expectations with surplus .', 'TCS fell amid uncertainty over enterprise solutions and downside risk .', 'TCS downgrade followed weak enterprise solutions and lower outlook .']","['neutral', 'neutral', 'neutral', 'negative', 'negative', 'negative']","['synthetic_fill', 'synthetic_fill', 'synthetic_fill', 'synthetic', 'synthetic', 'synthetic']","[0.0, 0.0, 0.0, 1.0, -1.0, -1.0]"
2020-12-02,"['TCS dividend increase reflects confident profit growth for IT services contracts .', 'TCS reported loss as IT services contracts revenue fell amid weak demand .', 'TCS maintained stable digital transformation deals operations with results in line .']","['positive', 'positive', 'positive']","['synthetic', 'synthetic', 'synthetic']","[1.0, -1.0, 0.0]"
2020-12-03,"['TCS confirmed alignment with IT services contracts priorities announced earlier .', 'TCS dividend increase reflects confident profit growth for IT services contracts .', 'TCS management discussed enterprise solutions strategy at the briefing .']","['neutral', 'positive', 'neutral']","['synthetic', 'synthetic', 'synthetic']","[0.0, 1.0, 0.0]"
2020-12-04,"['TCS announced layoffs amid enterprise solutions slowdown and restructuring .', 'TCS profit drop amid enterprise solutions weakness raised default concern .', 'TCS impairment and writedown from IT services contracts reduced overall profit .']","['neutral', 'negative', 'negative']","['synthetic', 'synthetic', 'synthetic']","[-1.0, -1.0, -1.0]"
2020-12-07,"['TCS recovery in IT services contracts drove higher profit and record revenue increase .', 'TCS fell amid uncertainty over IT services contracts and downside risk .', 'TCS benefited from rising demand for enterprise solutions with improved profit margin .']","['positive', 'negative', 'neutral']","['synthetic', 'synthetic', 'synthetic']","[1.0, -1.0, 1.0]"
2020-12-08,"['TCS operational activity in consulting and cloud migration continued normal trajectory .', 'TCS confirmed alignment with IT services contracts priorities announced earlier .', 'TCS recovery in enterprise solutions drove higher profit and record revenue increase .']","['neutral', 'neutral', 'neutral']","['synthetic', 'synthetic', 'synthetic']","[0.0, 0.0, 1.0]"
2020-12-09,"['TCS warning about digital transformation deals decline raised concern among investors .', 'TCS raised its growth forecast citing strong consulting and cloud migration demand .', 'TCS participated in conference with IT services contracts presentations .']","['neutral', 'positive', 'neutral']","['synthetic', 'synthetic', 'synthetic']","[-1.0, 1.0, 0.0]"
2020-12-10,"['TCS impairment and writedown from IT services contracts reduced overall profit .', 'TCS return on digital transformation deals investment exceeded expectations with surplus .', 'TCS benefited from rising demand for IT services contracts with improved profit margin .']","['negative', 'positive', 'positive']","['synthetic', 'synthetic', 'synthetic']","[-1.0, 1.0, 1.0]"
2020-12-11,"['TCS missed enterprise solutions targets as demand decrease and slowdown continued .', 'TCS digital transformation deals metrics tracked within expected parameters .', 'TCS scheduled digital transformation deals business review with typical agenda .']","['negative', 'neutral', 'neutral']","['synthetic', 'synthetic', 'synthetic']","[-1.0, 0.0, 0.0]"
2020-12-14,"['TCS breakthrough in digital transformation deals drove innovation and profit expansion .', 'TCS management discussed enterprise solutions strategy at the briefing .', 'TCS fell amid uncertainty over enterprise solutions and downside risk .']","['positive', 'neutral', 'negative']","['synthetic', 'synthetic', 'synthetic']","[1.0, 0.0, -1.0]"
2020-12-15,"['TCS warning about digital transformation deals decline raised concern among investors .', 'TCS industry observers noted mixed signals for enterprise solutions .', 'TCS consulting and cloud migration valuations remained within historical ranges .']","['positive', 'neutral', 'neutral']","['synthetic', 'synthetic', 'synthetic']","[-1.0, 0.0, 0.0]"
2020-12-16,"['TCS fell amid uncertainty over consulting and cloud migration and downside risk .', 'TCS governance review of consulting and cloud migration operations found no issues .', 'TCS reported strong profit growth driven by higher IT services contracts demand .']","['negative', 'negative', 'negative']","['synthetic', 'synthetic', 'synthetic']","[-1.0, 0.0, 1.0]"
2020-12-17,"['TCS recovery in enterprise solutions drove higher profit and record revenue increase .', 'TCS slower IT services contracts demand and falling margins proved disappointing .', 'TCS digital transformation deals outlook remains mixed with balanced factors .']","['positive', 'positive', 'positive']","['synthetic', 'synthetic', 'synthetic']","[1.0, -1.0, 0.0]"
2020-12-18,"['TCS missed IT services contracts targets as demand decrease and slowdown continued .', 'TCS impairment and writedown from digital transformation deals reduced overall profit .', 'TCS exceeded revenue targets as rising consulting and cloud migration demand boosted growth .']","['negative', 'negative', 'positive']","['synthetic', 'synthetic', 'synthetic']","[-1.0, -1.0, 1.0]"
2020-12-21,"['TCS dividend increase reflects confident profit growth for IT services contracts .', 'TCS win major deals boosting momentum in consulting and cloud migration revenue expansion .', 'TCS released standard enterprise solutions financial disclosures and filings .']","['positive', 'positive', 'neutral']","['synthetic', 'synthetic', 'synthetic']","[1.0, 1.0, 0.0]"
2020-12-22,"['TCS announced routine updates on enterprise solutions business plans .', 'TCS operational activity in enterprise solutions continued normal trajectory .', 'TCS announced layoffs amid digital transformation deals slowdown and restructuring .']","['neutral', 'neutral', 'negative']","['synthetic', 'synthetic', 'synthetic']","[0.0, 0.0, -1.0]"
2020-12-23,"['TCS warning about digital transformation deals decline raised concern among investors .', 'TCS acquisition strengthens IT services contracts and boosts revenue upside .', 'TCS announced partnership to boost IT services contracts growth and revenue gain .']","['positive', 'positive', 'positive']","['synthetic', 'synthetic', 'synthetic']","[-1.0, 1.0, 1.0]"
2020-12-24,"['TCS losses and deficit from enterprise solutions challenges disappointed investors .', 'TCS return on IT services contracts investment exceeded expectations with surplus .', 'TCS announced partnership to boost consulting and cloud migration growth and revenue gain .']","['negative', 'positive', 'positive']","['synthetic', 'synthetic', 'synthetic']","[-1.0, 1.0, 1.0]"
2020-12-28,"['TCS reported IT services contracts performance consistent with consensus .', 'TCS quarterly review highlighted steady consulting and cloud migration performance .', 'TCS released standard IT services contracts financial disclosures and filings .', 'TCS digital transformation deals metrics tracked within expected parameters .', 'TCS sector conditions showed typical patterns for consulting and cloud migration .', 'TCS governance review of enterprise solutions operations found no issues .']","['neutral', 'neutral', 'neutral', 'neutral', 'neutral', 'neutral']","['synthetic_fill', 'synthetic_fill', 'synthetic_fill', 'synthetic', 'synthetic', 'synthetic']","[0.0, 0.0, 0.0, 0.0, 0.0, 0.0]"
2020-12-29,"['TCS fell amid uncertainty over consulting and cloud migration and downside risk .', 'TCS digital transformation deals valuations remained within historical ranges .', 'TCS reported losses driven by weak enterprise solutions with lower margins .']","['negative', 'neutral', 'negative']","['synthetic', 'synthetic', 'synthetic']","[-1.0, 0.0, -1.0]"
2020-12-30,"['TCS consulting and cloud migration valuations remained within historical ranges .', 'TCS losses and deficit from digital transformation deals challenges disappointed investors .', 'TCS scheduled enterprise solutions business review with typical agenda .']","['neutral', 'neutral', 'neutral']","['synthetic', 'synthetic', 'synthetic']","[0.0, -1.0, 0.0]"
2020-12-31,"['TCS cut its forecast citing risk of IT services contracts contraction .', 'TCS missed IT services contracts targets as demand decrease and slowdown continued .', 'TCS profit drop amid enterprise solutions weakness raised default concern .']","['negative', 'negative', 'negative']","['synthetic', 'synthetic', 'synthetic']","[-1.0, -1.0, -1.0]"
2021-01-01,"['TCS recovery in enterprise solutions drove higher profit and record revenue increase .', 'TCS profit drop amid enterprise solutions weakness raised default concern .', 'TCS governance review of enterprise solutions operations found no issues .']","['negative', 'negative', 'neutral']","['synthetic', 'synthetic', 'synthetic']","[1.0, -1.0, 0.0]"
2021-01-04,"['TCS announced routine updates on digital transformation deals business plans .', 'TCS beat estimates with improved margin and rising IT services contracts momentum .', 'TCS dividend increase reflects confident profit growth for consulting and cloud migration .']","['negative', 'positive', 'positive']","['synthetic', 'synthetic', 'synthetic']","[0.0, 1.0, 1.0]"
2021-01-05,"['TCS quarterly review highlighted steady consulting and cloud migration performance .', 'TCS win major deals boosting momentum in digital transformation deals revenue expansion .', 'TCS acquisition strengthens digital transformation deals and boosts revenue upside .']","['neutral', 'positive', 'positive']","['synthetic', 'synthetic', 'synthetic']","[0.0, 1.0, 1.0]"
2021-01-06,"['TCS acquisition strengthens consulting and cloud migration and boosts revenue upside .', 'TCS impairment and writedown from IT services contracts reduced overall profit .', 'TCS return on digital transformation deals investment exceeded expectations with surplus .']","['positive', 'negative', 'positive']","['synthetic', 'synthetic', 'synthetic']","[1.0, -1.0, 1.0]"
2021-01-07,"['TCS quarterly review highlighted steady digital transformation deals performance .', 'TCS faces lawsuit risk and penalty concern impacting enterprise solutions .', 'TCS slower IT services contracts demand and falling margins proved disappointing .']","['neutral', 'negative', 'negative']","['synthetic', 'synthetic', 'synthetic']","[0.0, -1.0, -1.0]"
2021-01-08,"['TCS missed estimates with disappointing consulting and cloud migration decline .', 'TCS raised its growth forecast citing strong consulting and cloud migration demand .', 'TCS industry observers noted mixed signals for IT services contracts .']","['negative', 'positive', 'neutral']","['synthetic', 'synthetic', 'synthetic']","[-1.0, 1.0, 0.0]"
2021-01-11,"['TCS announced routine updates on digital transformation deals business plans .', 'TCS dividend increase reflects confident profit growth for consulting and cloud migration .', 'TCS announced partnership to boost IT services contracts growth and revenue gain .']","['negative', 'positive', 'positive']","['synthetic', 'synthetic', 'synthetic']","[0.0, 1.0, 1.0]"
2021-01-12,"['TCS exceeded revenue targets as rising IT services contracts demand boosted growth .', 'TCS warning about consulting and cloud migration decline raised concern among investors .', 'TCS breakthrough in IT services contracts drove innovation and profit expansion .']","['positive', 'negative', 'positive']","['synthetic', 'synthetic', 'synthetic']","[1.0, -1.0, 1.0]"
2021-01-13,"['TCS beat estimates with improved margin and rising consulting and cloud migration momentum .', 'TCS confirmed alignment with enterprise solutions priorities announced earlier .', 'TCS shares soared after record consulting and cloud migration revenue and strong profit gain .']","['neutral', 'neutral', 'neutral']","['synthetic', 'synthetic', 'synthetic']","[1.0, 0.0, 1.0]"
2021-01-14,"['TCS fell amid uncertainty over digital transformation deals and downside risk .', 'TCS faces lawsuit risk and penalty concern impacting digital transformation deals .', 'TCS shares dropped on weak consulting and cloud migration demand and lower guidance .']","['negative', 'negative', 'positive']","['synthetic', 'synthetic', 'synthetic']","[-1.0, -1.0, -1.0]"
2021-01-15,"['TCS benefited from rising demand for IT services contracts with improved profit margin .', 'TCS exceeded revenue targets as rising IT services contracts demand boosted growth .', 'TCS outperform the sector with strong digital transformation deals demand and efficient operations .']","['neutral', 'positive', 'positive']","['synthetic', 'synthetic', 'synthetic']","[1.0, 1.0, 1.0]"
2021-01-18,"['TCS digital transformation deals business continued gradual development this quarter .', 'TCS missed estimates with disappointing IT services contracts decline .', 'TCS maintained stable consulting and cloud migration operations with results in line .']","['neutral', 'negative', 'neutral']","['synthetic', 'synthetic', 'synthetic']","[0.0, -1.0, 0.0]"
2021-01-19,"['TCS digital transformation deals valuations remained within historical ranges .', 'TCS reported enterprise solutions performance consistent with consensus .', 'TCS management discussed enterprise solutions strategy at the briefing .']","['neutral', 'neutral', 'neutral']","['synthetic', 'synthetic', 'synthetic']","[0.0, 0.0, 0.0]"
2021-01-20,"['TCS dividend increase reflects confident profit growth for IT services contracts .', 'TCS scheduled consulting and cloud migration business review with typical agenda .', 'TCS management discussed IT services contracts strategy at the briefing .']","['positive', 'neutral', 'neutral']","['synthetic', 'synthetic', 'synthetic']","[1.0, 0.0, 0.0]"
2021-01-21,"['TCS exceeded revenue targets as rising IT services contracts demand boosted growth .', 'TCS maintained stable IT services contracts operations with results in line .', 'TCS warning about digital transformation deals decline raised concern among investors .']","['positive', 'positive', 'positive']","['synthetic', 'synthetic', 'synthetic']","[1.0, 0.0, -1.0]"
2021-01-22,"['TCS warning about consulting and cloud migration decline raised concern among investors .', 'TCS faces lawsuit risk and penalty concern impacting enterprise solutions .', 'TCS announced layoffs amid digital transformation deals slowdown and restructuring .']","['negative', 'negative', 'negative']","['synthetic', 'synthetic', 'synthetic']","[-1.0, -1.0, -1.0]"
2021-01-25,"['TCS reported enterprise solutions performance consistent with consensus .', 'TCS missed estimates with disappointing IT services contracts decline .', 'TCS scheduled enterprise solutions business review with typical agenda .']","['positive', 'negative', 'positive']","['synthetic', 'synthetic', 'synthetic']","[0.0, -1.0, 0.0]"
2021-01-27,"['TCS confirmed alignment with IT services contracts priorities announced earlier .', 'TCS confirmed alignment with IT services contracts priorities announced earlier .', 'TCS announced routine updates on IT services contracts business plans .', 'TCS announced layoffs amid consulting and cloud migration slowdown and restructuring .', 'TCS consulting and cloud migration metrics tracked within expected parameters .', 'TCS market activity reflected standard enterprise solutions volumes .']","['neutral', 'neutral', 'neutral', 'negative', 'neutral', 'positive']","['synthetic_fill', 'synthetic_fill', 'synthetic_fill', 'synthetic', 'synthetic', 'synthetic']","[0.0, 0.0, 0.0, -1.0, 0.0, 0.0]"
2021-01-28,"['TCS faced pressure from enterprise solutions decline and reduced margins .', 'TCS reported losses driven by weak digital transformation deals with lower margins .', 'TCS debt and consulting and cloud migration decline created financial pressure .']","['negative', 'negative', 'negative']","['synthetic', 'synthetic', 'synthetic']","[-1.0, -1.0, -1.0]"
2021-01-29,"['TCS win major deals boosting momentum in enterprise solutions revenue expansion .', 'TCS impairment and writedown from consulting and cloud migration reduced overall profit .', 'TCS shares dropped on weak consulting and cloud migration demand and lower guidance .']","['positive', 'negative', 'negative']","['synthetic', 'synthetic', 'synthetic']","[1.0, -1.0, -1.0]"
2021-02-01,"['TCS IT services contracts metrics tracked within expected parameters .', 'TCS faces lawsuit risk and penalty concern impacting digital transformation deals .', 'TCS debt and digital transformation deals decline created financial pressure .']","['neutral', 'negative', 'negative']","['synthetic', 'synthetic', 'synthetic']","[0.0, -1.0, -1.0]"
2021-02-02,"['TCS acquisition strengthens consulting and cloud migration and boosts revenue upside .', 'TCS benefited from rising demand for IT services contracts with improved profit margin .', 'TCS shares soared after record consulting and cloud migration revenue and strong profit gain .']","['positive', 'positive', 'positive']","['synthetic', 'synthetic', 'synthetic']","[1.0, 1.0, 1.0]"
2021-02-03,"['TCS downgrade followed weak enterprise solutions and lower outlook .', 'TCS delivered record profit reflecting innovation in enterprise solutions .', 'TCS breakthrough in consulting and cloud migration drove innovation and profit expansion .']","['positive', 'positive', 'positive']","['synthetic', 'synthetic', 'synthetic']","[-1.0, 1.0, 1.0]"
2021-02-04,"['TCS consulting and cloud migration valuations remained within historical ranges .', 'TCS dividend increase reflects confident profit growth for enterprise solutions .', 'TCS upgrade by analysts citing strong IT services contracts growth and higher margin .']","['neutral', 'neutral', 'positive']","['synthetic', 'synthetic', 'synthetic']","[0.0, 1.0, 1.0]"
2021-02-05,"['TCS reduced consulting and cloud migration investment amid concern about further losses .', 'TCS industry observers noted mixed signals for enterprise solutions .', 'TCS sector conditions showed typical patterns for IT services contracts .']","['negative', 'neutral', 'neutral']","['synthetic', 'synthetic', 'synthetic']","[-1.0, 0.0, 0.0]"
2021-02-08,"['TCS enterprise solutions valuations remained within historical ranges .', 'TCS slower consulting and cloud migration demand and falling margins proved disappointing .', 'TCS traded in a narrow range as digital transformation deals news was expected .']","['neutral', 'negative', 'neutral']","['synthetic', 'synthetic', 'synthetic']","[0.0, -1.0, 0.0]"
2021-02-09,"['TCS governance review of enterprise solutions operations found no issues .', 'TCS posted record revenue as digital transformation deals surged beyond expectations .', 'TCS surged on positive outlook for IT services contracts with higher revenue .']","['neutral', 'positive', 'positive']","['synthetic', 'synthetic', 'synthetic']","[0.0, 1.0, 1.0]"
2021-02-10,"['TCS fell amid uncertainty over enterprise solutions and downside risk .', 'TCS losses and deficit from IT services contracts challenges disappointed investors .', 'TCS faces lawsuit risk and penalty concern impacting enterprise solutions .']","['negative', 'negative', 'negative']","['synthetic', 'synthetic', 'synthetic']","[-1.0, -1.0, -1.0]"
2021-02-11,"['TCS traded in a narrow range as IT services contracts news was expected .', 'TCS benefited from rising demand for consulting and cloud migration with improved profit margin .', 'TCS surged on positive outlook for consulting and cloud migration with higher revenue .']","['neutral', 'positive', 'positive']","['synthetic', 'synthetic', 'synthetic']","[0.0, 1.0, 1.0]"
2021-02-12,"['TCS consulting and cloud migration metrics tracked within expected parameters .', 'TCS profit drop amid consulting and cloud migration weakness raised default concern .', 'TCS released standard enterprise solutions financial disclosures and filings .']","['neutral', 'neutral', 'neutral']","['synthetic', 'synthetic', 'synthetic']","[0.0, -1.0, 0.0]"
2021-02-15,"['TCS consulting and cloud migration valuations remained within historical ranges .', 'TCS downgrade followed weak enterprise solutions and lower outlook .', 'TCS maintained stable consulting and cloud migration operations with results in line .']","['neutral', 'positive', 'neutral']","['synthetic', 'synthetic', 'synthetic']","[0.0, -1.0, 0.0]"
2021-02-16,"['TCS scheduled enterprise solutions business review with typical agenda .', 'TCS faced pressure from enterprise solutions decline and reduced margins .', 'TCS exceeded revenue targets as rising enterprise solutions demand boosted growth .']","['neutral', 'negative', 'positive']","['synthetic', 'synthetic', 'synthetic']","[0.0, -1.0, 1.0]"
2021-02-17,"['TCS delivered record profit reflecting innovation in enterprise solutions .', 'TCS warning about digital transformation deals decline raised concern among investors .', 'TCS market activity reflected standard enterprise solutions volumes .']","['positive', 'positive', 'neutral']","['synthetic', 'synthetic', 'synthetic']","[1.0, -1.0, 0.0]"
2021-02-18,"['TCS warning about IT services contracts decline raised concern among investors .', 'TCS confirmed alignment with enterprise solutions priorities announced earlier .', 'TCS fell amid uncertainty over enterprise solutions and downside risk .']","['negative', 'neutral', 'negative']","['synthetic', 'synthetic', 'synthetic']","[-1.0, 0.0, -1.0]"
2021-02-19,"['TCS traded in a narrow range as consulting and cloud migration news was expected .', 'TCS exceeded revenue targets as rising enterprise solutions demand boosted growth .', 'TCS consulting and cloud migration valuations remained within historical ranges .']","['neutral', 'positive', 'neutral']","['synthetic', 'synthetic', 'synthetic']","[0.0, 1.0, 0.0]"
2021-02-22,"['TCS operational activity in enterprise solutions continued normal trajectory .', 'TCS profit drop amid IT services contracts weakness raised default concern .', 'TCS operational activity in consulting and cloud migration continued normal trajectory .']","['neutral', 'neutral', 'neutral']","['synthetic', 'synthetic', 'synthetic']","[0.0, -1.0, 0.0]"
2021-02-23,"['TCS losses and deficit from IT services contracts challenges disappointed investors .', 'TCS shares soared after record IT services contracts revenue and strong profit gain .', 'TCS downgrade followed weak consulting and cloud migration and lower outlook .']","['negative', 'positive', 'negative']","['synthetic', 'synthetic', 'synthetic']","[-1.0, 1.0, -1.0]"
2021-02-24,"['TCS shares soared after record enterprise solutions revenue and strong profit gain .', 'TCS breakthrough in enterprise solutions drove innovation and profit expansion .', 'TCS beat estimates with improved margin and rising enterprise solutions momentum .']","['positive', 'positive', 'positive']","['synthetic', 'synthetic', 'synthetic']","[1.0, 1.0, 1.0]"
2021-02-25,"['TCS acquisition strengthens consulting and cloud migration and boosts revenue upside .', 'TCS industry observers noted mixed signals for consulting and cloud migration .', 'TCS IT services contracts metrics tracked within expected parameters .']","['positive', 'neutral', 'neutral']","['synthetic', 'synthetic', 'synthetic']","[1.0, 0.0, 0.0]"
2021-02-26,"['TCS warning about consulting and cloud migration decline raised concern among investors .', 'TCS raised its growth forecast citing strong consulting and cloud migration demand .', 'TCS announced partnership to boost consulting and cloud migration growth and revenue gain .']","['negative', 'neutral', 'positive']","['synthetic', 'synthetic', 'synthetic']","[-1.0, 1.0, 1.0]"
2021-03-01,"['TCS announced layoffs amid digital transformation deals slowdown and restructuring .', 'TCS reported losses driven by weak enterprise solutions with lower margins .', 'TCS consulting and cloud migration business continued gradual development this quarter .']","['negative', 'negative', 'neutral']","['synthetic', 'synthetic', 'synthetic']","[-1.0, -1.0, 0.0]"
2021-03-02,"['TCS surged on positive outlook for consulting and cloud migration with higher revenue .', 'TCS industry observers noted mixed signals for IT services contracts .', 'TCS outperform the sector with strong consulting and cloud migration demand and efficient operations .']","['positive', 'neutral', 'positive']","['synthetic', 'synthetic', 'synthetic']","[1.0, 0.0, 1.0]"
2021-03-03,"['TCS beat estimates with improved margin and rising enterprise solutions momentum .', 'TCS shares soared after record enterprise solutions revenue and strong profit gain .', 'TCS recovery in enterprise solutions drove higher profit and record revenue increase .']","['positive', 'positive', 'positive']","['synthetic', 'synthetic', 'synthetic']","[1.0, 1.0, 1.0]"
2021-03-04,"['TCS dividend increase reflects confident profit growth for consulting and cloud migration .', 'TCS achieved robust expansion with strong gain in IT services contracts .', 'TCS profit drop amid IT services contracts weakness raised default concern .']","['positive', 'positive', 'neutral']","['synthetic', 'synthetic', 'synthetic']","[1.0, 1.0, -1.0]"
2021-03-05,"['TCS slower IT services contracts demand and falling margins proved disappointing .', 'TCS digital transformation deals business continued gradual development this quarter .', 'TCS reported losses driven by weak enterprise solutions with lower margins .']","['negative', 'neutral', 'neutral']","['synthetic', 'synthetic', 'synthetic']","[-1.0, 0.0, -1.0]"
2021-03-08,"['TCS industry observers noted mixed signals for consulting and cloud migration .', 'TCS impairment and writedown from digital transformation deals reduced overall profit .', 'TCS industry observers noted mixed signals for digital transformation deals .']","['neutral', 'negative', 'neutral']","['synthetic', 'synthetic', 'synthetic']","[0.0, -1.0, 0.0]"
2021-03-09,"['TCS recovery in digital transformation deals drove higher profit and record revenue increase .', 'TCS fell amid uncertainty over enterprise solutions and downside risk .', 'TCS reported losses driven by weak enterprise solutions with lower margins .']","['positive', 'negative', 'neutral']","['synthetic', 'synthetic', 'synthetic']","[1.0, -1.0, -1.0]"
2021-03-10,"['TCS announced routine updates on enterprise solutions business plans .', 'TCS industry observers noted mixed signals for IT services contracts .', 'TCS announced partnership to boost consulting and cloud migration growth and revenue gain .']","['neutral', 'neutral', 'positive']","['synthetic', 'synthetic', 'synthetic']","[0.0, 0.0, 1.0]"
2021-03-12,"['TCS impairment and writedown from consulting and cloud migration reduced overall profit .', 'TCS released standard consulting and cloud migration financial disclosures and filings .', 'TCS management discussed enterprise solutions strategy at the briefing .', 'TCS breakthrough in IT services contracts drove innovation and profit expansion .', 'TCS announced partnership to boost enterprise solutions growth and revenue gain .', 'TCS missed estimates with disappointing consulting and cloud migration decline .']","['neutral', 'neutral', 'neutral', 'positive', 'positive', 'neutral']","['synthetic_fill', 'synthetic_fill', 'synthetic_fill', 'synthetic', 'synthetic', 'synthetic']","[-1.0, 0.0, 0.0, 1.0, 1.0, -1.0]"
2021-03-15,"['TCS dividend increase reflects confident profit growth for enterprise solutions .', 'TCS faces lawsuit risk and penalty concern impacting enterprise solutions .', 'TCS sector conditions showed typical patterns for IT services contracts .']","['neutral', 'positive', 'neutral']","['synthetic', 'synthetic', 'synthetic']","[1.0, -1.0, 0.0]"
2021-03-16,"['TCS consulting and cloud migration metrics tracked within expected parameters .', 'TCS faces lawsuit risk and penalty concern impacting IT services contracts .', 'TCS traded in a narrow range as enterprise solutions news was expected .']","['neutral', 'negative', 'neutral']","['synthetic', 'synthetic', 'synthetic']","[0.0, -1.0, 0.0]"
2021-03-17,"['TCS breakthrough in consulting and cloud migration drove innovation and profit expansion .', 'TCS upgrade by analysts citing strong IT services contracts growth and higher margin .', 'TCS upgrade by analysts citing strong consulting and cloud migration growth and higher margin .']","['positive', 'positive', 'positive']","['synthetic', 'synthetic', 'synthetic']","[1.0, 1.0, 1.0]"
2021-03-18,"['TCS released standard consulting and cloud migration financial disclosures and filings .', 'TCS market activity reflected standard enterprise solutions volumes .', 'TCS operational activity in enterprise solutions continued normal trajectory .']","['neutral', 'neutral', 'neutral']","['synthetic', 'synthetic', 'synthetic']","[0.0, 0.0, 0.0]"
2021-03-19,"['TCS reported losses driven by weak digital transformation deals with lower margins .', 'TCS shares dropped on weak enterprise solutions demand and lower guidance .', 'TCS slower digital transformation deals demand and falling margins proved disappointing .']","['negative', 'negative', 'negative']","['synthetic', 'synthetic', 'synthetic']","[-1.0, -1.0, -1.0]"
2021-03-22,"['TCS participated in conference with enterprise solutions presentations .', 'TCS enterprise solutions metrics tracked within expected parameters .', 'TCS faces lawsuit risk and penalty concern impacting digital transformation deals .']","['neutral', 'neutral', 'neutral']","['synthetic', 'synthetic', 'synthetic']","[0.0, 0.0, -1.0]"
2021-03-23,"['TCS posted record revenue as enterprise solutions surged beyond expectations .', 'TCS acquisition strengthens enterprise solutions and boosts revenue upside .', 'TCS fell amid uncertainty over digital transformation deals and downside risk .']","['positive', 'positive', 'negative']","['synthetic', 'synthetic', 'synthetic']","[1.0, 1.0, -1.0]"
2021-03-24,"['TCS sector conditions showed typical patterns for enterprise solutions .', 'TCS governance review of consulting and cloud migration operations found no issues .', 'TCS quarterly review highlighted steady consulting and cloud migration performance .']","['neutral', 'neutral', 'neutral']","['synthetic', 'synthetic', 'synthetic']","[0.0, 0.0, 0.0]"
2021-03-25,"['TCS IT services contracts valuations remained within historical ranges .', 'TCS exceeded revenue targets as rising enterprise solutions demand boosted growth .', 'TCS sector conditions showed typical patterns for IT services contracts .']","['negative', 'positive', 'negative']","['synthetic', 'synthetic', 'synthetic']","[0.0, 1.0, 0.0]"
2021-03-26,"['TCS faced pressure from enterprise solutions decline and reduced margins .', 'TCS exceeded revenue targets as rising consulting and cloud migration demand boosted growth .', 'TCS traded in a narrow range as enterprise solutions news was expected .']","['negative', 'negative', 'negative']","['synthetic', 'synthetic', 'synthetic']","[-1.0, 1.0, 0.0]"
2021-03-30,"['TCS shares soared after record consulting and cloud migration revenue and strong profit gain .', 'TCS quarterly review highlighted steady enterprise solutions performance .', 'TCS market activity reflected standard enterprise solutions volumes .', 'TCS management discussed digital transformation deals strategy at the briefing .', 'TCS provided update on IT services contracts operations and near-term plans .', 'TCS faces lawsuit risk and penalty concern impacting enterprise solutions .']","['neutral', 'neutral', 'neutral', 'neutral', 'neutral', 'negative']","['synthetic_fill', 'synthetic_fill', 'synthetic_fill', 'synthetic', 'synthetic', 'synthetic']","[1.0, 0.0, 0.0, 0.0, 0.0, -1.0]"
2021-03-31,"['TCS dividend increase reflects confident profit growth for digital transformation deals .', 'TCS posted record revenue as IT services contracts surged beyond expectations .', 'TCS maintained stable consulting and cloud migration operations with results in line .']","['positive', 'negative', 'neutral']","['synthetic', 'synthetic', 'synthetic']","[1.0, 1.0, 0.0]"
2021-04-01,"['TCS acquisition strengthens IT services contracts and boosts revenue upside .', 'TCS surged on positive outlook for consulting and cloud migration with higher revenue .', 'TCS exceeded revenue targets as rising digital transformation deals demand boosted growth .']","['neutral', 'positive', 'neutral']","['synthetic', 'synthetic', 'synthetic']","[1.0, 1.0, 1.0]"
2021-04-05,"['TCS win major deals boosting momentum in digital transformation deals revenue expansion .', 'TCS governance review of enterprise solutions operations found no issues .', 'TCS participated in conference with enterprise solutions presentations .', 'TCS win major deals boosting momentum in enterprise solutions revenue expansion .', 'TCS market activity reflected standard IT services contracts volumes .', 'TCS confirmed alignment with enterprise solutions priorities announced earlier .']","['neutral', 'neutral', 'neutral', 'positive', 'neutral', 'neutral']","['synthetic_fill', 'synthetic_fill', 'synthetic_fill', 'synthetic', 'synthetic', 'synthetic']","[1.0, 0.0, 0.0, 1.0, 0.0, 0.0]"
2021-04-06,"['TCS win major deals boosting momentum in IT services contracts revenue expansion .', 'TCS achieved robust expansion with strong gain in IT services contracts .', 'TCS achieved robust expansion with strong gain in digital transformation deals .']","['positive', 'positive', 'positive']","['synthetic', 'synthetic', 'synthetic']","[1.0, 1.0, 1.0]"
2021-04-07,"['TCS recovery in consulting and cloud migration drove higher profit and record revenue increase .', 'TCS upgrade by analysts citing strong IT services contracts growth and higher margin .', 'TCS announced routine updates on IT services contracts business plans .']","['neutral', 'positive', 'neutral']","['synthetic', 'synthetic', 'synthetic']","[1.0, 1.0, 0.0]"
2021-04-08,"['TCS profit drop amid consulting and cloud migration weakness raised default concern .', 'TCS shares soared after record IT services contracts revenue and strong profit gain .', 'TCS released standard consulting and cloud migration financial disclosures and filings .']","['negative', 'positive', 'neutral']","['synthetic', 'synthetic', 'synthetic']","[-1.0, 1.0, 0.0]"
2021-04-09,"['TCS announced layoffs amid enterprise solutions slowdown and restructuring .', 'TCS released standard consulting and cloud migration financial disclosures and filings .', 'TCS return on consulting and cloud migration investment exceeded expectations with surplus .']","['negative', 'neutral', 'positive']","['synthetic', 'synthetic', 'synthetic']","[-1.0, 0.0, 1.0]"
2021-04-12,"['TCS win major deals boosting momentum in digital transformation deals revenue expansion .', 'TCS confirmed alignment with enterprise solutions priorities announced earlier .', 'TCS management discussed digital transformation deals strategy at the briefing .']","['positive', 'neutral', 'neutral']","['synthetic', 'synthetic', 'synthetic']","[1.0, 0.0, 0.0]"
2021-04-13,"['TCS disappointing digital transformation deals results led to sell-off and negative sentiment .', 'TCS exceeded revenue targets as rising IT services contracts demand boosted growth .', 'TCS achieved robust expansion with strong gain in consulting and cloud migration .']","['negative', 'positive', 'negative']","['synthetic', 'synthetic', 'synthetic']","[-1.0, 1.0, 1.0]"
2021-04-15,"['TCS announced routine updates on IT services contracts business plans .', 'TCS operational activity in consulting and cloud migration continued normal trajectory .', 'TCS provided update on consulting and cloud migration operations and near-term plans .', 'TCS fell amid uncertainty over enterprise solutions and downside risk .', 'TCS confirmed alignment with digital transformation deals priorities announced earlier .', 'TCS debt and IT services contracts decline created financial pressure .']","['neutral', 'neutral', 'neutral', 'negative', 'neutral', 'neutral']","['synthetic_fill', 'synthetic_fill', 'synthetic_fill', 'synthetic', 'synthetic', 'synthetic']","[0.0, 0.0, 0.0, -1.0, 0.0, -1.0]"
2021-04-16,"['TCS acquisition strengthens IT services contracts and boosts revenue upside .', 'TCS benefited from rising demand for IT services contracts with improved profit margin .', 'TCS acquisition strengthens consulting and cloud migration and boosts revenue upside .']","['positive', 'positive', 'positive']","['synthetic', 'synthetic', 'synthetic']","[1.0, 1.0, 1.0]"
2021-04-19,"['TCS exceeded revenue targets as rising consulting and cloud migration demand boosted growth .', 'TCS faces lawsuit risk and penalty concern impacting digital transformation deals .', 'TCS posted record revenue as enterprise solutions surged beyond expectations .']","['negative', 'negative', 'negative']","['synthetic', 'synthetic', 'synthetic']","[1.0, -1.0, 1.0]"
2021-04-20,"['TCS slower IT services contracts demand and falling margins proved disappointing .', 'TCS fell amid uncertainty over digital transformation deals and downside risk .', 'TCS recall and fine risk created uncertainty for enterprise solutions .']","['negative', 'negative', 'negative']","['synthetic', 'synthetic', 'synthetic']","[-1.0, -1.0, -1.0]"
2021-04-22,"['TCS confirmed alignment with enterprise solutions priorities announced earlier .', 'TCS market activity reflected standard enterprise solutions volumes .', 'TCS dividend increase reflects confident profit growth for digital transformation deals .', 'TCS disappointing IT services contracts results led to sell-off and negative sentiment .', 'TCS announced routine updates on digital transformation deals business plans .', 'TCS traded in a narrow range as enterprise solutions news was expected .']","['neutral', 'neutral', 'neutral', 'negative', 'neutral', 'negative']","['synthetic_fill', 'synthetic_fill', 'synthetic_fill', 'synthetic', 'synthetic', 'synthetic']","[0.0, 0.0, 1.0, -1.0, 0.0, 0.0]"
2021-04-23,"['TCS faces lawsuit risk and penalty concern impacting enterprise solutions .', 'TCS impairment and writedown from consulting and cloud migration reduced overall profit .', 'TCS surged on positive outlook for enterprise solutions with higher revenue .']","['negative', 'negative', 'positive']","['synthetic', 'synthetic', 'synthetic']","[-1.0, -1.0, 1.0]"
2021-04-26,"['TCS quarterly review highlighted steady enterprise solutions performance .', 'TCS faces lawsuit risk and penalty concern impacting digital transformation deals .', 'TCS governance review of digital transformation deals operations found no issues .']","['negative', 'neutral', 'neutral']","['synthetic', 'synthetic', 'synthetic']","[0.0, -1.0, 0.0]"
2021-04-27,"['TCS acquisition strengthens consulting and cloud migration and boosts revenue upside .', 'TCS slower consulting and cloud migration demand and falling margins proved disappointing .', 'TCS announced partnership to boost digital transformation deals growth and revenue gain .']","['positive', 'negative', 'positive']","['synthetic', 'synthetic', 'synthetic']","[1.0, -1.0, 1.0]"
2021-04-28,"['TCS win major deals boosting momentum in consulting and cloud migration revenue expansion .', 'TCS enterprise solutions outlook remains mixed with balanced factors .', 'TCS shares dropped on weak digital transformation deals demand and lower guidance .']","['positive', 'neutral', 'negative']","['synthetic', 'synthetic', 'synthetic']","[1.0, 0.0, -1.0]"
2021-04-29,"['TCS reported IT services contracts performance consistent with consensus .', 'TCS participated in conference with IT services contracts presentations .', 'TCS consulting and cloud migration metrics tracked within expected parameters .']","['neutral', 'neutral', 'neutral']","['synthetic', 'synthetic', 'synthetic']","[0.0, 0.0, 0.0]"
2021-04-30,"['TCS scheduled digital transformation deals business review with typical agenda .', 'TCS participated in conference with consulting and cloud migration presentations .', 'TCS return on consulting and cloud migration investment exceeded expectations with surplus .']","['neutral', 'neutral', 'positive']","['synthetic', 'synthetic', 'synthetic']","[0.0, 0.0, 1.0]"
2021-05-03,"['TCS faces lawsuit risk and penalty concern impacting consulting and cloud migration .', 'TCS impairment and writedown from consulting and cloud migration reduced overall profit .', 'TCS reduced consulting and cloud migration investment amid concern about further losses .']","['negative', 'negative', 'negative']","['synthetic', 'synthetic', 'synthetic']","[-1.0, -1.0, -1.0]"
2021-05-04,"['TCS debt and consulting and cloud migration decline created financial pressure .', 'TCS achieved robust expansion with strong gain in IT services contracts .', 'TCS reported losses driven by weak digital transformation deals with lower margins .']","['neutral', 'negative', 'neutral']","['synthetic', 'synthetic', 'synthetic']","[-1.0, 1.0, -1.0]"
2021-05-05,"['TCS missed estimates with disappointing enterprise solutions decline .', 'TCS missed digital transformation deals targets as demand decrease and slowdown continued .', 'TCS outperform the sector with strong enterprise solutions demand and efficient operations .']","['negative', 'negative', 'positive']","['synthetic', 'synthetic', 'synthetic']","[-1.0, -1.0, 1.0]"
2021-05-06,"['TCS surged on positive outlook for IT services contracts with higher revenue .', 'TCS confirmed alignment with IT services contracts priorities announced earlier .', 'TCS shares soared after record enterprise solutions revenue and strong profit gain .']","['positive', 'positive', 'positive']","['synthetic', 'synthetic', 'synthetic']","[1.0, 0.0, 1.0]"
2021-05-07,"['TCS participated in conference with enterprise solutions presentations .', 'TCS governance review of digital transformation deals operations found no issues .', 'TCS announced routine updates on IT services contracts business plans .']","['neutral', 'neutral', 'positive']","['synthetic', 'synthetic', 'synthetic']","[0.0, 0.0, 0.0]"
2021-05-10,"['TCS acquisition strengthens IT services contracts and boosts revenue upside .', 'TCS warning about consulting and cloud migration decline raised concern among investors .', 'TCS return on digital transformation deals investment exceeded expectations with surplus .']","['positive', 'negative', 'positive']","['synthetic', 'synthetic', 'synthetic']","[1.0, -1.0, 1.0]"
2021-05-11,"['TCS management discussed digital transformation deals strategy at the briefing .', 'TCS breakthrough in digital transformation deals drove innovation and profit expansion .', 'TCS confirmed alignment with IT services contracts priorities announced earlier .']","['neutral', 'positive', 'neutral']","['synthetic', 'synthetic', 'synthetic']","[0.0, 1.0, 0.0]"
2021-05-12,"['TCS consulting and cloud migration metrics tracked within expected parameters .', 'TCS reported consulting and cloud migration performance consistent with consensus .', 'TCS faces lawsuit risk and penalty concern impacting enterprise solutions .']","['neutral', 'neutral', 'negative']","['synthetic', 'synthetic', 'synthetic']","[0.0, 0.0, -1.0]"
2021-05-14,"['TCS operational activity in consulting and cloud migration continued normal trajectory .', 'TCS shares dropped on weak consulting and cloud migration demand and lower guidance .', 'TCS delivered record profit reflecting innovation in IT services contracts .', 'TCS quarterly review highlighted steady digital transformation deals performance .', 'TCS IT services contracts valuations remained within historical ranges .', 'TCS enterprise solutions metrics tracked within expected parameters .']","['neutral', 'neutral', 'neutral', 'neutral', 'negative', 'neutral']","['synthetic_fill', 'synthetic_fill', 'synthetic_fill', 'synthetic', 'synthetic', 'synthetic']","[0.0, -1.0, 1.0, 0.0, 0.0, 0.0]"
2021-05-17,"['TCS governance review of consulting and cloud migration operations found no issues .', 'TCS reduced consulting and cloud migration investment amid concern about further losses .', 'TCS released standard consulting and cloud migration financial disclosures and filings .']","['neutral', 'negative', 'neutral']","['synthetic', 'synthetic', 'synthetic']","[0.0, -1.0, 0.0]"
2021-05-18,"['TCS consulting and cloud migration metrics tracked within expected parameters .', 'TCS traded in a narrow range as enterprise solutions news was expected .', 'TCS upgrade by analysts citing strong enterprise solutions growth and higher margin .']","['neutral', 'positive', 'positive']","['synthetic', 'synthetic', 'synthetic']","[0.0, 0.0, 1.0]"
2021-05-19,"['TCS market activity reflected standard digital transformation deals volumes .', 'TCS upgrade by analysts citing strong enterprise solutions growth and higher margin .', 'TCS delivered record profit reflecting innovation in enterprise solutions .']","['neutral', 'positive', 'positive']","['synthetic', 'synthetic', 'synthetic']","[0.0, 1.0, 1.0]"
2021-05-20,"['TCS confirmed alignment with consulting and cloud migration priorities announced earlier .', 'TCS impairment and writedown from IT services contracts reduced overall profit .', 'TCS missed enterprise solutions targets as demand decrease and slowdown continued .']","['neutral', 'negative', 'negative']","['synthetic', 'synthetic', 'synthetic']","[0.0, -1.0, -1.0]"
2021-05-21,"['TCS traded in a narrow range as digital transformation deals news was expected .', 'TCS scheduled IT services contracts business review with typical agenda .', 'TCS faces lawsuit risk and penalty concern impacting consulting and cloud migration .']","['neutral', 'negative', 'negative']","['synthetic', 'synthetic', 'synthetic']","[0.0, 0.0, -1.0]"
2021-05-24,"['TCS upgrade by analysts citing strong enterprise solutions growth and higher margin .', 'TCS outperform the sector with strong digital transformation deals demand and efficient operations .', 'TCS exceeded revenue targets as rising consulting and cloud migration demand boosted growth .']","['positive', 'positive', 'positive']","['synthetic', 'synthetic', 'synthetic']","[1.0, 1.0, 1.0]"
2021-05-25,"['TCS debt and IT services contracts decline created financial pressure .', 'TCS profit drop amid IT services contracts weakness raised default concern .', 'TCS missed estimates with disappointing consulting and cloud migration decline .']","['negative', 'neutral', 'neutral']","['synthetic', 'synthetic', 'synthetic']","[-1.0, -1.0, -1.0]"
2021-05-26,"['TCS scheduled enterprise solutions business review with typical agenda .', 'TCS cut its forecast citing risk of consulting and cloud migration contraction .', 'TCS raised its growth forecast citing strong IT services contracts demand .']","['neutral', 'positive', 'positive']","['synthetic', 'synthetic', 'synthetic']","[0.0, -1.0, 1.0]"
2021-05-27,"['TCS market activity reflected standard enterprise solutions volumes .', 'TCS exceeded revenue targets as rising IT services contracts demand boosted growth .', 'TCS operational activity in enterprise solutions continued normal trajectory .']","['positive', 'positive', 'neutral']","['synthetic', 'synthetic', 'synthetic']","[0.0, 1.0, 0.0]"
2021-05-28,"['TCS shares soared after record enterprise solutions revenue and strong profit gain .', 'TCS benefited from rising demand for consulting and cloud migration with improved profit margin .', 'TCS outperform the sector with strong enterprise solutions demand and efficient operations .']","['positive', 'positive', 'positive']","['synthetic', 'synthetic', 'synthetic']","[1.0, 1.0, 1.0]"
2021-05-31,"['TCS recovery in IT services contracts drove higher profit and record revenue increase .', 'TCS reported losses driven by weak enterprise solutions with lower margins .', 'TCS missed estimates with disappointing consulting and cloud migration decline .']","['negative', 'negative', 'negative']","['synthetic', 'synthetic', 'synthetic']","[1.0, -1.0, -1.0]"
2021-06-01,"['TCS win major deals boosting momentum in IT services contracts revenue expansion .', 'TCS missed consulting and cloud migration targets as demand decrease and slowdown continued .', 'TCS recovery in consulting and cloud migration drove higher profit and record revenue increase .']","['negative', 'neutral', 'positive']","['synthetic', 'synthetic', 'synthetic']","[1.0, -1.0, 1.0]"
2021-06-02,"['TCS industry observers noted mixed signals for digital transformation deals .', 'TCS sector conditions showed typical patterns for consulting and cloud migration .', 'TCS win major deals boosting momentum in IT services contracts revenue expansion .']","['neutral', 'neutral', 'positive']","['synthetic', 'synthetic', 'synthetic']","[0.0, 0.0, 1.0]"
2021-06-03,"['TCS sector conditions showed typical patterns for IT services contracts .', 'TCS announced partnership to boost consulting and cloud migration growth and revenue gain .', 'TCS faces lawsuit risk and penalty concern impacting digital transformation deals .']","['negative', 'positive', 'neutral']","['synthetic', 'synthetic', 'synthetic']","[0.0, 1.0, -1.0]"
2021-06-04,"['TCS consulting and cloud migration metrics tracked within expected parameters .', 'TCS consulting and cloud migration metrics tracked within expected parameters .', 'TCS industry observers noted mixed signals for IT services contracts .']","['neutral', 'neutral', 'neutral']","['synthetic', 'synthetic', 'synthetic']","[0.0, 0.0, 0.0]"
2021-06-07,"['TCS faces lawsuit risk and penalty concern impacting digital transformation deals .', 'TCS sector conditions showed typical patterns for enterprise solutions .', 'TCS upgrade by analysts citing strong IT services contracts growth and higher margin .']","['neutral', 'neutral', 'positive']","['synthetic', 'synthetic', 'synthetic']","[-1.0, 0.0, 1.0]"
2021-06-08,"['TCS benefited from rising demand for IT services contracts with improved profit margin .', 'TCS shares dropped on weak consulting and cloud migration demand and lower guidance .', 'TCS maintained stable consulting and cloud migration operations with results in line .']","['positive', 'positive', 'neutral']","['synthetic', 'synthetic', 'synthetic']","[1.0, -1.0, 0.0]"
2021-06-09,"['TCS missed enterprise solutions targets as demand decrease and slowdown continued .', 'TCS outperform the sector with strong consulting and cloud migration demand and efficient operations .', 'TCS beat estimates with improved margin and rising enterprise solutions momentum .']","['negative', 'positive', 'positive']","['synthetic', 'synthetic', 'synthetic']","[-1.0, 1.0, 1.0]"
2021-06-10,"['TCS released standard consulting and cloud migration financial disclosures and filings .', 'TCS industry observers noted mixed signals for IT services contracts .', 'TCS benefited from rising demand for digital transformation deals with improved profit margin .']","['neutral', 'neutral', 'positive']","['synthetic', 'synthetic', 'synthetic']","[0.0, 0.0, 1.0]"
2021-06-11,"['TCS hiring surge reflects robust digital transformation deals demand and growth momentum .', 'TCS operational activity in enterprise solutions continued normal trajectory .', 'TCS disappointing IT services contracts results led to sell-off and negative sentiment .']","['positive', 'neutral', 'negative']","['synthetic', 'synthetic', 'synthetic']","[1.0, 0.0, -1.0]"
2021-06-14,"['TCS benefited from rising demand for IT services contracts with improved profit margin .', 'TCS benefited from rising demand for digital transformation deals with improved profit margin .', 'TCS benefited from rising demand for IT services contracts with improved profit margin .']","['positive', 'positive', 'positive']","['synthetic', 'synthetic', 'synthetic']","[1.0, 1.0, 1.0]"
2021-06-15,"['TCS sector conditions showed typical patterns for IT services contracts .', 'TCS reported loss as enterprise solutions revenue fell amid weak demand .', 'TCS scheduled IT services contracts business review with typical agenda .']","['negative', 'negative', 'neutral']","['synthetic', 'synthetic', 'synthetic']","[0.0, -1.0, 0.0]"
2021-06-16,"['TCS raised its growth forecast citing strong enterprise solutions demand .', 'TCS governance review of consulting and cloud migration operations found no issues .', 'TCS shares soared after record IT services contracts revenue and strong profit gain .']","['positive', 'neutral', 'positive']","['synthetic', 'synthetic', 'synthetic']","[1.0, 0.0, 1.0]"
2021-06-17,"['TCS exceeded revenue targets as rising IT services contracts demand boosted growth .', 'TCS achieved robust expansion with strong gain in IT services contracts .', 'TCS traded in a narrow range as digital transformation deals news was expected .']","['positive', 'positive', 'neutral']","['synthetic', 'synthetic', 'synthetic']","[1.0, 1.0, 0.0]"
2021-06-18,"['TCS return on IT services contracts investment exceeded expectations with surplus .', 'TCS participated in conference with IT services contracts presentations .', 'TCS reported strong profit growth driven by higher enterprise solutions demand .']","['positive', 'neutral', 'positive']","['synthetic', 'synthetic', 'synthetic']","[1.0, 0.0, 1.0]"
2021-06-21,"['TCS missed IT services contracts targets as demand decrease and slowdown continued .', 'TCS warning about consulting and cloud migration decline raised concern among investors .', 'TCS announced partnership to boost IT services contracts growth and revenue gain .']","['negative', 'negative', 'neutral']","['synthetic', 'synthetic', 'synthetic']","[-1.0, -1.0, 1.0]"
2021-06-22,"['TCS warning about digital transformation deals decline raised concern among investors .', 'TCS traded in a narrow range as enterprise solutions news was expected .', 'TCS posted record revenue as enterprise solutions surged beyond expectations .']","['negative', 'negative', 'positive']","['synthetic', 'synthetic', 'synthetic']","[-1.0, 0.0, 1.0]"
2021-06-23,"['TCS scheduled digital transformation deals business review with typical agenda .', 'TCS sector conditions showed typical patterns for IT services contracts .', 'TCS consulting and cloud migration metrics tracked within expected parameters .']","['neutral', 'negative', 'neutral']","['synthetic', 'synthetic', 'synthetic']","[0.0, 0.0, 0.0]"
2021-06-24,"['TCS enterprise solutions metrics tracked within expected parameters .', 'TCS raised its growth forecast citing strong enterprise solutions demand .', 'TCS traded in a narrow range as IT services contracts news was expected .']","['neutral', 'positive', 'neutral']","['synthetic', 'synthetic', 'synthetic']","[0.0, 1.0, 0.0]"
2021-06-25,"['TCS faces lawsuit risk and penalty concern impacting consulting and cloud migration .', 'TCS benefited from rising demand for enterprise solutions with improved profit margin .', 'TCS achieved robust expansion with strong gain in enterprise solutions .']","['negative', 'positive', 'positive']","['synthetic', 'synthetic', 'synthetic']","[-1.0, 1.0, 1.0]"
2021-06-28,"['TCS traded in a narrow range as consulting and cloud migration news was expected .', 'TCS confirmed alignment with enterprise solutions priorities announced earlier .', 'TCS released standard consulting and cloud migration financial disclosures and filings .']","['neutral', 'neutral', 'neutral']","['synthetic', 'synthetic', 'synthetic']","[0.0, 0.0, 0.0]"
2021-06-29,"['TCS slower digital transformation deals demand and falling margins proved disappointing .', 'TCS achieved robust expansion with strong gain in enterprise solutions .', 'TCS governance review of consulting and cloud migration operations found no issues .']","['negative', 'positive', 'neutral']","['synthetic', 'synthetic', 'synthetic']","[-1.0, 1.0, 0.0]"
2021-06-30,"['TCS shares dropped on weak enterprise solutions demand and lower guidance .', 'TCS confirmed alignment with digital transformation deals priorities announced earlier .', 'TCS reported losses driven by weak enterprise solutions with lower margins .']","['neutral', 'neutral', 'neutral']","['synthetic', 'synthetic', 'synthetic']","[-1.0, 0.0, -1.0]"
2021-07-01,"['TCS faces lawsuit risk and penalty concern impacting enterprise solutions .', 'TCS reported losses driven by weak digital transformation deals with lower margins .', 'TCS shares soared after record IT services contracts revenue and strong profit gain .']","['positive', 'negative', 'positive']","['synthetic', 'synthetic', 'synthetic']","[-1.0, -1.0, 1.0]"
2021-07-02,"['TCS outperform the sector with strong digital transformation deals demand and efficient operations .', 'TCS participated in conference with consulting and cloud migration presentations .', 'TCS sector conditions showed typical patterns for consulting and cloud migration .']","['neutral', 'neutral', 'neutral']","['synthetic', 'synthetic', 'synthetic']","[1.0, 0.0, 0.0]"
2021-07-05,"['TCS return on enterprise solutions investment exceeded expectations with surplus .', 'TCS operational activity in consulting and cloud migration continued normal trajectory .', 'TCS sector conditions showed typical patterns for consulting and cloud migration .']","['neutral', 'neutral', 'neutral']","['synthetic', 'synthetic', 'synthetic']","[1.0, 0.0, 0.0]"
2021-07-06,"['TCS faced pressure from digital transformation deals decline and reduced margins .', 'TCS delivered record profit reflecting innovation in enterprise solutions .', 'TCS losses and deficit from enterprise solutions challenges disappointed investors .']","['neutral', 'neutral', 'neutral']","['synthetic', 'synthetic', 'synthetic']","[-1.0, 1.0, -1.0]"
2021-07-07,"['TCS return on digital transformation deals investment exceeded expectations with surplus .', 'TCS return on consulting and cloud migration investment exceeded expectations with surplus .', 'TCS impairment and writedown from digital transformation deals reduced overall profit .']","['positive', 'positive', 'negative']","['synthetic', 'synthetic', 'synthetic']","[1.0, 1.0, -1.0]"
2021-07-08,"['TCS surged on positive outlook for digital transformation deals with higher revenue .', 'TCS governance review of consulting and cloud migration operations found no issues .', 'TCS consulting and cloud migration outlook remains mixed with balanced factors .']","['positive', 'negative', 'neutral']","['synthetic', 'synthetic', 'synthetic']","[1.0, 0.0, 0.0]"
2021-07-09,"['TCS outperform the sector with strong digital transformation deals demand and efficient operations .', 'TCS profit drop amid enterprise solutions weakness raised default concern .', 'TCS exceeded revenue targets as rising enterprise solutions demand boosted growth .']","['positive', 'negative', 'positive']","['synthetic', 'synthetic', 'synthetic']","[1.0, -1.0, 1.0]"
2021-07-12,"['TCS market activity reflected standard IT services contracts volumes .', 'TCS reduced IT services contracts investment amid concern about further losses .', 'TCS maintained stable enterprise solutions operations with results in line .']","['neutral', 'negative', 'negative']","['synthetic', 'synthetic', 'synthetic']","[0.0, -1.0, 0.0]"
2021-07-13,"['TCS market activity reflected standard digital transformation deals volumes .', 'TCS exceeded revenue targets as rising consulting and cloud migration demand boosted growth .', 'TCS beat estimates with improved margin and rising IT services contracts momentum .']","['neutral', 'positive', 'positive']","['synthetic', 'synthetic', 'synthetic']","[0.0, 1.0, 1.0]"
2021-07-14,"['TCS shares soared after record IT services contracts revenue and strong profit gain .', 'TCS participated in conference with enterprise solutions presentations .', 'TCS quarterly review highlighted steady digital transformation deals performance .']","['neutral', 'neutral', 'neutral']","['synthetic', 'synthetic', 'synthetic']","[1.0, 0.0, 0.0]"
2021-07-15,"['TCS scheduled digital transformation deals business review with typical agenda .', 'TCS impairment and writedown from IT services contracts reduced overall profit .', 'TCS breakthrough in digital transformation deals drove innovation and profit expansion .']","['neutral', 'negative', 'positive']","['synthetic', 'synthetic', 'synthetic']","[0.0, -1.0, 1.0]"
2021-07-16,"['TCS IT services contracts business continued gradual development this quarter .', 'TCS hiring surge reflects robust IT services contracts demand and growth momentum .', 'TCS posted record revenue as digital transformation deals surged beyond expectations .']","['neutral', 'positive', 'positive']","['synthetic', 'synthetic', 'synthetic']","[0.0, 1.0, 1.0]"
2021-07-19,"['TCS losses and deficit from enterprise solutions challenges disappointed investors .', 'TCS win major deals boosting momentum in IT services contracts revenue expansion .', 'TCS recovery in enterprise solutions drove higher profit and record revenue increase .']","['negative', 'positive', 'negative']","['synthetic', 'synthetic', 'synthetic']","[-1.0, 1.0, 1.0]"
2021-07-20,"['TCS recovery in consulting and cloud migration drove higher profit and record revenue increase .', 'TCS impairment and writedown from consulting and cloud migration reduced overall profit .', 'TCS traded in a narrow range as consulting and cloud migration news was expected .']","['neutral', 'negative', 'neutral']","['synthetic', 'synthetic', 'synthetic']","[1.0, -1.0, 0.0]"
2021-07-22,"['TCS released standard consulting and cloud migration financial disclosures and filings .', 'TCS participated in conference with IT services contracts presentations .', 'TCS operational activity in digital transformation deals continued normal trajectory .', 'TCS posted record revenue as consulting and cloud migration surged beyond expectations .', 'TCS governance review of enterprise solutions operations found no issues .', 'TCS shares dropped on weak enterprise solutions demand and lower guidance .']","['neutral', 'neutral', 'neutral', 'positive', 'neutral', 'neutral']","['synthetic_fill', 'synthetic_fill', 'synthetic_fill', 'synthetic', 'synthetic', 'synthetic']","[0.0, 0.0, 0.0, 1.0, 0.0, -1.0]"
2021-07-23,"['TCS missed consulting and cloud migration targets as demand decrease and slowdown continued .', 'TCS downgrade followed weak consulting and cloud migration and lower outlook .', 'TCS maintained stable consulting and cloud migration operations with results in line .']","['neutral', 'negative', 'neutral']","['synthetic', 'synthetic', 'synthetic']","[-1.0, -1.0, 0.0]"
2021-07-26,"['TCS consulting and cloud migration valuations remained within historical ranges .', 'TCS outperform the sector with strong IT services contracts demand and efficient operations .', 'TCS disappointing IT services contracts results led to sell-off and negative sentiment .']","['neutral', 'neutral', 'neutral']","['synthetic', 'synthetic', 'synthetic']","[0.0, 1.0, -1.0]"
2021-07-27,"['TCS impairment and writedown from IT services contracts reduced overall profit .', 'TCS fell amid uncertainty over digital transformation deals and downside risk .', 'TCS announced routine updates on consulting and cloud migration business plans .']","['negative', 'negative', 'neutral']","['synthetic', 'synthetic', 'synthetic']","[-1.0, -1.0, 0.0]"
2021-07-28,"['TCS market activity reflected standard IT services contracts volumes .', 'TCS enterprise solutions metrics tracked within expected parameters .', 'TCS surged on positive outlook for enterprise solutions with higher revenue .']","['neutral', 'neutral', 'neutral']","['synthetic', 'synthetic', 'synthetic']","[0.0, 0.0, 1.0]"
2021-07-29,"['TCS traded in a narrow range as digital transformation deals news was expected .', 'TCS disappointing enterprise solutions results led to sell-off and negative sentiment .', 'TCS reported losses driven by weak enterprise solutions with lower margins .']","['neutral', 'neutral', 'neutral']","['synthetic', 'synthetic', 'synthetic']","[0.0, -1.0, -1.0]"
2021-07-30,"['TCS released standard IT services contracts financial disclosures and filings .', 'TCS market activity reflected standard digital transformation deals volumes .', 'TCS return on consulting and cloud migration investment exceeded expectations with surplus .']","['neutral', 'neutral', 'positive']","['synthetic', 'synthetic', 'synthetic']","[0.0, 0.0, 1.0]"
2021-08-02,"['TCS announced routine updates on IT services contracts business plans .', 'TCS industry observers noted mixed signals for IT services contracts .', 'TCS benefited from rising demand for IT services contracts with improved profit margin .']","['neutral', 'neutral', 'positive']","['synthetic', 'synthetic', 'synthetic']","[0.0, 0.0, 1.0]"
2021-08-03,"['TCS scheduled IT services contracts business review with typical agenda .', 'TCS win major deals boosting momentum in IT services contracts revenue expansion .', 'TCS raised its growth forecast citing strong enterprise solutions demand .']","['neutral', 'positive', 'positive']","['synthetic', 'synthetic', 'synthetic']","[0.0, 1.0, 1.0]"
2021-08-04,"['TCS profit drop amid IT services contracts weakness raised default concern .', 'TCS acquisition strengthens enterprise solutions and boosts revenue upside .', 'TCS digital transformation deals outlook remains mixed with balanced factors .']","['negative', 'neutral', 'neutral']","['synthetic', 'synthetic', 'synthetic']","[-1.0, 1.0, 0.0]"
2021-08-05,"['TCS recovery in enterprise solutions drove higher profit and record revenue increase .', 'TCS downgrade followed weak consulting and cloud migration and lower outlook .', 'TCS beat estimates with improved margin and rising IT services contracts momentum .']","['positive', 'negative', 'positive']","['synthetic', 'synthetic', 'synthetic']","[1.0, -1.0, 1.0]"
2021-08-06,"['TCS consulting and cloud migration valuations remained within historical ranges .', 'TCS IT services contracts metrics tracked within expected parameters .', 'TCS industry observers noted mixed signals for digital transformation deals .']","['neutral', 'neutral', 'neutral']","['synthetic', 'synthetic', 'synthetic']","[0.0, 0.0, 0.0]"
2021-08-09,"['TCS outperform the sector with strong digital transformation deals demand and efficient operations .', 'TCS posted record revenue as digital transformation deals surged beyond expectations .', 'TCS posted record revenue as consulting and cloud migration surged beyond expectations .']","['positive', 'positive', 'positive']","['synthetic', 'synthetic', 'synthetic']","[1.0, 1.0, 1.0]"
2021-08-10,"['TCS maintained stable digital transformation deals operations with results in line .', 'TCS downgrade followed weak enterprise solutions and lower outlook .', 'TCS management discussed IT services contracts strategy at the briefing .']","['neutral', 'neutral', 'neutral']","['synthetic', 'synthetic', 'synthetic']","[0.0, -1.0, 0.0]"
2021-08-11,"['TCS released standard enterprise solutions financial disclosures and filings .', 'TCS enterprise solutions valuations remained within historical ranges .', 'TCS participated in conference with IT services contracts presentations .']","['neutral', 'neutral', 'neutral']","['synthetic', 'synthetic', 'synthetic']","[0.0, 0.0, 0.0]"
2021-08-12,"['TCS provided update on digital transformation deals operations and near-term plans .', 'TCS missed enterprise solutions targets as demand decrease and slowdown continued .', 'TCS reported enterprise solutions performance consistent with consensus .']","['neutral', 'negative', 'neutral']","['synthetic', 'synthetic', 'synthetic']","[0.0, -1.0, 0.0]"
2021-08-13,"['TCS return on enterprise solutions investment exceeded expectations with surplus .', 'TCS announced routine updates on consulting and cloud migration business plans .', 'TCS consulting and cloud migration outlook remains mixed with balanced factors .']","['positive', 'neutral', 'neutral']","['synthetic', 'synthetic', 'synthetic']","[1.0, 0.0, 0.0]"
2021-08-16,"['TCS enterprise solutions business continued gradual development this quarter .', 'TCS market activity reflected standard enterprise solutions volumes .', 'TCS hiring surge reflects robust digital transformation deals demand and growth momentum .']","['neutral', 'neutral', 'positive']","['synthetic', 'synthetic', 'synthetic']","[0.0, 0.0, 1.0]"
2021-08-17,"['TCS consulting and cloud migration valuations remained within historical ranges .', 'TCS announced partnership to boost enterprise solutions growth and revenue gain .', 'TCS participated in conference with enterprise solutions presentations .']","['neutral', 'positive', 'neutral']","['synthetic', 'synthetic', 'synthetic']","[0.0, 1.0, 0.0]"
2021-08-18,"['TCS hiring surge reflects robust IT services contracts demand and growth momentum .', 'TCS raised its growth forecast citing strong enterprise solutions demand .', 'TCS reported strong profit growth driven by higher digital transformation deals demand .']","['positive', 'positive', 'positive']","['synthetic', 'synthetic', 'synthetic']","[1.0, 1.0, 1.0]"
2021-08-20,"['TCS disappointing enterprise solutions results led to sell-off and negative sentiment .', 'TCS operational activity in enterprise solutions continued normal trajectory .', 'TCS reported losses driven by weak enterprise solutions with lower margins .', 'TCS return on digital transformation deals investment exceeded expectations with surplus .', 'TCS announced routine updates on enterprise solutions business plans .', 'TCS faced pressure from IT services contracts decline and reduced margins .']","['neutral', 'neutral', 'neutral', 'positive', 'neutral', 'neutral']","['synthetic_fill', 'synthetic_fill', 'synthetic_fill', 'synthetic', 'synthetic', 'synthetic']","[-1.0, 0.0, -1.0, 1.0, 0.0, -1.0]"
2021-08-23,"['TCS traded in a narrow range as IT services contracts news was expected .', 'TCS management discussed digital transformation deals strategy at the briefing .', 'TCS announced layoffs amid digital transformation deals slowdown and restructuring .']","['neutral', 'neutral', 'negative']","['synthetic', 'synthetic', 'synthetic']","[0.0, 0.0, -1.0]"
2021-08-24,"['TCS outperform the sector with strong consulting and cloud migration demand and efficient operations .', 'TCS outperform the sector with strong IT services contracts demand and efficient operations .', 'TCS breakthrough in digital transformation deals drove innovation and profit expansion .']","['positive', 'positive', 'positive']","['synthetic', 'synthetic', 'synthetic']","[1.0, 1.0, 1.0]"
2021-08-25,"['TCS shares soared after record enterprise solutions revenue and strong profit gain .', 'TCS disappointing consulting and cloud migration results led to sell-off and negative sentiment .', 'TCS reported digital transformation deals performance consistent with consensus .']","['positive', 'neutral', 'neutral']","['synthetic', 'synthetic', 'synthetic']","[1.0, -1.0, 0.0]"
2021-08-26,"['TCS impairment and writedown from consulting and cloud migration reduced overall profit .', 'TCS consulting and cloud migration metrics tracked within expected parameters .', 'TCS released standard consulting and cloud migration financial disclosures and filings .']","['positive', 'neutral', 'neutral']","['synthetic', 'synthetic', 'synthetic']","[-1.0, 0.0, 0.0]"
2021-08-27,"['TCS win major deals boosting momentum in digital transformation deals revenue expansion .', 'TCS announced routine updates on digital transformation deals business plans .', 'TCS consulting and cloud migration metrics tracked within expected parameters .']","['neutral', 'positive', 'neutral']","['synthetic', 'synthetic', 'synthetic']","[1.0, 0.0, 0.0]"
2021-08-30,"['TCS breakthrough in digital transformation deals drove innovation and profit expansion .', 'TCS outperform the sector with strong digital transformation deals demand and efficient operations .', 'TCS return on digital transformation deals investment exceeded expectations with surplus .']","['positive', 'positive', 'positive']","['synthetic', 'synthetic', 'synthetic']","[1.0, 1.0, 1.0]"
2021-08-31,"['TCS recall and fine risk created uncertainty for IT services contracts .', 'TCS benefited from rising demand for IT services contracts with improved profit margin .', 'TCS reduced consulting and cloud migration investment amid concern about further losses .']","['negative', 'positive', 'positive']","['synthetic', 'synthetic', 'synthetic']","[-1.0, 1.0, -1.0]"
2021-09-01,"['TCS outperform the sector with strong IT services contracts demand and efficient operations .', 'TCS benefited from rising demand for IT services contracts with improved profit margin .', 'TCS beat estimates with improved margin and rising consulting and cloud migration momentum .']","['positive', 'positive', 'positive']","['synthetic', 'synthetic', 'synthetic']","[1.0, 1.0, 1.0]"
2021-09-02,"['TCS reported loss as consulting and cloud migration revenue fell amid weak demand .', 'TCS warning about consulting and cloud migration decline raised concern among investors .', 'TCS beat estimates with improved margin and rising consulting and cloud migration momentum .']","['negative', 'negative', 'positive']","['synthetic', 'synthetic', 'synthetic']","[-1.0, -1.0, 1.0]"
2021-09-03,"['TCS achieved robust expansion with strong gain in enterprise solutions .', 'TCS outperform the sector with strong consulting and cloud migration demand and efficient operations .', 'TCS return on enterprise solutions investment exceeded expectations with surplus .']","['positive', 'positive', 'positive']","['synthetic', 'synthetic', 'synthetic']","[1.0, 1.0, 1.0]"
2021-09-06,"['TCS faced pressure from enterprise solutions decline and reduced margins .', 'TCS faced pressure from digital transformation deals decline and reduced margins .', 'TCS fell amid uncertainty over consulting and cloud migration and downside risk .']","['neutral', 'neutral', 'negative']","['synthetic', 'synthetic', 'synthetic']","[-1.0, -1.0, -1.0]"
2021-09-07,"['TCS recovery in consulting and cloud migration drove higher profit and record revenue increase .', 'TCS consulting and cloud migration business continued gradual development this quarter .', 'TCS surged on positive outlook for IT services contracts with higher revenue .']","['neutral', 'neutral', 'positive']","['synthetic', 'synthetic', 'synthetic']","[1.0, 0.0, 1.0]"
2021-09-08,"['TCS governance review of enterprise solutions operations found no issues .', 'TCS market activity reflected standard enterprise solutions volumes .', 'TCS confirmed alignment with consulting and cloud migration priorities announced earlier .']","['neutral', 'negative', 'neutral']","['synthetic', 'synthetic', 'synthetic']","[0.0, 0.0, 0.0]"
2021-09-09,"['TCS sector conditions showed typical patterns for IT services contracts .', 'TCS digital transformation deals valuations remained within historical ranges .', 'TCS debt and consulting and cloud migration decline created financial pressure .']","['negative', 'neutral', 'negative']","['synthetic', 'synthetic', 'synthetic']","[0.0, 0.0, -1.0]"
2021-09-13,"['TCS sector conditions showed typical patterns for enterprise solutions .', 'TCS participated in conference with IT services contracts presentations .', 'TCS disappointing consulting and cloud migration results led to sell-off and negative sentiment .', 'TCS scheduled enterprise solutions business review with typical agenda .', 'TCS enterprise solutions valuations remained within historical ranges .', 'TCS scheduled digital transformation deals business review with typical agenda .']","['neutral', 'neutral', 'neutral', 'neutral', 'neutral', 'neutral']","['synthetic_fill', 'synthetic_fill', 'synthetic_fill', 'synthetic', 'synthetic', 'synthetic']","[0.0, 0.0, -1.0, 0.0, 0.0, 0.0]"
2021-09-14,"['TCS market activity reflected standard digital transformation deals volumes .', 'TCS missed enterprise solutions targets as demand decrease and slowdown continued .', 'TCS exceeded revenue targets as rising IT services contracts demand boosted growth .']","['neutral', 'negative', 'positive']","['synthetic', 'synthetic', 'synthetic']","[0.0, -1.0, 1.0]"
2021-09-15,"['TCS governance review of digital transformation deals operations found no issues .', 'TCS announced layoffs amid digital transformation deals slowdown and restructuring .', 'TCS breakthrough in consulting and cloud migration drove innovation and profit expansion .']","['neutral', 'negative', 'positive']","['synthetic', 'synthetic', 'synthetic']","[0.0, -1.0, 1.0]"
2021-09-16,"['TCS traded in a narrow range as enterprise solutions news was expected .', 'TCS acquisition strengthens consulting and cloud migration and boosts revenue upside .', 'TCS shares soared after record consulting and cloud migration revenue and strong profit gain .']","['neutral', 'positive', 'positive']","['synthetic', 'synthetic', 'synthetic']","[0.0, 1.0, 1.0]"
2021-09-17,"['TCS slower IT services contracts demand and falling margins proved disappointing .', 'TCS faces lawsuit risk and penalty concern impacting IT services contracts .', 'TCS announced layoffs amid digital transformation deals slowdown and restructuring .']","['negative', 'negative', 'negative']","['synthetic', 'synthetic', 'synthetic']","[-1.0, -1.0, -1.0]"
2021-09-20,"['TCS surged on positive outlook for consulting and cloud migration with higher revenue .', 'TCS reported losses driven by weak consulting and cloud migration with lower margins .', 'TCS reported losses driven by weak digital transformation deals with lower margins .']","['positive', 'negative', 'negative']","['synthetic', 'synthetic', 'synthetic']","[1.0, -1.0, -1.0]"
2021-09-21,"['TCS industry observers noted mixed signals for digital transformation deals .', 'TCS reported losses driven by weak digital transformation deals with lower margins .', 'TCS announced routine updates on IT services contracts business plans .']","['negative', 'negative', 'neutral']","['synthetic', 'synthetic', 'synthetic']","[0.0, -1.0, 0.0]"
2021-09-22,"['TCS fell amid uncertainty over consulting and cloud migration and downside risk .', 'TCS announced partnership to boost enterprise solutions growth and revenue gain .', 'TCS missed estimates with disappointing IT services contracts decline .']","['negative', 'positive', 'neutral']","['synthetic', 'synthetic', 'synthetic']","[-1.0, 1.0, -1.0]"
2021-09-23,"['TCS shares dropped on weak digital transformation deals demand and lower guidance .', 'TCS announced layoffs amid enterprise solutions slowdown and restructuring .', 'TCS upgrade by analysts citing strong enterprise solutions growth and higher margin .']","['negative', 'neutral', 'positive']","['synthetic', 'synthetic', 'synthetic']","[-1.0, -1.0, 1.0]"
2021-09-24,"['TCS return on digital transformation deals investment exceeded expectations with surplus .', 'TCS released standard digital transformation deals financial disclosures and filings .', 'TCS digital transformation deals metrics tracked within expected parameters .']","['positive', 'neutral', 'neutral']","['synthetic', 'synthetic', 'synthetic']","[1.0, 0.0, 0.0]"
2021-09-27,"['TCS faces lawsuit risk and penalty concern impacting consulting and cloud migration .', 'TCS market activity reflected standard enterprise solutions volumes .', 'TCS traded in a narrow range as enterprise solutions news was expected .']","['negative', 'neutral', 'neutral']","['synthetic', 'synthetic', 'synthetic']","[-1.0, 0.0, 0.0]"
2021-09-28,"['TCS missed estimates with disappointing consulting and cloud migration decline .', 'TCS confirmed alignment with IT services contracts priorities announced earlier .', 'TCS dividend increase reflects confident profit growth for enterprise solutions .']","['neutral', 'neutral', 'positive']","['synthetic', 'synthetic', 'synthetic']","[-1.0, 0.0, 1.0]"
2021-09-29,"['TCS traded in a narrow range as digital transformation deals news was expected .', 'TCS market activity reflected standard IT services contracts volumes .', 'TCS faces lawsuit risk and penalty concern impacting digital transformation deals .']","['neutral', 'neutral', 'negative']","['synthetic', 'synthetic', 'synthetic']","[0.0, 0.0, -1.0]"
2021-09-30,"['TCS reduced consulting and cloud migration investment amid concern about further losses .', 'TCS traded in a narrow range as enterprise solutions news was expected .', 'TCS disappointing enterprise solutions results led to sell-off and negative sentiment .']","['positive', 'neutral', 'negative']","['synthetic', 'synthetic', 'synthetic']","[-1.0, 0.0, -1.0]"
2021-10-01,"['TCS traded in a narrow range as enterprise solutions news was expected .', 'TCS reported loss as IT services contracts revenue fell amid weak demand .', 'TCS profit drop amid enterprise solutions weakness raised default concern .']","['neutral', 'negative', 'negative']","['synthetic', 'synthetic', 'synthetic']","[0.0, -1.0, -1.0]"
2021-10-04,"['TCS return on digital transformation deals investment exceeded expectations with surplus .', 'TCS operational activity in digital transformation deals continued normal trajectory .', 'TCS missed enterprise solutions targets as demand decrease and slowdown continued .']","['positive', 'neutral', 'negative']","['synthetic', 'synthetic', 'synthetic']","[1.0, 0.0, -1.0]"
2021-10-05,"['TCS return on digital transformation deals investment exceeded expectations with surplus .', 'TCS slower IT services contracts demand and falling margins proved disappointing .', 'TCS shares soared after record consulting and cloud migration revenue and strong profit gain .']","['positive', 'positive', 'neutral']","['synthetic', 'synthetic', 'synthetic']","[1.0, -1.0, 1.0]"
2021-10-06,"['TCS delivered record profit reflecting innovation in enterprise solutions .', 'TCS surged on positive outlook for enterprise solutions with higher revenue .', 'TCS upgrade by analysts citing strong digital transformation deals growth and higher margin .']","['positive', 'positive', 'neutral']","['synthetic', 'synthetic', 'synthetic']","[1.0, 1.0, 1.0]"
2021-10-07,"['TCS exceeded revenue targets as rising IT services contracts demand boosted growth .', 'TCS participated in conference with enterprise solutions presentations .', 'TCS reduced IT services contracts investment amid concern about further losses .']","['neutral', 'neutral', 'negative']","['synthetic', 'synthetic', 'synthetic']","[1.0, 0.0, -1.0]"
2021-10-08,"['TCS surged on positive outlook for consulting and cloud migration with higher revenue .', 'TCS announced partnership to boost IT services contracts growth and revenue gain .', 'TCS surged on positive outlook for consulting and cloud migration with higher revenue .']","['positive', 'negative', 'positive']","['synthetic', 'synthetic', 'synthetic']","[1.0, 1.0, 1.0]"
2021-10-11,"['TCS downgrade followed weak IT services contracts and lower outlook .', 'TCS sector conditions showed typical patterns for enterprise solutions .', 'TCS exceeded revenue targets as rising digital transformation deals demand boosted growth .']","['neutral', 'neutral', 'positive']","['synthetic', 'synthetic', 'synthetic']","[-1.0, 0.0, 1.0]"
2021-10-12,"['TCS fell amid uncertainty over enterprise solutions and downside risk .', 'TCS achieved robust expansion with strong gain in consulting and cloud migration .', 'TCS missed estimates with disappointing digital transformation deals decline .']","['negative', 'negative', 'negative']","['synthetic', 'synthetic', 'synthetic']","[-1.0, 1.0, -1.0]"
2021-10-13,"['TCS governance review of IT services contracts operations found no issues .', 'TCS enterprise solutions valuations remained within historical ranges .', 'TCS delivered record profit reflecting innovation in digital transformation deals .']","['neutral', 'neutral', 'negative']","['synthetic', 'synthetic', 'synthetic']","[0.0, 0.0, 1.0]"
2021-10-14,"['TCS IT services contracts outlook remains mixed with balanced factors .', 'TCS reported strong profit growth driven by higher enterprise solutions demand .', 'TCS enterprise solutions valuations remained within historical ranges .']","['neutral', 'positive', 'neutral']","['synthetic', 'synthetic', 'synthetic']","[0.0, 1.0, 0.0]"
2021-10-18,"['TCS market activity reflected standard enterprise solutions volumes .', 'TCS announced routine updates on consulting and cloud migration business plans .', 'TCS delivered record profit reflecting innovation in IT services contracts .', 'TCS upgrade by analysts citing strong consulting and cloud migration growth and higher margin .', 'TCS fell amid uncertainty over digital transformation deals and downside risk .', 'TCS sector conditions showed typical patterns for IT services contracts .']","['neutral', 'neutral', 'neutral', 'positive', 'negative', 'negative']","['synthetic_fill', 'synthetic_fill', 'synthetic_fill', 'synthetic', 'synthetic', 'synthetic']","[0.0, 0.0, 1.0, 1.0, -1.0, 0.0]"
2021-10-19,"['TCS announced routine updates on enterprise solutions business plans .', 'TCS return on enterprise solutions investment exceeded expectations with surplus .', 'TCS operational activity in digital transformation deals continued normal trajectory .']","['neutral', 'neutral', 'neutral']","['synthetic', 'synthetic', 'synthetic']","[0.0, 1.0, 0.0]"
2021-10-20,"['TCS industry observers noted mixed signals for enterprise solutions .', 'TCS reported loss as IT services contracts revenue fell amid weak demand .', 'TCS reduced IT services contracts investment amid concern about further losses .']","['neutral', 'negative', 'negative']","['synthetic', 'synthetic', 'synthetic']","[0.0, -1.0, -1.0]"
2021-10-21,"['TCS reported consulting and cloud migration performance consistent with consensus .', 'TCS maintained stable consulting and cloud migration operations with results in line .', 'TCS surged on positive outlook for enterprise solutions with higher revenue .']","['negative', 'negative', 'neutral']","['synthetic', 'synthetic', 'synthetic']","[0.0, 0.0, 1.0]"
2021-10-22,"['TCS faces lawsuit risk and penalty concern impacting digital transformation deals .', 'TCS shares dropped on weak IT services contracts demand and lower guidance .', 'TCS losses and deficit from IT services contracts challenges disappointed investors .']","['negative', 'negative', 'negative']","['synthetic', 'synthetic', 'synthetic']","[-1.0, -1.0, -1.0]"
2021-10-25,"['TCS cut its forecast citing risk of enterprise solutions contraction .', 'TCS impairment and writedown from digital transformation deals reduced overall profit .', 'TCS reported IT services contracts performance consistent with consensus .']","['negative', 'negative', 'neutral']","['synthetic', 'synthetic', 'synthetic']","[-1.0, -1.0, 0.0]"
2021-10-26,"['TCS debt and digital transformation deals decline created financial pressure .', 'TCS operational activity in digital transformation deals continued normal trajectory .', 'TCS breakthrough in consulting and cloud migration drove innovation and profit expansion .']","['negative', 'neutral', 'positive']","['synthetic', 'synthetic', 'synthetic']","[-1.0, 0.0, 1.0]"
2021-10-27,"['TCS achieved robust expansion with strong gain in enterprise solutions .', 'TCS provided update on digital transformation deals operations and near-term plans .', 'TCS impairment and writedown from consulting and cloud migration reduced overall profit .']","['positive', 'neutral', 'negative']","['synthetic', 'synthetic', 'synthetic']","[1.0, 0.0, -1.0]"
2021-10-28,"['TCS traded in a narrow range as enterprise solutions news was expected .', 'TCS announced partnership to boost IT services contracts growth and revenue gain .', 'TCS market activity reflected standard consulting and cloud migration volumes .']","['neutral', 'neutral', 'neutral']","['synthetic', 'synthetic', 'synthetic']","[0.0, 1.0, 0.0]"
2021-10-29,"['TCS fell amid uncertainty over IT services contracts and downside risk .', 'TCS traded in a narrow range as digital transformation deals news was expected .', 'TCS shares dropped on weak consulting and cloud migration demand and lower guidance .']","['negative', 'negative', 'negative']","['synthetic', 'synthetic', 'synthetic']","[-1.0, 0.0, -1.0]"
2021-11-01,"['TCS upgrade by analysts citing strong enterprise solutions growth and higher margin .', 'TCS warning about enterprise solutions decline raised concern among investors .', 'TCS debt and digital transformation deals decline created financial pressure .']","['positive', 'negative', 'negative']","['synthetic', 'synthetic', 'synthetic']","[1.0, -1.0, -1.0]"
2021-11-02,"['TCS delivered record profit reflecting innovation in IT services contracts .', 'TCS governance review of consulting and cloud migration operations found no issues .', 'TCS raised its growth forecast citing strong digital transformation deals demand .']","['positive', 'neutral', 'positive']","['synthetic', 'synthetic', 'synthetic']","[1.0, 0.0, 1.0]"
2021-11-03,"['TCS cut its forecast citing risk of consulting and cloud migration contraction .', 'TCS fell amid uncertainty over consulting and cloud migration and downside risk .', 'TCS slower consulting and cloud migration demand and falling margins proved disappointing .']","['positive', 'negative', 'negative']","['synthetic', 'synthetic', 'synthetic']","[-1.0, -1.0, -1.0]"
2021-11-04,"['TCS dividend increase reflects confident profit growth for consulting and cloud migration .', 'TCS announced layoffs amid enterprise solutions slowdown and restructuring .', 'TCS announced routine updates on enterprise solutions business plans .']","['positive', 'negative', 'neutral']","['synthetic', 'synthetic', 'synthetic']","[1.0, -1.0, 0.0]"
2021-11-08,"['TCS released standard enterprise solutions financial disclosures and filings .', 'TCS downgrade followed weak enterprise solutions and lower outlook .', 'TCS enterprise solutions business continued gradual development this quarter .', 'TCS provided update on IT services contracts operations and near-term plans .', 'TCS enterprise solutions metrics tracked within expected parameters .', 'TCS debt and digital transformation deals decline created financial pressure .']","['neutral', 'neutral', 'neutral', 'neutral', 'neutral', 'neutral']","['synthetic_fill', 'synthetic_fill', 'synthetic_fill', 'synthetic', 'synthetic', 'synthetic']","[0.0, -1.0, 0.0, 0.0, 0.0, -1.0]"
2021-11-09,"['TCS announced partnership to boost enterprise solutions growth and revenue gain .', 'TCS operational activity in enterprise solutions continued normal trajectory .', 'TCS operational activity in consulting and cloud migration continued normal trajectory .']","['positive', 'neutral', 'neutral']","['synthetic', 'synthetic', 'synthetic']","[1.0, 0.0, 0.0]"
2021-11-10,"['TCS market activity reflected standard IT services contracts volumes .', 'TCS return on consulting and cloud migration investment exceeded expectations with surplus .', 'TCS beat estimates with improved margin and rising IT services contracts momentum .']","['neutral', 'positive', 'positive']","['synthetic', 'synthetic', 'synthetic']","[0.0, 1.0, 1.0]"
2021-11-11,"['TCS fell amid uncertainty over IT services contracts and downside risk .', 'TCS consulting and cloud migration business continued gradual development this quarter .', 'TCS provided update on consulting and cloud migration operations and near-term plans .']","['negative', 'neutral', 'neutral']","['synthetic', 'synthetic', 'synthetic']","[-1.0, 0.0, 0.0]"
2021-11-12,"['TCS reported IT services contracts performance consistent with consensus .', 'TCS beat estimates with improved margin and rising consulting and cloud migration momentum .', 'TCS industry observers noted mixed signals for digital transformation deals .']","['neutral', 'neutral', 'neutral']","['synthetic', 'synthetic', 'synthetic']","[0.0, 1.0, 0.0]"
2021-11-15,"['TCS breakthrough in consulting and cloud migration drove innovation and profit expansion .', 'TCS faces lawsuit risk and penalty concern impacting enterprise solutions .', 'TCS confirmed alignment with IT services contracts priorities announced earlier .']","['neutral', 'negative', 'neutral']","['synthetic', 'synthetic', 'synthetic']","[1.0, -1.0, 0.0]"
2021-11-16,"['TCS debt and enterprise solutions decline created financial pressure .', 'TCS breakthrough in digital transformation deals drove innovation and profit expansion .', 'TCS beat estimates with improved margin and rising enterprise solutions momentum .']","['negative', 'positive', 'positive']","['synthetic', 'synthetic', 'synthetic']","[-1.0, 1.0, 1.0]"
2021-11-17,"['TCS released standard consulting and cloud migration financial disclosures and filings .', 'TCS traded in a narrow range as enterprise solutions news was expected .', 'TCS announced routine updates on IT services contracts business plans .']","['neutral', 'neutral', 'neutral']","['synthetic', 'synthetic', 'synthetic']","[0.0, 0.0, 0.0]"
2021-11-18,"['TCS debt and consulting and cloud migration decline created financial pressure .', 'TCS provided update on IT services contracts operations and near-term plans .', 'TCS fell amid uncertainty over IT services contracts and downside risk .']","['negative', 'neutral', 'negative']","['synthetic', 'synthetic', 'synthetic']","[-1.0, 0.0, -1.0]"
2021-11-22,"['TCS sector conditions showed typical patterns for enterprise solutions .', 'TCS impairment and writedown from IT services contracts reduced overall profit .', 'TCS released standard consulting and cloud migration financial disclosures and filings .', 'TCS achieved robust expansion with strong gain in IT services contracts .', 'TCS beat estimates with improved margin and rising IT services contracts momentum .', 'TCS slower IT services contracts demand and falling margins proved disappointing .']","['neutral', 'neutral', 'neutral', 'negative', 'positive', 'negative']","['synthetic_fill', 'synthetic_fill', 'synthetic_fill', 'synthetic', 'synthetic', 'synthetic']","[0.0, -1.0, 0.0, 1.0, 1.0, -1.0]"
2021-11-23,"['TCS participated in conference with enterprise solutions presentations .', 'TCS announced routine updates on IT services contracts business plans .', 'TCS sector conditions showed typical patterns for enterprise solutions .']","['neutral', 'neutral', 'neutral']","['synthetic', 'synthetic', 'synthetic']","[0.0, 0.0, 0.0]"
2021-11-24,"['TCS reduced IT services contracts investment amid concern about further losses .', 'TCS released standard digital transformation deals financial disclosures and filings .', 'TCS surged on positive outlook for digital transformation deals with higher revenue .']","['negative', 'neutral', 'neutral']","['synthetic', 'synthetic', 'synthetic']","[-1.0, 0.0, 1.0]"
2021-11-25,"['TCS shares dropped on weak IT services contracts demand and lower guidance .', 'TCS surged on positive outlook for consulting and cloud migration with higher revenue .', 'TCS confirmed alignment with IT services contracts priorities announced earlier .']","['negative', 'positive', 'neutral']","['synthetic', 'synthetic', 'synthetic']","[-1.0, 1.0, 0.0]"
2021-11-26,"['TCS surged on positive outlook for digital transformation deals with higher revenue .', 'TCS enterprise solutions outlook remains mixed with balanced factors .', 'TCS reported losses driven by weak enterprise solutions with lower margins .']","['positive', 'neutral', 'neutral']","['synthetic', 'synthetic', 'synthetic']","[1.0, 0.0, -1.0]"
2021-11-29,"['TCS management discussed consulting and cloud migration strategy at the briefing .', 'TCS quarterly review highlighted steady IT services contracts performance .', 'TCS profit drop amid consulting and cloud migration weakness raised default concern .']","['neutral', 'neutral', 'neutral']","['synthetic', 'synthetic', 'synthetic']","[0.0, 0.0, -1.0]"
2021-11-30,"['TCS delivered record profit reflecting innovation in enterprise solutions .', 'TCS achieved robust expansion with strong gain in enterprise solutions .', 'TCS shares dropped on weak digital transformation deals demand and lower guidance .']","['positive', 'positive', 'positive']","['synthetic', 'synthetic', 'synthetic']","[1.0, 1.0, -1.0]"
2021-12-01,"['TCS confirmed alignment with digital transformation deals priorities announced earlier .', 'TCS return on digital transformation deals investment exceeded expectations with surplus .', 'TCS announced layoffs amid digital transformation deals slowdown and restructuring .']","['neutral', 'positive', 'negative']","['synthetic', 'synthetic', 'synthetic']","[0.0, 1.0, -1.0]"
2021-12-02,"['TCS return on consulting and cloud migration investment exceeded expectations with surplus .', 'TCS reported losses driven by weak digital transformation deals with lower margins .', 'TCS win major deals boosting momentum in consulting and cloud migration revenue expansion .']","['positive', 'negative', 'neutral']","['synthetic', 'synthetic', 'synthetic']","[1.0, -1.0, 1.0]"
2021-12-03,"['TCS return on enterprise solutions investment exceeded expectations with surplus .', 'TCS win major deals boosting momentum in IT services contracts revenue expansion .', 'TCS impairment and writedown from digital transformation deals reduced overall profit .']","['positive', 'positive', 'negative']","['synthetic', 'synthetic', 'synthetic']","[1.0, 1.0, -1.0]"
2021-12-06,"['TCS faces lawsuit risk and penalty concern impacting IT services contracts .', 'TCS governance review of consulting and cloud migration operations found no issues .', 'TCS confirmed alignment with consulting and cloud migration priorities announced earlier .']","['negative', 'neutral', 'neutral']","['synthetic', 'synthetic', 'synthetic']","[-1.0, 0.0, 0.0]"
2021-12-07,"['TCS debt and IT services contracts decline created financial pressure .', 'TCS upgrade by analysts citing strong enterprise solutions growth and higher margin .', 'TCS reported losses driven by weak enterprise solutions with lower margins .']","['negative', 'positive', 'negative']","['synthetic', 'synthetic', 'synthetic']","[-1.0, 1.0, -1.0]"
2021-12-08,"['TCS disappointing enterprise solutions results led to sell-off and negative sentiment .', 'TCS sector conditions showed typical patterns for digital transformation deals .', 'TCS exceeded revenue targets as rising consulting and cloud migration demand boosted growth .']","['neutral', 'neutral', 'positive']","['synthetic', 'synthetic', 'synthetic']","[-1.0, 0.0, 1.0]"
2021-12-09,"['TCS faces lawsuit risk and penalty concern impacting digital transformation deals .', 'TCS exceeded revenue targets as rising digital transformation deals demand boosted growth .', 'TCS return on IT services contracts investment exceeded expectations with surplus .']","['negative', 'neutral', 'neutral']","['synthetic', 'synthetic', 'synthetic']","[-1.0, 1.0, 1.0]"
2021-12-10,"['TCS sector conditions showed typical patterns for consulting and cloud migration .', 'TCS announced layoffs amid digital transformation deals slowdown and restructuring .', 'TCS consulting and cloud migration metrics tracked within expected parameters .']","['neutral', 'negative', 'neutral']","['synthetic', 'synthetic', 'synthetic']","[0.0, -1.0, 0.0]"
2021-12-13,"['TCS scheduled digital transformation deals business review with typical agenda .', 'TCS return on digital transformation deals investment exceeded expectations with surplus .', 'TCS raised its growth forecast citing strong digital transformation deals demand .']","['neutral', 'positive', 'positive']","['synthetic', 'synthetic', 'synthetic']","[0.0, 1.0, 1.0]"
2021-12-14,"['TCS announced routine updates on enterprise solutions business plans .', 'TCS scheduled IT services contracts business review with typical agenda .', 'TCS delivered record profit reflecting innovation in IT services contracts .']","['negative', 'neutral', 'positive']","['synthetic', 'synthetic', 'synthetic']","[0.0, 0.0, 1.0]"
2021-12-15,"['TCS exceeded revenue targets as rising enterprise solutions demand boosted growth .', 'TCS released standard enterprise solutions financial disclosures and filings .', 'TCS faced pressure from IT services contracts decline and reduced margins .']","['positive', 'neutral', 'neutral']","['synthetic', 'synthetic', 'synthetic']","[1.0, 0.0, -1.0]"
2021-12-16,"['TCS faced pressure from enterprise solutions decline and reduced margins .', 'TCS losses and deficit from enterprise solutions challenges disappointed investors .', 'TCS warning about consulting and cloud migration decline raised concern among investors .']","['negative', 'negative', 'negative']","['synthetic', 'synthetic', 'synthetic']","[-1.0, -1.0, -1.0]"
2021-12-17,"['TCS traded in a narrow range as consulting and cloud migration news was expected .', 'TCS upgrade by analysts citing strong digital transformation deals growth and higher margin .', 'TCS win major deals boosting momentum in digital transformation deals revenue expansion .']","['neutral', 'neutral', 'neutral']","['synthetic', 'synthetic', 'synthetic']","[0.0, 1.0, 1.0]"
2021-12-20,"['TCS delivered record profit reflecting innovation in enterprise solutions .', 'TCS hiring surge reflects robust digital transformation deals demand and growth momentum .', 'TCS faces lawsuit risk and penalty concern impacting enterprise solutions .']","['positive', 'neutral', 'negative']","['synthetic', 'synthetic', 'synthetic']","[1.0, 1.0, -1.0]"
2021-12-21,"['TCS return on enterprise solutions investment exceeded expectations with surplus .', 'TCS losses and deficit from consulting and cloud migration challenges disappointed investors .', 'TCS reported IT services contracts performance consistent with consensus .']","['neutral', 'neutral', 'neutral']","['synthetic', 'synthetic', 'synthetic']","[1.0, -1.0, 0.0]"
2021-12-22,"['TCS raised its growth forecast citing strong IT services contracts demand .', 'TCS downgrade followed weak digital transformation deals and lower outlook .', 'TCS industry observers noted mixed signals for consulting and cloud migration .']","['positive', 'positive', 'neutral']","['synthetic', 'synthetic', 'synthetic']","[1.0, -1.0, 0.0]"
2021-12-23,"['TCS confirmed alignment with enterprise solutions priorities announced earlier .', 'TCS participated in conference with IT services contracts presentations .', 'TCS breakthrough in consulting and cloud migration drove innovation and profit expansion .']","['negative', 'neutral', 'positive']","['synthetic', 'synthetic', 'synthetic']","[0.0, 0.0, 1.0]"
2021-12-24,"['TCS posted record revenue as digital transformation deals surged beyond expectations .', 'TCS debt and digital transformation deals decline created financial pressure .', 'TCS losses and deficit from IT services contracts challenges disappointed investors .']","['positive', 'negative', 'neutral']","['synthetic', 'synthetic', 'synthetic']","[1.0, -1.0, -1.0]"
2021-12-27,"['TCS market activity reflected standard IT services contracts volumes .', 'TCS surged on positive outlook for IT services contracts with higher revenue .', 'TCS surged on positive outlook for IT services contracts with higher revenue .']","['neutral', 'positive', 'positive']","['synthetic', 'synthetic', 'synthetic']","[0.0, 1.0, 1.0]"
2021-12-28,"['TCS beat estimates with improved margin and rising enterprise solutions momentum .', 'TCS return on digital transformation deals investment exceeded expectations with surplus .', 'TCS raised its growth forecast citing strong enterprise solutions demand .']","['positive', 'positive', 'positive']","['synthetic', 'synthetic', 'synthetic']","[1.0, 1.0, 1.0]"
2021-12-29,"['TCS market activity reflected standard digital transformation deals volumes .', 'TCS raised its growth forecast citing strong enterprise solutions demand .', 'TCS digital transformation deals business continued gradual development this quarter .']","['neutral', 'positive', 'negative']","['synthetic', 'synthetic', 'synthetic']","[0.0, 1.0, 0.0]"
2021-12-30,"['TCS breakthrough in enterprise solutions drove innovation and profit expansion .', 'TCS industry observers noted mixed signals for enterprise solutions .', 'TCS maintained stable consulting and cloud migration operations with results in line .']","['neutral', 'neutral', 'negative']","['synthetic', 'synthetic', 'synthetic']","[1.0, 0.0, 0.0]"
2021-12-31,"['TCS upgrade by analysts citing strong IT services contracts growth and higher margin .', 'TCS exceeded revenue targets as rising enterprise solutions demand boosted growth .', 'TCS scheduled consulting and cloud migration business review with typical agenda .']","['positive', 'positive', 'neutral']","['synthetic', 'synthetic', 'synthetic']","[1.0, 1.0, 0.0]"
2022-01-03,"['TCS sector conditions showed typical patterns for consulting and cloud migration .', 'TCS scheduled consulting and cloud migration business review with typical agenda .', 'TCS announced routine updates on IT services contracts business plans .']","['neutral', 'neutral', 'neutral']","['synthetic', 'synthetic', 'synthetic']","[0.0, 0.0, 0.0]"
2022-01-04,"['TCS surged on positive outlook for IT services contracts with higher revenue .', 'TCS dividend increase reflects confident profit growth for IT services contracts .', 'TCS achieved robust expansion with strong gain in enterprise solutions .']","['positive', 'positive', 'positive']","['synthetic', 'synthetic', 'synthetic']","[1.0, 1.0, 1.0]"
2022-01-05,"['TCS operational activity in consulting and cloud migration continued normal trajectory .', 'TCS provided update on IT services contracts operations and near-term plans .', 'TCS announced layoffs amid enterprise solutions slowdown and restructuring .']","['neutral', 'neutral', 'negative']","['synthetic', 'synthetic', 'synthetic']","[0.0, 0.0, -1.0]"
2022-01-06,"['TCS disappointing IT services contracts results led to sell-off and negative sentiment .', 'TCS faces lawsuit risk and penalty concern impacting digital transformation deals .', 'TCS IT services contracts valuations remained within historical ranges .']","['negative', 'negative', 'neutral']","['synthetic', 'synthetic', 'synthetic']","[-1.0, -1.0, 0.0]"
2022-01-07,"['TCS consulting and cloud migration metrics tracked within expected parameters .', 'TCS recovery in IT services contracts drove higher profit and record revenue increase .', 'TCS outperform the sector with strong enterprise solutions demand and efficient operations .']","['neutral', 'neutral', 'negative']","['synthetic', 'synthetic', 'synthetic']","[0.0, 1.0, 1.0]"
2022-01-10,"['TCS faces lawsuit risk and penalty concern impacting enterprise solutions .', 'TCS recovery in IT services contracts drove higher profit and record revenue increase .', 'TCS confirmed alignment with digital transformation deals priorities announced earlier .']","['negative', 'negative', 'positive']","['synthetic', 'synthetic', 'synthetic']","[-1.0, 1.0, 0.0]"
2022-01-11,"['TCS scheduled consulting and cloud migration business review with typical agenda .', 'TCS market activity reflected standard IT services contracts volumes .', 'TCS reduced consulting and cloud migration investment amid concern about further losses .']","['neutral', 'neutral', 'positive']","['synthetic', 'synthetic', 'synthetic']","[0.0, 0.0, -1.0]"
2022-01-12,"['TCS return on consulting and cloud migration investment exceeded expectations with surplus .', 'TCS slower IT services contracts demand and falling margins proved disappointing .', 'TCS announced partnership to boost enterprise solutions growth and revenue gain .']","['positive', 'positive', 'positive']","['synthetic', 'synthetic', 'synthetic']","[1.0, -1.0, 1.0]"
2022-01-13,"['TCS reported losses driven by weak enterprise solutions with lower margins .', 'TCS confirmed alignment with IT services contracts priorities announced earlier .', 'TCS faced pressure from digital transformation deals decline and reduced margins .']","['negative', 'neutral', 'negative']","['synthetic', 'synthetic', 'synthetic']","[-1.0, 0.0, -1.0]"
2022-01-14,"['TCS provided update on digital transformation deals operations and near-term plans .', 'TCS announced partnership to boost digital transformation deals growth and revenue gain .', 'TCS announced routine updates on consulting and cloud migration business plans .']","['neutral', 'positive', 'neutral']","['synthetic', 'synthetic', 'synthetic']","[0.0, 1.0, 0.0]"
2022-01-17,"['TCS downgrade followed weak IT services contracts and lower outlook .', 'TCS confirmed alignment with IT services contracts priorities announced earlier .', 'TCS dividend increase reflects confident profit growth for digital transformation deals .']","['neutral', 'positive', 'positive']","['synthetic', 'synthetic', 'synthetic']","[-1.0, 0.0, 1.0]"
2022-01-18,"['TCS fell amid uncertainty over digital transformation deals and downside risk .', 'TCS hiring surge reflects robust IT services contracts demand and growth momentum .', 'TCS confirmed alignment with enterprise solutions priorities announced earlier .']","['negative', 'positive', 'negative']","['synthetic', 'synthetic', 'synthetic']","[-1.0, 1.0, 0.0]"
2022-01-19,"['TCS governance review of IT services contracts operations found no issues .', 'TCS disappointing digital transformation deals results led to sell-off and negative sentiment .', 'TCS quarterly review highlighted steady consulting and cloud migration performance .']","['neutral', 'neutral', 'neutral']","['synthetic', 'synthetic', 'synthetic']","[0.0, -1.0, 0.0]"
2022-01-20,"['TCS delivered record profit reflecting innovation in digital transformation deals .', 'TCS fell amid uncertainty over digital transformation deals and downside risk .', 'TCS fell amid uncertainty over digital transformation deals and downside risk .']","['negative', 'negative', 'negative']","['synthetic', 'synthetic', 'synthetic']","[1.0, -1.0, -1.0]"
2022-01-21,"['TCS slower digital transformation deals demand and falling margins proved disappointing .', 'TCS faces lawsuit risk and penalty concern impacting digital transformation deals .', 'TCS profit drop amid IT services contracts weakness raised default concern .']","['negative', 'negative', 'negative']","['synthetic', 'synthetic', 'synthetic']","[-1.0, -1.0, -1.0]"
2022-01-24,"['TCS market activity reflected standard digital transformation deals volumes .', 'TCS released standard consulting and cloud migration financial disclosures and filings .', 'TCS scheduled digital transformation deals business review with typical agenda .']","['neutral', 'neutral', 'neutral']","['synthetic', 'synthetic', 'synthetic']","[0.0, 0.0, 0.0]"
2022-01-25,"['TCS missed estimates with disappointing consulting and cloud migration decline .', 'TCS impairment and writedown from digital transformation deals reduced overall profit .', 'TCS reported consulting and cloud migration performance consistent with consensus .']","['negative', 'negative', 'negative']","['synthetic', 'synthetic', 'synthetic']","[-1.0, -1.0, 0.0]"
2022-01-27,"['TCS consulting and cloud migration business continued gradual development this quarter .', 'TCS maintained stable digital transformation deals operations with results in line .', 'TCS digital transformation deals business continued gradual development this quarter .', 'TCS consulting and cloud migration metrics tracked within expected parameters .', 'TCS shares soared after record enterprise solutions revenue and strong profit gain .', 'TCS dividend increase reflects confident profit growth for consulting and cloud migration .']","['neutral', 'neutral', 'neutral', 'neutral', 'positive', 'positive']","['synthetic_fill', 'synthetic_fill', 'synthetic_fill', 'synthetic', 'synthetic', 'synthetic']","[0.0, 0.0, 0.0, 0.0, 1.0, 1.0]"
2022-01-28,"['TCS faced pressure from digital transformation deals decline and reduced margins .', 'TCS outperform the sector with strong consulting and cloud migration demand and efficient operations .', 'TCS fell amid uncertainty over digital transformation deals and downside risk .']","['negative', 'negative', 'negative']","['synthetic', 'synthetic', 'synthetic']","[-1.0, 1.0, -1.0]"
2022-01-31,"['TCS missed enterprise solutions targets as demand decrease and slowdown continued .', 'TCS return on enterprise solutions investment exceeded expectations with surplus .', 'TCS breakthrough in enterprise solutions drove innovation and profit expansion .']","['negative', 'positive', 'neutral']","['synthetic', 'synthetic', 'synthetic']","[-1.0, 1.0, 1.0]"
2022-02-01,"['TCS traded in a narrow range as digital transformation deals news was expected .', 'TCS slower digital transformation deals demand and falling margins proved disappointing .', 'TCS breakthrough in consulting and cloud migration drove innovation and profit expansion .']","['neutral', 'negative', 'positive']","['synthetic', 'synthetic', 'synthetic']","[0.0, -1.0, 1.0]"
2022-02-02,"['TCS exceeded revenue targets as rising IT services contracts demand boosted growth .', 'TCS beat estimates with improved margin and rising consulting and cloud migration momentum .', 'TCS surged on positive outlook for consulting and cloud migration with higher revenue .']","['positive', 'positive', 'positive']","['synthetic', 'synthetic', 'synthetic']","[1.0, 1.0, 1.0]"
2022-02-03,"['TCS industry observers noted mixed signals for IT services contracts .', 'TCS reported loss as IT services contracts revenue fell amid weak demand .', 'TCS benefited from rising demand for IT services contracts with improved profit margin .']","['neutral', 'negative', 'positive']","['synthetic', 'synthetic', 'synthetic']","[0.0, -1.0, 1.0]"
2022-02-04,"['TCS breakthrough in consulting and cloud migration drove innovation and profit expansion .', 'TCS downgrade followed weak enterprise solutions and lower outlook .', 'TCS enterprise solutions outlook remains mixed with balanced factors .']","['positive', 'negative', 'neutral']","['synthetic', 'synthetic', 'synthetic']","[1.0, -1.0, 0.0]"
2022-02-07,"['TCS participated in conference with consulting and cloud migration presentations .', 'TCS recall and fine risk created uncertainty for enterprise solutions .', 'TCS faces lawsuit risk and penalty concern impacting digital transformation deals .']","['neutral', 'negative', 'neutral']","['synthetic', 'synthetic', 'synthetic']","[0.0, -1.0, -1.0]"
2022-02-08,"['TCS enterprise solutions metrics tracked within expected parameters .', 'TCS recovery in IT services contracts drove higher profit and record revenue increase .', 'TCS faced pressure from enterprise solutions decline and reduced margins .']","['neutral', 'negative', 'neutral']","['synthetic', 'synthetic', 'synthetic']","[0.0, 1.0, -1.0]"
2022-02-09,"['TCS reported loss as IT services contracts revenue fell amid weak demand .', 'TCS missed estimates with disappointing digital transformation deals decline .', 'TCS exceeded revenue targets as rising IT services contracts demand boosted growth .']","['negative', 'negative', 'positive']","['synthetic', 'synthetic', 'synthetic']","[-1.0, -1.0, 1.0]"
2022-02-10,"['TCS losses and deficit from consulting and cloud migration challenges disappointed investors .', 'TCS released standard digital transformation deals financial disclosures and filings .', 'TCS reported digital transformation deals performance consistent with consensus .']","['neutral', 'neutral', 'neutral']","['synthetic', 'synthetic', 'synthetic']","[-1.0, 0.0, 0.0]"
2022-02-11,"['TCS upgrade by analysts citing strong digital transformation deals growth and higher margin .', 'TCS traded in a narrow range as IT services contracts news was expected .', 'TCS losses and deficit from consulting and cloud migration challenges disappointed investors .']","['neutral', 'neutral', 'neutral']","['synthetic', 'synthetic', 'synthetic']","[1.0, 0.0, -1.0]"
2022-02-14,"['TCS beat estimates with improved margin and rising consulting and cloud migration momentum .', 'TCS win major deals boosting momentum in IT services contracts revenue expansion .', 'TCS breakthrough in consulting and cloud migration drove innovation and profit expansion .']","['positive', 'negative', 'negative']","['synthetic', 'synthetic', 'synthetic']","[1.0, 1.0, 1.0]"
2022-02-15,"['TCS exceeded revenue targets as rising consulting and cloud migration demand boosted growth .', 'TCS industry observers noted mixed signals for enterprise solutions .', 'TCS acquisition strengthens consulting and cloud migration and boosts revenue upside .']","['positive', 'neutral', 'positive']","['synthetic', 'synthetic', 'synthetic']","[1.0, 0.0, 1.0]"
2022-02-16,"['TCS beat estimates with improved margin and rising consulting and cloud migration momentum .', 'TCS provided update on IT services contracts operations and near-term plans .', 'TCS released standard digital transformation deals financial disclosures and filings .']","['positive', 'neutral', 'positive']","['synthetic', 'synthetic', 'synthetic']","[1.0, 0.0, 0.0]"
2022-02-17,"['TCS governance review of enterprise solutions operations found no issues .', 'TCS dividend increase reflects confident profit growth for enterprise solutions .', 'TCS released standard consulting and cloud migration financial disclosures and filings .']","['neutral', 'positive', 'neutral']","['synthetic', 'synthetic', 'synthetic']","[0.0, 1.0, 0.0]"
2022-02-18,"['TCS missed IT services contracts targets as demand decrease and slowdown continued .', 'TCS exceeded revenue targets as rising consulting and cloud migration demand boosted growth .', 'TCS enterprise solutions business continued gradual development this quarter .']","['negative', 'positive', 'negative']","['synthetic', 'synthetic', 'synthetic']","[-1.0, 1.0, 0.0]"
2022-02-21,"['TCS achieved robust expansion with strong gain in digital transformation deals .', 'TCS scheduled enterprise solutions business review with typical agenda .', 'TCS beat estimates with improved margin and rising consulting and cloud migration momentum .']","['neutral', 'positive', 'positive']","['synthetic', 'synthetic', 'synthetic']","[1.0, 0.0, 1.0]"
2022-02-22,"['TCS reported losses driven by weak digital transformation deals with lower margins .', 'TCS announced routine updates on IT services contracts business plans .', 'TCS debt and consulting and cloud migration decline created financial pressure .']","['negative', 'neutral', 'negative']","['synthetic', 'synthetic', 'synthetic']","[-1.0, 0.0, -1.0]"
2022-02-23,"['TCS cut its forecast citing risk of enterprise solutions contraction .', 'TCS recovery in digital transformation deals drove higher profit and record revenue increase .', 'TCS participated in conference with digital transformation deals presentations .']","['negative', 'positive', 'neutral']","['synthetic', 'synthetic', 'synthetic']","[-1.0, 1.0, 0.0]"
2022-02-24,"['TCS reported losses driven by weak enterprise solutions with lower margins .', 'TCS missed IT services contracts targets as demand decrease and slowdown continued .', 'TCS outperform the sector with strong IT services contracts demand and efficient operations .']","['negative', 'negative', 'positive']","['synthetic', 'synthetic', 'synthetic']","[-1.0, -1.0, 1.0]"
2022-02-25,"['TCS fell amid uncertainty over enterprise solutions and downside risk .', 'TCS recall and fine risk created uncertainty for consulting and cloud migration .', 'TCS enterprise solutions valuations remained within historical ranges .']","['negative', 'neutral', 'neutral']","['synthetic', 'synthetic', 'synthetic']","[-1.0, -1.0, 0.0]"
2022-02-28,"['TCS surged on positive outlook for consulting and cloud migration with higher revenue .', 'TCS downgrade followed weak IT services contracts and lower outlook .', 'TCS upgrade by analysts citing strong consulting and cloud migration growth and higher margin .']","['positive', 'positive', 'positive']","['synthetic', 'synthetic', 'synthetic']","[1.0, -1.0, 1.0]"
2022-03-02,"['TCS consulting and cloud migration valuations remained within historical ranges .', 'TCS quarterly review highlighted steady consulting and cloud migration performance .', 'TCS debt and enterprise solutions decline created financial pressure .', 'TCS recall and fine risk created uncertainty for IT services contracts .', 'TCS raised its growth forecast citing strong enterprise solutions demand .', 'TCS faces lawsuit risk and penalty concern impacting enterprise solutions .']","['neutral', 'neutral', 'neutral', 'negative', 'positive', 'negative']","['synthetic_fill', 'synthetic_fill', 'synthetic_fill', 'synthetic', 'synthetic', 'synthetic']","[0.0, 0.0, -1.0, -1.0, 1.0, -1.0]"
2022-03-03,"['TCS upgrade by analysts citing strong consulting and cloud migration growth and higher margin .', 'TCS governance review of enterprise solutions operations found no issues .', 'TCS reported loss as consulting and cloud migration revenue fell amid weak demand .']","['positive', 'neutral', 'negative']","['synthetic', 'synthetic', 'synthetic']","[1.0, 0.0, -1.0]"
2022-03-04,"['TCS management discussed enterprise solutions strategy at the briefing .', 'TCS missed estimates with disappointing consulting and cloud migration decline .', 'TCS outperform the sector with strong IT services contracts demand and efficient operations .']","['neutral', 'neutral', 'neutral']","['synthetic', 'synthetic', 'synthetic']","[0.0, -1.0, 1.0]"
2022-03-07,"['TCS missed digital transformation deals targets as demand decrease and slowdown continued .', 'TCS confirmed alignment with consulting and cloud migration priorities announced earlier .', 'TCS scheduled digital transformation deals business review with typical agenda .']","['negative', 'neutral', 'neutral']","['synthetic', 'synthetic', 'synthetic']","[-1.0, 0.0, 0.0]"
2022-03-08,"['TCS breakthrough in digital transformation deals drove innovation and profit expansion .', 'TCS losses and deficit from digital transformation deals challenges disappointed investors .', 'TCS governance review of enterprise solutions operations found no issues .']","['positive', 'negative', 'neutral']","['synthetic', 'synthetic', 'synthetic']","[1.0, -1.0, 0.0]"
2022-03-09,"['TCS dividend increase reflects confident profit growth for consulting and cloud migration .', 'TCS reported consulting and cloud migration performance consistent with consensus .', 'TCS announced partnership to boost IT services contracts growth and revenue gain .']","['positive', 'neutral', 'positive']","['synthetic', 'synthetic', 'synthetic']","[1.0, 0.0, 1.0]"
2022-03-10,"['TCS acquisition strengthens enterprise solutions and boosts revenue upside .', 'TCS shares dropped on weak digital transformation deals demand and lower guidance .', 'TCS released standard enterprise solutions financial disclosures and filings .']","['positive', 'positive', 'neutral']","['synthetic', 'synthetic', 'synthetic']","[1.0, -1.0, 0.0]"
2022-03-11,"['TCS maintained stable IT services contracts operations with results in line .', 'TCS market activity reflected standard consulting and cloud migration volumes .', 'TCS governance review of consulting and cloud migration operations found no issues .']","['neutral', 'neutral', 'neutral']","['synthetic', 'synthetic', 'synthetic']","[0.0, 0.0, 0.0]"
2022-03-14,"['TCS reported losses driven by weak enterprise solutions with lower margins .', 'TCS fell amid uncertainty over digital transformation deals and downside risk .', 'TCS industry observers noted mixed signals for enterprise solutions .']","['negative', 'negative', 'neutral']","['synthetic', 'synthetic', 'synthetic']","[-1.0, -1.0, 0.0]"
2022-03-15,"['TCS market activity reflected standard enterprise solutions volumes .', 'TCS announced routine updates on IT services contracts business plans .', 'TCS benefited from rising demand for enterprise solutions with improved profit margin .']","['positive', 'neutral', 'neutral']","['synthetic', 'synthetic', 'synthetic']","[0.0, 0.0, 1.0]"
2022-03-16,"['TCS released standard enterprise solutions financial disclosures and filings .', 'TCS quarterly review highlighted steady IT services contracts performance .', 'TCS slower IT services contracts demand and falling margins proved disappointing .']","['neutral', 'neutral', 'negative']","['synthetic', 'synthetic', 'synthetic']","[0.0, 0.0, -1.0]"
2022-03-17,"['TCS posted record revenue as IT services contracts surged beyond expectations .', 'TCS delivered record profit reflecting innovation in enterprise solutions .', 'TCS dividend increase reflects confident profit growth for consulting and cloud migration .']","['positive', 'positive', 'positive']","['synthetic', 'synthetic', 'synthetic']","[1.0, 1.0, 1.0]"
2022-03-21,"['TCS maintained stable enterprise solutions operations with results in line .', 'TCS released standard consulting and cloud migration financial disclosures and filings .', 'TCS maintained stable enterprise solutions operations with results in line .', 'TCS confirmed alignment with enterprise solutions priorities announced earlier .', 'TCS operational activity in digital transformation deals continued normal trajectory .', 'TCS confirmed alignment with IT services contracts priorities announced earlier .']","['neutral', 'neutral', 'neutral', 'neutral', 'neutral', 'neutral']","['synthetic_fill', 'synthetic_fill', 'synthetic_fill', 'synthetic', 'synthetic', 'synthetic']","[0.0, 0.0, 0.0, 0.0, 0.0, 0.0]"
2022-03-22,"['TCS outperform the sector with strong digital transformation deals demand and efficient operations .', 'TCS governance review of IT services contracts operations found no issues .', 'TCS governance review of IT services contracts operations found no issues .']","['neutral', 'neutral', 'neutral']","['synthetic', 'synthetic', 'synthetic']","[1.0, 0.0, 0.0]"
2022-03-23,"['TCS confirmed alignment with enterprise solutions priorities announced earlier .', 'TCS industry observers noted mixed signals for enterprise solutions .', 'TCS breakthrough in enterprise solutions drove innovation and profit expansion .']","['neutral', 'neutral', 'neutral']","['synthetic', 'synthetic', 'synthetic']","[0.0, 0.0, 1.0]"
2022-03-24,"['TCS confirmed alignment with enterprise solutions priorities announced earlier .', 'TCS announced routine updates on consulting and cloud migration business plans .', 'TCS fell amid uncertainty over IT services contracts and downside risk .']","['neutral', 'neutral', 'negative']","['synthetic', 'synthetic', 'synthetic']","[0.0, 0.0, -1.0]"
2022-03-25,"['TCS announced routine updates on digital transformation deals business plans .', 'TCS market activity reflected standard enterprise solutions volumes .', 'TCS announced layoffs amid enterprise solutions slowdown and restructuring .']","['neutral', 'positive', 'negative']","['synthetic', 'synthetic', 'synthetic']","[0.0, 0.0, -1.0]"
2022-03-28,"['TCS slower digital transformation deals demand and falling margins proved disappointing .', 'TCS win major deals boosting momentum in IT services contracts revenue expansion .', 'TCS impairment and writedown from digital transformation deals reduced overall profit .']","['negative', 'positive', 'negative']","['synthetic', 'synthetic', 'synthetic']","[-1.0, 1.0, -1.0]"
2022-03-29,"['TCS downgrade followed weak consulting and cloud migration and lower outlook .', 'TCS consulting and cloud migration valuations remained within historical ranges .', 'TCS released standard consulting and cloud migration financial disclosures and filings .']","['negative', 'negative', 'neutral']","['synthetic', 'synthetic', 'synthetic']","[-1.0, 0.0, 0.0]"
2022-03-30,"['TCS provided update on digital transformation deals operations and near-term plans .', 'TCS management discussed enterprise solutions strategy at the briefing .', 'TCS consulting and cloud migration business continued gradual development this quarter .']","['neutral', 'neutral', 'neutral']","['synthetic', 'synthetic', 'synthetic']","[0.0, 0.0, 0.0]"
2022-03-31,"['TCS outperform the sector with strong IT services contracts demand and efficient operations .', 'TCS announced routine updates on consulting and cloud migration business plans .', 'TCS warning about digital transformation deals decline raised concern among investors .']","['positive', 'neutral', 'positive']","['synthetic', 'synthetic', 'synthetic']","[1.0, 0.0, -1.0]"
2022-04-01,"['TCS surged on positive outlook for enterprise solutions with higher revenue .', 'TCS market activity reflected standard IT services contracts volumes .', 'TCS reported strong profit growth driven by higher enterprise solutions demand .']","['positive', 'neutral', 'positive']","['synthetic', 'synthetic', 'synthetic']","[1.0, 0.0, 1.0]"
2022-04-04,"['TCS recovery in IT services contracts drove higher profit and record revenue increase .', 'TCS losses and deficit from enterprise solutions challenges disappointed investors .', 'TCS surged on positive outlook for consulting and cloud migration with higher revenue .']","['positive', 'negative', 'positive']","['synthetic', 'synthetic', 'synthetic']","[1.0, -1.0, 1.0]"
2022-04-05,"['TCS scheduled digital transformation deals business review with typical agenda .', 'TCS traded in a narrow range as digital transformation deals news was expected .', 'TCS outperform the sector with strong IT services contracts demand and efficient operations .']","['neutral', 'neutral', 'positive']","['synthetic', 'synthetic', 'synthetic']","[0.0, 0.0, 1.0]"
2022-04-06,"['TCS beat estimates with improved margin and rising IT services contracts momentum .', 'TCS market activity reflected standard digital transformation deals volumes .', 'TCS scheduled digital transformation deals business review with typical agenda .']","['positive', 'neutral', 'neutral']","['synthetic', 'synthetic', 'synthetic']","[1.0, 0.0, 0.0]"
2022-04-07,"['TCS missed enterprise solutions targets as demand decrease and slowdown continued .', 'TCS recovery in IT services contracts drove higher profit and record revenue increase .', 'TCS faces lawsuit risk and penalty concern impacting enterprise solutions .']","['negative', 'negative', 'negative']","['synthetic', 'synthetic', 'synthetic']","[-1.0, 1.0, -1.0]"
2022-04-08,"['TCS cut its forecast citing risk of enterprise solutions contraction .', 'TCS participated in conference with IT services contracts presentations .', 'TCS consulting and cloud migration valuations remained within historical ranges .']","['negative', 'neutral', 'negative']","['synthetic', 'synthetic', 'synthetic']","[-1.0, 0.0, 0.0]"
2022-04-11,"['TCS quarterly review highlighted steady IT services contracts performance .', 'TCS downgrade followed weak enterprise solutions and lower outlook .', 'TCS profit drop amid enterprise solutions weakness raised default concern .']","['neutral', 'positive', 'negative']","['synthetic', 'synthetic', 'synthetic']","[0.0, -1.0, -1.0]"
2022-04-12,"['TCS hiring surge reflects robust IT services contracts demand and growth momentum .', 'TCS reported IT services contracts performance consistent with consensus .', 'TCS scheduled digital transformation deals business review with typical agenda .']","['positive', 'neutral', 'neutral']","['synthetic', 'synthetic', 'synthetic']","[1.0, 0.0, 0.0]"
2022-04-13,"['TCS profit drop amid IT services contracts weakness raised default concern .', 'TCS confirmed alignment with IT services contracts priorities announced earlier .', 'TCS hiring surge reflects robust IT services contracts demand and growth momentum .']","['neutral', 'neutral', 'positive']","['synthetic', 'synthetic', 'synthetic']","[-1.0, 0.0, 1.0]"
2022-04-18,"['TCS management discussed enterprise solutions strategy at the briefing .', 'TCS reported IT services contracts performance consistent with consensus .', 'TCS benefited from rising demand for IT services contracts with improved profit margin .', 'TCS hiring surge reflects robust digital transformation deals demand and growth momentum .', 'TCS consulting and cloud migration outlook remains mixed with balanced factors .', 'TCS reported enterprise solutions performance consistent with consensus .', 'TCS recall and fine risk created uncertainty for consulting and cloud migration .', 'TCS faced pressure from consulting and cloud migration decline and reduced margins .', 'TCS announced routine updates on enterprise solutions business plans .']","['neutral', 'neutral', 'neutral', 'neutral', 'neutral', 'neutral', 'neutral', 'negative', 'negative']","['synthetic_fill', 'synthetic_fill', 'synthetic_fill', 'synthetic_fill', 'synthetic_fill', 'synthetic_fill', 'synthetic', 'synthetic', 'synthetic']","[0.0, 0.0, 1.0, 1.0, 0.0, 0.0, -1.0, -1.0, 0.0]"
2022-04-19,"['TCS recovery in IT services contracts drove higher profit and record revenue increase .', 'TCS disappointing enterprise solutions results led to sell-off and negative sentiment .', 'TCS recovery in consulting and cloud migration drove higher profit and record revenue increase .']","['negative', 'negative', 'neutral']","['synthetic', 'synthetic', 'synthetic']","[1.0, -1.0, 1.0]"
2022-04-20,"['TCS reported digital transformation deals performance consistent with consensus .', 'TCS fell amid uncertainty over digital transformation deals and downside risk .', 'TCS digital transformation deals outlook remains mixed with balanced factors .']","['neutral', 'negative', 'neutral']","['synthetic', 'synthetic', 'synthetic']","[0.0, -1.0, 0.0]"
2022-04-21,"['TCS benefited from rising demand for enterprise solutions with improved profit margin .', 'TCS traded in a narrow range as IT services contracts news was expected .', 'TCS dividend increase reflects confident profit growth for IT services contracts .']","['positive', 'neutral', 'positive']","['synthetic', 'synthetic', 'synthetic']","[1.0, 0.0, 1.0]"
2022-04-22,"['TCS upgrade by analysts citing strong enterprise solutions growth and higher margin .', 'TCS breakthrough in enterprise solutions drove innovation and profit expansion .', 'TCS dividend increase reflects confident profit growth for digital transformation deals .']","['positive', 'positive', 'positive']","['synthetic', 'synthetic', 'synthetic']","[1.0, 1.0, 1.0]"
2022-04-25,"['TCS consulting and cloud migration valuations remained within historical ranges .', 'TCS downgrade followed weak consulting and cloud migration and lower outlook .', 'TCS management discussed consulting and cloud migration strategy at the briefing .']","['negative', 'negative', 'neutral']","['synthetic', 'synthetic', 'synthetic']","[0.0, -1.0, 0.0]"
2022-04-26,"['TCS impairment and writedown from consulting and cloud migration reduced overall profit .', 'TCS digital transformation deals valuations remained within historical ranges .', 'TCS downgrade followed weak enterprise solutions and lower outlook .']","['negative', 'neutral', 'negative']","['synthetic', 'synthetic', 'synthetic']","[-1.0, 0.0, -1.0]"
2022-04-27,"['TCS digital transformation deals valuations remained within historical ranges .', 'TCS enterprise solutions valuations remained within historical ranges .', 'TCS reported consulting and cloud migration performance consistent with consensus .']","['neutral', 'neutral', 'neutral']","['synthetic', 'synthetic', 'synthetic']","[0.0, 0.0, 0.0]"
2022-04-28,"['TCS maintained stable consulting and cloud migration operations with results in line .', 'TCS industry observers noted mixed signals for digital transformation deals .', 'TCS industry observers noted mixed signals for consulting and cloud migration .']","['neutral', 'negative', 'neutral']","['synthetic', 'synthetic', 'synthetic']","[0.0, 0.0, 0.0]"
2022-04-29,"['TCS acquisition strengthens consulting and cloud migration and boosts revenue upside .', 'TCS acquisition strengthens IT services contracts and boosts revenue upside .', 'TCS missed estimates with disappointing enterprise solutions decline .']","['positive', 'positive', 'negative']","['synthetic', 'synthetic', 'synthetic']","[1.0, 1.0, -1.0]"
2022-05-02,"['TCS disappointing IT services contracts results led to sell-off and negative sentiment .', 'TCS reported digital transformation deals performance consistent with consensus .', 'TCS missed estimates with disappointing IT services contracts decline .']","['neutral', 'neutral', 'neutral']","['synthetic', 'synthetic', 'synthetic']","[-1.0, 0.0, -1.0]"
2022-05-04,"['TCS operational activity in IT services contracts continued normal trajectory .', 'TCS consulting and cloud migration business continued gradual development this quarter .', 'TCS reported digital transformation deals performance consistent with consensus .', 'TCS delivered record profit reflecting innovation in enterprise solutions .', 'TCS provided update on IT services contracts operations and near-term plans .', 'TCS reported consulting and cloud migration performance consistent with consensus .']","['neutral', 'neutral', 'neutral', 'positive', 'neutral', 'neutral']","['synthetic_fill', 'synthetic_fill', 'synthetic_fill', 'synthetic', 'synthetic', 'synthetic']","[0.0, 0.0, 0.0, 1.0, 0.0, 0.0]"
2022-05-05,"['TCS fell amid uncertainty over digital transformation deals and downside risk .', 'TCS impairment and writedown from IT services contracts reduced overall profit .', 'TCS reported strong profit growth driven by higher digital transformation deals demand .']","['negative', 'negative', 'neutral']","['synthetic', 'synthetic', 'synthetic']","[-1.0, -1.0, 1.0]"
2022-05-06,"['TCS impairment and writedown from IT services contracts reduced overall profit .', 'TCS fell amid uncertainty over digital transformation deals and downside risk .', 'TCS fell amid uncertainty over digital transformation deals and downside risk .']","['positive', 'negative', 'negative']","['synthetic', 'synthetic', 'synthetic']","[-1.0, -1.0, -1.0]"
2022-05-09,"['TCS achieved robust expansion with strong gain in IT services contracts .', 'TCS fell amid uncertainty over IT services contracts and downside risk .', 'TCS profit drop amid enterprise solutions weakness raised default concern .']","['negative', 'negative', 'negative']","['synthetic', 'synthetic', 'synthetic']","[1.0, -1.0, -1.0]"
2022-05-10,"['TCS dividend increase reflects confident profit growth for digital transformation deals .', 'TCS traded in a narrow range as IT services contracts news was expected .', 'TCS digital transformation deals business continued gradual development this quarter .']","['positive', 'neutral', 'neutral']","['synthetic', 'synthetic', 'synthetic']","[1.0, 0.0, 0.0]"
2022-05-11,"['TCS enterprise solutions valuations remained within historical ranges .', 'TCS scheduled digital transformation deals business review with typical agenda .', 'TCS reduced IT services contracts investment amid concern about further losses .']","['neutral', 'neutral', 'negative']","['synthetic', 'synthetic', 'synthetic']","[0.0, 0.0, -1.0]"
2022-05-12,"['TCS operational activity in consulting and cloud migration continued normal trajectory .', 'TCS sector conditions showed typical patterns for digital transformation deals .', 'TCS participated in conference with consulting and cloud migration presentations .']","['neutral', 'neutral', 'neutral']","['synthetic', 'synthetic', 'synthetic']","[0.0, 0.0, 0.0]"
2022-05-13,"['TCS management discussed consulting and cloud migration strategy at the briefing .', 'TCS slower consulting and cloud migration demand and falling margins proved disappointing .', 'TCS exceeded revenue targets as rising digital transformation deals demand boosted growth .']","['neutral', 'negative', 'positive']","['synthetic', 'synthetic', 'synthetic']","[0.0, -1.0, 1.0]"
2022-05-16,"['TCS recovery in enterprise solutions drove higher profit and record revenue increase .', 'TCS exceeded revenue targets as rising consulting and cloud migration demand boosted growth .', 'TCS return on consulting and cloud migration investment exceeded expectations with surplus .']","['positive', 'positive', 'positive']","['synthetic', 'synthetic', 'synthetic']","[1.0, 1.0, 1.0]"
2022-05-17,"['TCS recovery in enterprise solutions drove higher profit and record revenue increase .', 'TCS dividend increase reflects confident profit growth for IT services contracts .', 'TCS sector conditions showed typical patterns for enterprise solutions .']","['positive', 'negative', 'neutral']","['synthetic', 'synthetic', 'synthetic']","[1.0, 1.0, 0.0]"
2022-05-18,"['TCS delivered record profit reflecting innovation in enterprise solutions .', 'TCS delivered record profit reflecting innovation in IT services contracts .', 'TCS surged on positive outlook for digital transformation deals with higher revenue .']","['positive', 'positive', 'positive']","['synthetic', 'synthetic', 'synthetic']","[1.0, 1.0, 1.0]"
2022-05-19,"['TCS operational activity in consulting and cloud migration continued normal trajectory .', 'TCS missed estimates with disappointing consulting and cloud migration decline .', 'TCS exceeded revenue targets as rising consulting and cloud migration demand boosted growth .']","['neutral', 'neutral', 'positive']","['synthetic', 'synthetic', 'synthetic']","[0.0, -1.0, 1.0]"
2022-05-20,"['TCS missed digital transformation deals targets as demand decrease and slowdown continued .', 'TCS missed estimates with disappointing digital transformation deals decline .', 'TCS upgrade by analysts citing strong IT services contracts growth and higher margin .']","['negative', 'negative', 'positive']","['synthetic', 'synthetic', 'synthetic']","[-1.0, -1.0, 1.0]"
2022-05-23,"['TCS beat estimates with improved margin and rising enterprise solutions momentum .', 'TCS breakthrough in digital transformation deals drove innovation and profit expansion .', 'TCS outperform the sector with strong digital transformation deals demand and efficient operations .']","['positive', 'positive', 'positive']","['synthetic', 'synthetic', 'synthetic']","[1.0, 1.0, 1.0]"
2022-05-24,"['TCS outperform the sector with strong enterprise solutions demand and efficient operations .', 'TCS achieved robust expansion with strong gain in digital transformation deals .', 'TCS governance review of consulting and cloud migration operations found no issues .']","['positive', 'positive', 'neutral']","['synthetic', 'synthetic', 'synthetic']","[1.0, 1.0, 0.0]"
2022-05-25,"['TCS sector conditions showed typical patterns for IT services contracts .', 'TCS surged on positive outlook for enterprise solutions with higher revenue .', 'TCS slower consulting and cloud migration demand and falling margins proved disappointing .']","['neutral', 'positive', 'negative']","['synthetic', 'synthetic', 'synthetic']","[0.0, 1.0, -1.0]"
2022-05-26,"['TCS downgrade followed weak consulting and cloud migration and lower outlook .', 'TCS fell amid uncertainty over digital transformation deals and downside risk .', 'TCS achieved robust expansion with strong gain in enterprise solutions .']","['negative', 'negative', 'positive']","['synthetic', 'synthetic', 'synthetic']","[-1.0, -1.0, 1.0]"
2022-05-27,"['TCS delivered record profit reflecting innovation in enterprise solutions .', 'TCS breakthrough in digital transformation deals drove innovation and profit expansion .', 'TCS raised its growth forecast citing strong enterprise solutions demand .']","['positive', 'positive', 'positive']","['synthetic', 'synthetic', 'synthetic']","[1.0, 1.0, 1.0]"
2022-05-30,"['TCS benefited from rising demand for IT services contracts with improved profit margin .', 'TCS governance review of consulting and cloud migration operations found no issues .', 'TCS management discussed IT services contracts strategy at the briefing .']","['positive', 'neutral', 'neutral']","['synthetic', 'synthetic', 'synthetic']","[1.0, 0.0, 0.0]"
2022-05-31,"['TCS breakthrough in IT services contracts drove innovation and profit expansion .', 'TCS exceeded revenue targets as rising enterprise solutions demand boosted growth .', 'TCS dividend increase reflects confident profit growth for enterprise solutions .']","['positive', 'positive', 'positive']","['synthetic', 'synthetic', 'synthetic']","[1.0, 1.0, 1.0]"
2022-06-01,"['TCS industry observers noted mixed signals for digital transformation deals .', 'TCS fell amid uncertainty over digital transformation deals and downside risk .', 'TCS announced routine updates on digital transformation deals business plans .']","['neutral', 'negative', 'neutral']","['synthetic', 'synthetic', 'synthetic']","[0.0, -1.0, 0.0]"
2022-06-02,"['TCS win major deals boosting momentum in digital transformation deals revenue expansion .', 'TCS faces lawsuit risk and penalty concern impacting digital transformation deals .', 'TCS warning about enterprise solutions decline raised concern among investors .']","['neutral', 'negative', 'negative']","['synthetic', 'synthetic', 'synthetic']","[1.0, -1.0, -1.0]"
2022-06-03,"['TCS acquisition strengthens digital transformation deals and boosts revenue upside .', 'TCS acquisition strengthens IT services contracts and boosts revenue upside .', 'TCS shares soared after record IT services contracts revenue and strong profit gain .']","['positive', 'positive', 'positive']","['synthetic', 'synthetic', 'synthetic']","[1.0, 1.0, 1.0]"
2022-06-06,"['TCS faces lawsuit risk and penalty concern impacting digital transformation deals .', 'TCS beat estimates with improved margin and rising enterprise solutions momentum .', 'TCS quarterly review highlighted steady consulting and cloud migration performance .']","['positive', 'positive', 'neutral']","['synthetic', 'synthetic', 'synthetic']","[-1.0, 1.0, 0.0]"
2022-06-07,"['TCS quarterly review highlighted steady consulting and cloud migration performance .', 'TCS slower digital transformation deals demand and falling margins proved disappointing .', 'TCS win major deals boosting momentum in enterprise solutions revenue expansion .']","['neutral', 'negative', 'positive']","['synthetic', 'synthetic', 'synthetic']","[0.0, -1.0, 1.0]"
2022-06-08,"['TCS provided update on consulting and cloud migration operations and near-term plans .', 'TCS sector conditions showed typical patterns for IT services contracts .', 'TCS warning about enterprise solutions decline raised concern among investors .']","['neutral', 'negative', 'negative']","['synthetic', 'synthetic', 'synthetic']","[0.0, 0.0, -1.0]"
2022-06-09,"['TCS posted record revenue as digital transformation deals surged beyond expectations .', 'TCS dividend increase reflects confident profit growth for consulting and cloud migration .', 'TCS reduced consulting and cloud migration investment amid concern about further losses .']","['positive', 'positive', 'negative']","['synthetic', 'synthetic', 'synthetic']","[1.0, 1.0, -1.0]"
2022-06-10,"['TCS acquisition strengthens consulting and cloud migration and boosts revenue upside .', 'TCS maintained stable digital transformation deals operations with results in line .', 'TCS scheduled digital transformation deals business review with typical agenda .']","['positive', 'neutral', 'neutral']","['synthetic', 'synthetic', 'synthetic']","[1.0, 0.0, 0.0]"
2022-06-13,"['TCS traded in a narrow range as enterprise solutions news was expected .', 'TCS announced layoffs amid enterprise solutions slowdown and restructuring .', 'TCS enterprise solutions outlook remains mixed with balanced factors .']","['positive', 'negative', 'neutral']","['synthetic', 'synthetic', 'synthetic']","[0.0, -1.0, 0.0]"
2022-06-14,"['TCS faces lawsuit risk and penalty concern impacting digital transformation deals .', 'TCS fell amid uncertainty over IT services contracts and downside risk .', 'TCS announced layoffs amid enterprise solutions slowdown and restructuring .']","['negative', 'negative', 'negative']","['synthetic', 'synthetic', 'synthetic']","[-1.0, -1.0, -1.0]"
2022-06-15,"['TCS breakthrough in IT services contracts drove innovation and profit expansion .', 'TCS traded in a narrow range as digital transformation deals news was expected .', 'TCS scheduled digital transformation deals business review with typical agenda .']","['positive', 'neutral', 'neutral']","['synthetic', 'synthetic', 'synthetic']","[1.0, 0.0, 0.0]"
2022-06-16,"['TCS market activity reflected standard consulting and cloud migration volumes .', 'TCS surged on positive outlook for IT services contracts with higher revenue .', 'TCS downgrade followed weak enterprise solutions and lower outlook .']","['neutral', 'neutral', 'neutral']","['synthetic', 'synthetic', 'synthetic']","[0.0, 1.0, -1.0]"
2022-06-17,"['TCS missed estimates with disappointing digital transformation deals decline .', 'TCS slower enterprise solutions demand and falling margins proved disappointing .', 'TCS fell amid uncertainty over IT services contracts and downside risk .']","['negative', 'negative', 'negative']","['synthetic', 'synthetic', 'synthetic']","[-1.0, -1.0, -1.0]"
2022-06-20,"['TCS warning about enterprise solutions decline raised concern among investors .', 'TCS missed enterprise solutions targets as demand decrease and slowdown continued .', 'TCS management discussed enterprise solutions strategy at the briefing .']","['negative', 'negative', 'negative']","['synthetic', 'synthetic', 'synthetic']","[-1.0, -1.0, 0.0]"
2022-06-21,"['TCS beat estimates with improved margin and rising enterprise solutions momentum .', 'TCS confirmed alignment with IT services contracts priorities announced earlier .', 'TCS dividend increase reflects confident profit growth for enterprise solutions .']","['positive', 'positive', 'neutral']","['synthetic', 'synthetic', 'synthetic']","[1.0, 0.0, 1.0]"
2022-06-22,"['TCS consulting and cloud migration valuations remained within historical ranges .', 'TCS dividend increase reflects confident profit growth for consulting and cloud migration .', 'TCS announced partnership to boost IT services contracts growth and revenue gain .']","['neutral', 'positive', 'positive']","['synthetic', 'synthetic', 'synthetic']","[0.0, 1.0, 1.0]"
2022-06-23,"['TCS reported loss as consulting and cloud migration revenue fell amid weak demand .', 'TCS reported digital transformation deals performance consistent with consensus .', 'TCS profit drop amid IT services contracts weakness raised default concern .']","['negative', 'neutral', 'negative']","['synthetic', 'synthetic', 'synthetic']","[-1.0, 0.0, -1.0]"
2022-06-24,"['TCS win major deals boosting momentum in IT services contracts revenue expansion .', 'TCS outperform the sector with strong digital transformation deals demand and efficient operations .', 'TCS achieved robust expansion with strong gain in enterprise solutions .']","['positive', 'positive', 'positive']","['synthetic', 'synthetic', 'synthetic']","[1.0, 1.0, 1.0]"
2022-06-27,"['TCS downgrade followed weak digital transformation deals and lower outlook .', 'TCS market activity reflected standard digital transformation deals volumes .', 'TCS operational activity in digital transformation deals continued normal trajectory .']","['negative', 'neutral', 'neutral']","['synthetic', 'synthetic', 'synthetic']","[-1.0, 0.0, 0.0]"
2022-06-28,"['TCS surged on positive outlook for IT services contracts with higher revenue .', 'TCS faced pressure from enterprise solutions decline and reduced margins .', 'TCS participated in conference with IT services contracts presentations .']","['positive', 'negative', 'neutral']","['synthetic', 'synthetic', 'synthetic']","[1.0, -1.0, 0.0]"
2022-06-29,"['TCS reported losses driven by weak consulting and cloud migration with lower margins .', 'TCS impairment and writedown from digital transformation deals reduced overall profit .', 'TCS faces lawsuit risk and penalty concern impacting IT services contracts .']","['negative', 'negative', 'negative']","['synthetic', 'synthetic', 'synthetic']","[-1.0, -1.0, -1.0]"
2022-06-30,"['TCS slower digital transformation deals demand and falling margins proved disappointing .', 'TCS warning about consulting and cloud migration decline raised concern among investors .', 'TCS management discussed IT services contracts strategy at the briefing .']","['negative', 'negative', 'neutral']","['synthetic', 'synthetic', 'synthetic']","[-1.0, -1.0, 0.0]"
2022-07-01,"['TCS missed estimates with disappointing digital transformation deals decline .', 'TCS breakthrough in IT services contracts drove innovation and profit expansion .', 'TCS quarterly review highlighted steady digital transformation deals performance .']","['negative', 'positive', 'neutral']","['synthetic', 'synthetic', 'synthetic']","[-1.0, 1.0, 0.0]"
2022-07-04,"['TCS outperform the sector with strong digital transformation deals demand and efficient operations .', 'TCS reported loss as IT services contracts revenue fell amid weak demand .', 'TCS operational activity in consulting and cloud migration continued normal trajectory .']","['positive', 'positive', 'neutral']","['synthetic', 'synthetic', 'synthetic']","[1.0, -1.0, 0.0]"
2022-07-05,"['TCS confirmed alignment with enterprise solutions priorities announced earlier .', 'TCS downgrade followed weak enterprise solutions and lower outlook .', 'TCS debt and IT services contracts decline created financial pressure .']","['negative', 'negative', 'negative']","['synthetic', 'synthetic', 'synthetic']","[0.0, -1.0, -1.0]"
2022-07-06,"['TCS outperform the sector with strong enterprise solutions demand and efficient operations .', 'TCS market activity reflected standard enterprise solutions volumes .', 'TCS announced layoffs amid enterprise solutions slowdown and restructuring .']","['negative', 'neutral', 'negative']","['synthetic', 'synthetic', 'synthetic']","[1.0, 0.0, -1.0]"
2022-07-07,"['TCS disappointing IT services contracts results led to sell-off and negative sentiment .', 'TCS hiring surge reflects robust enterprise solutions demand and growth momentum .', 'TCS scheduled digital transformation deals business review with typical agenda .']","['negative', 'positive', 'neutral']","['synthetic', 'synthetic', 'synthetic']","[-1.0, 1.0, 0.0]"
2022-07-08,"['TCS beat estimates with improved margin and rising IT services contracts momentum .', 'TCS win major deals boosting momentum in enterprise solutions revenue expansion .', 'TCS announced partnership to boost IT services contracts growth and revenue gain .']","['positive', 'positive', 'positive']","['synthetic', 'synthetic', 'synthetic']","[1.0, 1.0, 1.0]"
2022-07-11,"['TCS dividend increase reflects confident profit growth for digital transformation deals .', 'TCS announced routine updates on digital transformation deals business plans .', 'TCS profit drop amid IT services contracts weakness raised default concern .']","['positive', 'negative', 'negative']","['synthetic', 'synthetic', 'synthetic']","[1.0, 0.0, -1.0]"
2022-07-12,"['TCS dividend increase reflects confident profit growth for IT services contracts .', 'TCS beat estimates with improved margin and rising enterprise solutions momentum .', 'TCS profit drop amid consulting and cloud migration weakness raised default concern .']","['positive', 'positive', 'negative']","['synthetic', 'synthetic', 'synthetic']","[1.0, 1.0, -1.0]"
2022-07-13,"['TCS shares dropped on weak enterprise solutions demand and lower guidance .', 'TCS digital transformation deals outlook remains mixed with balanced factors .', 'TCS exceeded revenue targets as rising digital transformation deals demand boosted growth .']","['negative', 'neutral', 'positive']","['synthetic', 'synthetic', 'synthetic']","[-1.0, 0.0, 1.0]"
2022-07-14,"['TCS sector conditions showed typical patterns for digital transformation deals .', 'TCS consulting and cloud migration business continued gradual development this quarter .', 'TCS digital transformation deals outlook remains mixed with balanced factors .']","['neutral', 'neutral', 'neutral']","['synthetic', 'synthetic', 'synthetic']","[0.0, 0.0, 0.0]"
2022-07-15,"['TCS win major deals boosting momentum in consulting and cloud migration revenue expansion .', 'TCS outperform the sector with strong IT services contracts demand and efficient operations .', 'TCS impairment and writedown from digital transformation deals reduced overall profit .']","['neutral', 'positive', 'negative']","['synthetic', 'synthetic', 'synthetic']","[1.0, 1.0, -1.0]"
2022-07-18,"['TCS reported losses driven by weak enterprise solutions with lower margins .', 'TCS provided update on consulting and cloud migration operations and near-term plans .', 'TCS enterprise solutions metrics tracked within expected parameters .']","['neutral', 'neutral', 'neutral']","['synthetic', 'synthetic', 'synthetic']","[-1.0, 0.0, 0.0]"
2022-07-19,"['TCS breakthrough in consulting and cloud migration drove innovation and profit expansion .', 'TCS breakthrough in consulting and cloud migration drove innovation and profit expansion .', 'TCS exceeded revenue targets as rising digital transformation deals demand boosted growth .']","['positive', 'positive', 'positive']","['synthetic', 'synthetic', 'synthetic']","[1.0, 1.0, 1.0]"
2022-07-20,"['TCS maintained stable consulting and cloud migration operations with results in line .', 'TCS beat estimates with improved margin and rising enterprise solutions momentum .', 'TCS reported IT services contracts performance consistent with consensus .']","['neutral', 'neutral', 'neutral']","['synthetic', 'synthetic', 'synthetic']","[0.0, 1.0, 0.0]"
2022-07-21,"['TCS beat estimates with improved margin and rising consulting and cloud migration momentum .', 'TCS dividend increase reflects confident profit growth for digital transformation deals .', 'TCS achieved robust expansion with strong gain in IT services contracts .']","['positive', 'positive', 'positive']","['synthetic', 'synthetic', 'synthetic']","[1.0, 1.0, 1.0]"
2022-07-22,"['TCS reported losses driven by weak enterprise solutions with lower margins .', 'TCS participated in conference with digital transformation deals presentations .', 'TCS win major deals boosting momentum in consulting and cloud migration revenue expansion .']","['negative', 'neutral', 'positive']","['synthetic', 'synthetic', 'synthetic']","[-1.0, 0.0, 1.0]"
2022-07-25,"['TCS posted record revenue as IT services contracts surged beyond expectations .', 'TCS maintained stable consulting and cloud migration operations with results in line .', 'TCS operational activity in enterprise solutions continued normal trajectory .']","['negative', 'neutral', 'neutral']","['synthetic', 'synthetic', 'synthetic']","[1.0, 0.0, 0.0]"
2022-07-26,"['TCS governance review of IT services contracts operations found no issues .', 'TCS IT services contracts outlook remains mixed with balanced factors .', 'TCS reported losses driven by weak IT services contracts with lower margins .']","['neutral', 'neutral', 'neutral']","['synthetic', 'synthetic', 'synthetic']","[0.0, 0.0, -1.0]"
2022-07-27,"['TCS shares dropped on weak digital transformation deals demand and lower guidance .', 'TCS faces lawsuit risk and penalty concern impacting consulting and cloud migration .', 'TCS downgrade followed weak consulting and cloud migration and lower outlook .']","['negative', 'negative', 'negative']","['synthetic', 'synthetic', 'synthetic']","[-1.0, -1.0, -1.0]"
2022-07-28,"['TCS upgrade by analysts citing strong IT services contracts growth and higher margin .', 'TCS acquisition strengthens consulting and cloud migration and boosts revenue upside .', 'TCS released standard enterprise solutions financial disclosures and filings .']","['neutral', 'positive', 'neutral']","['synthetic', 'synthetic', 'synthetic']","[1.0, 1.0, 0.0]"
2022-07-29,"['TCS provided update on IT services contracts operations and near-term plans .', 'TCS enterprise solutions valuations remained within historical ranges .', 'TCS announced layoffs amid enterprise solutions slowdown and restructuring .']","['neutral', 'negative', 'neutral']","['synthetic', 'synthetic', 'synthetic']","[0.0, 0.0, -1.0]"
2022-08-01,"['TCS missed estimates with disappointing IT services contracts decline .', 'TCS profit drop amid enterprise solutions weakness raised default concern .', 'TCS win major deals boosting momentum in IT services contracts revenue expansion .']","['negative', 'negative', 'positive']","['synthetic', 'synthetic', 'synthetic']","[-1.0, -1.0, 1.0]"
2022-08-02,"['TCS win major deals boosting momentum in IT services contracts revenue expansion .', 'TCS maintained stable consulting and cloud migration operations with results in line .', 'TCS announced routine updates on IT services contracts business plans .']","['positive', 'neutral', 'neutral']","['synthetic', 'synthetic', 'synthetic']","[1.0, 0.0, 0.0]"
2022-08-03,"['TCS confirmed alignment with consulting and cloud migration priorities announced earlier .', 'TCS losses and deficit from enterprise solutions challenges disappointed investors .', 'TCS released standard consulting and cloud migration financial disclosures and filings .']","['neutral', 'negative', 'neutral']","['synthetic', 'synthetic', 'synthetic']","[0.0, -1.0, 0.0]"
2022-08-04,"['TCS announced partnership to boost digital transformation deals growth and revenue gain .', 'TCS surged on positive outlook for IT services contracts with higher revenue .', 'TCS governance review of consulting and cloud migration operations found no issues .']","['positive', 'positive', 'neutral']","['synthetic', 'synthetic', 'synthetic']","[1.0, 1.0, 0.0]"
2022-08-05,"['TCS announced routine updates on digital transformation deals business plans .', 'TCS benefited from rising demand for enterprise solutions with improved profit margin .', 'TCS enterprise solutions metrics tracked within expected parameters .']","['neutral', 'positive', 'neutral']","['synthetic', 'synthetic', 'synthetic']","[0.0, 1.0, 0.0]"
2022-08-08,"['TCS beat estimates with improved margin and rising digital transformation deals momentum .', 'TCS consulting and cloud migration metrics tracked within expected parameters .', 'TCS announced routine updates on digital transformation deals business plans .']","['positive', 'neutral', 'neutral']","['synthetic', 'synthetic', 'synthetic']","[1.0, 0.0, 0.0]"
2022-08-10,"['TCS market activity reflected standard IT services contracts volumes .', 'TCS governance review of consulting and cloud migration operations found no issues .', 'TCS win major deals boosting momentum in digital transformation deals revenue expansion .', 'TCS management discussed digital transformation deals strategy at the briefing .', 'TCS scheduled digital transformation deals business review with typical agenda .', 'TCS quarterly review highlighted steady digital transformation deals performance .']","['neutral', 'neutral', 'neutral', 'neutral', 'neutral', 'neutral']","['synthetic_fill', 'synthetic_fill', 'synthetic_fill', 'synthetic', 'synthetic', 'synthetic']","[0.0, 0.0, 1.0, 0.0, 0.0, 0.0]"
2022-08-11,"['TCS management discussed enterprise solutions strategy at the briefing .', 'TCS missed estimates with disappointing IT services contracts decline .', 'TCS profit drop amid IT services contracts weakness raised default concern .']","['neutral', 'negative', 'negative']","['synthetic', 'synthetic', 'synthetic']","[0.0, -1.0, -1.0]"
2022-08-12,"['TCS surged on positive outlook for enterprise solutions with higher revenue .', 'TCS slower digital transformation deals demand and falling margins proved disappointing .', 'TCS return on digital transformation deals investment exceeded expectations with surplus .']","['positive', 'negative', 'positive']","['synthetic', 'synthetic', 'synthetic']","[1.0, -1.0, 1.0]"
2022-08-16,"['TCS confirmed alignment with consulting and cloud migration priorities announced earlier .', 'TCS sector conditions showed typical patterns for enterprise solutions .', 'TCS announced routine updates on IT services contracts business plans .', 'TCS consulting and cloud migration metrics tracked within expected parameters .', 'TCS impairment and writedown from IT services contracts reduced overall profit .', 'TCS return on IT services contracts investment exceeded expectations with surplus .']","['neutral', 'neutral', 'neutral', 'neutral', 'negative', 'positive']","['synthetic_fill', 'synthetic_fill', 'synthetic_fill', 'synthetic', 'synthetic', 'synthetic']","[0.0, 0.0, 0.0, 0.0, -1.0, 1.0]"
2022-08-17,"['TCS raised its growth forecast citing strong enterprise solutions demand .', 'TCS industry observers noted mixed signals for enterprise solutions .', 'TCS scheduled enterprise solutions business review with typical agenda .']","['positive', 'neutral', 'neutral']","['synthetic', 'synthetic', 'synthetic']","[1.0, 0.0, 0.0]"
2022-08-18,"['TCS quarterly review highlighted steady IT services contracts performance .', 'TCS reduced consulting and cloud migration investment amid concern about further losses .', 'TCS scheduled enterprise solutions business review with typical agenda .']","['neutral', 'positive', 'neutral']","['synthetic', 'synthetic', 'synthetic']","[0.0, -1.0, 0.0]"
2022-08-19,"['TCS confirmed alignment with IT services contracts priorities announced earlier .', 'TCS exceeded revenue targets as rising IT services contracts demand boosted growth .', 'TCS recovery in consulting and cloud migration drove higher profit and record revenue increase .']","['neutral', 'positive', 'neutral']","['synthetic', 'synthetic', 'synthetic']","[0.0, 1.0, 1.0]"
2022-08-22,"['TCS faced pressure from enterprise solutions decline and reduced margins .', 'TCS confirmed alignment with IT services contracts priorities announced earlier .', 'TCS posted record revenue as digital transformation deals surged beyond expectations .']","['neutral', 'neutral', 'positive']","['synthetic', 'synthetic', 'synthetic']","[-1.0, 0.0, 1.0]"
2022-08-23,"['TCS debt and digital transformation deals decline created financial pressure .', 'TCS shares soared after record digital transformation deals revenue and strong profit gain .', 'TCS recovery in consulting and cloud migration drove higher profit and record revenue increase .']","['negative', 'neutral', 'positive']","['synthetic', 'synthetic', 'synthetic']","[-1.0, 1.0, 1.0]"
2022-08-24,"['TCS missed estimates with disappointing enterprise solutions decline .', 'TCS faces lawsuit risk and penalty concern impacting digital transformation deals .', 'TCS downgrade followed weak digital transformation deals and lower outlook .']","['negative', 'negative', 'negative']","['synthetic', 'synthetic', 'synthetic']","[-1.0, -1.0, -1.0]"
2022-08-25,"['TCS shares dropped on weak IT services contracts demand and lower guidance .', 'TCS missed estimates with disappointing digital transformation deals decline .', 'TCS impairment and writedown from digital transformation deals reduced overall profit .']","['negative', 'negative', 'negative']","['synthetic', 'synthetic', 'synthetic']","[-1.0, -1.0, -1.0]"
2022-08-26,"['TCS breakthrough in consulting and cloud migration drove innovation and profit expansion .', 'TCS management discussed enterprise solutions strategy at the briefing .', 'TCS announced partnership to boost consulting and cloud migration growth and revenue gain .']","['positive', 'negative', 'positive']","['synthetic', 'synthetic', 'synthetic']","[1.0, 0.0, 1.0]"
2022-08-29,"['TCS participated in conference with consulting and cloud migration presentations .', 'TCS downgrade followed weak consulting and cloud migration and lower outlook .', 'TCS cut its forecast citing risk of digital transformation deals contraction .']","['neutral', 'negative', 'negative']","['synthetic', 'synthetic', 'synthetic']","[0.0, -1.0, -1.0]"
2022-08-30,"['TCS reduced consulting and cloud migration investment amid concern about further losses .', 'TCS delivered record profit reflecting innovation in enterprise solutions .', 'TCS slower digital transformation deals demand and falling margins proved disappointing .']","['negative', 'positive', 'negative']","['synthetic', 'synthetic', 'synthetic']","[-1.0, 1.0, -1.0]"
2022-09-01,"['TCS management discussed IT services contracts strategy at the briefing .', 'TCS delivered record profit reflecting innovation in enterprise solutions .', 'TCS market activity reflected standard enterprise solutions volumes .', 'TCS beat estimates with improved margin and rising consulting and cloud migration momentum .', 'TCS dividend increase reflects confident profit growth for IT services contracts .', 'TCS upgrade by analysts citing strong enterprise solutions growth and higher margin .']","['neutral', 'neutral', 'neutral', 'positive', 'positive', 'positive']","['synthetic_fill', 'synthetic_fill', 'synthetic_fill', 'synthetic', 'synthetic', 'synthetic']","[0.0, 1.0, 0.0, 1.0, 1.0, 1.0]"
2022-09-02,"['TCS faces lawsuit risk and penalty concern impacting IT services contracts .', 'TCS recovery in IT services contracts drove higher profit and record revenue increase .', 'TCS announced layoffs amid digital transformation deals slowdown and restructuring .']","['negative', 'negative', 'negative']","['synthetic', 'synthetic', 'synthetic']","[-1.0, 1.0, -1.0]"
2022-09-05,"['TCS management discussed enterprise solutions strategy at the briefing .', 'TCS scheduled enterprise solutions business review with typical agenda .', 'TCS released standard consulting and cloud migration financial disclosures and filings .']","['neutral', 'neutral', 'neutral']","['synthetic', 'synthetic', 'synthetic']","[0.0, 0.0, 0.0]"
2022-09-06,"['TCS announced layoffs amid consulting and cloud migration slowdown and restructuring .', 'TCS consulting and cloud migration metrics tracked within expected parameters .', 'TCS digital transformation deals valuations remained within historical ranges .']","['neutral', 'neutral', 'neutral']","['synthetic', 'synthetic', 'synthetic']","[-1.0, 0.0, 0.0]"
2022-09-07,"['TCS market activity reflected standard enterprise solutions volumes .', 'TCS sector conditions showed typical patterns for enterprise solutions .', 'TCS losses and deficit from enterprise solutions challenges disappointed investors .']","['neutral', 'neutral', 'negative']","['synthetic', 'synthetic', 'synthetic']","[0.0, 0.0, -1.0]"
2022-09-08,"['TCS disappointing consulting and cloud migration results led to sell-off and negative sentiment .', 'TCS market activity reflected standard IT services contracts volumes .', 'TCS announced partnership to boost IT services contracts growth and revenue gain .']","['neutral', 'neutral', 'positive']","['synthetic', 'synthetic', 'synthetic']","[-1.0, 0.0, 1.0]"
2022-09-09,"['TCS reduced consulting and cloud migration investment amid concern about further losses .', 'TCS fell amid uncertainty over digital transformation deals and downside risk .', 'TCS confirmed alignment with IT services contracts priorities announced earlier .']","['positive', 'negative', 'neutral']","['synthetic', 'synthetic', 'synthetic']","[-1.0, -1.0, 0.0]"
2022-09-12,"['TCS reduced consulting and cloud migration investment amid concern about further losses .', 'TCS shares dropped on weak enterprise solutions demand and lower guidance .', 'TCS impairment and writedown from consulting and cloud migration reduced overall profit .']","['positive', 'neutral', 'positive']","['synthetic', 'synthetic', 'synthetic']","[-1.0, -1.0, -1.0]"
2022-09-13,"['TCS consulting and cloud migration outlook remains mixed with balanced factors .', 'TCS upgrade by analysts citing strong enterprise solutions growth and higher margin .', 'TCS consulting and cloud migration valuations remained within historical ranges .']","['neutral', 'positive', 'negative']","['synthetic', 'synthetic', 'synthetic']","[0.0, 1.0, 0.0]"
2022-09-14,"['TCS reported loss as consulting and cloud migration revenue fell amid weak demand .', 'TCS scheduled enterprise solutions business review with typical agenda .', 'TCS announced layoffs amid enterprise solutions slowdown and restructuring .']","['negative', 'neutral', 'neutral']","['synthetic', 'synthetic', 'synthetic']","[-1.0, 0.0, -1.0]"
2022-09-15,"['TCS missed IT services contracts targets as demand decrease and slowdown continued .', 'TCS announced partnership to boost enterprise solutions growth and revenue gain .', 'TCS disappointing IT services contracts results led to sell-off and negative sentiment .']","['negative', 'positive', 'negative']","['synthetic', 'synthetic', 'synthetic']","[-1.0, 1.0, -1.0]"
2022-09-16,"['TCS missed digital transformation deals targets as demand decrease and slowdown continued .', 'TCS shares dropped on weak digital transformation deals demand and lower guidance .', 'TCS warning about enterprise solutions decline raised concern among investors .']","['negative', 'positive', 'negative']","['synthetic', 'synthetic', 'synthetic']","[-1.0, -1.0, -1.0]"
2022-09-19,"['TCS announced routine updates on digital transformation deals business plans .', 'TCS disappointing enterprise solutions results led to sell-off and negative sentiment .', 'TCS profit drop amid IT services contracts weakness raised default concern .']","['negative', 'neutral', 'negative']","['synthetic', 'synthetic', 'synthetic']","[0.0, -1.0, -1.0]"
2022-09-20,"['TCS surged on positive outlook for IT services contracts with higher revenue .', 'TCS reported strong profit growth driven by higher enterprise solutions demand .', 'TCS return on digital transformation deals investment exceeded expectations with surplus .']","['positive', 'positive', 'positive']","['synthetic', 'synthetic', 'synthetic']","[1.0, 1.0, 1.0]"
2022-09-21,"['TCS market activity reflected standard consulting and cloud migration volumes .', 'TCS provided update on IT services contracts operations and near-term plans .', 'TCS participated in conference with IT services contracts presentations .']","['neutral', 'neutral', 'neutral']","['synthetic', 'synthetic', 'synthetic']","[0.0, 0.0, 0.0]"
2022-09-22,"['TCS outperform the sector with strong digital transformation deals demand and efficient operations .', 'TCS beat estimates with improved margin and rising enterprise solutions momentum .', 'TCS fell amid uncertainty over enterprise solutions and downside risk .']","['positive', 'positive', 'negative']","['synthetic', 'synthetic', 'synthetic']","[1.0, 1.0, -1.0]"
2022-09-23,"['TCS recovery in IT services contracts drove higher profit and record revenue increase .', 'TCS industry observers noted mixed signals for consulting and cloud migration .', 'TCS cut its forecast citing risk of IT services contracts contraction .']","['negative', 'neutral', 'negative']","['synthetic', 'synthetic', 'synthetic']","[1.0, 0.0, -1.0]"
2022-09-26,"['TCS released standard enterprise solutions financial disclosures and filings .', 'TCS recall and fine risk created uncertainty for IT services contracts .', 'TCS provided update on consulting and cloud migration operations and near-term plans .']","['neutral', 'negative', 'neutral']","['synthetic', 'synthetic', 'synthetic']","[0.0, -1.0, 0.0]"
2022-09-27,"['TCS reported losses driven by weak enterprise solutions with lower margins .', 'TCS announced routine updates on enterprise solutions business plans .', 'TCS benefited from rising demand for consulting and cloud migration with improved profit margin .']","['neutral', 'neutral', 'positive']","['synthetic', 'synthetic', 'synthetic']","[-1.0, 0.0, 1.0]"
2022-09-28,"['TCS shares soared after record consulting and cloud migration revenue and strong profit gain .', 'TCS quarterly review highlighted steady IT services contracts performance .', 'TCS confirmed alignment with enterprise solutions priorities announced earlier .']","['neutral', 'neutral', 'neutral']","['synthetic', 'synthetic', 'synthetic']","[1.0, 0.0, 0.0]"
2022-09-29,"['TCS exceeded revenue targets as rising digital transformation deals demand boosted growth .', 'TCS participated in conference with enterprise solutions presentations .', 'TCS win major deals boosting momentum in IT services contracts revenue expansion .']","['positive', 'neutral', 'positive']","['synthetic', 'synthetic', 'synthetic']","[1.0, 0.0, 1.0]"
2022-09-30,"['TCS outperform the sector with strong IT services contracts demand and efficient operations .', 'TCS confirmed alignment with enterprise solutions priorities announced earlier .', 'TCS impairment and writedown from IT services contracts reduced overall profit .']","['positive', 'negative', 'negative']","['synthetic', 'synthetic', 'synthetic']","[1.0, 0.0, -1.0]"
2022-10-03,"['TCS confirmed alignment with enterprise solutions priorities announced earlier .', 'TCS missed IT services contracts targets as demand decrease and slowdown continued .', 'TCS reported enterprise solutions performance consistent with consensus .']","['neutral', 'negative', 'neutral']","['synthetic', 'synthetic', 'synthetic']","[0.0, -1.0, 0.0]"
2022-10-04,"['TCS fell amid uncertainty over enterprise solutions and downside risk .', 'TCS beat estimates with improved margin and rising IT services contracts momentum .', 'TCS digital transformation deals outlook remains mixed with balanced factors .']","['negative', 'positive', 'neutral']","['synthetic', 'synthetic', 'synthetic']","[-1.0, 1.0, 0.0]"
2022-10-06,"['TCS dividend increase reflects confident profit growth for IT services contracts .', 'TCS governance review of enterprise solutions operations found no issues .', 'TCS surged on positive outlook for digital transformation deals with higher revenue .', 'TCS beat estimates with improved margin and rising consulting and cloud migration momentum .', 'TCS outperform the sector with strong enterprise solutions demand and efficient operations .', 'TCS quarterly review highlighted steady digital transformation deals performance .']","['neutral', 'neutral', 'neutral', 'positive', 'positive', 'neutral']","['synthetic_fill', 'synthetic_fill', 'synthetic_fill', 'synthetic', 'synthetic', 'synthetic']","[1.0, 0.0, 1.0, 1.0, 1.0, 0.0]"
2022-10-07,"['TCS impairment and writedown from consulting and cloud migration reduced overall profit .', 'TCS beat estimates with improved margin and rising enterprise solutions momentum .', 'TCS provided update on IT services contracts operations and near-term plans .']","['neutral', 'positive', 'neutral']","['synthetic', 'synthetic', 'synthetic']","[-1.0, 1.0, 0.0]"
2022-10-10,"['TCS losses and deficit from IT services contracts challenges disappointed investors .', 'TCS industry observers noted mixed signals for digital transformation deals .', 'TCS participated in conference with enterprise solutions presentations .']","['negative', 'neutral', 'neutral']","['synthetic', 'synthetic', 'synthetic']","[-1.0, 0.0, 0.0]"
2022-10-11,"['TCS traded in a narrow range as IT services contracts news was expected .', 'TCS losses and deficit from enterprise solutions challenges disappointed investors .', 'TCS traded in a narrow range as enterprise solutions news was expected .']","['neutral', 'negative', 'neutral']","['synthetic', 'synthetic', 'synthetic']","[0.0, -1.0, 0.0]"
2022-10-12,"['TCS exceeded revenue targets as rising consulting and cloud migration demand boosted growth .', 'TCS impairment and writedown from digital transformation deals reduced overall profit .', 'TCS operational activity in enterprise solutions continued normal trajectory .']","['positive', 'negative', 'neutral']","['synthetic', 'synthetic', 'synthetic']","[1.0, -1.0, 0.0]"
2022-10-13,"['TCS upgrade by analysts citing strong IT services contracts growth and higher margin .', 'TCS exceeded revenue targets as rising enterprise solutions demand boosted growth .', 'TCS losses and deficit from digital transformation deals challenges disappointed investors .']","['positive', 'neutral', 'neutral']","['synthetic', 'synthetic', 'synthetic']","[1.0, 1.0, -1.0]"
2022-10-14,"['TCS confirmed alignment with consulting and cloud migration priorities announced earlier .', 'TCS reported loss as enterprise solutions revenue fell amid weak demand .', 'TCS announced routine updates on digital transformation deals business plans .']","['neutral', 'negative', 'positive']","['synthetic', 'synthetic', 'synthetic']","[0.0, -1.0, 0.0]"
2022-10-17,"['TCS quarterly review highlighted steady enterprise solutions performance .', 'TCS consulting and cloud migration valuations remained within historical ranges .', 'TCS quarterly review highlighted steady consulting and cloud migration performance .']","['negative', 'neutral', 'neutral']","['synthetic', 'synthetic', 'synthetic']","[0.0, 0.0, 0.0]"
2022-10-18,"['TCS recovery in IT services contracts drove higher profit and record revenue increase .', 'TCS operational activity in consulting and cloud migration continued normal trajectory .', 'TCS raised its growth forecast citing strong enterprise solutions demand .']","['positive', 'neutral', 'positive']","['synthetic', 'synthetic', 'synthetic']","[1.0, 0.0, 1.0]"
2022-10-19,"['TCS shares soared after record enterprise solutions revenue and strong profit gain .', 'TCS dividend increase reflects confident profit growth for digital transformation deals .', 'TCS recovery in IT services contracts drove higher profit and record revenue increase .']","['positive', 'positive', 'positive']","['synthetic', 'synthetic', 'synthetic']","[1.0, 1.0, 1.0]"
2022-10-20,"['TCS losses and deficit from enterprise solutions challenges disappointed investors .', 'TCS quarterly review highlighted steady consulting and cloud migration performance .', 'TCS announced routine updates on enterprise solutions business plans .']","['negative', 'negative', 'negative']","['synthetic', 'synthetic', 'synthetic']","[-1.0, 0.0, 0.0]"
2022-10-21,"['TCS announced routine updates on IT services contracts business plans .', 'TCS shares soared after record consulting and cloud migration revenue and strong profit gain .', 'TCS achieved robust expansion with strong gain in IT services contracts .']","['neutral', 'positive', 'positive']","['synthetic', 'synthetic', 'synthetic']","[0.0, 1.0, 1.0]"
2022-10-24,"['TCS reduced consulting and cloud migration investment amid concern about further losses .', 'TCS confirmed alignment with enterprise solutions priorities announced earlier .', 'TCS posted record revenue as enterprise solutions surged beyond expectations .']","['negative', 'neutral', 'positive']","['synthetic', 'synthetic', 'synthetic']","[-1.0, 0.0, 1.0]"
2022-10-25,"['TCS benefited from rising demand for digital transformation deals with improved profit margin .', 'TCS reported strong profit growth driven by higher enterprise solutions demand .', 'TCS governance review of consulting and cloud migration operations found no issues .']","['positive', 'positive', 'negative']","['synthetic', 'synthetic', 'synthetic']","[1.0, 1.0, 0.0]"
2022-10-27,"['TCS digital transformation deals valuations remained within historical ranges .', 'TCS beat estimates with improved margin and rising enterprise solutions momentum .', 'TCS provided update on IT services contracts operations and near-term plans .', 'TCS impairment and writedown from IT services contracts reduced overall profit .', 'TCS traded in a narrow range as enterprise solutions news was expected .', 'TCS participated in conference with enterprise solutions presentations .']","['neutral', 'neutral', 'neutral', 'negative', 'negative', 'neutral']","['synthetic_fill', 'synthetic_fill', 'synthetic_fill', 'synthetic', 'synthetic', 'synthetic']","[0.0, 1.0, 0.0, -1.0, 0.0, 0.0]"
2022-10-28,"['TCS breakthrough in digital transformation deals drove innovation and profit expansion .', 'TCS sector conditions showed typical patterns for IT services contracts .', 'TCS provided update on digital transformation deals operations and near-term plans .']","['positive', 'negative', 'neutral']","['synthetic', 'synthetic', 'synthetic']","[1.0, 0.0, 0.0]"
2022-10-31,"['TCS benefited from rising demand for IT services contracts with improved profit margin .', 'TCS beat estimates with improved margin and rising enterprise solutions momentum .', 'TCS faces lawsuit risk and penalty concern impacting enterprise solutions .']","['neutral', 'neutral', 'neutral']","['synthetic', 'synthetic', 'synthetic']","[1.0, 1.0, -1.0]"
2022-11-01,"['TCS quarterly review highlighted steady IT services contracts performance .', 'TCS dividend increase reflects confident profit growth for consulting and cloud migration .', 'TCS traded in a narrow range as enterprise solutions news was expected .']","['neutral', 'positive', 'positive']","['synthetic', 'synthetic', 'synthetic']","[0.0, 1.0, 0.0]"
2022-11-02,"['TCS surged on positive outlook for enterprise solutions with higher revenue .', 'TCS announced partnership to boost IT services contracts growth and revenue gain .', 'TCS acquisition strengthens enterprise solutions and boosts revenue upside .']","['positive', 'positive', 'positive']","['synthetic', 'synthetic', 'synthetic']","[1.0, 1.0, 1.0]"
2022-11-03,"['TCS enterprise solutions metrics tracked within expected parameters .', 'TCS debt and enterprise solutions decline created financial pressure .', 'TCS management discussed enterprise solutions strategy at the briefing .']","['neutral', 'neutral', 'neutral']","['synthetic', 'synthetic', 'synthetic']","[0.0, -1.0, 0.0]"
2022-11-04,"['TCS participated in conference with IT services contracts presentations .', 'TCS faced pressure from digital transformation deals decline and reduced margins .', 'TCS cut its forecast citing risk of digital transformation deals contraction .']","['neutral', 'negative', 'negative']","['synthetic', 'synthetic', 'synthetic']","[0.0, -1.0, -1.0]"
2022-11-07,"['TCS confirmed alignment with consulting and cloud migration priorities announced earlier .', 'TCS surged on positive outlook for IT services contracts with higher revenue .', 'TCS operational activity in consulting and cloud migration continued normal trajectory .']","['neutral', 'neutral', 'neutral']","['synthetic', 'synthetic', 'synthetic']","[0.0, 1.0, 0.0]"
2022-11-09,"['TCS consulting and cloud migration valuations remained within historical ranges .', 'TCS announced layoffs amid consulting and cloud migration slowdown and restructuring .', 'TCS enterprise solutions metrics tracked within expected parameters .', 'TCS acquisition strengthens enterprise solutions and boosts revenue upside .', 'TCS announced partnership to boost enterprise solutions growth and revenue gain .', 'TCS benefited from rising demand for IT services contracts with improved profit margin .']","['neutral', 'neutral', 'neutral', 'positive', 'positive', 'positive']","['synthetic_fill', 'synthetic_fill', 'synthetic_fill', 'synthetic', 'synthetic', 'synthetic']","[0.0, -1.0, 0.0, 1.0, 1.0, 1.0]"
2022-11-10,"['TCS missed estimates with disappointing digital transformation deals decline .', 'TCS reduced consulting and cloud migration investment amid concern about further losses .', 'TCS benefited from rising demand for IT services contracts with improved profit margin .']","['negative', 'negative', 'positive']","['synthetic', 'synthetic', 'synthetic']","[-1.0, -1.0, 1.0]"
2022-11-11,"['TCS participated in conference with digital transformation deals presentations .', 'TCS management discussed IT services contracts strategy at the briefing .', 'TCS confirmed alignment with consulting and cloud migration priorities announced earlier .']","['neutral', 'neutral', 'neutral']","['synthetic', 'synthetic', 'synthetic']","[0.0, 0.0, 0.0]"
2022-11-14,"['TCS beat estimates with improved margin and rising IT services contracts momentum .', 'TCS consulting and cloud migration valuations remained within historical ranges .', 'TCS exceeded revenue targets as rising consulting and cloud migration demand boosted growth .']","['positive', 'negative', 'positive']","['synthetic', 'synthetic', 'synthetic']","[1.0, 0.0, 1.0]"
2022-11-15,"['TCS shares dropped on weak consulting and cloud migration demand and lower guidance .', 'TCS announced partnership to boost IT services contracts growth and revenue gain .', 'TCS quarterly review highlighted steady consulting and cloud migration performance .']","['positive', 'negative', 'negative']","['synthetic', 'synthetic', 'synthetic']","[-1.0, 1.0, 0.0]"
2022-11-16,"['TCS announced routine updates on enterprise solutions business plans .', 'TCS outperform the sector with strong consulting and cloud migration demand and efficient operations .', 'TCS faced pressure from IT services contracts decline and reduced margins .']","['neutral', 'negative', 'neutral']","['synthetic', 'synthetic', 'synthetic']","[0.0, 1.0, -1.0]"
2022-11-17,"['TCS win major deals boosting momentum in digital transformation deals revenue expansion .', 'TCS quarterly review highlighted steady IT services contracts performance .', 'TCS hiring surge reflects robust consulting and cloud migration demand and growth momentum .']","['positive', 'neutral', 'negative']","['synthetic', 'synthetic', 'synthetic']","[1.0, 0.0, 1.0]"
2022-11-18,"['TCS breakthrough in IT services contracts drove innovation and profit expansion .', 'TCS governance review of digital transformation deals operations found no issues .', 'TCS participated in conference with IT services contracts presentations .']","['positive', 'neutral', 'neutral']","['synthetic', 'synthetic', 'synthetic']","[1.0, 0.0, 0.0]"
2022-11-21,"['TCS reported loss as consulting and cloud migration revenue fell amid weak demand .', 'TCS profit drop amid IT services contracts weakness raised default concern .', 'TCS participated in conference with consulting and cloud migration presentations .']","['negative', 'neutral', 'neutral']","['synthetic', 'synthetic', 'synthetic']","[-1.0, -1.0, 0.0]"
2022-11-22,"['TCS losses and deficit from digital transformation deals challenges disappointed investors .', 'TCS slower IT services contracts demand and falling margins proved disappointing .', 'TCS cut its forecast citing risk of IT services contracts contraction .']","['negative', 'negative', 'negative']","['synthetic', 'synthetic', 'synthetic']","[-1.0, -1.0, -1.0]"
2022-11-23,"['TCS slower IT services contracts demand and falling margins proved disappointing .', 'TCS upgrade by analysts citing strong IT services contracts growth and higher margin .', 'TCS dividend increase reflects confident profit growth for consulting and cloud migration .']","['negative', 'positive', 'positive']","['synthetic', 'synthetic', 'synthetic']","[-1.0, 1.0, 1.0]"
2022-11-24,"['TCS hiring surge reflects robust enterprise solutions demand and growth momentum .', 'TCS raised its growth forecast citing strong consulting and cloud migration demand .', 'TCS governance review of consulting and cloud migration operations found no issues .']","['positive', 'neutral', 'neutral']","['synthetic', 'synthetic', 'synthetic']","[1.0, 1.0, 0.0]"
2022-11-25,"['TCS cut its forecast citing risk of consulting and cloud migration contraction .', 'TCS dividend increase reflects confident profit growth for digital transformation deals .', 'TCS outperform the sector with strong IT services contracts demand and efficient operations .']","['positive', 'positive', 'positive']","['synthetic', 'synthetic', 'synthetic']","[-1.0, 1.0, 1.0]"
2022-11-28,"['TCS reduced consulting and cloud migration investment amid concern about further losses .', 'TCS outperform the sector with strong digital transformation deals demand and efficient operations .', 'TCS reported loss as enterprise solutions revenue fell amid weak demand .']","['negative', 'positive', 'neutral']","['synthetic', 'synthetic', 'synthetic']","[-1.0, 1.0, -1.0]"
2022-11-29,"['TCS impairment and writedown from consulting and cloud migration reduced overall profit .', 'TCS dividend increase reflects confident profit growth for enterprise solutions .', 'TCS traded in a narrow range as enterprise solutions news was expected .']","['negative', 'neutral', 'neutral']","['synthetic', 'synthetic', 'synthetic']","[-1.0, 1.0, 0.0]"
2022-11-30,"['TCS sector conditions showed typical patterns for consulting and cloud migration .', 'TCS provided update on consulting and cloud migration operations and near-term plans .', 'TCS cut its forecast citing risk of consulting and cloud migration contraction .']","['neutral', 'neutral', 'neutral']","['synthetic', 'synthetic', 'synthetic']","[0.0, 0.0, -1.0]"
2022-12-01,"['TCS warning about digital transformation deals decline raised concern among investors .', 'TCS posted record revenue as enterprise solutions surged beyond expectations .', 'TCS enterprise solutions metrics tracked within expected parameters .']","['positive', 'positive', 'neutral']","['synthetic', 'synthetic', 'synthetic']","[-1.0, 1.0, 0.0]"
2022-12-02,"['TCS dividend increase reflects confident profit growth for digital transformation deals .', 'TCS exceeded revenue targets as rising consulting and cloud migration demand boosted growth .', 'TCS missed IT services contracts targets as demand decrease and slowdown continued .']","['positive', 'positive', 'negative']","['synthetic', 'synthetic', 'synthetic']","[1.0, 1.0, -1.0]"
2022-12-05,"['TCS reduced consulting and cloud migration investment amid concern about further losses .', 'TCS disappointing consulting and cloud migration results led to sell-off and negative sentiment .', 'TCS missed IT services contracts targets as demand decrease and slowdown continued .']","['negative', 'negative', 'negative']","['synthetic', 'synthetic', 'synthetic']","[-1.0, -1.0, -1.0]"
2022-12-06,"['TCS debt and digital transformation deals decline created financial pressure .', 'TCS sector conditions showed typical patterns for enterprise solutions .', 'TCS IT services contracts valuations remained within historical ranges .']","['negative', 'neutral', 'neutral']","['synthetic', 'synthetic', 'synthetic']","[-1.0, 0.0, 0.0]"
2022-12-07,"['TCS reported loss as IT services contracts revenue fell amid weak demand .', 'TCS achieved robust expansion with strong gain in enterprise solutions .', 'TCS fell amid uncertainty over consulting and cloud migration and downside risk .']","['negative', 'positive', 'negative']","['synthetic', 'synthetic', 'synthetic']","[-1.0, 1.0, -1.0]"
2022-12-08,"['TCS outperform the sector with strong consulting and cloud migration demand and efficient operations .', 'TCS market activity reflected standard IT services contracts volumes .', 'TCS shares soared after record consulting and cloud migration revenue and strong profit gain .']","['positive', 'neutral', 'positive']","['synthetic', 'synthetic', 'synthetic']","[1.0, 0.0, 1.0]"
2022-12-09,"['TCS warning about consulting and cloud migration decline raised concern among investors .', 'TCS digital transformation deals outlook remains mixed with balanced factors .', 'TCS provided update on IT services contracts operations and near-term plans .']","['negative', 'positive', 'neutral']","['synthetic', 'synthetic', 'synthetic']","[-1.0, 0.0, 0.0]"
2022-12-12,"['TCS quarterly review highlighted steady consulting and cloud migration performance .', 'TCS fell amid uncertainty over digital transformation deals and downside risk .', 'TCS quarterly review highlighted steady consulting and cloud migration performance .']","['negative', 'negative', 'negative']","['synthetic', 'synthetic', 'synthetic']","[0.0, -1.0, 0.0]"
2022-12-13,"['TCS announced partnership to boost consulting and cloud migration growth and revenue gain .', 'TCS surged on positive outlook for IT services contracts with higher revenue .', 'TCS sector conditions showed typical patterns for consulting and cloud migration .']","['positive', 'positive', 'neutral']","['synthetic', 'synthetic', 'synthetic']","[1.0, 1.0, 0.0]"
2022-12-14,"['TCS downgrade followed weak digital transformation deals and lower outlook .', 'TCS consulting and cloud migration outlook remains mixed with balanced factors .', 'TCS released standard enterprise solutions financial disclosures and filings .']","['positive', 'positive', 'neutral']","['synthetic', 'synthetic', 'synthetic']","[-1.0, 0.0, 0.0]"
2022-12-15,"['TCS dividend increase reflects confident profit growth for digital transformation deals .', 'TCS dividend increase reflects confident profit growth for consulting and cloud migration .', 'TCS digital transformation deals outlook remains mixed with balanced factors .']","['positive', 'positive', 'neutral']","['synthetic', 'synthetic', 'synthetic']","[1.0, 1.0, 0.0]"
2022-12-16,"['TCS faces lawsuit risk and penalty concern impacting digital transformation deals .', 'TCS shares dropped on weak IT services contracts demand and lower guidance .', 'TCS market activity reflected standard IT services contracts volumes .']","['negative', 'negative', 'neutral']","['synthetic', 'synthetic', 'synthetic']","[-1.0, -1.0, 0.0]"
2022-12-19,"['TCS missed enterprise solutions targets as demand decrease and slowdown continued .', 'TCS reported losses driven by weak digital transformation deals with lower margins .', 'TCS impairment and writedown from consulting and cloud migration reduced overall profit .']","['negative', 'negative', 'negative']","['synthetic', 'synthetic', 'synthetic']","[-1.0, -1.0, -1.0]"
2022-12-20,"['TCS faces lawsuit risk and penalty concern impacting enterprise solutions .', 'TCS missed consulting and cloud migration targets as demand decrease and slowdown continued .', 'TCS sector conditions showed typical patterns for enterprise solutions .']","['negative', 'negative', 'neutral']","['synthetic', 'synthetic', 'synthetic']","[-1.0, -1.0, 0.0]"
2022-12-21,"['TCS confirmed alignment with consulting and cloud migration priorities announced earlier .', 'TCS benefited from rising demand for digital transformation deals with improved profit margin .', 'TCS slower digital transformation deals demand and falling margins proved disappointing .']","['neutral', 'positive', 'negative']","['synthetic', 'synthetic', 'synthetic']","[0.0, 1.0, -1.0]"
2022-12-22,"['TCS maintained stable consulting and cloud migration operations with results in line .', 'TCS missed estimates with disappointing IT services contracts decline .', 'TCS confirmed alignment with consulting and cloud migration priorities announced earlier .']","['neutral', 'negative', 'neutral']","['synthetic', 'synthetic', 'synthetic']","[0.0, -1.0, 0.0]"
2022-12-23,"['TCS losses and deficit from enterprise solutions challenges disappointed investors .', 'TCS profit drop amid IT services contracts weakness raised default concern .', 'TCS confirmed alignment with consulting and cloud migration priorities announced earlier .']","['negative', 'neutral', 'neutral']","['synthetic', 'synthetic', 'synthetic']","[-1.0, -1.0, 0.0]"
2022-12-26,"['TCS recovery in enterprise solutions drove higher profit and record revenue increase .', 'TCS scheduled IT services contracts business review with typical agenda .', 'TCS slower IT services contracts demand and falling margins proved disappointing .']","['positive', 'negative', 'negative']","['synthetic', 'synthetic', 'synthetic']","[1.0, 0.0, -1.0]"
2022-12-27,"['TCS industry observers noted mixed signals for consulting and cloud migration .', 'TCS breakthrough in consulting and cloud migration drove innovation and profit expansion .', 'TCS recovery in digital transformation deals drove higher profit and record revenue increase .']","['neutral', 'positive', 'positive']","['synthetic', 'synthetic', 'synthetic']","[0.0, 1.0, 1.0]"
2022-12-28,"['TCS reported loss as enterprise solutions revenue fell amid weak demand .', 'TCS downgrade followed weak digital transformation deals and lower outlook .', 'TCS released standard consulting and cloud migration financial disclosures and filings .']","['negative', 'positive', 'neutral']","['synthetic', 'synthetic', 'synthetic']","[-1.0, -1.0, 0.0]"
2022-12-29,"['TCS traded in a narrow range as digital transformation deals news was expected .', 'TCS scheduled consulting and cloud migration business review with typical agenda .', 'TCS return on IT services contracts investment exceeded expectations with surplus .']","['neutral', 'neutral', 'positive']","['synthetic', 'synthetic', 'synthetic']","[0.0, 0.0, 1.0]"
2022-12-30,"['TCS cut its forecast citing risk of consulting and cloud migration contraction .', 'TCS confirmed alignment with digital transformation deals priorities announced earlier .', 'TCS enterprise solutions valuations remained within historical ranges .']","['negative', 'neutral', 'neutral']","['synthetic', 'synthetic', 'synthetic']","[-1.0, 0.0, 0.0]"
2023-01-02,"['TCS reported digital transformation deals performance consistent with consensus .', 'TCS announced routine updates on IT services contracts business plans .', 'TCS recovery in consulting and cloud migration drove higher profit and record revenue increase .']","['neutral', 'neutral', 'neutral']","['synthetic', 'synthetic', 'synthetic']","[0.0, 0.0, 1.0]"
2023-01-03,"['TCS digital transformation deals outlook remains mixed with balanced factors .', 'TCS provided update on digital transformation deals operations and near-term plans .', 'TCS exceeded revenue targets as rising IT services contracts demand boosted growth .']","['neutral', 'neutral', 'positive']","['synthetic', 'synthetic', 'synthetic']","[0.0, 0.0, 1.0]"
2023-01-04,"['TCS breakthrough in digital transformation deals drove innovation and profit expansion .', 'TCS exceeded revenue targets as rising enterprise solutions demand boosted growth .', 'TCS surged on positive outlook for IT services contracts with higher revenue .']","['positive', 'positive', 'positive']","['synthetic', 'synthetic', 'synthetic']","[1.0, 1.0, 1.0]"
2023-01-05,"['TCS shares dropped on weak enterprise solutions demand and lower guidance .', 'TCS announced layoffs amid digital transformation deals slowdown and restructuring .', 'TCS impairment and writedown from consulting and cloud migration reduced overall profit .']","['neutral', 'negative', 'negative']","['synthetic', 'synthetic', 'synthetic']","[-1.0, -1.0, -1.0]"
2023-01-06,"['TCS reported losses driven by weak enterprise solutions with lower margins .', 'TCS industry observers noted mixed signals for digital transformation deals .', 'TCS exceeded revenue targets as rising consulting and cloud migration demand boosted growth .']","['neutral', 'neutral', 'positive']","['synthetic', 'synthetic', 'synthetic']","[-1.0, 0.0, 1.0]"
2023-01-09,"['TCS cut its forecast citing risk of digital transformation deals contraction .', 'TCS losses and deficit from IT services contracts challenges disappointed investors .', 'TCS traded in a narrow range as digital transformation deals news was expected .']","['negative', 'negative', 'negative']","['synthetic', 'synthetic', 'synthetic']","[-1.0, -1.0, 0.0]"
2023-01-10,"['TCS breakthrough in IT services contracts drove innovation and profit expansion .', 'TCS hiring surge reflects robust digital transformation deals demand and growth momentum .', 'TCS return on consulting and cloud migration investment exceeded expectations with surplus .']","['positive', 'positive', 'positive']","['synthetic', 'synthetic', 'synthetic']","[1.0, 1.0, 1.0]"
2023-01-11,"['TCS reduced IT services contracts investment amid concern about further losses .', 'TCS governance review of enterprise solutions operations found no issues .', 'TCS raised its growth forecast citing strong digital transformation deals demand .']","['negative', 'neutral', 'negative']","['synthetic', 'synthetic', 'synthetic']","[-1.0, 0.0, 1.0]"
2023-01-12,"['TCS digital transformation deals outlook remains mixed with balanced factors .', 'TCS acquisition strengthens IT services contracts and boosts revenue upside .', 'TCS quarterly review highlighted steady digital transformation deals performance .']","['positive', 'neutral', 'neutral']","['synthetic', 'synthetic', 'synthetic']","[0.0, 1.0, 0.0]"
2023-01-13,"['TCS faced pressure from digital transformation deals decline and reduced margins .', 'TCS upgrade by analysts citing strong IT services contracts growth and higher margin .', 'TCS win major deals boosting momentum in digital transformation deals revenue expansion .']","['negative', 'positive', 'positive']","['synthetic', 'synthetic', 'synthetic']","[-1.0, 1.0, 1.0]"
2023-01-16,"['TCS consulting and cloud migration outlook remains mixed with balanced factors .', 'TCS benefited from rising demand for enterprise solutions with improved profit margin .', 'TCS reduced consulting and cloud migration investment amid concern about further losses .']","['positive', 'positive', 'positive']","['synthetic', 'synthetic', 'synthetic']","[0.0, 1.0, -1.0]"
2023-01-17,"['TCS losses and deficit from consulting and cloud migration challenges disappointed investors .', 'TCS traded in a narrow range as consulting and cloud migration news was expected .', 'TCS win major deals boosting momentum in consulting and cloud migration revenue expansion .']","['neutral', 'neutral', 'positive']","['synthetic', 'synthetic', 'synthetic']","[-1.0, 0.0, 1.0]"
2023-01-18,"['TCS enterprise solutions valuations remained within historical ranges .', 'TCS released standard digital transformation deals financial disclosures and filings .', 'TCS participated in conference with enterprise solutions presentations .']","['neutral', 'neutral', 'neutral']","['synthetic', 'synthetic', 'synthetic']","[0.0, 0.0, 0.0]"
2023-01-19,"['TCS faces lawsuit risk and penalty concern impacting enterprise solutions .', 'TCS operational activity in IT services contracts continued normal trajectory .', 'TCS downgrade followed weak enterprise solutions and lower outlook .']","['negative', 'neutral', 'positive']","['synthetic', 'synthetic', 'synthetic']","[-1.0, 0.0, -1.0]"
2023-01-20,"['TCS profit drop amid enterprise solutions weakness raised default concern .', 'TCS consulting and cloud migration outlook remains mixed with balanced factors .', 'TCS breakthrough in digital transformation deals drove innovation and profit expansion .']","['negative', 'neutral', 'neutral']","['synthetic', 'synthetic', 'synthetic']","[-1.0, 0.0, 1.0]"
2023-01-23,"['TCS exceeded revenue targets as rising enterprise solutions demand boosted growth .', 'TCS missed estimates with disappointing digital transformation deals decline .', 'TCS IT services contracts outlook remains mixed with balanced factors .']","['neutral', 'negative', 'neutral']","['synthetic', 'synthetic', 'synthetic']","[1.0, -1.0, 0.0]"
2023-01-24,"['TCS return on digital transformation deals investment exceeded expectations with surplus .', 'TCS shares soared after record IT services contracts revenue and strong profit gain .', 'TCS benefited from rising demand for digital transformation deals with improved profit margin .']","['positive', 'positive', 'positive']","['synthetic', 'synthetic', 'synthetic']","[1.0, 1.0, 1.0]"
2023-01-25,"['TCS traded in a narrow range as digital transformation deals news was expected .', 'TCS win major deals boosting momentum in consulting and cloud migration revenue expansion .', 'TCS participated in conference with digital transformation deals presentations .']","['neutral', 'positive', 'neutral']","['synthetic', 'synthetic', 'synthetic']","[0.0, 1.0, 0.0]"
2023-01-27,"['TCS confirmed alignment with IT services contracts priorities announced earlier .', 'TCS digital transformation deals business continued gradual development this quarter .', 'TCS consulting and cloud migration business continued gradual development this quarter .', 'TCS operational activity in enterprise solutions continued normal trajectory .', 'TCS profit drop amid IT services contracts weakness raised default concern .', 'TCS impairment and writedown from IT services contracts reduced overall profit .']","['neutral', 'neutral', 'neutral', 'neutral', 'negative', 'negative']","['synthetic_fill', 'synthetic_fill', 'synthetic_fill', 'synthetic', 'synthetic', 'synthetic']","[0.0, 0.0, 0.0, 0.0, -1.0, -1.0]"
2023-01-30,"['TCS exceeded revenue targets as rising digital transformation deals demand boosted growth .', 'TCS consulting and cloud migration business continued gradual development this quarter .', 'TCS beat estimates with improved margin and rising enterprise solutions momentum .']","['neutral', 'neutral', 'positive']","['synthetic', 'synthetic', 'synthetic']","[1.0, 0.0, 1.0]"
2023-01-31,"['TCS outperform the sector with strong digital transformation deals demand and efficient operations .', 'TCS benefited from rising demand for enterprise solutions with improved profit margin .', 'TCS cut its forecast citing risk of IT services contracts contraction .']","['positive', 'positive', 'negative']","['synthetic', 'synthetic', 'synthetic']","[1.0, 1.0, -1.0]"
2023-02-01,"['TCS maintained stable consulting and cloud migration operations with results in line .', 'TCS reported loss as IT services contracts revenue fell amid weak demand .', 'TCS debt and digital transformation deals decline created financial pressure .']","['negative', 'negative', 'negative']","['synthetic', 'synthetic', 'synthetic']","[0.0, -1.0, -1.0]"
2023-02-02,"['TCS dividend increase reflects confident profit growth for consulting and cloud migration .', 'TCS upgrade by analysts citing strong enterprise solutions growth and higher margin .', 'TCS participated in conference with enterprise solutions presentations .']","['positive', 'positive', 'neutral']","['synthetic', 'synthetic', 'synthetic']","[1.0, 1.0, 0.0]"
2023-02-03,"['TCS recovery in consulting and cloud migration drove higher profit and record revenue increase .', 'TCS impairment and writedown from consulting and cloud migration reduced overall profit .', 'TCS win major deals boosting momentum in digital transformation deals revenue expansion .']","['positive', 'positive', 'positive']","['synthetic', 'synthetic', 'synthetic']","[1.0, -1.0, 1.0]"
2023-02-06,"['TCS announced partnership to boost consulting and cloud migration growth and revenue gain .', 'TCS downgrade followed weak consulting and cloud migration and lower outlook .', 'TCS announced partnership to boost consulting and cloud migration growth and revenue gain .']","['positive', 'negative', 'positive']","['synthetic', 'synthetic', 'synthetic']","[1.0, -1.0, 1.0]"
2023-02-07,"['TCS warning about consulting and cloud migration decline raised concern among investors .', 'TCS reported IT services contracts performance consistent with consensus .', 'TCS slower enterprise solutions demand and falling margins proved disappointing .']","['negative', 'neutral', 'negative']","['synthetic', 'synthetic', 'synthetic']","[-1.0, 0.0, -1.0]"
2023-02-08,"['TCS hiring surge reflects robust consulting and cloud migration demand and growth momentum .', 'TCS dividend increase reflects confident profit growth for consulting and cloud migration .', 'TCS confirmed alignment with consulting and cloud migration priorities announced earlier .']","['negative', 'positive', 'neutral']","['synthetic', 'synthetic', 'synthetic']","[1.0, 1.0, 0.0]"
2023-02-09,"['TCS slower IT services contracts demand and falling margins proved disappointing .', 'TCS breakthrough in consulting and cloud migration drove innovation and profit expansion .', 'TCS achieved robust expansion with strong gain in IT services contracts .']","['positive', 'positive', 'positive']","['synthetic', 'synthetic', 'synthetic']","[-1.0, 1.0, 1.0]"
2023-02-10,"['TCS reduced consulting and cloud migration investment amid concern about further losses .', 'TCS market activity reflected standard enterprise solutions volumes .', 'TCS missed estimates with disappointing digital transformation deals decline .']","['negative', 'positive', 'negative']","['synthetic', 'synthetic', 'synthetic']","[-1.0, 0.0, -1.0]"
2023-02-13,"['TCS disappointing consulting and cloud migration results led to sell-off and negative sentiment .', 'TCS recovery in consulting and cloud migration drove higher profit and record revenue increase .', 'TCS losses and deficit from IT services contracts challenges disappointed investors .']","['neutral', 'neutral', 'negative']","['synthetic', 'synthetic', 'synthetic']","[-1.0, 1.0, -1.0]"
2023-02-14,"['TCS missed IT services contracts targets as demand decrease and slowdown continued .', 'TCS quarterly review highlighted steady consulting and cloud migration performance .', 'TCS slower IT services contracts demand and falling margins proved disappointing .']","['negative', 'negative', 'negative']","['synthetic', 'synthetic', 'synthetic']","[-1.0, 0.0, -1.0]"
2023-02-15,"['TCS shares dropped on weak digital transformation deals demand and lower guidance .', 'TCS industry observers noted mixed signals for digital transformation deals .', 'TCS sector conditions showed typical patterns for IT services contracts .']","['positive', 'negative', 'negative']","['synthetic', 'synthetic', 'synthetic']","[-1.0, 0.0, 0.0]"
2023-02-16,"['TCS outperform the sector with strong consulting and cloud migration demand and efficient operations .', 'TCS upgrade by analysts citing strong enterprise solutions growth and higher margin .', 'TCS slower IT services contracts demand and falling margins proved disappointing .']","['positive', 'positive', 'negative']","['synthetic', 'synthetic', 'synthetic']","[1.0, 1.0, -1.0]"
2023-02-17,"['TCS reduced consulting and cloud migration investment amid concern about further losses .', 'TCS traded in a narrow range as digital transformation deals news was expected .', 'TCS recovery in consulting and cloud migration drove higher profit and record revenue increase .']","['neutral', 'negative', 'positive']","['synthetic', 'synthetic', 'synthetic']","[-1.0, 0.0, 1.0]"
2023-02-20,"['TCS impairment and writedown from consulting and cloud migration reduced overall profit .', 'TCS profit drop amid consulting and cloud migration weakness raised default concern .', 'TCS debt and enterprise solutions decline created financial pressure .']","['negative', 'negative', 'negative']","['synthetic', 'synthetic', 'synthetic']","[-1.0, -1.0, -1.0]"
2023-02-21,"['TCS governance review of enterprise solutions operations found no issues .', 'TCS provided update on IT services contracts operations and near-term plans .', 'TCS announced partnership to boost consulting and cloud migration growth and revenue gain .']","['neutral', 'neutral', 'positive']","['synthetic', 'synthetic', 'synthetic']","[0.0, 0.0, 1.0]"
2023-02-22,"['TCS impairment and writedown from consulting and cloud migration reduced overall profit .', 'TCS dividend increase reflects confident profit growth for digital transformation deals .', 'TCS announced partnership to boost enterprise solutions growth and revenue gain .']","['negative', 'positive', 'positive']","['synthetic', 'synthetic', 'synthetic']","[-1.0, 1.0, 1.0]"
2023-02-23,"['TCS announced routine updates on digital transformation deals business plans .', 'TCS achieved robust expansion with strong gain in IT services contracts .', 'TCS announced routine updates on digital transformation deals business plans .']","['negative', 'negative', 'neutral']","['synthetic', 'synthetic', 'synthetic']","[0.0, 1.0, 0.0]"
2023-02-24,"['TCS win major deals boosting momentum in enterprise solutions revenue expansion .', 'TCS sector conditions showed typical patterns for digital transformation deals .', 'TCS market activity reflected standard IT services contracts volumes .']","['positive', 'neutral', 'neutral']","['synthetic', 'synthetic', 'synthetic']","[1.0, 0.0, 0.0]"
2023-02-27,"['TCS announced routine updates on IT services contracts business plans .', 'TCS released standard enterprise solutions financial disclosures and filings .', 'TCS reported losses driven by weak enterprise solutions with lower margins .']","['neutral', 'neutral', 'negative']","['synthetic', 'synthetic', 'synthetic']","[0.0, 0.0, -1.0]"
2023-02-28,"['TCS scheduled enterprise solutions business review with typical agenda .', 'TCS missed enterprise solutions targets as demand decrease and slowdown continued .', 'TCS impairment and writedown from digital transformation deals reduced overall profit .']","['positive', 'negative', 'negative']","['synthetic', 'synthetic', 'synthetic']","[0.0, -1.0, -1.0]"
2023-03-01,"['TCS profit drop amid consulting and cloud migration weakness raised default concern .', 'TCS missed enterprise solutions targets as demand decrease and slowdown continued .', 'TCS recall and fine risk created uncertainty for IT services contracts .']","['negative', 'neutral', 'negative']","['synthetic', 'synthetic', 'synthetic']","[-1.0, -1.0, -1.0]"
2023-03-02,"['TCS posted record revenue as consulting and cloud migration surged beyond expectations .', 'TCS quarterly review highlighted steady consulting and cloud migration performance .', 'TCS breakthrough in IT services contracts drove innovation and profit expansion .']","['positive', 'negative', 'positive']","['synthetic', 'synthetic', 'synthetic']","[1.0, 0.0, 1.0]"
2023-03-03,"['TCS fell amid uncertainty over digital transformation deals and downside risk .', 'TCS reported IT services contracts performance consistent with consensus .', 'TCS disappointing IT services contracts results led to sell-off and negative sentiment .']","['negative', 'neutral', 'negative']","['synthetic', 'synthetic', 'synthetic']","[-1.0, 0.0, -1.0]"
2023-03-06,"['TCS upgrade by analysts citing strong consulting and cloud migration growth and higher margin .', 'TCS faced pressure from enterprise solutions decline and reduced margins .', 'TCS breakthrough in digital transformation deals drove innovation and profit expansion .']","['positive', 'positive', 'positive']","['synthetic', 'synthetic', 'synthetic']","[1.0, -1.0, 1.0]"
2023-03-08,"['TCS faced pressure from IT services contracts decline and reduced margins .', 'TCS quarterly review highlighted steady digital transformation deals performance .', 'TCS announced routine updates on consulting and cloud migration business plans .', 'TCS posted record revenue as IT services contracts surged beyond expectations .', 'TCS participated in conference with IT services contracts presentations .', 'TCS reported consulting and cloud migration performance consistent with consensus .']","['neutral', 'neutral', 'neutral', 'positive', 'neutral', 'neutral']","['synthetic_fill', 'synthetic_fill', 'synthetic_fill', 'synthetic', 'synthetic', 'synthetic']","[-1.0, 0.0, 0.0, 1.0, 0.0, 0.0]"
2023-03-09,"['TCS achieved robust expansion with strong gain in enterprise solutions .', 'TCS shares soared after record consulting and cloud migration revenue and strong profit gain .', 'TCS operational activity in digital transformation deals continued normal trajectory .']","['positive', 'positive', 'neutral']","['synthetic', 'synthetic', 'synthetic']","[1.0, 1.0, 0.0]"
2023-03-10,"['TCS debt and enterprise solutions decline created financial pressure .', 'TCS quarterly review highlighted steady digital transformation deals performance .', 'TCS announced routine updates on digital transformation deals business plans .']","['negative', 'neutral', 'negative']","['synthetic', 'synthetic', 'synthetic']","[-1.0, 0.0, 0.0]"
2023-03-13,"['TCS upgrade by analysts citing strong enterprise solutions growth and higher margin .', 'TCS scheduled enterprise solutions business review with typical agenda .', 'TCS scheduled digital transformation deals business review with typical agenda .']","['positive', 'neutral', 'neutral']","['synthetic', 'synthetic', 'synthetic']","[1.0, 0.0, 0.0]"
2023-03-14,"['TCS exceeded revenue targets as rising enterprise solutions demand boosted growth .', 'TCS losses and deficit from enterprise solutions challenges disappointed investors .', 'TCS disappointing enterprise solutions results led to sell-off and negative sentiment .']","['positive', 'negative', 'negative']","['synthetic', 'synthetic', 'synthetic']","[1.0, -1.0, -1.0]"
2023-03-15,"['TCS outperform the sector with strong consulting and cloud migration demand and efficient operations .', 'TCS downgrade followed weak consulting and cloud migration and lower outlook .', 'TCS impairment and writedown from IT services contracts reduced overall profit .']","['negative', 'negative', 'negative']","['synthetic', 'synthetic', 'synthetic']","[1.0, -1.0, -1.0]"
2023-03-16,"['TCS benefited from rising demand for consulting and cloud migration with improved profit margin .', 'TCS confirmed alignment with enterprise solutions priorities announced earlier .', 'TCS industry observers noted mixed signals for IT services contracts .']","['positive', 'neutral', 'neutral']","['synthetic', 'synthetic', 'synthetic']","[1.0, 0.0, 0.0]"
2023-03-17,"['TCS upgrade by analysts citing strong IT services contracts growth and higher margin .', 'TCS traded in a narrow range as digital transformation deals news was expected .', 'TCS fell amid uncertainty over enterprise solutions and downside risk .']","['positive', 'neutral', 'negative']","['synthetic', 'synthetic', 'synthetic']","[1.0, 0.0, -1.0]"
2023-03-20,"['TCS dividend increase reflects confident profit growth for consulting and cloud migration .', 'TCS market activity reflected standard enterprise solutions volumes .', 'TCS dividend increase reflects confident profit growth for digital transformation deals .']","['positive', 'neutral', 'positive']","['synthetic', 'synthetic', 'synthetic']","[1.0, 0.0, 1.0]"
2023-03-21,"['TCS announced routine updates on consulting and cloud migration business plans .', 'TCS participated in conference with IT services contracts presentations .', 'TCS fell amid uncertainty over consulting and cloud migration and downside risk .']","['neutral', 'neutral', 'negative']","['synthetic', 'synthetic', 'synthetic']","[0.0, 0.0, -1.0]"
2023-03-22,"['TCS impairment and writedown from IT services contracts reduced overall profit .', 'TCS announced layoffs amid digital transformation deals slowdown and restructuring .', 'TCS losses and deficit from digital transformation deals challenges disappointed investors .']","['negative', 'negative', 'negative']","['synthetic', 'synthetic', 'synthetic']","[-1.0, -1.0, -1.0]"
2023-03-23,"['TCS confirmed alignment with IT services contracts priorities announced earlier .', 'TCS benefited from rising demand for consulting and cloud migration with improved profit margin .', 'TCS delivered record profit reflecting innovation in consulting and cloud migration .']","['neutral', 'positive', 'positive']","['synthetic', 'synthetic', 'synthetic']","[0.0, 1.0, 1.0]"
2023-03-24,"['TCS confirmed alignment with enterprise solutions priorities announced earlier .', 'TCS governance review of enterprise solutions operations found no issues .', 'TCS achieved robust expansion with strong gain in IT services contracts .']","['neutral', 'neutral', 'positive']","['synthetic', 'synthetic', 'synthetic']","[0.0, 0.0, 1.0]"
2023-03-27,"['TCS confirmed alignment with consulting and cloud migration priorities announced earlier .', 'TCS disappointing consulting and cloud migration results led to sell-off and negative sentiment .', 'TCS consulting and cloud migration valuations remained within historical ranges .']","['neutral', 'neutral', 'neutral']","['synthetic', 'synthetic', 'synthetic']","[0.0, -1.0, 0.0]"
2023-03-28,"['TCS reported losses driven by weak enterprise solutions with lower margins .', 'TCS surged on positive outlook for IT services contracts with higher revenue .', 'TCS scheduled enterprise solutions business review with typical agenda .']","['negative', 'neutral', 'neutral']","['synthetic', 'synthetic', 'synthetic']","[-1.0, 1.0, 0.0]"
2023-03-29,"['TCS delivered record profit reflecting innovation in IT services contracts .', 'TCS operational activity in consulting and cloud migration continued normal trajectory .', 'TCS reported digital transformation deals performance consistent with consensus .']","['positive', 'neutral', 'neutral']","['synthetic', 'synthetic', 'synthetic']","[1.0, 0.0, 0.0]"
2023-03-31,"['TCS released standard digital transformation deals financial disclosures and filings .', 'TCS shares dropped on weak digital transformation deals demand and lower guidance .', 'TCS provided update on consulting and cloud migration operations and near-term plans .', 'TCS operational activity in IT services contracts continued normal trajectory .', 'TCS breakthrough in IT services contracts drove innovation and profit expansion .', 'TCS maintained stable enterprise solutions operations with results in line .']","['neutral', 'neutral', 'neutral', 'neutral', 'neutral', 'neutral']","['synthetic_fill', 'synthetic_fill', 'synthetic_fill', 'synthetic', 'synthetic', 'synthetic']","[0.0, -1.0, 0.0, 0.0, 1.0, 0.0]"
2023-04-03,"['TCS win major deals boosting momentum in IT services contracts revenue expansion .', 'TCS fell amid uncertainty over enterprise solutions and downside risk .', 'TCS return on digital transformation deals investment exceeded expectations with surplus .']","['positive', 'negative', 'positive']","['synthetic', 'synthetic', 'synthetic']","[1.0, -1.0, 1.0]"
2023-04-05,"['TCS industry observers noted mixed signals for digital transformation deals .', 'TCS confirmed alignment with IT services contracts priorities announced earlier .', 'TCS announced routine updates on IT services contracts business plans .', 'TCS reported IT services contracts performance consistent with consensus .', 'TCS win major deals boosting momentum in consulting and cloud migration revenue expansion .', 'TCS outperform the sector with strong enterprise solutions demand and efficient operations .']","['neutral', 'neutral', 'neutral', 'neutral', 'positive', 'negative']","['synthetic_fill', 'synthetic_fill', 'synthetic_fill', 'synthetic', 'synthetic', 'synthetic']","[0.0, 0.0, 0.0, 0.0, 1.0, 1.0]"
2023-04-06,"['TCS exceeded revenue targets as rising IT services contracts demand boosted growth .', 'TCS posted record revenue as IT services contracts surged beyond expectations .', 'TCS quarterly review highlighted steady IT services contracts performance .']","['neutral', 'positive', 'neutral']","['synthetic', 'synthetic', 'synthetic']","[1.0, 1.0, 0.0]"
2023-04-10,"['TCS sector conditions showed typical patterns for enterprise solutions .', 'TCS released standard consulting and cloud migration financial disclosures and filings .', 'TCS debt and enterprise solutions decline created financial pressure .', 'TCS consulting and cloud migration outlook remains mixed with balanced factors .', 'TCS consulting and cloud migration business continued gradual development this quarter .', 'TCS posted record revenue as enterprise solutions surged beyond expectations .']","['neutral', 'neutral', 'neutral', 'neutral', 'neutral', 'negative']","['synthetic_fill', 'synthetic_fill', 'synthetic_fill', 'synthetic', 'synthetic', 'synthetic']","[0.0, 0.0, -1.0, 0.0, 0.0, 1.0]"
2023-04-11,"['TCS cut its forecast citing risk of enterprise solutions contraction .', 'TCS delivered record profit reflecting innovation in IT services contracts .', 'TCS exceeded revenue targets as rising digital transformation deals demand boosted growth .']","['positive', 'positive', 'neutral']","['synthetic', 'synthetic', 'synthetic']","[-1.0, 1.0, 1.0]"
2023-04-12,"['TCS scheduled IT services contracts business review with typical agenda .', 'TCS losses and deficit from IT services contracts challenges disappointed investors .', 'TCS missed consulting and cloud migration targets as demand decrease and slowdown continued .']","['negative', 'neutral', 'negative']","['synthetic', 'synthetic', 'synthetic']","[0.0, -1.0, -1.0]"
2023-04-13,"['TCS acquisition strengthens consulting and cloud migration and boosts revenue upside .', 'TCS downgrade followed weak enterprise solutions and lower outlook .', 'TCS hiring surge reflects robust digital transformation deals demand and growth momentum .']","['positive', 'positive', 'positive']","['synthetic', 'synthetic', 'synthetic']","[1.0, -1.0, 1.0]"
2023-04-17,"['TCS industry observers noted mixed signals for consulting and cloud migration .', 'TCS industry observers noted mixed signals for IT services contracts .', 'TCS debt and IT services contracts decline created financial pressure .', 'TCS announced layoffs amid enterprise solutions slowdown and restructuring .', 'TCS profit drop amid consulting and cloud migration weakness raised default concern .', 'TCS missed estimates with disappointing IT services contracts decline .']","['neutral', 'neutral', 'neutral', 'negative', 'negative', 'negative']","['synthetic_fill', 'synthetic_fill', 'synthetic_fill', 'synthetic', 'synthetic', 'synthetic']","[0.0, 0.0, -1.0, -1.0, -1.0, -1.0]"
2023-04-18,"['TCS warning about consulting and cloud migration decline raised concern among investors .', 'TCS missed estimates with disappointing digital transformation deals decline .', 'TCS faces lawsuit risk and penalty concern impacting digital transformation deals .']","['negative', 'negative', 'negative']","['synthetic', 'synthetic', 'synthetic']","[-1.0, -1.0, -1.0]"
2023-04-19,"['TCS digital transformation deals valuations remained within historical ranges .', 'TCS profit drop amid consulting and cloud migration weakness raised default concern .', 'TCS announced partnership to boost IT services contracts growth and revenue gain .']","['neutral', 'neutral', 'neutral']","['synthetic', 'synthetic', 'synthetic']","[0.0, -1.0, 1.0]"
2023-04-20,"['TCS reported losses driven by weak enterprise solutions with lower margins .', 'TCS outperform the sector with strong digital transformation deals demand and efficient operations .', 'TCS consulting and cloud migration valuations remained within historical ranges .']","['negative', 'positive', 'negative']","['synthetic', 'synthetic', 'synthetic']","[-1.0, 1.0, 0.0]"
2023-04-21,"['TCS sector conditions showed typical patterns for consulting and cloud migration .', 'TCS warning about consulting and cloud migration decline raised concern among investors .', 'TCS surged on positive outlook for IT services contracts with higher revenue .']","['neutral', 'negative', 'positive']","['synthetic', 'synthetic', 'synthetic']","[0.0, -1.0, 1.0]"
2023-04-24,"['TCS breakthrough in digital transformation deals drove innovation and profit expansion .', 'TCS shares soared after record enterprise solutions revenue and strong profit gain .', 'TCS announced partnership to boost consulting and cloud migration growth and revenue gain .']","['positive', 'positive', 'positive']","['synthetic', 'synthetic', 'synthetic']","[1.0, 1.0, 1.0]"
2023-04-25,"['TCS announced layoffs amid digital transformation deals slowdown and restructuring .', 'TCS released standard consulting and cloud migration financial disclosures and filings .', 'TCS operational activity in enterprise solutions continued normal trajectory .']","['negative', 'neutral', 'neutral']","['synthetic', 'synthetic', 'synthetic']","[-1.0, 0.0, 0.0]"
2023-04-26,"['TCS reported enterprise solutions performance consistent with consensus .', 'TCS operational activity in enterprise solutions continued normal trajectory .', 'TCS traded in a narrow range as IT services contracts news was expected .']","['neutral', 'neutral', 'neutral']","['synthetic', 'synthetic', 'synthetic']","[0.0, 0.0, 0.0]"
2023-04-27,"['TCS released standard digital transformation deals financial disclosures and filings .', 'TCS dividend increase reflects confident profit growth for digital transformation deals .', 'TCS market activity reflected standard consulting and cloud migration volumes .']","['positive', 'positive', 'neutral']","['synthetic', 'synthetic', 'synthetic']","[0.0, 1.0, 0.0]"
2023-04-28,"['TCS management discussed IT services contracts strategy at the briefing .', 'TCS management discussed IT services contracts strategy at the briefing .', 'TCS enterprise solutions metrics tracked within expected parameters .']","['neutral', 'neutral', 'neutral']","['synthetic', 'synthetic', 'synthetic']","[0.0, 0.0, 0.0]"
2023-05-02,"['TCS management discussed enterprise solutions strategy at the briefing .', 'TCS reported loss as consulting and cloud migration revenue fell amid weak demand .', 'TCS participated in conference with digital transformation deals presentations .', 'TCS faces lawsuit risk and penalty concern impacting digital transformation deals .', 'TCS digital transformation deals metrics tracked within expected parameters .', 'TCS traded in a narrow range as enterprise solutions news was expected .']","['neutral', 'neutral', 'neutral', 'negative', 'neutral', 'neutral']","['synthetic_fill', 'synthetic_fill', 'synthetic_fill', 'synthetic', 'synthetic', 'synthetic']","[0.0, -1.0, 0.0, -1.0, 0.0, 0.0]"
2023-05-03,"['TCS market activity reflected standard digital transformation deals volumes .', 'TCS scheduled digital transformation deals business review with typical agenda .', 'TCS benefited from rising demand for digital transformation deals with improved profit margin .']","['neutral', 'neutral', 'positive']","['synthetic', 'synthetic', 'synthetic']","[0.0, 0.0, 1.0]"
2023-05-04,"['TCS return on digital transformation deals investment exceeded expectations with surplus .', 'TCS digital transformation deals outlook remains mixed with balanced factors .', 'TCS cut its forecast citing risk of IT services contracts contraction .']","['positive', 'neutral', 'negative']","['synthetic', 'synthetic', 'synthetic']","[1.0, 0.0, -1.0]"
2023-05-05,"['TCS beat estimates with improved margin and rising enterprise solutions momentum .', 'TCS benefited from rising demand for IT services contracts with improved profit margin .', 'TCS operational activity in enterprise solutions continued normal trajectory .']","['neutral', 'positive', 'neutral']","['synthetic', 'synthetic', 'synthetic']","[1.0, 1.0, 0.0]"
2023-05-08,"['TCS sector conditions showed typical patterns for IT services contracts .', 'TCS traded in a narrow range as IT services contracts news was expected .', 'TCS maintained stable IT services contracts operations with results in line .']","['neutral', 'neutral', 'neutral']","['synthetic', 'synthetic', 'synthetic']","[0.0, 0.0, 0.0]"
2023-05-09,"['TCS recall and fine risk created uncertainty for IT services contracts .', 'TCS win major deals boosting momentum in digital transformation deals revenue expansion .', 'TCS shares soared after record IT services contracts revenue and strong profit gain .']","['negative', 'positive', 'positive']","['synthetic', 'synthetic', 'synthetic']","[-1.0, 1.0, 1.0]"
2023-05-10,"['TCS faces lawsuit risk and penalty concern impacting digital transformation deals .', 'TCS IT services contracts valuations remained within historical ranges .', 'TCS disappointing consulting and cloud migration results led to sell-off and negative sentiment .']","['negative', 'neutral', 'neutral']","['synthetic', 'synthetic', 'synthetic']","[-1.0, 0.0, -1.0]"
2023-05-11,"['TCS enterprise solutions outlook remains mixed with balanced factors .', 'TCS provided update on consulting and cloud migration operations and near-term plans .', 'TCS market activity reflected standard digital transformation deals volumes .']","['neutral', 'neutral', 'neutral']","['synthetic', 'synthetic', 'synthetic']","[0.0, 0.0, 0.0]"
2023-05-12,"['TCS return on enterprise solutions investment exceeded expectations with surplus .', 'TCS digital transformation deals valuations remained within historical ranges .', 'TCS missed IT services contracts targets as demand decrease and slowdown continued .']","['neutral', 'neutral', 'negative']","['synthetic', 'synthetic', 'synthetic']","[1.0, 0.0, -1.0]"
2023-05-15,"['TCS raised its growth forecast citing strong consulting and cloud migration demand .', 'TCS provided update on digital transformation deals operations and near-term plans .', 'TCS announced partnership to boost consulting and cloud migration growth and revenue gain .']","['positive', 'neutral', 'positive']","['synthetic', 'synthetic', 'synthetic']","[1.0, 0.0, 1.0]"
2023-05-16,"['TCS confirmed alignment with digital transformation deals priorities announced earlier .', 'TCS warning about IT services contracts decline raised concern among investors .', 'TCS announced routine updates on digital transformation deals business plans .']","['positive', 'negative', 'neutral']","['synthetic', 'synthetic', 'synthetic']","[0.0, -1.0, 0.0]"
2023-05-17,"['TCS exceeded revenue targets as rising IT services contracts demand boosted growth .', 'TCS reported IT services contracts performance consistent with consensus .', 'TCS management discussed digital transformation deals strategy at the briefing .']","['positive', 'neutral', 'neutral']","['synthetic', 'synthetic', 'synthetic']","[1.0, 0.0, 0.0]"
2023-05-18,"['TCS reported IT services contracts performance consistent with consensus .', 'TCS downgrade followed weak consulting and cloud migration and lower outlook .', 'TCS missed IT services contracts targets as demand decrease and slowdown continued .']","['neutral', 'negative', 'negative']","['synthetic', 'synthetic', 'synthetic']","[0.0, -1.0, -1.0]"
2023-05-19,"['TCS released standard consulting and cloud migration financial disclosures and filings .', 'TCS fell amid uncertainty over enterprise solutions and downside risk .', 'TCS traded in a narrow range as digital transformation deals news was expected .']","['neutral', 'negative', 'neutral']","['synthetic', 'synthetic', 'synthetic']","[0.0, -1.0, 0.0]"
2023-05-22,"['TCS released standard digital transformation deals financial disclosures and filings .', 'TCS industry observers noted mixed signals for enterprise solutions .', 'TCS missed estimates with disappointing digital transformation deals decline .']","['neutral', 'neutral', 'negative']","['synthetic', 'synthetic', 'synthetic']","[0.0, 0.0, -1.0]"
2023-05-23,"['TCS shares soared after record consulting and cloud migration revenue and strong profit gain .', 'TCS upgrade by analysts citing strong enterprise solutions growth and higher margin .', 'TCS delivered record profit reflecting innovation in enterprise solutions .']","['positive', 'positive', 'positive']","['synthetic', 'synthetic', 'synthetic']","[1.0, 1.0, 1.0]"
2023-05-24,"['TCS market activity reflected standard IT services contracts volumes .', 'TCS maintained stable consulting and cloud migration operations with results in line .', 'TCS participated in conference with IT services contracts presentations .']","['neutral', 'neutral', 'neutral']","['synthetic', 'synthetic', 'synthetic']","[0.0, 0.0, 0.0]"
2023-05-25,"['TCS scheduled IT services contracts business review with typical agenda .', 'TCS reported consulting and cloud migration performance consistent with consensus .', 'TCS provided update on IT services contracts operations and near-term plans .']","['neutral', 'neutral', 'neutral']","['synthetic', 'synthetic', 'synthetic']","[0.0, 0.0, 0.0]"
2023-05-26,"['TCS shares soared after record enterprise solutions revenue and strong profit gain .', 'TCS breakthrough in digital transformation deals drove innovation and profit expansion .', 'TCS consulting and cloud migration metrics tracked within expected parameters .']","['positive', 'positive', 'neutral']","['synthetic', 'synthetic', 'synthetic']","[1.0, 1.0, 0.0]"
2023-05-29,"['TCS hiring surge reflects robust IT services contracts demand and growth momentum .', 'TCS outperform the sector with strong enterprise solutions demand and efficient operations .', 'TCS faced pressure from consulting and cloud migration decline and reduced margins .']","['positive', 'positive', 'negative']","['synthetic', 'synthetic', 'synthetic']","[1.0, 1.0, -1.0]"
2023-05-30,"['TCS scheduled enterprise solutions business review with typical agenda .', 'TCS benefited from rising demand for enterprise solutions with improved profit margin .', 'TCS faced pressure from consulting and cloud migration decline and reduced margins .']","['positive', 'positive', 'negative']","['synthetic', 'synthetic', 'synthetic']","[0.0, 1.0, -1.0]"
2023-05-31,"['TCS shares soared after record consulting and cloud migration revenue and strong profit gain .', 'TCS operational activity in IT services contracts continued normal trajectory .', 'TCS digital transformation deals outlook remains mixed with balanced factors .']","['neutral', 'neutral', 'neutral']","['synthetic', 'synthetic', 'synthetic']","[1.0, 0.0, 0.0]"
2023-06-01,"['TCS IT services contracts outlook remains mixed with balanced factors .', 'TCS missed enterprise solutions targets as demand decrease and slowdown continued .', 'TCS market activity reflected standard digital transformation deals volumes .']","['neutral', 'negative', 'neutral']","['synthetic', 'synthetic', 'synthetic']","[0.0, -1.0, 0.0]"
2023-06-02,"['TCS operational activity in consulting and cloud migration continued normal trajectory .', 'TCS operational activity in IT services contracts continued normal trajectory .', 'TCS breakthrough in digital transformation deals drove innovation and profit expansion .']","['neutral', 'neutral', 'positive']","['synthetic', 'synthetic', 'synthetic']","[0.0, 0.0, 1.0]"
2023-06-05,"['TCS downgrade followed weak consulting and cloud migration and lower outlook .', 'TCS reduced IT services contracts investment amid concern about further losses .', 'TCS scheduled digital transformation deals business review with typical agenda .']","['negative', 'negative', 'neutral']","['synthetic', 'synthetic', 'synthetic']","[-1.0, -1.0, 0.0]"
2023-06-06,"['TCS maintained stable consulting and cloud migration operations with results in line .', 'TCS participated in conference with digital transformation deals presentations .', 'TCS slower enterprise solutions demand and falling margins proved disappointing .']","['negative', 'neutral', 'negative']","['synthetic', 'synthetic', 'synthetic']","[0.0, 0.0, -1.0]"
2023-06-07,"['TCS recall and fine risk created uncertainty for IT services contracts .', 'TCS breakthrough in digital transformation deals drove innovation and profit expansion .', 'TCS announced layoffs amid enterprise solutions slowdown and restructuring .']","['negative', 'neutral', 'negative']","['synthetic', 'synthetic', 'synthetic']","[-1.0, 1.0, -1.0]"
2023-06-08,"['TCS dividend increase reflects confident profit growth for digital transformation deals .', 'TCS return on enterprise solutions investment exceeded expectations with surplus .', 'TCS disappointing IT services contracts results led to sell-off and negative sentiment .']","['positive', 'positive', 'neutral']","['synthetic', 'synthetic', 'synthetic']","[1.0, 1.0, -1.0]"
2023-06-09,"['TCS warning about consulting and cloud migration decline raised concern among investors .', 'TCS win major deals boosting momentum in enterprise solutions revenue expansion .', 'TCS outperform the sector with strong IT services contracts demand and efficient operations .']","['negative', 'positive', 'positive']","['synthetic', 'synthetic', 'synthetic']","[-1.0, 1.0, 1.0]"
2023-06-12,"['TCS reported losses driven by weak enterprise solutions with lower margins .', 'TCS maintained stable digital transformation deals operations with results in line .', 'TCS profit drop amid enterprise solutions weakness raised default concern .']","['negative', 'neutral', 'negative']","['synthetic', 'synthetic', 'synthetic']","[-1.0, 0.0, -1.0]"
2023-06-13,"['TCS quarterly review highlighted steady IT services contracts performance .', 'TCS announced routine updates on enterprise solutions business plans .', 'TCS warning about enterprise solutions decline raised concern among investors .']","['neutral', 'neutral', 'positive']","['synthetic', 'synthetic', 'synthetic']","[0.0, 0.0, -1.0]"
2023-06-14,"['TCS warning about consulting and cloud migration decline raised concern among investors .', 'TCS recovery in IT services contracts drove higher profit and record revenue increase .', 'TCS digital transformation deals outlook remains mixed with balanced factors .']","['negative', 'positive', 'neutral']","['synthetic', 'synthetic', 'synthetic']","[-1.0, 1.0, 0.0]"
2023-06-15,"['TCS warning about consulting and cloud migration decline raised concern among investors .', 'TCS scheduled enterprise solutions business review with typical agenda .', 'TCS provided update on IT services contracts operations and near-term plans .']","['negative', 'neutral', 'neutral']","['synthetic', 'synthetic', 'synthetic']","[-1.0, 0.0, 0.0]"
2023-06-16,"['TCS missed estimates with disappointing consulting and cloud migration decline .', 'TCS maintained stable digital transformation deals operations with results in line .', 'TCS dividend increase reflects confident profit growth for digital transformation deals .']","['negative', 'neutral', 'positive']","['synthetic', 'synthetic', 'synthetic']","[-1.0, 0.0, 1.0]"
2023-06-19,"['TCS missed enterprise solutions targets as demand decrease and slowdown continued .', 'TCS maintained stable consulting and cloud migration operations with results in line .', 'TCS governance review of IT services contracts operations found no issues .']","['negative', 'neutral', 'neutral']","['synthetic', 'synthetic', 'synthetic']","[-1.0, 0.0, 0.0]"
2023-06-20,"['TCS disappointing enterprise solutions results led to sell-off and negative sentiment .', 'TCS return on digital transformation deals investment exceeded expectations with surplus .', 'TCS maintained stable enterprise solutions operations with results in line .']","['negative', 'positive', 'negative']","['synthetic', 'synthetic', 'synthetic']","[-1.0, 1.0, 0.0]"
2023-06-21,"['TCS announced routine updates on consulting and cloud migration business plans .', 'TCS operational activity in enterprise solutions continued normal trajectory .', 'TCS announced routine updates on enterprise solutions business plans .']","['neutral', 'neutral', 'neutral']","['synthetic', 'synthetic', 'synthetic']","[0.0, 0.0, 0.0]"
2023-06-22,"['TCS acquisition strengthens IT services contracts and boosts revenue upside .', 'TCS return on consulting and cloud migration investment exceeded expectations with surplus .', 'TCS benefited from rising demand for enterprise solutions with improved profit margin .']","['positive', 'positive', 'positive']","['synthetic', 'synthetic', 'synthetic']","[1.0, 1.0, 1.0]"
2023-06-23,"['TCS digital transformation deals outlook remains mixed with balanced factors .', 'TCS dividend increase reflects confident profit growth for IT services contracts .', 'TCS reduced IT services contracts investment amid concern about further losses .']","['neutral', 'negative', 'negative']","['synthetic', 'synthetic', 'synthetic']","[0.0, 1.0, -1.0]"
2023-06-26,"['TCS faced pressure from digital transformation deals decline and reduced margins .', 'TCS cut its forecast citing risk of consulting and cloud migration contraction .', 'TCS fell amid uncertainty over enterprise solutions and downside risk .']","['negative', 'neutral', 'negative']","['synthetic', 'synthetic', 'synthetic']","[-1.0, -1.0, -1.0]"
2023-06-27,"['TCS shares soared after record IT services contracts revenue and strong profit gain .', 'TCS consulting and cloud migration valuations remained within historical ranges .', 'TCS reduced consulting and cloud migration investment amid concern about further losses .']","['positive', 'neutral', 'negative']","['synthetic', 'synthetic', 'synthetic']","[1.0, 0.0, -1.0]"
2023-06-28,"['TCS reduced IT services contracts investment amid concern about further losses .', 'TCS industry observers noted mixed signals for IT services contracts .', 'TCS governance review of IT services contracts operations found no issues .']","['negative', 'neutral', 'neutral']","['synthetic', 'synthetic', 'synthetic']","[-1.0, 0.0, 0.0]"
2023-06-30,"['TCS confirmed alignment with IT services contracts priorities announced earlier .', 'TCS announced routine updates on digital transformation deals business plans .', 'TCS market activity reflected standard enterprise solutions volumes .', 'TCS IT services contracts valuations remained within historical ranges .', 'TCS announced layoffs amid enterprise solutions slowdown and restructuring .', 'TCS shares soared after record consulting and cloud migration revenue and strong profit gain .']","['neutral', 'neutral', 'neutral', 'negative', 'neutral', 'positive']","['synthetic_fill', 'synthetic_fill', 'synthetic_fill', 'synthetic', 'synthetic', 'synthetic']","[0.0, 0.0, 0.0, 0.0, -1.0, 1.0]"
2023-07-03,"['TCS shares soared after record enterprise solutions revenue and strong profit gain .', 'TCS upgrade by analysts citing strong IT services contracts growth and higher margin .', 'TCS slower IT services contracts demand and falling margins proved disappointing .']","['positive', 'positive', 'negative']","['synthetic', 'synthetic', 'synthetic']","[1.0, 1.0, -1.0]"
2023-07-04,"['TCS participated in conference with digital transformation deals presentations .', 'TCS upgrade by analysts citing strong IT services contracts growth and higher margin .', 'TCS recall and fine risk created uncertainty for enterprise solutions .']","['neutral', 'neutral', 'negative']","['synthetic', 'synthetic', 'synthetic']","[0.0, 1.0, -1.0]"
2023-07-05,"['TCS outperform the sector with strong IT services contracts demand and efficient operations .', 'TCS dividend increase reflects confident profit growth for enterprise solutions .', 'TCS reduced enterprise solutions investment amid concern about further losses .']","['positive', 'neutral', 'negative']","['synthetic', 'synthetic', 'synthetic']","[1.0, 1.0, -1.0]"
2023-07-06,"['TCS participated in conference with IT services contracts presentations .', 'TCS shares soared after record enterprise solutions revenue and strong profit gain .', 'TCS reported loss as consulting and cloud migration revenue fell amid weak demand .']","['neutral', 'positive', 'negative']","['synthetic', 'synthetic', 'synthetic']","[0.0, 1.0, -1.0]"
2023-07-07,"['TCS outperform the sector with strong IT services contracts demand and efficient operations .', 'TCS confirmed alignment with enterprise solutions priorities announced earlier .', 'TCS scheduled digital transformation deals business review with typical agenda .']","['positive', 'neutral', 'neutral']","['synthetic', 'synthetic', 'synthetic']","[1.0, 0.0, 0.0]"
2023-07-10,"['TCS impairment and writedown from digital transformation deals reduced overall profit .', 'TCS win major deals boosting momentum in digital transformation deals revenue expansion .', 'TCS exceeded revenue targets as rising digital transformation deals demand boosted growth .']","['negative', 'positive', 'positive']","['synthetic', 'synthetic', 'synthetic']","[-1.0, 1.0, 1.0]"
2023-07-11,"['TCS digital transformation deals business continued gradual development this quarter .', 'TCS market activity reflected standard enterprise solutions volumes .', 'TCS missed estimates with disappointing enterprise solutions decline .']","['negative', 'negative', 'negative']","['synthetic', 'synthetic', 'synthetic']","[0.0, 0.0, -1.0]"
2023-07-12,"['TCS management discussed enterprise solutions strategy at the briefing .', 'TCS disappointing enterprise solutions results led to sell-off and negative sentiment .', 'TCS reported loss as IT services contracts revenue fell amid weak demand .']","['neutral', 'neutral', 'negative']","['synthetic', 'synthetic', 'synthetic']","[0.0, -1.0, -1.0]"
2023-07-13,"['TCS reported losses driven by weak digital transformation deals with lower margins .', 'TCS governance review of consulting and cloud migration operations found no issues .', 'TCS consulting and cloud migration valuations remained within historical ranges .']","['neutral', 'neutral', 'neutral']","['synthetic', 'synthetic', 'synthetic']","[-1.0, 0.0, 0.0]"
2023-07-14,"['TCS announced partnership to boost enterprise solutions growth and revenue gain .', 'TCS return on digital transformation deals investment exceeded expectations with surplus .', 'TCS win major deals boosting momentum in digital transformation deals revenue expansion .']","['positive', 'positive', 'positive']","['synthetic', 'synthetic', 'synthetic']","[1.0, 1.0, 1.0]"
2023-07-17,"['TCS announced routine updates on enterprise solutions business plans .', 'TCS delivered record profit reflecting innovation in enterprise solutions .', 'TCS announced routine updates on digital transformation deals business plans .']","['neutral', 'positive', 'positive']","['synthetic', 'synthetic', 'synthetic']","[0.0, 1.0, 0.0]"
2023-07-18,"['TCS posted record revenue as IT services contracts surged beyond expectations .', 'TCS participated in conference with digital transformation deals presentations .', 'TCS reported loss as IT services contracts revenue fell amid weak demand .']","['negative', 'neutral', 'negative']","['synthetic', 'synthetic', 'synthetic']","[1.0, 0.0, -1.0]"
2023-07-19,"['TCS acquisition strengthens consulting and cloud migration and boosts revenue upside .', 'TCS enterprise solutions business continued gradual development this quarter .', 'TCS beat estimates with improved margin and rising consulting and cloud migration momentum .']","['positive', 'neutral', 'neutral']","['synthetic', 'synthetic', 'synthetic']","[1.0, 0.0, 1.0]"
2023-07-20,"['TCS profit drop amid IT services contracts weakness raised default concern .', 'TCS reported losses driven by weak digital transformation deals with lower margins .', 'TCS disappointing consulting and cloud migration results led to sell-off and negative sentiment .']","['negative', 'negative', 'negative']","['synthetic', 'synthetic', 'synthetic']","[-1.0, -1.0, -1.0]"
2023-07-21,"['TCS provided update on digital transformation deals operations and near-term plans .', 'TCS disappointing IT services contracts results led to sell-off and negative sentiment .', 'TCS slower consulting and cloud migration demand and falling margins proved disappointing .']","['neutral', 'negative', 'negative']","['synthetic', 'synthetic', 'synthetic']","[0.0, -1.0, -1.0]"
2023-07-24,"['TCS confirmed alignment with digital transformation deals priorities announced earlier .', 'TCS losses and deficit from enterprise solutions challenges disappointed investors .', 'TCS reported loss as IT services contracts revenue fell amid weak demand .']","['neutral', 'negative', 'negative']","['synthetic', 'synthetic', 'synthetic']","[0.0, -1.0, -1.0]"
2023-07-25,"['TCS announced layoffs amid digital transformation deals slowdown and restructuring .', 'TCS return on enterprise solutions investment exceeded expectations with surplus .', 'TCS announced partnership to boost enterprise solutions growth and revenue gain .']","['negative', 'positive', 'positive']","['synthetic', 'synthetic', 'synthetic']","[-1.0, 1.0, 1.0]"
2023-07-26,"['TCS surged on positive outlook for digital transformation deals with higher revenue .', 'TCS announced partnership to boost digital transformation deals growth and revenue gain .', 'TCS acquisition strengthens enterprise solutions and boosts revenue upside .']","['neutral', 'positive', 'positive']","['synthetic', 'synthetic', 'synthetic']","[1.0, 1.0, 1.0]"
2023-07-27,"['TCS shares soared after record digital transformation deals revenue and strong profit gain .', 'TCS confirmed alignment with consulting and cloud migration priorities announced earlier .', 'TCS operational activity in enterprise solutions continued normal trajectory .']","['negative', 'neutral', 'neutral']","['synthetic', 'synthetic', 'synthetic']","[1.0, 0.0, 0.0]"
2023-07-28,"['TCS reported losses driven by weak digital transformation deals with lower margins .', 'TCS confirmed alignment with consulting and cloud migration priorities announced earlier .', 'TCS reported loss as IT services contracts revenue fell amid weak demand .']","['negative', 'neutral', 'positive']","['synthetic', 'synthetic', 'synthetic']","[-1.0, 0.0, -1.0]"
2023-07-31,"['TCS warning about consulting and cloud migration decline raised concern among investors .', 'TCS exceeded revenue targets as rising digital transformation deals demand boosted growth .', 'TCS provided update on IT services contracts operations and near-term plans .']","['negative', 'positive', 'neutral']","['synthetic', 'synthetic', 'synthetic']","[-1.0, 1.0, 0.0]"
2023-08-01,"['TCS raised its growth forecast citing strong consulting and cloud migration demand .', 'TCS delivered record profit reflecting innovation in enterprise solutions .', 'TCS posted record revenue as enterprise solutions surged beyond expectations .']","['positive', 'positive', 'positive']","['synthetic', 'synthetic', 'synthetic']","[1.0, 1.0, 1.0]"
2023-08-02,"['TCS outperform the sector with strong enterprise solutions demand and efficient operations .', 'TCS scheduled enterprise solutions business review with typical agenda .', 'TCS digital transformation deals outlook remains mixed with balanced factors .']","['positive', 'positive', 'neutral']","['synthetic', 'synthetic', 'synthetic']","[1.0, 0.0, 0.0]"
2023-08-03,"['TCS provided update on digital transformation deals operations and near-term plans .', 'TCS enterprise solutions metrics tracked within expected parameters .', 'TCS confirmed alignment with IT services contracts priorities announced earlier .']","['neutral', 'neutral', 'neutral']","['synthetic', 'synthetic', 'synthetic']","[0.0, 0.0, 0.0]"
2023-08-04,"['TCS missed IT services contracts targets as demand decrease and slowdown continued .', 'TCS missed consulting and cloud migration targets as demand decrease and slowdown continued .', 'TCS cut its forecast citing risk of consulting and cloud migration contraction .']","['negative', 'negative', 'negative']","['synthetic', 'synthetic', 'synthetic']","[-1.0, -1.0, -1.0]"
2023-08-07,"['TCS participated in conference with consulting and cloud migration presentations .', 'TCS fell amid uncertainty over IT services contracts and downside risk .', 'TCS recovery in IT services contracts drove higher profit and record revenue increase .']","['neutral', 'negative', 'positive']","['synthetic', 'synthetic', 'synthetic']","[0.0, -1.0, 1.0]"
2023-08-08,"['TCS delivered record profit reflecting innovation in enterprise solutions .', 'TCS maintained stable IT services contracts operations with results in line .', 'TCS surged on positive outlook for enterprise solutions with higher revenue .']","['positive', 'positive', 'positive']","['synthetic', 'synthetic', 'synthetic']","[1.0, 0.0, 1.0]"
2023-08-09,"['TCS reported loss as consulting and cloud migration revenue fell amid weak demand .', 'TCS sector conditions showed typical patterns for consulting and cloud migration .', 'TCS sector conditions showed typical patterns for consulting and cloud migration .']","['negative', 'neutral', 'neutral']","['synthetic', 'synthetic', 'synthetic']","[-1.0, 0.0, 0.0]"
2023-08-10,"['TCS participated in conference with consulting and cloud migration presentations .', 'TCS scheduled enterprise solutions business review with typical agenda .', 'TCS consulting and cloud migration valuations remained within historical ranges .']","['neutral', 'neutral', 'negative']","['synthetic', 'synthetic', 'synthetic']","[0.0, 0.0, 0.0]"
2023-08-11,"['TCS management discussed enterprise solutions strategy at the briefing .', 'TCS enterprise solutions valuations remained within historical ranges .', 'TCS faces lawsuit risk and penalty concern impacting digital transformation deals .']","['negative', 'neutral', 'negative']","['synthetic', 'synthetic', 'synthetic']","[0.0, 0.0, -1.0]"
2023-08-14,"['TCS faced pressure from digital transformation deals decline and reduced margins .', 'TCS breakthrough in digital transformation deals drove innovation and profit expansion .', 'TCS win major deals boosting momentum in digital transformation deals revenue expansion .']","['negative', 'positive', 'neutral']","['synthetic', 'synthetic', 'synthetic']","[-1.0, 1.0, 1.0]"
2023-08-16,"['TCS industry observers noted mixed signals for enterprise solutions .', 'TCS reported enterprise solutions performance consistent with consensus .', 'TCS reported consulting and cloud migration performance consistent with consensus .', 'TCS reported consulting and cloud migration performance consistent with consensus .', 'TCS return on IT services contracts investment exceeded expectations with surplus .', 'TCS faces lawsuit risk and penalty concern impacting enterprise solutions .']","['neutral', 'neutral', 'neutral', 'neutral', 'positive', 'negative']","['synthetic_fill', 'synthetic_fill', 'synthetic_fill', 'synthetic', 'synthetic', 'synthetic']","[0.0, 0.0, 0.0, 0.0, 1.0, -1.0]"
2023-08-17,"['TCS beat estimates with improved margin and rising digital transformation deals momentum .', 'TCS industry observers noted mixed signals for IT services contracts .', 'TCS governance review of consulting and cloud migration operations found no issues .']","['positive', 'neutral', 'neutral']","['synthetic', 'synthetic', 'synthetic']","[1.0, 0.0, 0.0]"
2023-08-18,"['TCS shares dropped on weak digital transformation deals demand and lower guidance .', 'TCS shares soared after record enterprise solutions revenue and strong profit gain .', 'TCS debt and digital transformation deals decline created financial pressure .']","['neutral', 'positive', 'negative']","['synthetic', 'synthetic', 'synthetic']","[-1.0, 1.0, -1.0]"
2023-08-21,"['TCS reported loss as consulting and cloud migration revenue fell amid weak demand .', 'TCS enterprise solutions business continued gradual development this quarter .', 'TCS scheduled enterprise solutions business review with typical agenda .']","['negative', 'negative', 'positive']","['synthetic', 'synthetic', 'synthetic']","[-1.0, 0.0, 0.0]"
2023-08-22,"['TCS announced routine updates on IT services contracts business plans .', 'TCS acquisition strengthens consulting and cloud migration and boosts revenue upside .', 'TCS shares soared after record enterprise solutions revenue and strong profit gain .']","['neutral', 'positive', 'positive']","['synthetic', 'synthetic', 'synthetic']","[0.0, 1.0, 1.0]"
2023-08-23,"['TCS win major deals boosting momentum in digital transformation deals revenue expansion .', 'TCS missed estimates with disappointing digital transformation deals decline .', 'TCS digital transformation deals metrics tracked within expected parameters .']","['positive', 'negative', 'neutral']","['synthetic', 'synthetic', 'synthetic']","[1.0, -1.0, 0.0]"
2023-08-24,"['TCS reported IT services contracts performance consistent with consensus .', 'TCS recall and fine risk created uncertainty for IT services contracts .', 'TCS dividend increase reflects confident profit growth for consulting and cloud migration .']","['neutral', 'negative', 'positive']","['synthetic', 'synthetic', 'synthetic']","[0.0, -1.0, 1.0]"
2023-08-25,"['TCS upgrade by analysts citing strong IT services contracts growth and higher margin .', 'TCS beat estimates with improved margin and rising digital transformation deals momentum .', 'TCS announced layoffs amid enterprise solutions slowdown and restructuring .']","['neutral', 'positive', 'negative']","['synthetic', 'synthetic', 'synthetic']","[1.0, 1.0, -1.0]"
2023-08-28,"['TCS faces lawsuit risk and penalty concern impacting enterprise solutions .', 'TCS upgrade by analysts citing strong enterprise solutions growth and higher margin .', 'TCS sector conditions showed typical patterns for IT services contracts .']","['positive', 'positive', 'neutral']","['synthetic', 'synthetic', 'synthetic']","[-1.0, 1.0, 0.0]"
2023-08-29,"['TCS beat estimates with improved margin and rising enterprise solutions momentum .', 'TCS released standard consulting and cloud migration financial disclosures and filings .', 'TCS warning about consulting and cloud migration decline raised concern among investors .']","['neutral', 'neutral', 'negative']","['synthetic', 'synthetic', 'synthetic']","[1.0, 0.0, -1.0]"
2023-08-30,"['TCS shares soared after record enterprise solutions revenue and strong profit gain .', 'TCS reported IT services contracts performance consistent with consensus .', 'TCS benefited from rising demand for IT services contracts with improved profit margin .']","['positive', 'neutral', 'positive']","['synthetic', 'synthetic', 'synthetic']","[1.0, 0.0, 1.0]"
2023-08-31,"['TCS quarterly review highlighted steady digital transformation deals performance .', 'TCS profit drop amid consulting and cloud migration weakness raised default concern .', 'TCS breakthrough in consulting and cloud migration drove innovation and profit expansion .']","['neutral', 'neutral', 'positive']","['synthetic', 'synthetic', 'synthetic']","[0.0, -1.0, 1.0]"
2023-09-01,"['TCS consulting and cloud migration outlook remains mixed with balanced factors .', 'TCS warning about digital transformation deals decline raised concern among investors .', 'TCS missed estimates with disappointing consulting and cloud migration decline .']","['neutral', 'negative', 'negative']","['synthetic', 'synthetic', 'synthetic']","[0.0, -1.0, -1.0]"
2023-09-04,"['TCS acquisition strengthens digital transformation deals and boosts revenue upside .', 'TCS announced partnership to boost consulting and cloud migration growth and revenue gain .', 'TCS enterprise solutions business continued gradual development this quarter .']","['positive', 'positive', 'neutral']","['synthetic', 'synthetic', 'synthetic']","[1.0, 1.0, 0.0]"
2023-09-05,"['TCS quarterly review highlighted steady enterprise solutions performance .', 'TCS debt and consulting and cloud migration decline created financial pressure .', 'TCS delivered record profit reflecting innovation in IT services contracts .']","['positive', 'negative', 'positive']","['synthetic', 'synthetic', 'synthetic']","[0.0, -1.0, 1.0]"
2023-09-06,"['TCS participated in conference with digital transformation deals presentations .', 'TCS traded in a narrow range as digital transformation deals news was expected .', 'TCS participated in conference with IT services contracts presentations .']","['neutral', 'neutral', 'neutral']","['synthetic', 'synthetic', 'synthetic']","[0.0, 0.0, 0.0]"
2023-09-07,"['TCS reported enterprise solutions performance consistent with consensus .', 'TCS fell amid uncertainty over digital transformation deals and downside risk .', 'TCS participated in conference with digital transformation deals presentations .']","['neutral', 'negative', 'neutral']","['synthetic', 'synthetic', 'synthetic']","[0.0, -1.0, 0.0]"
2023-09-08,"['TCS maintained stable digital transformation deals operations with results in line .', 'TCS raised its growth forecast citing strong digital transformation deals demand .', 'TCS dividend increase reflects confident profit growth for enterprise solutions .']","['positive', 'positive', 'positive']","['synthetic', 'synthetic', 'synthetic']","[0.0, 1.0, 1.0]"
2023-09-11,"['TCS reported IT services contracts performance consistent with consensus .', 'TCS reported strong profit growth driven by higher enterprise solutions demand .', 'TCS beat estimates with improved margin and rising IT services contracts momentum .']","['neutral', 'positive', 'positive']","['synthetic', 'synthetic', 'synthetic']","[0.0, 1.0, 1.0]"
2023-09-12,"['TCS announced routine updates on enterprise solutions business plans .', 'TCS shares soared after record digital transformation deals revenue and strong profit gain .', 'TCS missed estimates with disappointing IT services contracts decline .']","['positive', 'positive', 'negative']","['synthetic', 'synthetic', 'synthetic']","[0.0, 1.0, -1.0]"
2023-09-13,"['TCS shares soared after record consulting and cloud migration revenue and strong profit gain .', 'TCS return on digital transformation deals investment exceeded expectations with surplus .', 'TCS breakthrough in consulting and cloud migration drove innovation and profit expansion .']","['positive', 'positive', 'positive']","['synthetic', 'synthetic', 'synthetic']","[1.0, 1.0, 1.0]"
2023-09-14,"['TCS debt and digital transformation deals decline created financial pressure .', 'TCS disappointing enterprise solutions results led to sell-off and negative sentiment .', 'TCS surged on positive outlook for enterprise solutions with higher revenue .']","['negative', 'negative', 'neutral']","['synthetic', 'synthetic', 'synthetic']","[-1.0, -1.0, 1.0]"
2023-09-15,"['TCS provided update on digital transformation deals operations and near-term plans .', 'TCS released standard consulting and cloud migration financial disclosures and filings .', 'TCS faced pressure from consulting and cloud migration decline and reduced margins .']","['neutral', 'neutral', 'negative']","['synthetic', 'synthetic', 'synthetic']","[0.0, 0.0, -1.0]"
2023-09-18,"['TCS benefited from rising demand for digital transformation deals with improved profit margin .', 'TCS win major deals boosting momentum in digital transformation deals revenue expansion .', 'TCS profit drop amid IT services contracts weakness raised default concern .']","['positive', 'positive', 'negative']","['synthetic', 'synthetic', 'synthetic']","[1.0, 1.0, -1.0]"
2023-09-20,"['TCS scheduled enterprise solutions business review with typical agenda .', 'TCS industry observers noted mixed signals for IT services contracts .', 'TCS operational activity in digital transformation deals continued normal trajectory .', 'TCS achieved robust expansion with strong gain in digital transformation deals .', 'TCS provided update on IT services contracts operations and near-term plans .', 'TCS surged on positive outlook for IT services contracts with higher revenue .']","['neutral', 'neutral', 'neutral', 'positive', 'neutral', 'positive']","['synthetic_fill', 'synthetic_fill', 'synthetic_fill', 'synthetic', 'synthetic', 'synthetic']","[0.0, 0.0, 0.0, 1.0, 0.0, 1.0]"
2023-09-21,"['TCS quarterly review highlighted steady digital transformation deals performance .', 'TCS operational activity in consulting and cloud migration continued normal trajectory .', 'TCS announced partnership to boost IT services contracts growth and revenue gain .']","['neutral', 'neutral', 'positive']","['synthetic', 'synthetic', 'synthetic']","[0.0, 0.0, 1.0]"
2023-09-22,"['TCS traded in a narrow range as enterprise solutions news was expected .', 'TCS market activity reflected standard IT services contracts volumes .', 'TCS market activity reflected standard enterprise solutions volumes .']","['negative', 'neutral', 'neutral']","['synthetic', 'synthetic', 'synthetic']","[0.0, 0.0, 0.0]"
2023-09-25,"['TCS warning about enterprise solutions decline raised concern among investors .', 'TCS exceeded revenue targets as rising consulting and cloud migration demand boosted growth .', 'TCS announced layoffs amid digital transformation deals slowdown and restructuring .']","['negative', 'positive', 'negative']","['synthetic', 'synthetic', 'synthetic']","[-1.0, 1.0, -1.0]"
2023-09-26,"['TCS slower digital transformation deals demand and falling margins proved disappointing .', 'TCS disappointing enterprise solutions results led to sell-off and negative sentiment .', 'TCS outperform the sector with strong consulting and cloud migration demand and efficient operations .']","['negative', 'negative', 'positive']","['synthetic', 'synthetic', 'synthetic']","[-1.0, -1.0, 1.0]"
2023-09-27,"['TCS shares soared after record IT services contracts revenue and strong profit gain .', 'TCS missed estimates with disappointing digital transformation deals decline .', 'TCS enterprise solutions valuations remained within historical ranges .']","['positive', 'negative', 'neutral']","['synthetic', 'synthetic', 'synthetic']","[1.0, -1.0, 0.0]"
2023-09-28,"['TCS warning about consulting and cloud migration decline raised concern among investors .', 'TCS reported strong profit growth driven by higher enterprise solutions demand .', 'TCS shares dropped on weak consulting and cloud migration demand and lower guidance .']","['negative', 'positive', 'negative']","['synthetic', 'synthetic', 'synthetic']","[-1.0, 1.0, -1.0]"
2023-09-29,"['TCS quarterly review highlighted steady enterprise solutions performance .', 'TCS scheduled IT services contracts business review with typical agenda .', 'TCS delivered record profit reflecting innovation in enterprise solutions .']","['negative', 'negative', 'neutral']","['synthetic', 'synthetic', 'synthetic']","[0.0, 0.0, 1.0]"
2023-10-03,"['TCS announced layoffs amid enterprise solutions slowdown and restructuring .', 'TCS sector conditions showed typical patterns for enterprise solutions .', 'TCS management discussed IT services contracts strategy at the briefing .', 'TCS benefited from rising demand for digital transformation deals with improved profit margin .', 'TCS governance review of enterprise solutions operations found no issues .', 'TCS governance review of enterprise solutions operations found no issues .']","['neutral', 'neutral', 'neutral', 'positive', 'neutral', 'neutral']","['synthetic_fill', 'synthetic_fill', 'synthetic_fill', 'synthetic', 'synthetic', 'synthetic']","[-1.0, 0.0, 0.0, 1.0, 0.0, 0.0]"
2023-10-04,"['TCS management discussed enterprise solutions strategy at the briefing .', 'TCS shares soared after record IT services contracts revenue and strong profit gain .', 'TCS sector conditions showed typical patterns for digital transformation deals .']","['neutral', 'positive', 'neutral']","['synthetic', 'synthetic', 'synthetic']","[0.0, 1.0, 0.0]"
2023-10-05,"['TCS faced pressure from consulting and cloud migration decline and reduced margins .', 'TCS reported losses driven by weak enterprise solutions with lower margins .', 'TCS missed IT services contracts targets as demand decrease and slowdown continued .']","['negative', 'negative', 'negative']","['synthetic', 'synthetic', 'synthetic']","[-1.0, -1.0, -1.0]"
2023-10-06,"['TCS announced routine updates on IT services contracts business plans .', 'TCS faced pressure from enterprise solutions decline and reduced margins .', 'TCS return on IT services contracts investment exceeded expectations with surplus .']","['neutral', 'neutral', 'neutral']","['synthetic', 'synthetic', 'synthetic']","[0.0, -1.0, 1.0]"
2023-10-09,"['TCS operational activity in IT services contracts continued normal trajectory .', 'TCS outperform the sector with strong consulting and cloud migration demand and efficient operations .', 'TCS slower enterprise solutions demand and falling margins proved disappointing .']","['neutral', 'negative', 'negative']","['synthetic', 'synthetic', 'synthetic']","[0.0, 1.0, -1.0]"
2023-10-10,"['TCS released standard enterprise solutions financial disclosures and filings .', 'TCS disappointing IT services contracts results led to sell-off and negative sentiment .', 'TCS maintained stable consulting and cloud migration operations with results in line .']","['neutral', 'negative', 'negative']","['synthetic', 'synthetic', 'synthetic']","[0.0, -1.0, 0.0]"
2023-10-11,"['TCS market activity reflected standard IT services contracts volumes .', 'TCS released standard IT services contracts financial disclosures and filings .', 'TCS raised its growth forecast citing strong enterprise solutions demand .']","['neutral', 'neutral', 'positive']","['synthetic', 'synthetic', 'synthetic']","[0.0, 0.0, 1.0]"
2023-10-12,"['TCS return on IT services contracts investment exceeded expectations with surplus .', 'TCS released standard enterprise solutions financial disclosures and filings .', 'TCS quarterly review highlighted steady enterprise solutions performance .']","['positive', 'negative', 'positive']","['synthetic', 'synthetic', 'synthetic']","[1.0, 0.0, 0.0]"
2023-10-13,"['TCS recall and fine risk created uncertainty for enterprise solutions .', 'TCS losses and deficit from IT services contracts challenges disappointed investors .', 'TCS posted record revenue as IT services contracts surged beyond expectations .']","['negative', 'negative', 'negative']","['synthetic', 'synthetic', 'synthetic']","[-1.0, -1.0, 1.0]"
2023-10-16,"['TCS scheduled enterprise solutions business review with typical agenda .', 'TCS faced pressure from enterprise solutions decline and reduced margins .', 'TCS scheduled consulting and cloud migration business review with typical agenda .']","['neutral', 'positive', 'neutral']","['synthetic', 'synthetic', 'synthetic']","[0.0, -1.0, 0.0]"
2023-10-17,"['TCS disappointing IT services contracts results led to sell-off and negative sentiment .', 'TCS governance review of IT services contracts operations found no issues .', 'TCS reported loss as IT services contracts revenue fell amid weak demand .']","['negative', 'neutral', 'negative']","['synthetic', 'synthetic', 'synthetic']","[-1.0, 0.0, -1.0]"
2023-10-18,"['TCS fell amid uncertainty over enterprise solutions and downside risk .', 'TCS announced layoffs amid enterprise solutions slowdown and restructuring .', 'TCS acquisition strengthens consulting and cloud migration and boosts revenue upside .']","['negative', 'negative', 'positive']","['synthetic', 'synthetic', 'synthetic']","[-1.0, -1.0, 1.0]"
2023-10-19,"['TCS management discussed consulting and cloud migration strategy at the briefing .', 'TCS reported IT services contracts performance consistent with consensus .', 'TCS announced layoffs amid digital transformation deals slowdown and restructuring .']","['neutral', 'neutral', 'negative']","['synthetic', 'synthetic', 'synthetic']","[0.0, 0.0, -1.0]"
2023-10-20,"['TCS missed digital transformation deals targets as demand decrease and slowdown continued .', 'TCS outperform the sector with strong enterprise solutions demand and efficient operations .', 'TCS delivered record profit reflecting innovation in consulting and cloud migration .']","['negative', 'negative', 'negative']","['synthetic', 'synthetic', 'synthetic']","[-1.0, 1.0, 1.0]"
2023-10-23,"['TCS announced partnership to boost consulting and cloud migration growth and revenue gain .', 'TCS breakthrough in digital transformation deals drove innovation and profit expansion .', 'TCS return on IT services contracts investment exceeded expectations with surplus .']","['positive', 'positive', 'positive']","['synthetic', 'synthetic', 'synthetic']","[1.0, 1.0, 1.0]"
2023-10-25,"['TCS management discussed enterprise solutions strategy at the briefing .', 'TCS announced routine updates on IT services contracts business plans .', 'TCS reported enterprise solutions performance consistent with consensus .', 'TCS operational activity in enterprise solutions continued normal trajectory .', 'TCS faces lawsuit risk and penalty concern impacting consulting and cloud migration .', 'TCS slower digital transformation deals demand and falling margins proved disappointing .']","['neutral', 'neutral', 'neutral', 'neutral', 'negative', 'negative']","['synthetic_fill', 'synthetic_fill', 'synthetic_fill', 'synthetic', 'synthetic', 'synthetic']","[0.0, 0.0, 0.0, 0.0, -1.0, -1.0]"
2023-10-26,"['TCS profit drop amid enterprise solutions weakness raised default concern .', 'TCS recall and fine risk created uncertainty for enterprise solutions .', 'TCS faces lawsuit risk and penalty concern impacting digital transformation deals .']","['negative', 'negative', 'negative']","['synthetic', 'synthetic', 'synthetic']","[-1.0, -1.0, -1.0]"
2023-10-27,"['TCS impairment and writedown from digital transformation deals reduced overall profit .', 'TCS missed IT services contracts targets as demand decrease and slowdown continued .', 'TCS reduced digital transformation deals investment amid concern about further losses .']","['negative', 'negative', 'negative']","['synthetic', 'synthetic', 'synthetic']","[-1.0, -1.0, -1.0]"
2023-10-30,"['TCS faces lawsuit risk and penalty concern impacting consulting and cloud migration .', 'TCS delivered record profit reflecting innovation in consulting and cloud migration .', 'TCS missed IT services contracts targets as demand decrease and slowdown continued .']","['negative', 'negative', 'neutral']","['synthetic', 'synthetic', 'synthetic']","[-1.0, 1.0, -1.0]"
2023-10-31,"['TCS released standard consulting and cloud migration financial disclosures and filings .', 'TCS downgrade followed weak enterprise solutions and lower outlook .', 'TCS shares soared after record enterprise solutions revenue and strong profit gain .']","['neutral', 'neutral', 'positive']","['synthetic', 'synthetic', 'synthetic']","[0.0, -1.0, 1.0]"
2023-11-01,"['TCS released standard consulting and cloud migration financial disclosures and filings .', 'TCS return on IT services contracts investment exceeded expectations with surplus .', 'TCS reported consulting and cloud migration performance consistent with consensus .']","['neutral', 'negative', 'neutral']","['synthetic', 'synthetic', 'synthetic']","[0.0, 1.0, 0.0]"
2023-11-02,"['TCS participated in conference with IT services contracts presentations .', 'TCS dividend increase reflects confident profit growth for digital transformation deals .', 'TCS surged on positive outlook for IT services contracts with higher revenue .']","['neutral', 'positive', 'positive']","['synthetic', 'synthetic', 'synthetic']","[0.0, 1.0, 1.0]"
2023-11-03,"['TCS achieved robust expansion with strong gain in enterprise solutions .', 'TCS upgrade by analysts citing strong IT services contracts growth and higher margin .', 'TCS breakthrough in IT services contracts drove innovation and profit expansion .']","['positive', 'positive', 'positive']","['synthetic', 'synthetic', 'synthetic']","[1.0, 1.0, 1.0]"
2023-11-06,"['TCS recovery in IT services contracts drove higher profit and record revenue increase .', 'TCS enterprise solutions business continued gradual development this quarter .', 'TCS operational activity in consulting and cloud migration continued normal trajectory .']","['neutral', 'neutral', 'neutral']","['synthetic', 'synthetic', 'synthetic']","[1.0, 0.0, 0.0]"
2023-11-07,"['TCS upgrade by analysts citing strong enterprise solutions growth and higher margin .', 'TCS digital transformation deals outlook remains mixed with balanced factors .', 'TCS announced routine updates on consulting and cloud migration business plans .']","['positive', 'neutral', 'neutral']","['synthetic', 'synthetic', 'synthetic']","[1.0, 0.0, 0.0]"
2023-11-08,"['TCS raised its growth forecast citing strong consulting and cloud migration demand .', 'TCS operational activity in enterprise solutions continued normal trajectory .', 'TCS management discussed IT services contracts strategy at the briefing .']","['positive', 'neutral', 'neutral']","['synthetic', 'synthetic', 'synthetic']","[1.0, 0.0, 0.0]"
2023-11-09,"['TCS scheduled consulting and cloud migration business review with typical agenda .', 'TCS surged on positive outlook for consulting and cloud migration with higher revenue .', 'TCS reported enterprise solutions performance consistent with consensus .']","['neutral', 'positive', 'neutral']","['synthetic', 'synthetic', 'synthetic']","[0.0, 1.0, 0.0]"
2023-11-10,"['TCS exceeded revenue targets as rising digital transformation deals demand boosted growth .', 'TCS impairment and writedown from digital transformation deals reduced overall profit .', 'TCS missed IT services contracts targets as demand decrease and slowdown continued .']","['positive', 'negative', 'negative']","['synthetic', 'synthetic', 'synthetic']","[1.0, -1.0, -1.0]"
2023-11-13,"['TCS announced routine updates on IT services contracts business plans .', 'TCS management discussed enterprise solutions strategy at the briefing .', 'TCS scheduled digital transformation deals business review with typical agenda .']","['neutral', 'negative', 'neutral']","['synthetic', 'synthetic', 'synthetic']","[0.0, 0.0, 0.0]"
2023-11-15,"['TCS industry observers noted mixed signals for enterprise solutions .', 'TCS digital transformation deals outlook remains mixed with balanced factors .', 'TCS missed IT services contracts targets as demand decrease and slowdown continued .', 'TCS provided update on digital transformation deals operations and near-term plans .', 'TCS confirmed alignment with IT services contracts priorities announced earlier .', 'TCS participated in conference with enterprise solutions presentations .']","['neutral', 'neutral', 'neutral', 'neutral', 'neutral', 'neutral']","['synthetic_fill', 'synthetic_fill', 'synthetic_fill', 'synthetic', 'synthetic', 'synthetic']","[0.0, 0.0, -1.0, 0.0, 0.0, 0.0]"
2023-11-16,"['TCS breakthrough in IT services contracts drove innovation and profit expansion .', 'TCS released standard consulting and cloud migration financial disclosures and filings .', 'TCS digital transformation deals outlook remains mixed with balanced factors .']","['positive', 'neutral', 'positive']","['synthetic', 'synthetic', 'synthetic']","[1.0, 0.0, 0.0]"
2023-11-17,"['TCS shares soared after record IT services contracts revenue and strong profit gain .', 'TCS shares dropped on weak consulting and cloud migration demand and lower guidance .', 'TCS digital transformation deals outlook remains mixed with balanced factors .']","['positive', 'positive', 'neutral']","['synthetic', 'synthetic', 'synthetic']","[1.0, -1.0, 0.0]"
2023-11-20,"['TCS market activity reflected standard enterprise solutions volumes .', 'TCS downgrade followed weak consulting and cloud migration and lower outlook .', 'TCS faces lawsuit risk and penalty concern impacting enterprise solutions .']","['neutral', 'negative', 'negative']","['synthetic', 'synthetic', 'synthetic']","[0.0, -1.0, -1.0]"
2023-11-21,"['TCS traded in a narrow range as enterprise solutions news was expected .', 'TCS governance review of consulting and cloud migration operations found no issues .', 'TCS market activity reflected standard digital transformation deals volumes .']","['positive', 'negative', 'neutral']","['synthetic', 'synthetic', 'synthetic']","[0.0, 0.0, 0.0]"
2023-11-22,"['TCS participated in conference with IT services contracts presentations .', 'TCS quarterly review highlighted steady consulting and cloud migration performance .', 'TCS reported losses driven by weak IT services contracts with lower margins .']","['neutral', 'neutral', 'neutral']","['synthetic', 'synthetic', 'synthetic']","[0.0, 0.0, -1.0]"
2023-11-23,"['TCS faced pressure from IT services contracts decline and reduced margins .', 'TCS governance review of enterprise solutions operations found no issues .', 'TCS dividend increase reflects confident profit growth for enterprise solutions .']","['neutral', 'neutral', 'neutral']","['synthetic', 'synthetic', 'synthetic']","[-1.0, 0.0, 1.0]"
2023-11-24,"['TCS announced layoffs amid enterprise solutions slowdown and restructuring .', 'TCS enterprise solutions business continued gradual development this quarter .', 'TCS announced layoffs amid enterprise solutions slowdown and restructuring .']","['negative', 'neutral', 'negative']","['synthetic', 'synthetic', 'synthetic']","[-1.0, 0.0, -1.0]"
2023-11-28,"['TCS industry observers noted mixed signals for enterprise solutions .', 'TCS confirmed alignment with IT services contracts priorities announced earlier .', 'TCS traded in a narrow range as consulting and cloud migration news was expected .', 'TCS disappointing IT services contracts results led to sell-off and negative sentiment .', 'TCS recovery in IT services contracts drove higher profit and record revenue increase .', 'TCS fell amid uncertainty over IT services contracts and downside risk .']","['neutral', 'neutral', 'neutral', 'negative', 'positive', 'negative']","['synthetic_fill', 'synthetic_fill', 'synthetic_fill', 'synthetic', 'synthetic', 'synthetic']","[0.0, 0.0, 0.0, -1.0, 1.0, -1.0]"
2023-11-29,"['TCS return on digital transformation deals investment exceeded expectations with surplus .', 'TCS upgrade by analysts citing strong enterprise solutions growth and higher margin .', 'TCS faced pressure from digital transformation deals decline and reduced margins .']","['positive', 'positive', 'neutral']","['synthetic', 'synthetic', 'synthetic']","[1.0, 1.0, -1.0]"
2023-11-30,"['TCS maintained stable digital transformation deals operations with results in line .', 'TCS industry observers noted mixed signals for IT services contracts .', 'TCS impairment and writedown from IT services contracts reduced overall profit .']","['positive', 'neutral', 'positive']","['synthetic', 'synthetic', 'synthetic']","[0.0, 0.0, -1.0]"
2023-12-01,"['TCS shares dropped on weak enterprise solutions demand and lower guidance .', 'TCS downgrade followed weak consulting and cloud migration and lower outlook .', 'TCS reported loss as enterprise solutions revenue fell amid weak demand .']","['negative', 'negative', 'negative']","['synthetic', 'synthetic', 'synthetic']","[-1.0, -1.0, -1.0]"
2023-12-04,"['TCS beat estimates with improved margin and rising digital transformation deals momentum .', 'TCS scheduled enterprise solutions business review with typical agenda .', 'TCS participated in conference with consulting and cloud migration presentations .']","['positive', 'neutral', 'neutral']","['synthetic', 'synthetic', 'synthetic']","[1.0, 0.0, 0.0]"
2023-12-05,"['TCS consulting and cloud migration valuations remained within historical ranges .', 'TCS provided update on digital transformation deals operations and near-term plans .', 'TCS reported IT services contracts performance consistent with consensus .']","['neutral', 'neutral', 'neutral']","['synthetic', 'synthetic', 'synthetic']","[0.0, 0.0, 0.0]"
2023-12-06,"['TCS posted record revenue as consulting and cloud migration surged beyond expectations .', 'TCS raised its growth forecast citing strong consulting and cloud migration demand .', 'TCS IT services contracts outlook remains mixed with balanced factors .']","['positive', 'positive', 'neutral']","['synthetic', 'synthetic', 'synthetic']","[1.0, 1.0, 0.0]"
2023-12-07,"['TCS impairment and writedown from consulting and cloud migration reduced overall profit .', 'TCS impairment and writedown from consulting and cloud migration reduced overall profit .', 'TCS announced partnership to boost digital transformation deals growth and revenue gain .']","['positive', 'positive', 'positive']","['synthetic', 'synthetic', 'synthetic']","[-1.0, -1.0, 1.0]"
2023-12-08,"['TCS warning about consulting and cloud migration decline raised concern among investors .', 'TCS consulting and cloud migration valuations remained within historical ranges .', 'TCS recovery in digital transformation deals drove higher profit and record revenue increase .']","['negative', 'neutral', 'positive']","['synthetic', 'synthetic', 'synthetic']","[-1.0, 0.0, 1.0]"
2023-12-11,"['TCS missed enterprise solutions targets as demand decrease and slowdown continued .', 'TCS confirmed alignment with consulting and cloud migration priorities announced earlier .', 'TCS debt and enterprise solutions decline created financial pressure .']","['negative', 'neutral', 'neutral']","['synthetic', 'synthetic', 'synthetic']","[-1.0, 0.0, -1.0]"
2023-12-12,"['TCS debt and digital transformation deals decline created financial pressure .', 'TCS governance review of enterprise solutions operations found no issues .', 'TCS slower IT services contracts demand and falling margins proved disappointing .']","['neutral', 'neutral', 'negative']","['synthetic', 'synthetic', 'synthetic']","[-1.0, 0.0, -1.0]"
2023-12-13,"['TCS beat estimates with improved margin and rising enterprise solutions momentum .', 'TCS missed IT services contracts targets as demand decrease and slowdown continued .', 'TCS recovery in IT services contracts drove higher profit and record revenue increase .']","['positive', 'negative', 'positive']","['synthetic', 'synthetic', 'synthetic']","[1.0, -1.0, 1.0]"
2023-12-14,"['TCS reported consulting and cloud migration performance consistent with consensus .', 'TCS disappointing enterprise solutions results led to sell-off and negative sentiment .', 'TCS reported consulting and cloud migration performance consistent with consensus .']","['negative', 'negative', 'neutral']","['synthetic', 'synthetic', 'synthetic']","[0.0, -1.0, 0.0]"
2023-12-15,"['TCS industry observers noted mixed signals for enterprise solutions .', 'TCS reported loss as IT services contracts revenue fell amid weak demand .', 'TCS win major deals boosting momentum in consulting and cloud migration revenue expansion .']","['neutral', 'negative', 'positive']","['synthetic', 'synthetic', 'synthetic']","[0.0, -1.0, 1.0]"
2023-12-18,"['TCS provided update on consulting and cloud migration operations and near-term plans .', 'TCS win major deals boosting momentum in consulting and cloud migration revenue expansion .', 'TCS confirmed alignment with IT services contracts priorities announced earlier .']","['neutral', 'positive', 'neutral']","['synthetic', 'synthetic', 'synthetic']","[0.0, 1.0, 0.0]"
2023-12-19,"['TCS market activity reflected standard IT services contracts volumes .', 'TCS confirmed alignment with consulting and cloud migration priorities announced earlier .', 'TCS sector conditions showed typical patterns for IT services contracts .']","['neutral', 'neutral', 'neutral']","['synthetic', 'synthetic', 'synthetic']","[0.0, 0.0, 0.0]"
2023-12-20,"['TCS scheduled consulting and cloud migration business review with typical agenda .', 'TCS missed IT services contracts targets as demand decrease and slowdown continued .', 'TCS quarterly review highlighted steady digital transformation deals performance .']","['neutral', 'negative', 'neutral']","['synthetic', 'synthetic', 'synthetic']","[0.0, -1.0, 0.0]"
2023-12-21,"['TCS slower enterprise solutions demand and falling margins proved disappointing .', 'TCS fell amid uncertainty over digital transformation deals and downside risk .', 'TCS market activity reflected standard enterprise solutions volumes .']","['negative', 'negative', 'negative']","['synthetic', 'synthetic', 'synthetic']","[-1.0, -1.0, 0.0]"
2023-12-22,"['TCS upgrade by analysts citing strong IT services contracts growth and higher margin .', 'TCS governance review of enterprise solutions operations found no issues .', 'TCS announced routine updates on consulting and cloud migration business plans .']","['neutral', 'neutral', 'neutral']","['synthetic', 'synthetic', 'synthetic']","[1.0, 0.0, 0.0]"
2023-12-26,"['TCS market activity reflected standard IT services contracts volumes .', 'TCS provided update on IT services contracts operations and near-term plans .', 'TCS slower consulting and cloud migration demand and falling margins proved disappointing .', 'TCS profit drop amid consulting and cloud migration weakness raised default concern .', 'TCS market activity reflected standard enterprise solutions volumes .', 'TCS exceeded revenue targets as rising consulting and cloud migration demand boosted growth .']","['neutral', 'neutral', 'neutral', 'neutral', 'positive', 'positive']","['synthetic_fill', 'synthetic_fill', 'synthetic_fill', 'synthetic', 'synthetic', 'synthetic']","[0.0, 0.0, -1.0, -1.0, 0.0, 1.0]"
2023-12-27,"['TCS industry observers noted mixed signals for enterprise solutions .', 'TCS announced routine updates on digital transformation deals business plans .', 'TCS warning about enterprise solutions decline raised concern among investors .']","['neutral', 'negative', 'negative']","['synthetic', 'synthetic', 'synthetic']","[0.0, 0.0, -1.0]"
2023-12-28,"['TCS digital transformation deals metrics tracked within expected parameters .', 'TCS reported strong profit growth driven by higher digital transformation deals demand .', 'TCS breakthrough in consulting and cloud migration drove innovation and profit expansion .']","['neutral', 'positive', 'positive']","['synthetic', 'synthetic', 'synthetic']","[0.0, 1.0, 1.0]"
2023-12-29,"['TCS traded in a narrow range as digital transformation deals news was expected .', 'TCS slower IT services contracts demand and falling margins proved disappointing .', 'TCS faces lawsuit risk and penalty concern impacting IT services contracts .']","['neutral', 'negative', 'negative']","['synthetic', 'synthetic', 'synthetic']","[0.0, -1.0, -1.0]"
2024-01-01,"['TCS digital transformation deals valuations remained within historical ranges .', 'TCS slower IT services contracts demand and falling margins proved disappointing .', 'TCS achieved robust expansion with strong gain in digital transformation deals .']","['neutral', 'neutral', 'positive']","['synthetic', 'synthetic', 'synthetic']","[0.0, -1.0, 1.0]"
2024-01-02,"['TCS downgrade followed weak IT services contracts and lower outlook .', 'TCS win major deals boosting momentum in consulting and cloud migration revenue expansion .', 'TCS scheduled enterprise solutions business review with typical agenda .']","['positive', 'positive', 'neutral']","['synthetic', 'synthetic', 'synthetic']","[-1.0, 1.0, 0.0]"
2024-01-03,"['TCS participated in conference with digital transformation deals presentations .', 'TCS reduced IT services contracts investment amid concern about further losses .', 'TCS scheduled IT services contracts business review with typical agenda .']","['neutral', 'negative', 'neutral']","['synthetic', 'synthetic', 'synthetic']","[0.0, -1.0, 0.0]"
2024-01-04,"['TCS announced partnership to boost enterprise solutions growth and revenue gain .', 'TCS disappointing enterprise solutions results led to sell-off and negative sentiment .', 'TCS fell amid uncertainty over IT services contracts and downside risk .']","['positive', 'negative', 'negative']","['synthetic', 'synthetic', 'synthetic']","[1.0, -1.0, -1.0]"
2024-01-05,"['TCS outperform the sector with strong enterprise solutions demand and efficient operations .', 'TCS traded in a narrow range as digital transformation deals news was expected .', 'TCS fell amid uncertainty over consulting and cloud migration and downside risk .']","['negative', 'negative', 'negative']","['synthetic', 'synthetic', 'synthetic']","[1.0, 0.0, -1.0]"
2024-01-08,"['TCS consulting and cloud migration valuations remained within historical ranges .', 'TCS win major deals boosting momentum in digital transformation deals revenue expansion .', 'TCS breakthrough in consulting and cloud migration drove innovation and profit expansion .']","['neutral', 'positive', 'positive']","['synthetic', 'synthetic', 'synthetic']","[0.0, 1.0, 1.0]"
2024-01-09,"['TCS missed digital transformation deals targets as demand decrease and slowdown continued .', 'TCS surged on positive outlook for IT services contracts with higher revenue .', 'TCS impairment and writedown from IT services contracts reduced overall profit .']","['negative', 'positive', 'negative']","['synthetic', 'synthetic', 'synthetic']","[-1.0, 1.0, -1.0]"
2024-01-10,"['TCS exceeded revenue targets as rising digital transformation deals demand boosted growth .', 'TCS consulting and cloud migration valuations remained within historical ranges .', 'TCS dividend increase reflects confident profit growth for enterprise solutions .']","['positive', 'neutral', 'neutral']","['synthetic', 'synthetic', 'synthetic']","[1.0, 0.0, 1.0]"
2024-01-11,"['TCS exceeded revenue targets as rising enterprise solutions demand boosted growth .', 'TCS announced partnership to boost enterprise solutions growth and revenue gain .', 'TCS breakthrough in digital transformation deals drove innovation and profit expansion .']","['positive', 'positive', 'positive']","['synthetic', 'synthetic', 'synthetic']","[1.0, 1.0, 1.0]"
2024-01-12,"['TCS traded in a narrow range as IT services contracts news was expected .', 'TCS beat estimates with improved margin and rising IT services contracts momentum .', 'TCS dividend increase reflects confident profit growth for consulting and cloud migration .']","['neutral', 'positive', 'positive']","['synthetic', 'synthetic', 'synthetic']","[0.0, 1.0, 1.0]"
2024-01-15,"['TCS posted record revenue as consulting and cloud migration surged beyond expectations .', 'TCS traded in a narrow range as enterprise solutions news was expected .', 'TCS slower digital transformation deals demand and falling margins proved disappointing .']","['positive', 'positive', 'negative']","['synthetic', 'synthetic', 'synthetic']","[1.0, 0.0, -1.0]"
2024-01-16,"['TCS confirmed alignment with IT services contracts priorities announced earlier .', 'TCS return on IT services contracts investment exceeded expectations with surplus .', 'TCS outperform the sector with strong consulting and cloud migration demand and efficient operations .']","['neutral', 'positive', 'positive']","['synthetic', 'synthetic', 'synthetic']","[0.0, 1.0, 1.0]"
2024-01-17,"['TCS upgrade by analysts citing strong enterprise solutions growth and higher margin .', 'TCS profit drop amid IT services contracts weakness raised default concern .', 'TCS announced layoffs amid enterprise solutions slowdown and restructuring .']","['positive', 'negative', 'negative']","['synthetic', 'synthetic', 'synthetic']","[1.0, -1.0, -1.0]"
2024-01-18,"['TCS surged on positive outlook for IT services contracts with higher revenue .', 'TCS outperform the sector with strong IT services contracts demand and efficient operations .', 'TCS benefited from rising demand for IT services contracts with improved profit margin .']","['positive', 'positive', 'positive']","['synthetic', 'synthetic', 'synthetic']","[1.0, 1.0, 1.0]"
2024-01-19,"['TCS debt and digital transformation deals decline created financial pressure .', 'TCS released standard digital transformation deals financial disclosures and filings .', 'TCS upgrade by analysts citing strong IT services contracts growth and higher margin .']","['negative', 'neutral', 'neutral']","['synthetic', 'synthetic', 'synthetic']","[-1.0, 0.0, 1.0]"
2024-01-23,"['TCS sector conditions showed typical patterns for consulting and cloud migration .', 'TCS consulting and cloud migration business continued gradual development this quarter .', 'TCS recovery in enterprise solutions drove higher profit and record revenue increase .', 'TCS acquisition strengthens consulting and cloud migration and boosts revenue upside .', 'TCS acquisition strengthens IT services contracts and boosts revenue upside .', 'TCS announced routine updates on IT services contracts business plans .']","['neutral', 'neutral', 'neutral', 'positive', 'positive', 'neutral']","['synthetic_fill', 'synthetic_fill', 'synthetic_fill', 'synthetic', 'synthetic', 'synthetic']","[0.0, 0.0, 1.0, 1.0, 1.0, 0.0]"
2024-01-24,"['TCS impairment and writedown from digital transformation deals reduced overall profit .', 'TCS downgrade followed weak digital transformation deals and lower outlook .', 'TCS downgrade followed weak consulting and cloud migration and lower outlook .']","['negative', 'negative', 'negative']","['synthetic', 'synthetic', 'synthetic']","[-1.0, -1.0, -1.0]"
2024-01-25,"['TCS scheduled consulting and cloud migration business review with typical agenda .', 'TCS win major deals boosting momentum in enterprise solutions revenue expansion .', 'TCS debt and enterprise solutions decline created financial pressure .']","['neutral', 'positive', 'negative']","['synthetic', 'synthetic', 'synthetic']","[0.0, 1.0, -1.0]"
2024-01-29,"['TCS provided update on digital transformation deals operations and near-term plans .', 'TCS management discussed IT services contracts strategy at the briefing .', 'TCS profit drop amid IT services contracts weakness raised default concern .', 'TCS warning about IT services contracts decline raised concern among investors .', 'TCS quarterly review highlighted steady consulting and cloud migration performance .', 'TCS quarterly review highlighted steady consulting and cloud migration performance .']","['neutral', 'neutral', 'neutral', 'negative', 'negative', 'neutral']","['synthetic_fill', 'synthetic_fill', 'synthetic_fill', 'synthetic', 'synthetic', 'synthetic']","[0.0, 0.0, -1.0, -1.0, 0.0, 0.0]"
2024-01-30,"['TCS enterprise solutions outlook remains mixed with balanced factors .', 'TCS benefited from rising demand for consulting and cloud migration with improved profit margin .', 'TCS warning about digital transformation deals decline raised concern among investors .']","['neutral', 'negative', 'positive']","['synthetic', 'synthetic', 'synthetic']","[0.0, 1.0, -1.0]"
2024-01-31,"['TCS downgrade followed weak digital transformation deals and lower outlook .', 'TCS scheduled enterprise solutions business review with typical agenda .', 'TCS reduced digital transformation deals investment amid concern about further losses .']","['negative', 'neutral', 'negative']","['synthetic', 'synthetic', 'synthetic']","[-1.0, 0.0, -1.0]"
2024-02-01,"['TCS scheduled enterprise solutions business review with typical agenda .', 'TCS impairment and writedown from digital transformation deals reduced overall profit .', 'TCS announced routine updates on consulting and cloud migration business plans .']","['neutral', 'neutral', 'neutral']","['synthetic', 'synthetic', 'synthetic']","[0.0, -1.0, 0.0]"
2024-02-02,"['TCS posted record revenue as digital transformation deals surged beyond expectations .', 'TCS confirmed alignment with enterprise solutions priorities announced earlier .', 'TCS outperform the sector with strong consulting and cloud migration demand and efficient operations .']","['positive', 'neutral', 'positive']","['synthetic', 'synthetic', 'synthetic']","[1.0, 0.0, 1.0]"
2024-02-05,"['TCS beat estimates with improved margin and rising enterprise solutions momentum .', 'TCS fell amid uncertainty over IT services contracts and downside risk .', 'TCS beat estimates with improved margin and rising consulting and cloud migration momentum .']","['positive', 'negative', 'positive']","['synthetic', 'synthetic', 'synthetic']","[1.0, -1.0, 1.0]"
2024-02-06,"['TCS delivered record profit reflecting innovation in enterprise solutions .', 'TCS provided update on digital transformation deals operations and near-term plans .', 'TCS cut its forecast citing risk of IT services contracts contraction .']","['positive', 'neutral', 'negative']","['synthetic', 'synthetic', 'synthetic']","[1.0, 0.0, -1.0]"
2024-02-07,"['TCS consulting and cloud migration outlook remains mixed with balanced factors .', 'TCS missed estimates with disappointing consulting and cloud migration decline .', 'TCS faces lawsuit risk and penalty concern impacting enterprise solutions .']","['neutral', 'negative', 'positive']","['synthetic', 'synthetic', 'synthetic']","[0.0, -1.0, -1.0]"
2024-02-08,"['TCS slower digital transformation deals demand and falling margins proved disappointing .', 'TCS faces lawsuit risk and penalty concern impacting enterprise solutions .', 'TCS faces lawsuit risk and penalty concern impacting IT services contracts .']","['negative', 'negative', 'negative']","['synthetic', 'synthetic', 'synthetic']","[-1.0, -1.0, -1.0]"
2024-02-09,"['TCS governance review of IT services contracts operations found no issues .', 'TCS quarterly review highlighted steady consulting and cloud migration performance .', 'TCS dividend increase reflects confident profit growth for digital transformation deals .']","['neutral', 'neutral', 'positive']","['synthetic', 'synthetic', 'synthetic']","[0.0, 0.0, 1.0]"
2024-02-12,"['TCS traded in a narrow range as digital transformation deals news was expected .', 'TCS slower enterprise solutions demand and falling margins proved disappointing .', 'TCS disappointing enterprise solutions results led to sell-off and negative sentiment .']","['neutral', 'negative', 'neutral']","['synthetic', 'synthetic', 'synthetic']","[0.0, -1.0, -1.0]"
2024-02-13,"['TCS losses and deficit from consulting and cloud migration challenges disappointed investors .', 'TCS consulting and cloud migration metrics tracked within expected parameters .', 'TCS faced pressure from enterprise solutions decline and reduced margins .']","['neutral', 'neutral', 'neutral']","['synthetic', 'synthetic', 'synthetic']","[-1.0, 0.0, -1.0]"
2024-02-14,"['TCS delivered record profit reflecting innovation in enterprise solutions .', 'TCS announced partnership to boost digital transformation deals growth and revenue gain .', 'TCS shares dropped on weak digital transformation deals demand and lower guidance .']","['positive', 'positive', 'positive']","['synthetic', 'synthetic', 'synthetic']","[1.0, 1.0, -1.0]"
2024-02-15,"['TCS missed IT services contracts targets as demand decrease and slowdown continued .', 'TCS industry observers noted mixed signals for digital transformation deals .', 'TCS win major deals boosting momentum in digital transformation deals revenue expansion .']","['negative', 'negative', 'neutral']","['synthetic', 'synthetic', 'synthetic']","[-1.0, 0.0, 1.0]"
2024-02-16,"['TCS exceeded revenue targets as rising consulting and cloud migration demand boosted growth .', 'TCS management discussed digital transformation deals strategy at the briefing .', 'TCS announced partnership to boost IT services contracts growth and revenue gain .']","['negative', 'neutral', 'positive']","['synthetic', 'synthetic', 'synthetic']","[1.0, 0.0, 1.0]"
2024-02-19,"['TCS upgrade by analysts citing strong enterprise solutions growth and higher margin .', 'TCS released standard IT services contracts financial disclosures and filings .', 'TCS dividend increase reflects confident profit growth for IT services contracts .']","['positive', 'neutral', 'positive']","['synthetic', 'synthetic', 'synthetic']","[1.0, 0.0, 1.0]"
2024-02-20,"['TCS missed estimates with disappointing enterprise solutions decline .', 'TCS recovery in IT services contracts drove higher profit and record revenue increase .', 'TCS profit drop amid enterprise solutions weakness raised default concern .']","['negative', 'positive', 'negative']","['synthetic', 'synthetic', 'synthetic']","[-1.0, 1.0, -1.0]"
2024-02-21,"['TCS fell amid uncertainty over digital transformation deals and downside risk .', 'TCS fell amid uncertainty over digital transformation deals and downside risk .', 'TCS scheduled enterprise solutions business review with typical agenda .']","['negative', 'negative', 'neutral']","['synthetic', 'synthetic', 'synthetic']","[-1.0, -1.0, 0.0]"
2024-02-22,"['TCS breakthrough in IT services contracts drove innovation and profit expansion .', 'TCS disappointing consulting and cloud migration results led to sell-off and negative sentiment .', 'TCS dividend increase reflects confident profit growth for enterprise solutions .']","['neutral', 'negative', 'positive']","['synthetic', 'synthetic', 'synthetic']","[1.0, -1.0, 1.0]"
2024-02-23,"['TCS announced partnership to boost digital transformation deals growth and revenue gain .', 'TCS warning about digital transformation deals decline raised concern among investors .', 'TCS delivered record profit reflecting innovation in enterprise solutions .']","['positive', 'positive', 'positive']","['synthetic', 'synthetic', 'synthetic']","[1.0, -1.0, 1.0]"
2024-02-26,"['TCS fell amid uncertainty over IT services contracts and downside risk .', 'TCS reported losses driven by weak consulting and cloud migration with lower margins .', 'TCS profit drop amid IT services contracts weakness raised default concern .']","['negative', 'negative', 'negative']","['synthetic', 'synthetic', 'synthetic']","[-1.0, -1.0, -1.0]"
2024-02-27,"['TCS consulting and cloud migration outlook remains mixed with balanced factors .', 'TCS market activity reflected standard enterprise solutions volumes .', 'TCS raised its growth forecast citing strong IT services contracts demand .']","['neutral', 'positive', 'positive']","['synthetic', 'synthetic', 'synthetic']","[0.0, 0.0, 1.0]"
2024-02-28,"['TCS reported loss as IT services contracts revenue fell amid weak demand .', 'TCS benefited from rising demand for consulting and cloud migration with improved profit margin .', 'TCS win major deals boosting momentum in enterprise solutions revenue expansion .']","['positive', 'positive', 'positive']","['synthetic', 'synthetic', 'synthetic']","[-1.0, 1.0, 1.0]"
2024-02-29,"['TCS quarterly review highlighted steady digital transformation deals performance .', 'TCS beat estimates with improved margin and rising enterprise solutions momentum .', 'TCS faces lawsuit risk and penalty concern impacting consulting and cloud migration .']","['neutral', 'positive', 'negative']","['synthetic', 'synthetic', 'synthetic']","[0.0, 1.0, -1.0]"
2024-03-01,"['TCS announced routine updates on enterprise solutions business plans .', 'TCS faces lawsuit risk and penalty concern impacting digital transformation deals .', 'TCS announced routine updates on enterprise solutions business plans .']","['neutral', 'negative', 'neutral']","['synthetic', 'synthetic', 'synthetic']","[0.0, -1.0, 0.0]"
2024-03-04,"['TCS announced routine updates on IT services contracts business plans .', 'TCS shares soared after record consulting and cloud migration revenue and strong profit gain .', 'TCS participated in conference with IT services contracts presentations .']","['neutral', 'neutral', 'neutral']","['synthetic', 'synthetic', 'synthetic']","[0.0, 1.0, 0.0]"
2024-03-05,"['TCS achieved robust expansion with strong gain in enterprise solutions .', 'TCS raised its growth forecast citing strong IT services contracts demand .', 'TCS released standard digital transformation deals financial disclosures and filings .']","['positive', 'positive', 'neutral']","['synthetic', 'synthetic', 'synthetic']","[1.0, 1.0, 0.0]"
2024-03-06,"['TCS losses and deficit from digital transformation deals challenges disappointed investors .', 'TCS faces lawsuit risk and penalty concern impacting digital transformation deals .', 'TCS fell amid uncertainty over digital transformation deals and downside risk .']","['negative', 'negative', 'negative']","['synthetic', 'synthetic', 'synthetic']","[-1.0, -1.0, -1.0]"
2024-03-07,"['TCS win major deals boosting momentum in digital transformation deals revenue expansion .', 'TCS return on digital transformation deals investment exceeded expectations with surplus .', 'TCS scheduled enterprise solutions business review with typical agenda .']","['positive', 'positive', 'neutral']","['synthetic', 'synthetic', 'synthetic']","[1.0, 1.0, 0.0]"
2024-03-11,"['TCS confirmed alignment with IT services contracts priorities announced earlier .', 'TCS market activity reflected standard digital transformation deals volumes .', 'TCS released standard enterprise solutions financial disclosures and filings .', 'TCS delivered record profit reflecting innovation in IT services contracts .', 'TCS win major deals boosting momentum in digital transformation deals revenue expansion .', 'TCS hiring surge reflects robust digital transformation deals demand and growth momentum .']","['neutral', 'neutral', 'neutral', 'positive', 'positive', 'positive']","['synthetic_fill', 'synthetic_fill', 'synthetic_fill', 'synthetic', 'synthetic', 'synthetic']","[0.0, 0.0, 0.0, 1.0, 1.0, 1.0]"
2024-03-12,"['TCS confirmed alignment with enterprise solutions priorities announced earlier .', 'TCS benefited from rising demand for consulting and cloud migration with improved profit margin .', 'TCS consulting and cloud migration valuations remained within historical ranges .']","['neutral', 'negative', 'neutral']","['synthetic', 'synthetic', 'synthetic']","[0.0, 1.0, 0.0]"
2024-03-13,"['TCS acquisition strengthens consulting and cloud migration and boosts revenue upside .', 'TCS upgrade by analysts citing strong IT services contracts growth and higher margin .', 'TCS announced partnership to boost enterprise solutions growth and revenue gain .']","['positive', 'positive', 'positive']","['synthetic', 'synthetic', 'synthetic']","[1.0, 1.0, 1.0]"
2024-03-14,"['TCS traded in a narrow range as enterprise solutions news was expected .', 'TCS missed estimates with disappointing IT services contracts decline .', 'TCS shares dropped on weak digital transformation deals demand and lower guidance .']","['neutral', 'negative', 'positive']","['synthetic', 'synthetic', 'synthetic']","[0.0, -1.0, -1.0]"
2024-03-15,"['TCS return on IT services contracts investment exceeded expectations with surplus .', 'TCS management discussed digital transformation deals strategy at the briefing .', 'TCS announced partnership to boost digital transformation deals growth and revenue gain .']","['positive', 'neutral', 'positive']","['synthetic', 'synthetic', 'synthetic']","[1.0, 0.0, 1.0]"
2024-03-18,"['TCS fell amid uncertainty over enterprise solutions and downside risk .', 'TCS market activity reflected standard enterprise solutions volumes .', 'TCS slower digital transformation deals demand and falling margins proved disappointing .']","['negative', 'neutral', 'negative']","['synthetic', 'synthetic', 'synthetic']","[-1.0, 0.0, -1.0]"
2024-03-19,"['TCS raised its growth forecast citing strong digital transformation deals demand .', 'TCS sector conditions showed typical patterns for IT services contracts .', 'TCS cut its forecast citing risk of consulting and cloud migration contraction .']","['negative', 'negative', 'neutral']","['synthetic', 'synthetic', 'synthetic']","[1.0, 0.0, -1.0]"
2024-03-20,"['TCS impairment and writedown from IT services contracts reduced overall profit .', 'TCS released standard enterprise solutions financial disclosures and filings .', 'TCS announced layoffs amid digital transformation deals slowdown and restructuring .']","['negative', 'neutral', 'negative']","['synthetic', 'synthetic', 'synthetic']","[-1.0, 0.0, -1.0]"
2024-03-21,"['TCS shares soared after record digital transformation deals revenue and strong profit gain .', 'TCS recall and fine risk created uncertainty for IT services contracts .', 'TCS governance review of enterprise solutions operations found no issues .']","['positive', 'negative', 'neutral']","['synthetic', 'synthetic', 'synthetic']","[1.0, -1.0, 0.0]"
2024-03-22,"['TCS profit drop amid digital transformation deals weakness raised default concern .', 'TCS faces lawsuit risk and penalty concern impacting digital transformation deals .', 'TCS digital transformation deals valuations remained within historical ranges .']","['neutral', 'negative', 'neutral']","['synthetic', 'synthetic', 'synthetic']","[-1.0, -1.0, 0.0]"
2024-03-26,"['TCS impairment and writedown from consulting and cloud migration reduced overall profit .', 'TCS management discussed digital transformation deals strategy at the briefing .', 'TCS announced routine updates on IT services contracts business plans .', 'TCS faces lawsuit risk and penalty concern impacting IT services contracts .', 'TCS fell amid uncertainty over IT services contracts and downside risk .', 'TCS fell amid uncertainty over digital transformation deals and downside risk .']","['neutral', 'neutral', 'neutral', 'negative', 'negative', 'negative']","['synthetic_fill', 'synthetic_fill', 'synthetic_fill', 'synthetic', 'synthetic', 'synthetic']","[-1.0, 0.0, 0.0, -1.0, -1.0, -1.0]"
2024-03-27,"['TCS raised its growth forecast citing strong digital transformation deals demand .', 'TCS governance review of consulting and cloud migration operations found no issues .', 'TCS slower IT services contracts demand and falling margins proved disappointing .']","['negative', 'neutral', 'negative']","['synthetic', 'synthetic', 'synthetic']","[1.0, 0.0, -1.0]"
2024-03-28,"['TCS reported loss as consulting and cloud migration revenue fell amid weak demand .', 'TCS warning about consulting and cloud migration decline raised concern among investors .', 'TCS fell amid uncertainty over digital transformation deals and downside risk .']","['negative', 'negative', 'negative']","['synthetic', 'synthetic', 'synthetic']","[-1.0, -1.0, -1.0]"
2024-04-01,"['TCS confirmed alignment with IT services contracts priorities announced earlier .', 'TCS announced routine updates on consulting and cloud migration business plans .', 'TCS reported consulting and cloud migration performance consistent with consensus .', 'TCS digital transformation deals business continued gradual development this quarter .', 'TCS beat estimates with improved margin and rising consulting and cloud migration momentum .', 'TCS surged on positive outlook for IT services contracts with higher revenue .']","['neutral', 'neutral', 'neutral', 'neutral', 'positive', 'positive']","['synthetic_fill', 'synthetic_fill', 'synthetic_fill', 'synthetic', 'synthetic', 'synthetic']","[0.0, 0.0, 0.0, 0.0, 1.0, 1.0]"
2024-04-02,"['TCS breakthrough in IT services contracts drove innovation and profit expansion .', 'TCS raised its growth forecast citing strong enterprise solutions demand .', 'TCS participated in conference with IT services contracts presentations .']","['positive', 'positive', 'neutral']","['synthetic', 'synthetic', 'synthetic']","[1.0, 1.0, 0.0]"
2024-04-03,"['TCS disappointing enterprise solutions results led to sell-off and negative sentiment .', 'TCS IT services contracts business continued gradual development this quarter .', 'TCS quarterly review highlighted steady consulting and cloud migration performance .']","['negative', 'negative', 'negative']","['synthetic', 'synthetic', 'synthetic']","[-1.0, 0.0, 0.0]"
2024-04-04,"['TCS beat estimates with improved margin and rising consulting and cloud migration momentum .', 'TCS cut its forecast citing risk of enterprise solutions contraction .', 'TCS IT services contracts business continued gradual development this quarter .']","['positive', 'positive', 'neutral']","['synthetic', 'synthetic', 'synthetic']","[1.0, -1.0, 0.0]"
2024-04-05,"['TCS consulting and cloud migration outlook remains mixed with balanced factors .', 'TCS released standard enterprise solutions financial disclosures and filings .', 'TCS raised its growth forecast citing strong IT services contracts demand .']","['neutral', 'neutral', 'positive']","['synthetic', 'synthetic', 'synthetic']","[0.0, 0.0, 1.0]"
2024-04-08,"['TCS digital transformation deals metrics tracked within expected parameters .', 'TCS fell amid uncertainty over digital transformation deals and downside risk .', 'TCS losses and deficit from digital transformation deals challenges disappointed investors .']","['neutral', 'negative', 'negative']","['synthetic', 'synthetic', 'synthetic']","[0.0, -1.0, -1.0]"
2024-04-09,"['TCS industry observers noted mixed signals for digital transformation deals .', 'TCS industry observers noted mixed signals for digital transformation deals .', 'TCS confirmed alignment with IT services contracts priorities announced earlier .']","['neutral', 'neutral', 'neutral']","['synthetic', 'synthetic', 'synthetic']","[0.0, 0.0, 0.0]"
2024-04-10,"['TCS fell amid uncertainty over digital transformation deals and downside risk .', 'TCS governance review of consulting and cloud migration operations found no issues .', 'TCS breakthrough in digital transformation deals drove innovation and profit expansion .']","['negative', 'neutral', 'positive']","['synthetic', 'synthetic', 'synthetic']","[-1.0, 0.0, 1.0]"
2024-04-12,"['TCS sector conditions showed typical patterns for consulting and cloud migration .', 'TCS confirmed alignment with enterprise solutions priorities announced earlier .', 'TCS missed IT services contracts targets as demand decrease and slowdown continued .', 'TCS shares soared after record IT services contracts revenue and strong profit gain .', 'TCS outperform the sector with strong digital transformation deals demand and efficient operations .', 'TCS reported digital transformation deals performance consistent with consensus .']","['neutral', 'neutral', 'neutral', 'positive', 'positive', 'neutral']","['synthetic_fill', 'synthetic_fill', 'synthetic_fill', 'synthetic', 'synthetic', 'synthetic']","[0.0, 0.0, -1.0, 1.0, 1.0, 0.0]"
2024-04-15,"['TCS exceeded revenue targets as rising consulting and cloud migration demand boosted growth .', 'TCS governance review of digital transformation deals operations found no issues .', 'TCS missed digital transformation deals targets as demand decrease and slowdown continued .']","['neutral', 'neutral', 'negative']","['synthetic', 'synthetic', 'synthetic']","[1.0, 0.0, -1.0]"
2024-04-16,"['TCS profit drop amid IT services contracts weakness raised default concern .', 'TCS missed IT services contracts targets as demand decrease and slowdown continued .', 'TCS reported loss as consulting and cloud migration revenue fell amid weak demand .']","['negative', 'negative', 'neutral']","['synthetic', 'synthetic', 'synthetic']","[-1.0, -1.0, -1.0]"
2024-04-18,"['TCS market activity reflected standard enterprise solutions volumes .', 'TCS released standard digital transformation deals financial disclosures and filings .', 'TCS market activity reflected standard IT services contracts volumes .', 'TCS faces lawsuit risk and penalty concern impacting IT services contracts .', 'TCS exceeded revenue targets as rising consulting and cloud migration demand boosted growth .', 'TCS shares dropped on weak IT services contracts demand and lower guidance .']","['neutral', 'neutral', 'neutral', 'negative', 'negative', 'negative']","['synthetic_fill', 'synthetic_fill', 'synthetic_fill', 'synthetic', 'synthetic', 'synthetic']","[0.0, 0.0, 0.0, -1.0, 1.0, -1.0]"
2024-04-19,"['TCS sector conditions showed typical patterns for enterprise solutions .', 'TCS surged on positive outlook for digital transformation deals with higher revenue .', 'TCS slower digital transformation deals demand and falling margins proved disappointing .']","['neutral', 'neutral', 'negative']","['synthetic', 'synthetic', 'synthetic']","[0.0, 1.0, -1.0]"
2024-04-22,"['TCS participated in conference with IT services contracts presentations .', 'TCS dividend increase reflects confident profit growth for digital transformation deals .', 'TCS maintained stable consulting and cloud migration operations with results in line .']","['neutral', 'positive', 'negative']","['synthetic', 'synthetic', 'synthetic']","[0.0, 1.0, 0.0]"
2024-04-23,"['TCS scheduled digital transformation deals business review with typical agenda .', 'TCS return on consulting and cloud migration investment exceeded expectations with surplus .', 'TCS warning about digital transformation deals decline raised concern among investors .']","['neutral', 'positive', 'negative']","['synthetic', 'synthetic', 'synthetic']","[0.0, 1.0, -1.0]"
2024-04-24,"['TCS participated in conference with IT services contracts presentations .', 'TCS beat estimates with improved margin and rising IT services contracts momentum .', 'TCS surged on positive outlook for IT services contracts with higher revenue .']","['neutral', 'positive', 'positive']","['synthetic', 'synthetic', 'synthetic']","[0.0, 1.0, 1.0]"
2024-04-25,"['TCS slower IT services contracts demand and falling margins proved disappointing .', 'TCS faced pressure from enterprise solutions decline and reduced margins .', 'TCS impairment and writedown from IT services contracts reduced overall profit .']","['negative', 'neutral', 'negative']","['synthetic', 'synthetic', 'synthetic']","[-1.0, -1.0, -1.0]"
2024-04-26,"['TCS breakthrough in IT services contracts drove innovation and profit expansion .', 'TCS beat estimates with improved margin and rising consulting and cloud migration momentum .', 'TCS win major deals boosting momentum in IT services contracts revenue expansion .']","['negative', 'positive', 'positive']","['synthetic', 'synthetic', 'synthetic']","[1.0, 1.0, 1.0]"
2024-04-29,"['TCS exceeded revenue targets as rising consulting and cloud migration demand boosted growth .', 'TCS faces lawsuit risk and penalty concern impacting digital transformation deals .', 'TCS scheduled enterprise solutions business review with typical agenda .']","['neutral', 'positive', 'neutral']","['synthetic', 'synthetic', 'synthetic']","[1.0, -1.0, 0.0]"
2024-04-30,"['TCS shares dropped on weak consulting and cloud migration demand and lower guidance .', 'TCS released standard consulting and cloud migration financial disclosures and filings .', 'TCS downgrade followed weak enterprise solutions and lower outlook .']","['negative', 'neutral', 'negative']","['synthetic', 'synthetic', 'synthetic']","[-1.0, 0.0, -1.0]"
2024-05-02,"['TCS market activity reflected standard IT services contracts volumes .', 'TCS operational activity in IT services contracts continued normal trajectory .', 'TCS released standard IT services contracts financial disclosures and filings .', 'TCS management discussed digital transformation deals strategy at the briefing .', 'TCS enterprise solutions metrics tracked within expected parameters .', 'TCS traded in a narrow range as digital transformation deals news was expected .']","['neutral', 'neutral', 'neutral', 'neutral', 'neutral', 'negative']","['synthetic_fill', 'synthetic_fill', 'synthetic_fill', 'synthetic', 'synthetic', 'synthetic']","[0.0, 0.0, 0.0, 0.0, 0.0, 0.0]"
2024-05-03,"['TCS announced partnership to boost IT services contracts growth and revenue gain .', 'TCS scheduled enterprise solutions business review with typical agenda .', 'TCS breakthrough in digital transformation deals drove innovation and profit expansion .']","['positive', 'neutral', 'positive']","['synthetic', 'synthetic', 'synthetic']","[1.0, 0.0, 1.0]"
2024-05-06,"['TCS beat estimates with improved margin and rising enterprise solutions momentum .', 'TCS announced partnership to boost digital transformation deals growth and revenue gain .', 'TCS market activity reflected standard enterprise solutions volumes .']","['positive', 'positive', 'neutral']","['synthetic', 'synthetic', 'synthetic']","[1.0, 1.0, 0.0]"
2024-05-07,"['TCS raised its growth forecast citing strong IT services contracts demand .', 'TCS announced layoffs amid enterprise solutions slowdown and restructuring .', 'TCS faced pressure from IT services contracts decline and reduced margins .']","['positive', 'negative', 'neutral']","['synthetic', 'synthetic', 'synthetic']","[1.0, -1.0, -1.0]"
2024-05-08,"['TCS beat estimates with improved margin and rising IT services contracts momentum .', 'TCS return on consulting and cloud migration investment exceeded expectations with surplus .', 'TCS cut its forecast citing risk of IT services contracts contraction .']","['positive', 'positive', 'negative']","['synthetic', 'synthetic', 'synthetic']","[1.0, 1.0, -1.0]"
2024-05-09,"['TCS participated in conference with IT services contracts presentations .', 'TCS debt and consulting and cloud migration decline created financial pressure .', 'TCS win major deals boosting momentum in IT services contracts revenue expansion .']","['neutral', 'neutral', 'positive']","['synthetic', 'synthetic', 'synthetic']","[0.0, -1.0, 1.0]"
2024-05-10,"['TCS reported losses driven by weak digital transformation deals with lower margins .', 'TCS warning about consulting and cloud migration decline raised concern among investors .', 'TCS surged on positive outlook for IT services contracts with higher revenue .']","['negative', 'negative', 'positive']","['synthetic', 'synthetic', 'synthetic']","[-1.0, -1.0, 1.0]"
2024-05-13,"['TCS profit drop amid enterprise solutions weakness raised default concern .', 'TCS scheduled IT services contracts business review with typical agenda .', 'TCS recall and fine risk created uncertainty for enterprise solutions .']","['negative', 'negative', 'negative']","['synthetic', 'synthetic', 'synthetic']","[-1.0, 0.0, -1.0]"
2024-05-14,"['TCS announced routine updates on enterprise solutions business plans .', 'TCS industry observers noted mixed signals for consulting and cloud migration .', 'TCS slower IT services contracts demand and falling margins proved disappointing .']","['positive', 'neutral', 'negative']","['synthetic', 'synthetic', 'synthetic']","[0.0, 0.0, -1.0]"
2024-05-15,"['TCS slower digital transformation deals demand and falling margins proved disappointing .', 'TCS cut its forecast citing risk of IT services contracts contraction .', 'TCS warning about enterprise solutions decline raised concern among investors .']","['negative', 'negative', 'negative']","['synthetic', 'synthetic', 'synthetic']","[-1.0, -1.0, -1.0]"
2024-05-16,"['TCS missed estimates with disappointing digital transformation deals decline .', 'TCS fell amid uncertainty over IT services contracts and downside risk .', 'TCS debt and digital transformation deals decline created financial pressure .']","['negative', 'negative', 'negative']","['synthetic', 'synthetic', 'synthetic']","[-1.0, -1.0, -1.0]"
2024-05-17,"['TCS upgrade by analysts citing strong IT services contracts growth and higher margin .', 'TCS benefited from rising demand for enterprise solutions with improved profit margin .', 'TCS benefited from rising demand for consulting and cloud migration with improved profit margin .']","['neutral', 'positive', 'positive']","['synthetic', 'synthetic', 'synthetic']","[1.0, 1.0, 1.0]"
2024-05-21,"['TCS released standard consulting and cloud migration financial disclosures and filings .', 'TCS scheduled consulting and cloud migration business review with typical agenda .', 'TCS sector conditions showed typical patterns for enterprise solutions .', 'TCS IT services contracts business continued gradual development this quarter .', 'TCS faces lawsuit risk and penalty concern impacting consulting and cloud migration .', 'TCS industry observers noted mixed signals for enterprise solutions .']","['neutral', 'neutral', 'neutral', 'negative', 'negative', 'neutral']","['synthetic_fill', 'synthetic_fill', 'synthetic_fill', 'synthetic', 'synthetic', 'synthetic']","[0.0, 0.0, 0.0, 0.0, -1.0, 0.0]"
2024-05-22,"['TCS surged on positive outlook for enterprise solutions with higher revenue .', 'TCS governance review of digital transformation deals operations found no issues .', 'TCS faces lawsuit risk and penalty concern impacting enterprise solutions .']","['positive', 'neutral', 'neutral']","['synthetic', 'synthetic', 'synthetic']","[1.0, 0.0, -1.0]"
2024-05-23,"['TCS provided update on digital transformation deals operations and near-term plans .', 'TCS reported loss as consulting and cloud migration revenue fell amid weak demand .', 'TCS maintained stable enterprise solutions operations with results in line .']","['neutral', 'negative', 'neutral']","['synthetic', 'synthetic', 'synthetic']","[0.0, -1.0, 0.0]"
2024-05-24,"['TCS raised its growth forecast citing strong digital transformation deals demand .', 'TCS traded in a narrow range as digital transformation deals news was expected .', 'TCS slower IT services contracts demand and falling margins proved disappointing .']","['positive', 'neutral', 'negative']","['synthetic', 'synthetic', 'synthetic']","[1.0, 0.0, -1.0]"
2024-05-27,"['TCS confirmed alignment with enterprise solutions priorities announced earlier .', 'TCS reported loss as IT services contracts revenue fell amid weak demand .', 'TCS win major deals boosting momentum in digital transformation deals revenue expansion .']","['neutral', 'negative', 'positive']","['synthetic', 'synthetic', 'synthetic']","[0.0, -1.0, 1.0]"
2024-05-28,"['TCS profit drop amid digital transformation deals weakness raised default concern .', 'TCS delivered record profit reflecting innovation in enterprise solutions .', 'TCS IT services contracts business continued gradual development this quarter .']","['neutral', 'neutral', 'neutral']","['synthetic', 'synthetic', 'synthetic']","[-1.0, 1.0, 0.0]"
2024-05-29,"['TCS outperform the sector with strong consulting and cloud migration demand and efficient operations .', 'TCS consulting and cloud migration outlook remains mixed with balanced factors .', 'TCS win major deals boosting momentum in IT services contracts revenue expansion .']","['positive', 'neutral', 'negative']","['synthetic', 'synthetic', 'synthetic']","[1.0, 0.0, 1.0]"
2024-05-30,"['TCS reported enterprise solutions performance consistent with consensus .', 'TCS confirmed alignment with enterprise solutions priorities announced earlier .', 'TCS reduced IT services contracts investment amid concern about further losses .']","['neutral', 'neutral', 'negative']","['synthetic', 'synthetic', 'synthetic']","[0.0, 0.0, -1.0]"
2024-05-31,"['TCS debt and enterprise solutions decline created financial pressure .', 'TCS sector conditions showed typical patterns for IT services contracts .', 'TCS faces lawsuit risk and penalty concern impacting digital transformation deals .']","['negative', 'negative', 'negative']","['synthetic', 'synthetic', 'synthetic']","[-1.0, 0.0, -1.0]"
2024-06-03,"['TCS scheduled enterprise solutions business review with typical agenda .', 'TCS slower digital transformation deals demand and falling margins proved disappointing .', 'TCS reduced consulting and cloud migration investment amid concern about further losses .']","['neutral', 'negative', 'negative']","['synthetic', 'synthetic', 'synthetic']","[0.0, -1.0, -1.0]"
2024-06-04,"['TCS missed estimates with disappointing consulting and cloud migration decline .', 'TCS reduced consulting and cloud migration investment amid concern about further losses .', 'TCS shares soared after record digital transformation deals revenue and strong profit gain .']","['negative', 'positive', 'positive']","['synthetic', 'synthetic', 'synthetic']","[-1.0, -1.0, 1.0]"
2024-06-05,"['TCS fell amid uncertainty over IT services contracts and downside risk .', 'TCS win major deals boosting momentum in consulting and cloud migration revenue expansion .', 'TCS reduced consulting and cloud migration investment amid concern about further losses .']","['negative', 'positive', 'positive']","['synthetic', 'synthetic', 'synthetic']","[-1.0, 1.0, -1.0]"
2024-06-06,"['TCS win major deals boosting momentum in consulting and cloud migration revenue expansion .', 'TCS return on consulting and cloud migration investment exceeded expectations with surplus .', 'TCS beat estimates with improved margin and rising enterprise solutions momentum .']","['positive', 'positive', 'neutral']","['synthetic', 'synthetic', 'synthetic']","[1.0, 1.0, 1.0]"
2024-06-07,"['TCS return on digital transformation deals investment exceeded expectations with surplus .', 'TCS operational activity in consulting and cloud migration continued normal trajectory .', 'TCS digital transformation deals outlook remains mixed with balanced factors .']","['positive', 'neutral', 'positive']","['synthetic', 'synthetic', 'synthetic']","[1.0, 0.0, 0.0]"
2024-06-10,"['TCS return on digital transformation deals investment exceeded expectations with surplus .', 'TCS beat estimates with improved margin and rising enterprise solutions momentum .', 'TCS reported strong profit growth driven by higher enterprise solutions demand .']","['positive', 'positive', 'positive']","['synthetic', 'synthetic', 'synthetic']","[1.0, 1.0, 1.0]"
2024-06-11,"['TCS beat estimates with improved margin and rising enterprise solutions momentum .', 'TCS faces lawsuit risk and penalty concern impacting digital transformation deals .', 'TCS announced layoffs amid enterprise solutions slowdown and restructuring .']","['neutral', 'negative', 'negative']","['synthetic', 'synthetic', 'synthetic']","[1.0, -1.0, -1.0]"
2024-06-12,"['TCS shares soared after record enterprise solutions revenue and strong profit gain .', 'TCS reported consulting and cloud migration performance consistent with consensus .', 'TCS scheduled IT services contracts business review with typical agenda .']","['positive', 'neutral', 'neutral']","['synthetic', 'synthetic', 'synthetic']","[1.0, 0.0, 0.0]"
2024-06-13,"['TCS announced routine updates on digital transformation deals business plans .', 'TCS profit drop amid IT services contracts weakness raised default concern .', 'TCS missed estimates with disappointing digital transformation deals decline .']","['neutral', 'neutral', 'negative']","['synthetic', 'synthetic', 'synthetic']","[0.0, -1.0, -1.0]"
2024-06-14,"['TCS maintained stable consulting and cloud migration operations with results in line .', 'TCS exceeded revenue targets as rising enterprise solutions demand boosted growth .', 'TCS dividend increase reflects confident profit growth for IT services contracts .']","['neutral', 'neutral', 'positive']","['synthetic', 'synthetic', 'synthetic']","[0.0, 1.0, 1.0]"
2024-06-18,"['TCS governance review of digital transformation deals operations found no issues .', 'TCS operational activity in digital transformation deals continued normal trajectory .', 'TCS market activity reflected standard enterprise solutions volumes .', 'TCS outperform the sector with strong consulting and cloud migration demand and efficient operations .', 'TCS profit drop amid digital transformation deals weakness raised default concern .', 'TCS shares dropped on weak consulting and cloud migration demand and lower guidance .']","['neutral', 'neutral', 'neutral', 'negative', 'neutral', 'negative']","['synthetic_fill', 'synthetic_fill', 'synthetic_fill', 'synthetic', 'synthetic', 'synthetic']","[0.0, 0.0, 0.0, 1.0, -1.0, -1.0]"
2024-06-19,"['TCS participated in conference with IT services contracts presentations .', 'TCS market activity reflected standard IT services contracts volumes .', 'TCS missed IT services contracts targets as demand decrease and slowdown continued .']","['neutral', 'neutral', 'negative']","['synthetic', 'synthetic', 'synthetic']","[0.0, 0.0, -1.0]"
2024-06-20,"['TCS market activity reflected standard digital transformation deals volumes .', 'TCS reduced consulting and cloud migration investment amid concern about further losses .', 'TCS win major deals boosting momentum in IT services contracts revenue expansion .']","['neutral', 'negative', 'positive']","['synthetic', 'synthetic', 'synthetic']","[0.0, -1.0, 1.0]"
2024-06-21,"['TCS confirmed alignment with consulting and cloud migration priorities announced earlier .', 'TCS confirmed alignment with enterprise solutions priorities announced earlier .', 'TCS confirmed alignment with IT services contracts priorities announced earlier .']","['neutral', 'neutral', 'neutral']","['synthetic', 'synthetic', 'synthetic']","[0.0, 0.0, 0.0]"
2024-06-24,"['TCS exceeded revenue targets as rising IT services contracts demand boosted growth .', 'TCS breakthrough in digital transformation deals drove innovation and profit expansion .', 'TCS operational activity in enterprise solutions continued normal trajectory .']","['positive', 'positive', 'positive']","['synthetic', 'synthetic', 'synthetic']","[1.0, 1.0, 0.0]"
2024-06-25,"['TCS market activity reflected standard enterprise solutions volumes .', 'TCS shares soared after record digital transformation deals revenue and strong profit gain .', 'TCS released standard enterprise solutions financial disclosures and filings .']","['neutral', 'neutral', 'neutral']","['synthetic', 'synthetic', 'synthetic']","[0.0, 1.0, 0.0]"
2024-06-26,"['TCS outperform the sector with strong digital transformation deals demand and efficient operations .', 'TCS beat estimates with improved margin and rising digital transformation deals momentum .', 'TCS recovery in enterprise solutions drove higher profit and record revenue increase .']","['neutral', 'positive', 'positive']","['synthetic', 'synthetic', 'synthetic']","[1.0, 1.0, 1.0]"
2024-06-27,"['TCS maintained stable IT services contracts operations with results in line .', 'TCS warning about digital transformation deals decline raised concern among investors .', 'TCS provided update on consulting and cloud migration operations and near-term plans .']","['neutral', 'positive', 'neutral']","['synthetic', 'synthetic', 'synthetic']","[0.0, -1.0, 0.0]"
2024-06-28,"['TCS dividend increase reflects confident profit growth for IT services contracts .', 'TCS return on digital transformation deals investment exceeded expectations with surplus .', 'TCS reported strong profit growth driven by higher enterprise solutions demand .']","['positive', 'positive', 'positive']","['synthetic', 'synthetic', 'synthetic']","[1.0, 1.0, 1.0]"
