date,close,high,low,open,volume,sma_20,sma_50,ema_12,ema_26,rsi_14,macd,macd_signal,macd_hist,bb_upper,bb_lower,bb_width,atr_14,obv,stoch_k,stoch_d,returns,log_returns,vol_20,future_return_5d
2020-01-02,28.68400001525879,28.713333129882812,28.11400032043457,28.299999237060547,142981500,,,28.68400001525879,28.68400001525879,,0.0,0.0,0.0,,,,,0.0,,,,,,0.1187188873063767
2020-01-03,29.534000396728516,30.266666412353516,29.128000259399414,29.366666793823242,266677500,,,28.81476930471567,28.74696300647877,,0.06780629823690276,0.013561259647380553,0.05424503858952221,,,,,266677500.0,,,0.02963325829792085,0.02920267893223429,,0.07932100611185944
2020-01-06,30.1026668548584,30.104000091552734,29.333332061767578,29.364667892456055,151995000,,,29.012907389353014,28.84738551376615,,0.16552187558686526,0.0439533828352775,0.12156849275158776,,,,,418672500.0,,,0.01925463704513497,0.019071612174755247,,0.16237759280599162
2020-01-07,31.270666122436523,31.441999435424805,30.224000930786133,30.760000228881836,268231500,,,29.36025488675048,29.026887781075065,,0.33336710567541417,0.10183612740330483,0.23153097827210933,,,,,686904000.0,,,0.03880052465815398,0.03806670586808656,,0.14680422218338895
2020-01-08,32.80933380126953,33.232666015625,31.215333938598633,31.579999923706055,467164500,,,29.890882412061103,29.307068967756138,,0.5838134443049654,0.19823159078363695,0.38558185352132845,,,,,1154068500.0,,,0.04920482578812169,0.048032568493066904,,0.05356194852321372
2020-01-09,32.089332580566406,33.253334045410156,31.524667739868164,33.13999938964844,426606000,,,30.229105514908074,29.513162568705045,,0.7159429462030289,0.30177386186751537,0.4141690843355135,,,,,727462500.0,,,-0.021945011900097344,-0.022189385476863444,,0.06679270843908469
2020-01-10,31.876667022705078,32.3293342590332,31.579999923706055,32.11933135986328,194392500,,,30.482576516107613,29.68823697270505,,0.7943395434025646,0.40028699817452523,0.3940525452280394,,,,,533070000.0,,,-0.006627297633174267,-0.006649355680979626,,0.0676565652383232
2020-01-13,34.990665435791016,35.04199981689453,32.79999923706055,32.900001525878906,397764000,,,31.176128657597367,30.081009451452157,,1.0951192061452097,0.5392534397686621,0.5558657663765476,,,,,930834000.0,,,0.09768895885093332,0.09320702322102224,,0.04256375487280417
2020-01-14,35.861331939697266,36.49399948120117,34.99333190917969,36.284000396728516,434943000,,,31.896929162535812,30.509181487618463,,1.3877476749173496,0.7089522867983997,0.6787953881189499,,,,,1365777000.0,,,0.024882822120200876,0.024578286172624794,,0.05881925569787283
2020-01-15,34.56666564941406,35.85599899291992,34.452667236328125,35.31733322143555,260532000,,,32.307657852824775,30.809735869973693,,1.4979219828510821,0.8667462260089362,0.6311757568421459,,,,,1105245000.0,,,-0.03610201351305786,-0.03676981311758122,,0.10356804059044
2020-01-16,34.232666015625,34.297332763671875,32.81133270263672,32.91666793823242,326050500,,,32.60381295479404,31.06328625113305,,1.540526703660987,1.0015023215393464,0.5390243821216407,,,,,779194500.0,,,-0.009662477636014799,-0.00970946227670784,,0.09996302605960761
2020-01-17,34.03333282470703,34.37799835205078,33.54399871826172,33.840667724609375,204436500,,,32.82373908862681,31.283289701027417,,1.5404493875993914,1.1092917347513556,0.43115765284803587,,,,,574758000.0,,,-0.005822894156913949,-0.005839913304383257,,0.09308519044829677
2020-01-21,36.47999954223633,36.571998596191406,35.227333068847656,35.349998474121094,267052500,,,33.386240696874424,31.668231170746594,,1.7180095261278296,1.2310352930266504,0.48697423310117927,,,,,841810500.0,,,0.07189030619278935,0.06942373110021945,,0.0360014150351986
2020-01-22,37.97066879272461,39.633331298828125,37.27333450317383,38.125999450683594,470535000,,,34.09153732700522,32.135078402004225,,1.9564589250009945,1.3761200194215193,0.5803389055794752,,,,1.653285299028669,1312345500.0,85.5663275056704,,0.04086264444061727,0.04004983514491321,,0.0200680484997513
2020-01-23,38.14666748046875,38.79999923706055,37.040000915527344,37.616668701171875,294765000,,,34.71540350446115,32.5803812967053,81.57590734964833,2.1350222077558527,1.527900457088386,0.6071217506674667,,,,1.7361899784633092,1607110500.0,85.84848194085366,,0.004635122144013071,0.004624413044606698,,0.11990565924527385
2020-01-24,37.654666900634766,38.25733184814453,36.95066833496094,38.04199981689453,215304000,,,35.16759787310325,32.95625430440378,77.76106518229633,2.211343568699469,1.6645890794106029,0.5467544892888663,,,,1.716475486755371,1391806500.0,80.78966460617006,84.06815801756471,-0.012897603180825445,-0.012981499419033645,,0.15181829095390564
2020-01-27,37.201332092285156,37.62933349609375,35.95199966430664,36.132667541503906,204121500,,,35.48048006066969,33.27070451091351,74.46016032472332,2.2097755497561806,1.7736263734797184,0.4361491762764622,,,,1.7830468586512975,1187685000.0,74.15332322112332,80.26382325604901,-0.012039272835579595,-0.012112331857897394,,0.39779940866106256
2020-01-28,37.793331146240234,38.45399856567383,37.2053337097168,37.89933395385742,176827500,,,35.83630330460362,33.605713891308085,73.40445138858004,2.230589413295533,1.8650189814428815,0.3655704318526516,,,,1.7768564224243164,1364512500.0,78.14206782646046,77.69501855125128,0.015913383222044608,0.01578809278786119,,0.5647557683504933
2020-01-29,38.732666015625,39.31999969482422,37.82866668701172,38.37933349609375,267022500,,,36.281897567837675,33.985488122738964,72.20916194763834,2.2964094450987105,1.9512970741740474,0.34511237092466307,,,,1.7418090275355749,1631535000.0,88.8925557517203,80.3959822664347,0.024854513769903885,0.02455066473079113,,0.26456566461181596
2020-01-30,42.72066879272461,43.391998291015625,41.20000076293945,42.16133117675781,435085500,34.837566471099855,,37.272477756281816,34.6325385427379,82.01566231985811,2.6399392135439186,2.0890255020480217,0.5509137114958969,42.04525919489658,27.62987374730313,0.33743351532100574,1.9511423110961914,2066620500.0,94.31654595303597,87.11705651040558,0.10296225866535558,0.09799952270077929,,0.16877074465886
2020-01-31,43.371334075927734,43.53333282470703,42.167999267578125,42.66666793823242,235789500,35.5719331741333,,38.21076334391965,35.27985673038159,83.72583871827375,2.9309066135380633,2.25740172434603,0.6735048891920332,43.12440762008343,28.01945872818317,0.34827033140038727,1.9951422555106026,2302410000.0,98.49069491373439,93.89993220616356,0.015230690473505337,0.015115867923964223,0.03762204182708263,0.1498685742204937
2020-02-03,52.0,52.409332275390625,44.90133285522461,44.91266632080078,705975000,36.69523315429687,,40.332184367932015,36.51838586146443,87.70467247543515,3.8137985064675846,2.5686810807703413,1.2451174256972433,46.73859256522831,26.651873743365435,0.3862830542665937,2.414618355887277,3008385000.0,97.91135684614049,96.90619923763695,0.19894859376394902,0.18144500086765858,0.05470940731907643,-0.0111794838538537
2020-02-04,59.137332916259766,64.59933471679688,55.59199905395508,58.86399841308594,914082000,38.14696645736694,,43.22528414459782,38.1938634210789,90.3779402898096,5.03142072351892,3.061229009320057,1.970191714198863,51.8902013011957,24.403731613538184,0.46479048567474596,3.2071898324148997,3922467000.0,82.81741079879068,93.07315418622186,0.13725640223576474,0.1286186970285338,0.059630940359030986,-0.12702637517039994
2020-02-05,48.97999954223633,56.39866638183594,46.94066619873047,54.88399887084961,726357000,39.032433128356935,,44.110624975003745,38.99283646709056,69.12326516806297,5.117788507913183,3.4725409090386825,1.6452475988745001,53.186126854046876,24.878739402666994,0.5779376830530575,3.9777614048549106,3196110000.0,50.86405503525682,77.19760756006265,-0.1717583947927872,-0.18845037343186985,0.07555364102909569,0.04435827842664053
2020-02-06,49.930667877197266,53.05533218383789,45.79999923706055,46.66133117675781,598212000,39.88849983215332,,45.00601619072582,39.80304620117254,70.4924018039577,5.2029699895532815,3.8186267251416024,1.384343264411679,54.52041174997743,25.25658791432922,0.5860891728430623,4.370618547712054,3794322000.0,52.7660340212736,62.14916661844037,0.01940931694254422,0.019223358515689473,0.07535249379804754,0.0734885142323436
2020-02-07,49.871334075927734,51.31666564941406,48.66666793823242,48.70333480834961,255952500,40.77759990692139,,45.75452663460304,40.54884530300626,70.7510070021747,5.205681331596779,4.096037646432638,1.1096436851641407,55.57419276597243,25.981007047870346,0.5933906976109216,4.500332696097238,3538369500.0,49.85700730274869,51.16236545309304,-0.001188323805631053,-0.0011890304222129079,0.07482919114343636,0.06945875353224862
2020-02-10,51.41866683959961,54.66600036621094,50.15999984741211,53.33333206176758,370338000,41.754699897766116,,46.62593281998713,41.35401726867984,70.04508306280546,5.271915551307288,4.331213227407568,0.9407023238997194,56.65699376950002,26.85240602603221,0.579645284006354,4.661475590297154,3908707500.0,53.98989869882712,52.204313340949795,0.031026496329857656,0.030554904345579816,0.0744664451717041,0.11295506115210263
2020-02-11,51.62533187866211,52.23400115966797,50.53333282470703,51.25266647338867,175462500,42.586433219909665,,47.395071136706356,42.11485538793779,68.9760540687995,5.280215748768569,4.521013731679769,0.7592020170887999,57.75366819432898,27.419198245490346,0.5875888608355183,4.557713917323521,4084170000.0,54.71130974343778,52.8527385816712,0.004019260937028868,0.0040112052857509935,0.07269823809788128,0.18471550595565556
2020-02-12,51.15266799926758,52.650001525878906,50.891334533691406,51.858001708984375,180337500,43.351000022888186,,47.97316296171577,42.78432298877703,67.92678285646193,5.188839972938744,4.654578979931564,0.5342609930071802,58.63205794159444,28.069942104181933,0.5974686567248086,4.557618822370257,3903832500.0,53.06136960585788,53.92085934937426,-0.009155657933695438,-0.009197828567077742,0.0730278664266425,0.17219040573509625
2020-02-13,53.599998474121094,54.53333282470703,49.0,49.45600128173828,394339500,44.302666664123535,,48.838829963624285,43.58548413583955,70.85411313518914,5.2533458277847345,4.774332349502198,0.4790134782825364,59.650836613274734,28.954496714972336,0.5726929248537771,4.859523773193359,4298172000.0,61.60432995551646,56.45900310160405,0.047843652551780025,0.04673438827304504,0.07201368266932975,0.12064677909301014
2020-02-14,53.33533477783203,54.198001861572266,52.366668701171875,52.4813346862793,235405500,45.25780010223389,,49.53059993504086,44.30769529450566,71.2055175581876,5.222904640535198,4.864046807708799,0.3588578328263994,60.34267301478995,30.172927189677818,0.5656615065937807,4.8687141963413785,4062766500.0,58.8815086316072,57.849069397660514,-0.004937755668348531,-0.004949986662921484,0.07190297916659102,0.042198361868343914
2020-02-18,57.22666549682617,57.33333206176758,55.490665435791016,56.106666564941406,245725500,46.417466735839845,,50.71461002146937,45.26465605023311,73.50352204409562,5.449953971236262,4.981228240414292,0.4687257308219701,61.434980338931574,31.399953132748117,0.5248432168016013,5.064809254237583,4308492000.0,72.45989822707286,64.31524560473217,0.0729597130158357,0.0704209168261074,0.07229096814974893,-0.06813840925387626
2020-02-19,61.16133117675781,62.98533248901367,60.06800079345703,61.56666564941406,381345000,47.65153331756592,,52.32179789151375,46.44218754108679,75.29359207464563,5.879610350426958,5.160904662416825,0.7187056880101332,63.274842645928096,32.028223989203745,0.5108884658906593,5.367094857352121,4689837000.0,85.30725896868798,72.21622194245602,0.06875580895325561,0.06649517653196184,0.07219594928190831,-0.15109764339668819
2020-02-20,59.96066665649414,60.79999923706055,57.3293342590332,60.79666519165039,264523500,48.75103321075439,,53.4970084707415,47.443556364450295,70.74642778162197,6.0534521062912034,5.339414151191701,0.7140379550995029,64.5992251950373,32.90284122647148,0.5286196057517132,5.307999474661691,4425313500.0,79.32058895201668,79.02924871592585,-0.019631105097986157,-0.019826354777620053,0.0729202804888958,-0.24506065498438157
2020-02-21,60.06666564941406,60.87066650390625,58.6966667175293,60.46533203125,214722000,49.84703311920166,,54.50772495976805,48.37860149666983,70.35785149558579,6.129123463098217,5.497356013573004,0.6317674495252135,65.63911172989249,34.05495450851083,0.5258183866193971,5.365761348179409,4640035500.0,76.98919362478468,80.53901384849644,0.0017678087791648256,0.0017662480443414094,0.07296649352435311,-0.2586126635927234
2020-02-24,55.58599853515625,57.56666564941406,54.813331604003906,55.93333435058594,227883000,50.74359970092773,,54.67361320213546,48.91248275877994,54.864791554184826,5.761130443355526,5.550110899529509,0.2110195438260174,65.63129575008998,35.85590365176549,0.5356635282802839,5.095428194318499,4412152500.0,52.05502773288669,69.45493676989601,-0.07459490327646512,-0.07752369493467591,0.07591833802371067,-0.10814467328633026
2020-02-25,53.32733154296875,57.106666564941406,52.46666717529297,56.599998474121094,259357500,51.549899673461915,,54.46649294687904,49.23950859464578,40.91562317743253,5.226984352233266,5.485485590070261,-0.2585012378369944,65.0296065278526,38.07019281907124,0.505545897924007,4.526904242379325,4152795000.0,43.80090973571727,57.61504369779621,-0.040633739641448896,-0.041482357972054684,0.07686405335633612,-0.06800758828679832
2020-02-26,51.91999816894531,54.22066879272461,51.740665435791016,52.16666793823242,211282500,52.256233024597165,,54.07472451950462,49.43806337792722,56.328569961140786,4.636661141577399,5.315720700371688,-0.6790595587942896,64.07951531332644,40.43295073586789,0.45544232302385107,3.8328568594796315,3941512500.0,35.611755918862414,43.82256446248879,-0.026390470576789893,-0.026744949535016983,0.07758867465279493,-0.03762193880085074
2020-02-27,45.266666412353516,49.31800079345703,44.599998474121094,48.66666793823242,364158000,52.582933044433595,,52.71963865686599,49.12907101010695,41.93934171986403,3.590567646759041,4.9706900896491595,-1.3801224428901184,63.12443037238029,42.0414357164869,0.46575098912385837,3.837475912911551,3577354500.0,3.626085540007831,27.679583731529167,-0.1281458395846271,-0.13713311629061195,0.08422319946722805,0.0670692043111698
2020-02-28,44.53266525268555,46.03466796875,40.768001556396484,41.97999954223633,363343500,52.67353286743164,,51.46010428699208,48.788596509557216,40.98359766623547,2.6715077774348615,4.5108536272063,-1.8393458497714388,62.8840890859685,42.46297664889478,0.4585647933084854,4.024380820138114,3214011000.0,16.944716300699852,18.727519253190028,-0.016215047800994142,-0.016347950327421108,0.0815622001190082,0.05312956490983223
2020-03-02,49.574668884277344,49.5793342590332,45.77799987792969,47.41733169555664,302925000,52.98369960784912,,51.17003730195904,48.84682409286982,47.21450348776663,2.323213209089225,4.073325543582885,-1.75011233449366,62.34612635554926,43.62127286014898,0.37771010713374403,4.042381014142718,3516936000.0,39.63872777605088,20.06984320558618,0.11322034293215233,0.1072570247859105,0.08506269738520174,-0.18237814317379697
2020-03-03,49.70066833496094,53.798667907714844,47.740665435791016,53.66666793823242,386760000,52.86873302459717,,50.94398053780549,48.910071814506196,47.085549501242376,2.033908723299291,3.6654421795261665,-1.6315334562268755,62.337881794139896,43.39958425505444,0.38104714028088205,4.3536191667829245,3903696000.0,40.20585013228739,32.263098069679366,0.0025416095259802596,0.0025383850988232293,0.07253059728441892,-0.13437785043087846
2020-03-04,49.96666717529297,51.10133361816406,48.31533432006836,50.930667877197266,225735000,52.41019973754883,,50.793624635880484,48.988338137527435,48.19276924288421,1.8052864983530483,3.293411043291543,-1.4881245449384948,61.48102380014295,43.33937567495471,0.3630750088162523,4.427000045776367,4129431000.0,41.40310843989781,40.41589544941202,0.0053520173720666975,0.005337746224066965,0.06503179764987088,-0.1537958425958712
2020-03-05,48.30266571044922,49.71666717529297,47.871334075927734,48.2513313293457,162790500,52.37633304595947,,50.41040018581413,48.937547587373494,41.730496381600695,1.4728525984406389,2.9292993543213623,-1.4564467558807235,61.505948324957274,43.246717766961666,0.37801703672941644,4.181428636823382,3966640500.0,33.91345331518641,38.507470629123866,-0.033302230445070524,-0.033869376791647296,0.05268791168578921,-0.22633671698577518
2020-03-06,46.89866638183594,47.133331298828125,45.61800003051758,46.0,189943500,52.22473297119141,,49.87013344674057,48.786519349926266,40.297063824298924,1.0836140968143013,2.5601623028199505,-1.4765482060056492,61.62211008834023,42.82735585404259,0.40075242398741073,4.2423809596470425,3776697000.0,27.594065388669637,34.303542381251276,-0.029066704869448956,-0.029497510135476336,0.05289340293237664,-0.22297718502149466
2020-03-09,40.53333282470703,44.20000076293945,40.33333206176758,40.35933303833008,256105500,51.75783290863037,,48.433702581812334,48.17517219991003,26.582373574820252,0.25853038190230393,2.0998359186364213,-1.8413055367341173,62.48179767913808,41.033868138122656,0.5291430051846582,4.425762176513672,3520591500.0,0.8829275964963367,20.796815433450785,-0.13572525720249962,-0.14586457137702016,0.060780080969376,-0.26797696500046586
2020-03-10,43.02199935913086,44.53333282470703,40.53333282470703,43.96200180053711,233916000,51.337999534606936,,47.60113285524595,47.79345569318565,23.47792407073625,-0.19232283793969884,1.6414041673211974,-1.8337270052608963,62.7530477728708,39.92295129634307,0.5306609831391376,4.300143105643136,3754507500.0,13.091607894916175,13.85620029336071,0.061398023823663106,0.059586929551683376,0.06218324471620769,-0.33336430820505736
2020-03-11,42.28200149536133,43.571998596191406,40.866668701171875,42.68000030517578,199837500,50.870833015441896,,46.78280495372524,47.38519982668014,23.798516220340034,-0.6023948729549033,1.1926443592659774,-1.7950392322208808,62.98002438587389,38.7616416450099,0.5727823159819181,4.21966688973563,3554670000.0,9.488424308368712,7.820986599927068,-0.017200452670558586,-0.01735009892797303,0.06216641510287459,-0.4304590059900002
2020-03-12,37.369998931884766,39.633331298828125,36.41666793823242,38.72600173950195,283636500,50.18169956207275,,45.33468095036517,46.64333309373234,20.555933027984636,-1.3086521433671692,0.6923850587393482,-2.0010372021065175,63.70905540110359,36.65434372304191,0.7239687570603087,4.483333587646484,3271033500.0,4.507475634870916,9.02916927938526,-0.11617242301113506,-0.12349328402408655,0.06670575307308468,-0.23710640964092544
2020-03-13,36.44133377075195,40.50466537475586,33.46666717529297,39.66666793823242,339604500,49.3237663269043,43.88627979278564,43.96647369196314,45.88762944017824,22.642663829127414,-1.9211557482150994,0.16967689734845867,-2.090832645563558,64.06069692846248,34.58683572534611,0.808803030880617,4.610809598650251,2931429000.0,12.583192352516344,8.859697431918649,-0.0248505535904755,-0.02516454136147571,0.0651550029755825,-0.21786614650225267
2020-03-16,29.67133331298828,32.9913330078125,29.47800064086914,31.299999237060547,307342500,48.14056625366211,43.906026458740236,41.76722132596701,44.68642231964565,20.056710552524436,-2.9192009936786434,-0.44809868085696175,-2.4711023128216816,65.14655609966078,31.134576407663435,1.1462909109348653,4.776762008666992,2624086500.0,0.7813735807503394,5.957347189379192,-0.18577806455584012,-0.20552230217550044,0.0751657593681118,-0.024220889202359097
2020-03-17,28.68000030517578,31.456666946411133,26.399999618530273,29.333999633789062,359919000,46.71323299407959,43.88894645690918,39.75380270738374,43.50076142968492,20.270181896169674,-3.74695872230118,-1.1078706891458054,-2.6390880331553745,65.23280075902002,28.193665229139157,1.2914621734922556,4.960809435163226,2264167500.0,8.321574838957797,7.228713590741486,-0.03341046380880208,-0.03398134500612111,0.0714606593203825,0.17387264923273782
2020-03-18,24.08133316040039,26.99066734313965,23.367332458496094,25.933332443237305,356793000,44.85923309326172,43.76851978302002,37.34265354630938,42.06228526158977,21.39488272428534,-4.719631715280393,-1.830222894372723,-2.88940882090767,64.66798921028058,25.05047697624287,1.6451544426612221,4.8174285888671875,1907374500.0,2.346268053442145,3.816405491050087,-0.1603440409986845,-0.17476304366003273,0.07290767878093586,0.49285758074457564
2020-03-19,28.50933265686035,30.133333206176758,23.8973331451416,24.979999542236328,452932500,43.28666639328003,43.713293113708495,35.98368110177876,41.05836284642463,30.32723998328906,-5.074681744645872,-2.479114664427353,-2.595567080218519,63.041180962650415,23.532151823909647,1.385827918677483,4.8866667066301614,2360307000.0,16.897057333470705,9.18830007529021,0.1838768421567878,0.16879451260286096,0.08879127686076121,0.23505755396983008
2020-03-20,28.50200080871582,31.799999237060547,28.38599967956543,29.213333129882812,424282500,41.70843315124512,43.62714645385742,34.832653364384456,40.12826195474249,20.4781871416307,-5.295608590358036,-3.04241344961349,-2.253195140744546,60.85246108343782,22.56440521905242,1.3433462486141337,4.770047460283552,1936024500.0,16.872964246407456,12.038763211106762,-0.0002571736151377735,-0.00025720668994270134,0.0887510694686955,0.2030968884494191
2020-03-23,28.952667236328125,29.46666717529297,27.366666793823242,28.906667709350586,246817500,40.37676658630371,43.564413146972655,33.92804011391425,39.300440123748835,21.195064766486638,-5.372400009834585,-3.5084107616577094,-1.863989248176876,59.15806524810809,21.595467924499328,1.2973795131550916,4.487333025251116,2182842000.0,20.138943333402203,17.969654971093448,0.015811747064244486,0.015688043665694176,0.08881180241197387,0.15620899084135376
2020-03-24,33.66666793823242,34.24599838256836,31.600000381469727,31.81999969482422,343428000,39.39373340606689,43.6002131652832,33.8878290099632,38.88312366556244,29.8579764571962,-4.995294655599238,-3.8057875404460155,-1.1895071151532228,57.361440161680136,21.426026650453654,1.0673884798209459,4.66642815726144,2526270000.0,39.087649043298036,25.366518874369223,0.16281749323562988,0.15084593365171223,0.09844927542055944,0.03762375340135948
2020-03-25,35.95000076293945,37.133331298828125,34.07400131225586,36.349998474121094,318340500,38.5952335357666,43.619399871826175,34.20508620272877,38.66585530240518,34.965841628829494,-4.460769099676405,-3.9367838522920935,-0.5239852473843114,55.61338331159706,21.577083759936144,0.9467677003987339,4.764380318777902,2844610500.0,52.94399107080883,37.39019448250301,0.06782176450892674,0.06562083944686455,0.10026844388255868,-0.10698193573757941
2020-03-26,35.21066665649414,37.33333206176758,34.150001525878906,36.49266815185547,260710500,38.092433547973634,43.60638656616211,34.359790887923445,38.409915402708066,35.54085679958658,-4.0501245147846205,-3.9594519847905993,-0.0906725299940212,54.87321123081071,21.311655865136554,0.9531644400002909,4.799999237060547,2583900000.0,55.95452136694191,49.328720493682916,-0.020565621439638027,-0.0207800386755252,0.0966065056213445,-0.13952210472830406
2020-03-27,34.29066848754883,35.0533332824707,32.935333251953125,33.66666793823242,215661000,37.5803337097168,43.600866622924805,34.34915667248119,38.10478600158516,41.07476694525583,-3.755629329103968,-3.9186874536532734,0.16305812454930546,54.15746305025387,21.003204369179727,0.9668595026986037,4.493570600237165,2368239000.0,51.60793649977675,53.502149645842486,-0.026128393930185068,-0.026475805312348537,0.09667626710280838,-0.0667820435276395
2020-03-30,33.47533416748047,34.44333267211914,32.7486686706543,34.017333984375,179971500,36.775366973876956,43.585719985961916,34.21472244094262,37.76186364350333,35.66509278725319,-3.5471412025607094,-3.844378203434761,0.29723700087405147,52.43848689980916,21.11224704794475,0.9358006613208424,4.32890374319894,2188267500.0,50.028056091587,52.530171319435205,-0.02377714859552571,-0.024064387275638185,0.09235497092828927,0.028100278074125296
2020-03-31,34.93333435058594,36.19733428955078,33.133331298828125,33.41666793823242,266572500,36.037000274658205,43.60372001647949,34.325278119349285,37.55234295513908,39.19843134146413,-3.227064835789797,-3.7209155299057683,0.4938506941159715,50.479330301552764,21.594670247763645,0.8268509316604825,4.354523250034878,2454840000.0,67.49009281625854,56.37536180254076,0.04355446239344318,0.04263263821287683,0.09322432699117209,0.04093512204774119
2020-04-01,32.104000091552734,34.26333236694336,31.67333221435547,33.599998474121094,200298000,35.14386692047119,43.51620002746582,33.98354303814982,37.14876200228083,41.75487072707161,-3.1652189641310144,-3.609776216750818,0.4445572526198034,48.09103393908721,22.19669990185517,0.8065765625276524,4.168428148542132,2254542000.0,50.980322756393186,56.1661572214129,-0.08099239055277141,-0.08446087652228773,0.09430822551199991,0.13971257401640313
2020-04-02,30.29800033569336,32.95066833496094,29.760000228881836,32.068668365478516,297876000,34.2436336517334,43.36274665832519,33.41653646854113,36.6412981751262,40.63839694944231,-3.2247617065850704,-3.5327733147176685,0.3080116081325981,45.76348767298687,22.723779630479925,0.7604365894525523,3.8936188561575755,1956666000.0,49.62529051681721,56.031902029822966,-0.05625466454987249,-0.057898921000518445,0.09464821347281911,0.2608093055546288
2020-04-03,32.000667572021484,34.36600112915039,31.22599983215332,33.96666717529297,338431500,33.49873371124268,43.23982666015625,33.19871048446119,36.29754776008141,54.19790637149504,-3.0988372756202196,-3.4459861068981787,0.34714883127795915,43.38377769533259,23.613689727152767,0.6178023606440328,3.686809403555734,2295097500.0,61.81680766255281,54.140806978587726,0.05619734693587186,0.05467504939194526,0.09606923121372843,0.3561175679475794
2020-04-06,34.41600036621094,34.733333587646484,33.19733428955078,34.08000183105469,223527000,33.19286708831787,43.17505332946777,33.385985850884225,36.15817387905396,59.832693685401125,-2.7721880281697366,-3.3112264911524907,0.539038462982754,42.52449587155753,23.86123830507821,0.5422843261241534,3.5208093098231723,2518624500.0,79.11118588558188,63.51776135498395,0.0754775752334993,0.07276481895829454,0.09361912523351504,0.37511621658648453
2020-04-07,36.36333465576172,37.66666793823242,35.48933410644531,36.33333206176758,268797000,32.859933853149414,43.158293380737305,33.84403951317307,36.173370973624905,73.15902248774924,-2.329331460451833,-3.1148474850123593,0.7855160245605264,41.12972399140653,24.5901437148923,0.45484223141492214,3.373523575919015,2787421500.0,90.53452252442845,77.1541720241877,0.05658223700690801,0.05503939414254686,0.09344827088532885,0.3380327996114316
2020-04-08,36.589332580566406,37.14733123779297,35.55533218383789,36.9466667175293,189840000,32.57530040740967,43.13421340942383,34.266392292772046,36.20418294450946,68.10468578022325,-1.9377906517374157,-2.8794361183573707,0.941645466619955,39.80626481373508,25.344336001084258,0.3952498663594632,3.041809218270438,2977261500.0,89.54043457416317,86.39538099472448,0.006214994497730331,0.006195761068727163,0.09342322993804823,0.3577910383526379
2020-04-09,38.20000076293945,38.345333099365234,37.14066696166992,37.4726676940918,204750000,32.616800498962405,43.123560104370114,34.87156282664395,36.3520213014302,70.27343310090954,-1.4804584747862464,-2.599640589643146,1.1191821148568994,39.97208781544798,25.261513182476833,0.38509356908816933,2.9233807155064175,3182011500.0,98.67622957681863,92.91706222513675,0.04402015748241661,0.043078797207400474,0.09001541964244633,0.31568936022035765
2020-04-13,43.39666748046875,43.46666717529297,38.70199966430664,39.34400177001953,337131000,32.96456718444824,43.137080078125,36.183117388770846,36.87384694432194,75.19536611244145,-0.6907295555510942,-2.2178583828247356,1.5271288272736414,41.623433509958616,24.305700858937865,0.3990567399861943,3.1495711462838307,3519142500.0,99.48930184053651,95.90198866383942,0.13603839302984921,0.12754711640906993,0.0942946732954373,0.14657034138712333
2020-04-14,47.32600021362305,49.45866775512695,46.1619987487793,46.597999572753906,458647500,33.84730052947998,43.21617340087891,37.89740705413272,37.648080519825726,74.4972360197299,0.24932653430699503,-1.7244213993983895,1.9737479337053845,44.469589358613064,23.225011700346894,0.4488986511087156,3.2044760840279713,3977790000.0,89.17354415188629,95.7796918564138,0.09054457315006381,0.0866771798728856,0.0832232084518091,-0.03263885144129641
2020-04-15,48.65533447265625,50.20866775512695,47.33333206176758,49.46666717529297,353655000,34.846067237854,43.149280090332034,39.55247281082865,38.46343266447984,73.59364093695311,1.0890401463488075,-1.16172909024895,2.2507692365977574,47.059804316322456,22.63233015938555,0.5020513047888895,3.162762096949986,4331445000.0,92.4037432688409,93.6888630870879,0.028088878270565276,0.02770162075738181,0.08200630549207485,0.0031240238895391403
2020-04-16,49.680667877197266,50.630001068115234,47.11466598510742,47.79600143432617,309868500,36.12603397369385,42.960146789550784,41.11065666719305,39.294338976532984,76.58818762384473,1.816317690660064,-0.5661197340671473,2.382437424727211,48.940520867975636,23.311547079412065,0.5158741797093858,3.186476707458496,4641313500.0,95.45120673839249,92.34283138637322,0.021073401625000487,0.020854428493631318,0.06882546894407386,-0.05311257221471144
2020-04-17,50.259334564208984,51.663333892822266,49.84400177001953,51.48533248901367,196923000,37.21353406906128,42.98573348999023,42.51814557442627,40.10656087191639,79.71467142177967,2.4115847025098773,0.0294211532482576,2.3821635492616196,50.96382991821294,23.463238219909627,0.5471738123227604,3.165571893964495,4838236500.0,93.59001989792726,93.81498996838688,0.011647723586206471,0.011580411041559343,0.0599474114980242,-0.03812227883286323
2020-04-20,49.75733184814453,51.03799819946289,47.48066711425781,48.8466682434082,221199000,38.27630062103272,42.98226676940918,43.631866539613696,40.82143279608144,80.6551931352115,2.8104337435322577,0.5856236713050577,2.2248100722272,52.470088119036575,24.08251312302886,0.5705204427489071,3.2986195428030833,4617037500.0,91.29811893096175,93.44644852242715,-0.009988248360573104,-0.010038465581097953,0.060248032076785876,0.07019404019722808
2020-04-21,45.781333923339844,50.22200012207031,44.919334411621094,48.67466735839844,303136500,39.1177339553833,42.900466766357425,43.96255382941772,41.18883287958206,68.655413749865,2.7737209498356634,1.0232431270111788,1.7504778228244846,52.97556321549216,25.259904695274443,0.6053921138826398,3.458524022783552,4313901000.0,73.14564047436558,86.01125976775153,-0.07990777996173748,-0.08328137479063667,0.06503829002378086,0.11999064768139323
2020-04-22,48.807334899902344,48.93333435058594,45.91400146484375,46.93199920654297,212482500,39.8747673034668,42.84824012756348,44.70790476333843,41.75316636256875,78.53189723486642,2.954738400769685,1.4095421817628802,1.5451962190068047,54.12737228789012,25.622162319043476,0.584035371472489,3.4508096149989536,4526383500.0,86.96089354429469,83.80155098320732,0.06609682849410836,0.06400415510269586,0.05740941926959984,0.09342853011633867
2020-04-23,47.04199981689453,48.93333435058594,46.87533187866211,48.50666809082031,198550500,40.429367256164554,42.75657348632812,45.06699631003937,42.144931803629916,78.64114802543844,2.9220645064094555,1.7120466466921953,1.2100178597172602,54.90048814791805,25.95824636441106,0.6152425895191801,3.3699049268450056,4327833000.0,77.38778422379838,79.1647727474862,-0.03616946277907396,-0.036839791089286374,0.05758659342413206,0.10805943798209805
2020-04-24,48.34333419799805,48.71533203125,46.54533386230469,47.387332916259766,198180000,41.08600063323975,42.70038681030273,45.571048292802246,42.60407272173126,78.34381171403285,2.9669755710709893,1.9630324315679542,1.0039431395030352,55.750573434255884,26.421427832223618,0.6066843772485767,3.2343333108084544,4526013000.0,82.02101285079499,82.12323020629601,0.02766324531628772,0.02728753098899391,0.05702205871567636,-0.03286221047012472
2020-04-27,53.25,53.29933166503906,49.0,49.17399978637695,310221000,42.03396720886231,42.69338684082031,46.75242547852498,43.39265992752894,80.06640496676522,3.3597655509960376,2.2423790554535707,1.1173864955424668,57.288299345059706,26.77963507266491,0.5729326623923905,3.3931427001953125,4836234000.0,99.7230113823767,86.37726948565667,0.10149622245552825,0.09666945779957149,0.05898998492597468,-0.047023504552706874
2020-04-28,51.27466583251953,53.66666793823242,50.44599914550781,53.042667388916016,228330000,42.923933792114255,42.65217346191406,47.44815476375491,43.976512216787505,73.78303561158275,3.471642546967402,2.488231753756337,0.983410793211065,58.152709072082324,27.695158512146186,0.5940077827015166,3.3909999302455356,4607904000.0,86.79279022255206,89.51227148524124,-0.037095477323576875,-0.037801017814305886,0.05962801032382918,-0.0011831404384650135
2020-04-29,53.367332458496094,53.54666519165039,52.21066665649414,52.678001403808594,243240000,43.84563369750977,42.57498680114746,48.35879748602278,44.67212853098814,75.2564026565374,3.6866689550346408,2.727919194011998,0.9587497610226428,59.268264816231664,28.423002578787877,0.5779802140463405,3.4395713806152344,4851144000.0,98.18869984854328,94.90150048449067,0.040812876924676944,0.040002020280935593,0.05958192287233065,-0.022398188525085794
2020-04-30,52.12533187866211,57.987998962402344,50.900001525878906,57.01266860961914,427078500,44.846700286865236,42.394266815185546,48.9382643156596,45.224217667852876,71.19747637013816,3.7140466478067253,2.9251446847709435,0.7889019630357819,59.646900295277376,30.04650027845309,0.5678697660041456,3.8204283033098494,4424065500.0,69.60143473086652,84.86097493398728,-0.023272674923369818,-0.023547759980736722,0.055536305835120404,-0.002353278163465311
2020-05-01,46.75466537475586,51.518001556396484,45.5359992980957,50.33333206176758,487977000,45.66953353881836,42.13014678955078,48.60232601705903,45.337584164660505,55.08469042465061,3.2647418523985223,2.9930641182964592,0.2716777341020631,58.79967315943128,32.539393918205434,0.561661152544672,3.914904458182199,3936088500.0,14.0437529470799,60.61129584216322,-0.1030337133662409,-0.10873700220740792,0.05998787883099361,0.16839673461861526
2020-05-04,50.74599838256836,50.79999923706055,46.53333282470703,46.733333587646484,288556500,46.6068000793457,41.94373344421387,48.93212176559892,45.73820744006109,55.16886625902163,3.1939143255378326,3.033234159744734,0.16068016579309852,58.21683129378743,34.99676886490398,0.4575742554876942,3.7866663251604353,4224645000.0,44.58499908587137,42.743395587939254,0.08536758793631605,0.0819187203405193,0.061164596052852224,0.0658180006117528
2020-05-05,51.2140007019043,53.26133346557617,50.8120002746582,52.65266799926758,254875500,47.44670009613037,41.856293487548825,49.283180063492054,46.14382175575318,53.97045281153249,3.139358307738874,3.054458989343562,0.08489931839531195,57.69383553121216,37.19956466104858,0.40016930115364985,3.7604282924107144,4479520500.0,48.1661019405785,35.598284657843244,0.009222447764407393,0.009180180665024101,0.06007604285147627,0.05363115392169937
2020-05-06,52.172000885009766,52.6533317565918,50.740665435791016,51.766666412353516,166848000,48.23713340759277,41.83318687438965,49.72761403603324,46.59035354310552,53.87406303043563,3.137260492927716,3.071019290060393,0.06624120286732271,57.248935711490574,39.22533110369497,0.3454650828424372,3.645951952253069,4646368500.0,55.496615164096,49.415905396848615,0.018705825945557253,0.018533023597782732,0.059515262144496976,0.010708161844882769
2020-05-07,52.00266647338867,53.09333419799805,51.4900016784668,51.81399917602539,172915500,49.00780010223389,41.83484024047851,50.07762210331869,46.99126561201538,52.74586511255928,3.086356491303306,3.074086730308976,0.012269760994330081,56.29714619535967,41.7184540091081,0.2803450894909769,3.6188567025320872,4473453000.0,54.20088666062,52.62120125509816,-0.003245695176505081,-0.003250973870209664,0.05966696260580987,0.029857424931157395
2020-05-08,54.62799835205078,54.93333435058594,52.46733474731445,52.917999267578125,241297500,49.829199981689456,42.02206687927246,50.77767998773901,47.55694951868467,57.19066070464769,3.2207304690543452,3.10341547805805,0.11731499099629517,55.51710658540667,44.14129337797224,0.20824144304396566,3.5740950448172435,4714750500.0,74.28964070476813,61.32904750982804,0.05048456274844226,0.04925154604829151,0.05982463340362705,-0.024712574409573085
2020-05-11,54.08599853515625,54.93333435058594,52.33333206176758,52.70066833496094,247794000,50.36366653442383,42.213133544921874,51.28665207195705,48.04058277916405,63.643725813944805,3.2460692927930026,3.131946241005041,0.11412305178796167,55.48746255537708,45.23987051347058,0.1894684820369083,3.3810476575578963,4466956500.0,68.66366420553543,65.71806385697451,-0.0099216488475673,-0.009971196406895207,0.05345242891457183,0.0028843332637435992
2020-05-12,53.96066665649414,56.21933364868164,53.866668701171875,55.133331298828125,238603500,50.695399856567384,42.30085350036621,51.6980389311166,48.47910751081813,59.35834949367574,3.2189314202984676,3.1493432768637266,0.06958814343474096,55.85012503004373,45.54067468309104,0.19105491065522168,3.3239522661481584,4228353000.0,67.65714411212983,70.20348300747779,-0.002317270311292141,-0.0023199593370761967,0.05024687832683286,-0.0017296709581480219
2020-05-13,52.73066711425781,55.06666564941406,50.88666534423828,54.72200012207031,285982500,50.89916648864746,42.361453475952146,51.856904805446014,48.79403785181366,60.53534900534073,3.0628669536323514,3.1320480122174517,-0.06918105858510026,56.0365053328238,45.76182764447112,0.19485203299418372,3.4755235399518694,3942370500.0,57.77921626682709,64.70000819483077,-0.02279437261341355,-0.02305818093053759,0.050452510745423854,0.031101434504798853
2020-05-14,53.55533218383789,53.557334899902344,50.93333435058594,52.0,205233000,51.09289970397949,42.43322677612305,52.11820132519861,49.146726320852494,59.826048727352806,2.971475004346118,3.0999334106431853,-0.12845840629706728,56.32806451934485,45.85773488861413,0.19550489566173374,3.5079522814069475,4147603500.0,64.40196836886685,63.279442915941246,0.01563919280204029,0.015518160889563192,0.05037733632591566,0.030211744835481724
2020-05-15,53.27799987792969,53.66999816894531,52.436668395996094,52.689998626708984,157776000,51.243832969665526,42.53273345947266,52.296631871772625,49.45274658433969,50.06394999565497,2.843885287432933,3.048723786001135,-0.20483849856820235,56.55136942809361,45.936296511237444,0.19923932845034295,3.242047446114676,3989827500.0,62.17475737173762,61.45198066914384,-0.005178425650618879,-0.005191880165631997,0.05040043354919868,0.022160514281737376
2020-05-18,54.242000579833984,55.64799880981445,53.59199905395508,55.185333251953125,174987000,51.46806640625,42.679600143432616,52.595919365320526,49.80750613956149,57.10546037717569,2.7884132257590366,2.9966616739527154,-0.20824844819367883,56.88890225607516,46.04723055642484,0.19987595560184815,3.1812853131975447,4164814500.0,69.91649145313312,65.49773906457919,0.018093785504579962,0.01793204109959487,0.05037762855134425,0.006440228943721538
2020-05-19,53.867332458496094,54.80466842651367,53.73866653442383,54.34466552734375,144547500,51.87236633300781,42.9462801361084,52.79152137965523,50.10823401503813,51.304620080692956,2.683287364617101,2.9339868120855925,-0.2506994474684916,56.67870696679144,47.066025699224184,0.17845103569911633,3.0951426369803294,4020267000.0,66.90759222884402,66.33294701790491,-0.006907343337870575,-0.0069313094591098995,0.04634452649494633,0.01512357695964539
2020-05-20,54.37066650390625,55.06666564941406,54.119998931884766,54.70000076293945,109639500,52.15053291320801,43.173253479003904,53.03446678338616,50.423969754954285,56.0935047643623,2.6104970284318725,2.869288855354849,-0.2587918269229763,56.85280284655967,47.44826297985635,0.17297084018691677,2.6745237622942244,4129906500.0,82.69578499618,73.17328955938571,0.00934395713390801,0.00930057241369536,0.044371759946041554,-0.011954933661424638
2020-05-21,55.17333221435547,55.5,53.06666564941406,54.400001525878906,183819000,52.55709953308106,43.43108009338379,53.363523003535285,50.775774381576596,80.37914054914114,2.5877486219586885,2.8129808086756167,-0.22523218671692824,56.781418946093396,48.33278012006872,0.15312902967688505,2.377666745867048,4313725500.0,89.20089462898726,79.60142395133708,0.01476284478490908,0.014654934735012084,0.04325074784567671,0.008941561150598742
2020-05-22,54.45866775512695,55.45199966430664,54.133331298828125,54.81133270263672,149812500,52.8628662109375,43.772853469848634,53.53200681147246,51.04858129813588,67.54680682856073,2.4834255133365843,2.7470697496078103,-0.2636442362712259,56.667390721463754,49.05834170041124,0.13972154176203047,2.167095456804548,4163913000.0,67.86325023131184,79.91997661882635,-0.012953077701596039,-0.013037700356063059,0.04327648135020997,0.09942705992212253
2020-05-26,54.591331481933594,55.63999938964844,54.38066864013672,55.633331298828125,121345500,52.92993278503418,44.135853424072266,53.694979837697254,51.31100723767645,66.48444673849492,2.3839726000208046,2.6744503196904095,-0.2904777196696049,56.809737261479405,49.05012830858896,0.142139946805628,2.077380861554827,4285258500.0,70.28470963763772,75.78295149931226,0.0024360442933191173,0.002433081947381517,0.03710385772709688,0.07655677988426923
2020-05-27,54.68199920654297,55.180667877197266,52.33333206176758,54.7239990234375,173242500,53.10029945373535,44.63606674194336,53.846828971365824,51.56071034648138,63.38428857497092,2.2861186248844447,2.596783980729217,-0.31066535584477206,56.97329707447104,49.227301832999665,0.1416553043756405,2.1441429683140347,4458501000.0,71.1713844723958,69.77311478044844,0.0016608447192643094,0.001659467041868106,0.03595388647652588,0.0764785352991002
2020-05-28,53.72066879272461,54.983333587646484,53.44599914550781,54.23400115966797,108834000,53.11796627044678,45.13688011169434,53.82741971311333,51.72070726842532,58.447539208229955,2.1067124446880072,2.498769673520975,-0.39205722883296756,56.99930717741336,49.2366253634802,0.14450084089393272,2.1394288199288503,4349667000.0,53.14419135338867,64.86676182114071,-0.017580381620416863,-0.017736751939729612,0.035155987056018335,0.0726845583587803
2020-05-29,55.66666793823242,55.66666793823242,53.61399841308594,53.91666793823242,176467500,53.295033073425294,45.768586807250976,54.11038097851627,52.01300065137399,55.47283303354151,2.0973803271422753,2.418491804245235,-0.3211114771029595,57.30663043142088,49.28343571542971,0.14412924310277886,2.076714651925223,4526134500.0,89.6362256230135,71.31726714959932,0.03622440280883765,0.035583725409644835,0.035516027540917164,0.060670611429029186
2020-06-01,59.87333297729492,59.93333435058594,56.939998626708984,57.20000076293945,224092500,53.95096645355225,46.395866813659666,54.99698897832837,52.5952474903311,71.99840258629541,2.4017414879972705,2.415141740995642,-0.013400252998371442,57.743868036381144,50.15806487072335,0.12669752606781504,2.1957620893205916,4750227000.0,99.33675727229235,80.70572474956482,0.07556883131087,0.07284966703702293,0.029085051350119445,0.057699579527423106
2020-06-02,58.770668029785156,60.57733154296875,58.06666564941406,59.64666748046875,203484000,54.352199935913085,47.00124015808105,55.5775549862448,53.05268604880918,67.01893747370775,2.5248689374356204,2.437087180283638,0.08778175715198255,58.40635760120438,50.29804227062179,0.13796534227709076,2.207047871180943,4546743000.0,81.35666344349119,90.10988211293234,-0.018416628784101885,-0.018588326218028427,0.024332220032017095,0.06705158084528362
2020-06-03,58.86399841308594,59.862667083740234,58.67333221435547,59.20800018310547,119242500,54.73469982147217,47.59946678161621,56.08316166729728,53.483153631348195,73.59944450703775,2.600008035949088,2.469671351416728,0.13033668453235991,58.981155460526615,50.48824418241772,0.14428023082137162,1.9934289114815849,4665985500.0,82.23420127021181,87.64254066199844,0.0015880436011630472,0.0015867839932886055,0.024365971556319133,0.1609247037945558
2020-06-04,57.62533187866211,59.71666717529297,57.229331970214844,59.32533264160156,133315500,55.00736637115479,48.0786400604248,56.32041862289187,53.789981649667745,65.17676532413397,2.530436973224127,2.481824475778208,0.048612497445919,59.261286371478064,50.75344637083151,0.14764062476136286,1.9836671011788505,4532670000.0,64.19214154877108,75.92766875415802,-0.021042854169221026,-0.02126741082055923,0.02499613833521973,0.1254772977998675
2020-06-05,59.04399871826172,59.10133361816406,57.746665954589844,58.522666931152344,117178500,55.359432983398435,48.54052001953125,56.739430945256466,54.17916809919323,69.81444556115157,2.560262846063239,2.4975121498352144,0.06275069622802443,59.73020623172596,50.98865973507091,0.14805139703302944,2.0010008130754744,4649848500.0,81.40061957770008,75.94232079889433,0.024618805538279664,0.024320646383694,0.02527141564799155,0.056026057579679156
2020-06-08,63.327999114990234,63.33333206176758,60.61066818237305,61.266666412353516,212620500,55.79443302154541,49.102866668701175,57.7530568175232,54.85685928554856,75.42250944564067,2.896197531974643,2.5772492262631004,0.31894830571154253,61.41246654441224,50.17639949867858,0.17742652859332164,2.138096128191267,4862469000.0,99.95151865657401,81.84809326101505,0.0725560681818036,0.07004464847857836,0.02765515579021376,0.043140451013504943
2020-06-09,62.711334228515625,63.62933349609375,61.595333099365234,62.66733169555664,170823000,56.22569980621338,49.671279983520506,58.51586872690665,55.43867224428686,74.41477870585284,3.07719648261979,2.6772386775344383,0.39995780508535184,62.568966128622705,49.88243348380405,0.20230047408319898,2.2072388785226003,4691646000.0,91.87323696943548,91.07512506790319,-0.009737634144336038,-0.00978535494822048,0.02764899033860216,0.0440749662396438
2020-06-10,68.336669921875,68.49866485595703,65.5,66.12533569335938,278451000,56.94449996948242,50.3685066986084,60.02676121844025,56.39407947966376,80.05511722167526,3.6326817387764905,2.868327289782849,0.7643544489936414,65.18225170357536,48.70674823538948,0.24109315667592934,2.5349529811314175,4970097000.0,98.9978867918498,96.94088080595309,0.08970205725269786,0.08590431690632504,0.03301600970743952,-0.03244727266556391
2020-06-11,64.85600280761719,67.9306640625,64.80000305175781,66.01333618164062,238747500,57.55076675415039,50.96696006774902,60.769721462929006,57.02088861506772,68.68376682223571,3.748832847861287,3.044428401398537,0.7044044464627501,66.25432841224041,48.84720509606037,0.26839648702703606,2.613762446812221,4731349500.0,77.4662105909515,89.44577811741226,-0.0509341048991272,-0.052277046427824686,0.035126001490288314,0.03198873142146752
2020-06-12,62.35200119018555,65.8653335571289,60.84000015258789,65.33333587646484,251451000,57.990600204467775,51.57192008972168,61.013149113276164,57.41578584285423,64.24721303063231,3.597363270421937,3.155015375203217,0.44234789521871987,66.7330100459196,49.24819036301596,0.28042114686217673,2.8785242353166853,4479898500.0,61.976262755316526,79.48012004603926,-0.03860863311078977,-0.03937370329089697,0.03680118906282682,0.07016082944947222
2020-06-15,66.05999755859375,66.5893325805664,60.56666564941406,61.18600082397461,235458000,58.629700088500975,52.287160034179685,61.78958733563272,58.0560978217979,68.33422609585625,3.7334895138348188,3.2707102029295374,0.46277931090528135,67.78081523833528,49.47858493866667,0.2770546620658733,3.218762534005301,4715356500.0,84.91421531953249,74.78556288860017,0.059468762792361796,0.05776761532071402,0.038364613585258604,0.0034514753859047342
2020-06-16,65.47533416748047,67.52532958984375,64.15933227539062,67.4566650390625,210766500,59.1913667678833,52.956653366088865,62.35662530976314,58.605670884441054,66.9863285781064,3.7509544253220852,3.3667590474080473,0.3841953779140379,68.5843117698416,49.79842176592499,0.28691552693513356,3.255809783935547,4504590000.0,79.91498152266156,75.60181986583684,-0.008850490655781473,-0.008889888882897297,0.03859299895673526,0.02000749710177696
2020-06-17,66.11933135986328,67.0,65.50466918945312,65.84733581542969,148362000,59.80396671295166,53.59071998596191,62.9355031636247,59.16223832706492,69.70962481095768,3.7732648365597825,3.4480602052383946,0.3252046313213879,69.33205265651712,50.275880769386205,0.28820878092996977,3.2549048832484653,4652952000.0,84.01486854901297,82.94802179706902,0.009835722116904755,0.009787666254598352,0.03838466616967794,-0.031196138924233008
2020-06-18,66.9306640625,67.94667053222656,66.2979965209961,66.86666870117188,146278500,60.431966590881345,54.202066574096676,63.55014330191321,59.73767727043048,68.5760166611442,3.812466031482728,3.5209413704872614,0.2915246609954667,70.10675629695665,50.75717688480604,0.2890988709462366,3.2388098580496654,4799230500.0,86.43441411645138,83.4547547293753,0.012270733625858066,0.012196058432993926,0.038383671100683366,-0.01790900809052043
2020-06-19,66.72666931152344,67.73133087158203,66.0893325805664,67.51866912841797,130195500,61.009633445739745,54.80481330871582,64.03883961108401,60.255380384585514,63.021243333039706,3.7834592264985005,3.5734449416895093,0.2100142848089912,70.7418745707833,51.277392320696194,0.2917046879593863,3.051333563668387,4669035000.0,84.2759499320651,84.90841086584315,-0.0030478518902198326,-0.003052506049991116,0.038501343950655055,-0.04112303707364218
2020-06-22,66.28800201416016,67.2586669921875,66.00133514404297,66.663330078125,95436000,61.60110015869141,55.366573333740234,64.38486459617265,60.702241246035484,64.65253842325619,3.6826233501371632,3.59528062337904,0.08734272675812305,71.09184715458005,52.110353162802774,0.28634886276588234,2.9618097032819475,4573599000.0,80.38337437526927,83.69791280792857,-0.0065740925163715325,-0.006595797039905825,0.038325134590759306,0.015115841040934441
2020-06-23,66.78533172607422,67.46666717529297,66.267333984375,66.59200286865234,95479500,62.21080017089844,55.83434661865235,64.75416723154213,61.15284054085317,65.20060256334351,3.601326690688957,3.5964898368410236,0.004836853847933309,71.366270678337,53.05532966345988,0.2741760883958924,2.962523869105748,4669078500.0,84.79649906430163,83.15194112387867,0.0075025599927995845,0.007474555771254048,0.038285355371927066,0.07789140735783673
2020-06-24,64.0566635131836,66.72533416748047,63.542667388916016,66.27400207519531,164394000,62.67953338623047,56.168959884643556,64.64685896717927,61.36793853880357,61.673808983038555,3.2789204283756987,3.532975955147959,-0.2540555267722602,71.146033215858,54.21303355660294,0.264344078048493,3.0164759499686107,4504684500.0,58.68673923696667,74.62220422551252,-0.040857298187609414,-0.04171541244464825,0.03996381982636641,0.16524954934084968
2020-06-25,65.73200225830078,65.73200225830078,62.47666549682617,63.61800003051758,138817500,63.28010005950928,56.510493240356446,64.81380408889027,61.691202518025584,62.027633298897904,3.1226015708646813,3.4509010782913037,-0.3282995074266224,70.71161753312714,55.84858258589142,0.22611565807519246,3.143571308680943,4643502000.0,65.12023606828805,69.53449145651878,0.02615401198303724,0.025817844628587844,0.039646300291128735,0.2258462966993109
2020-06-26,63.982666015625,66.33333587646484,63.65800094604492,66.31866455078125,132823500,63.695899963378906,56.796533203125,64.6859366930033,61.8609405548848,51.29544689650342,2.8249961381185003,3.325720090256743,-0.5007239521382427,70.20745820310695,57.18434172365086,0.20354132283696585,3.028285707746233,4510678500.0,43.0660704423984,55.62434858255104,-0.026613159231048233,-0.02697370050614223,0.04001946578294319,0.4291162433749376
2020-06-29,67.29000091552734,67.33333587646484,63.23466873168945,64.60066986083984,135396000,64.06673336029053,57.13714653015137,65.086561958007,62.26309317419165,58.18827873977556,2.8234687838153434,3.225269828968463,-0.40180104515311976,70.50603785028082,57.627428870300236,0.19138963894721558,3.1757619040352956,4646074500.0,84.7621777334483,64.31616141471157,0.05169110801188981,0.05039944763683731,0.038204104861332855,0.37698517035749535
2020-06-30,71.98733520507812,72.51266479492188,66.91533660888672,67.0999984741211,253777500,64.72756671905518,57.58174659729004,66.14821938063332,62.983407398701765,56.75282239635529,3.1648119819315568,3.213178259561082,-0.04836627762952528,71.5780090717779,57.87712436633245,0.19032354325124345,3.1621903010777066,4899852000.0,95.60246418569919,74.4769041205153,0.0698073149894527,0.06747855280845434,0.040212005650316685,0.2649262510486965
2020-07-01,74.64199829101562,75.68866729736328,72.03333282470703,72.19999694824219,199903500,65.51646671295165,58.15895988464356,67.45495459761521,63.847006724058346,68.67224383227571,3.607947873556867,3.2921321823602394,0.31581569119662767,73.11671488260913,57.916218543294185,0.20364535633211434,3.173952102661133,5099755500.0,93.07850222711498,91.14771471542082,0.03687680726581788,0.036213124954005624,0.040552526782895955,0.2453043274190072
2020-07-02,80.57733154296875,81.86666870117188,79.04000091552734,81.43199920654297,258751500,66.664066696167,58.79435981750488,69.47378181997729,65.08629004397764,80.74864420311548,4.387491775999649,3.5112041010881216,0.8762876749115276,75.98408300705631,57.34405038527768,0.23133097441727302,3.331047603062221,5358507000.0,93.94677476801493,94.20924706027635,0.0795173412803385,0.07651403502187115,0.04234184806370711,0.27798559892257035
2020-07-06,91.43866729736328,91.85266876220703,84.40266418457031,85.11266326904297,308548500,68.28380012512207,59.68229316711426,72.85299497034437,67.03831798867287,84.49188941488937,5.8146769816714965,3.971898677204797,1.8427783044666994,82.16936639495258,54.398233855291565,0.30371322505552106,3.706238337925502,5667055500.0,98.59068144127846,95.20531947880279,0.1347939370342961,0.12645108117682743,0.04979506958978274,0.0914857336002548
2020-07-07,92.65733337402344,95.30000305175781,89.11399841308594,93.6673355102539,322345500,69.75026683807373,60.56857315063476,75.89981626321807,68.93602283203218,86.31691457441529,6.963793431185891,4.5702776280010164,2.393515803184875,87.17584502822542,52.32468864792203,0.37612949899628717,3.907667432512556,5989401000.0,91.94880875769806,94.82875498899715,0.013327688522591696,0.01323965619758905,0.04845134107364447,0.0913329691714515
2020-07-08,91.05867004394531,94.48400115966797,87.42266845703125,93.66666412353516,244669500,71.16763362884521,61.32474655151367,78.23194761409918,70.57473744032204,82.4917136534971,7.657210173777145,5.187664137156243,2.469546036620902,90.67020611773358,51.66506113995684,0.42835179735167106,4.303143637520926,5744731500.0,87.07830060978662,92.53926360292105,-0.01725350030984496,-0.017404076436543424,0.04872484033172289,0.13187826438709838
2020-07-09,92.9520034790039,93.90399932861328,90.08533477783203,93.1326675415039,175764000,72.39840030670166,62.15829330444336,80.4965715933153,72.23231270244662,82.97179421819993,8.264258890868675,5.802983087898729,2.4612758029699453,94.12838331322261,50.66841730018071,0.46755276257018696,4.445381164550781,5920495500.0,92.8465544682869,90.62455461192384,0.020792456491456113,0.020579243780394125,0.04588347569097939,0.07628302596852032
2020-07-10,102.97666931152344,103.2613296508789,91.73400115966797,93.06666564941406,350064000,74.30443363189697,63.150480041503904,83.95504816534732,74.50967245126712,86.77912643393815,9.4453757140802,6.531461613135024,2.913914100945176,99.63756684146213,48.971300422331815,0.4920169467304823,5.151476178850446,6270559500.0,99.3020407394474,93.07563193917365,0.10784776505418647,0.10241918272489342,0.04732206044370534,-0.028362439523349714
2020-07-13,99.80400085449219,119.66600036621094,98.0739974975586,110.5999984741211,584781000,76.17703361511231,64.10405342102051,86.39334857906192,76.38332640706157,82.21783197230513,10.010022172000347,7.227173724908089,2.7828484470922588,103.26609124220084,49.08797598802377,0.5428451243469216,6.60395268031529,5685778500.0,65.26974905769679,85.8061147551437,-0.030809585105470272,-0.031294179797161696,0.0468047886418975,0.09748438827016148
2020-07-14,101.12000274658203,106.0,95.4000015258789,103.73332977294922,351271500,77.93003387451172,65.19136016845704,88.65898768175732,78.21567280258161,82.49337323654507,10.443314879175716,7.870401955761614,2.572912923414102,106.74511781613454,49.114949932888905,0.5699185751376337,7.275428771972656,6037050000.0,67.57088071987201,77.38089017233874,0.013185863099901995,0.013099686323903579,0.046139594797908676,0.033992603441028946
2020-07-15,103.06732940673828,103.33333587646484,97.13333129882812,102.86666870117188,245517000,79.80963363647462,66.23778678894043,90.8756556394467,80.05653625474136,87.47278145439347,10.819119384705346,8.460145441550361,2.358973943154984,110.07190552305386,49.54736174989537,0.587233065235525,7.486667360578265,6282567000.0,70.97593284116302,67.93885420624393,0.019257581163604875,0.019074500672006927,0.04555948720194514,0.029961046664279678
2020-07-16,100.04266357421875,102.11399841308594,97.73332977294922,98.47733306884766,214512000,81.50580024719238,67.21436004638672,92.28596455248857,81.5369901302582,82.12528780593067,10.748974422230361,8.917911237686361,1.831063184544,112.33465113778134,50.67694935660343,0.6163140761984596,7.635143280029297,6068055000.0,65.22616740690201,67.92432698931235,-0.029346504366899673,-0.029785727485036655,0.04701463393913504,0.008283132989526543
2020-07-17,100.05599975585938,102.50066375732422,99.33333587646484,100.89666748046875,139950000,83.16206703186035,68.17204002380372,93.48135458377638,82.90876862104348,84.9105816501993,10.572585962732902,9.24884618269567,1.323739780037231,114.25207774145011,52.07205632227059,0.6214522024756262,7.670285633632115,6208005000.0,65.24979999052907,67.15063341286469,0.00013330494375263235,0.00013329605943815782,0.04722369814897463,-0.05586204319785526
2020-07-20,109.53333282470703,110.0,99.19999694824219,101.267333984375,256821000,85.30240020751953,69.32265335083008,95.95088969776572,84.8809585620556,86.52035353455699,11.06993113571012,9.613063173298562,1.4568679624115592,117.50242465133564,53.1023757637034,0.5879493230676694,8.14895248413086,6464826000.0,80.79139328193773,70.4224535597896,0.09472028755869433,0.09049888548491682,0.049570521036504535,-0.06293365916373983
2020-07-21,104.55733489990234,111.66666412353516,103.86666870117188,109.32866668701172,241608000,87.21586685180664,70.32124008178711,97.27495819040212,86.33846792041462,78.02251164801959,10.936490269987502,9.87774859263635,1.0587416773511524,119.2059164782715,55.22581722534177,0.6119140212801033,8.306285858154297,6223218000.0,68.28087477186382,71.4406893481102,-0.045429074387502544,-0.04649333201590645,0.05164106391724221,-0.0585770889484134
2020-07-22,106.15533447265625,108.4280014038086,104.13333129882812,106.5999984741211,212416500,89.18436698913574,71.36262680053711,98.64116992613353,87.8063839613214,77.6155032731415,10.834785964812127,10.069156067071505,0.765629897740622,120.72305624256786,57.645677735703615,0.5941988579303273,8.34866714477539,6435634500.0,66.74379442498913,71.93868749293021,0.015283476518254346,0.015167860710440668,0.05153734070653799,-0.058543155695360505
2020-07-23,100.87133026123047,112.5999984741211,98.71800231933594,111.93000030517578,364927500,91.02510032653808,72.30084007263184,98.98427151614844,88.77415776131467,67.98922041631224,10.21011375483377,10.097347604623959,0.1127661502098114,120.62662949516849,61.42357115790768,0.5869166014162825,8.824190412248884,6070707000.0,46.70195125998125,60.57554015227806,-0.04977615338574293,-0.05105769412846385,0.052168750648543656,-0.016905991926577824
2020-07-24,94.46666717529297,97.66666412353516,91.10266876220703,94.40066528320312,290949000,92.46183357238769,73.13556007385255,98.28925546370914,89.19582512531306,52.914378416258366,9.093430338396075,9.896564151378383,-0.803133812982308,119.57954787374021,65.34411927103517,0.5741223886099996,8.716570717947823,5779758000.0,21.846373500989912,45.09737306198676,-0.06349339370613127,-0.06559870288489437,0.05572295928518286,0.009710679308201797
2020-07-27,102.63999938964844,103.19599914550781,94.19999694824219,95.66666412353516,240730500,94.39470024108887,74.11725341796875,98.95860068308441,90.1916898856342,58.47367530729226,8.766910797450208,9.670633480592748,-0.90372268314254,118.28401580447928,70.50538467769846,0.46549718833688386,8.917284829275948,6020488500.0,47.19528048468482,38.58120174855199,0.08652080631985237,0.08298067038819532,0.05650815136608344,-0.0354637510843121
2020-07-28,98.43267059326172,104.3133316040039,98.29467010498047,100.26667022705078,237130500,95.95183372497559,75.0203468322754,98.87768836157323,90.80213290101402,55.993888797386106,8.075555460559215,9.351617876586042,-1.2760624160268268,116.18192765101365,75.72173979893752,0.41104429665698683,8.842808314732142,5783358000.0,28.218891120647545,32.42018170210742,-0.040991122577997974,-0.04185494718429495,0.05801725897945505,0.00711817226276068
2020-07-29,99.94066619873047,102.32066345214844,99.13333129882812,100.06666564941406,141403500,97.3495002746582,75.93432014465333,99.04122341344357,91.47906129343745,55.71648060151169,7.562162120006121,8.993726725270058,-1.4315646052639366,114.18626134415642,80.51273920515997,0.33693513781504286,8.847760336739677,5924761500.0,30.941759731470334,35.45197711226756,0.015320072049045619,0.01520390470417943,0.05686006661851422,-0.00939888726396576
2020-07-30,99.16600036621094,100.8826675415039,98.06666564941406,99.19999694824219,114315000,98.57570037841796,76.84029350280761,99.06041986771548,92.04846418771697,46.32723027417077,7.011955679998508,8.597372516215747,-1.5854168362172398,111.58671739506303,85.5646833617729,0.2624088290058403,8.225522722516741,5810446500.0,28.229660725541276,29.130103859219712,-0.007751257440881121,-0.007781454581928156,0.056956871957612995,0.0014050746405993575
2020-07-31,95.38400268554688,101.13666534423828,94.73200225830078,101.0,183123000,99.31603393554687,77.66056022644042,98.49481722430492,92.29554111348214,45.78940711298244,6.19927611082278,8.117753235137155,-1.918477124314375,109.3621901106049,89.26987776048884,0.21064656320153108,7.140712738037109,5627323500.0,19.915654551122802,26.362358336044803,-0.03813804798718812,-0.038884339639871014,0.056098188800500014,0.015341494261956967
2020-08-03,99.0,100.65399932861328,96.29199981689453,96.61333465576172,132139500,99.69410057067871,78.53709358215332,98.57253765133494,92.79216769766865,48.06521936191293,5.780369953666295,7.650276578842983,-1.8699066251766885,109.03651365554033,90.3516874858171,0.1887356178759923,6.759998321533203,5759463000.0,36.736335829881305,28.293883702181787,0.03790989277703116,0.03720897247565101,0.048401689286334676,-0.044733991526594075
2020-08-04,99.13333129882812,101.82733154296875,97.46666717529297,99.6673355102539,126225000,100.01790046691895,79.43058685302735,98.65881359710312,93.26188351997675,46.28676475189482,5.39693007712637,7.199607278499661,-1.8026772013732906,108.76324127541017,91.27255965842772,0.17643593116283385,6.628616877964565,5885688000.0,37.35655843710135,31.33618293936848,0.0013467807962437295,0.0013458747004375454,0.04836817987321166,-0.07572964360003587
2020-08-05,99.00133514404297,99.98933410644531,97.88733673095703,99.53266906738281,74217000,100.41503372192383,80.31878692626952,98.71150921970926,93.6870280847224,48.96033458293525,5.024481134986857,6.7645820497971005,-1.7401009148102435,108.10502696890282,92.72504047494485,0.15535130381404158,6.397759573800223,5811471000.0,36.742546573544814,36.945146946842485,-0.001331501252462397,-0.0013323884879125765,0.048122277981424315,0.046962297350793936
2020-08-06,99.30533599853516,101.15399932861328,98.48400115966797,99.38866424560547,89884500,100.73270034790039,81.21125366210937,98.80286718568247,94.10319904130112,49.25485985761628,4.699668144381349,6.351599268713951,-1.6519311243326023,107.60617872241909,93.8592219733817,0.13843119919799854,6.362236022949219,5901355500.0,38.15667967078045,37.418594893808866,0.003070674289896047,0.0030659693985973365,0.047984231793484364,0.08822617196530258
2020-08-07,96.84733581542969,99.98332977294922,94.33399963378906,99.96932983398438,133446000,100.42623367309571,82.07378700256348,98.50201620564359,94.30646843197731,35.368381248958144,4.195547773666277,5.920388969704416,-1.7248411960381391,107.42389603418079,93.42857131201063,0.14450913496311607,5.994330814906529,5767909500.0,26.72270058625779,33.87397561019434,-0.024751944680411975,-0.025063424630081085,0.041681922853998535,0.13629695475979386
2020-08-10,94.57133483886719,97.16666412353516,92.38933563232422,96.53333282470703,112834500,100.16460037231445,82.85188034057617,97.8972959953703,94.326088165821,37.717494045565076,3.5712078295492944,5.450552741673392,-1.8793449121240977,107.63550111369267,92.69369963093624,0.157995036320621,5.778426034109933,5655075000.0,16.135334587981077,27.00490494833976,-0.02350091468597615,-0.023781465364230404,0.04144978118883151,0.2940073190168102
2020-08-11,91.6259994506836,94.66666412353516,91.0,93.06666564941406,129387000,99.68990020751953,83.48693367004394,96.93248114234157,94.12608159432935,32.702616428756414,2.806399548012223,4.921722102941159,-2.1153225549289356,108.05783785243588,91.32196256260318,0.18265421812768934,5.733568464006696,5525688000.0,2.898145809614851,15.252060327951233,-0.031144060652225414,-0.03163934754750347,0.04178518767521803,0.37303822615951576
2020-08-12,103.65066528320312,105.66666412353516,95.66666412353516,98.0,327441000,99.71906700134278,84.3845336151123,97.96604793324335,94.83160631202371,52.851225158607654,3.1344416212196364,4.5642660065968546,-1.4298243853772181,108.14046737233397,91.29766663035159,0.16249582861781986,5.744901929582868,5853129000.0,86.25455097209485,35.09601045656358,0.1312363947417745,0.12331118921207428,0.05146202319436624,0.2082444040424858
2020-08-13,108.06666564941406,110.07866668701172,104.48400115966797,107.4000015258789,306379500,100.12026710510254,85.36858695983886,99.51998912034654,95.81198107775633,64.5452511278796,3.708008042590208,4.393014413795526,-0.6850063712053176,109.33385413128225,90.90668007892283,0.17051672633391118,5.506283351353237,6159508500.0,89.45418423887075,59.535627006860146,0.042604650478076156,0.04172205380429948,0.051706917853087626,0.23493527557669824
2020-08-14,110.04733276367188,111.25333404541016,108.44266510009766,110.99933624267578,188664000,100.61983375549316,86.41702697753907,101.1395804500889,96.86645157300933,59.13178212621871,4.2731288770795715,4.369037306452335,-0.09590842937276367,110.84652276546173,90.3931447455246,0.1858598250978153,5.091330936976841,6348172500.0,94.04541849764216,89.91805123620259,0.01832819678811437,0.018162259872136134,0.05177510035787059,0.24187770432367328
2020-08-17,122.3759994506836,123.05733489990234,111.52200317382812,111.80000305175781,303634500,101.261967086792,87.6836669921875,104.40672183479577,98.7560477120963,74.59291563902264,5.650674122699471,4.625364669701763,1.0253094529977078,114.89175740299827,87.63217677058573,0.22275267008869576,5.590712411063058,6651807000.0,97.87463476822096,93.79141250157795,0.11203058154519474,0.10618769683979797,0.053453724879538256,0.09727397023965056
2020-08-18,125.80599975585938,128.25999450683594,123.00733184814453,126.59933471679688,247117500,102.32440032958985,88.93322700500488,107.69891843803633,100.75974786348615,75.55796022194481,6.939170574550175,5.088125850671445,1.8510447238787302,119.80454200691126,84.84425865226844,0.2778904298879797,5.733283996582031,6898924500.0,93.41386174530844,95.11130500372384,0.028028374195693928,0.02764276800974182,0.052179754139606606,0.07220107359503936
2020-08-19,125.23533630371094,127.4000015258789,122.74732971191406,124.33333587646484,183079500,103.27840042114258,90.18370704650879,110.39682887890935,102.57275441461391,75.8638098709609,7.824074464295435,5.635315573396244,2.1887588908991917,123.50563861927766,83.0511622230075,0.3230276501047846,5.864474705287388,6715845000.0,91.88229025774844,94.3902622570926,-0.004536059116861502,-0.0045463782503080055,0.05227304697945932,0.14619936123677313
2020-08-20,133.45533752441406,134.79933166503906,123.80400085449219,124.04533386230469,309177000,104.90760078430176,91.48608039855957,113.94429174744853,104.860353163488,84.71424061361876,9.083938583960531,6.325040175509101,2.7588984084514303,129.16580917934832,80.64939238925521,0.36354047496390024,6.192379542759487,7025022000.0,96.93147340267043,94.07587513524243,0.06563643667445929,0.0635722137952821,0.05174698469840215,0.11835167306587868
2020-08-21,136.6653289794922,139.69932556152344,135.00332641601562,136.3173370361328,322344000,107.01753387451171,92.92226692199706,117.43983593699372,107.21627729800683,84.60021920517032,10.223558638986887,7.104743868204658,3.1188147707822287,134.5691774653424,79.46589028368103,0.4031987307470652,6.261950356619699,7347366000.0,93.76994127128927,94.19456831056937,0.024052926729070556,0.023768211540485355,0.04831846154241656,0.07971786743905174
2020-08-24,134.27999877929688,141.93333435058594,128.50132751464844,141.7519989013672,300954000,108.59953384399414,94.3608268737793,120.03063022042497,109.22099740773201,81.00374809523404,10.809632812692954,7.845721657102318,2.963911155590636,138.61607932737851,78.58298836060976,0.44707396121919374,6.909903390066964,7046412000.0,84.9738178940748,91.89174418934483,-0.017453806448256226,-0.017607920006301417,0.04630166261288526,0.2370172453408308
2020-08-25,134.8893280029297,135.19667053222656,131.1999969482422,131.65933227539062,159883500,110.42236671447753,95.73741348266601,122.31658372542569,111.12235522959851,81.39331561339023,11.194228495827176,8.515423024847289,2.6788054709798867,142.21462177324173,78.63011165571334,0.4713828073644743,7.0452374049595425,7206295500.0,86.17014487990828,88.30463468175743,0.004537751185374361,0.004527486632740915,0.044514649651838274,0.17392538348234932
2020-08-26,143.54466247558594,144.39999389648438,136.90866088867188,137.3333282470703,213591000,112.60256652832031,97.29880004882813,125.5824419946811,113.52400761819017,83.76532996133942,12.058434376490936,9.224025295176018,2.8344090813149183,147.22293030881696,77.98220274782366,0.4823636516110082,7.533856528145926,7419886500.0,98.39825558118888,89.84740611839065,0.06416619165356252,0.0621915738853809,0.04575337861505416,0.03886368340136004
2020-08-27,149.25,153.0399932861328,142.8333282470703,145.36399841308594,355395000,115.10676651000976,98.96141342163087,129.22360476473017,116.17037742425016,88.10696878865033,13.053227340480007,9.989865704236816,3.06336163624319,152.74850779548535,77.46502522453417,0.504411943523961,7.859380449567523,7775281500.0,93.89104819919628,92.81981622009782,0.039746079206424145,0.03897652873348478,0.045511948570316714,-0.09101057451973404
2020-08-28,147.55999755859375,154.5659942626953,145.76800537109375,153.00799560546875,301218000,117.7155662536621,100.57400009155273,132.0445882714784,118.49553447123857,88.86433347415225,13.549053800239832,10.701703323437421,2.8473504768024114,156.80624715637813,78.62488535094607,0.5298276165556826,8.146570478166852,7474063500.0,88.97838885987044,93.75589754675185,-0.011323299439907841,-0.01138789608941323,0.044030612749309805,-0.05502843081820452
2020-08-31,166.10667419433594,166.7133331298828,146.70333862304688,148.20333862304688,355123200,121.0708999633789,102.56160018920899,137.28490918268724,122.02228556183837,94.45404297467117,15.26262362084887,11.613887382919712,3.6487362379291586,164.6590392368576,77.48276068990019,0.5248210462932141,9.313951219831194,7829186700.0,99.14611206264415,94.00518304057027,0.1256890549105465,0.11839534141276628,0.049621992778943406,-0.33735353965339043
2020-09-01,158.35000610351562,167.49667358398438,156.836669921875,167.3800048828125,269523300,124.03173370361328,104.4028402709961,140.52569332435314,124.71322782418484,84.40008074641278,15.812465500168301,12.45360300636943,3.3588624937988705,169.35581133463648,78.70765607259007,0.5724543843894041,9.07247543334961,7559663400.0,85.48439999539852,91.20296697263768,-0.04669690804684601,-0.04782238606695396,0.05204913777235688,-0.2289654204150352
2020-09-02,149.1233367919922,159.67999267578125,135.0399932861328,159.663330078125,288528300,126.53783378601074,106.04960037231446,141.84840770398992,126.52138404402243,74.34709510156853,15.327023659967494,13.028287137089045,2.2987365228784498,171.57641140979152,81.49925616222995,0.6040446598456121,10.37333243233817,7271135100.0,68.88723176565678,84.50591460789981,-0.05826756524083643,-0.060034084286439256,0.05503205877732952,-0.16994883938283922
2020-09-03,135.6666717529297,143.93333435058594,134.0,135.7433319091797,262788300,128.35590057373048,107.48180053710938,140.8973714038268,127.19881276320073,63.372471888053354,13.698558640626075,13.162341437796451,0.5362172028296239,171.66839643265033,85.04340471481063,0.638513428527217,11.225951603480748,7008346800.0,43.13499016921289,65.83554064342273,-0.09023849203316048,-0.0945727929773044,0.060419327508702304,-0.08422609430538641
2020-09-04,139.44000244140625,142.6666717529297,124.00666809082031,134.27000427246094,330965700,130.48553390502929,108.95596054077149,140.67316079422363,128.10556755417892,59.78036760170413,12.567593240044715,13.043391798246105,-0.47579855820139016,171.39680969424728,89.57425811581128,0.5867939626063795,11.629523141043526,7339312500.0,37.30260889822267,49.77494361103078,0.027813247275265907,0.02743348445504921,0.059626975144089975,0.003107676011179228
2020-09-08,110.06999969482422,122.913330078125,109.95999908447266,118.66666412353516,346397100,131.26046714782714,109.87770721435547,135.9649821635468,126.76959956459709,43.04799616298997,9.19538259894972,12.273789958386828,-3.078407359437108,169.82738294973717,92.69355134591711,0.7007707078920533,13.314952305385045,6992915400.0,0.19118346916380122,26.876260845533114,-0.21062824320390794,-0.23651789445767657,0.07850968276463788,0.36204232383581036
2020-09-09,122.09333038330078,123.0,113.836669921875,118.86666870117188,238397400,132.783833694458,110.97377380371094,133.8308818896628,126.42320925487144,48.73945299238005,7.407672634791368,11.300566493667738,-3.89289385887637,166.9102725200524,98.6573948688636,0.5590221631019086,13.906190054757255,7231312800.0,21.087995446661093,19.527262604682516,0.10923349433825735,0.10366923114657202,0.08081497456059394,0.20607183008054042
2020-09-10,123.77999877929688,132.99667358398438,120.1866683959961,128.73666381835938,254791800,133.7903003692627,112.00962707519531,132.28459218037574,126.22741588631035,45.90358984071873,6.0571762940653855,10.251888453747268,-4.194712159681883,165.39304414090716,102.18755659761824,0.5106276310115824,14.035809653145927,7486104600.0,24.019462047117976,15.099546987647619,0.013814582587770685,0.013720031040026988,0.0762698982608433,0.14027570849573578
2020-09-11,124.23999786376953,127.5,120.16666412353516,127.3133316040039,182152500,134.59896697998047,113.00158706665039,131.04696228551325,126.08019973649252,44.613856685159405,4.966762549020729,9.19486327280196,-4.228100723781232,164.19415783044218,105.00377612951878,0.47641969348571844,14.113620213099889,7668257100.0,24.81895052723263,23.30880267367056,0.003716263443279244,0.003709375196707332,0.07593894509752326,0.18627924849480038
2020-09-14,139.8733367919922,140.0,124.43333435058594,126.98332977294922,249061800,136.09026718139648,114.18750717163086,132.40486605574077,127.10191359245546,52.1748161377664,5.302952463285308,8.41648111089863,-3.1135286476133217,163.39349423344646,108.7870401293465,0.39039930952177165,14.279905591692243,7917318900.0,51.99003586356645,33.609482812639015,0.12583177074233998,0.11852211424147706,0.08025053197525171,0.07094507654248683
2020-09-15,149.9199981689453,153.97999572753906,143.56666564941406,145.52000427246094,291894600,137.46746711730958,115.3571337890625,135.09950176546454,128.79214207960285,55.44468431212689,6.307359685861684,7.994656825891242,-1.6872971400295578,164.63637818916268,110.29855604545648,0.362445456292447,15.002047402518135,8209213500.0,69.45135330008908,48.75344656362938,0.07182685140266343,0.06936453038904387,0.07817560009253817,-0.05676357130985288
2020-09-16,147.25332641601562,152.59666442871094,145.10333251953125,146.6233367919922,216837900,138.5398334503174,116.44905364990234,136.9693209424724,130.15963721563344,51.40434986152853,6.809683726838955,7.757662206080784,-0.9479784792418293,165.46266681216758,111.61700008846721,0.36566689550752307,14.857952117919922,7992375600.0,64.81661940891507,62.08600285752353,-0.01778729846250804,-0.017947393738460667,0.07839065097517482,-0.13898945473107105
2020-09-17,141.14332580566406,145.92999267578125,136.0,138.53334045410156,230337600,139.33523292541503,117.45074676513671,137.61147553680956,130.97324377785793,46.93964625877073,6.638231758951633,7.533776116654955,-0.8955443577033213,165.5332656507246,113.13720020010547,0.37122595171635436,14.932713644845146,7762038000.0,54.19730457469187,62.821759094565344,-0.04149312452942333,-0.04237854336559032,0.07920641007533079,-0.08416968748760134
2020-09-18,147.38333129882812,150.3333282470703,142.93333435058594,149.31333923339844,259220400,140.03163261413573,118.5393733215332,139.1148379617355,132.1888058164483,49.93552169937833,6.926032145287195,7.412227322381403,-0.4861951770942081,166.31190190173015,113.75136332654131,0.35662471537313367,14.960714612688337,8021258400.0,65.04257074159307,61.35216490839999,0.04421041843491591,0.04326101937694436,0.078543735236231,-0.07872893370828227
2020-09-21,149.79666137695312,151.89332580566406,135.69000244140625,151.0433349609375,328430400,140.68819923400878,119.47577316284179,140.7581954102305,133.49309141352273,43.25270486438605,7.265103996707779,7.382802657246679,-0.11769866053889988,167.2687691963612,114.10762927165635,0.35488868333940005,14.688809531075615,8349688800.0,69.23699125524917,62.82562219051135,0.016374511668703073,0.016241895082045352,0.07848007203933269,-0.06272948538434164
2020-09-22,141.41000366210938,145.9199981689453,139.1999969482422,143.1999969482422,238742400,141.04469947814943,120.30789321899414,140.85847360282727,134.0795293578625,43.02842296476096,6.7789442449647765,7.262030974790299,-0.4830867298255228,167.45409151890044,114.63530743739841,0.3735151878484447,14.684285300118583,8110946400.0,63.254241011209345,65.84460100268385,-0.055986946823462835,-0.05761528541471742,0.07959397214312348,-0.012163221668623714
2020-09-23,126.78666687011719,137.38333129882812,125.2933349609375,135.05332946777344,285222600,140.6395664215088,120.82122650146485,138.69358025933343,133.53931732173322,41.198411994305374,5.154262937600208,6.840477367352282,-1.6862144297520736,167.687423356956,113.59170948606157,0.4266672135667954,14.0754759652274,7825723800.0,38.22505467617443,56.905428980877645,-0.10341090738483938,-0.10915761260898618,0.0832547809819202,0.12790508612795315
2020-09-24,129.26333618164062,133.1666717529297,117.0999984741211,121.26667022705078,289683300,139.9255001068115,121.3451466369629,137.24277347814993,133.22257797802266,47.2377985582754,4.020195500127272,6.27642099390728,-2.2562254937800077,167.40110613012018,112.44989408350284,0.4251105817770322,14.142857142857142,8115407100.0,43.85129161469377,48.4435291006925,0.0195341463945935,0.019345803747202597,0.08204296224131691,0.15567706502418366
2020-09-25,135.77999877929688,136.2433319091797,130.43333435058594,131.1566619873047,201625500,139.25200004577636,122.05989334106445,137.01773121678792,133.4120165558948,48.457690355667026,3.6057146608931134,5.742279727304447,-2.1365650664113334,166.4239059569131,112.0800941346396,0.40023429305376906,13.308570861816406,8317032600.0,58.65516052533498,46.91050227206771,0.05041385121376596,0.0491842305281949,0.08236203892270598,0.019025837901717635
2020-09-28,140.39999389648438,142.69332885742188,138.51666259765625,141.5399932861328,149158800,138.8939998626709,122.86677322387695,137.5380793213566,133.9296445070496,66.14958428411921,3.608434814307003,5.315510744704959,-1.7070759303979557,165.79231137725307,111.99568834808876,0.38316684734921047,11.696665627615792,8466191400.0,66.17120888922383,56.22588700975084,0.034025594039789775,0.033459528236176775,0.0826971145160217,0.010636267621782824
2020-09-29,139.69000244140625,142.8333282470703,137.1999969482422,138.6666717529297,150657900,137.57316627502442,123.46990661621093,137.86914441674887,134.35633768737233,60.653029692999844,3.5128067293765355,4.954969941639274,-1.4421632122627388,161.24605981035907,113.90027273968977,0.3389346856839576,11.175474984305245,8315533500.0,61.25272681407001,62.02636540954293,-0.005056919415549199,-0.005069748902601041,0.07730512252446423,-0.012145969665497303
2020-09-30,143.00332641601562,144.64332580566406,140.1566619873047,140.44000244140625,144436800,136.80583229064942,124.23882644653321,138.6590185704822,134.99685537097554,61.41302160769277,3.662163199506665,4.696408593212753,-1.0342453937060876,158.56025836961268,115.05140621168616,0.30425063002628,10.614283425467354,8459970300.0,70.23679465917394,65.88691012082258,0.02371912031427703,0.023442192423042928,0.0769393901352894,-0.008647797567741589
2020-10-01,149.3866729736328,149.6266632080078,144.80667114257812,146.9199981689453,152224500,136.81899909973146,125.10345321655274,140.30942694019768,136.06276778598718,63.94867838397438,4.246659154210505,4.606458705412304,-0.35979955120179863,158.60511092148326,115.03288727797965,0.29167410168639496,10.56356920514788,8612194800.0,87.54521936859418,73.0115802806127,0.04463774876849502,0.043670173422939704,0.07642592963957785,-0.04962521213805027
2020-10-02,138.3633270263672,146.3766632080078,138.3333282470703,140.4633331298828,214290000,136.9538318634033,125.85329315185547,140.01002695345454,136.23317958157088,49.11726306504792,3.7768473718836617,4.440536438706576,-0.6636890668229141,158.74329415197667,115.16436957482995,0.31496008020132465,10.227379390171595,8397904800.0,57.65545047511872,71.81248816762894,-0.0737906918190171,-0.07665503512528221,0.07545179537008637,0.04555646978163019
2020-10-05,141.89332580566406,144.54666137695312,139.77667236328125,141.11666870117188,134168400,137.0764980316162,126.8018263244629,140.29976523840986,136.65244967224444,44.92068506169209,3.6473155661654175,4.281892264198344,-0.6345766980329266,158.95234284011258,115.20065322311984,0.3083421251040002,9.661427634102958,8532073200.0,69.84691847556077,71.68252943975789,0.025512531789757986,0.025192518630920653,0.07541508221467702,0.0390434751843749
2020-10-06,137.9933319091797,142.92666625976562,135.35000610351562,141.26333618164062,147438900,138.472664642334,127.50889297485351,139.94492934160522,136.7517742823878,44.23029275456257,3.1931550592174176,4.064144823202159,-0.870989763984741,156.27644183915658,120.66888744551142,0.25803822475335453,9.667379651750837,8384634300.0,60.04982862192832,62.51739919086926,-0.02748539351192436,-0.02787018407731412,0.056850387725052846,0.07891685227816425
2020-10-07,141.76666259765625,143.3000030517578,137.9499969482422,139.9566650390625,129383100,139.45633125305176,128.3755728149414,140.2251959963823,137.1232474909262,50.400036497665305,3.1019485054561073,3.8717055596529484,-0.769757054196841,155.5406133713624,123.37204913474112,0.2269120514455358,9.245713915143694,8514017400.0,70.89481235232103,66.93051981660336,0.027344297266189477,0.026977120398229415,0.05231446171745015,0.0846461345715448
2020-10-08,141.97332763671875,146.3333282470703,141.76666259765625,146.14666748046875,121263300,140.36599769592286,129.21622604370117,140.49413932566483,137.48251268691084,46.23660546963888,3.011626638753995,3.699689775473158,-0.6880631367191627,154.677440550202,126.05455484164371,0.20160748631460204,8.915475572858538,8635280700.0,71.48879129859215,67.47781075761382,0.0014577830589765917,0.0014567215247855486,0.05232505764582074,0.05390685489088787
2020-10-09,144.6666717529297,144.8633270263672,142.15333557128906,143.3766632080078,86777100,141.38733139038087,130.12623947143555,141.1360673913979,138.01467261772706,46.44524185588665,3.121394773670829,3.5840307751126925,-0.46263600144186334,153.61730415071514,129.1573586300466,0.16907795848405704,7.96452386038644,8722057800.0,84.75099892194527,75.7115341909528,0.01897077543397918,0.018793074176697643,0.05236773420602223,0.013064511450683547
2020-10-12,147.43333435058594,149.5800018310547,146.19332885742188,147.3333282470703,116373300,141.76533126831055,131.16722610473633,142.10487769281144,138.7123512646055,54.52632432352452,3.39252642820594,3.545729905731342,-0.15320347752540187,154.26267754796464,129.26798498865645,0.16953216631370893,7.558571406773159,8838431100.0,93.25682827827902,83.16553949960547,0.01912439516394837,0.018943822515122916,0.04470749273701265,-0.025932627496185856
2020-10-13,148.88333129882812,149.6300048828125,145.53334045410156,147.78334045410156,103391100,141.7134979248047,132.1648927307129,143.1477167091217,139.46575719306642,70.70397934333789,3.6819595160552865,3.572975827796131,0.10898368825915528,154.0763114559143,129.3506843936951,0.16607384350227666,6.699999673025949,8941822200.0,97.70466204162221,91.90416308061549,0.009834932884270176,0.009786884708723409,0.04178209888678774,-0.05532294143679073
2020-10-14,153.76666259765625,155.3000030517578,149.11666870117188,149.92666625976562,143639100,142.0391647338867,133.25755935668946,144.78140069197318,140.52508351933233,71.9682008453127,4.256317172640848,3.709644096765075,0.5466730758757734,155.32512015132127,128.75320931645214,0.17280670846317858,6.010713849748884,9085461300.0,93.83375202578848,94.93174744856321,0.032799718116372834,0.032273287618783654,0.042145907770802536,-0.08380657742805275
2020-10-15,149.6266632080078,152.19000244140625,147.5,150.10333251953125,107017200,142.4633316040039,134.27006591796874,145.52682569444005,141.19927460738236,62.9666622205536,4.327551087057685,3.8332254948235973,0.4943255922340879,156.16406657443255,128.76259663357527,0.18313226635793073,5.959761483328683,8978444100.0,71.56220194326643,87.70020533689238,-0.02692390743031925,-0.02729299577407529,0.04145599457193481,-0.05143916443239005
2020-10-16,146.55667114257812,151.98333740234375,146.28334045410156,151.47999572753906,98327700,142.4219985961914,135.21509262084962,145.68526345569205,141.59611879517465,55.93777260348082,4.089144660517405,3.8844093279623593,0.20473533255504606,156.0651038315335,128.7788933608493,0.18618197491766653,5.873094831194196,8880116400.0,56.17376818440161,73.85657405115217,-0.02051768046956881,-0.020731092265373598,0.04065111724532289,-0.04330518958455709
2020-10-19,143.61000061035156,149.0,142.9566650390625,148.74667358398438,108863400,142.11266555786133,136.15034591674805,145.3659922487166,141.7452952259285,53.62425852552349,3.6206970227881072,3.831666866927509,-0.2109698441394019,155.32549808641465,128.899833029308,0.18400992232292945,5.902380807059152,8771253000.0,41.403487568702104,56.379819232123374,-0.020106014344170586,-0.020310891071385614,0.040721082330909784,-0.024487588487641654
2020-10-20,140.64666748046875,143.9166717529297,139.68333435058594,143.9166717529297,94968900,142.0744987487793,137.07185256958007,144.63994228437076,141.66391539293147,47.80694354451884,2.9760268914392896,3.6605388718298655,-0.6845119803905759,155.30028109593385,128.84871640162473,0.18807103764461672,5.850953238351004,8676284100.0,26.54968514746726,41.37564696685698,-0.020634587544658856,-0.020850455371877373,0.038950885484739496,0.006493791104235314
2020-10-21,140.8800048828125,144.31666564941406,140.4166717529297,140.89999389648438,97111500,142.77916564941407,138.05693267822267,144.0614903764387,141.6058479477375,41.060668584542654,2.455642428701225,3.4195595832041374,-0.9639171545029126,153.91142476687173,131.6469065319564,0.1580388803466859,5.656428745814732,8773395600.0,27.719296365641476,31.890823027270272,0.0016590325709362475,0.0016576578966101716,0.030334912770724302,-0.039324306877545845
2020-10-22,141.92999267578125,148.41000366210938,141.50332641601562,147.30667114257812,119979600,143.4124984741211,138.8225192260742,143.73356765326065,141.62985866833333,54.74206853547343,2.103708984927323,3.156389463548775,-1.0526804786214519,152.573921096661,134.2510758515812,0.12909776784767207,5.404761178152902,8893375200.0,32.98239387708563,29.083791796731447,0.007453064711647084,0.007425427859397711,0.030165290624693922,-0.035134672554734014
2020-10-23,140.2100067138672,140.9633331298828,135.7933349609375,140.6133270263672,101151000,143.6339988708496,139.46538604736327,143.19148135489243,141.52468444948397,47.6487743891997,1.6667969054084608,2.858470951920712,-1.1916740465122513,152.21420938961057,135.05378835208865,0.12239084384712971,5.401427132742746,8792224200.0,24.36090904032029,28.354199761015792,-0.012118551755604834,-0.01219258008931434,0.028413585972257644,-0.077479079701676
2020-10-26,140.0933380126953,141.9199981689453,136.6666717529297,137.2100067138672,84717600,143.61866607666016,140.06630615234374,142.71484391763133,141.41865878749962,53.27989572622405,1.296185130131704,2.5460137875629107,-1.2498286574312067,152.224268276958,135.01306387636234,0.12285526667253771,5.235474722726004,8707506600.0,22.043759762134485,26.462354226513458,-0.0008320996760948773,-0.0008324460631960825,0.027396315905273597,-0.04704014973276249
2020-10-27,141.55999755859375,143.5,140.03334045410156,141.25332641601562,68059500,143.71216583251953,140.44998611450194,142.53717524701017,141.42912832609917,49.65215673822687,1.1080469209109935,2.2584204142325275,-1.150373493321534,152.17753457647376,135.2467970885653,0.11960114283627746,5.100949968610491,8775566100.0,29.56251970101635,25.322396167823698,0.010469159823756513,0.010414737676610572,0.027457858066644088,-0.0018366382545911275
2020-10-28,135.33999633789062,139.53334045410156,135.3333282470703,138.82666015625,76354200,143.3289993286133,140.64066604614257,141.42991695329948,140.97808151215781,40.71481417865783,0.45183544114166807,1.8971034196143557,-1.4452679784726876,152.5861576989818,134.0718409582448,0.13679856097021054,5.219521658761161,8699211900.0,0.033396100678782514,17.213225187943195,-0.043938975190562446,-0.04493353448533056,0.02865686166156748,0.036845455543752514
2020-10-29,136.94332885742188,139.35333251953125,135.48666381835938,136.65333557128906,67965900,142.70683212280272,140.8748258972168,140.73967263085677,140.67921094514034,38.84875537587915,0.06046168571643307,1.5297750728347712,-1.4693133871183381,151.92227336288,133.49139088272545,0.13458766216603216,5.299760001046317,8767177800.0,8.063438835058076,12.553118212251059,0.011846701366300838,0.011777078527549948,0.02669787777997184,0.06635350548061791
2020-10-30,129.34666442871094,135.8633270263672,126.37000274658203,135.63333129882812,127533900,142.25599899291993,140.79265243530273,138.98690213821897,139.83976305503447,27.082250590535025,-0.8528609168155015,1.0532478749047167,-1.9061087917202182,153.10378538855937,131.40821259728048,0.1677319851045432,5.70404543195452,8639643900.0,10.289186486781574,6.128673807506135,-0.05547305218949494,-0.05707106115006527,0.02439206782743772,0.10800434075671617
2020-11-02,133.50332641601562,135.66000366210938,130.76666259765625,131.3333282470703,87063300,141.8364990234375,140.7294123840332,138.14327510403385,139.3703973780701,31.762822450799405,-1.2271222740362475,0.5971738451165239,-1.8242961191527716,153.3705390050751,130.30245904179992,0.17279030105505924,5.8623793465750555,8726707200.0,24.65718490818965,14.336603410009758,0.03213582666134873,0.03163027338080621,0.02484148350581514,0.05180898437973247
2020-11-03,141.3000030517578,142.58999633789062,135.56333923339844,136.57666015625,103055100,142.0018325805664,140.8698124694824,138.62892555752984,139.51333113167658,36.172729049297416,-0.88440557414674,0.30085796126387115,-1.1852635354106111,153.39788972580033,130.60577543533248,0.16130299927961897,6.053093501499721,8829762300.0,57.823394581954076,30.923255325641758,0.05840061701119437,0.05675891678442002,0.02760917350633081,-0.03194151510377108
2020-11-04,140.32666015625,145.13333129882812,139.03334045410156,143.5399932861328,96429300,141.9298324584961,140.97855911254882,138.89011549579448,139.57357772608944,38.90566982981621,-0.683462230294964,0.10399392295210413,-0.7874561532470681,153.35031525824158,130.5093496587506,0.1627699652657461,6.0411883762904575,8733333000.0,54.48981008017057,45.65679652343809,-0.006888484603579825,-0.0069123197353376745,0.026979684955507694,-0.009145269999895622
2020-11-05,146.02999877929688,146.6666717529297,141.3333282470703,142.76666259765625,85243500,142.132666015625,141.02826583862304,139.98855907787177,140.05183113743814,49.4088531431581,-0.06327205956637272,0.07054072644840877,-0.13381278601478147,153.69955999930775,130.56577203194226,0.1584180521861734,6.0869037083217075,8818576500.0,86.87582155528851,66.39634207247104,0.040643300543862226,0.03983908014025376,0.028484529725497792,-0.060101845077366045
2020-11-06,143.31666564941406,145.52333068847656,141.42666625976562,145.36666870117188,65118000,142.0651657104492,140.90959915161133,140.50057547349365,140.29367073091785,49.669021697613,0.2069047425758015,0.09781352967388732,0.10909121290191418,153.58545871909027,130.54487270180815,0.16076696951382305,5.984046391078404,8753458500.0,76.89048184260318,72.75203782602075,-0.01858065570474754,-0.018755444602258167,0.028530381302080413,-0.04988947980393943
2020-11-09,140.4199981689453,150.8333282470703,140.3333282470703,146.5,104499000,141.7144989013672,140.76679916381835,140.4881789651016,140.3030283189199,49.74385712499937,0.18515064618171095,0.11528095297545204,0.06986969320625891,152.9707155672982,130.45828223543617,0.16032213093163816,6.431665148053851,8648959500.0,57.432892439372225,73.73306527908795,-0.02021165833954497,-0.020418708541599162,0.028492467336787033,-0.03126334885980164
2020-11-10,136.7866668701172,140.02999877929688,132.00999450683594,140.02999877929688,90852600,141.10966567993165,140.180399017334,139.91871556587324,140.04255710049006,45.70448516881312,-0.12384153461681535,0.06745645545699858,-0.19129799007381393,152.03921395214553,130.18011740771777,0.1598042926594855,6.753808702741351,8558106900.0,42.580736306277885,58.96803686275109,-0.02587474253102262,-0.026215382510501505,0.02882548257837946,0.07615268352741289
2020-11-11,139.0433349609375,139.56666564941406,136.86000061035156,138.81666564941406,52073100,140.3734992980957,139.79426559448243,139.78404162665237,139.96854064570837,47.04558770186,-0.1844990190560054,0.017065360554397783,-0.2015643796104032,149.55749801032584,131.18950058586557,0.13210268172595638,6.414522988455636,8610180000.0,51.80543509337869,50.60635461300959,0.0164977197153513,0.016363110813065698,0.027952310009983106,0.166638682648504
2020-11-12,137.25332641601562,141.0,136.5066680908203,138.35000610351562,59565300,139.75483245849608,139.5568653869629,139.39470082501595,139.76741366573114,46.978252713036,-0.37271284071519517,-0.060890279699520815,-0.31182256101567435,147.9254108306881,131.58425408630407,0.11905836580494875,6.297142573765346,8550614700.0,44.48832465059373,46.29149868341676,-0.012873745767280065,-0.012957330573612593,0.02753650850307946,0.2125268231337425
2020-11-13,136.1666717529297,137.50999450683594,133.8866729736328,136.9499969482422,59313300,139.23533248901367,139.5668653869629,138.8980809677719,139.50069204256067,46.064939540136955,-0.6026110747887685,-0.16923443871737037,-0.43337663607139815,146.88990732124344,131.5807576567839,0.11242949150022209,6.180713653564453,8491301400.0,40.04635022230176,45.44670332209139,-0.007917146283160204,-0.007948653293047676,0.02728038501822953,0.19855568563190262
2020-11-16,136.02999877929688,137.48333740234375,134.69667053222656,136.30999755859375,80515800,138.85633239746093,139.4986653137207,138.45683755416036,139.24360365268927,44.306407733229904,-0.7867660985289149,-0.2927407706796793,-0.4940253278492356,146.34777413877072,131.36489065615115,0.1101439654272782,6.132142748151507,8410785600.0,39.48766504426046,41.34077997238531,-0.0010037182511209997,-0.0010042223136041864,0.02699455335892851,0.27876202682666307
2020-11-17,147.20333862304688,154.0,144.336669921875,153.38999938964844,183564900,139.18416595458984,140.24133209228515,139.80245310321982,139.83321365049355,61.083777394941194,-0.030760547273729344,-0.24034472599848933,0.20958417872475998,147.53055866260902,130.83777324657066,0.11339950283861876,6.97095217023577,8594350500.0,75.401150729878,51.64505533214673,0.08213879250177958,0.07893944622909929,0.032544553197109125,0.25762543798054516
2020-11-18,162.2133331298828,165.3333282470703,147.8333282470703,149.4499969482422,234132000,140.25083236694337,141.0437321472168,143.2502807996295,141.49100027859646,68.87980975733825,1.7592805210330482,0.1595803234078182,1.59970019762523,153.51421222345064,126.9874525104361,0.16353008227612706,7.979284558977399,8828482500.0,91.99248247414528,68.96043274942791,0.10196775866118779,0.09709745318946535,0.03937562835531828,0.17951665596977384
2020-11-19,166.42333984375,169.5366668701172,162.52333068847656,164.0,187425900,141.4754997253418,141.89659896850586,146.81536680641727,143.3378402463856,79.17737065135036,3.477526560031663,0.8231695707325871,2.654356989299076,159.1735000898891,123.77749936079448,0.2126865183833403,7.747142246791294,9015908400.0,91.96975320041857,86.45446213481394,0.025953518324515645,0.025622441945055478,0.039584004202832174,0.1732328326022856
2020-11-20,163.20333862304688,167.5,163.02000427246094,165.99667358398438,98735700,142.6251663208008,142.6758657836914,149.3365932397449,144.8093586446568,73.72204058454284,4.527234595088089,1.5639825756036876,2.9632520194844014,162.79212275051236,122.45820989108921,0.24713901810907787,7.616189139229911,8917172700.0,83.12312856682034,89.02845474712804,-0.019348255020757876,-0.019537882465358328,0.03981661890917169,0.159289990906621
2020-11-23,173.9499969482422,175.3333282470703,167.26333618164062,167.8333282470703,150780900,144.31799926757813,143.3573989868164,153.12327073335987,146.9679244449224,74.90464130828302,6.155346288437471,2.4822553181704445,3.6730909702670265,168.81021206577273,119.82578646938353,0.2816006119906069,7.8335691179547995,9067953600.0,96.80696017510884,90.63328064744924,0.06584827501609536,0.06377098448424992,0.04175151274729806,0.12055189185742043
2020-11-24,185.1266632080078,186.663330078125,175.39999389648438,180.13333129882812,160945500,146.49633255004883,144.06153228759766,158.0468695756134,149.79449768663244,79.56965464427732,8.252371888980974,3.6362786323325507,4.616093256648424,176.97397950373053,116.01868559636713,0.32926264024363794,8.305950709751674,9228899100.0,97.18833836027325,92.37280903406747,0.06425217853318599,0.0622723727366544,0.0433694630382069,0.024199706885519756
2020-11-25,191.3333282470703,191.3333282470703,181.7899932861328,183.35333251953125,146790600,149.2959991455078,144.94313232421874,163.167863217376,152.87144809851674,79.70450360583597,10.296415118859272,4.9683059296378955,5.328109189221377,185.2531161856987,113.33888210531691,0.37585837626531193,8.534759521484375,9375689700.0,99.99999999831432,97.99843284456546,0.03352658623835669,0.03297682427747412,0.04129670487458763,0.03376310218952194
2020-11-27,195.25332641601562,199.5933380126953,192.81666564941406,193.72000122070312,112683300,152.2114990234375,146.02533233642578,168.10408832485902,156.01084649240553,83.52338367375232,12.093241832453486,6.393293110201014,5.699948722252472,193.0728240363141,111.35017401056093,0.4185467747250112,8.795950753348214,9488373000.0,93.57828220315972,96.92220685391577,0.020487795852708768,0.02028074420821668,0.04127135906501,0.022671399975711326
2020-11-30,189.1999969482422,202.60000610351562,184.836669921875,200.73666381835938,189009300,155.20416564941405,146.86166564941405,171.34961272845644,158.46930208172677,80.25304000944212,12.880310646729669,7.690696617506745,5.189614029222923,197.7471586047567,112.66117269407141,0.4497145205238112,9.314760480608259,9299363700.0,81.01713138588873,91.5318045291209,-0.031002439645386293,-0.03149318478843732,0.039271462536891656,0.13065539967987183
2020-12-01,194.9199981689453,199.28334045410156,190.68333435058594,199.19667053222656,120310500,158.27499923706054,147.7641323852539,174.97582587314704,161.16935364374297,85.14428447062353,13.80647222940408,8.913851739886212,4.892620489517867,203.03135776542442,113.51864070869667,0.4592279801846876,9.43428475516183,9419674200.0,88.82311832997287,87.80617730634043,0.030232565079099327,0.029784568093447848,0.03924256670579179,0.11136191895635261
2020-12-02,189.60667419433594,190.51333618164062,180.40333557128906,185.47999572753906,143327100,160.69033279418946,148.72806579589843,177.2267256148684,163.27582183267577,79.47841726921277,13.950903782192626,9.921262148347495,4.029641633845131,206.78342366292878,114.59724192545012,0.48619692386457414,10.272617885044642,9276347100.0,81.0905230205753,83.64359091214563,-0.027258998689319136,-0.02763741793314288,0.03948310206473325,0.06269113555918726
2020-12-03,197.7933349609375,199.6566619873047,194.14332580566406,196.67333984375,127656000,163.56366653442382,150.14819915771486,180.39081936041748,165.83267465699146,82.84506627773344,14.558144703426024,10.848638659363202,3.709506044062822,211.44192122612463,115.685411842723,0.48412404493969796,10.669521876743861,9404003100.0,93.00474751468897,87.63946295507905,0.04317707064578702,0.04227093212295058,0.03957397639262866,0.05677641124639954
2020-12-04,199.67999267578125,199.67999267578125,195.1666717529297,197.00332641601562,88203900,166.24616622924805,151.55653228759766,183.35838448585807,168.33988339912403,84.16164864606631,15.018501086734034,11.682611144837368,3.3358899418966654,215.96452662115556,116.52780583734054,0.4979803907809111,10.73309326171875,9492207000.0,95.69974964539736,89.93167339355387,0.00953853028069096,0.009493325730045684,0.03924848605421061,0.018279293315079048
2020-12-07,213.9199981689453,216.26333618164062,201.01666259765625,201.63999938964844,168929100,169.7763328552246,153.11933227539063,188.06017120633302,171.71618819688857,86.37567356161568,16.343983009444457,12.614885517758786,3.729097491685671,222.57064811362065,116.98201759682857,0.4935893391014452,11.718570164271764,9661136100.0,96.74204556457589,95.1488475748874,0.07131413268972531,0.068886056292822,0.04015913277933083,-0.0030073196109322575
2020-12-08,216.6266632080078,217.0933380126953,206.1666717529297,208.50332641601562,192795000,173.58666610717773,154.6438656616211,192.4550161296676,175.04289004956408,85.20572752193345,17.41212608010352,13.574333630227734,3.837792449875785,228.420721920095,118.75261029426046,0.5062539855517681,11.215474809919085,9853931100.0,99.32619875847551,97.25599798948292,0.01265269756091203,0.012573321033348567,0.03904212494558724,-0.025589347492347758
2020-12-09,201.4933319091797,218.10667419433594,196.0,217.89666748046875,213873600,176.82199935913087,155.87993225097657,193.84552624959252,177.00218203916523,69.8946568156158,16.84334421042729,14.228135746267647,2.615208464159643,230.1282039798437,123.51579473841804,0.5291113518807646,11.499523707798549,9640057500.0,70.11093389136254,88.72639273813797,-0.06985904262531573,-0.07241913725041024,0.04295956672893715,0.030257400435756976
2020-12-10,209.02333068847656,209.25,188.77999877929688,191.4566650390625,201249600,180.3209991455078,157.2003323364258,196.1805730863439,179.37411897615127,70.8741701138731,16.806454110192647,14.743799419052648,2.0626546911399988,232.35784369996975,128.28415459104588,0.49790465383040344,12.438571384974889,9841307100.0,83.5108139236286,84.31598219115553,0.03737095767859411,0.03668958724599977,0.04311263536893188,0.04597573188934634
2020-12-11,203.3300018310547,208.0,198.93333435058594,205.00332641601562,139425000,183.62483291625978,158.27919891357422,197.2804852009148,181.14862881725523,69.19691889568908,16.131856383659567,15.021410811974032,1.1104455716855348,232.43917739275778,134.81048843976177,0.48014896018205383,12.839285714285714,9701882100.0,70.93685634821821,74.85286805440312,-0.027237767375868138,-0.027615591895456065,0.04382839374143484,0.13936295513054553
2020-12-14,213.27667236328125,214.25,203.39999389648438,206.3333282470703,156121800,187.48033294677734,159.7774658203125,199.7414370720481,183.52848389473863,68.95932074535281,16.21295317730946,15.259719285041118,0.9532338922683401,232.54904770795162,142.41161818560306,0.4226314510797246,12.752857753208705,9858003900.0,88.6902896730548,81.04598664830053,0.048918853305726984,0.04775997018342951,0.043714831102918024,0.01567598892489963
2020-12-15,211.0833282470703,215.63333129882812,207.93333435058594,214.42666625976562,135214500,191.232999420166,161.16126586914064,201.4863434066669,185.56958347639284,63.700343277168265,15.916759930274054,15.391127414087707,0.5256325161863469,230.37232511845562,152.0936737218764,0.37084241586789396,12.394762311662946,9722789400.0,81.37208479520116,80.33307693882472,-0.010284031966116491,-0.010337277993335172,0.0440376121808341,0.011196252706371812
2020-12-16,207.58999633789062,210.8333282470703,201.6666717529297,209.41000366210938,126287400,194.2523323059082,162.55319915771486,202.42536693454747,187.2007251698371,58.83354726807147,15.224641764710356,15.357830284212238,-0.13318851950188204,228.04138463857444,160.46327997324195,0.3255364220698611,12.385713849748884,9596502000.0,72.10677292451268,80.72304913092289,-0.016549539644792777,-0.016688013184044656,0.04258137274828392,0.03726896264195001
2020-12-17,218.63333129882812,219.60667419433594,206.5,209.39666748046875,168810300,197.07333221435547,164.0905325317383,204.91889991366756,189.52906636457718,61.79141043368061,15.389833549090383,15.364230937187868,0.02560261190251545,228.9674006526143,165.17926377609666,0.2917585186923396,12.73190416608538,9765312300.0,97.51719386493585,83.66535052821655,0.053197818564255206,0.05183107739238726,0.03875545352462421,0.008949527628923759
2020-12-18,231.6666717529297,231.6666717529297,209.51333618164062,222.96665954589844,666378600,200.33549880981445,165.8843994140625,209.0339417350925,192.6503704674181,70.00879982051893,16.383571267674398,15.568099003285175,0.8154722643892232,232.3759094699002,168.2950881497287,0.2766078557407389,13.045475551060267,10431690900.0,99.99999999804929,89.8746555958326,0.059612778969587055,0.05790353852575241,0.03993490443392773,-0.04505039912051412
2020-12-21,216.6199951171875,222.8333282470703,215.35667419433594,222.0800018310547,174135900,203.00633163452147,167.32346588134766,210.2010268707994,194.42589821925287,59.39827750405032,15.775128651546538,15.60950493293745,0.16562371860908875,230.61263578799293,175.40002748105002,0.2548823264310106,13.490236554827009,10257555000.0,70.64826880729339,89.3884875567595,-0.06494968189377415,-0.06715493498509616,0.04330484830261196,0.02482078565225798
2020-12-22,213.44667053222656,216.6266632080078,204.7433319091797,216.0,155148000,204.9811653137207,168.64373260498047,210.70035666486513,195.83484431651019,60.52012034266994,14.86551234835494,15.460706416020948,-0.5951940676660072,229.28946524996405,180.67286537747736,0.2277693053316869,13.302141462053571,10102407000.0,57.51593686812653,76.05473522448972,-0.01464926902636221,-0.01475762913420309,0.04206791864734596,0.08501733681401658
2020-12-23,215.32666015625,217.1666717529297,207.52333068847656,210.73333740234375,99519000,206.4911651611328,169.9725991821289,211.41209566353973,197.27868252686127,58.19314260701795,14.133413136678456,15.19524776015245,-1.0618346234739935,229.31299167778408,183.66933864448154,0.21197399801855285,13.273095267159599,10201926000.0,61.89955885049723,63.35458817530571,0.008807772074100217,0.00876920991536227,0.04016649908205239,0.09240224812863818
2020-12-24,220.58999633789062,222.02999877929688,213.6666717529297,214.3300018310547,68596800,207.95399856567383,171.3090658569336,212.82408038267064,199.00544651286344,59.4721112901342,13.8186338698072,14.919924982083401,-1.1012911122762006,230.4329443905548,185.47505274079285,0.20380748173592297,13.548095703125,10270522800.0,74.17222030118577,64.52923867326983,0.02444349518922251,0.024149533626973363,0.03991745613752401,0.10275475828110459
2020-12-28,221.22999572753906,227.13333129882812,220.26666259765625,224.836669921875,96835800,209.25283203125,172.7411325073242,214.117298128035,200.65170941765422,53.77673532527339,13.465588710380786,14.629057727742879,-1.1634690173620932,231.6435958028211,186.8620682596789,0.20242068619977704,12.854047502790179,10367358600.0,75.66452395931051,70.5787677036645,0.002901307404113318,0.0028971067347807124,0.03981911008785477,0.10761050310690146
2020-12-29,221.99667358398438,223.3000030517578,218.3333282470703,220.3333282470703,68732400,210.8926658630371,174.24993255615234,215.3295097366426,202.23281787441942,52.831188348134454,13.096691862223167,14.322584554638938,-1.225892692415771,231.85831766502454,189.92701406104968,0.18888257615315882,12.428333827427455,10436091000.0,77.45220717945398,75.76298381331675,0.003465523985226371,0.0034595328945027123,0.03882028359552107,0.1351221071961115
2020-12-30,231.5933380126953,232.1999969482422,222.7866668701172,224.0,128538000,212.7263328552246,176.0095993041992,217.83163716372763,204.40767121799541,66.85330342269467,13.42396594573222,14.142860832857595,-0.7188948871253746,234.21830521190918,191.23436049854,0.18560095502839077,11.578094482421875,10564629000.0,98.60281215542106,83.90651443139518,0.0432288658824449,0.04232058232357712,0.03930469475613723,0.17453005563886115
2020-12-31,235.22332763671875,239.57333374023438,230.3733367919922,233.3300018310547,148949700,215.00716552734374,177.9011325073242,220.50728185188012,206.69031243419715,65.3395750124046,13.81696941768297,14.07768254982267,-0.26071313213970093,235.84033929569392,194.17399175899357,0.17713526951310832,10.773094177246094,10713578700.0,89.296244661075,88.45042133198335,0.01567398119122254,0.015552413007484785,0.038358640547377046,0.24707017490598493
2021-01-04,243.2566680908203,248.163330078125,239.06333923339844,239.82000732421875,145914600,217.28033218383788,179.94866577148437,224.00718742710168,209.39893137172479,72.75282470713688,14.608256055376899,14.183797250933518,0.4244588044433808,240.03750832605172,194.52315604162405,0.18710423291432574,10.976666041782924,10859493300.0,89.44728037468369,92.44877906372658,0.03415197180829077,0.03358173995604568,0.03801843191570715,0.11156939541536293
2021-01-05,245.0366668701172,246.94667053222656,239.73333740234375,241.22000122070312,96735600,219.54816589355468,182.0107992553711,227.24249195679639,212.03876363086496,69.95642692356577,15.203728325931422,14.387783465933099,0.8159448599983232,243.90409603955982,195.19223574754955,0.19879416788602589,10.71190425327846,10956228900.0,93.2755098504653,90.67301162874132,0.007317368906131216,0.007290726849836652,0.03802643810295637,0.15552774650886003
2021-01-06,251.9933319091797,258.0,249.6999969482422,252.8300018310547,134100000,221.45183258056642,184.24646575927736,231.05031348793227,214.9983612811105,74.25398327869425,16.051952206821767,14.720617214110833,1.331334992710934,249.61035908884026,193.29330607229258,0.22348628271181703,11.087856837681361,11090328900.0,89.33727461411608,90.686688279755,0.028390302267496503,0.027994766442436515,0.03557399255025451,0.13020190879180804
2021-01-07,272.0133361816406,272.3299865722656,258.3999938964844,259.2099914550781,154496700,224.22116622924804,186.88486572265626,237.35231697927202,219.22169275522384,81.93595332121416,18.130624224048177,15.402618616098302,2.728005607949875,260.1921680928243,188.2501643656718,0.2644796933011853,11.867856706891741,11244825600.0,99.53148976939487,94.0480914113254,0.07944656360858104,0.07644846869014829,0.03892885267978274,0.03548840820824273
2021-01-08,293.3399963378906,294.8299865722656,279.46331787109375,285.3333435058594,225166500,228.8134994506836,189.9204656982422,245.9658061113672,224.71193746505102,83.60724469259517,21.253868646316164,16.572868622141876,4.681000024174288,274.66257535471004,182.96442354665714,0.3126002350611207,12.561426435198102,11469992100.0,98.34604776819512,95.73827071723535,0.07840299470467449,0.07548123816080572,0.03652875311869593,-0.061203173270537925
2021-01-11,270.39666748046875,284.80999755859375,267.8733215332031,283.1333312988281,177904800,231.8821662902832,192.62159912109374,249.72440016815204,228.09599154026716,65.99664034426975,21.62840862788488,17.58397662329048,4.044432004594402,280.2977556158194,183.46657696474696,0.3581078848098849,12.798093523297991,11292087300.0,72.87798155686482,90.25183969815158,-0.07821411721500826,-0.08144231364811663,0.04226017073117112,0.04112474913541875
2021-01-12,283.14666748046875,289.3333435058594,275.7799987792969,277.0,138812100,235.8729995727539,195.54566589355468,254.86628744697,232.1738193876895,78.00887671194708,22.692468059280515,18.60567491048849,4.086793148792026,287.4351584991407,184.31084064636713,0.36420812849540957,12.985713413783483,11430899400.0,87.03102125796379,86.0850168610079,0.047152947996006445,0.046075003355075396,0.041728181243041895,0.001189030140706926
2021-01-13,284.8033447265625,286.8233337402344,277.3333435058594,284.2533264160156,99937500,239.44933319091797,198.6547994995117,259.4719885669073,236.07230274612454,80.43101599461978,23.399685820782793,19.56447709254735,3.8352087282354432,294.23388448627077,184.66478189556517,0.3847184543984273,12.814760480608259,11530836900.0,88.51560428573234,82.80820236685364,0.005850950889994211,0.00583390055163722,0.04112970589826604,-0.011025202851645544
2021-01-14,281.6666564941406,287.6666564941406,279.5833435058594,281.1300048828125,93798900,242.97849960327147,201.61806610107422,262.88655286340475,239.44966228301462,77.99155241829757,23.436890580390127,20.338959790115904,3.097930790274223,299.1454881793497,186.81151102719323,0.39881886819817197,12.703329903738839,11437038000.0,83.78167512223533,86.44276688864382,-0.011013523157297866,-0.011074621019438693,0.041153969958050235,0.00194080969241206
2021-01-15,275.38665771484375,286.6333312988281,273.0333251953125,284.0,116332800,246.36833267211915,204.29979919433595,264.80964591747227,242.11166194463158,72.92427104877352,22.69798397284069,20.810764626660863,1.8872193461798261,301.72001892271885,191.01664642151945,0.4019925054460339,13.077378409249443,11320705200.0,74.58277356964787,82.29335099253849,-0.02229585445953386,-0.02254816438492551,0.04140755325290065,0.06613736678387427
2021-01-19,281.51666259765625,283.3333435058594,277.6666564941406,279.26666259765625,76101000,249.51249923706055,207.12359924316405,267.3799561759621,245.03055088189265,74.11337453132097,22.34940529406944,21.11849276014258,1.2309125339268618,305.3723853975415,193.65261307657963,0.39684959067816117,13.154522487095424,11396806200.0,82.59620189049434,80.32021686079251,0.022259629183487784,0.022015499815695144,0.040474649160617396,0.04563381637505581
2021-01-20,283.48333740234375,286.5,279.09332275390625,286.2466735839844,76997700,252.10333251953125,209.872666015625,269.85739944155927,247.8789054389631,74.35950942473728,21.978494002596165,21.290493008633298,0.6880009939628664,309.2694775134298,194.93718752563268,0.4033122053502813,13.328808375767299,11473803900.0,84.25024108040095,80.47640551351438,0.00698599786790699,0.00696170884124915,0.03900285282732177,0.016120902787780444
2021-01-21,281.663330078125,285.239990234375,280.47332763671875,285.0,61563300,255.35549926757812,212.6395993041992,271.67369646256935,250.38145541223435,71.13905927073624,21.292241050335008,21.29084261697364,0.001398433361366358,311.41194278708576,199.29905574807051,0.3980386335981985,12.940475463867188,11412240600.0,79.57285006307305,82.13976434465611,-0.006420156263490129,-0.006440854103183227,0.03500565252436202,-0.011313776715295987
2021-01-22,282.21331787109375,282.6666564941406,276.2066650390625,278.10333251953125,60199500,258.7938316345215,215.47546569824217,273.2951766792654,252.73937114992765,70.36843315838138,20.55580552933776,21.143835199446467,-0.5880296701087069,312.40960502086295,205.17805824818004,0.3799662878477725,12.74476078578404,11472440100.0,77.375959818276,80.39968365391665,0.0019526425140830028,0.0019507385857471659,0.03448868943072719,-0.06273023625892482
2021-01-25,293.6000061035156,300.1333312988281,279.6066589355469,285.0,123520200,262.70749893188474,218.61173248291016,276.4189965906885,255.76608485019344,71.20551922233409,20.652911740495057,21.045650507656188,-0.39273876716113065,314.3547476804958,211.0602501832737,0.35182048824891093,13.286665780203682,11595960300.0,89.1832353370741,82.04401507280771,0.040347806114603646,0.039555086200732226,0.0349270246395246,-0.04653722681908823
2021-01-26,294.36334228515625,298.6333312988281,290.5333251953125,297.1266784667969,69394800,266.396166229248,221.71813262939452,279.1796651590681,258.625140956487,70.95677177509519,20.55452420258115,20.94742524664118,-0.39290104406003223,315.8700615377168,216.92227092077923,0.3361416875104125,13.349999564034599,11665355100.0,88.55917601154914,85.03945705563306,0.0025999188207492807,0.002596544878530684,0.034997185258665166,-0.011663645285183044
2021-01-27,288.0533447265625,297.1666564941406,286.2200012207031,290.1166687011719,82002000,269.7373336791992,224.73413299560548,280.5448466309903,260.8050079024185,65.40498806506034,19.73983872857184,20.705907943027313,-0.966069214455473,315.23388630700805,224.24078105139034,0.31588977153517805,13.205951145717076,11583353100.0,71.05434809462962,82.93225314775094,-0.02143608477064074,-0.021669174678462418,0.0358565629607268,-0.01095865506817928
2021-01-28,278.4766540527344,282.6666564941406,267.0,273.3333435058594,79134000,272.5613327026367,227.58033264160156,280.2266631574125,262.1140187283678,53.0316676722139,18.11264442904468,20.187255240230787,-2.0746108111861084,312.2174946699596,232.90517073531385,0.2848078026663829,13.257143293108259,11504219100.0,34.63779101739133,64.75043837452336,-0.033246240146660666,-0.033811459334112025,0.03732792944633667,0.01742814863974984
2021-01-29,264.510009765625,280.8033447265625,260.0333251953125,276.6666564941406,104972400,274.2071662902832,230.14993286132812,277.80871648175287,262.29149954594243,35.47413438686402,15.517216935810438,19.253247579346716,-3.736030643536278,309.15728100300686,239.2570515775596,0.26426307831368623,13.110955374581474,11399246700.0,11.16380022148771,38.95197977783621,-0.05015373491403896,-0.051455133708131096,0.03902532858670007,0.07397319446610906
2021-02-01,279.9366760253906,280.6666564941406,265.1866760253906,271.42999267578125,76174200,276.4428337097168,232.804599609375,278.13609487308173,263.5985496555312,55.20061167362338,14.53754521755053,18.31010710698748,-3.7725618894369504,306.2326178717086,246.653049547725,0.21283230611261406,12.445953369140625,11475420900.0,49.63428379088658,31.811958343255196,0.058321672867634566,0.05668432585298431,0.04063393559633133,0.02811348348107723
2021-02-02,290.92999267578125,293.5,280.73333740234375,281.55999755859375,73038600,278.82649993896484,235.37893280029297,280.1043868427278,265.62310099036455,54.325829729123555,14.481285852363271,17.54434285606264,-3.0630570036993703,304.8233308574069,252.82966902052274,0.17871537189645156,12.062142508370536,11548459500.0,77.04903435660452,45.94903945632626,0.039270726531715816,0.03851924269165984,0.040812974452491296,-0.02673039067494065
2021-02-03,284.89666748046875,292.6933288574219,284.35333251953125,292.3399963378906,55030500,280.8194999694824,237.74839935302734,280.84166078699565,267.0507725822241,50.0494608402197,13.790888204771534,16.793651925804422,-3.0027637210328884,301.4713530393304,260.16764689963446,0.1449778493548982,11.98000008719308,11493429000.0,62.00333790561796,62.89555201770301,-0.020738065332563282,-0.020956118951172036,0.04138012884859914,-0.05834859944208626
2021-02-04,283.3299865722656,285.5,277.8066711425781,285.0,47438100,282.3863327026367,240.15093231201172,281.22448013857564,268.25664028519014,50.89648038896536,12.967839853385499,16.02848951132064,-3.0606496579351408,297.960438735655,266.81222666961844,0.10993616469216162,11.952144077845983,11445990900.0,58.096403567204725,65.71625860980906,-0.005499119810906672,-0.005514295631595512,0.04121083130000446,-0.04509456270504686
2021-02-05,284.07666015625,288.25665283203125,279.65667724609375,281.6666564941406,55699800,282.9894989013672,242.35346557617189,281.6632770643717,269.42849360897236,54.980703643209786,12.234783455399338,15.26974830013638,-3.0349648447370416,297.7871349840349,268.1918628186995,0.10418058332936307,11.594999040876116,11501690700.0,59.95843217148539,60.01939121476935,0.0026353496607176563,0.002631883215661463,0.037482989563975604,-0.04237113884930788
2021-02-08,287.8066711425781,292.5899963378906,284.9166564941406,289.8900146484375,60485100,282.71283264160155,244.4070657348633,282.608414614865,270.78984009294317,53.70712704366254,11.818574521921846,14.579513544493475,-2.7609390225716286,296.8895305467722,268.5361347364309,0.09851542251532869,11.635474068777901,11562175800.0,69.26020378869244,62.438346509127506,0.0131302972383458,0.013044842106937113,0.033148292606228785,-0.07783000236776139
2021-02-09,283.1533203125,286.6000061035156,280.5833435058594,285.0400085449219,45473100,283.3506652832031,246.24346557617187,282.692246260655,271.70565344254,49.81146916565569,10.986592818115014,13.860929399217783,-2.874336581102769,296.28791157066644,270.4134189957398,0.0913797957458894,11.622377668108259,11516702700.0,57.65583939545581,62.2914917852112,-0.016168321643152184,-0.016300455142510474,0.02798651339101138,-0.06040307950708568
2021-02-10,268.2733459472656,281.6066589355469,266.67333984375,281.21331787109375,108648300,282.606999206543,247.70386596679688,280.47395390474895,271.45140844289006,43.343836227607795,9.022545461858897,12.893252611746007,-3.87070714988711,297.1978527274062,268.01614568567976,0.10877602073618851,12.459043230329241,11408054400.0,20.548677051261656,49.15490674513662,-0.052550944303998315,-0.053982110546516617,0.02852200882817666,-0.02166951946590412
2021-02-11,270.5533447265625,276.6266784667969,267.24334716796875,270.8133239746094,64868400,281.89449920654295,249.33093292236327,278.9477063388741,271.3848852046436,44.301832241349246,7.562821134230546,11.827166316242916,-4.26434518201237,297.3969968552178,266.39200155786807,0.11459845498744532,12.667853219168526,11472922800.0,26.234458677714144,34.81299170814386,0.008498789811735685,0.008462878423046197,0.028567983833314457,-0.03740491785453082
2021-02-12,272.0400085449219,272.4433288574219,261.77667236328125,267.086669921875,71304900,281.41316680908204,250.8733331298828,277.884983601343,271.433412859479,38.33501749633899,6.451570741863975,10.752047201367128,-4.3004764595031535,297.5310272179611,265.295306400203,0.11849624983538039,11.963566371372767,11544227700.0,31.1053923595229,25.962842696166224,0.005494900903412869,0.005479859012751231,0.028537673632115144,-0.12451601135131818
2021-02-16,265.40667724609375,273.6666564941406,264.14666748046875,272.6666564941406,59406900,280.9141677856445,252.38933319091797,275.9652441620739,270.98698799922823,35.268780339190826,4.978256162845639,9.597288993662831,-4.619032830817192,298.3792587448894,263.4490768263996,0.13161003438546262,12.064993722098214,11484820800.0,14.470428218235625,23.936759751824212,-0.024383660823671716,-0.024685864957400334,0.02862201767749714,-0.12230290153464829
2021-02-17,266.04998779296875,266.61334228515625,254.00332641601562,259.6966552734375,77989500,280.14083404541014,253.75446624755858,274.43982010528845,270.6212842802461,38.121272065257585,3.8185358250423747,8.44153835993874,-4.623002534896365,298.82102116213485,261.46064692868543,0.1404261452645584,12.183805193219866,11562810300.0,30.500445438860854,25.358755338873113,0.0024238672272682837,0.0024209343993348833,0.028095860256670813,-0.07032509796481412
2021-02-18,262.4599914550781,264.89666748046875,258.75665283203125,260.29998779296875,53871300,279.08966674804685,255.01006622314452,272.59676954371764,270.01674407097437,40.75570068633886,2.580025472743273,7.2692357824996465,-4.6892103097563735,299.28268491703597,258.89664857905774,0.15387501963281355,11.20094735281808,11508939000.0,21.41108167214747,22.127318443081307,-0.013493691045324274,-0.01358555824881115,0.028107180682801967,-0.1335568490779787
2021-02-19,260.4333190917969,265.5966796875,259.1233215332031,265.0,56874900,278.02816619873045,255.94033264160157,270.72546947419136,269.30686073918343,47.27092501037384,1.418608735007922,6.099110373001302,-4.68050163799338,299.82024740067476,256.23608499678613,0.16735248222415885,10.179757254464286,11452064100.0,16.27983344457081,22.73045351852637,-0.007721833533733569,-0.007751801260508434,0.02811587548596003,-0.13541526660970937
2021-02-22,238.1666717529297,256.1666564941406,236.73333740234375,254.2133331298828,111809100,275.8258338928223,256.3711328125,265.71642367092034,267.00018007353503,24.383645064907995,-1.2837564026146993,4.622537017878102,-5.906293420492801,303.84901305054103,247.80265473510352,0.2353241026669723,10.71856689453125,11340255000.0,2.524957933003211,13.40529101657382,-0.08549845855559934,-0.08937612559287707,0.03350170355680818,0.005500339526735898
2021-02-23,232.94667053222656,237.8699951171875,206.3333282470703,220.7100067138672,199820700,272.7931671142578,257.0001995849609,260.6749231880444,264.47769788528996,11.73053345274171,-3.8027746972455816,2.9374746748533656,-6.740249372098948,305.4603188272383,240.1260154012773,0.28046892997735495,12.023568289620536,11140434300.0,30.816746290826295,16.54051255613343,-0.021917429429917368,-0.022161184525391956,0.03162166936391987,-0.017743680514447635
2021-02-24,247.33999633789062,248.3333282470703,231.38999938964844,237.28334045410156,110301000,270.4419998168945,257.7665328979492,258.6233959803284,263.2082385114085,27.67583681342815,-4.584842531080142,1.433011233666664,-6.017853764746806,303.34044002115616,237.54355961263283,0.2660179565889471,12.638092041015625,11250735300.0,47.540287606714266,26.96066394351458,0.06178807266392261,0.059954347975619646,0.03549589348899168,-0.11970024813577373
2021-02-25,227.4066619873047,245.73666381835938,223.52667236328125,242.0500030517578,117071700,267.40966567993166,258.24806610107424,253.8208215198632,260.5562698799934,22.715881923748427,-6.735448360130221,-0.20068068509271283,-6.534767675037508,304.3988243295012,230.4205070303621,0.3253128850871971,13.789520263671875,11133663600.0,24.430961926099197,34.26266527454658,-0.08059082496045267,-0.08402401628244031,0.038964077697314616,-0.0890914730895922
2021-02-26,225.1666717529297,235.56666564941406,219.836669921875,233.3333282470703,123267600,264.7441665649414,258.48586608886717,249.4124907864888,257.93481816687756,21.671518533857608,-8.52232738038876,-1.8650100241519223,-6.657317356236837,305.8315815090439,223.65675162083892,0.364951123754112,14.298807416643415,11010396000.0,21.834072567944848,31.268440700252757,-0.009850152211020369,-0.009898985904473094,0.03861127354284304,-0.11480387351410626
2021-03-01,239.47666931152344,239.6666717529297,228.35000610351562,230.0366668701172,81408600,263.4924995422363,259.05373291015627,247.88390286726337,256.56754788129575,28.905622193550627,-8.683645014032379,-3.228737022128014,-5.454907991904365,306.1067857520765,220.87821333239611,0.3558950968572673,14.726426260811943,11091804600.0,41.29153211413102,29.185522202725014,0.06355291148192554,0.061615106636751404,0.04068036112678515,-0.21634674353682726
2021-03-02,228.81333923339844,240.3699951171875,228.3333282470703,239.42666625976562,71196600,260.9363327026367,259.4781997680664,244.94997000051492,254.5116805740441,27.464740333743876,-9.561710573529183,-4.495331732408248,-5.066378841120935,305.4865906376379,216.3860747676355,0.38940262909723294,15.070236206054688,11020608000.0,29.86450948884463,30.996704723640153,-0.044527636486599076,-0.04554943930628858,0.03882392438938353,-0.01873433989678641
2021-03-03,217.73333740234375,233.56666564941406,217.23666381835938,229.3300018310547,90624000,257.27649993896483,259.4601998901367,240.76279575464244,251.78735885762185,28.358534085703255,-11.024563102979414,-5.801178006522481,-5.223385096456933,303.4488035237091,211.10419635422056,0.42411790620215106,15.059523446219307,10929984000.0,16.217763301189265,29.12460163472163,-0.048423758283395624,-0.04963546753524194,0.03799197167660438,0.022749494511741686
2021-03-04,207.14666748046875,222.81666564941406,200.0,218.60000610351562,197758500,253.38899993896484,258.9697998046875,235.59108371246188,248.48064097783273,24.652187521106583,-12.889557265370854,-7.218853858292157,-5.6707034070786975,302.75191167029055,204.02608820763913,0.4765986567076199,16.019047328404017,10732225500.0,9.701359910287465,18.594544233440445,-0.04862218183112754,-0.04984401019282242,0.03876786753422906,0.12577238043296024
2021-03-05,199.31666564941406,209.27999877929688,179.8300018310547,208.68666076660156,268189500,249.18833389282227,258.62373321533204,230.01040401045452,244.8388650275795,22.33099282329725,-14.828461017124965,-8.74077529005872,-6.087685727066246,302.001318260496,196.37534952514852,0.5299404763329584,17.360714503696986,10464036000.0,20.766579848905778,15.561901020127493,-0.037799313531283074,-0.038532236280417013,0.03901943670355887,0.16018061588448762
2021-03-08,187.6666717529297,206.7100067138672,186.26333618164062,200.18333435058594,155361000,244.36783447265626,258.1081332397461,223.495983663143,240.6038877479758,21.509880394259028,-17.107904084832796,-10.414201049013535,-6.6937030358192615,301.2180144370818,187.5176545082307,0.605863357978352,18.141191755022323,10308675000.0,9.030154728751652,13.166031495981622,-0.05844967282854319,-0.06022747806878096,0.03980893585013247,0.2574422166884043
2021-03-09,224.52667236328125,226.02999877929688,198.40333557128906,202.72666931152344,202569900,241.2038345336914,258.29213348388674,223.65455115547195,239.41298290466509,37.97471061456548,-15.758431749193136,-11.483047189049456,-4.27538456014368,294.8267878667949,187.58088120058792,0.47765330300127773,19.980713980538503,10511244900.0,52.11426121286624,27.30366526350788,0.1964120760817838,0.17932714140524914,0.06244053730115769,0.004899154444095499
2021-03-10,222.68666076660156,239.28334045410156,218.35333251953125,233.43333435058594,181817100,238.18050155639648,258.3340667724609,223.50564494179957,238.17399607962335,38.36356475399653,-14.668351137823777,-12.12010797880432,-2.5482431590194565,288.5654739634066,187.79552914938637,0.4525189989697562,20.954762050083705,10329427800.0,49.96889235558345,37.03776943240044,-0.00819506910832657,-0.008228833280182691,0.06242850832863537,0.05051941576236185
2021-03-11,233.1999969482422,234.1666717529297,225.72666931152344,233.13333129882812,108761700,236.4268341064453,258.573466796875,224.99708371202152,237.80555169952103,42.40932273926114,-12.808467987499512,-12.25777998054336,-0.5506880069561522,284.8031767659693,188.05049144692134,0.4148914519090745,21.31238010951451,10438189500.0,69.913982151875,57.33237857344155,0.04721134236531421,0.046130766690605556,0.06285004375719268,-0.06638077156997046
2021-03-12,231.2433319091797,231.6266632080078,222.04666137695312,223.3333282470703,100751400,234.46133346557616,258.7583999633789,225.95804497312278,237.31946134468095,47.82389828578863,-11.361416371558164,-12.07850725874632,0.7170908871881565,280.1174188403808,188.8052480907715,0.3948748272900339,20.41619110107422,10337438100.0,75.05231171570433,64.97839540772092,-0.008390501992574073,-0.008425900400429927,0.06276964450105814,-0.056016052511015824
2021-03-15,235.97999572753906,237.72666931152344,228.01333618164062,231.3633270263672,88006800,232.65833282470703,258.8461331176758,227.4998835507253,237.2202416693371,50.95632184519887,-9.720358118611813,-11.60687743071942,1.8865193121076071,274.7769733134547,190.5396923359594,0.3569678892390315,18.836190359933035,10425444900.0,81.96681363277158,75.64436916678363,0.020483461206222797,0.02027649657712341,0.06300376583033772,-0.053592116744804574
2021-03-16,225.6266632080078,235.97332763671875,223.6666717529297,234.4499969482422,96587100,230.66933212280273,258.6541998291016,227.21169580569182,236.361458079609,42.97545603944965,-9.14976227391719,-11.115454399358974,1.9656921254417838,269.93702944947216,191.4016347961333,0.3480767456146625,18.505475725446427,10328857800.0,69.48715045692931,75.50209193513506,-0.04387377195940434,-0.04486533694757771,0.06346353570791347,-0.021746818029131476
2021-03-17,233.93666076660156,234.57666015625,217.00332641601562,218.9566650390625,121117500,229.06366577148438,258.46779968261717,228.24630579967794,236.1818434638307,52.28433467406304,-7.935537664152747,-10.479471052317729,2.543933388164982,264.6980477657577,193.42928377721108,0.30464983023610565,18.059762137276785,10449975300.0,89.37341416429712,80.27579275133266,0.03683074261011732,0.03616869761350537,0.06417409300135342,-0.10193641454300628
2021-03-18,217.72000122070312,229.7433319091797,217.3333282470703,228.09666442871094,99674400,226.82666625976563,257.9214663696289,226.62687432598952,234.8142995939694,47.627038122140206,-8.187425267979876,-10.02106189545016,1.833636627470284,259.0916038057111,194.56172871382017,0.2963892831622616,18.1221433367048,10350300900.0,62.586725455917076,73.81576335904782,-0.06932072763951169,-0.07184055905976201,0.06577752461132418,-0.019551111826907053
2021-03-19,218.2899932861328,219.07666015625,208.2066650390625,215.53334045410156,128682000,224.71949996948243,257.24739959716794,225.34427724293465,233.59027690450003,42.60069468822655,-8.245999661565378,-9.666049448673204,1.4200497871078266,253.00205587607695,196.4369440628879,0.25912828600917104,17.862857273646764,10478982900.0,63.528238717615494,71.82945944594321,0.0026180050626212203,0.002614584056873359,0.06581503140089288,-0.055217049972483334
2021-03-22,223.3333282470703,233.2066650390625,222.9166717529297,228.19667053222656,118536600,223.97783279418945,256.27379943847654,225.03490047434013,232.83050292987562,48.00794474220203,-7.795602455535487,-9.291960050045661,1.4963575945101741,251.5445279552487,196.4111376331302,0.2468659324376577,18.06857190813337,10597519500.0,73.17221778092038,66.4290606514843,0.023103830299388672,0.02284097771296026,0.06341921123654408,-0.08762683213935585
2021-03-23,220.72000122070312,225.93333435058594,219.1699981689453,225.2566680908203,91475700,223.3664993286133,254.82139953613282,224.37106981993443,231.93342872919618,51.15690428986966,-7.5623589092617465,-8.94603982188888,1.383680912627133,250.63642332076967,196.0965753364569,0.24709970860219904,17.385238647460938,10506043800.0,68.77662438474029,68.49236029442538,-0.01170146456365928,-0.011770465503008509,0.06328624504908195,-0.04008093684208047
2021-03-24,210.08999633789062,222.67333984375,210.0366668701172,222.6366729736328,101385600,221.50399932861328,253.61526611328125,222.17398159192769,230.31539670021058,51.139735567577496,-8.1414151082829,-8.785114879167685,0.6436997708847851,246.90391823384755,196.104080423379,0.24180036506243957,16.658096313476562,10404658200.0,50.897048352801484,64.28196350615404,-0.04816058727810224,-0.04935894253519092,0.062323421473587874,0.059752152347053
2021-03-25,213.4633331298828,215.1666717529297,203.1666717529297,204.3333282470703,117674700,220.80683288574218,252.22159942626953,220.83388182853616,229.06709569500111,55.67379757455234,-8.23321386646495,-8.674734676627137,0.4415208101621868,246.28987367488392,195.32379209660044,0.2387580144608391,15.411667960030693,10522332900.0,51.30138580893532,56.99168618215902,0.016056627401557888,0.015929083234572167,0.059969285683901585,0.03335465165277496
2021-03-26,206.23666381835938,214.60667419433594,199.9633331298828,213.9566650390625,101558400,219.86033248901367,250.65026580810547,218.58815598081665,227.37595259302765,57.72183860610814,-8.787796612210997,-8.69734706374391,-0.09044954846708642,246.0577404324049,193.66292454562245,0.25405189803171274,14.997144426618304,10420774500.0,19.161759567626966,40.45339790978792,-0.03385438241576755,-0.034440713289359076,0.06038287910369598,0.11692073484273302
2021-03-29,203.76333618164062,205.4933319091797,198.67333984375,205.2133331298828,85911000,218.07466583251954,249.09219940185548,216.3074144732511,225.62686989588786,37.90813872233132,-9.319455422636764,-8.82176873552248,-0.49768668711428354,243.49941705791238,192.6499146071267,0.24955177611273963,12.797144208635602,10334863500.0,12.533849449063633,27.665664941875303,-0.01199266702111268,-0.012065159218404247,0.05834532657148716,0.13141057467091466
2021-03-30,211.8733367919922,212.55332946777344,197.00332641601562,200.5833282470703,118297200,217.22766571044923,247.82193298339843,215.62524867613433,224.60808966596966,44.131272423519334,-8.982840989835324,-8.853983186385049,-0.1288578034502752,242.2719404925634,192.18339092833506,0.23640798942720695,12.412858145577568,10453160700.0,36.51470954574244,22.736772854144334,0.039801078851212424,0.039029424523405194,0.058501691705467436,0.055614950770709104
2021-03-31,222.64332580566406,224.0,213.70333862304688,215.5399932861328,100011900,217.47316513061523,246.6444662475586,216.70495284990815,224.4625516022433,44.28648301927694,-7.757598752335156,-8.63470629957507,0.8771075472399144,242.63429991830577,192.3120303429247,0.22602190922761037,12.459047589983259,10553172600.0,62.96143087960289,37.33666329146964,0.05083220558444013,0.04958242699342897,0.058594145151377904,0.02376001403041972
2021-04-01,220.5833282470703,230.80667114257812,219.80667114257812,229.4566650390625,105895200,218.1449981689453,245.38646606445312,217.3016259879331,224.17520172408234,44.2370030705801,-6.873575736149235,-8.282480186889904,1.4089044507406694,242.85873699165055,193.43125934624007,0.2240762166306961,12.448095049176898,10447277400.0,57.90291305647398,52.459684493939754,-0.009252455923119962,-0.00929552576717066,0.05743077266411134,0.02307523255328925
2021-04-05,230.35000610351562,236.05332946777344,228.23333740234375,235.90333557128906,125528400,219.6966651916504,244.36019958496092,219.3090690826381,224.6325946410774,47.11331870462531,-5.323525558439286,-7.690689261199781,2.367163702760495,243.30511556797964,196.08821481532115,0.20497894291975824,12.859285627092634,10572805800.0,85.39481966863758,68.7530545349048,0.04427659122771899,0.043324388497766333,0.0571721049978387,0.01581647800793551
2021-04-06,230.5399932861328,232.18333435058594,227.1233367919922,230.10000610351562,84815400,221.84033126831054,243.3267330932617,221.03690357548345,225.0701797258963,52.81233219050362,-4.03327615041286,-6.959206639042397,2.925930488629537,240.46236752465984,203.21829501196123,0.161551460038751,12.341190883091517,10657621200.0,85.88134250542329,76.39302507684494,0.0008247761127986308,0.0008244361718844317,0.05500192980358916,0.10222382924663975
2021-04-07,223.6566619873047,230.4600067138672,222.6133270263672,229.0,78928200,221.7968307495117,241.9278662109375,221.43994333114824,224.96547470822287,44.01815356622022,-3.5255313770746284,-6.272471586648844,2.7469402095742153,240.3964962585599,203.19716524046353,0.16632337569362404,11.652143205915179,10578693000.0,68.25437512842073,79.84351243416053,-0.029857428208930892,-0.03031223705748461,0.03442843511286602,0.09130064799994386
2021-04-08,227.93333435058594,229.85000610351562,223.88333129882812,225.7933349609375,71772900,222.05916442871094,240.5992660522461,222.4389265649079,225.18531616321272,56.90214607148136,-2.7463895983048303,-5.567255188980042,2.8208655906752114,240.8586011267786,203.25972773064328,0.16495557134396246,10.908572605678014,10650465900.0,79.20616009372107,77.78062590918836,0.01912159613436426,0.018941076007001657,0.034612037375413025,0.08050602232357695
2021-04-09,225.67333984375,226.99000549316406,223.14332580566406,225.92333984375,64311300,221.68283157348634,239.35166595458983,222.93652860780668,225.22146606547474,54.87821966524127,-2.2849374576680646,-4.910791642717647,2.6258541850495822,239.83337735113577,203.5322857958369,0.1608568011641638,10.474287850516182,10586154600.0,73.41872262852391,73.62641928355522,-0.009915155733034697,-0.009964638245883383,0.032980574440960295,0.0927003525690262
2021-04-12,233.9933319091797,234.93333435058594,227.3633270263672,228.56666564941406,87407100,221.82033157348633,238.46199951171874,224.63757526955638,225.8712339057492,56.75082773731223,-1.2336586361928141,-4.175365041412681,2.9417064052198665,240.31424584404635,203.3264173029263,0.15807214778016074,10.070239475795201,10673561700.0,94.7247185696487,82.44986709729788,0.03686741230129442,0.03620406408291566,0.033992477597966676,0.018020491311795617
2021-04-13,254.10667419433594,254.3333282470703,236.8866729736328,237.56666564941406,133958400,222.72666549682617,238.25393280029297,229.17128279644555,227.96274800120005,67.3071656788338,1.2085347952454981,-3.098585074081045,4.307119869326543,245.43813311371088,200.01519787994147,0.17875538050224848,11.040000915527344,10807520100.0,99.60465018927029,89.24936379581429,0.0859569036478478,0.0824615371588125,0.038769974200527677,-0.05683968814280316
2021-04-14,244.07666015625,260.2633361816406,242.67666625976562,256.8999938964844,147052200,223.64916534423827,237.53673248291017,231.464417774877,229.15637112379633,67.72847271244859,2.308046651080673,-2.017258729048702,4.325305380129375,248.2747544404732,199.02357624800334,0.20178569372811334,11.393572126116071,10660467900.0,74.41246676042965,89.58061183978286,-0.03947166704647498,-0.04027179907894094,0.03849288745100341,0.016238066873520918
2021-04-15,246.28334045410156,247.89666748046875,240.43666076660156,247.6999969482422,83546700,224.2664993286133,236.64379943847655,233.74425203321925,230.42503551863376,67.33084774069232,3.3192165145854915,-0.9499636803218632,4.269180194907355,250.5417411391983,197.99125751802828,0.2133740898766296,11.069286891392299,10744014600.0,77.90073732186698,83.97261809052229,0.009040931223980753,0.009000306677510112,0.037764334143908326,-0.025932216778678407
2021-04-16,246.5933380126953,249.80332946777344,241.53334045410156,242.88333129882812,83938500,225.71016616821288,235.8777328491211,235.7210344916002,231.62268755523093,72.99001493073939,4.098346936369268,0.05969844301636305,4.0386484933529045,253.59448429354657,197.8258480428792,0.22615629724674988,10.614047459193639,10827953100.0,78.39077448711146,76.90132618980269,0.0012587029151958085,0.001257911412789418,0.033705632257977146,-0.014031225424626315
2021-04-19,238.2100067138672,241.8000030517578,230.60000610351562,239.86666870117188,119058600,226.7061668395996,234.97533325195312,236.1039532950259,232.11063712253733,68.38528372944714,3.993316172488562,0.8464219889108029,3.1468941835777593,254.89589579617316,198.51643788302604,0.23667963697624564,11.216190883091517,10708894500.0,65.13859300665422,73.8100349385442,-0.03399658468630862,-0.034587909254449344,0.034916085036777456,0.03298206924188585
2021-04-20,239.663330078125,245.75,236.89666748046875,239.13999938964844,106827000,227.52266693115234,234.08706665039062,236.651549723195,232.67009585998827,65.96697865262354,3.981453863206724,1.4734283637699872,2.508025499436737,256.2420624664735,198.8032713958312,0.23966449540661278,10.737857273646764,10815721500.0,55.755998315616395,66.42845526979401,0.006101017267521991,0.006082481415169929,0.03465676088420027,-0.01981946924651179
2021-04-21,248.0399932861328,248.27999877929688,232.6666717529297,234.92333984375,93646500,228.88866653442383,233.2917330932617,238.40361796364695,233.80860678044343,65.0045291250038,4.595011183203525,2.0977449276566946,2.49726625554683,258.8190517334098,198.95828133543787,0.2413351556936951,10.986904689243861,10909368000.0,69.78657809682642,63.56038980636566,0.034951793439894185,0.03435484924604316,0.03510461967233429,-0.06681718347377874
2021-04-22,239.89666748046875,251.2566680908203,239.34666442871094,247.1666717529297,106770900,230.37900009155274,232.4266000366211,238.63331788931185,234.25957423970456,60.645259384728504,4.373743649607292,2.5529446720468143,1.8207989775604774,259.3201272754301,201.43787290767537,0.24127994346760656,11.051904950823102,10802597100.0,45.90527556677028,57.149283993071016,-0.03283069676699324,-0.03338171795091616,0.033999914279597664,-0.059317188008447874
2021-04-23,243.13333129882812,245.7866668701172,238.48666381835938,239.93333435058594,85110000,231.8625,231.92379974365235,239.32562764462205,234.9168895774174,57.59255237088427,4.408738067204638,2.9241033510783794,1.4846347161262585,260.1879200095881,203.5370799904119,0.2330031827250714,10.468333653041295,10887707100.0,54.50199012512535,56.73128126290734,0.013491908213451476,0.01340170287553078,0.03396955892912137,-0.027364966932944434
2021-04-26,246.06666564941406,249.76666259765625,244.20333862304688,247.0,93115500,233.85400009155273,231.4340661621094,240.36271041459005,235.7427989160838,58.93090291785823,4.619911498506241,3.2632649805639518,1.356646517942289,260.11911855857784,207.5888816245276,0.2134796958190721,10.580714634486608,10980822600.0,62.29304892250992,54.23343820480184,0.012064715006025573,0.011992516455123612,0.032581568451428455,-0.07220263886929523
2021-04-27,234.913330078125,241.3333282470703,234.4499969482422,239.32000732421875,88311000,235.41149978637696,230.69153259277343,239.52434420898004,235.6813567799387,56.171644211021075,3.8429874290413295,3.3792094702594273,0.4637779587819022,257.5306800695907,213.29231950316324,0.18831779597911757,10.844286237444196,10892511600.0,31.70797678375975,49.50100527713166,-0.04532647907368281,-0.046385859854230695,0.03452609551921512,-0.04418646494250189
2021-04-28,231.46665954589844,236.1666717529297,231.1999969482422,232.1366729736328,66813000,236.39116592407225,230.01273223876953,238.2847004146598,235.36915698482463,51.95499360082048,2.915543429835168,3.286476262174576,-0.3709328323394079,255.67463514924822,217.1076966988963,0.16661984290097873,10.756667000906807,10825698600.0,22.422767816349715,38.80793117420645,-0.014672094304228334,-0.014780794025162398,0.03400488183556149,-0.033784528971780636
2021-04-29,225.6666717529297,234.0833282470703,222.8333282470703,233.1699981689453,86536200,236.54233322143554,229.20506591796874,236.3434652359321,234.65045437505464,49.99644961034809,1.6930108608774503,2.967783181915151,-1.2747723210377004,255.4150510226576,217.6696154202135,0.16726189697949528,11.218094961983818,10739162400.0,7.5697112080139455,20.566818602707794,-0.02505755171974844,-0.02537683713134589,0.03283223527427606,-0.019881886156679185
2021-04-30,236.47999572753906,238.49000549316406,222.04666137695312,222.52999877929688,122276100,237.337166595459,228.68546600341796,236.36446992694854,234.78597595672014,51.28976346547722,1.5784939702284078,2.6899253395778024,-1.1114313693493947,254.65482634414684,220.01950684677115,0.1464619423339336,11.73119136265346,10861438500.0,37.76711193208765,22.586530318817097,0.04791723957558203,0.04680461290993818,0.034330750663087384,-0.052252449081501284
2021-05-03,228.3000030517578,235.3333282470703,226.8333282470703,234.60000610351562,81129300,237.2346664428711,228.0427996826172,235.12378271538074,234.30553351931553,34.723750203345546,0.8182491960652101,2.315590110875284,-1.4973409148100738,254.74959931149314,219.71973357424903,0.1534378680201003,10.967382158551898,10780309200.0,16.36286177852933,20.566561639543632,-0.034590632711300695,-0.035203052789871174,0.03399328300629167,-0.08155939608881746
2021-05-04,224.53334045410156,227.81666564941406,219.23333740234375,226.31333923339844,89217900,236.93433380126953,227.77013305664062,233.4944839059532,233.58166736633672,37.50479743163427,-0.0871834603835282,1.8350353966235216,-1.9222188570070498,255.12555312846902,218.74311447407004,0.16203579646932734,10.358810424804688,10691091300.0,16.55044287288795,23.5601388611683,-0.01649874089928205,-0.016636360929421883,0.03419379757833365,-0.08372922708821884
2021-05-05,223.64666748046875,228.43333435058594,222.44667053222656,227.02000427246094,65705700,236.93383407592773,227.58413299560547,231.97943522510943,232.84574144886503,35.27854732684541,-0.8663062237556005,1.2947670725476972,-2.1610732963032975,255.1265896633812,218.74107848847427,0.16269194432814207,10.25357164655413,10625385600.0,13.781608543221582,15.564971064879613,-0.003948959080373515,-0.003956776807325818,0.033518008534039107,-0.12080064908642396
2021-05-06,221.17999267578125,227.0066680908203,216.6666717529297,226.9199981689453,83353800,236.5961669921875,227.0609329223633,230.31798252521278,231.9816119101181,33.92373651488916,-1.663629384905306,0.7030877810570966,-2.3667171659624024,255.71921361537107,217.47312036900394,0.17291841266325805,10.401429312569755,10542031800.0,13.048052617967738,14.46003467802575,-0.011029338520784915,-0.011090612633393284,0.03331491436049068,-0.13842415433688215
2021-05-07,224.1233367919922,230.0,220.07333374023438,221.93333435058594,70407600,236.5186668395996,226.99526641845702,229.3649601047173,231.39951745692358,40.430248229669964,-2.0345573522062637,0.15555875440442454,-2.190116106610688,255.83964015898212,217.1976935202171,0.1724137574956259,9.968096051897321,10612439400.0,21.55728773720261,16.128982966130636,0.013307460953421169,0.013219694470214068,0.03339186756827115,-0.12289365023375654
2021-05-10,209.67999267578125,221.68333435058594,209.20333862304688,221.63333129882812,94177200,235.3029998779297,226.68553283691406,226.3365035771887,229.79066376943155,32.68660429635814,-3.4541601922428526,-0.5663850349250309,-2.887775157317822,258.04898963976535,212.55701011609406,0.21695908581041154,10.401429312569755,10518262200.0,1.1334514026726776,11.912930585947668,-0.06444373139784076,-0.0666139869184463,0.03517005869249436,-0.08299943208892602
2021-05-11,205.73333740234375,209.03334045410156,198.53334045410156,199.74667358398438,139511700,232.88433303833008,226.01066619873046,223.16678570413563,228.0086395940917,24.25349205083974,-4.84185388995607,-1.4214788059312389,-3.4203750840248315,257.4279270108572,208.34073906580292,0.23859617777480863,10.082381112234932,10378750500.0,13.656188391059073,12.115642510311446,-0.018822278764288325,-0.019001672485714396,0.027998116196159294,-0.06372326807061368
2021-05-12,196.6300048828125,206.80332946777344,195.58999633789062,200.8300018310547,101470800,230.5120002746582,225.36699951171875,219.0842040393167,225.68429628214508,23.973372746612355,-6.600092242828396,-2.4572014933106705,-4.142890749517726,259.30487912025177,201.71912142906464,0.2928635318170646,10.032618931361608,10277279700.0,1.9196613905995212,5.569767061443751,-0.044248212926854213,-0.04525703659502106,0.028280545163203274,-0.04480495010842489
2021-05-13,190.56333923339844,202.15333557128906,186.5500030517578,200.51333618164062,132554700,227.72600021362305,224.82359954833984,214.69637868456005,223.08274390816385,19.418269960775177,-8.386365223603804,-3.6430342393692974,-4.743330984234506,260.5887653026633,194.8632351245828,0.34490123043856363,10.625713893345424,10144725000.0,6.348541998906567,7.308130593521714,-0.030853203980896415,-0.03133918628539079,0.028246535790509786,0.02639541687048319
2021-05-14,196.5800018310547,197.6233367919922,190.15333557128906,194.47000122070312,100112700,225.225333404541,224.61226623535157,211.90924378402076,221.119577828378,22.208909576263196,-9.21033404435724,-4.756494200366886,-4.4538398439903535,259.61886524437705,190.831801564705,0.34991892887858056,10.68547603062221,10244837700.0,18.308488474102337,8.858897287869468,0.03157303299711356,0.031084853734470938,0.029787175885228993,-0.01502359647745366
2021-05-17,192.27667236328125,196.57666015625,187.06666564941406,191.85000610351562,97171200,222.9286666870117,224.4714663696289,208.88884818083005,218.98306631244492,24.06002933882702,-10.094218131614866,-5.824038986616483,-4.270179144998384,259.72215972505734,186.13517364896612,0.38271406079390835,10.535237993512835,10147666500.0,11.025546866066215,11.894192446358366,-0.02189098294684022,-0.02213414578006038,0.029412622968463555,0.05133225469254765
2021-05-18,192.6233367919922,198.75,187.7933349609375,189.3333282470703,110491800,220.57666702270507,224.57059967041016,206.38646181331654,217.03049375537435,25.4415177530652,-10.644031942057808,-6.788037577704748,-3.8559943643530596,258.8501740891438,182.30315995626634,0.3973922132578264,10.963094438825335,10258158300.0,11.69297931198367,13.675671550717402,0.0018029458511532592,0.0018013224952045325,0.029302436553204633,0.04641183456945441
2021-05-19,187.82000732421875,188.73666381835938,182.32666015625,184.18333435058594,118735200,217.56566772460937,223.8364663696289,203.53008419960918,214.8667540197332,25.766240339518077,-11.33666982012403,-7.6977640261886044,-3.6389057939354252,256.21533173818483,178.91600371103388,0.41156066985832485,10.89499991280692,10139423100.0,9.781018447026817,10.833181541692227,-0.02493638386588848,-0.025252562795766022,0.027417439773078478,0.0988002084983215
2021-05-20,195.5933380126953,196.28334045410156,190.35667419433594,191.6666717529297,92463300,215.3505012512207,223.2945999145508,202.30904632469935,213.43909357476744,22.759176110549376,-11.130047250068088,-8.3842206709645,-2.7458265791035874,253.6883456364318,177.0126568660096,0.39201585058814953,10.324999128069196,10231886400.0,25.028318764469844,15.50077217449344,0.04138712802336375,0.040553601408475165,0.02959252173227091,0.07510481998345342
2021-05-21,193.6266632080078,198.89332580566406,193.3333282470703,198.70333862304688,78091800,212.8751678466797,222.5031332397461,200.97329507597757,211.97150614019264,24.81355831004616,-10.99821106421507,-8.907018749614615,-2.0911923146004554,250.03484595728463,175.71548973607474,0.3838281101883713,10.033094133649554,10153794600.0,23.702981768335704,19.50410632661078,-0.010054917128925145,-0.010105809239520404,0.029083677206696433,0.07633245615258644
2021-05-24,202.14666748046875,204.82666015625,191.21665954589844,193.86666870117188,103674300,210.6791679382324,221.92119995117187,201.15381390743775,211.24374031354643,34.78891056961476,-10.089926406108674,-9.143600280913427,-0.9463261251952471,244.63261857710057,176.72571729936425,0.3359288684998848,10.357618059430804,10257468900.0,41.57461463527275,30.101971722692763,0.0440022264046771,0.04306162202970284,0.031210867338581645,0.028790937481034673
2021-05-25,201.56333923339844,204.663330078125,198.57000732421875,202.43666076660156,84017700,209.01166839599608,221.23286682128906,201.2168178037394,210.5266735668688,34.93291372908783,-9.309855763129406,-9.176851377356623,-0.13300438577278229,241.182814254374,176.84052253761817,0.31921624220687894,10.365236554827009,10173451200.0,40.351020381188725,35.20953892826572,-0.002885668382965889,-0.002889839951081735,0.03005525559456236,0.0007110708038930991
2021-05-26,206.3766632080078,208.72332763671875,200.5,202.52000427246094,85917900,207.75716857910157,220.84786682128907,202.01064017362683,210.21926539213834,40.213320435038796,-8.208625218511514,-8.983206145587602,0.7745809270760873,238.14902587407846,177.3653112841247,0.29452804229463503,10.214045933314733,10259369100.0,50.447489372629526,44.12437479636366,0.023879957500782645,0.023599290742317446,0.030778193640526245,-0.07476616995318552
2021-05-27,210.28334045410156,210.3766632080078,205.40333557128906,206.74667358398438,79111800,206.98800201416014,220.37480041503906,203.28336329369986,210.2240116930245,40.96527226411844,-6.94064839932463,-8.574694596335007,1.6340461970103775,236.22823240438157,177.74777162393872,0.27810315669399094,9.860236031668526,10338480900.0,71.03415334104791,53.94422103162205,0.018929840154243482,0.018752900206065234,0.030861273722956422,-0.05040820675867708
2021-05-28,208.4066619873047,211.8633270263672,207.4600067138672,209.5,68211000,205.58433532714844,220.1885336303711,204.071563092716,210.0893931963045,49.00562456343766,-6.017830103588523,-8.06332169778571,2.0454915941971876,231.35268350700795,179.81598714728892,0.24728910231698084,9.109044756208148,10270269900.0,88.29703752577903,69.92622674648548,-0.008924522802159385,-0.008964584890580543,0.02844103349800827,-0.03213263534658717
2021-06-01,207.96665954589844,211.26666259765625,206.85000610351562,209.26666259765625,54254700,204.56766815185546,219.9820669555664,204.6708087008979,209.9321536666448,51.84511068355485,-5.2613449657469005,-7.5029263513779485,2.241581385631048,228.06700101232863,181.06833529138228,0.2259913479572609,8.628330775669642,10216015200.0,86.80735541870109,82.04618209517601,-0.002111268599623961,-0.002113500469111133,0.02763313005135507,-0.03255324208435306
2021-06-02,201.7066650390625,207.7866668701172,199.7133331298828,206.7100067138672,69908400,203.42633438110352,219.54953369140625,204.2147865990771,209.32285821274982,54.40096530384866,-5.108071613672735,-7.023955403836906,1.9158837901641714,224.97941683751085,181.87325192469618,0.21370719160156032,8.41690172467913,10146106800.0,65.61337800022213,80.23925698156741,-0.030100952337768105,-0.030563287475861584,0.028112701117790382,-0.010477229525151843
2021-06-03,190.94667053222656,201.51666259765625,190.4066619873047,200.60000610351562,90335700,201.7913345336914,218.95406707763672,202.17353797340778,207.96165912530364,50.307304244630636,-5.788121151895865,-6.776788553448698,0.9886674015528332,221.79111677003863,181.7915522973442,0.20948029290693287,8.109521048409599,10055771100.0,29.184099931078382,60.53494445000053,-0.05334476431283097,-0.05482031154624074,0.030116783439107585,0.06507925079357868
2021-06-04,199.68333435058594,200.20333862304688,192.39999389648438,193.23666381835938,72110700,200.71650161743165,218.74593383789062,201.79042972374288,207.34844988273196,52.38387822973131,-5.5580201589890805,-6.533034874556775,0.9750147155676947,218.51878952122206,182.91421371364123,0.17830519468925501,8.237140110560826,10127881800.0,58.76314436585391,51.186874099051465,0.045754470575515294,0.04473860632554917,0.03235390975327074,0.018095285909154768
2021-06-07,201.7100067138672,203.3333282470703,194.2933349609375,197.27667236328125,67631100,199.5958351135254,218.5108673095703,201.77805695299276,206.93078742577902,57.509021530786264,-5.15273047278626,-6.2569739942026725,1.1042435214164126,213.6136145053729,185.57805572167788,0.13898942962936123,8.203329903738839,10195512900.0,65.62469164918349,51.19064531537193,0.010149431698305955,0.010098272085864791,0.032269514978208055,0.02075584069827774
2021-06-08,201.19667053222656,207.69667053222656,198.5,207.6699981689453,78160200,199.17166900634766,218.41006744384765,201.68861288825948,206.50603802625662,56.80639268718904,-4.817425137997134,-5.969064222961565,1.1516390849644313,212.3955729063288,185.94776510636652,0.13145251226076335,8.077616010393415,10117352700.0,63.8867291909259,62.75818840198776,-0.002544921741878703,-0.0025481655598922595,0.02905159775756487,-0.007008086457790164
2021-06-09,199.5933380126953,203.92999267578125,199.2100067138672,200.72332763671875,49753800,198.86466903686522,218.32666748046876,201.36626290740347,205.99398617340023,59.84721303696794,-4.627723265996764,-5.700796031568605,1.0730727655718413,211.72732486623056,186.00201320749989,0.12888862882334476,7.679280962262835,10067598900.0,42.94793750598482,57.48645278203139,-0.007968981371759054,-0.008000903407653626,0.028814582766079098,0.01017067402904881
2021-06-10,203.3733367919922,205.52999877929688,200.1666717529297,201.2933349609375,71758800,199.20183563232422,218.15666748046874,201.6750435050325,205.79986399699965,56.972989310752695,-4.124820491967142,-5.385600923648313,1.2607804316811704,212.17093519089195,186.23273607375648,0.12753982172040942,7.498804364885602,10139357700.0,60.43192071310691,55.75552913667254,0.018938501740255687,0.018761400839628444,0.02725890106403337,0.010620879296082908
2021-06-11,203.29666137695312,204.18666076660156,200.5066680908203,203.41000366210938,48615900,199.83850173950196,217.76973419189454,201.92452317763568,205.61444158069992,58.97086579448232,-3.6899184030642402,-5.046464419531499,1.3565460164672585,212.26068422563492,187.416319253369,0.12220744208976177,7.364518301827567,10090741800.0,60.074570608158645,54.48480960908345,-0.0003770180312155924,-0.00037708912038201647,0.026152731890305102,0.022004015536749577
2021-06-14,205.89666748046875,208.49667358398438,203.05999755859375,204.07666015625,61272000,200.30433502197266,217.4760009765625,202.53562230114846,205.63534720290502,53.90814832088895,-3.0997249017565593,-4.6571165159765116,1.5573916142199522,212.90942147830174,187.6992485656436,0.12244089824838751,6.780709402901786,10152013800.0,72.19204598777175,64.2328457696791,0.012789221849023313,0.012708130416930218,0.02542097578245381,0.0050834303913753764
2021-06-15,199.7866668701172,205.59666442871094,199.41000366210938,205.56333923339844,53292300,200.67983474731446,216.86473419189454,202.1127060809898,205.2021116226985,48.33966270656485,-3.0894055417087145,-4.3435743211229525,1.254168779414238,212.71245342711308,188.64721606751584,0.12045467165855579,6.808805193219866,10098721500.0,43.71604284868483,58.660886481538405,-0.029675082579620482,-0.03012429716067012,0.02587166841701223,0.04062667858835933
2021-06-16,201.6233367919922,202.8333282470703,197.8333282470703,199.17999267578125,66432300,201.12983474731445,216.28640106201172,202.0374184980671,204.93701719079434,45.29622342476335,-2.8995986927272384,-4.0547791954438095,1.1551805027165711,212.55148197111055,189.70818752351835,0.11329687729133675,6.5785675048828125,10165153800.0,52.275946815334294,56.061345217263614,0.009193155632698069,0.009151155788618984,0.025917899703121708,0.08547293024974967
2021-06-17,205.53334045410156,207.1566619873047,200.44667053222656,200.6300048828125,68104200,202.0155014038086,215.92393463134766,202.57525264514933,204.98118928437265,45.29982460055915,-2.405936639223313,-3.7250106841997104,1.3190740449763974,211.70768890494514,192.32331390267206,0.09431255756095633,6.702614920479911,10233258000.0,70.49873984868253,55.496909837567216,0.019392614586788648,0.0192069740346885,0.02532739163728977,0.10253000167114168
2021-06-18,207.77000427246094,209.4499969482422,203.93333435058594,204.4566650390625,73682700,202.62433471679688,215.52066802978516,203.37444520319727,205.18776817237918,49.37447676811766,-1.813322969181911,-3.3426731411961508,1.5293501720142397,212.14621454811422,193.10245488547955,0.09165788742855045,6.782139369419643,10306940700.0,83.2374965305969,68.67072773153791,0.010882243306208794,0.010823457790850165,0.023887030071769434,0.07790662960845429
2021-06-21,206.94332885742188,210.4633331298828,202.9600067138672,208.16000366210938,74438100,203.29016799926757,215.14606781005858,203.92350422692414,205.31780970460457,49.00214819867117,-1.3943054776804331,-2.9529996084930072,1.5586941308125741,211.98975501106838,194.59058098746675,0.08407699885599682,7.002615792410714,10232502600.0,82.44970838748586,78.72864825558842,-0.003978800587379316,-0.003986737073227676,0.02374651388962609,0.10935363322779024
2021-06-22,207.90333557128906,209.52333068847656,205.1666717529297,206.0833282470703,57476700,203.5780014038086,214.62426788330077,204.53578597221104,205.50933013917378,56.73892486778422,-0.9735441669627392,-2.557108520186954,1.5835643532242147,212.49646395211292,194.65953885550428,0.08579431901655296,6.724282400948661,10289979300.0,87.23617921803825,84.30779471204033,0.004638983624974058,0.004628256702323586,0.02177070292571477,0.09146877102958029
2021-06-23,218.85667419433594,219.06666564941406,210.01333618164062,210.6666717529297,93297600,204.44266815185546,213.9192678833008,206.73899954484565,206.498022291408,80.22522966699486,0.24097725343764864,-1.9974913654620334,2.238468618899682,215.6087458634992,193.27659044021172,0.10204009315913033,6.7145200456891745,10383276900.0,99.21253218993412,89.63280659848607,0.05268476618207507,0.051343820984031875,0.02453450667997069,0.03522849592529198
2021-06-24,226.60667419433594,232.5399932861328,222.5366668701172,224.99667358398438,137947200,205.45416870117188,213.5698681640625,209.79556487553646,207.98755206199525,79.79341048164227,1.808012813541211,-1.2363905296613846,3.0444033432025956,220.38753856935818,190.52079883298558,0.13179991208360944,7.030709402901786,10521224100.0,84.48669935503068,90.31180358766767,0.035411302984154513,0.03479874196476401,0.025144051677602735,-0.0027949157273012837
2021-06-25,223.9566650390625,231.27000427246094,222.89999389648438,229.86000061035156,97490100,206.13783493041993,213.1233346557617,211.97419566992508,209.1704493195558,74.28318355991473,2.8037463503692948,-0.42836315365524874,3.2321095040245433,223.11428781669335,189.1613820441465,0.15160480161027928,6.982853480747768,10423734000.0,75.26893396941934,86.32272183812803,-0.011694312026312215,-0.011763228305736152,0.025182710603941783,0.010463354650716017
2021-06-28,229.57333374023438,231.56666564941406,223.44000244140625,223.8800048828125,64884600,207.1961685180664,212.7829345703125,214.68175537304958,210.6817740914579,77.86941232545533,3.999981281591687,0.4573057333941384,3.5426755481975487,227.14675697236248,187.24558006377032,0.17380579990941342,6.906424386160714,10488618600.0,91.45219068592742,83.73594133679248,0.025079265670401973,0.02476994196174637,0.0254493355486757,-0.042310371904402455
2021-06-29,226.9199981689453,229.1699981689453,225.29666137695312,228.21665954589844,52143900,208.14383544921876,212.55713439941405,216.56456195703353,211.8846055046051,76.2958357673167,4.679956452428428,1.3018358772009964,3.3781205752274315,229.96173129484447,186.32593960359304,0.19229592827144273,6.874759129115513,10436474700.0,83.80715890823782,83.50942785452818,-0.011557681931348984,-0.011624991064809973,0.025677939668753456,-0.05304365841372738
2021-06-30,226.56666564941406,230.93666076660156,226.04666137695312,226.58999633789062,56774700,209.38683547973633,212.29520111083986,218.1033471404767,212.97216551533168,73.89420009413126,5.131181625145018,2.0677050267898007,3.0634765983552175,232.45725526944574,186.31641569002693,0.20365237510630302,6.79999760219029,10379700000.0,82.78910511619704,86.01615157012075,-0.0015570796861552605,-0.0015582931945795787,0.02440450787242744,-0.039561570561101655
2021-07-01,225.97332763671875,229.3300018310547,224.26666259765625,227.97332763671875,55903500,211.13816833496094,211.85386779785156,219.3141133706678,213.93521456136034,73.11584471480742,5.378898809307458,2.7299437832933324,2.6489550260141255,233.62507204372912,188.65126462619276,0.19902263637873915,6.898808070591518,10323796500.0,81.07952566795443,82.55859656412976,-0.0026188230779431443,-0.00262225819371756,0.020168513361183915,-0.030932810997996718
2021-07-02,226.3000030517578,233.3333282470703,224.4199981689453,226.32666015625,81163500,212.46900177001953,211.58193450927735,220.38886562929704,214.8511248199083,71.80928500613255,5.537740809388737,3.2915031885124133,2.2462376208763235,235.2500402388759,189.68796330116317,0.20133484897608278,7.1471405029296875,10404960000.0,80.18781634897358,81.352149044375,0.0014456370513082906,0.001444593124038416,0.01821703494419971,0.010016184565131647
2021-07-06,219.86000061035156,228.0,217.13333129882812,227.23666381835938,69853500,213.37650146484376,211.1164678955078,220.3075017802285,215.22215265623743,71.30623160851864,5.0853491239910795,3.6502723756081465,1.435076748382933,235.79610949693569,190.95689343275183,0.20394440070820558,7.459997994559152,10335106500.0,62.04696440186136,74.43810213959645,-0.028457809785947474,-0.028870583198134143,0.01978073385252645,0.013584389202529357
2021-07-07,214.88333129882812,221.89999389648438,212.77333068847656,221.42333984375,56376000,214.06083450317382,210.4928012084961,219.47301401385923,215.1970547779108,63.19488581338556,4.27595923594842,3.7754097476762016,0.5005494882722186,235.7383291920732,192.38333981427445,0.20176059778925803,7.754759652273996,10278730500.0,43.898230374582695,62.044337041805875,-0.02263562857139878,-0.02289574720602526,0.02064850113809502,0.013542249389565608
2021-07-08,217.60333251953125,218.14332580566406,206.82000732421875,209.4566650390625,68319900,214.96133422851562,210.14660125732422,219.18537070703954,215.3752975735864,62.302078905859034,3.8100731334531304,3.7823424248315876,0.02773070862154281,235.57871717707866,194.3439512799526,0.18949510294574642,8.084283011300224,10347050400.0,48.21114407646969,51.38544628430458,0.012658037290573132,0.01257859403128338,0.02056062276690539,-0.003385351730738062
2021-07-09,218.98333740234375,219.6366729736328,214.89666748046875,217.72666931152344,54421500,215.7418342590332,209.89693481445312,219.15428866016327,215.642559783124,61.63207429801022,3.5117288770392747,3.7282197152731253,-0.21649083823385062,235.6829290783423,195.80073943972408,0.18212431188470588,8.028807503836495,10401471900.0,52.75462109217404,48.2879985144088,0.006341837079579804,0.006321812249024031,0.020287071966756904,-0.01937741912017399
2021-07-12,228.56666564941406,229.0800018310547,220.72000122070312,220.73333740234375,77781000,217.00533447265624,209.9549346923828,220.60234665850956,216.59990095840473,68.98225552626131,4.002445700104829,3.783064912239466,0.21938078786536286,236.8281804823839,197.18248846292857,0.17345351697200545,8.214045933314733,10479252900.0,83.07693140831748,61.34756552565373,0.0437628194032984,0.042832279170544656,0.022115999162448403,-0.057576215782465745
2021-07-13,222.84666442871094,231.0933380126953,222.10000610351562,228.77333068847656,62898300,217.85283432006835,209.68226806640624,220.94762631546362,217.0626241784274,62.10638899306324,3.885002137036224,3.803452357198818,0.08154977983740608,237.11743696806911,198.5882316720676,0.17289558896820323,8.54523686000279,10416354600.0,60.447565774661214,65.42637275838423,-0.0250255268170938,-0.02534398967789286,0.023108646961455634,-0.012026173614272717
2021-07-14,217.7933349609375,226.20333862304688,217.6133270263672,223.5833282470703,64923600,218.75316772460937,209.47213470458985,220.4623507224596,217.11675090305778,49.04747206467538,3.3455998194018264,3.71188184963942,-0.36628203023759376,236.04477491415207,201.46156053506667,0.15878913092215657,8.361428397042411,10351431000.0,41.387978775782365,61.637491986253686,-0.022676262535623493,-0.02293732311171139,0.022616181804868827,0.0029232194592085925
2021-07-15,216.86666870117188,222.04666137695312,212.6266632080078,219.4633331298828,60628800,219.51533432006835,209.31880126953126,219.90916887303072,217.09822629551067,40.05987237664942,2.810942577520052,3.5316939952155466,-0.7207514176954946,234.86225781487636,204.16841082526034,0.14153326176605838,8.056905473981585,10290802200.0,37.8928818679786,46.57614213947406,-0.004254796226577984,-0.004263873629526309,0.02267116575170248,-0.002059655063185617
2021-07-16,214.74000549316406,218.89999389648438,214.06666564941406,218.22666931152344,49113000,219.97566757202148,209.14066802978516,219.11391296843584,216.92354327311463,40.492411364110104,2.190369695321209,3.263429135236679,-1.07305943991547,234.05684401411594,205.89449112992702,0.1311462799840779,7.804285321916852,10241689200.0,29.871769710373886,36.38421011804495,-0.009806316575730722,-0.009854715165981626,0.02256033036165512,-0.001303896675674543
2021-07-19,215.4066619873047,215.73333740234375,207.09666442871094,209.9633331298828,63891300,220.35750045776368,209.02520141601562,218.54356666364643,216.81118169638796,33.72395407674978,1.7323849672584686,2.957220301641037,-1.2248353343825684,233.4225960693693,207.29240484615806,0.12130632814295804,7.840714590890067,10305580500.0,32.38619065392644,33.3836140774263,0.003104482057777691,0.003099673103658058,0.022473872548024357,0.01764106558589984
2021-07-20,220.1666717529297,220.79666137695312,213.5,217.3300018310547,46461300,221.01866760253907,208.94606811523437,218.79327513892076,217.05973651539105,42.59936658236263,1.7335386235297108,2.712483966018772,-0.9789453424890611,232.4633906970389,209.57394450803923,0.1039641740811985,8.05642809186663,10352041800.0,50.33946696848597,37.53247577759543,0.02209778342837665,0.021857165705963834,0.02285923304030875,-0.023800175800651524
2021-07-21,218.42999267578125,221.6199951171875,216.76333618164062,219.8699951171875,41859900,221.54500045776368,209.12106811523438,218.737385529207,217.16123697171625,41.34581083398279,1.5761485574907397,2.4852168843131657,-0.909068326822426,231.292462097306,211.79753881822137,0.08925021257507072,8.054046630859375,10310181900.0,43.789253654445375,42.17163709228593,-0.007888019850240235,-0.007919294852611359,0.02299319942473722,-0.012681358359899808
2021-07-22,216.4199981689453,220.72332763671875,214.86666870117188,218.81333923339844,45317100,221.42316665649415,209.3348013305664,218.38086439685904,217.1063303937332,40.136295550882174,1.2745340031258365,2.2430803080757,-0.9685463049498635,231.37096166027877,211.47537165270953,0.09193046010488375,8.110712323869977,10264864800.0,36.20817954981394,43.445633390915084,-0.009202007847976312,-0.00924460786068585,0.019867057594499696,0.043264681472951816
2021-07-23,214.4600067138672,216.26666259765625,212.43333435058594,215.45333862304688,43814700,220.8158332824707,209.6914013671875,217.7776555225526,216.91030641744683,38.1741940411393,0.8673491051057738,1.967934067481715,-1.1005849623759412,230.91318301578366,210.71848354915772,0.09416534008398932,7.7588075910295755,10221050100.0,31.47487045509035,37.15743455311655,-0.009056424875986235,-0.009097683584931696,0.018057303385679437,0.0681090109030682
2021-07-26,219.2066650390625,222.73333740234375,215.70333862304688,216.99000549316406,76009800,220.5783332824707,210.2642678833008,217.99750314047722,217.08040705608502,49.32460120909725,0.9170960843921989,1.7577664708638119,-0.840670386471613,230.5876943072141,210.56897225772732,0.09132350992119444,7.573569161551339,10297059900.0,51.02990550948103,39.570985171461764,0.022133069927244398,0.02189168871378688,0.018731989792330813,0.07914908107572316
2021-07-27,214.92666625976562,222.1666717529297,209.0800018310547,221.13333129882812,98439900,219.84599990844725,210.631201171875,217.5250666972908,216.9208707008021,50.045453075792416,0.6041959964886985,1.5270523759887893,-0.9228563795000908,229.20655294061973,210.48544687627478,0.08710462219573147,7.8564267839704245,10198620000.0,33.397390079069076,38.63405534788015,-0.01952494819687245,-0.019718078031379437,0.018120713692007538,0.1007475524005863
2021-07-28,215.66000366210938,218.32333374023438,213.13333129882812,215.6666717529297,48019800,219.28300018310546,211.09886779785157,217.2381339226475,216.82747314238043,47.873043257954436,0.4106607802670794,1.3037740568444474,-0.8931132765773679,228.19587102362138,210.37012934258954,0.08265668820520268,7.418332781110491,10246639800.0,35.68552617541476,40.03760725465495,0.0034120354402995545,0.0034062276545409947,0.01806361411906873,0.0988283576587643
2021-07-29,225.78334045410156,227.89666748046875,216.26666259765625,216.59666442871094,91183800,219.24383392333985,211.76206787109376,218.55278108133274,217.49087072102643,56.24694236274675,1.0619103603063138,1.2554013175368208,-0.19349095723050702,228.0278921814539,210.4597756652258,0.07780962262713723,7.9538083757672995,10337823600.0,77.87194320584327,48.98495315344237,0.04694118807422987,0.04587275846182932,0.02116924872134279,0.05503801225888849
2021-07-30,229.06666564941406,232.50999450683594,223.0,223.9199981689453,88969200,219.39850082397462,212.58700103759764,220.17030178411449,218.3483370120181,50.51946271676986,1.8219647720963792,1.3687140084487326,0.4532507636476466,228.7707103372846,210.02629131066462,0.08182953627704294,7.911903381347656,10426792800.0,86.45069793017684,66.66938910381161,0.014541928508582602,0.014437208664382839,0.02140241255832096,0.01731668286802801
2021-08-02,236.55667114257812,242.31333923339844,232.8000030517578,233.3333282470703,100847400,219.9113342285156,213.40626770019531,222.69128168541658,219.6971025031707,63.73840336532994,2.9941791822458868,1.6938070432081636,1.3003721390377232,231.68770746775942,208.1349609892718,0.099564921863023,8.215713500976562,10527640200.0,83.65357284984042,82.65873799528684,0.032697928666004517,0.03217472594711166,0.02255455977814803,0.005763215299666946
2021-08-03,236.5800018310547,240.88333129882812,233.6699981689453,239.6666717529297,64860900,220.7473342895508,214.26533447265626,224.8280078616686,220.9476876385695,70.93611335909048,3.8803202230990905,2.131109679186349,1.7492105439127417,234.68409381735285,206.81057476174874,0.11781857654861716,8.117379324776786,10592501100.0,83.71982183162332,84.60803087054686,9.862621233169833e-05,9.862134908657855e-05,0.021367032399344604,0.00035222016411107226
2021-08-04,236.97332763671875,241.63333129882812,236.30999755859375,237.0,51007800,221.85183410644532,214.96186767578126,226.6965185962917,222.13477208287685,72.67669339364762,4.561746513414846,2.617237046032048,1.9445094673827978,237.2559070214533,206.44776119143734,0.13000680767434303,7.824760437011719,10643508900.0,84.83669560756692,84.07003009634354,0.001662548831768751,0.001661168327351945,0.02045081230417257,-0.004360512660296467
2021-08-05,238.2100067138672,240.31666564941406,237.1366729736328,238.6666717529297,38758800,222.8821678161621,215.69480102539063,228.46782446053408,223.32553020369096,77.01220396365883,5.142294256843115,3.122248488194262,2.0200457686488535,239.77448460291657,205.98985102940765,0.14182709634902246,7.71833256312779,10682267700.0,88.34832492513303,85.63494745477442,0.005218642492307302,0.005205072568156722,0.020373634988478988,0.010662832016052892
2021-08-06,233.03334045410156,238.77667236328125,232.5433349609375,237.3000030517578,46869000,223.58466796875,216.2279345703125,229.17021153646755,224.04462725927692,68.37898981988627,5.125584277190626,3.522915645993535,1.602668631197091,240.95608756080972,206.2132483766903,0.1490895642504099,7.546665736607143,10635398700.0,72.07623577593753,81.75375210287915,-0.021731523084098314,-0.021971130346089583,0.021206706293938674,0.025847506098222617
2021-08-09,237.9199981689453,239.67666625976562,235.0433349609375,236.72332763671875,44145900,224.05233459472657,216.78066772460937,230.51633255684874,225.07243251184497,68.46228302306451,5.4439000450037724,3.9071125257955823,1.5367875192081901,242.46112361778535,205.6435455716678,0.15474772330812497,7.499998910086496,10679544600.0,86.78031937589546,82.40162669232201,0.020969779282747014,0.02075293960905606,0.019459702251808087,-0.038654466219758765
2021-08-10,236.663330078125,238.8633270263672,233.9600067138672,237.99667358398438,40296900,224.74316787719727,217.34580108642578,231.46202448319892,225.9310175167546,69.15267514167348,5.531006966444323,4.2318914139253305,1.2991155525189928,243.97983922840487,205.50649652598966,0.16256571176326626,7.503331865583148,10639247700.0,82.99897152157531,80.6185088911361,-0.005281893495678203,-0.005295892009324611,0.01848291862552219,-0.06236705323956826
2021-08-11,235.94000244140625,238.39332580566406,234.73666381835938,237.57000732421875,29401800,225.6505012512207,217.90526794433595,232.15094416907698,226.67242380746953,71.07386061783613,5.478520361607451,4.481217203461755,0.9973031581456961,245.21598693050737,206.08501557193404,0.16585136455735686,7.346189226422991,10609845900.0,80.82245934062904,83.53391674603326,-0.0030563570472872392,-0.003061037245157465,0.017535121176952627,-0.02660283249272244
2021-08-12,240.75,240.93333435058594,233.13333129882812,235.44667053222656,52377300,226.84466781616212,218.68613464355468,233.47387583537284,227.71520722913846,76.73740914466012,5.75866860623438,4.73670748401628,1.0219611222180998,247.05752232102907,206.63181331129516,0.16791571758975662,7.618570600237165,10662223200.0,95.29587048262826,86.37243378161088,0.020386528392057013,0.020181504916966016,0.0177772280883182,-0.06753891799308798
2021-08-13,239.05667114257812,243.3000030517578,238.1133270263672,241.23666381835938,50194500,228.0605010986328,219.64833465576172,234.33276742109672,228.55531566717102,71.52462848572135,5.777451753925703,4.944856337998165,0.8325954159275382,248.13249115674319,207.98851104052244,0.16792662561706168,7.398095267159598,10612028700.0,87.59984874726285,87.90605952350671,-0.007033557040173943,-0.0070584091033222005,0.017662958942988635,-0.05146622626241015
2021-08-16,228.72332763671875,236.5,225.46665954589844,235.02333068847656,68032200,228.72633438110353,220.22913452148438,233.46977668503857,228.56776099824862,63.22448292563666,4.902015686789952,4.936288207756522,-0.03427252096657085,247.89404705690285,209.5586217053042,0.16760610186857197,7.434048243931362,10543996500.0,51.67953715629826,78.19175212872979,-0.0432254973537064,-0.04418754471286682,0.020763079300195338,0.02933678336704104
2021-08-17,221.90333557128906,224.86000061035156,216.27999877929688,224.22000122070312,71163900,228.81316757202148,220.6330010986328,231.69032420600018,228.07409985551087,55.35908457437079,3.6162243504893183,4.672275436303082,-1.0560510858137633,247.8327720407306,209.79356310331238,0.1714224296786096,7.952142987932477,10472832600.0,20.850819316963452,53.37673507350818,-0.02981764971635026,-0.03027123516946714,0.021509009017801933,0.06426219087749918
2021-08-18,229.663330078125,231.92333984375,223.11666870117188,223.25,61048200,229.37483444213868,221.20233428955078,231.37847895555785,228.19182061274154,53.47130319387358,3.1866583428163153,4.375152017605728,-1.188493674789413,247.75613783842635,210.993531045851,0.16007173099889194,7.793810163225446,10533880800.0,49.531196084869755,40.687184186043815,0.03497015710402862,0.03437259258571844,0.02271851148647383,0.03223560142914694
2021-08-19,224.49000549316406,228.85000610351562,222.52999877929688,226.07000732421875,42940500,229.7783348083496,221.70026763916016,230.31871380749726,227.91761208536542,46.03935083198213,2.401101722131841,3.980341958510951,-1.57924023637911,247.29627156609735,212.26039805060185,0.15606874541487048,7.624048505510602,10490940300.0,30.384920116134328,33.588978505989175,-0.02252568828990298,-0.022783267048393844,0.023276094682435428,0.04111539712987411
2021-08-20,226.75332641601562,230.7100067138672,224.56666564941406,227.61666870117188,44525700,230.39300079345702,222.16786743164062,229.77019267034623,227.83136870245062,40.67235708054351,1.9388239678956154,3.572038360387884,-1.6332143924922686,246.44957333772032,214.33642824919372,0.14162149502323002,7.1221433367047995,10535466000.0,38.76138408684731,39.559166762617124,0.010082056516856674,0.010031571629142592,0.023187010417587507,0.04654108009511915
2021-08-23,235.43333435058594,237.3766632080078,226.9166717529297,228.47999572753906,60794700,231.2043342590332,222.81060089111327,230.64144523653695,228.39447726897916,49.06328169881325,2.2469679675577936,3.307024281821866,-1.0600563142640724,246.5029055290189,215.9057629890475,0.12996096166403062,7.365715026855469,10596260700.0,70.88576070323379,46.67735496873846,0.03827951753459802,0.03756503320848795,0.02414775238425827,0.03484357321648934
2021-08-24,236.163330078125,238.4066619873047,234.2133331298828,236.89332580566406,39249300,232.26616744995118,223.4159341430664,231.49096598139664,228.9699478474344,49.34192876078424,2.5210181339622295,3.149823052249939,-0.6288049182877096,245.63383632771382,218.89849857218854,0.11320698156941209,7.285000392368862,10635510000.0,73.58744690635577,61.07819723214561,0.0031006472789958384,0.0030958501857263057,0.023516621225962465,0.03843388985087737
2021-08-25,237.06666564941406,238.99000549316406,234.6666717529297,235.67666625976562,37936800,233.3365005493164,224.16153411865236,232.3487659303224,229.5697047216551,49.066049822055064,2.7790612086672866,3.0756706835334087,-0.2966094748661221,244.3213423699309,222.35165872870192,0.09267301913175276,7.355000087193081,10673446800.0,76.93065722618654,73.80128827859203,0.0038250458739306215,0.0038177489873267093,0.023515349061326903,0.03218506010497535
2021-08-26,233.72000122070312,238.46665954589844,232.5399932861328,236.10333251953125,39642900,233.73333358764648,224.80346740722655,232.55972520576557,229.87713409195496,50.57819234197245,2.6825911138106164,2.9970547695888503,-0.3144636557782339,244.1267968957316,223.33987027956138,0.08893944252781769,7.333095005580357,10633803900.0,64.54478047043031,71.68762820099087,-0.01411697599720807,-0.014217568331421088,0.021675935168735082,0.044540491219145384
2021-08-27,237.30667114257812,238.3333282470703,234.03334045410156,235.0,41501400,234.14533386230468,225.4389340209961,233.2900245806598,230.4274701697789,49.47199781064886,2.862554410880904,2.9701546978472613,-0.10760028696635748,244.41240380673145,223.87826391787792,0.08652997317768724,7.1880950927734375,10675305300.0,77.81890835573871,73.09811535078518,0.015346011908018431,0.015229452832627683,0.021701246299482384,0.030410689725458795
2021-08-30,243.6366729736328,243.6666717529297,237.57666015625,238.24000549316406,55812600,234.49933395385742,226.15626739501954,234.88181664111718,231.40592963673103,55.520964321686115,3.475887004386152,3.0713011591550394,0.40458584523111263,245.57301155587166,223.42565635184317,0.09090320818173932,7.292143685477121,10731117900.0,99.89046212249052,80.75138364955318,0.02667435264494311,0.026324794631827943,0.021290587319816173,0.030113096577541576
2021-08-31,245.24000549316406,246.79666137695312,242.14666748046875,244.3333282470703,62566200,234.93233413696288,226.92220092773437,236.4753841568167,232.43067599646682,57.261847814007766,4.04470816034987,3.265982559394006,0.7787256009558643,246.98273843144378,222.88192984248198,0.09827437632166255,7.363095964704241,10793684100.0,94.89899696679936,90.86945581500953,0.00658083407543808,0.0065592749200010505,0.02131439325748219,0.02466966097477674
2021-09-01,244.69667053222656,247.3300018310547,243.7566680908203,244.69332885742188,39612900,235.3185012817383,227.6580676269531,237.7401974453413,233.33926818430086,53.30173323503082,4.400929261040432,3.4929718997232913,0.9079573613171403,248.11613483672645,222.52086772675014,0.10459998108803613,7.061191013881138,10754071200.0,91.51906267012674,95.43617391980554,-0.0022155233598404322,-0.002217981262751364,0.021335401368436584,0.02829349729157493
2021-09-02,244.1300048828125,246.99000549316406,243.51333618164062,244.8333282470703,38331900,235.61450119018554,228.16353424072267,238.7232447434138,234.13858201382024,54.325831427325795,4.5846627295935605,3.7113100656973455,0.873352663896215,248.95602118579995,222.27298119457112,0.10929848628822686,6.939047677176339,10715739300.0,89.69405270651666,92.03737078114757,-0.002315788147756681,-0.00231847373209337,0.021338777465071998,0.005297730451274685
2021-09-03,244.52333068847656,244.6666717529297,241.39999389648438,244.0833282470703,45738300,236.1890007019043,228.52186737060546,239.61556565803883,234.90782265638737,66.22178020975718,4.707743001651465,3.9105966528881697,0.7971463487632957,250.0422587152334,222.33574268857518,0.11330827184730444,6.201666695731027,10761477600.0,90.96080235866889,90.72463924510409,0.0016111325842673718,0.0016098361025145228,0.020631057759730693,0.012854974024780308
2021-09-07,250.97332763671875,253.39999389648438,246.4199981689453,246.6666717529297,60119400,236.84166717529297,229.0622006225586,241.3629136547588,236.09786006233784,80.07449751465381,5.265053592420969,4.18148804079473,1.083565551626239,252.1878211505145,221.49551320007143,0.12229310675941578,5.946904863630023,10821597000.0,92.13907792510172,90.9313109967624,0.02637783858939624,0.026035942688487673,0.02091777959490368,-0.011196399175378513
2021-09-08,251.2899932861328,254.81666564941406,246.92333984375,253.86000061035156,56379000,237.57300033569337,229.49653381347656,242.8901566749702,237.22320326410045,76.44710092036433,5.666953410869752,4.478581114809734,1.1883722960600176,254.22214419326573,220.923856478121,0.13250940588481552,5.794999258858817,10877976000.0,89.07700079924906,90.72562702767323,0.0012617502122473923,0.0012609548743898497,0.020834369695617926,0.0025999267330361064
2021-09-09,251.6199951171875,254.03334045410156,250.5433349609375,251.1366729736328,42233100,238.35699996948242,229.9905337524414,244.23320874300362,238.28963229025504,87.63525366653232,5.943576452748573,4.771580182397503,1.1719962703510705,256.12171798852296,220.59228195044184,0.14120275307029523,5.534761701311384,10920209100.0,89.4324941053855,90.21619094324542,0.001313231087076927,0.001312369553312357,0.020788064600192387,0.0028217420222764744
2021-09-10,245.42333984375,254.20333862304688,244.83999633789062,253.1999969482422,45552600,238.5906669616699,230.36766723632812,244.41630583542613,238.81805507199542,73.35114562435352,5.598250763430713,4.936914298604145,0.6613364648265678,256.6090460856525,220.57228783768733,0.14683509021965127,5.759286063058036,10874656500.0,66.33215820340727,81.61388436934728,-0.024627038366134335,-0.024935356375548032,0.02128615105117815,0.03153730300998547
2021-09-13,247.6666717529297,248.25999450683594,236.28334045410156,246.73666381835938,68857500,239.0211669921875,230.80153411865234,244.91636213042668,239.47350815947203,68.23694901240555,5.442853970954644,5.038102233074245,0.40475173788039953,257.4921657812582,220.55016820311675,0.14916014866543897,5.855951581682477,10943514000.0,67.90367169493061,74.55610800124113,0.00914066245943812,0.009099139444443169,0.02126502299043633,-0.017267855755527806
2021-09-14,248.163330078125,251.49000549316406,245.46665954589844,247.52333068847656,55574700,239.9931671142578,231.23880065917967,245.4158956608418,240.11719867196484,68.01442558567247,5.298696988876969,5.09022118423479,0.20847580464217952,258.2269270003104,221.75940722820522,0.14694967125330222,5.986667088099888,10999088700.0,70.13317131261884,68.12300040365223,0.0020053498586631857,0.002003341828722264,0.018418321018700744,-0.006863719002003998
2021-09-15,251.94332885742188,252.2866668701172,246.1199951171875,248.3333282470703,46073100,241.49516677856445,231.8804672241211,246.42011615262336,240.99320831533203,70.55735879856373,5.426907837291338,5.1575585148461,0.26934932244523857,258.35169322738386,224.63864032974507,0.1338120483305889,6.118334089006696,11045161800.0,87.10158884592055,75.04614395115665,0.015231899000174076,0.015117058319369688,0.0167083437729698,-0.005146639059004143
2021-09-16,252.3300018310547,252.97000122070312,249.20333862304688,250.94332885742188,41770200,242.62850036621094,232.62940063476563,247.3293293339205,241.83297079797813,78.00744305205423,5.496358535942363,5.225318519065353,0.2710400168770102,259.18074104206954,226.07625969035232,0.13119518531879548,5.964048113141741,11086932000.0,88.03529369881306,81.75668461911748,0.0015347617076681974,0.0015335851645735571,0.015325266341109159,-0.004425429766847677
2021-09-17,253.163330078125,253.67999267578125,250.0,252.38333129882812,84612600,244.062166595459,233.3406005859375,248.22686790995195,242.67225667058162,76.02014138568728,5.554611239370331,5.291177063126349,0.26343417624398224,258.8750973106474,229.2492358802706,0.11702271976448722,5.8973813738141745,11171544600.0,91.07912069325789,88.73866774599715,0.0033025333532406,0.0032970919669145526,0.013923001384026128,0.019618460553330497
2021-09-20,243.38999938964844,247.3333282470703,239.5399932861328,244.85333251953125,74273100,244.8940002441406,233.8287338256836,247.4827342914437,242.7254227979199,49.63631731344491,4.757311493523815,5.1844039492058425,-0.42709245568202725,257.28479282560454,232.5032076626767,0.10181841992305718,6.416191101074219,11097271500.0,38.345298861754486,72.48657108460847,-0.03860484330594227,-0.03936976129858423,0.017089862945996237,0.08380246842683259
2021-09-21,246.4600067138672,248.24667358398438,243.47999572753906,244.92999267578125,48992100,245.4453338623047,234.18660064697266,247.32539158720115,243.0020586435456,51.724140884934016,4.323332943655544,5.012189748095783,-0.6888568044402392,257.01793827034294,233.87272945426645,0.09391060693651362,6.4309539794921875,11146263600.0,54.91009385509749,61.44483780336996,0.012613531089680885,0.012534643183807646,0.015216368666924643,0.05163786807122306
2021-09-22,250.64666748046875,251.22332763671875,246.3733367919922,247.8433380126953,45378900,246.16950073242188,234.7426007080078,247.83635710924233,243.5683259647992,57.6236465215015,4.2680311444431425,4.863358027365255,-0.5953268829221123,257.0907932602359,235.24820820460786,0.08714492506599987,6.5221437726702005,11191642500.0,77.49999999581834,56.91846423755677,0.0169871810945057,0.01684451236014587,0.01556280663529784,0.0390590014354959
2021-09-23,251.2133331298828,252.73333740234375,249.30667114257812,251.6666717529297,35842500,246.8768341064453,235.41100067138672,248.35589188164855,244.13462279184242,59.07576780988334,4.221269089806128,4.7349402398534295,-0.5136711500473012,257.12765408325953,236.62601412963107,0.08161047703239803,6.518572126116071,11227485000.0,80.55754980629061,70.98921455240215,0.00226081461648886,0.002258262820491851,0.015562882078000844,0.028979409442101645
2021-09-24,258.1300048828125,258.26666259765625,248.18666076660156,248.6300048828125,64119000,248.0973342895508,236.23626739501952,249.8596015741353,245.17131776154392,64.93707587256046,4.688283812591379,4.72560895440102,-0.03732514180964053,257.53260864682073,238.66205993228084,0.07310482453640701,7.005238124302456,11291604000.0,99.37835730675675,85.81196903628857,0.027533059916662994,0.027160841972020323,0.015931597229202198,0.001071833409707068
2021-09-27,263.78668212890625,266.3333435058594,256.4366760253906,257.7066650390625,84212100,249.42133483886718,237.21720092773438,252.00222935179238,246.5502336406078,64.31553305677151,5.451995711184594,4.870886305757735,0.5811094054268588,259.8593583038785,238.9833113738559,0.07913988212574334,7.078095572335379,11375816100.0,91.52525417890296,90.48705376398344,0.02191406322043732,0.021677401377557137,0.01621900654710773,-0.012421674729128362
2021-09-28,259.1866760253906,265.21331787109375,255.39332580566406,262.3999938964844,76144200,250.19883499145507,238.0928012084961,253.10752884003827,247.48626640985097,58.05181431266438,5.621262430187301,5.020961530643649,0.6003008995436518,261.12762874841445,239.2700412344957,0.08433144731474364,7.215714590890067,11299671900.0,76.21741512331437,89.04034220299134,-0.01743835612317879,-0.017592195347548873,0.016177178264566272,0.0038967251848545104
2021-09-29,260.4366760253906,264.5,256.8933410644531,259.9333190917969,62828700,250.95866851806642,238.8982012939453,254.23508994547709,248.44555601100205,58.824328930722565,5.789533934475031,5.174676011409925,0.6148579230651059,262.5300441897741,239.3872928463587,0.08886133741454749,7.509761265345982,11362500600.0,80.37714847776833,82.70660592666188,0.004822778775393388,0.0048111864344248965,0.016162744339481196,0.001842983392643216
2021-09-30,258.49334716796875,263.0433349609375,258.3333435058594,260.3333435058594,53868000,251.64850234985352,239.69946838378905,254.89020644124503,249.18983683744403,64.29874457751788,5.7003696038009934,5.279814729888139,0.4205548739128542,263.29279926174246,240.0042054379646,0.09009359072071187,7.177379063197544,11308632600.0,73.91016458425578,76.83490939511282,-0.0074618094773734045,-0.0074897880450971975,0.01629618073400297,0.023379073493178026
2021-10-01,258.40667724609375,260.260009765625,254.52999877929688,259.4666748046875,51094200,252.3623359680176,240.53920196533204,255.4312019496833,249.87256575660328,62.33160174948465,5.558636193080019,5.335579022526516,0.2230571705535036,263.81479877183517,240.90987316419998,0.0886390624721422,6.731190272739956,11257538400.0,70.41554641183399,74.9009531579527,-0.0003352887910832436,-0.00033534501293734615,0.016268984949360698,0.013247758775643659
2021-10-04,260.510009765625,268.989990234375,258.7066650390625,265.5,91449900,253.161669921875,241.4602020263672,256.2125569982897,250.66052457208636,63.6719417747479,5.55203242620334,5.378869703261881,0.17316272294145918,264.54180667472724,241.78153316902277,0.08736813424628628,7.056902204241071,11348988300.0,71.2054962709658,71.84373575568519,0.008139621398127295,0.008106673348889567,0.01630569278069588,0.013320030289143192
2021-10-05,260.1966552734375,265.7699890136719,258.0666809082031,261.6000061035156,55297800,253.62283630371093,242.28000183105468,256.82549519446627,251.36690462403828,59.89923057454382,5.458590570427987,5.394813876695102,0.0637766937328843,265.37115643217965,241.8745161752422,0.09030339084199644,7.166661943708148,11293690500.0,70.14147411596329,70.58750559958769,-0.001202850103416031,-0.0012035741082394261,0.015391749477546195,0.03219364391134816
2021-10-06,260.9166564941406,262.2200012207031,257.739990234375,258.73333740234375,43898400,254.10416946411132,243.19980163574218,257.4549046251854,252.07429365145327,60.2173340516374,5.380610973732132,5.391973296102509,-0.01136232237037671,266.23272122340023,241.97561770482244,0.09296878108325189,7.217615400041852,11337588900.0,72.58630024597636,71.31109021096847,0.0027671424905384434,0.002763320999873195,0.015392044223206525,0.03619289387005442
2021-10-07,264.53668212890625,268.3333435058594,261.1266784667969,261.82000732421875,57587400,254.75000381469727,244.17733520507812,258.54440885652707,252.99743353867203,62.69156606658243,5.546975317855043,5.422973700453016,0.12400161740202709,267.67128414144645,241.82872348794808,0.0976898948211104,7.484522138323102,11395176300.0,84.87840893788838,75.86872776660933,0.013874260399496352,0.01377889392912291,0.015617387399877539,0.031136187813626925
2021-10-08,261.8299865722656,265.4599914550781,260.3033447265625,265.4033203125,50215800,255.57033615112306,244.8982681274414,259.0498823512561,253.65169672634562,74.43023283611397,5.398185624910468,5.418016085344507,-0.019830460434039132,268.0749723209885,243.0656999812576,0.09551721965516069,6.879758562360491,11344960500.0,71.93255505833203,76.46575474739892,-0.010231834522373306,-0.010284539562274665,0.014593577745881547,0.07325373019513037
2021-10-11,263.9800109863281,267.0799865722656,261.8333435058594,262.54998779296875,42600900,256.386003112793,245.59653503417968,259.8083636797287,254.41675704189987,73.79134973239024,5.391606637828829,5.412734195841372,-0.021127558012542735,268.84804328821565,243.92396293737036,0.09441654410771329,6.907853262765067,11387561400.0,77.84827334606086,78.21974578076042,0.008211528565575943,0.008177997401230774,0.014575616900527414,0.09870698559796498
2021-10-12,268.5733337402344,270.7733459472656,265.5233459472656,266.9766540527344,66060000,257.40650329589846,246.23686828613282,261.1568206121142,255.46539235288762,74.0776506939122,5.691428259226569,5.468473008518412,0.22295525070815714,270.36617254808584,244.44683404371108,0.09650749068574356,7.046663556780134,11453621400.0,90.25969419444857,80.01350753294714,0.01740026730336086,0.01725061613832015,0.014906608393485841,0.07266790908040366
2021-10-13,270.3599853515625,271.8033447265625,268.59332275390625,270.15667724609375,42360300,258.3273361206055,246.91246795654297,262.57269211049083,256.56869553797463,74.90021416939705,6.003996572516201,5.57557772131797,0.42841885119823075,272.235036671769,244.4196355694419,0.10288283255437142,7.032616751534598,11495981700.0,93.88839102735204,87.33211952262049,0.006652379022320076,0.006630349593761303,0.014690245294118673,0.0674656818324455
2021-10-14,272.7733459472656,273.4166564941406,271.1166687011719,271.8299865722656,36741600,259.349503326416,247.62846832275392,264.1420234699946,257.7690400127369,71.57020079600797,6.372983457257703,5.7350588685059165,0.6379245887517868,274.36239115722833,244.33661549560372,0.11007591506917025,6.530950273786273,11532723300.0,96.59383593670289,93.58064038616783,0.008926471099504285,0.008886865672994949,0.014727508887452117,0.09248210804882429
2021-10-15,281.010009765625,281.07000732421875,274.1166687011719,274.5799865722656,56773800,260.741837310791,248.48446838378905,266.737098284707,259.4905933277657,73.57845919639516,7.246504956941294,6.037348086192992,1.209156870748302,278.2901119365011,243.19356268508096,0.12489430280683678,6.416664123535156,11589497100.0,99.77393541720254,96.75205412708583,0.030195999501915205,0.02974907491710917,0.01584517273905915,0.07905997478751403
2021-10-18,290.03668212890625,291.7533264160156,283.8233337402344,283.92999267578125,72621600,263.0741714477539,249.62453521728514,270.32164964535303,261.7532665722946,87.66779964704197,8.568383073058442,6.5435550835660825,2.0248279894923593,283.1321412734413,243.0162016220665,0.13831333111701138,6.482615879603794,11662118700.0,95.38825678129356,97.25200937839968,0.03212224493643445,0.03161711443997285,0.013188429368904755,0.17785099667274196
2021-10-19,288.0899963378906,292.6499938964844,287.5033264160156,292.510009765625,52143300,265.1556709289551,250.62793518066405,273.05524144420497,263.70413544382023,83.19982234823344,9.351106000384732,7.105065266929813,2.246040733454919,286.5499074995504,243.7614343583598,0.14852467522338228,6.306902204241071,11609975400.0,88.03778031593157,94.39999083814256,-0.006711860640270406,-0.006734486474692475,0.013602523467814967,0.1783701564374145
2021-10-20,288.6000061035156,289.8299865722656,285.7933349609375,288.45001220703125,42096300,267.05333786010743,251.6666687011719,275.44674369948353,265.5482740112051,87.43354971286635,9.898469688278453,7.6637461511995415,2.234723537078912,289.72370492077437,244.3829707994405,0.15710579751363887,6.258806501116071,11652071700.0,89.37568648313795,90.93390786012101,0.0017703140411262641,0.0017687488821671587,0.0134938791976595,0.19872949170680076
2021-10-21,298.0,300.0,285.1666564941406,285.3333435058594,94444500,269.3926712036133,252.90786865234375,278.9164754380245,267.95210556593065,89.97161857689125,10.964369872093869,8.323870895378407,2.6404989767154614,294.6849910929098,244.1003513143168,0.16974711335098316,6.909044538225446,11746516200.0,95.26739342455262,90.89362007454072,0.03257101073349511,0.03205181901693134,0.014573526242153027,0.20474273886456595
2021-10-22,303.2266540527344,303.3333435058594,296.9866638183594,298.5,68642400,271.6475036621094,254.15740173339844,282.6565029172107,270.5650350834717,90.5665243821015,12.091467833738989,9.077390283050525,3.014077550688464,300.50208359605097,242.79292372816778,0.19031691012837856,6.606427873883929,11815158600.0,99.76599779031962,94.80302589933673,0.01753910755951127,0.017387072543931938,0.01405503624005226,0.22460653950717835
2021-10-25,341.6199951171875,348.3399963378906,314.73333740234375,316.84332275390625,188556300,275.53916931152344,256.20866821289064,291.7278094095148,275.8283654563395,94.87118251747289,15.899443953175307,10.441801017075482,5.457642936099825,317.8070942783289,233.27124434471796,0.24745580218339455,9.278573172433036,12003714900.0,92.58278060825849,95.8720572743769,0.12661598362581983,0.11921843486746743,0.02995123512959408,0.1792733096520307
2021-10-26,339.4766540527344,364.9800109863281,333.8133239746094,341.5633239746094,187245000,279.5536682128906,258.4237347412109,299.07378550847164,280.5430535005169,92.62455937691107,18.530732007954725,12.059587215251332,6.471144792703393,329.7837010083903,229.3236354173909,0.29592628651098324,11.184764317103795,11816469900.0,75.63606308299791,89.32828049385868,-0.006274050392506725,-0.0062938149592970775,0.02944578572474326,0.15079093607849203
2021-10-27,345.9533386230469,356.9599914550781,343.59332275390625,346.5533447265625,115579500,283.8295013427734,260.9047348022461,306.2860244491755,285.3882598058895,92.84631599082982,20.897764643285996,13.827222700858265,7.070541942427731,341.25188609538225,226.4071165901646,0.33196606791632466,11.903810773577009,11932049400.0,81.82338715594659,83.34741028240099,0.019078438805710585,0.018898727534898532,0.029385197829852727,0.16957968010265168
2021-10-28,359.0133361816406,360.3333435058594,351.3999938964844,356.10333251953125,81639600,288.85550079345705,263.4917349243164,314.39791856186247,290.8419691670563,96.11817126247212,23.55594939480619,15.77296803964785,7.782981355158341,354.0156980224197,223.6953035644944,0.36299597069004286,12.5626220703125,12013689000.0,94.21534892849594,83.89159972248014,0.03775074872979922,0.03705562944417333,0.029331037348551418,0.14193529850735476
2021-10-29,371.3333435058594,371.7366638183594,357.7366638183594,360.6199951171875,89755200,294.5018341064453,266.4286016845703,323.15721470709275,296.8042931921528,96.45987449825607,26.352921514939965,17.888958734706275,8.46396278023369,367.63564912968434,221.36801908320626,0.39389845432550036,13.1876220703125,12103444200.0,99.62027331263138,91.88633646569131,0.03431629436179362,0.03374062327713504,0.029280083080350704,0.09702871936876933
2021-11-01,402.86334228515625,403.25,372.88665771484375,381.6666564941406,168146100,301.6195007324219,269.95080200195315,335.4196958729487,304.66051905089375,97.1292025817174,30.75917682205494,20.46300235217601,10.296174469878931,387.4334789129887,215.80552255185512,0.4260202861536387,14.982145036969866,12271590300.0,99.71285663381235,97.84949295831323,0.0849102277797451,0.08149724419582528,0.032662936360610385,-0.03777130656359584
2021-11-02,390.6666564941406,402.86334228515625,382.0,386.4533386230469,128213400,308.143000793457,273.0554684448242,343.91922827620897,311.0313440466898,89.34674098282031,32.88788422951916,22.94797872764464,9.93990550187452,400.30031172997377,215.98568985694027,0.4717951194685537,16.241668701171875,12143376900.0,90.47678327408087,96.60330440684153,-0.03027499529203259,-0.03074274797958024,0.03437595218722295,-0.12670648794093442
2021-11-03,404.6199951171875,405.1300048828125,384.2066650390625,392.4433288574219,103885500,315.3281677246094,276.42460174560546,353.2578077902057,317.96383671857853,90.09445001633698,35.29397107162714,25.41717719644114,9.876793875186,414.1491730207665,216.50716242845226,0.4884632815416659,17.517859322684153,12247262400.0,99.61071919738461,96.60011970175928,0.03571673801973452,0.03509368755165895,0.03424239549774037,-0.12020329766638804
2021-11-04,409.9700012207031,414.4966735839844,405.6666564941406,411.4700012207031,76192200,322.5998336791992,279.88266845703123,361.9827606256668,324.77910816318035,89.91743443124456,37.203652462486446,27.774472249650202,9.429180212836243,426.93362675160677,218.26604060679165,0.5089825731724236,17.63071768624442,12323454600.0,96.53588683838703,95.54112976995083,0.013222297879683653,0.01313564628546233,0.0342515567286043,-0.13529447188704813
2021-11-05,407.36334228515625,413.2900085449219,402.6666564941406,409.3333435058594,64886400,329.8765014648437,283.3555352783203,368.9643885732806,330.89645883888227,87.81963957343467,38.06792973439832,29.833163746599826,8.234765987798493,436.6366329773539,223.11636995233357,0.5241518832481376,17.622148786272323,12258568200.0,94.48439622889903,96.87700075489022,-0.006358169933862068,-0.006378469186125081,0.03406613207038363,-0.15438309764361224
2021-11-08,387.64666748046875,399.0,377.6666564941406,383.2633361816406,100337100,336.0598342895508,286.3623352050781,371.8385853282326,335.1001779975183,78.79301180306196,36.738407330714324,31.21421246342273,5.524194867291595,441.06065585061344,231.05901272848817,0.541734679384819,19.375721522739955,12158231100.0,79.23915367176076,90.0864789130156,-0.04840070953386311,-0.04961124617557869,0.03752459825322539,-0.12859650368599462
2021-11-09,341.1666564941406,391.5,337.17333984375,391.20001220703125,177317400,339.6895004272461,288.3129348754883,367.11982704606464,335.5495467750459,62.00955797839316,31.57028027101876,31.285426024941938,0.2848542460768222,439.7712899917711,239.60771086272115,0.5867032294009882,22.967864990234375,11980913700.0,43.300079331671775,72.34120974411051,-0.11990303254359846,-0.12772318728902374,0.04887570655062474,0.030512957418182385
2021-11-10,355.98333740234375,359.3666687011719,329.10333251953125,336.8033447265625,128408100,343.97066802978514,290.5278015136719,365.4065209470307,337.06316089558646,62.92712278835502,28.343360051444222,30.697012830242397,-2.3536527787981747,438.750269880884,249.1910661786863,0.5324945967567909,24.07000732421875,12109321800.0,50.205657970033215,57.58163032448858,0.043429451929624774,0.04251283809069096,0.04930738487338769,0.019719993258385804
2021-11-11,354.5033264160156,368.3233337402344,351.55999755859375,367.5899963378906,67189800,348.05716705322266,292.7239346313477,363.7291064037976,338.3550250082109,61.62612757340724,25.3740813955867,29.632426543311258,-4.258345147724558,436.7648005455449,259.3495335609004,0.5004615013864347,24.814054216657365,12042132000.0,39.86433346701979,44.456690256241586,-0.004157528824601631,-0.0041661953768667185,0.04947887734526655,0.030907086683312768
2021-11-12,344.47332763671875,351.5,339.73333740234375,349.1666564941406,76719300,351.23033294677737,294.7308010864258,360.76667890117005,338.8082326103226,50.7424362748502,21.958446290847462,28.0976304928185,-6.139184201971037,434.19399412055037,268.26667177300436,0.48168409289015496,22.646671840122767,11965412700.0,17.999055810928578,36.023015749327186,-0.02829310201599211,-0.028701065279561472,0.050216501575007275,0.10028834921403851
2021-11-15,337.7966613769531,343.99334716796875,326.20001220703125,339.2099914550781,104326800,353.6183319091797,296.5962677001953,357.23283005129053,338.7333014078508,49.57294130984187,18.49952864343976,26.17801012294275,-7.678481479502992,431.7758691198558,275.46079469850355,0.4627490212134382,21.725716727120535,11861085900.0,13.133734604395192,23.66570796078118,-0.01938224449936754,-0.01957254315692035,0.050419916102496104,0.14158417067029383
2021-11-16,351.57666015625,352.3999938964844,334.05999755859375,334.4366760253906,79627200,356.7926651000977,298.60833435058595,356.36265006743815,339.68466131513964,51.37828714006522,16.677988752298518,24.278005848813905,-7.600017096515387,428.647095128924,284.9382350712714,0.4087554048490721,21.78690665108817,11940713100.0,28.740212317421854,19.95766757758187,0.04079376842602822,0.03998366090579434,0.05076561257856115,0.051482388209363794
2021-11-17,363.0033264160156,373.21331787109375,351.8333435058594,354.5033264160156,94336200,360.51283111572263,300.8426010131836,357.3842925826039,341.41196984113043,50.98584777549511,15.972322741473477,22.61686922734582,-6.644546485872343,424.8083194806907,296.21734275075454,0.3542418687992022,22.30523899623326,12035049300.0,41.681433515869976,27.851793479229002,0.032501208284666294,0.031984216103858806,0.05092892024882351,0.02478399763663286
2021-11-18,365.4599914550781,370.6666564941406,358.3399963378906,368.8500061035156,62696700,363.8858306884766,303.1194009399414,358.6267077937538,343.1933047754969,48.4744544929569,15.433403018256854,21.180175985528027,-5.746772967271173,421.05621220564956,306.7154491713036,0.3128680723137394,22.185714721679688,12097746000.0,44.46371882623609,38.29512155317597,0.006767610267700563,0.006744812791821567,0.050727343940993,-0.013188794722645003
2021-11-19,379.0199890136719,379.5733337402344,364.23333740234375,366.2900085449219,64926900,367.6754974365234,305.79133392333983,361.7641356737412,345.84713323758393,43.16927029391952,15.917002436157247,20.127541275653872,-4.210538839496625,417.4907879241717,317.86020694887515,0.262863658548897,21.00166756766183,12162672900.0,59.82103511314562,48.65539581841722,0.03710391800920432,0.03643213445735007,0.05103803647215412,-6.151503974283212e-05
2021-11-22,385.6233215332031,400.6499938964844,377.4766540527344,387.4433288574219,99217500,369.8756637573242,308.5504669189453,365.4347796521199,348.79351755577795,48.5073300297716,16.64126209634196,19.43028543979149,-2.7890233434495286,418.72310745957236,321.0282200550761,0.2533427880245166,21.16666739327567,12261890400.0,67.29961065210709,57.19478819716293,0.017422122080461122,0.017272096909531555,0.04346154115888623,-0.010467861734292372
2021-11-23,369.6766662597656,393.5,354.23333740234375,389.1700134277344,108515100,371.38566436767576,310.9807336425781,366.08737759175773,350.34041745977703,39.778469511751226,15.7469601319807,18.693620378229333,-2.9466602462486335,418.09683369416894,324.6744950411826,0.2527136473020995,22.476904732840403,12153375300.0,49.23929554553928,58.786647103597325,-0.041352932727292124,-0.04223229344871564,0.04471510762841981,-0.012650693664499224
2021-11-24,372.0,377.5899963378906,354.0,360.1300048828125,67680600,372.68799743652346,313.3818670654297,366.9970118084104,351.944830981275,38.69289950324946,15.052180827135373,17.965332468010544,-2.9131516408751708,417.839989060892,327.53600581215494,0.24275264314176623,23.456427437918528,12221055900.0,52.58926365635459,56.37605661800031,0.006284772484400847,0.006265105659810634,0.04459814529007501,-0.028136222593245996
2021-11-26,360.6400146484375,369.59332275390625,360.3333435058594,366.489990234375,35042700,372.76933135986326,315.54806732177735,366.01901224533765,352.58891866032405,36.77566894855397,13.430093585013594,17.058284691411156,-3.628191106397562,417.8233606230022,327.7153020967243,0.24985596402583854,23.530949183872767,12186013200.0,46.259249041323216,49.362602747739025,-0.030537595031082,-0.031013582803841335,0.04454097394770318,-0.061880767529243985
2021-11-29,378.9966735839844,380.8900146484375,366.7300109863281,366.9966735839844,58393500,373.15249786376955,318.06473419189456,368.0155755282064,354.54504865466924,47.53275566064752,13.470526873537153,16.340733127836355,-2.8702062542992017,418.28538416906775,328.01961155847135,0.2381703558424341,22.856185913085938,12244406700.0,70.91561364846292,56.58804211538023,0.050900227900227524,0.04964715675134432,0.04533736663215389,-0.11256036433959904
2021-11-30,381.586669921875,389.3333435058594,372.6666564941406,381.4566650390625,81276000,372.08866424560546,320.82866760253904,370.1034362041554,356.5481317114993,65.37974463838775,13.555304492656091,15.783647400800303,-2.228342908144212,415.232021159148,328.9453073320629,0.22612612187095327,20.166187831333705,12325682700.0,74.39445444745635,63.85643904574749,0.006833823403773698,0.006810578672784683,0.040975977578571,-0.08124845247440948
2021-12-01,365.0,390.9466552734375,363.586669921875,386.8999938964844,68450400,370.8053314208984,323.19946746826173,369.3182921727469,357.174196029166,53.38522689526542,12.144096143580896,15.055737149356423,-2.911641005775527,413.1412746405792,328.46938820121767,0.2319777710667439,19.958805629185267,12257232300.0,52.1155101881565,65.80852609469191,-0.04346763456194869,-0.044440653310942796,0.0415591056762523,-0.02378080185145548
2021-12-02,361.5333251953125,371.0,352.2166748046875,366.35333251953125,73114800,368.6509979248047,325.4172006225586,368.1206049454493,357.4970944859176,52.60055754314417,10.623510459531701,14.16929181139148,-3.5457813518597785,408.0231574226328,329.2788384269766,0.21780652987692303,20.10309055873326,12184117500.0,47.459129184463066,57.9896979400253,-0.00949773919092467,-0.009543130353379798,0.04058667950377917,-0.07449747288786335
2021-12-03,338.3233337402344,363.52667236328125,333.4033203125,361.5966796875,92322000,365.06866455078125,327.15940063476563,363.53640937541627,356.0768159121633,47.927107516224495,7.459593463252986,12.827352141763782,-5.367758678510796,401.54255691578004,328.59477218578246,0.21561558856595772,21.199759347098215,12091795500.0,16.283847568437647,38.619495647019065,-0.06419876077133224,-0.0663521763056877,0.04242720871189808,0.002029644298545019
2021-12-06,336.336669921875,340.5466613769531,316.8333435058594,333.836669921875,81663000,361.5173309326172,328.72353393554687,359.3518340748715,354.61458287584566,49.49183500391111,4.73725119902582,11.209331953216191,-6.472080754190371,394.29597050027337,328.738691364961,0.19491564553618293,21.588330950055802,12010132500.0,23.269035835825296,29.004004196241997,-0.005872086315763081,-0.005889394805839068,0.04242874532186113,-0.04221963727692746
2021-12-07,350.5833435058594,352.5566711425781,342.2699890136719,348.0666809082031,56084700,359.6641647338867,330.45946716308595,358.0028355257927,354.31597255214297,49.655385474506,3.6868629736497383,9.7048381573029,-6.017975183653162,390.34661852298336,328.98171094479005,0.17503657465451636,21.436902727399552,12066217200.0,40.266462382243226,26.606448595502048,0.04235837141187604,0.04148581070093519,0.04280548713408544,-0.08865229243078487
2021-12-08,356.32000732421875,357.4599914550781,344.3333435058594,350.9033203125,41906400,360.4218322753906,332.4021337890625,357.7439388793967,354.4644195722967,47.586028703279204,3.2795193070999744,8.419774387262315,-5.140255080162341,389.9060153164809,330.93764923430035,0.16549271685584774,20.829044886997767,12108123600.0,47.11076335532599,36.8820871911315,0.016363195584229162,0.016230761245708623,0.033164267506242184,-0.08697244082551625
2021-12-09,334.6000061035156,354.163330078125,334.1199951171875,353.5466613769531,59438400,359.35266571044923,333.885400390625,354.18333383695347,352.9929815375722,40.215188061982,1.1903522993812885,6.97388996968611,-5.783537670304821,390.9869579391222,327.71837348177627,0.1890872184795252,21.534284319196427,12048685200.0,21.197056330267646,36.19142735594561,-0.06095644581905246,-0.06289341727027524,0.03459991341250994,-0.07658899581391132
2021-12-10,339.010009765625,340.32666015625,327.510009765625,336.25,59664300,358.5779998779297,335.4957336425781,351.8489762875183,351.9572058507613,36.53255378685476,-0.10822956324295774,5.557466063100296,-5.665695626343254,391.4470079301443,325.7089918257151,0.19391172593952988,21.35404532296317,12108349500.0,26.458545117404892,31.58878826766617,0.013179927022311633,0.013093827482800639,0.034773462768475094,-0.08304578041675514
2021-12-13,322.13665771484375,335.0,317.1400146484375,333.6966552734375,78595500,357.46116638183594,336.7703332519531,347.2778503532607,349.74827635921184,30.01217333725951,-2.47042600595114,3.9518876492900095,-6.422313655241149,393.6938902579815,321.2284425056904,0.22495250390422097,21.260949271065847,12029754000.0,6.917367277286333,18.190989574986286,-0.04977243020772948,-0.051053775924629424,0.035951296985157095,-0.06878027134722664
2021-12-14,319.5033264160156,322.13665771484375,310.0,315.0,70806300,356.54649963378904,337.95019958496096,343.0048466706076,347.50790969675285,32.75830245604044,-4.503063026145242,2.2608975142029593,-6.763960540348201,395.6771078718635,317.4158913957146,0.24494648413846973,19.323091779436385,11958947700.0,11.740233594329526,15.038715329673579,-0.008174578197676419,-0.008208173270999982,0.03576487933253316,-0.020844864862025192
2021-12-15,325.3299865722656,326.25,309.4166564941406,317.7366638183594,75169200,355.23416595458986,339.2528662109375,340.28563742470885,345.86510057642045,34.33927129014313,-5.579463151711593,0.6928253810200489,-6.2722885327316416,396.7540999615205,313.7142319476592,0.25524812172644795,18.84047372000558,12034116900.0,19.51837399262997,12.725324954748606,0.018236618133556703,0.018072325435531507,0.034677982028788336,0.03368893869308809
2021-12-16,308.97332763671875,331.6600036621094,307.2833251953125,331.5,82771500,352.532666015625,340.21399963378906,335.4683589957873,343.13237665496104,33.22510161655137,-7.664017659173737,-0.9785432270187083,-6.685474432155029,398.69551651346165,306.36981551778837,0.2988144695267256,19.74833243233817,11951345400.0,2.020003793547211,11.092870460168898,-0.050277132790258694,-0.051585055672323236,0.035118000058150516,0.1511241414091331
2021-12-17,310.8566589355469,320.2200012207031,303.0133361816406,304.92333984375,100437300,349.80249938964846,341.14039916992186,331.68194360190415,340.74158274981926,25.22661841351514,-9.059639147915107,-2.5947624111979883,-6.464876736717118,399.098574318092,300.5064244612049,0.3171627405199939,19.530951363699778,12051782700.0,8.919625501260922,10.152667762479362,0.006095449446181567,0.006076947341899706,0.03510401377150744,0.17303798068573695
2021-12-20,299.9800109863281,307.2300109863281,297.7966613769531,303.5666809082031,56480100,345.8505004882812,341.9033996582031,326.80472319950786,337.72220706363476,22.01673457635401,-10.917483864126893,-4.259306701783769,-6.658177162343124,397.8813456119734,293.81965536458904,0.34689541448189054,19.273330688476562,11995302600.0,2.3439074099971187,4.427845568268412,-0.03498927121736173,-0.03561605979548491,0.03396953829615879,0.20949170095460268
2021-12-21,312.84332275390625,313.1666564941406,295.3733215332031,305.6233215332031,71517900,342.2115005493164,342.8806658935547,324.65681543864605,335.8793267443956,31.64660081595335,-11.22251130574955,-5.651947622576926,-5.570563683172623,392.68711652242666,291.7358845762061,0.322689425037313,18.589998517717635,12066820500.0,23.100315357816683,11.45461608969157,0.04288056302579579,0.04198665654283043,0.035534396227604674,0.15733115473722714
2021-12-22,336.2900085449219,338.5533447265625,319.01666259765625,321.88665771484375,93634200,340.5421676635742,344.23499938964846,326.4465374549962,335.9097476185087,42.21221685854659,-9.463210163512485,-6.414200130764038,-3.0490100327484475,389.37483011886894,291.7095052082795,0.29041994239785224,19.084762573242188,12160454700.0,60.036207336500645,28.49347670143814,0.07494705523716627,0.07227140942458773,0.03940407525347253,0.06092952426101572
2021-12-23,355.6666564941406,357.6600036621094,332.5199890136719,335.6000061035156,92713200,339.7255004882812,345.9411328125,330.94194038409535,337.37322235003694,55.480185711928364,-6.431281965941594,-6.41761649779955,-0.013665468142043835,386.8598067413945,292.59119423516796,0.2650476528653159,18.728809901646205,12253167900.0,96.79972170485597,59.97874813305776,0.05761886305530961,0.05602002567418564,0.04171240101124895,-0.00957820101016904
2021-12-27,364.64666748046875,372.3333435058594,356.90667724609375,357.8900146484375,71145900,339.9258331298828,347.7785992431641,336.1272830143066,339.39347754488375,58.56684648327164,-3.2661945305771383,-5.787332104355068,2.5211375737779296,387.4667261571041,292.38494010266146,0.2607504593732108,18.225479125976562,12324313800.0,90.01211820206885,82.28268241447516,0.025248391499066658,0.02493491640225287,0.04152737566883244,0.09675118937206939
2021-12-28,362.8233337402344,373.0,359.47332763671875,369.8299865722656,60324000,339.11716613769534,349.41486572265626,340.2343677413724,341.12902244824306,54.00505834340391,-0.8946547068706536,-4.808796624858186,3.914141917987532,384.35416668044667,293.880165594944,0.2493610324144094,18.033098493303573,12263989800.0,86.8902464183272,91.23402877508401,-0.005000275342793459,-0.0050128185500081576,0.039866451140234654,0.05615218107165498
2021-12-29,362.0633239746094,368.0,354.71331787109375,366.21331787109375,56154000,338.14099884033203,350.8553985595703,343.59266870033196,342.6797114501961,51.94254114777963,0.9129572501358325,-3.664445849859382,4.577403099995214,380.253989440062,296.02800824060205,0.23262776321792408,18.044529506138392,12207835800.0,85.91118898520479,87.6045178685336,-0.0020947102761840197,-0.002096907250306926,0.039819096800084934,0.0017768744356394528
2021-12-30,356.7799987792969,365.1833190917969,351.04998779296875,353.77667236328125,47040900,337.72999877929686,352.22919860839846,345.6214887124804,343.72417717827767,58.44030512934872,1.8973115342027427,-2.552094373046957,4.4494059072497,378.88892528153167,296.57107227706206,0.23072440519680368,17.468338012695312,12160794900.0,79.10512011868197,83.96885184073798,-0.014592268383646134,-0.014699782732613053,0.03874027787819401,-0.005269367367130573
2021-12-31,352.260009765625,360.6666564941406,351.5299987792969,357.8133239746094,40733700,337.2663330078125,353.5023986816406,346.64279964373344,344.35646107363675,55.03789653866265,2.2863385700966887,-1.584407784418228,3.8707463545149166,377.4946158007359,297.03805021488904,0.22840107691866124,17.205481392996653,12120061200.0,73.28239383064818,79.43290097817831,-0.012668840823859995,-0.012749774874751605,0.03878582797777654,-0.028217799823544554
2022-01-03,399.9266662597656,400.3566589355469,378.67999267578125,382.5833435058594,103931400,340.34649963378905,355.54093200683593,354.8403175846615,348.47277256890555,73.96538447520949,6.367545015755923,0.005982775616602139,6.36156224013932,389.3845011858446,291.3084980817335,0.2452349677538319,19.078813825334823,12223992600.0,99.59041816785722,83.99264403906245,0.1353166841897706,0.1269116289226746,0.0464611178701934,-0.11807164964096739
2022-01-04,383.1966552734375,402.6666564941406,374.3500061035156,396.51666259765625,100248300,342.6894989013672,357.14033203125,359.2028310752424,351.0449120285005,68.05435241858078,8.157919046741881,1.6363700298416581,6.521549016900223,395.2706858005621,290.1083120021723,0.274434477313872,20.234527587890625,12123744300.0,81.85348490788347,84.90876563546296,-0.041832696836128,-0.04273287830059682,0.047760597290855966,-0.07410468512624613
2022-01-05,362.7066650390625,390.11334228515625,360.336669921875,382.2166748046875,80119800,343.29566497802733,357.5620654296875,359.7418824542916,351.9087455848384,59.78157165801355,7.833136869453199,2.8757233977639665,4.957413471689232,396.5354130615839,290.0559168944708,0.2935691742958337,21.159051077706472,12043624500.0,62.75631522661309,81.40007276745126,-0.05347121367683638,-0.054953895352910696,0.048883165620322196,0.016634172395654012
2022-01-06,354.8999938964844,362.6666564941406,340.1666564941406,359.0,90336600,343.22466430664065,357.8705322265625,358.9969765223213,352.1303195338492,62.58219171990165,6.866656988472073,3.673910115905588,3.192746872566485,396.39502074940987,290.05430786387143,0.2996357134808952,21.027860369001115,11953287900.0,55.48030768583942,66.69670260677866,-0.02152337383085412,-0.021758379841487693,0.04906377476289578,-0.0311261244489488
2022-01-07,342.32000732421875,360.30999755859375,336.6666564941406,360.1233215332031,84164700,343.6106643676758,357.79786560058596,356.4312889533824,351.40362974054324,58.14255036591677,5.027659212839183,3.9446599352923073,1.0829992775468753,396.62926303959284,290.5920656957587,0.3097604436640596,21.487622942243302,11869123200.0,43.75545396894415,53.997358960465554,-0.035446567451716815,-0.03609004895021842,0.047683003039078325,0.02205535064100994
2022-01-10,352.7066650390625,353.0333251953125,326.6666564941406,333.3333435058594,91815000,344.29549713134764,357.6717321777344,355.8582698896409,351.50015087376687,63.680077476490126,4.358119015874024,4.027351751408651,0.33076726446537297,397.41761535470584,291.17337890798944,0.30122548558856915,22.438099452427455,11960938200.0,53.43607179905302,50.89061115127887,0.03034195341380186,0.029890740749494566,0.0480443543093555,-0.02609346387607281
2022-01-11,354.79998779296875,358.6166687011719,346.2733459472656,351.22332763671875,66063300,345.9286636352539,357.34106506347655,355.69545725938366,351.7445832381522,61.53014851458422,3.9508740212314706,4.012056205373216,-0.06118218414174503,398.1836918289365,293.67363544157126,0.2945604847324529,22.048812866210938,12027001500.0,42.77743909840096,46.656321622132715,0.005935024657598653,0.005917481776156395,0.04640823815529099,-0.06459035310765804
2022-01-12,368.739990234375,371.61334228515625,357.5299987792969,359.6166687011719,83739000,348.3904968261719,356.6585980224609,357.7023084863054,353.0035022749094,59.40924921155993,4.698806211396004,4.1494062065777735,0.5494000048182306,400.03938958568074,296.74160406666306,0.2801371922078767,21.413336617606028,12110740500.0,55.359649657474705,50.524386851642895,0.039289748931841784,0.03853754612843837,0.04686587196471901,-0.09939251197894006
2022-01-13,343.85333251953125,371.8666687011719,342.17999267578125,369.69000244140625,97209900,349.31666412353513,355.72233154296873,355.57169679910936,352.3257119226592,46.68065522347286,3.2459848764501658,3.968721940552252,-0.7227370641020863,399.87727203776075,298.7560562093095,0.2940824074249955,21.73809814453125,12013530600.0,22.614047401532215,40.25037871913596,-0.06749107331435766,-0.06987655465675016,0.049732363810875445,-0.08497809518552035
2022-01-14,349.8699951171875,350.6666564941406,337.7933349609375,339.9599914550781,72924300,351.3614974975586,354.62733154296876,354.6945119249675,352.14380697410576,45.777690107627365,2.550704950861757,3.6851185426141533,-1.1344135917523963,398.2249634629304,304.4980315321868,0.2678907401000482,21.46714346749442,12086454900.0,30.53070871413364,36.16813525771352,0.017497758575059086,0.017346435457551865,0.048128652840414995,-0.11395660009036557
2022-01-18,343.5033264160156,356.92999267578125,338.6866760253906,342.2033386230469,66743400,352.993830871582,353.297998046875,352.97279107743645,351.50377137721017,44.6191800775985,1.4690197002262835,3.2418987741365797,-1.7728790739102962,396.0352913286052,309.95237041455886,0.2506028742492922,21.804046630859375,12019711500.0,22.15351305480719,25.09942305682435,-0.01819724123253097,-0.018364847454341894,0.048466091000899866,-0.10879078088440064
2022-01-19,331.8833312988281,351.5566711425781,331.6666564941406,347.2366638183594,75442500,354.58899688720703,351.78839782714846,349.7282588038044,350.0504054454782,42.07402379844581,-0.3221466416737826,2.5290896909745073,-2.85123633264829,391.24957879557604,317.928414978838,0.22092451443642874,22.275713239397323,11944269000.0,6.864045795551131,19.84942252149732,-0.0338278969185718,-0.03441330009854252,0.04841495296938433,-0.058494441411536924
2022-01-20,332.0899963378906,347.2200012207031,331.3333435058594,336.57666015625,70488600,355.55133056640625,350.67726440429686,347.0146799628946,348.7200047708421,43.3381871159353,-1.705324807947477,1.6822067911901106,-3.3875315991375876,388.41139674024515,322.69126439256735,0.19789856084917937,22.400950840541295,12014757600.0,7.135973478524527,12.051177442960949,0.0006227038828787723,0.000622510083264904,0.047643401191965196,-0.16779586332381446
2022-01-21,314.6333312988281,334.8500061035156,313.5,332.11334228515625,103416000,354.46849670410154,350.14659790039065,342.03293401457665,346.1950659951373,40.510133314668295,-4.162131980560673,0.513339036839954,-4.675471017400627,391.2002621397345,317.7367312684686,0.23348934637027607,23.273332868303573,11911341600.0,1.2710259006850715,5.09034839158691,-0.05256606712507206,-0.0539980722931419,0.0461632141971398,-0.10334780000397681
2022-01-24,310.0,311.1700134277344,283.8233337402344,301.586669921875,151565700,352.1851638793945,349.22693115234375,337.1047903200264,343.5139499954975,21.031260338930792,-6.40915967547113,-0.871160705622263,-5.537998969848868,393.9376847577413,310.4326430010477,0.26937110244094703,22.03857203892299,11759775900.0,22.026198572174273,10.144399317127958,-0.014726129872195681,-0.014835635717323473,0.04400129680695485,0.007225774949596753
2022-01-25,306.1333312988281,317.086669921875,301.07000732421875,304.73333740234375,86595900,349.2594970703125,348.25953125,332.33995047061126,340.7450152772257,22.93173385348942,-8.405064806614462,-2.377941525820703,-6.027123280793759,395.3140149583737,303.20497918225124,0.3008788209546886,21.160001482282365,11673180000.0,20.98974105261725,14.762321841825532,-0.012473124842489969,-0.012551567227813773,0.0433975091569696,0.01399169824840607
2022-01-26,312.4700012207031,329.2300109863281,302.0,317.4766540527344,104867400,346.74183044433596,347.61946472167966,329.2830352013946,338.65056979155736,30.406401524788564,-9.367534590162734,-3.7758601386891093,-5.591674451473624,395.12093613416704,298.3627247545049,0.30965600218153455,20.978097098214285,11778047400.0,32.53700861382994,25.18431607954049,0.02069905258271132,0.02048773822340817,0.04386414401538899,-0.03386995060170328
2022-01-27,276.3666687011719,311.7966613769531,276.3333435058594,311.1199951171875,147109500,342.4569976806641,346.39086486816404,321.1420557398219,334.03694748856583,24.90840433383279,-12.89489174874393,-5.599666460700074,-7.295225288043857,399.52256340628185,285.3914319550463,0.4129699575842939,21.949286324637278,11630937900.0,0.034883319767232725,17.853877662071472,-0.11554175561970448,-0.12277997465910719,0.050142259831501265,0.07482809983190108
2022-01-28,282.1166687011719,285.8333435058594,264.0033264160156,277.1866760253906,134789100,338.7238311767578,345.0016650390625,315.13815004156805,330.19100091172186,29.88707358177021,-15.052850870153804,-7.49030334259082,-7.562547527562985,401.34272954826747,276.10493280524815,0.44392200333145043,21.81976318359375,11765727000.0,16.792862061609796,16.454917998402323,0.020805692766870276,0.02059221036289143,0.05067647639465064,0.09094349995061868
2022-01-31,312.239990234375,312.663330078125,287.3500061035156,290.9033203125,104436000,336.7228302001953,343.9863983154297,314.6922793019999,328.8612964171036,38.05587852317621,-14.169017115103657,-8.826046097093387,-5.342971018010269,400.0738758196133,273.3717845807773,0.4057843171969431,22.118334089006698,11870163000.0,44.72016423372996,20.515969871702328,0.10677611383930952,0.10145138741776683,0.05704142430727649,-0.031364768342409866
2022-02-01,310.4166564941406,314.5666809082031,301.6666564941406,311.7366638183594,73138200,332.24732971191406,342.8855316162109,314.03449117771385,327.4950267931804,36.878928032795386,-13.46053561546654,-9.752944000768018,-3.707591614698522,389.11305141913635,275.38160800469177,0.36638318542224024,22.158098493303573,11797024800.0,43.02975329189473,34.84759319574483,-0.0058395266373975074,-0.005856643341232021,0.04661163226930178,-0.009932820690436883
2022-02-02,301.88665771484375,310.5,296.4700012207031,309.3933410644531,66792900,328.18182983398435,341.3428649902344,312.16559372188766,325.5981105651554,29.583024526360234,-13.432516843267763,-10.488858569267967,-2.9436582739997963,381.2071361933287,275.15652347464,0.3512928114195165,21.95928737095424,11730231900.0,35.12159969818613,40.957172407936945,-0.02747919159891432,-0.02786380690498853,0.046229742198983945,0.029083758937072046
2022-02-03,297.0466613769531,312.3333435058594,293.50665283203125,294.0,78855600,324.8988296508789,339.5713317871094,309.83960413035925,323.4831884030664,33.71072839780035,-13.64358427270713,-11.1198037099558,-2.5237805627513303,377.0471352876835,272.7505240140743,0.35111187848449327,21.18357413155692,11651376300.0,35.558506821080975,37.90328660372061,-0.016032495024879134,-0.016162405874435497,0.04515782776623755,0.015048144961409493
2022-02-04,307.7733459472656,312.1666564941406,293.72332763671875,299.0733337402344,73625400,322.542497253418,338.33326538085936,309.52171825603716,322.31949636930335,35.8148995539223,-12.79777811326619,-11.455398590617879,-1.3423795226483115,373.22112089483517,271.8638736120008,0.32932431809803653,21.581431797572545,11725001700.0,47.10167844440369,39.260594987890265,0.03611110968421327,0.035474386816493036,0.04614205901751719,-0.06857867885915458
2022-02-07,302.4466552734375,315.92333984375,300.9033203125,307.92999267578125,60994500,320.54882965087893,336.94219848632815,308.4332470279449,320.8474340659059,36.06768807649267,-12.414187037960971,-11.647156280086499,-0.7670307578744726,371.088511814065,270.00914748769287,0.3342055948179945,21.3511962890625,11664007200.0,43.90846400790854,42.18954975779774,-0.01730718642133755,-0.017458706575610557,0.045710645887548286,-0.034804953740308786
2022-02-08,307.3333435058594,308.7633361816406,298.26666259765625,301.84332275390625,50729100,318.28016357421876,335.8760650634766,308.2640311014702,319.84639032071726,41.27018714686832,-11.582359219247053,-11.634196867918611,0.051837648671558156,366.773935891341,269.7863912570965,0.31557768359226346,20.680243355887278,11714736300.0,52.06891189899158,47.69301811710127,0.0161571905234128,0.016028052271245364,0.04523825003478947,0.0004663032824236968
2022-02-09,310.6666564941406,315.42333984375,306.6666564941406,311.6666564941406,52259400,316.07349700927733,334.5094647216797,308.63366577726566,319.16641003726716,42.54771373634303,-10.532744260001493,-11.413906346335189,0.8811620863336955,361.48900250395593,270.65799151459873,0.29237450846634494,20.17095947265625,11766995700.0,65.86523219337194,53.94753603342402,0.010845920427172029,0.010787525285489406,0.04531900703806701,-0.009238182010181784
2022-02-10,301.51666259765625,314.60333251953125,298.8999938964844,302.7900085449219,66126900,312.7123306274414,332.90806457519534,307.5387422111719,317.8590213380367,45.1573999603143,-10.320279126864818,-11.195180902441116,0.8749017755762978,351.12666948645546,274.2979917684274,0.25480740286830594,19.767626081194198,11700868800.0,57.512253502057426,58.482132531473646,-0.029452771017468238,-0.0298952129692807,0.04432854270989395,-0.03117570291306826
2022-02-11,286.6666564941406,305.32000732421875,283.5666809082031,303.2099914550781,79645800,309.8529968261719,331.3413977050781,304.3276521008594,315.5484757940444,41.98974510293072,-11.220823693185025,-11.200309460589898,-0.020514232595127524,346.99990613687964,272.7060875154641,0.25916449275967357,19.120720999581472,11621223000.0,34.7454883336085,52.707658009679285,-0.04925102969626416,-0.050505215210130634,0.04323757330626773,-0.003511579771230955
2022-02-14,291.9200134277344,299.6266784667969,284.3833312988281,287.19000244140625,67756500,306.9554977416992,329.9491314697266,302.4187846126863,313.7982193224659,45.16663587497685,-11.379434709779616,-11.236134510427842,-0.14330019935177418,339.7444973775216,274.1664981058768,0.22464372518220235,19.065484183175222,11688979500.0,42.79948796293235,45.01907659953276,0.01832566437213501,0.018159773032297852,0.04326381798403776,-0.06192343738810857
2022-02-15,307.4766540527344,307.6666564941406,297.7933349609375,300.0,57286200,305.15416412353517,329.3321978759766,303.1969183726937,313.32995522841173,48.402163230437516,-10.133036855718046,-11.015514979485884,0.8824781237678376,333.08808852163867,277.22023972543167,0.1816978559504725,18.245243617466517,11746265700.0,83.73134898431877,53.758775093619874,0.053290764282768466,0.05191932445845771,0.04529276397207273,-0.17170949625300047
2022-02-16,307.7966613769531,308.80999755859375,300.4033203125,304.6833190917969,51294300,303.94983062744143,328.76139770507814,303.90457114257975,312.9200816097852,63.04473494553806,-9.015510467205445,-10.615514077029797,1.600003609824352,328.9549697151458,278.94469153973705,0.1624782996400408,16.264530726841517,11797560000.0,84.3476957513665,70.29284423287254,0.0010407532409399955,0.0010402120327626255,0.044774315475932684,-0.1327932582190886
2022-02-17,292.1166687011719,306.1666564941406,291.3666687011719,304.4200134277344,55178400,301.95116424560547,327.59206420898437,302.09104769005546,311.37908806099904,53.83435510455624,-9.288040370943577,-10.350019335812554,1.0619789648689775,323.65846162458536,280.2438668666256,0.14862073756691999,15.878814697265625,11742381600.0,26.42419852351175,64.83441441973234,-0.05094269900666093,-0.05228610180162916,0.04603381569223213,-0.07586011356571543
2022-02-18,285.6600036621094,295.6233215332031,279.2033386230469,295.3333435058594,68501700,300.5024978637695,326.1788641357422,299.56319476267913,309.4739706981183,37.54841756576014,-9.910775935439176,-10.26217065573788,0.35139472029870333,322.51122328130685,278.4937724462322,0.1540903531148181,14.869766235351562,11673879900.0,17.58350986994611,42.78513471494146,-0.022103035296720752,-0.022350967561475237,0.04487980673570348,0.01569466269295039
2022-02-22,273.84332275390625,285.57666015625,267.0333251953125,278.0433349609375,83288100,298.69466400146484,324.96373046875,295.60629137671407,306.8346634429915,34.33377752371874,-11.228372066277416,-10.455410937845787,-0.7729611284316285,323.2151936563151,274.1741343466146,0.17908437137162558,15.278812953404017,11590591800.0,13.929219713727582,19.31230936906182,-0.04136624223452856,-0.04224617718140919,0.04560885179879282,0.052146602063143366
2022-02-23,254.67999267578125,278.4333190917969,253.52000427246094,276.80999755859375,95256900,296.1219970703125,323.2771301269531,289.3099377304167,302.9713544972722,31.46723937877111,-13.661416766855496,-11.096612103647729,-2.5648046632077666,327.26023890658536,264.9837552340396,0.2445283707535928,16.056192670549667,11495334900.0,1.8588564099695644,11.123861997881091,-0.06997917599526948,-0.07254830168258311,0.04784997908567997,0.1516281993549944
2022-02-24,266.92333984375,267.49334716796875,233.3333282470703,233.4633331298828,135322200,293.8446640014648,322.17286376953126,285.86584574785263,300.3011311896039,38.823626382906596,-14.435285441751262,-11.764346771268436,-2.670938670482826,326.57042215877556,261.1189058441541,0.24520716829384456,17.15143040248326,11630657100.0,40.67079171789749,18.819622613864883,0.04807345500262783,0.04695367409397792,0.04909138660210017,0.04810368529558651
2022-02-25,269.9566650390625,273.1666564941406,260.79998779296875,269.74334716796875,76067700,293.5241638183594,321.1819305419922,283.41827948496183,298.0533929562305,35.119749092575745,-14.635113471268653,-12.33850011126848,-2.2966133600001726,327.0855269124215,259.96280072429727,0.24864259668644098,16.717383248465403,11706724800.0,44.34354237700712,28.957730168291395,0.011364031324829549,0.011299945777284081,0.041966263730571204,0.0350920309203997
2022-02-28,290.1433410644531,292.28668212890625,271.57000732421875,271.6700134277344,99006900,293.9254974365234,320.47819763183594,284.4529043433451,297.4674631864692,45.6657111917014,-13.01455884312412,-12.473711857639609,-0.5408469854845119,327.1022547878532,260.7487400851936,0.22869218524618723,17.239525931222097,11805731700.0,69.20453744824245,51.40629051438236,0.07477746853358713,0.07211363413565586,0.0450221597819106,-0.07565230388022315
2022-03-01,288.1233215332031,296.6266784667969,284.59332275390625,289.8933410644531,74766900,292.7196640014648,320.06119750976563,285.01758391101555,296.77530454548656,43.093068244013374,-11.757720634471013,-12.330513613005891,0.5727929785348778,324.8295927757182,260.60973522721144,0.22289017496664568,17.349288940429688,11730964800.0,66.74380015275997,60.09729332600318,-0.006962143345558558,-0.006986492144572377,0.03773040758344015,-0.0462417747696936
2022-03-02,293.2966613769531,295.49334716796875,281.42333984375,290.7099914550781,74643300,291.8636642456055,319.7099975585937,286.2912881365444,296.51762727374336,43.83620358740576,-10.226339137198977,-11.909678717844509,1.6833395806455318,322.88138556070663,260.84594293050435,0.21151090618952728,17.728812081473215,11805608100.0,73.7828595752444,69.91039905874895,0.01795529711451649,0.01779600470296842,0.038021360494342925,-0.02377568024123
2022-03-03,279.7633361816406,295.4800109863281,277.5333251953125,292.92333984375,61623600,290.7574981689453,319.3056640625,285.28698783578994,295.27656867432836,42.51365591812575,-9.989580838538416,-11.52565914198329,1.5360783034448744,321.84804806978605,259.66694826810453,0.22226321951390185,17.889051164899552,11743984500.0,61.515708572564726,67.3474561001897,-0.04614210448825773,-0.04724057511561311,0.03889479596122992,-0.0011796295195360962
2022-03-04,279.42999267578125,285.2166748046875,275.0533447265625,283.0333251953125,66999600,289.87666473388674,318.6373974609375,284.3859116573271,294.10274822999156,47.23305763480149,-9.716836572664477,-11.163894628119529,1.4470580554550523,321.2142068684996,258.53912259927387,0.224296195512365,17.061194283621653,11676984900.0,61.074057518145366,65.4575418886515,-0.0011915196265851469,-0.0011922300504741562,0.03877606443872944,-0.0512232915212395
2022-03-07,268.1933288574219,288.71331787109375,268.19000244140625,285.4333190917969,72494100,287.89766387939454,317.2754638671875,281.89474507272627,292.1835319801716,41.325008353028956,-10.288786907445342,-10.988873083984691,0.7000861765393491,319.4746185576344,256.32070920115467,0.2354790464980354,17.43833487374442,11604490800.0,46.18645858100608,56.25874155723873,-0.04021280504200253,-0.04104369101185902,0.038547993816819975,-0.047490606394353985
2022-03-08,274.79998779296875,283.3299865722656,260.72332763671875,265.1766662597656,80399100,286.5153305053711,315.65813049316404,280.8032439527636,290.8958620403788,37.216039401242554,-10.092618087615222,-10.809622084710798,0.7170039970955759,317.8300432882834,255.2006177224588,0.22790912790363332,17.928336007254465,11684889900.0,54.939705108341464,54.066740402497636,0.02463394210323222,0.024335419149005895,0.0390469085770844,-0.02730468249390372
2022-03-09,286.3233337402344,286.85333251953125,277.336669921875,279.82666015625,59184000,285.46483001708987,314.0916638183594,281.65248853545137,290.5571562403681,42.27615449241087,-8.904667704916733,-10.428631208751986,1.5239635038352528,315.2092838872578,255.72037614692192,0.20776828406973966,18.188812255859375,11744073900.0,72.75516136332546,57.96044168422433,0.04193357517885765,0.04107819387010212,0.04015880073174145,-0.021816851258275927
2022-03-10,279.4333190917969,284.8166809082031,270.1199951171875,283.8166809082031,58648500,283.90316314697264,312.42386352539063,281.31107785181223,289.7331683034369,45.129908018270825,-8.422090451624683,-10.027323057326527,1.6052326057018433,311.26025803799234,256.54606825595295,0.19580410081327915,18.172622680664062,11685425400.0,72.83544113869688,66.84343587012127,-0.024063755330148706,-0.024358017786858904,0.040294366247859446,0.03972327330037961
2022-03-11,265.1166687011719,281.26666259765625,264.5899963378906,280.0666809082031,67037100,282.0831634521484,310.48493041992185,278.81963029017527,287.9097238884543,42.56089846442083,-9.090093598279054,-9.839877165517033,0.7497835672379782,309.34948961712945,254.8168372871674,0.20569303543651912,18.19095720563616,11618388300.0,50.21592370013861,65.26884206738698,-0.0512345859010529,-0.05259370365966602,0.04128606764867228,0.13835415500458548
2022-03-14,255.4566650390625,266.8999938964844,252.01333618164062,260.2033386230469,71152200,280.52266387939454,308.4584637451172,275.22532794385023,285.5057936033142,43.23622285821664,-10.280465659463971,-9.92799486430642,-0.35247079515755075,310.1542913920678,250.89103636672127,0.23198946489137195,17.923812866210938,11547236100.0,34.95365107841534,52.66833863908361,-0.036436802368687404,-0.03711720154932235,0.04066784802971712,0.2019782090226936
2022-03-15,267.2966613769531,268.5233459472656,252.19000244140625,258.42333984375,66841200,279.29149627685547,306.75919677734373,274.0055330874045,284.15696899395414,54.90551767058351,-10.151435906549636,-9.972683072755064,-0.1787528337945723,308.97534089996856,249.60765165374238,0.22210411810008857,17.310957772391184,11614077300.0,53.660191807576176,46.27658886204338,0.046348355546253384,0.04530634609366675,0.04197416303425565,0.23954657139918045
2022-03-16,280.07666015625,280.6666564941406,267.4200134277344,269.6666564941406,84028800,277.92149658203124,304.36219665527346,274.9395526364577,283.85472389486495,55.09292103607376,-8.91517125840727,-9.761180709885506,0.8460094514782366,304.49431958176956,251.3486735822929,0.18975392654935125,15.825956072126116,11698106100.0,62.90343322544021,50.505758703810585,0.047812040425278646,0.046704219074345354,0.04159981260423824,0.1890911650514211
2022-03-17,290.5333251953125,291.6666564941406,275.239990234375,276.9966735839844,66582900,277.0583297729492,302.5089300537109,277.3385945685892,284.3494351023055,57.53410850217694,-7.010840533716305,-9.211112674651666,2.200272140935361,300.4797661573893,253.63689338850912,0.16123063589138978,16.115955897739955,11764689000.0,86.34185882465216,67.63516128588952,0.037335010469022656,0.03665493442277862,0.04260322585008828,0.1632859239452633
2022-03-18,301.7966613769531,302.6166687011719,289.1300048828125,291.4966735839844,100414200,277.5423294067383,301.29072998046877,281.10137407756827,285.6418222337609,54.565154490713965,-4.54044815619261,-8.276979770959855,3.7365316147672445,302.6157955972692,252.4688632162074,0.1661613225019304,15.484287806919642,11865103200.0,98.37953888731332,82.54161031246856,0.03876779427650434,0.03803519751155836,0.04189805449876827,0.11624828235604379
2022-03-21,307.0533447265625,314.2833251953125,302.36334228515625,304.99334716796875,81981600,278.61199645996095,300.3337969970703,285.0939849466443,287.2278609369314,57.23237543720079,-2.1338759902870947,-7.048359014825303,4.9144830245382085,306.778208002506,250.4457849174159,0.18346135631662092,15.516666957310267,11947084800.0,88.38930183840809,91.03689985012453,0.017417963888751054,0.017268009913468576,0.041609313840263625,0.1852880339002323
2022-03-22,331.32666015625,332.6199951171875,307.25,310.0,105868500,281.4861633300781,300.11393005371093,292.2067042096606,290.4944386568809,62.67920199113018,1.7122655527796837,-5.296234101304306,7.00849965408399,318.0755558420721,244.89677081808412,0.22086597254044596,16.337855747767858,12052953300.0,98.39549861140429,95.05477977904191,0.07905243778179138,0.0760832835953988,0.04330964232260039,0.10622956140751616
2022-03-23,333.03668212890625,346.8999938964844,325.4666748046875,326.64666748046875,120676200,285.40399780273435,299.7205303955078,298.4882392741599,293.645715951105,69.2814402008436,4.842523323054934,-3.2684826164324585,8.111005939487391,326.420346212306,244.3876493931627,0.24631730142985117,16.586900983537948,12173629500.0,85.38960892679509,90.72480312553584,0.005161136057840299,0.005147863044765912,0.03900993568903716,0.0949644578100175
2022-03-24,337.97332763671875,341.4966735839844,329.6000061035156,336.57666015625,68920800,288.9564971923828,299.3839971923828,304.56286825301515,296.9292427426319,70.50554638921048,7.63362551038324,-1.0880609910693189,8.72168650145256,335.2068767809048,242.7061176038608,0.2736924828472599,16.710710797991073,12242550300.0,90.59228507394766,91.4591308707157,0.014823128420135223,0.014714339594958641,0.03819115179688684,0.0628057980750738
2022-03-25,336.8800048828125,340.6000061035156,332.44000244140625,336.0,62031600,292.3026641845703,298.7467974853516,309.53473542683014,299.88855845671935,75.89865266024235,9.646176970110787,1.0587866011667022,8.587390368944085,342.29728695668666,242.30804141245392,0.2968096773182342,15.82761710030692,12180518700.0,89.44004430561918,88.47397943545398,-0.003234937980317265,-0.003240181703986614,0.03835431824356512,0.07317143653289593
2022-03-28,363.9466552734375,365.9599914550781,351.20001220703125,355.0333251953125,102506100,295.99282989501955,299.1486639404297,317.9058000186159,304.6336026653651,79.12021241426967,13.27219735325076,3.501468751583514,9.770728601667246,355.33713885373885,236.64852093630026,0.3261154243285088,16.28999764578683,12283024800.0,98.23308882758202,92.75513940238297,0.0803450783611821,0.07728050710253655,0.038852241533359325,0.04910067279321373
2022-03-29,366.5233459472656,371.5899963378906,357.7033386230469,369.3299865722656,73614900,299.91283111572267,299.48173095703123,325.3854224691774,309.218028093654,77.82404069609768,16.167394375523372,6.034653876371486,10.132740499151886,366.92986684282386,232.89579538862148,0.3656904067264704,16.420948573521205,12356639700.0,95.76284336344393,94.47865883221505,0.007079858095940583,0.007054913567225325,0.03861569356399142,-0.007557552777684551
2022-03-30,364.663330078125,371.3166809082031,361.3333435058594,363.72332763671875,59865000,303.4811645507813,299.9049310302734,331.4281774859386,313.32508749991115,80.63844029325463,18.10308998602744,8.448341098302677,9.654748887724764,376.35854962522075,230.6037794763418,0.3996968110768161,15.976662772042411,12296774700.0,94.20734259373303,96.06775826158633,-0.00507475414515135,-0.005087674440050588,0.03879705494631319,-0.04408630874073838
2022-03-31,359.20001220703125,367.71331787109375,358.8800048828125,364.8566589355469,48992700,307.45299835205077,300.4512646484375,335.70076744302975,316.72323007080894,86.12014494357881,18.97753737222081,10.554180353086304,8.423357019134505,383.4783864790137,231.42761022508788,0.4233039284149263,15.41642325265067,12247782000.0,89.63845944888756,93.20288180202151,-0.014981813142339484,-0.01509517416561853,0.03693481095030889,-0.018875274356586313
2022-04-01,361.5299987792969,364.9166564941406,355.5466613769531,360.3833312988281,54263100,311.55799865722656,301.0400646972656,339.674495340917,320.0422499751414,93.15199240137665,19.632245365775645,12.369793355624173,7.262452010151472,390.0387651475004,233.0772321669527,0.4341590836459686,15.022375924246651,12302045100.0,91.5745409767515,91.80678100645737,0.006486599368272561,0.006465651918934319,0.036816913081438356,-0.054490670963815435
2022-04-04,381.8166809082031,383.3033447265625,357.510009765625,363.1266784667969,82035900,317.2391662597656,302.3837316894531,346.1579085051149,324.61813374796077,93.5923540379213,21.539774757154134,14.203789635930166,7.335985121223969,398.8887647124013,235.58956780712992,0.4276900540773702,15.698089599609375,12384081000.0,98.71710296667871,93.31003446410593,0.05611341298759176,0.05459557817973847,0.035690380308523416,-0.1479942762458688
2022-04-05,363.7533264160156,384.2900085449219,362.4333190917969,378.76666259765625,80075100,321.686833190918,303.45879821777345,348.86489587602273,327.51703690855743,80.62013113742051,21.3478589674653,15.632603502237194,5.715255465228106,403.2936812124044,240.07998516943152,0.4486933429615141,16.30428205217634,12304005900.0,81.16764907711006,90.48643100684677,-0.047308971544201106,-0.048464637280470575,0.0385420620244538,-0.09558672454284667
2022-04-06,348.586669921875,359.6666564941406,342.5666809082031,357.8233337402344,89348400,324.8,304.30786499023435,348.82209188307695,329.0777504650995,70.53580064107669,19.744341417977466,16.45495108538525,3.289390332592216,405.471728276933,244.12827172306703,0.4628503338639603,16.644280569893972,12214657500.0,62.48073008651221,80.78849404343367,-0.041694894294368345,-0.042589069768463106,0.03995584819979985,-0.022366493184322045
2022-04-07,352.4200134277344,358.86334228515625,340.5133361816406,350.7966613769531,79447200,328.4493347167969,305.106865234375,349.3756182745627,330.80680698085024,68.90106198156583,18.568811293712486,16.877723127050697,1.691088166661789,407.05699914524934,249.84167028834446,0.44610215897725325,16.991662161690847,12294104700.0,61.09936291469738,68.24924735943988,0.010996816105212748,0.01093679078037125,0.039113564937308214,-0.06834648715775649
2022-04-08,341.8299865722656,349.4800109863281,340.8133239746094,347.7366638183594,55013700,332.2850006103516,306.4161315917969,348.2147518588247,331.6233388024366,62.48712179772798,16.59141305638809,16.820461112918178,-0.22904805653008609,405.15807254150985,259.4119286791933,0.42637027056578797,16.928806849888392,12239091000.0,44.88575121542626,56.15528140554529,-0.03004944796541842,-0.030510186068030958,0.03755570183021163,-0.02067299730338623
2022-04-11,325.30999755859375,336.15667724609375,324.8800048828125,326.79998779296875,59357100,335.7776672363281,307.2799981689453,344.690943504943,331.15568389548525,47.712238245010056,13.53525960945774,16.16342081222609,-2.62816120276835,399.2340509771741,272.32128349548213,0.3901287031882039,16.313330514090403,12179733900.0,0.7237715018830303,35.56962854400223,-0.048328086073804455,-0.049534931817513166,0.03847001762487492,0.05350796894263454
2022-04-12,328.98333740234375,340.39666748046875,325.5333251953125,332.5466613769531,65976000,338.8620010375977,307.6148651123047,342.27438871992774,330.99476934043776,48.481438606024,11.279619379489986,15.18666052567887,-3.9070411461888828,393.7170972023102,284.0069048728852,0.33348251980084453,15.859998430524554,12245709900.0,6.906804017046734,17.505442244785346,0.011291813566499442,0.01122853693277581,0.03765352912061583,-0.009878919782570272
2022-04-13,340.7900085449219,342.0799865722656,324.3666687011719,327.02667236328125,55121100,341.8976684570313,308.22233215332034,342.0460225391576,331.720342614844,51.00359151227607,10.32567992431359,14.214464405405813,-3.888784481092223,389.2637297227301,294.53160719133245,0.2779779927700267,16.27547345842634,12300831000.0,27.407250474188785,11.67927533103952,0.03588835603591267,0.03525937358618668,0.03713245775788027,-0.013292639648206594
2022-04-14,328.3333435058594,337.57000732421875,327.39666748046875,333.0966796875,58422300,343.7876693725586,308.75126586914064,339.9363796109579,331.46945379195625,47.182915683993656,8.46692581900163,13.064956688124978,-4.598030869123347,385.16166563675847,302.4136731083587,0.2520243349177939,16.649283272879465,12242408700.0,6.619582311273707,13.644545600836414,-0.03655231880843268,-0.03723709338922126,0.037988255898543176,0.0203552859433469
2022-04-18,334.7633361816406,338.3066711425781,324.4700012207031,329.6766662597656,51715200,345.43600311279295,309.5055993652344,339.1405267756783,331.71344508008104,38.86615032370026,7.4270816955972805,11.93738168961944,-4.510299994022159,382.1280062492931,308.7439999762928,0.21921159918534974,15.560474940708705,12294123900.0,17.349946627481952,17.125593137648153,0.019583733431163042,0.01939443951963136,0.0373761173315832,-0.006243205608264746
2022-04-19,342.7166748046875,344.9800109863281,331.77667236328125,335.0199890136719,49847700,347.2191696166992,310.2044659423828,339.6907033955259,332.5284991337556,41.275349503185076,7.162204261770285,10.982346204049609,-3.8201419422793244,379.2241439779075,315.21419525549095,0.18677220406300768,15.511666434151786,12343971600.0,30.622468892850446,18.197332610535373,0.023758093445249484,0.023480261839117743,0.037506049595572535,-0.1475757203383039
2022-04-20,325.73333740234375,344.6666564941406,325.0833435058594,343.3333435058594,70711200,346.9395034790039,310.6701995849609,337.5434163196517,332.02515382031766,37.156624464723464,5.518262499334071,9.889529463106502,-4.371266963772431,379.6198281226407,314.25917883536715,0.2006569232627868,16.197378976004465,12273260400.0,2.2806951426817235,16.75103688767138,-0.04955503671370076,-0.05082502163771964,0.0353130597379675,-0.09792263737828644
2022-04-21,336.260009765625,364.0733337402344,332.1400146484375,358.24334716796875,105416400,347.10066986083984,311.24873291015626,337.34596915749376,332.3388468533034,42.67654379109594,5.007122304190375,8.913048031323278,-3.905925727132903,379.52308199810193,314.67825772357776,0.19284132038097945,18.304999215262278,12378676800.0,19.84759376774812,17.583585934426768,0.03231684066245499,0.03180563608534794,0.036047018737307986,-0.1301275265533598
2022-04-22,335.01666259765625,344.95001220703125,331.3333435058594,338.3033447265625,69696600,346.95283660888674,311.73573303222656,336.98761430213415,332.5372035751073,41.476643171735944,4.450410727026849,8.020520570463992,-3.5701098434371428,379.5768142418957,314.3288589758778,0.19476032851649092,18.608333042689733,12308980200.0,17.772697456577834,13.300328789002563,-0.003697576672395231,-0.003704429607069112,0.03591343870946386,-0.13361525314757217
2022-04-25,332.67333984375,336.2066650390625,325.1000061035156,326.3233337402344,68341200,346.7425033569336,312.35886657714843,336.32387977007505,332.5472877431549,32.14139087819015,3.7765920269201274,7.171734861755219,-3.3951428348350916,379.6925321603449,313.79247455352225,0.198092391887413,17.55928475516183,12240639000.0,13.862163163967718,17.16081812943123,-0.006994645387893739,-0.007019222592886596,0.03594202335176942,-0.09526861657236374
2022-04-26,292.1400146484375,333.3333435058594,291.6666564941406,331.80999755859375,136133700,343.1521713256836,312.46833374023436,329.5263620590539,329.55415640280546,27.629233033361132,-0.027794343751565975,5.731829020653862,-5.759623364405428,383.11198044828404,303.1923622030831,0.2735661471824615,18.97428458077567,12104505300.0,0.6537493119336236,10.762869977493063,-0.12184121881948873,-0.1299278575282087,0.04031658702222877,0.03745919185562818
2022-04-27,293.836669921875,306.0,292.4533386230469,299.52667236328125,76956300,339.51783752441406,312.5066668701172,324.0356401917956,326.9084166634773,31.325469002488077,-2.872776471681675,4.010907922186755,-6.88368439386843,383.54264959844477,295.49302545038336,0.29965498918658434,18.450951712472097,12181461600.0,2.996979712698354,5.837630729533237,0.005807678470473254,0.005790878918745771,0.040289002500449145,0.08066841565196436
2022-04-28,292.5033264160156,300.0,273.8999938964844,299.99334716796875,124948500,335.9098373413086,312.2072003173828,319.18451499552174,324.3598914599616,29.208593291471402,-5.175376464439864,2.173651044861431,-7.349027509301296,382.97997431246745,288.8397003701498,0.3218434302809458,19.004523141043528,12056513100.0,20.630634898918363,8.093787974516784,-0.004537702888526063,-0.004548029513557434,0.0402927712797413,-0.004820470520406905
2022-04-29,290.2533264160156,311.4666748046875,290.0,300.75,88133100,332.46250305175784,311.85633361816406,314.73356290636696,321.8334792344841,31.003071762456415,-7.0999163281171604,0.3189375702657128,-7.418853898382873,382.3644954058545,282.5605106976612,0.3438513037578277,19.708807809012278,11968380000.0,18.135440638759217,13.921018416791982,-0.007692220213591394,-0.007721957937068309,0.04027987337558601,-0.005868455132209238
2022-05-02,300.9800109863281,302.1199951171875,282.6766662597656,286.92333984375,75781500,329.43500366210935,312.0336004638672,312.6176318417456,320.28877788276884,40.63919466425623,-7.671146041023235,-1.279079151992077,-6.392066889031158,379.25870324797523,279.61130407624347,0.3310764686504653,19.88690403529576,12044161500.0,30.03106809226206,22.932381209979884,0.03695628471433299,0.03628977282780161,0.041486458968434725,-0.1282809969426656
2022-05-03,303.0833435058594,308.02667236328125,296.1966552734375,301.05999755859375,63709500,325.4983367919922,312.3820672607422,311.1508182516093,319.01430126225705,39.91328685853605,-7.863483010647769,-2.5959599237232154,-5.2675230869245535,370.05941941835283,280.93725416563154,0.2940516764194873,19.654285975864955,12107871000.0,32.36361175001337,26.843373493678218,0.006988279761963367,0.006963974902024329,0.038843575160269476,-0.12011003445121471
2022-05-04,317.5400085449219,318.5,295.09332275390625,301.3133239746094,81643800,323.1876708984375,313.2560009765625,312.1337706044266,318.9050943943063,41.12843837550619,-6.771323789879659,-3.4310326969545044,-3.340291092925155,364.0343292630283,282.34101253384665,0.2572693661612239,20.06095450265067,12189514800.0,48.39569513957431,36.93012499394992,0.04769864576468552,0.04659599279666411,0.03992942232828391,-0.229493401873745
2022-05-05,291.09332275390625,315.20001220703125,285.8999938964844,313.00665283203125,92519100,320.31300354003906,313.984267578125,308.8967786274235,316.84496316168406,37.160977936266264,-7.948184534260577,-4.334463064415719,-3.613721469844857,361.7218734413195,278.90413363875865,0.28450580390872077,21.364288330078125,12096995700.0,19.066975768030055,33.27542755253925,-0.08328615317548016,-0.08695990905101429,0.04286255705865721,-0.16636125673661373
2022-05-06,288.54998779296875,296.0,281.03668212890625,295.6666564941406,72903000,317.11950225830077,314.4168005371094,305.76650311443046,314.7490390602977,33.62854838832965,-8.982535945867255,-5.264077640706027,-3.718458305161228,357.9499836032117,276.28902091338983,0.28300456123537476,21.44476318359375,12024092700.0,16.246480303055243,27.903050403553205,-0.008737180698190294,-0.00877557365586079,0.04262721363312711,-0.11096860290510857
2022-05-09,262.3699951171875,281.8766784667969,260.3833312988281,278.8166809082031,90810300,313.14650268554686,314.2650671386719,299.0901172687008,310.8691098793266,24.79188560460922,-11.778992610625778,-6.567060634689978,-5.2119319759358005,359.0068512683186,267.28615410277513,0.34958531414606475,22.51357160295759,11933282400.0,1.9159646750542327,12.409806915379848,-0.09072948807249681,-0.0951126361970946,0.04620952064013213,-0.07970930543633259
2022-05-10,266.67999267578125,275.1199951171875,258.0833435058594,273.10333251953125,84401700,310.2150024414062,313.7958001708984,294.10394425440546,307.5958419383232,29.871841170408587,-13.491897683917728,-7.9520280445355285,-5.539869639382199,360.1188616719125,260.31114321089996,0.3742602414960868,22.33166721888951,12017684100.0,8.110812304851667,8.757752427653719,0.016427173986372612,0.016293707630266798,0.04580309690937915,-0.048035090409529246
2022-05-11,244.6666717529297,269.92333984375,242.39999389648438,265.0,97224600,305.99916915893556,312.92666717529295,286.4982100234092,302.9344219245903,21.0477514780264,-16.43621190118114,-9.64886481586465,-6.787347085316489,362.9723766986842,249.02596161918694,0.4657210328775922,21.559049333844865,11920459500.0,2.210314433644611,4.079030471183509,-0.08254582843646041,-0.08615264955046516,0.048366219953258176,-0.032956426699346286
2022-05-12,242.6666717529297,253.22000122070312,226.6666717529297,233.6666717529297,140313000,301.09300231933594,311.9140673828125,279.7548964433354,298.4701441340969,20.94754904086986,-18.715247690761544,-11.46214139084403,-7.253106299917514,362.2010835384435,239.98492110022835,0.5036380214694219,22.483096531459264,11780146500.0,14.60653732017295,8.309221352889749,-0.008174386751047313,-0.008207980246495447,0.046980023795382415,-0.025522021921974836
2022-05-13,256.5299987792969,262.45001220703125,250.52333068847656,257.82666015625,92150700,297.5028350830078,311.44940063476565,276.1818352642525,295.363466700408,27.66489768682557,-19.1816314361555,-13.006039399906324,-6.175592036249174,360.286469616204,234.7192005498117,0.48948376277202144,23.102859497070312,11872297200.0,27.996867751962082,14.937906501926554,0.05712909369145702,0.05555683158900242,0.049403461285957094,-0.13733284955046854
2022-05-16,241.4566650390625,256.586669921875,239.69667053222656,255.72000122070312,86098500,292.8375015258789,310.68993408203124,270.83950138345404,291.3703702810491,32.52258194422484,-20.53086889759504,-14.511005299444069,-6.019863598150973,357.7925452912699,227.8824577604879,0.5380265129967124,21.33309609549386,11786198700.0,16.105256738795802,19.56955393697695,-0.05875856161837267,-0.06055559591829793,0.049949005118156496,-0.06829385095042351
2022-05-17,253.8699951171875,254.82666015625,242.9499969482422,249.1199951171875,80236200,288.3951675415039,310.4034674072266,268.2288081117207,288.5925647133556,37.166586799182305,-20.36375660163492,-15.68155555988224,-4.682201041752679,351.10057254540015,225.68976253760763,0.49399618867878553,21.298096793038503,11866434900.0,29.62249532193061,24.574873270896173,0.05141017778952928,0.050132289582274676,0.051438045416443694,-0.17522087288425314
2022-05-18,236.60333251953125,253.5,233.60333251953125,248.17333984375,87811800,283.9386672973633,309.6395343017578,263.3633503283069,284.74151047677606,33.71655135329506,-21.378160148469135,-16.82087647759962,-4.557283670869516,348.12244043472316,219.7548941600034,0.5425432723527814,20.881429399762833,11778623100.0,10.820320853186937,18.84935763797112,-0.06801379812405906,-0.07043726926027942,0.052276077975517476,-0.07186427272579532
2022-05-19,236.47332763671875,244.6666717529297,231.3699951171875,235.6666717529297,90296700,278.94933319091797,308.6425341796875,259.22642376037027,281.1660895256607,34.138189572432125,-21.939665765290442,-17.844634335137783,-4.095031430152659,341.5011407412372,216.39752564059876,0.5290390098152142,20.297858101981028,11688326400.0,10.678754729762426,17.040523634959996,-0.0005494634476534976,-0.0005496144580126333,0.0512326309370893,-0.0023821882164858366
2022-05-20,221.3000030517578,240.52667236328125,211.0,237.99667358398438,144973200,273.26350021362305,307.47986785888673,253.39158980519912,276.7315646016679,27.099933646987765,-23.339974796468795,-18.943702427403988,-4.396272369064807,335.02498861926995,211.50201180797615,0.55816979262492,21.018096923828125,11543353200.0,9.581398187592557,10.36015792351398,-0.06416505716141863,-0.06631616117599509,0.05223307185487508,0.14419341718059653
2022-05-23,224.96665954589844,226.65333557128906,212.68666076660156,218.33999633789062,88903500,267.87816619873047,306.67686767578124,249.01852361146055,272.8971271901294,27.749179433162595,-23.878603578668873,-19.930682657656966,-3.9479209210119066,326.53292095273866,209.22341144472227,0.5214528665928051,21.17071533203125,11632256700.0,12.9922414379242,11.084131451759733,0.01656871415985961,0.016432950581559483,0.052785229162950684,0.12351459956868882
2022-05-24,209.3866729736328,217.97332763671875,206.85667419433594,217.8433380126953,89092500,263.74049911499026,305.75546783447265,242.9213158210255,268.19264910001857,19.389402988913844,-25.27133327899307,-20.998812781924187,-4.272520497068882,326.70584952638086,200.77514870359965,0.6014265331902912,20.79238019670759,11543164200.0,2.335167833740794,8.302935819752522,-0.06925464690507588,-0.07176955888757142,0.04847426737963674,0.17863276483317558
2022-05-25,219.60000610351562,223.10667419433594,207.6699981689453,207.9499969482422,92139300,260.02866592407224,304.8015347290039,239.33342201833167,264.59319406324056,27.717749322796067,-25.259772044908885,-21.85100463452113,-3.4087674103877568,324.2635432143379,195.79378863380657,0.5850170811014137,19.634998866489955,11635303500.0,14.295329228368365,9.874246166677791,0.04877737911795821,0.04762508488803113,0.050377345000542195,0.17638131295900572
2022-05-26,235.91000366210938,239.55667114257812,217.8866729736328,220.47332763671875,106003200,257.19899978637693,303.9182015991211,238.80674227122054,262.4685132927864,34.890350586241155,-23.66177102156584,-22.21315791193007,-1.4486131096357688,320.38799536992985,194.01000420282398,0.5357042482527165,20.11404745919364,11741306700.0,38.727443098868676,18.452646720325948,0.07427138936829314,0.07164265445291097,0.054041493569014505,-0.005906239849196027
2022-05-27,253.2100067138672,253.26666259765625,240.17666625976562,241.0833282470703,89295000,255.34683380126953,303.1717352294922,241.0226291085508,261.78269799064424,47.22950614845349,-20.760068882093435,-21.922540105962746,1.1624712238693107,316.598251320665,194.09541628187407,0.4837993435907997,19.34190477643694,11830601700.0,67.90371738761269,40.30882990494991,0.07333306253742577,0.0707688185938516,0.05711666965041264,-0.05896294592907436
2022-05-31,252.75332641601562,259.6000061035156,244.7433319091797,257.9466552734375,101914500,252.9354995727539,302.19086853027346,242.8273517712377,261.11385565178284,45.687269403604965,-18.286503880545155,-21.19533286087923,2.908828980334075,310.2963985398064,195.57460060570148,0.453888380267171,19.186192103794642,11728687200.0,72.77481970600796,59.80199339749644,-0.001803563389055185,-0.0018051917677216725,0.056260997022635595,-0.05486239741731114
2022-06-01,246.7899932861328,257.32666015625,243.63999938964844,251.72000122070312,77247900,250.12083206176757,300.9856015014648,243.4369889273754,260.05282880988284,50.73011550483136,-16.61583988250743,-20.27943426520487,3.6635943826974398,302.4222044929836,197.81945963055153,0.42385326677793517,18.197857448032924,11651439300.0,71.83112314997057,70.83655341453041,-0.02359349020027357,-0.023876273341224673,0.056271505542271956,-0.01994944981117097
2022-06-02,258.3333435058594,264.2099914550781,242.06666564941406,244.1566619873047,93473100,247.16049880981444,299.525735168457,245.7287357856037,259.9254595281033,55.05528742377653,-14.196723742499614,-19.06289216066382,4.866168418164207,289.0629869376644,205.2580106819645,0.324406346925166,17.882857186453684,11744912400.0,89.75360409686574,78.11984898428142,0.04677398003874078,0.04571303469577831,0.05622308816920829,-0.07210326864512706
2022-06-03,234.51666259765625,247.79666137695312,233.4166717529297,243.22666931152344,112393800,244.33166580200196,297.55533477783206,244.0038014489964,258.0433264221443,43.325517025329184,-14.039524973147877,-18.058218723160635,4.018693750012758,281.06646381619635,207.59686778780758,0.3132809209144997,18.24952370779855,11632518600.0,48.22735584253824,69.93736102979152,-0.09219359988526965,-0.09672413884722543,0.05687612439913068,-0.009750551814905584
2022-06-06,238.27999877929688,244.86666870117188,234.35000610351562,244.35333251953125,84204600,241.81816635131835,295.5614682006836,243.1232164228888,256.5793762263778,48.965906593834205,-13.456159803489015,-17.137806939226312,3.681647135737297,272.13187582137937,211.5044568812573,0.2544377171844677,17.794285365513392,11716723200.0,54.7890271831269,64.25666237417697,0.0160472016783606,0.01591980642197778,0.05715585555425131,-0.09460859105433317
2022-06-07,238.8866729736328,239.99667358398438,230.0933380126953,234.0,72808500,240.6440002441406,293.6016015625,242.47144050761864,255.26880561506337,44.71636940522076,-12.797365107444733,-16.269718572869998,3.4723534654252646,269.38427944497624,211.90372104330498,0.24061852294295083,17.546666826520646,11789531700.0,55.84681114977572,52.95439805848029,0.0025460558898939833,0.002542820180630796,0.05374998632548101,-0.07533561148457524
2022-06-08,241.86666870117188,249.9633331298828,239.17666625976562,240.086669921875,76210500,239.40333404541016,291.1600018310547,242.3783986912422,254.2760547325529,52.063999056042086,-11.897656041310682,-15.395306066558135,3.4976500252474523,265.425002321944,213.3816657688763,0.21517366089565512,16.890238080705917,11865742200.0,61.04266706503048,57.22616846597771,0.012474516432601446,0.012397350726358317,0.053680901242184484,-0.036659324531098214
2022-06-09,239.7066650390625,255.54666137695312,239.32666015625,249.33999633789062,96491400,239.15533370971679,288.6236682128906,241.96736274475302,253.19684068118323,51.24807134432653,-11.229477936430214,-14.562140440532552,3.3326625041023377,265.0600721384273,213.25059528100627,0.21613698913619353,17.099046979631698,11769250800.0,57.27653152965803,58.055336581488085,-0.008930555308462429,-0.008970671737446728,0.05039808703990165,-0.11099674233593404
2022-06-10,232.22999572753906,239.5,227.913330078125,235.1566619873047,97536600,238.63349990844728,285.9750015258789,240.46930628056626,251.64374105498737,54.485509136861836,-11.174434774421115,-13.884599307310266,2.7101645328891504,264.660603587114,212.6063962297806,0.22414937051631073,15.832380022321429,11671714200.0,44.240373084973285,54.1865238932206,-0.031190911234383223,-0.0316877053198606,0.050859923401040424,-0.06661500023818245
2022-06-13,215.73666381835938,226.63333129882812,214.68333435058594,223.1666717529297,102767400,236.59383316040038,283.1057345581055,236.66428436330366,248.9839575559779,46.57293763727089,-12.31967319267423,-13.571614084383059,1.2519408917088288,263.1048982594772,210.08276806132358,0.24577245823545257,16.08809334891183,11568946800.0,15.482957303930663,38.999953972853994,-0.07102153990705962,-0.07366972655880115,0.051228102010413216,0.09873149364028122
2022-06-14,220.88999938964844,226.3300018310547,211.73666381835938,218.2866668701172,97988700,235.56549987792968,280.2929345703125,234.23747129043363,246.90292361773126,54.629599828183906,-12.66545232729763,-13.390381732965974,0.7249294056683446,262.86611716298137,208.26488259287797,0.24718744497702316,15.83690425327846,11666935500.0,23.381681624132224,27.701670671012064,0.023887157055640484,0.023606322357198544,0.05018686562368903,0.06879745834676632
2022-06-15,233.0,235.663330078125,218.14999389648438,220.9166717529297,119131800,234.52200012207032,277.31660095214846,234.04709109190537,245.87307742382524,55.311834413172555,-11.825986331919864,-13.077502652756753,1.2515163208368882,260.43699071799733,208.60700952614334,0.22244627120967378,15.985237121582031,11786067300.0,40.522179817611125,26.462272915224673,0.05482367080362738,0.0533736162801124,0.050387871568661514,0.00888415160608913
2022-06-16,213.10000610351562,225.1666717529297,208.69332885742188,222.73666381835938,107390700,233.34683380126953,274.30353454589846,230.82446263215311,243.4454425112097,41.20821703639421,-12.620979879056591,-12.986198098016722,0.3652182189601305,260.94159519995594,205.75207240258314,0.25898414461125774,16.173570905412948,11678676600.0,7.937575927340437,23.947145789694602,-0.08540769912654234,-0.08927688581957327,0.05170096772745215,0.1530110652352954
2022-06-17,216.75999450683594,220.97000122070312,213.19667053222656,213.43333435058594,92641800,232.36116714477538,271.66700103759763,228.66069830518126,241.46874265903386,34.300072028714496,-12.808044353852608,-12.9505673491839,0.14252299533129253,260.8785822044647,203.84375208508607,0.2631243382762677,15.49595206124442,11771318400.0,14.530170352151737,20.99664203236777,0.017174980283869212,0.017029157609637507,0.05191344451176133,0.12991328831769877
2022-06-21,237.0366668701172,243.57666015625,224.3333282470703,224.60333251953125,122793000,233.14800033569335,269.3593341064453,229.94930885363294,241.14044074874374,44.21770776891491,-11.1911318951108,-12.598680258369281,1.4075483632584813,261.24569788209755,205.05030278928916,0.23707469327351077,16.350237165178573,11894111400.0,51.053749786071165,24.507165355187784,0.0935443480214786,0.08942411634475682,0.054073569687508975,-0.018450043403574035
2022-06-22,236.086669921875,246.8333282470703,233.82666015625,234.50332641601562,101107500,233.7040008544922,267.2444677734375,230.8935182487471,240.76608735416087,45.91132976869996,-9.87256910541376,-12.053458027778177,2.1808889223644172,261.55908295896785,205.8489187500165,0.23597335769692868,16.301666259765625,11793003900.0,49.34255731920774,38.30882581914356,-0.004007805884153504,-0.004015858661335937,0.05403443031712952,-0.032177439036370825
2022-06-23,235.07000732421875,239.31666564941406,228.6366729736328,237.9066619873047,104202600,234.9881675720215,265.43966796875,231.5360550295889,240.3441555000911,40.3362038012284,-8.808100470502183,-11.40438651632298,2.596286045820797,260.3823378550051,209.59399728903787,0.2160562342430941,15.482856750488281,11688801300.0,56.29626975890893,52.230858954729285,-0.004306310889948484,-0.0043156097521520964,0.0512942321620111,-0.045078824849333454
2022-06-24,245.7066650390625,246.06666564941406,236.086669921875,237.47000122070312,95770800,236.29350051879882,263.77413452148437,233.71614887720023,240.7413784289038,55.220029814695785,-7.025229551703575,-10.5285551233991,3.503325571695525,261.03262888385035,211.5543721537473,0.20137124372363685,14.488570077078682,11784572100.0,78.99829999375453,61.54570902395707,0.04524889345059324,0.04425503260828766,0.05114905748404647,-0.0750623873165579
2022-06-27,244.9199981689453,252.07000732421875,242.56666564941406,249.36666870117188,89178300,236.74400024414064,261.85673431396486,235.43981799900715,241.05090581705502,53.185976801268076,-5.611087818047878,-9.545061662328855,3.9339738442809775,261.7800863476458,211.70791414063544,0.20444297150643734,14.416190011160714,11695393800.0,77.319301237855,70.87129033017283,-0.0032016505127857586,-0.003206786761701394,0.048649537713005626,-0.048396752442219304
2022-06-28,232.663330078125,249.97000122070312,232.3433380126953,244.48333740234375,90391200,235.7166664123535,259.94333404541015,235.01266601117914,240.42960391046762,47.314205421780116,-5.4169378992884845,-8.719436909720782,3.3024990104322978,259.565933592838,211.867399231869,0.2050109673275652,14.967856270926339,11605002600.0,51.15965061866071,69.15908395009009,-0.0500435578248114,-0.05133914578061633,0.04705930748710142,-0.003997160512870579
2022-06-29,228.49000549316406,231.17333984375,222.27333068847656,230.5,82897200,234.50350036621094,257.81786743164065,234.00917977763837,239.54518921288957,44.285917830308854,-5.536009435251202,-8.082751414826866,2.546741979575664,257.14153192383736,211.86546880858452,0.19815336350283996,14.918809073311943,11522105400.0,42.252440906027836,56.91046425418119,-0.01793718238090891,-0.018100003611393488,0.04717299237237452,0.07025834426816413
2022-06-30,224.47332763671875,229.4566650390625,218.8633270263672,224.50999450683594,94600500,233.38766708374024,255.45300048828125,232.54212560211226,238.4287550220621,43.59441299806792,-5.886629419949827,-7.6435270158514586,1.7568975959016315,255.67302703735905,211.10230713012143,0.19855686364381608,14.516904558454241,11427504900.0,36.37899289825072,43.26369480764643,-0.017579227799377373,-0.0177355774717728,0.047060320810127995,0.11711862973523912
2022-07-01,227.26333618164062,230.22999572753906,222.1199951171875,227.0,74460300,231.83416671752929,253.4836004638672,231.73000415280893,237.60168695980866,47.82583603146923,-5.871682806999729,-7.289158174081113,1.4174753670813836,250.89628353448867,212.7720499005699,0.16775355970066336,14.253809247698102,11501965200.0,42.811040356640596,40.480824720306394,0.012429131666979787,0.012352524133575146,0.04573076625133182,0.031153295335750952
2022-07-05,233.06666564941406,233.14666748046875,216.1666717529297,223.0,84581100,231.76166687011718,251.41973358154297,231.9356443830559,237.265759455335,58.36955692708981,-5.3301150722791135,-6.897349553720713,1.5672344814415995,250.79182884771078,212.7315048925236,0.1633023060124723,14.213333129882812,11586546300.0,56.18995656868267,45.126663274524674,0.025535704813974602,0.025215114905161356,0.04133397092222187,1.4337849625123411e-05
2022-07-06,231.73333740234375,234.56333923339844,227.18666076660156,230.77999877929688,71853600,231.43433380126953,249.35406707763673,231.9045202321771,236.8559504143727,55.43743886560891,-4.951430182195594,-6.50816567941569,1.556735497220096,250.21600331489327,212.6526642876458,0.16209725992953988,13.697857448032924,11514692700.0,53.11611990306479,50.70570560946269,-0.005720802000385383,-0.00573722846648063,0.041189499169801955,0.02289983799169759
2022-07-07,244.5433349609375,245.3633270263672,232.2100067138672,233.9199981689453,81930600,231.71716690063477,247.59146697998048,233.848953267371,237.42538630671083,55.74810179896793,-3.5764330393398325,-5.921819151400519,2.3453861120606865,251.13108720316905,212.3032465981005,0.15877693256808975,13.420475551060267,11596623300.0,82.64811269523761,63.98472972232836,0.055279044880592876,0.05380522947187794,0.04304635249883413,-0.02547603977239543
2022-07-08,250.76333618164062,254.97999572753906,241.16000366210938,242.3333282470703,101854200,232.1620002746582,246.76393341064454,236.45116602341247,238.41338259374268,71.71298197836904,-1.962216570330213,-5.129898635186458,3.167682064856245,252.91652077175627,211.40747977756013,0.16553074155995848,12.671427045549665,11698477500.0,89.90827195517085,75.22416818449109,0.02543516968760029,0.02511707828484195,0.043308266154629356,-0.04265643732095836
2022-07-11,234.3433380126953,253.06333923339844,233.6266632080078,252.10333251953125,99241200,231.89383392333986,245.57406677246092,236.12688479099444,238.1118978099614,58.836739981561394,-1.9850130189669528,-4.500921511942557,2.515908492975604,252.3746906032881,211.41297724339162,0.1747935900685916,13.497618538992745,11599236300.0,46.830996157886396,73.1291269360983,-0.06548005948146851,-0.06772231414560198,0.04587737213278013,0.02647108903058193
2022-07-12,233.07000732421875,239.77333068847656,228.3699951171875,236.84666442871094,87930900,231.93583450317382,244.385400390625,235.65659594995202,237.73842444064712,47.53582759985798,-2.081828490695102,-4.017102907693066,1.9352744169979639,252.42303809480228,211.44863091154537,0.1758030029417654,12.396666390555245,11511305400.0,43.55034261407568,60.096536909044325,-0.005433611636988744,-0.005448427397798375,0.04531756388768673,0.05346029546283626
2022-07-13,237.0399932861328,242.05999755859375,225.03334045410156,225.5,97954500,233.0010009765625,243.32113372802735,235.86942630936446,237.68668879957198,50.57080693092321,-1.8172624902075256,-3.577134824195958,1.7598723339884326,252.1108986102537,213.89110334287128,0.16123775037930846,12.68380846296038,11609259900.0,53.77875274562957,48.053363839197225,0.017033448479672808,0.016890005886123306,0.04209881464824809,0.044127602978965896
2022-07-14,238.31333923339844,238.65333557128906,229.3333282470703,234.89666748046875,78557400,233.87216796875,242.06780029296874,236.24541291306198,237.7331073502258,51.93600961548839,-1.4876944371638103,-3.159246746789529,1.6715523096257185,252.23121754115445,215.51311839634556,0.15407488000009958,12.586666652134486,11687817300.0,57.05944560271598,51.462846987473746,0.005371861218914864,0.005357484236889209,0.041877666420709066,0.14012361168318588
2022-07-15,240.06666564941406,243.6233367919922,236.88999938964844,240.0,69683100,234.2255012512207,240.80746673583985,236.83329794942384,237.90596352053603,46.233974236032424,-1.0726655711121964,-2.7419305116540627,1.6692649405418662,252.78478927686564,215.66621322557575,0.15461778481772523,12.282143729073661,11757500400.0,61.57677686019198,57.471658402845854,0.0073572315408600986,0.007330299130864308,0.04019503217756016,0.13403227570771747
2022-07-18,240.54666137695312,250.51666259765625,239.60333251953125,244.93666076660156,82537500,235.59783401489258,239.26759979248047,237.40458463058218,238.10157076915954,47.067760363742366,-0.6969861385773584,-2.3329416370387217,1.6359554984613633,251.44000719718326,219.7556608326019,0.1317180882212695,12.382857186453682,11840037900.0,62.81345457385725,60.48322567892175,0.001999426810217919,0.001997430616818738,0.034510723306792064,0.11593034613414743
2022-07-19,245.52999877929688,247.13999938964844,236.97666931152344,245.0,80890200,237.0363342285156,238.35633331298828,238.65464834576906,238.65182469583638,59.559190949689565,0.002823649932679473,-1.8657885796444416,1.868612229577121,250.75935894641322,223.313309510618,0.1117828761139124,11.849761962890625,11920928100.0,75.6526986578613,66.68097669730352,0.020716718219316865,0.020505045463666282,0.03457667847349377,0.054290663619673385
2022-07-20,247.5,250.663330078125,243.48333740234375,246.78334045410156,88864200,237.55950088500975,237.5353335571289,240.0154716771892,239.3072450887374,64.60135834576124,0.7082265884517938,-1.3509855460251945,2.0592121344769883,252.05843674030237,223.06056502971714,0.11716311802256658,11.620475769042969,12009792300.0,80.72827843026391,73.06481055399416,0.008023464466653252,0.007991447618970264,0.027936648403048634,0.11038386797664135
2022-07-21,271.7066650390625,273.26666259765625,254.86666870117188,255.10667419433594,142032300,239.34050064086915,237.72206695556642,244.89103988670817,241.70720212209483,77.69093198537328,3.183837764613344,-0.4440208838974868,3.6278586485108306,260.3615993429672,218.31940193877105,0.15473377290230214,12.70428466796875,12151824600.0,97.26795479913724,84.54964396242083,0.09780470722853529,0.09331246499887616,0.03505160638890679,0.033835492611490325
2022-07-22,272.24334716796875,280.78668212890625,270.71331787109375,276.2200012207031,103472700,241.19916763305665,237.83333404541017,249.09908716074827,243.96913879215955,77.08551708542407,5.129948368588714,0.6707729665997533,4.4591754019889605,266.7220310354312,215.67630423068206,0.1875003644193918,12.844524928501674,12255297300.0,86.77911855461198,88.25845059467106,0.0019752262198982073,0.0019732780255828208,0.03496709552908575,0.09148670477206822
2022-07-25,268.4333190917969,274.14666748046875,267.3999938964844,272.2166748046875,64073400,242.33550033569335,238.3086669921875,252.07358438090958,245.7813002958364,71.8204855837256,6.292284085073192,1.795075190294441,4.49720889477875,270.581729985565,214.08927068582173,0.21045248589436244,12.113573346819196,12191223900.0,77.84282938600904,87.29663424658611,-0.013994935471540293,-0.014093787954092982,0.034139833574835965,0.10745071948993301
2022-07-26,258.8599853515625,267.30999755859375,256.2633361816406,266.5133361816406,66820800,243.03249969482422,238.63253326416014,253.11764606870233,246.75009178144572,65.19189013747025,6.36755428725661,2.709571009686875,3.657983277569735,272.2195476105482,213.84545177910027,0.2255045164750705,12.45595223563058,12124403100.0,60.67195952873388,75.09796915645164,-0.0356637312112531,-0.0363152186530825,0.035301128359841394,0.16119403125841458
2022-07-27,274.82000732421875,275.9266662597656,261.7900085449219,263.80999755859375,88110000,245.1403335571289,238.99833343505858,256.4564708772433,248.82934478461408,66.37815360325418,7.627126092629226,3.693082026275345,3.9340440663538807,277.1288663037654,213.1518008104924,0.232796244044183,12.701430184500557,12212513100.0,89.29808577146353,75.93762489540217,0.061655036992220635,0.05982904612856656,0.03524410624276568,0.11853816784822979
2022-07-28,280.8999938964844,283.29998779296875,272.79998779296875,280.0666809082031,84723000,247.7608329772949,239.78720001220702,260.21701288020347,251.2049484225304,66.32714537907131,9.012064457673063,4.756878512554889,4.255185945118174,282.4768056952154,213.04486025937445,0.24717674241540777,12.464287894112724,12297236100.0,95.88101597216449,81.95035375745398,0.02212352234272652,0.021882347827174065,0.03477139346652825,0.09873028837645292
2022-07-29,297.1499938964844,298.32000732421875,279.1000061035156,280.70001220703125,95313000,251.3946662902832,240.65279998779297,265.8990099596313,254.60828512430479,84.08957228580559,11.290724835326529,6.0636477771092165,5.227077058217312,290.75155036330403,212.03778221726236,0.2648957420926703,12.44881112234933,12392549100.0,98.40351119966749,94.52753764776519,0.05784976985791013,0.056238328890716484,0.03559578767020479,-0.030220362285715785
2022-08-01,297.27667236328125,311.8766784667969,295.0,301.27667236328125,117042900,254.89533309936525,241.86626678466797,270.7263426371159,257.768906401266,85.28870692437533,12.957436235849912,7.442405468857356,5.515030766992555,297.53291120034856,212.25775499838193,0.28685451678414164,12.839764186314174,12509592000.0,83.18811040840785,92.49087919341328,0.00042631152414229767,0.0004262206792024022,0.03573725427974781,-0.023053717821344133
2022-08-02,300.586669921875,307.8333435058594,292.6666564941406,294.0033264160156,95577600,258.2713333129883,243.1485336303711,275.3202391424635,260.9405925879778,85.18120036613057,14.379646554485703,8.829853685983027,5.549792868502676,304.1970961875454,212.3455704384312,0.30557418189232144,12.7069091796875,12605169600.0,86.32232818787749,89.30464993198429,0.011134400598203698,0.011072869479979633,0.03563997442807898,-0.05739884080854252
2022-08-03,307.39666748046875,309.54998779296875,301.1499938964844,305.0,80091000,262.0544998168945,244.8704669189453,280.2550742713874,264.3817833207549,86.03718874850148,15.873290950632509,10.238541138912924,5.634749811719585,311.13310660091076,212.97589303287828,0.3193177543939027,12.681431361607142,12685260600.0,94.02559088840403,87.84534316156312,0.02265568716125621,0.022402858626649376,0.03540298462297631,-0.04242078696494134
2022-08-04,308.6333312988281,313.6066589355469,305.0,311.0,72256200,265.2589996337891,246.5438003540039,284.62095996791675,267.65967576357514,85.96151681042144,16.96128420434161,11.583089751998662,5.378194452342948,317.7725388893007,212.7454603782775,0.34029726494230395,12.815240042550224,12757516800.0,93.50994609022534,91.2859550555023,0.004023022853486102,0.004014952135593356,0.03415264762139302,-0.07129277425551728
2022-08-05,288.1700134277344,304.6066589355469,285.5433349609375,302.6700134277344,113172900,267.12933349609375,248.11946716308594,285.1669681925041,269.17896003499436,70.64893780016018,15.98800815750974,12.464073433100879,3.5239347244088606,320.1313560859703,214.12731090621722,0.36785244904163555,13.685001918247767,12644343900.0,66.80588679016839,84.78047458959927,-0.0663030068235908,-0.0686033118290163,0.03820836997704149,0.04115620917835949
2022-08-08,290.42333984375,305.20001220703125,289.086669921875,295.0,98994000,269.9333335876465,249.53593383789064,285.97564075423423,270.7526177986059,69.93723098271872,15.223022955628323,13.015863337606369,2.2071596180219544,321.5477120312202,218.3189551440727,0.355442358533186,14.175478254045759,12743337900.0,66.93921710270233,75.7516833276987,0.007819434052879659,0.007789020718917544,0.034119820991962056,0.06506593957164508
2022-08-09,283.3333435058594,292.39666748046875,279.35333251953125,290.2933349609375,86244600,272.44650039672854,250.48440063476562,285.5691334852535,271.6845234065506,65.22145504048846,13.884610078702849,13.189612685825665,0.694997392877184,321.3256092469305,223.56739154652652,0.3450289912608974,14.594288417271205,12657093300.0,48.462171496147114,60.73575846300596,-0.024412625864385085,-0.0247155543645267,0.03486631507438616,0.08198816341667037
2022-08-10,294.3566589355469,297.510009765625,283.3699951171875,297.0666809082031,94918800,275.31233367919924,251.30733367919922,286.9210604776063,273.36394085314294,60.83489706255578,13.557119624463382,13.26311407355321,0.2940055509101729,322.12825288537744,228.49641447302105,0.31808975801990697,13.766431535993304,12752012100.0,66.4302675949259,60.610552064591786,0.03890581776676605,0.03816806100817755,0.03542455547952229,0.032749436290307576
2022-08-11,286.6300048828125,298.2366638183594,285.8333435058594,296.5133361816406,70155000,277.7281669616699,251.98486724853515,286.8762826937919,274.34661226274807,56.43909695513725,12.529670431043826,13.116425345051333,-0.586754914007507,321.3851021804654,234.07123174287437,0.304622227087806,13.932856968470983,12681857100.0,52.95589310539862,55.94944406549055,-0.026249292544206493,-0.026599955270312264,0.03640333941297226,0.05665837476092106
2022-08-12,300.0299987792969,300.1600036621094,285.0333251953125,289.4166564941406,79657200,280.72633361816406,253.04966735839844,288.8999313223311,276.24908533804796,63.023835261638425,12.650845984283137,13.023309472897695,-0.37246348861455836,321.6430935882672,239.80957364806088,0.2727511257979352,14.531428745814733,12761514300.0,76.32390397870972,65.23668822634475,0.046750143628413676,0.045690263130780645,0.03731328431777754,-0.011210019994135068
2022-08-15,309.32000732421875,313.1333312988281,301.2300109863281,301.78668212890625,89359200,284.16500091552734,254.06940063476563,292.04148147646765,278.6987832629495,70.84780997278544,13.342698213518133,13.087187221021784,0.25551099249634923,322.3310215693429,245.99898026171175,0.2467736955263372,14.598096575055804,12850873500.0,91.72726994136046,73.66902234182294,0.03096359891583922,0.030493897831355556,0.03747209468816818,-0.06273980598271589
2022-08-16,306.5633239746094,314.6666564941406,302.8833312988281,311.6666564941406,88136400,287.21666717529297,255.5103338623047,294.27561109156636,280.76282331566506,64.72097561101722,13.512787775901302,13.172307331997688,0.34048044390361376,321.98456684748203,252.4487675031039,0.2268236083913851,14.220714024135045,12762737100.0,80.64490734102549,82.89869375369857,-0.008912075793144236,-0.008952025876518947,0.037748528950400116,-0.032978456850239035
2022-08-17,303.9966735839844,309.65667724609375,300.0333251953125,303.39666748046875,68766000,290.0415008544922,256.8246673583984,295.771159167323,282.4838492614665,61.07188520484847,13.287309905856489,13.195307846769449,0.09200205908704007,320.0814524398241,260.0015492691603,0.1976334229659446,14.158096313476562,12693971100.0,70.00003431959749,80.79073720066116,-0.008372333511224461,-0.008407578354357605,0.03801262873851605,-0.022697596704386758
2022-08-18,302.8699951171875,306.5,301.85333251953125,306.0,47500500,291.59966735839845,258.10433380126955,296.86328777499443,283.99393413966806,53.20699912142709,12.869353635326377,13.130117004480836,-0.26076336915445886,320.8580091721337,262.3413255446632,0.19320726572742533,13.117143903459821,12646470600.0,66.59430478393656,72.41308214818652,-0.0037062197211366055,-0.0037131047703819653,0.032136260051403034,-0.022451837100395777
2022-08-19,296.6666564941406,300.3599853515625,292.5,299.0,61395300,292.82083282470705,259.2003335571289,296.8330368087092,284.93265431407343,49.679803950513154,11.900382494635778,12.884170102511824,-0.9837876078760459,320.68298422344606,264.95868142596805,0.18783473497156766,12.652380807059151,12585075300.0,49.027738047450725,61.874025716994936,-0.020481852686155544,-0.02069451464936621,0.03266974042366685,-0.02891009140563594
2022-08-22,289.913330078125,292.3999938964844,286.2966613769531,291.913330078125,55843200,293.89483337402345,260.2044668579102,295.7684665424655,285.30159325955873,44.59303691161426,10.46687328290676,12.400710738590812,-1.933837455684051,319.3509079680108,268.4387587800361,0.17561161873534772,12.309759957449776,12529232100.0,29.903720096945435,48.50858764277759,-0.022764022407583906,-0.023027123255798403,0.03299265665938305,-0.01756843244335715
2022-08-23,296.4533386230469,298.82666015625,287.92333984375,291.4533386230469,63984900,295.77450103759764,261.48893371582034,295.8738314779396,286.127648471669,44.44105807321325,9.746183006270599,11.869805192126769,-2.1236221858561706,315.16792421949214,276.38107785570315,0.13083626092370684,12.448331560407366,12593217000.0,48.42366613612035,42.451708093505516,0.0225584954757323,0.02230781558771273,0.03182202208873078,-0.06325894828211498
2022-08-24,297.0966796875,303.64666748046875,296.5,297.5633239746094,57259800,296.8883346557617,263.11613403320314,296.0619619717181,286.94016930247125,44.104125154992495,9.121792669246872,11.32020268755079,-2.1984100183039175,313.5859105334083,280.1907587781151,0.11240499823296507,12.347379411969866,12650476800.0,50.24547442836006,42.85762022047529,0.002170125887066332,0.0021677745650455194,0.029139504496397642,-0.07232222978236647
2022-08-25,296.07000732421875,302.9599914550781,291.6000061035156,302.3599853515625,53230000,297.64683532714844,264.6197341918945,296.06319971825667,287.61645360037846,55.0382617959795,8.446746117878206,10.745511373616274,-2.2987652557380684,312.570353290546,282.7233173637509,0.10081073796208741,11.509521484375,12597246800.0,47.33815150404298,48.66909735617448,-0.003455684406709514,-0.0034616690754643124,0.028876615232532477,-0.06387004152501508
2022-08-26,288.0899963378906,302.0,287.4700012207031,297.42999267578125,57163900,297.19383544921874,265.72153411865236,294.8365530443542,287.6515308401942,48.6131964544446,7.1850222041600205,10.033413539725025,-2.8483913355650046,312.7187643816068,281.6689065168307,0.10777832711816479,11.330950055803571,12540082900.0,24.740417595335174,40.774681175912754,-0.026953121859416895,-0.02732301898385137,0.026534506382375964,-0.062063956090449124
2022-08-29,284.82000732421875,287.739990234375,280.70001220703125,282.8299865722656,41864700,296.5710021972656,267.1559341430664,293.2955460104872,287.44178835752933,50.925616628698734,5.853757652957881,9.197482362371597,-3.3437247094137152,313.05198053120216,280.09002386332907,0.1157290773830771,10.927139282226562,12498218200.0,12.129532379593288,28.06936715965716,-0.01135058160727187,-0.011415491099770154,0.02662679290088768,-0.036514267358492725
2022-08-30,277.70001220703125,288.4800109863281,272.6499938964844,287.8699951171875,50541800,295.4266693115234,268.37473449707034,290.89623311764785,286.7201753093443,39.099531264991214,4.17605780830354,8.193197451557985,-4.0171396432544455,313.80289132388856,277.0504472991583,0.1323458495109123,11.045235770089286,12447676400.0,12.019084806389126,16.296344927105874,-0.0249982267189629,-0.02531598923616216,0.026927181049949674,0.02160604874416383
2022-08-31,275.6099853515625,281.25,271.80999755859375,280.6199951171875,52107300,293.83733520507815,269.14620086669925,288.5445026920963,285.89719827543456,42.213840787479796,2.6473044166617115,7.084018844578731,-4.436714427917019,313.3196172628213,274.355053147335,0.14137573450317434,10.833570207868304,12395569100.0,8.866738302197035,11.005118496059827,-0.007526203685978228,-0.007554668468041173,0.02621425379857798,0.04952659605801579
2022-09-01,277.1600036621094,277.5799865722656,266.1499938964844,272.5799865722656,54287000,292.2636688232422,269.9676675415039,286.7930413028675,285.2499986744475,30.591261497021733,1.5430426284199825,5.975823601346981,-4.432780972926999,311.7982002548775,272.7291373916069,0.14096212421363782,10.569521222795759,12449856100.0,22.693254597297756,14.526359235294649,0.005623955563764049,0.005608200169827373,0.026246049963161457,0.08125266530565645
2022-09-02,270.2099914550781,282.3500061035156,269.0799865722656,281.07000732421875,50890100,291.36566772460935,270.67046722412107,284.24180286474603,284.1359240656053,15.436319077989651,0.10587879914072573,4.801834640905731,-4.695955841765005,313.2075331895868,269.5238022596319,0.16166586103910677,10.581427437918526,12398966000.0,8.36825400003132,13.309415633175378,-0.02507581222110289,-0.025395567131662106,0.02253780797685938,0.1266053182875868
2022-09-06,274.4200134277344,275.989990234375,265.739990234375,272.67999267578125,55860000,290.5655014038086,271.2447341918945,282.730758335975,283.4162269813186,22.304617854973472,-0.6854686453435761,3.7043739836558696,-4.389842628999446,313.6877420441809,267.4432607634363,0.1685171598933785,10.47190420968192,12454826000.0,19.764749537790834,16.94208604503998,0.015580556255471167,0.015460425583855752,0.02279872350562878,0.06453607823228924
2022-09-07,283.70001220703125,283.8399963378906,272.2699890136719,273.1000061035156,50028900,290.5838348388672,272.02033447265626,282.8798743161375,283.43724810914915,34.32531404910232,-0.5573737930116636,2.852024428322363,-3.4093982213340266,313.6825004182418,267.4851692594926,0.16283866468442906,10.610951014927455,12504854900.0,44.062850022578324,24.065284520133503,0.03381677109982606,0.03325755641840769,0.023569601116769107,0.06665481963649555
2022-09-08,289.260009765625,289.5,279.760009765625,281.29998779296875,53713100,290.3290023803711,273.15226806640624,283.86143361605866,283.86856378740663,40.16289155983772,-0.007130171347967007,2.280193508388297,-2.287323679736264,313.3647831955061,267.2932215652361,0.15927387151649425,10.974759783063616,12558568000.0,62.0471675159902,41.95825569211979,0.01959815762903916,0.019408586563541073,0.02226559544319799,0.0500933061784643
2022-09-09,299.67999267578125,299.8500061035156,291.25,291.6700134277344,54338100,290.9815017700195,274.5760678100586,286.2950580867852,285.039780742101,52.052865844109625,1.2552773446842025,2.075210275647478,-0.8199329309632755,314.3135105825006,267.6494929575384,0.15571282289587882,10.990474155970983,12612906100.0,89.53568317309686,65.21523357055513,0.03602289482946186,0.035389242849343666,0.02284238536030883,0.012246441262112828
2022-09-12,304.4200134277344,305.489990234375,300.3999938964844,300.7200012207031,48674600,291.2010025024414,276.1750015258789,289.08351275462354,286.4753535336294,60.16157448446644,2.608159220994139,2.18180006471681,0.426359156277329,314.96994377301553,267.43206123186724,0.1561588609299277,10.664760044642858,12661580700.0,97.30823444625483,82.96369504511397,0.01581694096302666,0.015693156705112052,0.02062644869663687,0.015274928360083706
2022-09-13,292.1300048828125,297.3999938964844,290.3999938964844,292.8999938964844,68229600,290.3415023803711,277.47233489990236,289.552203851268,286.89421659653186,47.197375633348,2.657987254736156,2.2770375027206793,0.38094975201547676,312.54326667173166,268.1397380890105,0.1519992052871582,10.887381417410714,12593351100.0,66.38997395666316,84.41129719200495,-0.04037188096320543,-0.041209445573060305,0.021315462235979923,0.056824036648254195
2022-09-14,302.6099853515625,306.0,291.6400146484375,292.239990234375,72628700,290.1438354492187,278.86320129394534,291.56109331285177,288.05834761542303,53.16977841926146,3.502745697428736,2.5221791416622907,0.9805665557664454,311.8012097280282,268.48646117040926,0.14313720846751724,11.399285452706474,12665979800.0,91.57969739925952,85.09263526739251,0.03587437200418364,0.035245873940170286,0.022914333886965253,-0.0059812882793373046
2022-09-15,303.75,309.1199951171875,300.7200012207031,301.8299865722656,64795500,290.13150177001955,280.30353454589846,293.4363097262592,289.2206922365028,54.409730001345544,4.215617489756369,2.8608668112811064,1.3547506784752623,311.75591480179133,268.5070887382478,0.14238296646434095,11.187857491629464,12730775300.0,87.62103616039163,81.86356917210476,0.003767273730617582,0.0037601953268899466,0.02285273118935184,-0.0499094770769033
2022-09-16,303.3500061035156,303.7099914550781,295.6000061035156,299.6099853515625,87087800,290.15550231933594,281.47966796875,294.9614937842986,290.2673080785038,59.59748303978627,4.694185705794837,3.2275305901838527,1.4666551156109842,311.8404255738516,268.4705790648203,0.14296965761138533,10.732142857142858,12643687500.0,86.69896642444829,88.63323332803316,-0.0013168523341049454,-0.0013177201460770078,0.02283743590819994,-0.09236861370521421
2022-09-19,309.07000732421875,309.8399963378906,297.79998779296875,300.0899963378906,60231200,290.77566986083986,282.64580139160154,297.13203432890174,291.6601006152234,64.79559384296769,5.471933713678311,3.6764112148827444,1.7955224987955667,313.90592675491723,267.6454129667625,0.14967648976572104,11.064287458147321,12703918700.0,98.25399340569926,90.85799866351306,0.018856110452001085,0.018680537647816527,0.022644141087416903,-0.10696604903468798
2022-09-20,308.7300109863281,313.3299865722656,305.5799865722656,306.9100036621094,61642800,291.71650390625,284.1335348510742,298.9163384300443,292.9245384204904,70.63986166119628,5.991800009553856,4.139488973816967,1.8523110357368893,316.19077862917646,267.24222918332356,0.1585480766494727,10.487143380301339,12642275900.0,90.33415435844783,91.76237139619847,-0.0011000625419275156,-0.001100668054834369,0.021887930808787193,-0.08353580030178531
2022-09-21,300.79998779296875,313.79998779296875,300.6300048828125,308.2900085449219,62555700,291.93383636474607,285.4881344604492,299.20613063972496,293.507905040674,65.54745118356941,5.698225599050943,4.451236298863762,1.246989300187181,316.6611087309701,267.20656399852203,0.16441006229856,10.753570556640625,12579720200.0,72.95047719284594,87.17954165233101,-0.025685948599634356,-0.026021592607865372,0.022316956386289766,-0.043184809712544237
2022-09-22,288.5899963378906,301.2900085449219,285.82000732421875,299.8599853515625,70545400,291.5085021972656,286.5191345214844,297.5728792086735,293.1436155071345,56.2343117599324,4.429263701539014,4.446841779398813,-0.017578077859798924,316.1543671245581,266.8626372699731,0.1708019352024685,11.042142595563616,12509174800.0,47.54475086100853,70.27646080410078,-0.040591728559117746,-0.041438568478665415,0.024167109005246688,-0.07061923539078918
2022-09-23,275.3299865722656,284.5,272.82000732421875,283.0899963378906,63748400,290.471501159668,287.25946746826173,294.1508957261492,291.82408743788494,52.612774511966194,2.3268082882642602,4.022835081171903,-1.6960267929076425,316.03738402329253,264.90561829604343,0.18571084960202325,11.220711844308036,12445426400.0,19.954217280180174,46.81648177801156,-0.04594757245188685,-0.04703665354268194,0.02616362391823318,-0.036610565735163525
2022-09-26,276.010009765625,284.0899963378906,270.30999755859375,271.8299865722656,58076900,289.8675018310547,287.97833435058595,291.35999019376084,290.6526742769768,50.841712866287914,0.7073159167840117,3.3597312482943247,-2.652415331510313,316.22869781733345,263.50630584477597,0.191016231684231,11.472854614257812,12503503300.0,13.106492266799428,26.868486802662716,0.0024698479153155706,0.0024668028538151034,0.025584318447192576,-0.12177100351425918
2022-09-27,282.94000244140625,288.6700134277344,277.510009765625,283.8399963378906,61925200,289.77350158691405,288.826201171875,290.06460746262934,290.0813652521197,49.58739984945055,-0.01675778949038431,2.684433440737383,-2.701191230227767,316.22373860408834,263.32326456973976,0.18696710814266598,11.550711495535714,12565428500.0,29.04117663502988,20.700628727336497,0.02510775852537339,0.024797737333229056,0.026162351826494984,-0.11839965968381394
2022-09-28,287.80999755859375,289.0,277.57000732421875,283.0799865722656,54664800,290.2790008544922,289.67180114746094,289.71774440047,289.91311579334,49.206863757452034,-0.19537139287001537,2.1084724740159033,-2.3038438668859187,316.1375107795275,264.42049092945695,0.17969153361165546,11.671425955636161,12620093300.0,40.23914446815719,27.462271123328836,0.017212112374233923,0.017065662059063912,0.02573907580982076,-0.16330217990579532
2022-09-29,268.2099914550781,283.6499938964844,265.7799987792969,282.760009765625,77620600,289.909001159668,290.0860009765625,286.4088593319482,288.30547695346877,34.35730028783364,-1.8966176215205905,1.3074544549086047,-3.2040720764291954,316.8407676051161,262.97723471421983,0.2008259744488966,12.488568987165179,12542472700.0,5.060377408747008,24.78023283731136,-0.06810050474193607,-0.07053030781738932,0.03012279855592845,-0.11215088002157314
2022-09-30,265.25,275.57000732421875,262.4700012207031,266.1499938964844,67726600,289.3135009765625,289.95686767578127,283.15365020395615,286.5976638458044,30.1791304997967,-3.444013641848244,0.35716083555723493,-3.8011744774054788,317.9076012146811,260.71940073844394,0.21560113280391016,13.009283883231026,12474746100.0,5.415935138281902,16.90515233839537,-0.011036096899372572,-0.011097446407076914,0.030162575628505262,-0.15901976503593307
2022-10-03,242.39999389648438,255.16000366210938,241.00999450683594,254.5,98363500,287.9230010986328,289.36000061035156,276.88385692588355,283.323762368077,27.265246713924768,-6.439905442193435,-1.002252419992899,-5.437653022200536,322.50614415489076,253.33985804237486,0.28533947134525506,13.739282880510602,12376382600.0,1.9096023050384723,4.128638284022466,-0.08614516909902215,-0.09008354847845335,0.03530109814143347,-0.08019796894433473
2022-10-04,249.44000244140625,257.5,242.00999450683594,250.52000427246094,109578500,286.6740005493164,288.9801342773437,272.6617254667332,280.8138542253606,24.903258775729654,-8.152128758627441,-2.4322276877198075,-5.719901070907634,324.9207917721475,248.42720932648535,0.30666124798339256,13.819998604910714,12485961100.0,11.58127313093254,6.3022701914176436,0.029042940273044104,0.02862918608137619,0.03583465812841285,-0.13205581349825357
2022-10-05,240.80999755859375,246.6699981689453,233.27000427246094,245.00999450683594,86982700,284.52949981689454,288.6191345214844,267.76145963471174,277.8506055833779,22.253580470315768,-10.089145948666157,-3.9636113399090775,-6.12553460875708,327.9395773040627,241.11942232972638,0.36053384765809526,14.374998910086495,12398978400.0,9.362963900419828,7.617946445463619,-0.034597517632881325,-0.035210184423729626,0.035282216541892286,-0.09787796314268327
2022-10-06,238.1300048828125,244.5800018310547,235.35000610351562,239.44000244140625,69298400,281.9729995727539,287.88533447265627,263.2027742882657,274.9083388648175,21.81504877139554,-11.705564576551808,-5.512001987237624,-6.193562589314184,329.98810019338936,233.95789895211848,0.40326795982106006,14.452141898018974,12329680000.0,6.035019998549436,8.99308567663394,-0.011129075632041241,-0.011191467132615623,0.0347017795647535,-0.06891195282251383
2022-10-07,223.07000732421875,234.57000732421875,222.02000427246094,233.94000244140625,83916800,278.14250030517576,286.7287347412109,257.02850244764306,271.0684624544028,15.611015219938935,-14.039960006759713,-7.217593591142042,-6.8223664156176715,332.06926812276583,224.21573248758565,0.4834963558252885,14.742855616978236,12245763200.0,1.1440436263662586,5.514009175111846,-0.06324275500689214,-0.06533110715825653,0.03500691884523324,-0.08105079677868343
2022-10-10,222.9600067138672,226.99000549316406,218.36000061035156,223.92999267578125,67925000,274.0694999694824,285.2449349975586,251.78719541167754,267.504873140289,15.639782670913164,-15.717677728611477,-8.91761041863593,-6.800067309975548,331.80988195791076,216.32911798105408,0.5179438486699429,14.805713108607701,12177838200.0,4.819789104398834,3.999617576438181,-0.0004931214719139376,-0.0004932430962923407,0.0344600949336244,-0.016191247316315382
2022-10-11,216.5,225.75,215.0,220.9499969482422,77013200,270.2879997253418,283.629401550293,246.3583961175733,263.7267343891565,15.826183945871932,-17.368338271583184,-10.607755989225382,-6.760582282357802,332.76046311587777,207.81553633480587,0.5771128257786231,14.632857186453682,12100825000.0,1.7383240832589892,2.5673856046746986,-0.02897383620084637,-0.02940186584357689,0.034108629076937756,0.017043891184324478
2022-10-12,217.24000549316406,219.3000030517578,211.50999450683594,215.3300018310547,66860700,266.0195007324219,281.96246826171875,241.87864371381804,260.28327298945334,18.110322352662948,-18.4046292756353,-12.167130646507367,-6.237498629127934,330.8160544160752,201.2229470487686,0.5965434730730779,14.084286281040736,12167685700.0,7.3945161699074395,4.650876452521759,0.003418039229395209,0.003412211010253521,0.03232097803365806,0.022095321633196052
2022-10-13,221.72000122070312,222.99000549316406,206.22000122070312,208.3000030517578,91483000,261.91800079345705,280.2489349365234,238.77731409949266,257.42673433991627,23.998461833052602,-18.64942024042361,-13.463588565290616,-5.185831675132993,327.04254148458557,196.79346010232854,0.5874484965955116,14.155715942382812,12259168700.0,18.724329824089438,9.285723359085294,0.020622332969329804,0.02041257160441261,0.033072456915196766,-0.06512719809627132
2022-10-14,204.99000549316406,226.25999450683594,204.16000366210938,224.00999450683594,94124500,257.00000076293946,278.17606842041016,233.57926662159596,253.5425322031198,20.19472694227406,-19.963265581523842,-14.763523968537262,-5.19974161298658,323.78508994338245,190.21491158249646,0.651593613257112,14.750001089913505,12165044200.0,0.9783143173878414,9.032386770461578,-0.07545550981161053,-0.07845410579918498,0.03551328963955343,0.04609979362412053
2022-10-17,219.35000610351562,221.86000061035156,209.4499969482422,210.0399932861328,79428800,252.5140007019043,276.79966827392576,231.39014961881438,251.00975249203802,24.87951621035849,-19.61960287322364,-15.734739749474539,-3.8848631237491027,316.56978434085374,188.45821706295487,0.5840508945207892,15.050714765276227,12244473000.0,17.904294079328192,12.53564607360183,0.07005219876844393,0.06770743117966126,0.039938888134872265,-0.03692731195864696
2022-10-18,220.19000244140625,229.82000732421875,217.25,229.5,75891900,248.0870002746582,275.3950015258789,229.66705005305928,248.72680804384308,22.409013216824917,-19.059757990783794,-16.39974339773639,-2.6600145930474035,307.88062012298406,188.29338042633233,0.5431093072832611,15.132144383021764,12320364900.0,20.166059565274836,13.016222653996962,0.003829479437051919,0.003822165646732409,0.040052216333946664,0.010127597542183953
2022-10-19,222.0399932861328,222.92999267578125,217.77999877929688,219.8000030517578,66571500,244.1490005493164,274.16913452148435,228.49365670430137,246.75000695067936,27.970225625118545,-18.25635024637799,-16.77106476746471,-1.4852854789132799,299.5370028838671,188.76099821476575,0.4989011350146699,13.926429748535156,12386936400.0,25.03849419806191,21.03628261422165,0.008401793106927569,0.008366694500343838,0.040341788925046425,0.011709629715963343
2022-10-20,207.27999877929688,215.5500030517578,202.0,208.27999877929688,117798100,240.08350067138673,272.4276013183594,225.23001702353145,243.82630264168807,25.139375997689072,-18.596285618156628,-17.136108937603094,-1.4601766805535341,293.64301348725326,186.5239878555202,0.5167841869093648,14.422143118722099,12269138300.0,9.513511313877009,18.239355025737925,-0.0664744863679374,-0.06878698522005931,0.041625089295005746,0.08592241250231325
2022-10-21,214.44000244140625,214.66000366210938,203.8000030517578,206.4199981689453,75713800,237.03900146484375,270.9838012695312,223.57001478012756,241.6495396638894,36.14470111173473,-18.07952488376185,-17.324792126834847,-0.7547327569270017,289.0629765792262,185.0150263504613,0.48520774596239347,13.466428484235491,12344852100.0,22.41441881294073,18.98880810829322,0.03454266549727758,0.03395945997966481,0.04241721137333035,0.06565939969573509
2022-10-24,211.25,213.5,198.58999633789062,205.82000732421875,100446800,233.8010009765625,269.2082012939453,221.67462789087716,239.39772191100872,30.324571224385053,-17.723094020131555,-17.404452505494188,-0.3186415146373669,283.6269857470687,183.9750162060563,0.47172529960242565,13.492142813546318,12244405300.0,26.33112142202336,19.419683849613705,-0.014875967194030837,-0.014987724107085643,0.04229266906679004,0.07711239425388317
2022-10-25,222.4199981689453,224.35000610351562,210.0,210.10000610351562,96507900,230.77500076293944,267.47020111083987,221.7893002413492,238.14011274492995,40.767143842282394,-16.350812503580755,-17.1937245051115,0.8429120015307454,275.0807300259498,186.46927149992914,0.39839699332572304,13.362143380301339,12340913200.0,51.81560988088731,33.520383371950466,0.05287573097725584,0.051525211920993325,0.04401021516990416,0.024278433592880955
2022-10-26,224.63999938964844,230.60000610351562,218.1999969482422,219.39999389648438,85012500,227.6165008544922,265.8317346191406,222.22786934108754,237.14010434824243,43.19580000138037,-14.91223500715489,-16.73742660552018,1.82519159836529,262.8879706586474,192.34503105033696,0.314026619479955,13.588572910853795,12425925700.0,72.4013204468793,50.18268391659666,0.009981122376490958,0.009931639962148882,0.04379519963296323,-0.043002153171099566
2022-10-27,225.08999633789062,233.80999755859375,222.85000610351562,229.77000427246094,61638800,225.46050109863282,264.25360107421875,222.66819657136494,236.24750375488304,51.19497708347462,-13.579307183518097,-16.105802721119765,2.5264955376016687,255.10736589134714,195.8136363059185,0.2634223224048603,13.220715114048549,12487564500.0,75.24133753768947,66.48608928848536,0.00200319154854367,0.0020011878357876823,0.04177612277664563,-0.04344928223560751
2022-10-28,228.52000427246094,228.86000061035156,216.35000610351562,225.39999389648438,69152400,223.62400131225587,262.7666012573242,223.56847467922586,235.67509638581473,53.164843906823585,-12.106621706588868,-15.305966518213587,3.1993448116247194,246.7194577791596,200.52854484535214,0.20213071971911364,13.497857230050224,12556716900.0,84.98014450983882,77.54093416480254,0.015238384603380561,0.015123446596271723,0.042083730811406816,-0.0921144873892975
2022-10-31,227.5399932861328,229.85000610351562,221.94000244140625,226.19000244140625,61554300,222.8810012817383,261.3840679931641,224.17947754182694,235.07249615620864,56.70227852625137,-10.893018614381702,-14.42337693744721,3.5303583230655082,244.33060750768612,201.43139505579046,0.1885348234055262,13.295000348772321,12495162600.0,82.19760347538757,80.80636184097195,-0.004288512900427199,-0.004297734947231046,0.03768817509731051,-0.13386653930667258
2022-11-01,227.82000732421875,237.39999389648438,227.27999877929688,234.0500030517578,62688800,221.8000015258789,260.14220153808594,224.73955904681029,234.53527476124643,56.45909684526873,-9.795715714436142,-13.497844692844998,3.7021289784088562,239.45785299602997,204.14215005572785,0.155015809871532,13.461427961077009,12557851400.0,75.3156733427893,80.8311404426719,0.0012306146011606955,0.0012298580156588981,0.036970246464256104,-0.16030200640143089
2022-11-02,214.97999572753906,227.8699951171875,214.82000732421875,226.0399932861328,63070300,220.50850143432618,258.51273468017575,223.2380877669224,233.0867355735644,46.26633966459927,-9.848647806641992,-12.768005315604398,2.919357508962406,235.95158364147807,205.0654192271743,0.14366994617233236,13.195712498256139,12494781100.0,42.23138474688429,66.58155385502039,-0.05636033352596026,-0.05801089494975556,0.038221444844930105,-0.17392315625978383
2022-11-03,215.30999755859375,221.1999969482422,210.13999938964844,211.36000061035156,56538800,219.36750106811525,256.87700103759767,222.0183815810257,231.76994016504804,56.98618176290689,-9.751558584022348,-12.16471596928799,2.4131573852656416,232.53277568949116,206.20222644673933,0.1222913452292726,12.407141549246651,12551319900.0,43.08168583373172,53.542914641135106,0.0015350350619269815,0.0015338580999043428,0.038218676860941256,-0.1142074061433157
2022-11-04,207.47000122070312,223.8000030517578,203.0800018310547,222.60000610351562,98622200,218.58750076293944,255.10500091552734,219.78016921789916,229.96994468768915,41.17909106285286,-10.189775469789993,-11.76972786938839,1.5799523995983975,232.64726122985434,204.52774029602455,0.13553535821266377,12.682141985212054,12452697700.0,22.880714870381077,36.064595150332366,-0.03641259777431871,-0.03709208198225607,0.036472642893235825,-0.05542970035348138
2022-11-07,197.0800018310547,208.89999389648438,196.66000366210938,208.64999389648438,93916500,217.29350051879882,253.28480102539064,216.28783577376925,227.53365262423475,34.972043418354986,-11.245816850465502,-11.664945665603813,0.41912881513831124,234.14536329395793,200.44163774363972,0.17101545178191377,12.6585693359375,12358781200.0,1.0309235876561975,22.331108097256337,-0.05007952633400592,-0.05137700982212229,0.037950134471932885,-0.03110414464105493
2022-11-08,191.3000030517578,195.1999969482422,186.75,194.02000427246094,128803400,216.03350067138672,251.4144009399414,212.4435538165367,224.84967858182904,30.982445032243845,-12.406124765292333,-11.813181485541518,-0.5929432797508145,236.51306866848503,195.5539326742884,0.21410943722313894,13.028569902692523,12229977800.0,8.98322527139297,10.964954576476751,-0.02932818513088775,-0.029766854567743133,0.037961771117120374,0.016309435794119365
2022-11-09,177.58999633789062,195.88999938964844,177.1199951171875,190.77999877929688,127062700,214.05100021362304,249.4122006225586,207.08146805059116,221.34896137857433,31.390257100238784,-14.267493327983175,-12.30404385402985,-1.9634494739533253,240.76607209077181,187.33592833647427,0.3008623506733959,12.93785640171596,12102915100.0,0.7796967986282536,3.5979485525591444,-0.07166757185130745,-0.07436539035358274,0.040653198792968956,0.052536753327608654
2022-11-10,190.72000122070312,191.0,180.02999877929688,189.89999389648438,132703000,212.50100021362306,247.7144009399414,204.56431930753146,219.08014951502832,36.16749064199638,-14.515830207496862,-12.746401124723253,-1.769429082773609,240.88751850448133,184.11448192276478,0.29767741305757556,13.119999476841517,12235618100.0,22.561390807394847,10.774770959138694,0.07393437216942544,0.07132888823212645,0.04429813581749224,-0.03958684460693174
2022-11-11,195.97000122070312,196.52000427246094,182.58999633789062,186.0,114403600,212.05,246.09060089111327,203.24211652494247,217.36828667841164,41.29841099475233,-14.126170153469161,-13.022354930472435,-1.103815222996726,241.21491894247805,182.88508105752197,0.29764677002407375,12.982856750488281,12350021700.0,31.270747320713184,18.203944975578768,0.027527264924482875,0.027155202242509627,0.04178293905110667,-0.08052252222790623
2022-11-14,190.9499969482422,195.72999572753906,186.33999633789062,192.77000427246094,92226600,210.62999954223633,244.50540100097658,201.3510212054501,215.41137632802872,30.728732359301773,-14.060355122578613,-13.229954968893672,-0.8304001536849412,241.0374306770864,180.22256840738626,0.3184857985946146,12.645713806152344,12257795100.0,22.942936481238224,25.591691536448753,-0.02561618738169713,-0.02594999483044167,0.038519060836867486,-0.12086934904382651
2022-11-15,194.4199981689453,200.82000732421875,192.05999755859375,195.8800048828125,91293800,209.34149932861328,242.90540069580078,200.28470996906475,213.85645942735587,31.773232083791115,-13.571749458291123,-13.298313866773164,-0.27343559151795915,240.2235234207438,178.45947523648277,0.3176836167367405,12.464999607631139,12349088900.0,28.6994084303341,27.63769741076184,0.018172303095892017,0.018009160285334423,0.038847733189558524,-0.12606724996230823
2022-11-16,186.9199981689453,192.57000732421875,185.66000366210938,191.50999450683594,66567600,207.58549957275392,240.96980041503906,198.22860046135406,211.86116600080695,28.782671722096453,-13.632565539452884,-13.365164201309108,-0.26740133814377565,239.40695367211796,175.76404547338987,0.3404820715930312,12.307856968470983,12282521300.0,16.257470554165046,22.633271821912462,-0.03857627852399581,-0.03934004993858786,0.03938060407245985,-0.019901568891204757
2022-11-17,183.1699981689453,186.16000366210938,180.89999389648438,183.9600067138672,64336000,206.37999954223633,238.84800018310546,195.9118924163681,209.73589430955795,24.880923359435428,-13.824001893189859,-13.45693173968526,-0.36707015350459926,240.02468236710385,172.73531671736882,0.3673601917475112,11.844286237444196,12218185300.0,10.03650161608052,18.331126866859893,-0.020062058831236462,-0.020266034660649707,0.03704103713466556,-0.0016924035687756467
2022-11-18,180.19000244140625,185.19000244140625,176.5500030517578,185.0500030517578,76048900,204.66749954223633,236.45820037841796,193.4931401125278,207.5473097267319,24.34162078767642,-14.054169614204085,-13.576379314589026,-0.4777902996150587,240.02769547447525,169.3073036099974,0.3924767795453831,11.896428789411273,12142136400.0,5.981922657764987,10.758631609336854,-0.016269016527425406,-0.016402810087859467,0.0358733477178195,0.015150650372108165
2022-11-21,167.8699951171875,176.77000427246094,167.5399932861328,175.85000610351562,92882700,202.4984992980957,233.72720001220702,189.55111780555237,204.60824938528415,21.26354324763153,-15.057131579731788,-13.872529767617578,-1.1846018121142095,241.31186432178023,163.68513427441118,0.46242170909208047,12.077144077845983,12049253700.0,0.5469945649485297,5.521806279598017,-0.06837231343190053,-0.07082202204033466,0.038319937592558785,0.07720263948789663
2022-11-22,169.91000366210938,170.9199981689453,166.19000244140625,168.6300048828125,78452300,199.8729995727539,231.28279998779297,186.52940793733038,202.03800896134527,25.900983845895198,-15.508601024014894,-14.199744018897043,-1.3088570051178507,240.09094830369918,159.65505084180865,0.47340295290587453,11.48285893031529,12127706000.0,6.4572143399181465,4.328710520877226,0.012152311933396831,0.012079065403443036,0.03575883589785066,0.1459007283375222
2022-11-23,183.1999969482422,183.6199951171875,172.5,173.57000732421875,109536700,197.8009994506836,228.89460021972656,186.01719086208604,200.64260066407837,34.92063696340546,-14.625409801992333,-14.284877175516103,-0.3405326264762305,236.90078326234388,158.70121563902333,0.42685354217234817,11.672144208635602,12237242700.0,29.526114088400586,12.176774331089092,0.07821783885404354,0.07530952893106566,0.04092521050447958,0.06277292680986779
2022-11-25,182.86000061035156,185.1999969482422,180.6300048828125,185.05999755859375,50672700,195.68949966430665,226.4768002319336,185.53146928489613,199.32537103046897,37.56694123317146,-13.793901745572839,-14.186682089527451,0.3927803439546125,233.1092880272138,158.2697113013995,0.4092725389697811,10.518572126116071,12186570000.0,39.03067549448779,25.004667974268845,-0.0018558752377418886,-0.0018575995078746789,0.04087793019479924,0.06562397440635626
2022-11-28,182.9199981689453,188.5,179.0,179.9600067138672,92905200,193.40949935913085,224.0682000732422,185.12970449782676,198.11015822591168,42.012634626678434,-12.98045372808491,-13.945436417238945,0.9649826891540343,227.8444655941248,158.97453312413688,0.37650302405087227,10.322858537946429,12279475200.0,48.31069410376941,38.955827895552595,0.0003281065208000644,0.00032805270562665304,0.0405367110736998,-0.0025694359578389836
2022-11-29,180.8300018310547,186.3800048828125,178.75,184.99000549316406,83357100,191.07399978637696,221.5033999633789,184.46821177986183,196.83014664110746,43.83755166069827,-12.36193486124563,-13.628736106040282,1.266801244794653,221.9102557895597,160.23774378319422,0.3410524325713644,10.130001613071986,12196118100.0,42.275475960131274,43.2056151861295,-0.011425739989130657,-0.011491515256992131,0.040512509898873346,-0.005585325978039624
2022-11-30,194.6999969482422,194.75999450683594,180.6300048828125,182.42999267578125,109186400,189.41799926757812,219.2227996826172,186.04233257499726,196.6723577749693,60.0516980794476,-10.630025199972039,-13.028993924826635,2.398968724854596,215.06617261580024,163.769825919356,0.2634635208036522,9.798571995326451,12305304500.0,82.32743426543001,57.63786810977691,0.07670184691003823,0.07390252318127676,0.04494901316029614,-0.10611198760111695
2022-12-01,194.6999969482422,198.9199981689453,191.8000030517578,197.0800018310547,80046200,188.40399932861328,217.10079986572265,187.37428094011187,196.5262569729895,52.76465403515037,-9.151976032877627,-12.253590346436834,3.1016143135592067,211.2472026270366,165.56079603018998,0.2346502686848608,9.349285670689174,12305304500.0,82.32743426543001,68.9767814969971,0.0,0.0,0.0434240173378479,-0.10919360472556949
2022-12-02,194.86000061035156,196.25,191.11000061035156,191.77999877929688,73645900,187.38149948120116,215.22619995117188,188.52593012014876,196.40283057575706,49.17027908936488,-7.8769004556083075,-11.378252368271129,3.5013519126628214,206.71482927021495,168.04816969218737,0.19843302605416027,8.721427917480469,12378950400.0,82.78947191932642,82.48144681672882,0.0008217959148295595,0.0008214584254523483,0.0434194776994829,-0.08113516118789277
2022-12-05,182.4499969482422,191.27000427246094,180.5500030517578,189.44000244140625,93122700,186.13049926757813,213.3686001586914,187.59117117062468,195.3692873440893,44.27840592886018,-7.7781161734646105,-10.658225129309827,2.880108955845216,203.08191950229315,169.17907903286311,0.18581990154292885,9.055713108607701,12285827700.0,46.95348603440866,70.69013073972171,-0.06368676805520912,-0.06580520897353867,0.04489143295840623,-0.08018629689631462
2022-12-06,179.82000732421875,183.64999389648438,175.3300018310547,181.22000122070312,92150800,185.26749954223632,211.44480010986328,186.39560750194684,194.21748882409887,40.05991734473024,-7.821881322152024,-10.090956367878267,2.269075045726243,201.61858776957732,168.91641131489533,0.18186061129293232,8.94499751499721,12193676900.0,41.643772262786335,57.1289100721738,-0.01441485156488942,-0.01451975486845227,0.043718506405995144,-0.10493832503272893
2022-12-07,174.0399932861328,179.3800048828125,172.22000122070312,175.02999877929688,84213300,184.40449905395508,209.2667999267578,184.494743776437,192.72285952499027,41.020632546656834,-8.228115748553279,-9.71838824401327,1.4902724954599904,201.2300517441491,167.57894636376105,0.19335271591894113,8.86214120047433,12109463600.0,23.984087593026263,37.527115296740426,-0.032143331123685615,-0.03267127201155782,0.04380989720145939,-0.09905763559776382
2022-12-08,173.44000244140625,175.1999969482422,169.05999755859375,172.1999969482422,97624500,184.19699935913087,206.97940002441408,182.7940143402784,191.29449974102107,42.90506280774534,-8.500485400742662,-9.474807675359148,0.9743222746164868,201.47273791171656,166.92126080654518,0.1992128495088324,8.870712280273438,12011839100.0,22.150934757618472,29.259598204477026,-0.003447430865732959,-0.003453386948248274,0.04080108987645295,-0.09092483885191693
2022-12-09,179.0500030517578,182.5,173.36000061035156,173.83999633789062,104872300,183.6134994506836,205.19620025634765,182.21801260358293,190.38749998626082,49.19943858687734,-8.169487382677886,-9.213743616822896,1.04425623414501,200.74933756168747,166.47766133967974,0.1914084090358873,8.906426565987724,12116711400.0,39.2911771728043,28.475399841149684,0.0323454827685834,0.03183338116095202,0.03775961185809194,-0.16096066368615347
2022-12-12,167.82000732421875,177.3699951171875,167.52000427246094,176.10000610351562,109794500,182.20599975585938,203.24760040283203,180.00293486829614,188.7158338631466,49.964350436882775,-8.712898994850462,-9.11357469242841,0.4006756975779471,199.68925882593243,164.72274068578633,0.2083572673941836,8.82642582484654,12006916900.0,4.980156112245411,22.140756014222735,-0.0627198857086465,-0.06477309340338366,0.03934405041673035,-0.10695990599233407
2022-12-13,160.9499969482422,175.0500030517578,156.91000366210938,174.8699951171875,175862700,180.70599975585938,201.61860046386718,177.0717136498263,186.6591052027833,44.02187866381725,-9.587391552957001,-9.208338064534129,-0.3790534884228727,200.07643746026193,161.33556205145683,0.24070131185689472,9.784283229282924,11831054200.0,9.616743190431151,17.962692158493628,-0.04093677795344208,-0.04179828130131225,0.03987135096750005,-0.14383345346647558
2022-12-14,156.8000030517578,161.6199951171875,155.30999755859375,159.25,140682300,178.825,199.76580047607422,173.95298894243115,184.4473198582629,29.939210636382214,-10.494330915831739,-9.46553663479365,-1.0287942810380883,199.82587990335637,157.8241200966436,0.2678683609007869,9.255712236676898,11690371900.0,3.4166601061138677,6.004519802930147,-0.025784367661833008,-0.02612261140486262,0.03957716049284351,-0.12264027648769538
2022-12-15,157.6699981689453,160.92999267578125,153.27999877929688,153.44000244140625,122334500,177.3625,198.10300048828125,171.44791343881795,182.46381454794306,31.011602932675615,-11.01590110912511,-9.775609529659944,-1.2402915794651665,199.99992837595755,154.72507162404247,0.28714947217417053,9.475712367466517,11812706400.0,9.6187542687565,7.550719188433845,0.005548438139381551,0.005533102257132837,0.03912505659358084,-0.20498509589752734
2022-12-16,150.22999572753906,160.99000549316406,150.0399932861328,159.63999938964844,139032200,175.7154998779297,196.34500030517577,168.1836184063135,180.07612426495018,27.825256926586448,-11.892505858636667,-10.19898879545529,-1.6935170631813783,201.18930930348301,150.24169045237636,0.33913080143799346,9.57928466796875,11673674200.0,0.3887119934989466,4.474708789456443,-0.047187179094365206,-0.04833680500131505,0.04003389331746116,-0.18025690588964083
2022-12-19,149.8699951171875,155.25,145.82000732421875,154.0,139390600,174.19949951171876,194.88100006103517,165.36613790029412,177.83863321696776,28.494020172607193,-12.472495316673644,-10.653690099698961,-1.818805216974683,202.05004006217408,146.34895896126343,0.37166266041015367,9.707855224609375,11534283600.0,7.627096970195974,5.878187744150478,-0.00239632976495896,-0.0023992055582815475,0.04002343962592994,-0.27203575079312714
2022-12-20,137.8000030517578,148.47000122070312,137.66000366210938,146.0500030517578,159563300,172.69599990844728,193.17779998779298,161.1251940774424,174.87280876028555,9.461385125814175,-13.747614682843164,-11.272475016327803,-2.4751396665153607,204.8927646626965,140.49923515419806,0.4672970107577731,9.570712498256139,11374720300.0,0.22853314103795716,2.748114034910964,-0.08053641461716088,-0.08396483835074355,0.041061516185459224,-0.18207549645598575
2022-12-21,137.57000732421875,141.25999450683594,135.88999938964844,139.33999633789062,145417400,171.07900009155273,191.59920013427734,157.50131919233107,172.10963828353985,9.43047930968703,-14.608319091208784,-11.939643831304,-2.6686752599047843,206.90836235162953,135.24963783147592,0.5208891524681799,9.445712498256139,11229302900.0,2.7833133160279706,3.546314475753972,-0.0016690545895901021,-0.0016704490129968075,0.040801899964547556,-0.11448721953089402
2022-12-22,125.3499984741211,136.6300048828125,122.26000213623047,136.0,210090300,168.18650016784667,189.76139999389648,152.5549621587603,168.64596126061994,7.857398120523129,-16.090999101859637,-12.769914885415128,-3.3210842164445094,208.90290603699952,127.47009429869384,0.6496435000365617,10.172141483851842,11019212600.0,4.47760649499182,2.496484317352587,-0.08882756559936855,-0.09302311928148893,0.038908465640351664,-0.017311513325573125
2022-12-23,123.1500015258789,128.6199951171875,121.0199966430664,126.37000274658203,166989700,165.20100021362305,187.79,148.03112206139394,165.27589016915763,8.96761265300833,-17.24476810776369,-13.664885529884842,-3.5798825778788483,209.94443843395914,120.45756199328696,0.72664941398208,9.692855834960938,10852222900.0,3.4009340191408803,3.553951276720228,-0.017550833466474902,-0.017706675474399133,0.03872218149482244,-0.12220871185775162
2022-12-27,109.0999984741211,119.66999816894531,108.76000213623047,117.5,208643400,161.51000022888184,185.87219985961914,142.04171843258274,161.11471300656234,7.743780715610399,-19.0729945739796,-14.746507338703793,-4.326487235275806,211.91942372724768,111.100576730516,0.9240957690814842,10.126427786690849,10643579500.0,0.46107451550803974,2.779871676546918,-0.1140885333144338,-0.12113825810398889,0.04385201101730245,0.04161320787373102
2022-12-28,112.70999908447266,116.2699966430664,108.23999786376953,110.3499984741211,221070500,158.10400009155273,183.7393997192383,137.5291462251812,157.5291786419631,12.378846718904427,-20.00003241678192,-15.79721235431942,-4.2028200624625,212.09509741598058,104.1129027671249,0.9580533717148411,10.157141549246651,10864650000.0,6.019392798350158,3.2938004443330313,0.03308891531476843,0.032553261278161744,0.04564719892362566,-0.021027440030460753
2022-12-29,121.81999969482422,123.56999969482422,117.5,120.38999938964844,221923300,154.46000022888182,181.77199966430663,135.1123544512801,154.8840542755084,21.32859104781474,-19.77169982422828,-16.59210984830119,-3.1795899759270867,207.88603429818335,101.0339661595803,0.877130753622411,10.494284493582589,11086573300.0,18.28710131998005,8.25585621127942,0.0808269069678893,0.07772640277207259,0.046125101764895975,-0.07190939220304937
2022-12-30,123.18000030517578,124.4800033569336,119.75,119.94999694824219,157777300,150.8840003967285,179.7947998046875,133.27660765957177,152.53560583326154,17.430334068936318,-19.258998173689776,-17.12548751337891,-2.133510660310865,202.51333898804333,99.25466180541369,0.838274694973279,10.1792847769601,11244350600.0,21.611461065769767,15.305985061366664,0.011164017515666869,0.011102159833173808,0.04647335078596825,-0.027683095093855914
2023-01-03,108.0999984741211,118.80000305175781,104.63999938964844,118.47000122070312,231402800,146.546000289917,177.81119979858397,129.40328316950243,149.2440793622141,16.681540379083458,-19.84079619271168,-17.668549249245466,-2.172246943466213,197.18769975676506,95.90430082306895,0.9369417239903397,10.679999215262276,11012947800.0,4.9140731493605765,14.937545178370137,-0.12242248574195735,-0.13058999220665155,0.05127000763538935,0.0994449597755871
2023-01-04,113.63999938964844,114.58999633789062,107.5199966430664,109.11000061035156,180389000,143.1055004119873,175.79519973754884,126.97816258798643,146.606740104987,23.207610622549126,-19.62857751700058,-18.06055490279649,-1.5680226142040894,192.81778910610973,93.39321171786486,0.8749082886505325,9.88928495134626,11193336800.0,15.795016979076836,14.106850398069065,0.05124885285593783,0.04997884108534127,0.05342513511630859,0.08430131892386594
2023-01-05,110.33999633789062,111.75,107.16000366210938,110.51000213623047,157986300,139.6314998626709,173.77699966430663,124.4184447033563,143.92031464075765,23.433208243811833,-19.501869937401352,-18.348817909717464,-1.1530520276838878,188.2394480265263,91.02355169881548,0.8810576359818765,9.901427677699498,11035350500.0,10.115343976485242,10.274811368307557,-0.029039097760312105,-0.02946907696009933,0.05341600384361364,0.11981150679233243
2023-01-06,113.05999755859375,114.38999938964844,101.80999755859375,103.0,220911100,136.58250007629394,171.5897996520996,122.67099129646975,141.63436522726403,25.019601104129293,-18.963373930794276,-18.471729113932827,-0.4916448168614487,183.7309828635188,89.43401728906909,0.8340435840322742,10.253571101597377,11256261600.0,19.00979805924993,14.973386338270677,0.024651090365942707,0.02435215499827936,0.05438981136163088,0.08261103988123364
2023-01-09,119.7699966430664,123.5199966430664,117.11000061035156,118.95999908447266,190284000,133.89899978637695,169.49239959716797,122.22468442671538,140.01478236917532,32.80262121202496,-17.790097942459937,-18.33540287963825,0.5453049371783116,178.240529810973,89.55746976178092,0.7404447068115202,10.218570164271764,11446545600.0,33.60778118195005,20.91097440589508,0.059349011404278285,0.057654579278002493,0.05713218642006678,0.09785429722458083
2023-01-10,118.8499984741211,122.76000213623047,114.91999816894531,121.06999969482422,167642500,130.8889995574951,167.36759963989257,121.7055019724701,138.4470205991713,32.59650151694866,-16.741518626701207,-18.01662602905084,1.275107402349633,170.21482051241824,91.56317860257198,0.6617723426136367,10.104999542236328,11278903100.0,36.51950188122171,29.71236037414057,-0.007681374256751861,-0.007711027963739906,0.05601206204243564,0.08355069779271385
2023-01-11,123.22000122070312,125.94999694824219,120.51000213623047,122.08999633789062,183810800,128.65899925231935,165.2615995788574,121.93850185681364,137.3190932378033,41.0464262846822,-15.380591380989642,-17.489419099438603,2.1088277184489606,164.026028483544,93.2919700210947,0.5740468898044836,9.74000004359654,11462713900.0,54.27124288414083,41.46617531577087,0.036769060182475055,0.036109204525613114,0.05631836759597381,0.032056459252643776
2023-01-12,123.55999755859375,124.12999725341797,117.0,122.55999755859375,169400900,126.78949928283691,163.18199966430663,122.18796273401058,136.29990096526925,41.408066132139616,-14.111938231258662,-16.813922925802615,2.7019846945439525,158.7592803347436,94.81971823093023,0.5174778517901184,9.865714481898717,11632114800.0,62.46408795051384,51.08494423862546,0.0027592625752506095,0.00275546279838757,0.056056104262064844,0.07979929431186505
2023-01-13,122.4000015258789,122.62999725341797,115.5999984741211,116.55000305175781,180714100,125.06949920654297,161.07359954833984,122.22058408660571,135.27027878457366,47.90691293418805,-13.04969469796795,-16.061077280235683,3.011382582267732,153.7759522725714,96.36304614051454,0.46905968477392634,9.340714045933314,11451400700.0,76.79972339242971,64.51168474236147,-0.009388119582672827,-0.009432465746951967,0.055957380133510794,0.1744280899343542
2023-01-17,131.49000549316406,131.6999969482422,125.0199966430664,125.69999694824219,186477000,123.7604995727539,159.40379974365234,123.64664891838392,134.99025854076555,55.3903846066881,-11.343609622381635,-15.117583748664874,3.773974126283239,148.29167369791958,99.22932544758822,0.3731260643447309,9.462142399379186,11637877700.0,99.29745245781496,79.52042126691951,0.07426473736900463,0.07163646233055776,0.05903688877776926,0.09430369897679425
2023-01-18,128.77999877929688,136.67999267578125,127.01000213623047,136.55999755859375,195680300,122.6879997253418,157.6731997680664,124.43639505083206,134.5302392991753,64.90457190181861,-10.093844248343231,-14.112835848600547,4.018991600257316,144.01257867940575,101.36342077127784,0.3311784307532105,9.124998910086495,11442197400.0,77.34443646834957,84.48053743953142,-0.020609982513142944,-0.020825332244057446,0.05838815193521371,0.1215250352914301
2023-01-19,127.16999816894531,129.99000549316406,124.30999755859375,127.26000213623047,170291900,121.5529998779297,156.06719970703125,124.85694937669564,133.9850362524916,61.29334300146501,-9.128086875795958,-13.11588605403963,3.9877991782436712,138.81547432666045,104.29052542919894,0.2714865879890564,8.957142421177455,11271905500.0,72.72728465948161,83.12305786188206,-0.012501946153228194,-0.012580752996881307,0.0583990101154656,0.26028156467803254
2023-01-20,133.4199981689453,133.50999450683594,127.3499984741211,128.67999267578125,138858100,121.33399963378906,154.79399963378907,126.1743414985802,133.9431815796363,59.48331942106524,-7.768840081056098,-12.046476859442924,4.277636778386826,137.82238903272548,104.84561023485264,0.2471651870067892,8.634284973144531,11410763600.0,90.65100383069573,80.24090831950899,0.0491468120625187,0.04797727392320426,0.056928044778816446,0.3333832734071509
2023-01-23,143.75,145.3800048828125,134.27000427246094,135.8699951171875,203119200,121.64299926757812,153.8429995727539,128.8782889603371,134.6696125737373,64.66561814254445,-5.791323613400209,-10.795446210234381,5.004122596834172,139.58047952149101,103.70551901366522,0.24956494266313592,9.150713784354073,11613882800.0,96.25888315407963,86.545723881419,0.07742468874848996,0.07457364612008015,0.05949714075372493,0.15937393851902182
2023-01-24,143.88999938964844,146.5,141.10000610351562,143.0,158699100,122.56999931335449,153.16899963378907,131.18778287253883,135.35260418973073,82.42434712961199,-4.164821317191894,-9.469321231625884,5.30449991443399,143.05017344629735,102.08982518041162,0.28466431607221515,8.212141854422432,11772581900.0,94.1597662369449,93.68988440724009,0.0009739087975544347,0.0009734348560736818,0.05537432027697594,0.20383627740264432
2023-01-25,144.42999267578125,146.41000366210938,138.07000732421875,141.91000366210938,192734300,123.63399887084961,152.24319946289063,133.2250459191915,136.02500333684557,80.67343272147643,-2.7999574176540705,-8.135448468831521,5.335491051177451,146.33205946744178,100.93593827425744,0.31431228619591695,8.302855900355748,11965316200.0,95.36807515755578,95.26224151619344,0.003752820129427681,0.0037457958683397114,0.05505242948780235,0.256041077765208
2023-01-26,160.27000427246094,161.4199981689453,154.75999450683594,159.97000122070312,234815100,126.1924991607666,151.52919952392577,137.38580874277142,137.82092933207633,89.79754436860304,-0.4351205893049155,-6.5953828929262,6.160262303621285,153.1320046268871,99.25299369464611,0.33617651148649136,9.053570883614677,12200131300.0,98.07080374821305,95.86621504757125,0.10967259156647335,0.1040650092615062,0.051221176487480896,0.1747051803430395
2023-01-27,177.89999389648438,180.67999267578125,161.1699981689453,162.42999267578125,306590600,129.45199890136718,151.26819946289064,143.6187603048811,140.7897489294399,91.7568243314822,2.829011375441212,-4.710504039252718,7.53951541469393,164.17390452292395,94.7300932798104,0.39035308389904266,9.612855638776507,12506721900.0,95.77250758443172,96.40379549673351,0.11000180416824756,0.10436164069972145,0.054953736343493674,0.06790332909220753
2023-01-30,166.66000366210938,179.77000427246094,166.5,178.0500030517578,230878800,131.69399909973146,150.71299957275392,147.16356697522392,142.7060640948228,78.53231860510219,4.457502880401108,-2.8769026553219526,7.334405535723061,169.95159655933716,93.43640164012575,0.45910952380836506,9.813570295061384,12275843100.0,78.6800635863781,90.84112497300764,-0.06318150994943417,-0.06526572943550507,0.056597366642220294,0.16860668563104797
2023-01-31,173.22000122070312,174.3000030517578,162.77999877929688,164.57000732421875,196813500,134.1959991455078,150.43899963378905,151.1722491668361,144.9663557337769,80.9588936109387,6.205893433059202,-1.0603434376457215,7.266236870704924,176.4459532860168,91.94604500499882,0.4878184256179222,10.076427459716797,12472656600.0,88.53719711030152,87.6632560937038,0.03936155894904236,0.03860663902242871,0.0567868983908269,0.13618517591299484
2023-02-01,181.41000366210938,183.80999755859375,169.92999267578125,173.88999938964844,213806300,137.86149940490722,150.40379974365234,155.82421139687816,147.6658852099497,81.75270599575585,8.158326186928463,0.7833904872691153,7.374935699659347,183.1871551967811,92.53584361303334,0.49970403921380807,10.560713631766182,12686462900.0,96.48146323169277,87.89957464279081,0.047280928205116535,0.046197213190127824,0.046295545730622875,0.10958596120780362
2023-02-02,188.27000427246094,196.75,182.61000061035156,187.3300018310547,217448300,141.59299964904784,150.56539978027342,160.8158718392755,150.67359773309866,82.96485517812899,10.142274106176842,2.655167211050661,7.487106895126181,190.65649452559342,92.52950477250226,0.5212035243335075,11.147142137799944,12903911200.0,89.5502211103098,91.52296048410138,0.03781489703913388,0.03711744228973266,0.04602511979392138,0.10118448302677563
2023-02-03,189.97999572753906,199.0,183.69000244140625,183.9499969482422,232662000,145.57499961853028,151.00759979248048,165.3026601297776,153.58518276972387,84.23505647997538,11.71747736005372,4.467629240851273,7.249848119202448,196.83645679954014,94.31354243752043,0.539651103630161,11.672142028808594,13136573200.0,87.92341146271042,91.31836526823766,0.009082654784473565,0.009041655543147504,0.04436149360804721,0.036372269804760826
2023-02-06,194.75999450683594,198.1699981689453,189.9199981689453,193.00999450683594,186188100,149.65999946594238,151.504599609375,169.8345577262481,156.63516882432478,83.51520268430814,13.199388901923328,6.213981173065684,6.985407728857644,202.99103042829506,96.32896850358969,0.5476589902089035,11.597142355782646,13322761300.0,94.32319540030333,90.59894265777451,0.025160537355481072,0.024849222136681733,0.04435934540481094,-0.0006161178916200827
2023-02-07,196.80999755859375,197.5,189.5500030517578,196.42999267578125,186010300,153.51199951171876,151.77679962158203,173.98462539276284,159.61108206390026,86.29041551855282,14.373543328862581,7.845893604225064,6.527649724637517,208.8442905807301,98.17970844270742,0.5622914664438016,11.474285670689174,13508771600.0,97.06787739885941,93.10482808729107,0.010525791279409002,0.010470780820742525,0.04391189172068655,0.0632081835055287
2023-02-08,201.2899932861328,203.0,194.30999755859375,196.10000610351562,180673600,157.63399925231934,152.14539947509766,178.18545122251206,162.69840882110267,88.36439638978307,15.487042401409383,9.374123363661928,6.112919037747455,214.3593046643891,100.90869384024958,0.5636177386268277,11.689285278320312,13689445200.0,97.73958138750385,96.37688472888887,0.022763049555982517,0.02250783702828191,0.043203688233572395,0.06433510178830826
2023-02-09,207.32000732421875,214.0,204.77000427246094,207.77999877929688,215431400,161.83899955749513,152.63339965820313,182.66769062277461,166.00371241392608,88.33783828926596,16.663978208848533,10.83209433269925,5.831883876149284,220.2659163685353,103.41208274645496,0.5636399261714172,12.144286019461495,13904876600.0,91.62173205235709,95.47639694624013,0.029956849516678652,0.029516907690852447,0.04315403652891577,-0.025467942560067347
2023-02-10,196.88999938964844,206.1999969482422,192.88999938964844,202.22999572753906,204754100,165.50549964904786,152.954599609375,184.85573812537058,168.29158552323884,77.53938729330252,16.564152602131742,11.978505986585748,4.585646615545993,223.01435118739727,107.99664811069846,0.5841723979544382,12.320714678083148,13700122500.0,77.46608420708611,88.94246588231567,-0.05030873801899527,-0.05161833459581209,0.0462567079299944,0.058001920891598724
2023-02-13,194.63999938964844,196.3000030517578,187.61000061035156,194.4199981689453,172475500,169.11749954223632,152.95339965820312,186.36100908910564,170.2433198837136,75.73790539805958,16.117689205392026,12.806342630347004,3.3113465750450217,224.25241018895954,113.98258889551309,0.5665321703618488,12.597857883998326,13527647000.0,74.50282829110336,81.19688151684885,-0.011427700782035255,-0.011493498714308886,0.046337666826740474,0.014025872051478538
2023-02-14,209.25,209.82000732421875,189.44000244140625,191.94000244140625,216455700,173.00549926757813,153.2443997192383,189.8823923061663,173.13270359603112,78.76797674202653,16.74968871013519,13.595011846304642,3.154676863830547,227.93470866600964,118.07628986914662,0.5250103646206118,13.457858494349889,13744102700.0,91.98176981690534,81.31689410503161,0.0750616556523096,0.07237801403011461,0.046383070637767726,-0.04009557653356477
2023-02-15,214.24000549316406,214.66000366210938,206.11000061035156,211.75999450683594,181006400,177.27849960327148,153.63199981689453,193.62971741185828,176.17768892174468,76.50525611113035,17.452028490113605,14.366415175066436,3.085613315047169,231.0049111955164,123.55208801102658,0.5015534934156749,12.855001177106585,13925109100.0,99.21481000784131,88.56646937195,0.02384709913101113,0.023567198213512965,0.04515663327784286,-0.056805441826473624
2023-02-16,202.0399932861328,217.64999389648438,201.83999633789062,210.77999877929688,229586500,181.02199935913086,154.02379974365235,194.92360600790053,178.09341517095862,62.52334214948046,16.83019083694191,14.85917030744153,1.9710205295003789,230.2967362026095,131.7472625156522,0.48777210929417175,12.526430402483259,13695522600.0,71.5509349367932,87.58250492051327,-0.05694553722096751,-0.058631243213632354,0.048180659431985136,-0.02553944058002733
2023-02-17,208.30999755859375,208.44000244140625,197.5,199.99000549316406,213738500,184.7664993286133,154.59359954833985,196.98305086185334,180.33168053300568,72.78195946969714,16.651370328847662,15.217610311722758,1.4337600171249036,230.02890910751137,139.50408954971522,0.4345678105647963,12.360001700265068,13909261100.0,82.9779530346728,84.5812326597691,0.031033480898909227,0.030561678706295534,0.04786213446524515,-0.003264330487018463
2023-02-21,197.3699951171875,209.7100067138672,197.22000122070312,204.99000549316406,180018600,187.44749908447267,155.06019958496094,197.04258074728938,181.59377790961173,62.605691633134036,15.448802837677647,15.263848816913738,0.1849540207639091,228.6504549194644,146.24454324948093,0.417519955964205,12.429287501743861,13729242500.0,57.50209920138581,70.67699572428394,-0.05251789433835996,-0.05394722804913025,0.048976653414746565,0.04225572175612524
2023-02-22,200.86000061035156,201.99000549316406,191.77999877929688,197.92999267578125,191828500,190.2959991455078,155.60859954833984,197.62987611083742,183.02090551707394,60.67624763355358,14.608970593763473,15.132873172283686,-0.5239025785202127,226.37882002041073,154.21317827060489,0.3592832895077005,12.167144775390625,13921071000.0,52.083343311317535,64.18779851579205,0.017682553475729224,0.017528035977254008,0.04882946798619694,0.009509129026712415
2023-02-23,202.07000732421875,205.13999938964844,196.3300018310547,203.91000366210938,146360000,193.1779998779297,156.06899963378908,198.3129732205884,184.43195009538096,58.075839915447204,13.881023125207435,14.882503162868437,-1.0014800376610022,222.38930077530884,163.96669898055055,0.28912060017407715,11.700716291155134,14067431000.0,54.12252505005524,54.569322520919535,0.006024129792842503,0.006006057267467943,0.0487973885570971,-0.05527793845136175
2023-02-24,196.8800048828125,197.6699981689453,192.8000030517578,196.3300018310547,142228100,195.00849990844728,156.65019958496094,198.09251655323826,185.3540282277833,53.87989459405847,12.738488325454966,14.453700195385743,-1.7152118699307763,219.7893479233705,170.22765189352404,0.2517355485608949,11.269288199288505,13925202900.0,30.85887597861617,45.68824811332965,-0.025684180003413215,-0.02601977738759486,0.04462882631700395,0.004622045818527765
2023-02-27,207.6300048828125,209.4199981689453,201.25999450683594,202.02999877929688,161028300,196.49500045776367,157.58379974365235,199.55982245009582,187.00410057260027,56.7815376565581,12.555721877495557,14.074104531807706,-1.5183826543121484,220.50963313213268,172.48036778339466,0.2313214093302459,11.575716291155134,14086231200.0,66.64450314985993,50.54196805951045,0.0546017865369246,0.05316324215501689,0.03961648727907719,-0.06656074266346446
2023-02-28,205.7100067138672,211.22999572753906,203.75,210.58999633789062,153144900,198.44750061035157,158.56199981689454,200.5060046445222,188.38972324973116,54.69607636311197,12.11628139479103,13.682539904404372,-1.5662585096133412,218.22458163806405,178.67041958263908,0.1922811762407014,11.542144775390625,13933086300.0,60.25302978768805,52.585469638721385,-0.009247209573726933,-0.009290230436857878,0.036165137038191596,-0.08750182009880125
2023-03-01,202.77000427246094,207.1999969482422,198.52000427246094,206.2100067138672,156852800,199.92500076293945,159.46399993896483,200.8543122795897,189.45492925141485,50.79382642335278,11.399383028174839,13.225908529158467,-1.826525500983628,215.7960509707907,184.0539505550882,0.15654238667890358,11.541429792131696,13776233500.0,50.466068741110334,59.12120055955277,-0.014291975817664837,-0.014395089751065829,0.03595582853798293,-0.1024313450452583
2023-03-02,190.89999389648438,193.75,186.00999450683594,186.74000549316406,181500700,200.3995002746582,160.27739990234375,199.32287868218887,189.56197107697557,41.71209179940373,9.760907605213305,12.532908344369435,-2.7720007391561303,214.39665224353374,186.40234830578268,0.14664381787739073,11.830715724400111,13594732800.0,15.455118469735915,42.05807233284477,-0.05853928157947319,-0.060322654091468045,0.03769572167831069,-0.09418541803248415
2023-03-03,197.7899932861328,200.47999572753906,192.8800048828125,194.8000030517578,154193300,200.8754997253418,161.23579986572267,199.0870501597187,190.1714542035798,50.47110207851252,8.915595956138901,11.80944586672333,-2.8938499105844286,213.73731259832977,188.01368685235383,0.13005524353682982,11.484286717006139,13748926100.0,37.23134957701228,34.38417892928618,0.03609219282314147,0.03545612908951283,0.037614414978164125,-0.12311032747496309
2023-03-06,193.80999755859375,198.60000610351562,192.3000030517578,198.5399932861328,128100100,201.06699981689454,162.3559997558594,198.2751959133918,190.44097593358083,49.573264033806296,7.8342199798109675,11.014400689340858,-3.180180709529891,213.34664032341672,188.78735931037235,0.12671833921064607,11.271429879324776,13620826000.0,24.652348931660196,25.779605659469468,-0.020122331071529054,-0.02032754273314496,0.037937217314478806,-0.09973686638745627
2023-03-07,187.7100067138672,194.1999969482422,186.10000610351562,191.3800048828125,148125800,200.7145004272461,163.35879974365236,196.649782190388,190.23868191730574,37.86342993250132,6.411100273082269,10.093740606089142,-3.682640333006873,214.11046442653694,187.31853642795525,0.14273041947849663,10.394286019461495,13472700200.0,5.372984322919134,22.41889427719721,-0.03147407730028162,-0.03198003067013721,0.03820530684810856,-0.023706845921190323
2023-03-08,182.0,186.5,180.0,185.0399932861328,151897800,199.9740005493164,164.49179977416992,194.39596954571292,189.6284091826905,31.980777954121905,4.767560363022426,9.028504557475799,-4.260944194453373,215.7114307995842,184.2365702990486,0.17293879395898687,10.334286281040736,13320802400.0,5.3120858543714995,11.779139702983613,-0.03041929843714275,-0.03089156736881823,0.03864135235282843,-0.008516500284383555
2023-03-09,172.9199981689453,185.17999267578125,172.50999450683594,180.25,170023800,198.55550079345704,165.48719970703124,191.09197394928714,188.39074910759825,33.13644540833191,2.7012248416888838,7.763048614318416,-5.061823772629532,218.37766411188218,178.7333374750319,0.2292639778894585,10.110000610351562,13150778600.0,1.0588937220372865,3.9146546331093113,-0.04989011995084991,-0.05117763786639216,0.03947851232976449,0.06482770548560168
2023-03-10,173.44000244140625,178.2899932861328,168.44000244140625,175.1300048828125,191488900,196.86150054931642,166.77399978637695,188.37628602499777,187.28328639158403,28.365812442483573,1.09299963341374,6.429038818137482,-5.336039184723742,219.16533642265134,174.5576646759815,0.2571936757308325,10.032142639160156,13342267500.0,11.684974957693036,6.0186515113672785,0.0030071956856769777,0.0030026831172517087,0.03860718118443265,0.03857243050758341
2023-03-13,174.47999572753906,177.35000610351562,163.91000366210938,167.4600067138672,167790300,195.74100036621093,168.00939971923827,186.23839521000411,186.33489449054366,33.809595651684305,-0.09649928053954682,5.123931198402076,-5.220430478941623,220.1875510102231,171.29444972219875,0.28022181616953873,10.099999564034599,13510057800.0,22.33726508362705,11.693711254452461,0.005996271168666301,0.005978365078895034,0.037407385593896725,0.05026366624948708
2023-03-14,183.25999450683594,183.8000030517578,177.13999938964844,177.30999755859375,143717900,195.1720001220703,169.23819961547852,185.78017971720902,186.10712412138014,38.41800238918127,-0.32694440417111537,4.033756077887438,-4.3607004820585535,220.24808984875455,170.09591039538606,0.27366681739967924,10.03642817905971,13653775700.0,40.89178801543812,24.97134268558607,0.050320947926932424,0.04909578215581386,0.03937667315854501,0.07814038935641565
2023-03-15,180.4499969482422,182.33999633789062,176.02999877929688,180.8000030517578,145995600,193.73199996948242,170.38359954833984,184.96015159890644,185.68807766411066,36.065990025911084,-0.7279260652042296,3.0814196492691046,-3.8093457144733343,218.71167212192444,168.7523278170404,0.27685976807865337,9.923570905412946,13507780100.0,34.95349970243721,32.727517600500796,-0.015333393227232373,-0.015452165385496644,0.03497461150134391,0.05929618802549075
2023-03-16,184.1300048828125,185.80999755859375,178.83999633789062,180.3699951171875,121136800,192.22649993896485,171.90419967651368,184.83243671950737,185.572664865496,41.61956172995254,-0.740228145988624,2.317090090217559,-3.057318236206183,215.57833300689322,168.87466687103648,0.25364505999758574,9.759284973144531,13628916900.0,42.7303563202578,39.52521467937772,0.020393505108375454,0.020188342220549882,0.034823570123931266,0.04393632826458349
2023-03-17,180.1300048828125,186.22000122070312,177.3300018310547,184.52000427246094,133197100,191.13100051879883,173.23399978637696,184.10898566770817,185.1695048667787,30.164456792520994,-1.0605191990705407,1.6415682323599392,-2.70208743143048,214.59982271529375,167.6621783223039,0.26057648987200194,9.498571123395648,13495719800.0,34.27726952686899,37.320375183188006,-0.02172378153438792,-0.021963216854791676,0.03300615989678435,0.057069885641677365
2023-03-20,183.25,186.44000244140625,176.35000610351562,178.0800018310547,129684400,189.87800064086915,174.69219985961914,183.97683402652228,185.0273193210914,34.075435789374126,-1.050485294569114,1.1031575269741287,-2.153642821543243,212.1293103770479,167.6266909046904,0.2428519480074078,9.684999738420759,13625404200.0,44.6754431436678,40.561022996931534,0.017320796272765726,0.01717250122413543,0.03234966771926925,0.04671212855985685
2023-03-21,197.5800018310547,198.0,188.0399932861328,188.27999877929688,153391400,189.8885009765625,176.38259994506836,186.06962907337342,185.95714765516274,46.83188730162394,0.11248141821067748,0.9050223052214386,-0.7925408870107611,212.15488992394907,167.62211202917595,0.2253911199618871,10.11857169015067,13778795600.0,92.07001770135331,57.00757679063005,0.07819919143822474,0.07529223411697607,0.035486140527462254,-0.042463808644067624
2023-03-22,191.14999389648438,200.66000366210938,190.9499969482422,199.3000030517578,150376400,189.40300064086915,177.81019989013672,186.85122366154434,186.34180293229767,50.16346278407443,0.5094207292466706,0.825901990026485,-0.3164812607798144,211.0777043697787,167.7282969119596,0.2267821545487184,9.61500004359654,13628419200.0,74.12242240444566,70.28929441648893,-0.03254381959196684,-0.0330851466718186,0.03599064733206125,0.014282035435515317
2023-03-23,192.22000122070312,199.30999755859375,188.64999389648438,195.25999450683594,144193900,188.91050033569337,179.27759994506835,187.67718943987646,186.7772250277351,46.0580386719524,0.8999644121413439,0.8407144744494568,0.05924993769188713,209.8069720408191,168.01402863056765,0.2174224489899239,9.692143031529017,13772613100.0,77.0340069600637,81.07548235528758,0.0055977366381618765,0.0055821275337720674,0.03598585366601553,0.015919246379986873
2023-03-24,190.41000366210938,192.36000061035156,187.14999389648438,191.64999389648438,116312400,188.5870002746582,180.6213999938965,188.09762239714306,187.04631974139247,47.517528209459485,1.0513026557505896,0.8828321107096834,0.1684705450409062,209.16184172263414,168.01215882668228,0.21611092959681735,9.614286150251116,13656300700.0,72.10884353545283,74.42175763332074,-0.009416281069083654,-0.009460894526444498,0.03560145135635349,0.08954363071182847
2023-03-27,191.80999755859375,197.38999938964844,189.94000244140625,194.4199981689453,120851600,187.79599990844727,181.9863999938965,188.66875703736625,187.39918476488884,53.21416582581677,1.2695722724774043,0.9601801430632276,0.3093921294141767,206.4113729176654,169.18062689922914,0.19410221830101992,9.567858014787946,13777152300.0,75.9183507366672,75.02040041072792,0.007352522816861606,0.007325624786097459,0.03319910424103326,0.015431973054287562
2023-03-28,189.19000244140625,192.35000610351562,185.42999267578125,192.0,98654600,186.96999969482422,183.32220001220702,188.74894863798778,187.53183792611236,55.923547649128295,1.2171107118754207,1.0115662568256663,0.2055444550497545,203.598533253441,170.34146613620746,0.1757865991229295,9.511429922921318,13678497700.0,68.78911232274554,72.27210219828852,-0.013659325116185062,-0.013753472002494866,0.03325436439400051,0.01791849117766331
2023-03-29,193.8800048828125,195.2899932861328,189.44000244140625,193.1300048828125,123660000,186.5254997253418,184.57,189.53834190642235,188.00207251549756,68.6145697677726,1.5362693909247866,1.1165068836454903,0.4197625072792963,201.79549115718027,171.25550829350334,0.15752002318205172,9.04214368547712,13802157700.0,81.55102372758536,75.41949559566604,0.024789906342217005,0.0244876221590413,0.033741221298834424,-0.04311945739533385
2023-03-30,195.27999877929688,197.3300018310547,194.4199981689453,195.5800018310547,110252200,186.74449996948243,185.9,190.42167373301842,188.54117816466788,69.09758579576882,1.8804955683505398,1.2693046205865002,0.6111909477640396,202.39943606243583,171.08956387652904,0.16033322604273892,8.585001264299665,13912409900.0,85.36053092879972,78.56688899304355,0.007220929756684091,0.0071949836717746535,0.031004182532366757,-0.052335115140253796
2023-03-31,207.4600067138672,207.7899932861328,197.1999969482422,197.52999877929688,170222100,187.22800064086914,187.50580017089842,193.04295573007207,189.94257287201597,74.13642229944466,3.1003828580560935,1.635520268080419,1.4648625899756744,204.79932718479182,169.65667409694646,0.16939483250048662,8.518572126116071,14082632000.0,98.96099927478195,88.62418464372234,0.06237201971890638,0.060504162532241994,0.03303402413163461,-0.11062378995622202
2023-04-03,194.77000427246094,202.69000244140625,192.1999969482422,199.91000366210938,169545900,187.2760009765625,188.73280029296876,193.3086555058242,190.30016038316003,57.96760902581941,3.008495122664158,1.910115238997167,1.098379883666991,204.92809349094188,169.62390846218312,0.18126089364033818,8.942858014787946,13913086100.0,59.00506528280558,81.10886516212909,-0.061168427796826186,-0.06311918518816903,0.03570650689271894,-0.04097145767458632
2023-04-04,192.5800018310547,198.74000549316406,190.32000732421875,197.32000732421875,126463800,187.51950073242188,189.70940032958984,193.19655494047504,190.46903752744853,58.4694890227418,2.7275174130265043,2.0735956738030343,0.65392173922347,205.33044343396804,169.7085580308757,0.18497188214974922,9.027858189174108,13786622300.0,51.622144858876474,69.86273647215468,-0.011244043709844997,-0.011307735857578558,0.03502270811249245,-0.06251951620337115
2023-04-05,185.52000427246094,190.67999267578125,183.75999450683594,190.52000427246094,133882500,187.69550094604492,190.54200042724608,192.01554714539594,190.10244247152352,50.92678975434642,1.913104673872425,2.0414974738169125,-0.12839279994448738,205.34563621234423,170.0453656797456,0.19027743488381696,9.160001482282366,13652739800.0,29.166672732371957,46.59796095801801,-0.036660076287605925,-0.03734894534323148,0.03535168443052267,0.00204824070327958
2023-04-06,185.05999755859375,186.38999938964844,179.74000549316406,183.0800018310547,123857900,188.30250091552733,191.35460052490234,190.94546259358023,189.72892803352872,53.44995928519247,1.2165345600515138,1.876504891063833,-0.6599703310123191,204.5959672999327,172.00903453112196,0.17608847508221256,9.000001089913505,13528881900.0,27.703546455695584,36.16412134898134,-0.002479553165553039,-0.002482632348555218,0.03324801305563057,-0.000324205983925574
2023-04-10,184.50999450683594,185.10000610351562,176.11000061035156,179.94000244140625,142154600,188.85600051879882,191.83940032958984,189.95539058023496,189.34234036488482,50.91462988105228,0.6130502153501425,1.623813955921095,-1.0107637405709524,203.71235113779488,173.99964989980276,0.1610357277252604,8.921430315290179,13386727300.0,26.515138378301643,27.79511918878973,-0.0029720256079851515,-0.0029764508462149673,0.03328348874234536,0.013711987722178076
2023-04-11,186.7899932861328,189.19000244140625,185.64999389648438,186.69000244140625,115770900,189.47150039672852,192.01720031738282,189.46840638114233,189.1532776183106,40.5067699177306,0.3151287628317334,1.3620769173032228,-1.0469481544714894,202.75702913074713,176.1859716627099,0.1422509685908846,8.202145167759486,13502498200.0,33.71210588570868,29.310263573235307,0.012357047570192181,0.012281322445656457,0.03333775453189068,-0.013276919624597316
2023-04-12,180.5399932861328,191.5800018310547,180.30999755859375,190.74000549316406,150256300,189.33550033569335,192.29480010986327,188.0948043665255,188.5152565566678,40.635481988495116,-0.4204521901422993,1.0055710958141184,-1.4260232859564177,202.94060111128084,175.73039956010587,0.1507156450817536,8.313573564801898,13352241900.0,13.983565971680477,24.73693674523027,-0.03346003653646468,-0.03403263254550459,0.032454568757496416,0.00027696385076603214
2023-04-13,185.89999389648438,186.5,180.94000244140625,182.9600067138672,112933000,189.60800018310547,192.5483999633789,187.7571412172884,188.32153339665422,44.814565897955525,-0.5643921793658251,0.6915784407781298,-1.2559706201439549,202.67128383977692,176.54471652643403,0.14054097994156511,7.9778594970703125,13465174900.0,30.90276372856629,26.19947852865182,0.029688716127604264,0.029256539212836878,0.03291168981190471,-0.12323824182628751
2023-04-14,185.0,186.27999877929688,182.00999450683594,183.9499969482422,96438700,189.65149993896483,192.62019989013672,187.33296564539788,188.07549388579093,45.49391655433993,-0.7425282403930566,0.4047571045438925,-1.1472853449369491,202.64357803619822,176.65942184173144,0.14045489834846905,7.910716465541294,13368736200.0,28.061873247098486,24.316067649115087,-0.004841279860318459,-0.004853036816821088,0.03265204212383746,-0.10767566577808274
2023-04-17,187.0399932861328,189.69000244140625,182.69000244140625,186.32000732421875,116662200,189.99699935913085,192.59559967041017,187.2878929747417,187.9987901376681,46.06889366299519,-0.7108971629263863,0.18162625104983676,-0.892523413976223,202.27059656707584,177.72340215118587,0.13124035124583117,7.878573826381138,13485398400.0,34.501247482269804,31.155294819311525,0.011026990735853115,0.010966636750077955,0.032285535161236834,-0.1309345119410389
2023-04-18,184.30999755859375,187.69000244140625,183.5800018310547,187.14999389648438,92067000,190.04999923706055,192.48219970703124,186.82975521841126,187.72554624292184,45.9855174451314,-0.8957910245105722,-0.03385720406224504,-0.8619338204483272,202.2095478297436,177.8904506443775,0.13194670667626074,7.677858625139509,13393331400.0,25.883834734128868,29.48231848783239,-0.014595786064655836,-0.014703352511066695,0.03229664843021398,-0.12826216538868473
2023-04-19,180.58999633789062,183.5,177.64999389648438,179.10000610351562,125732700,189.20049896240235,192.19879974365233,185.86979231371578,187.1969869906973,38.889810150225074,-1.3271946769815202,-0.2925246986461001,-1.03466997833542,201.51794192883264,176.88305599597206,0.13641334754095566,7.717859540666852,13267598700.0,14.141403924068833,24.842162046822505,-0.020183393575926356,-0.020389861131667686,0.026930536700530455,-0.1486239375500733
2023-04-20,162.99000549316406,169.6999969482422,160.55999755859375,166.1699981689453,210970800,187.79249954223633,191.52239990234375,182.34982511055398,185.4038772501393,28.759376642711473,-3.054052139585309,-0.844830186833942,-2.209221952751367,204.7395213014389,170.84547778303374,0.20795166805382256,8.902145385742188,13056627900.0,5.145052200591166,15.05676361959629,-0.09745828230593856,-0.10254036525166675,0.03361589129089277,-0.017178986179463895
2023-04-21,165.0800018310547,166.0,161.32000732421875,164.8000030517578,123539000,186.4354995727539,190.79820007324219,179.69292922140025,183.89840499687375,17.85496368713224,-4.205475775473502,-1.5169593045618541,-2.6885164709116482,206.02944680535774,166.8415523401501,0.23738729119541155,8.342859540666852,13180166900.0,10.728705788015816,10.005053970891941,0.012822849668400638,0.012741333042302827,0.03380108531954516,-0.004664430966320077
2023-04-24,162.5500030517578,165.64999389648438,158.61000061035156,164.64999389648438,140006600,185.04249954223633,189.90279998779297,177.05555596453218,182.31704188982812,21.108309524934015,-5.261485925295943,-2.265864628708672,-2.9956212965872715,207.23564418471577,162.8493548997569,0.27306237128045924,7.755715506417411,13040160300.0,9.818096092471583,8.563951360359525,-0.015325895028073244,-0.015444550452118741,0.033848882446057084,-0.004429413763061385
2023-04-25,160.6699981689453,163.47000122070312,158.75,159.82000732421875,121999300,183.4854995727539,189.1783999633789,174.5347009190573,180.71355716976274,21.226317217953024,-6.178856250705451,-3.048462953108028,-3.130393297597423,207.9342827478124,159.0367163976954,0.30433538873076343,7.491430010114398,12918161000.0,6.248096700820618,8.93163286043601,-0.011565701922588656,-0.011633104865311444,0.03368117206479536,-0.0022406212389012303
2023-04-26,153.75,160.6699981689453,153.13999938964844,160.2899932861328,153364100,181.7134994506836,188.36059997558593,171.3370546238177,178.7162566386692,21.28004479714727,-7.379202014851501,-3.9146107654567226,-3.464591249394778,209.35076695683148,154.07623194453572,0.3595091708116797,7.399286542619977,12764796900.0,1.5868901446234611,5.884360979305224,-0.04306963495243776,-0.04402465397224694,0.034559572685874874,0.04461789014862805
2023-04-27,160.19000244140625,160.47999572753906,152.3699951171875,152.63999938964844,127015200,180.02899932861328,187.37940002441405,169.62212351883133,177.343941512946,29.711205709348434,-7.721817994114673,-4.676052211188313,-3.0457657829263596,208.6338365827103,151.42416207451626,0.35713636079829636,7.503572736467634,12891812100.0,19.943907128313885,9.25963132458599,0.041886194740853755,0.041032719267455574,0.035652681116863864,0.006304978409656714
2023-04-28,164.30999755859375,165.0,157.32000732421875,160.89999389648438,122515800,178.48049926757812,186.38079986572265,168.80487337110247,176.37846418299398,34.42799393139663,-7.573590811891506,-5.2555599313289525,-2.318030880562554,206.96192951220976,149.9990690229465,0.34667921207259494,7.410000392368862,13014327900.0,30.451416466804588,17.327404579913978,0.025719427270091355,0.025394246651119615,0.036326025044230645,0.03499482737165471
2023-05-01,161.8300018310547,163.27999877929688,158.8300018310547,163.1699981689453,109015000,176.1989990234375,185.5766000366211,167.73181621109512,175.30080030507256,30.817703574940623,-7.568984093977434,-5.7182447638586495,-1.8507393301187847,202.099552654903,150.298445391972,0.3200958207799422,7.467142377580915,12905312900.0,24.126511333343522,24.840611642820665,-0.015093395194377579,-0.015208459761728233,0.03234407945796883,0.06154601336207133
2023-05-02,160.30999755859375,165.49000549316406,158.92999267578125,161.8800048828125,128259700,174.47599868774415,184.6166000366211,166.58999795686415,174.19037047200004,33.233875885893596,-7.600372515135888,-6.094670314114097,-1.5057022010217906,199.75210452927197,149.19989284621633,0.3153403558912704,7.130714416503906,12777053200.0,21.27545788567101,25.284461895273044,-0.00939259874721976,-0.009436987371174365,0.030187447820616695,0.05514313812312044
2023-05-03,160.61000061035156,165.0,159.91000366210938,160.00999450683594,119728000,172.87749862670898,183.88140014648437,165.669998365093,173.18441714891497,27.12139921950609,-7.514418783821981,-6.378620008055674,-1.1357987757663066,197.36420468658957,148.3907925668284,0.3049213120830084,7.068570818219866,12896781200.0,22.079324426059085,22.493764548357877,0.0018713932775662467,0.001869644402715088,0.03028396947378023,0.04937421484120308
2023-05-04,161.1999969482422,162.9499969482422,159.64999389648438,162.7100067138672,95108500,171.66149826049804,183.08820007324218,164.98230583942365,172.29668231923552,28.347877212779608,-7.31437647981187,-6.5657713024069135,-0.748605177404956,195.91911620028165,147.40388032071442,0.30096300743196924,6.999285016741071,12991889700.0,23.660236060800216,22.338339457510102,0.003673471985857102,0.0036667412660127767,0.029652441809792485,0.06749382809421411
2023-05-05,170.05999755859375,170.7899932861328,163.50999450683594,163.97000122070312,107607300,170.91149826049804,182.44799987792967,165.76348918083443,172.1310019665954,36.25768835624995,-6.367512785760965,-6.526119599077724,0.15860681331675863,194.33819088413642,147.48480563685965,0.27551091332418465,7.184284755161831,13099497000.0,50.084934237189294,31.941498241349535,0.05496278398315546,0.05350549046047228,0.03269524395689185,-0.012230988244828267
2023-05-08,171.7899932861328,173.8000030517578,169.19000244140625,173.72000122070312,112249400,170.2754981994629,181.9461996459961,166.69064365857264,172.1057420643389,39.70055307817523,-5.415098405766258,-6.303915360415431,0.8888169546491724,192.82187093322966,147.72912546569614,0.26248761412096455,7.219999040876116,13211746400.0,62.38353717394901,45.376235823979506,0.010172855182730478,0.01012145995502574,0.032842383162759815,-0.03166649627581253
2023-05-09,169.14999389648438,169.82000732421875,166.55999755859375,168.9499969482422,88965000,169.39349822998048,181.17659942626952,167.06900523363598,171.88679775560894,40.41875547614737,-4.817792521972962,-6.006690792726937,1.1888982707539757,190.55746770857783,148.22952875138313,0.2502390806061652,7.117855616978237,13122781400.0,78.30141187883005,63.58996109665612,-0.015367597024416146,-0.015486902413259212,0.032743240712255185,-0.015548269103887291
2023-05-10,168.5399932861328,174.42999267578125,166.67999267578125,172.5500030517578,119840700,168.79349822998046,180.43319915771485,167.29531108786625,171.63888631342553,56.49729441293253,-4.343575225559277,-5.6740676792934055,1.330492453734128,189.29702161440645,148.28997484555447,0.2433075139574363,6.24071284702846,13002940700.0,73.30009047037761,71.32834650771889,-0.0036062703657255835,-0.003612788634512576,0.03202255567739285,0.0315652517867786
2023-05-11,172.0800018310547,173.57000732421875,166.7899932861328,168.6999969482422,103889900,168.10249862670898,179.81939910888673,168.03141735604908,171.67156153695362,57.92572396205099,-3.6401441809045423,-5.267282979615633,1.6271387987110906,187.05114413298486,149.1538531204331,0.22023065207634468,6.390714372907366,13106830600.0,89.34727513283623,80.3162591606813,0.021003967520705658,0.020786425091438347,0.03161316765875486,0.027952100810157532
2023-05-12,167.97999572753906,177.3800048828125,167.22999572753906,176.07000732421875,157849600,167.25149841308593,179.3609991455078,168.0235063362783,171.39811221773772,55.93701219724426,-3.3746058814594164,-4.88874755998439,1.5141416785249735,184.45308015192376,150.0499166742481,0.20480512175674215,6.612858363560268,12948981000.0,62.415012053224274,75.02079255214603,-0.023826162598143963,-0.024114596337054404,0.03194304123400682,0.07238959382897425
2023-05-15,166.35000610351562,169.75999450683594,164.5500030517578,167.66000366210938,105592500,166.21699905395508,178.73219940185547,167.7660447620071,171.02417843149905,56.244512370723996,-3.25813366949194,-4.5626247818859005,1.3044911123939604,180.67800177505137,151.75599633285879,0.17386236477920605,6.647857666015625,12843388500.0,55.897663042834836,69.21998340963178,-0.009703474612936969,-0.009750860107846383,0.031754716444885304,0.1353771457012043
2023-05-16,166.52000427246094,169.52000427246094,164.35000610351562,165.64999389648438,98288800,165.32749938964844,178.18639953613283,167.57434622515385,170.69053590119992,66.48593553131317,-3.1161896760460763,-4.273337760717936,1.15714808467186,177.02755672455456,153.62744205474232,0.14052434584090476,6.479286193847656,12941677300.0,56.577383564864256,58.296686220307784,0.001021930644472091,0.0010214088288270423,0.031707476389826766,0.11560172655594614
2023-05-17,173.86000061035156,174.5,167.19000244140625,168.41000366210938,125473600,164.9909996032715,177.9093994140625,168.54136997672273,170.9253110648408,67.2470372561358,-2.383941088118064,-3.8954584261979623,1.5115173380798983,175.12514194386284,154.85685726268014,0.11657819285648811,6.470000130789621,13067150900.0,82.4526186356514,64.97588841445017,0.04407876621166107,0.04313493317739194,0.03326032089169602,0.051995819937864285
2023-05-18,176.88999938964844,177.05999755859375,172.4499969482422,174.22000122070312,109520300,165.6859992980957,177.80719940185546,169.82577450178823,171.36713982964136,66.32071095483472,-1.5413653278531285,-3.4246398065289956,1.883274478675867,177.07159242573218,154.30040617045924,0.12873077242265796,6.250714983258929,13176671200.0,97.3584613826184,78.79615452771135,0.01742780840135616,0.01727768584344739,0.024577308741799093,0.04285150012555361
2023-05-19,180.13999938964844,181.9499969482422,176.30999755859375,177.1699981689453,136196700,166.4389991760254,177.95159942626952,171.4125783306898,172.01698127853078,73.28923769427954,-0.6044029478409811,-2.8605924347913927,2.2561894869504115,179.52142154158463,153.35657681046615,0.14524727889291875,6.262143816266741,13312867900.0,92.13728399833339,90.64945467220106,0.018373000232992265,0.018206255962432197,0.02470858553230433,0.07233262364519377
2023-05-22,188.8699951171875,189.32000732421875,180.11000061035156,180.6999969482422,132001400,167.75499877929687,178.26019927978516,174.09833475938174,173.26535267398683,80.69647923563048,0.8329820853949172,-2.121877530754131,2.954859616149048,184.0828865787409,151.42711097985284,0.17290081242722669,6.451429094587054,13444869300.0,98.48327602172425,95.99300713422535,0.04846228354123516,0.0473245988875953,0.0260720323459214,0.06507125992827145
2023-05-23,185.77000427246094,192.9600067138672,185.25999450683594,186.1999969482422,156952100,169.00999908447267,178.4859994506836,175.8939762229324,174.19162316276268,75.50690944118591,1.7023530601697132,-1.357031412569362,3.059384472739075,186.83483270093146,151.18516546801388,0.1919021715724985,6.637858799525669,13287917200.0,78.41489139734496,89.67848380580087,-0.01641335799687571,-0.016549549453013485,0.02628372189379912,0.09775522412480453
2023-05-24,182.89999389648438,184.22000122070312,178.22000122070312,182.22999572753906,137605100,170.46749877929688,178.47879943847656,176.97182509578656,174.83668766155688,71.02713253734258,2.1351374342296765,-0.6585976432095544,2.793735077439231,187.79876392897393,153.13623362961982,0.18951630101733083,6.941430228097098,13150312100.0,65.8403781047012,80.91284850792347,-0.015449266889003499,-0.015569850375932186,0.024117102739636322,0.13460913722015055
2023-05-25,184.47000122070312,186.77999877929688,180.5800018310547,186.5399932861328,96870700,171.6814987182617,178.55919952392577,178.12539065346604,175.55026644371586,66.26044283177994,2.575124209750186,-0.011853272617606365,2.586977482367792,189.37918097584952,153.9838164606739,0.1918759921990134,6.699287414550781,13247182800.0,70.32504259788274,71.5267706999763,0.008583965973816943,0.008547333224801432,0.022842270856127514,0.15991760071983574
2023-05-26,193.1699981689453,198.60000610351562,184.52999877929688,184.6199951171875,162061500,173.1244987487793,178.73999938964843,180.43994565584748,176.85543175669582,70.84633909118502,3.584513899151659,0.7074201617362468,2.8770937374154126,192.87829595690394,153.37070154065466,0.20452241440565824,7.3792877197265625,13409244300.0,84.1459622323744,73.43712764498612,0.047162123329924865,0.04608376548838008,0.024213165628619505,0.1265206951031348
2023-05-30,201.16000366210938,204.47999572753906,197.52999877929688,200.10000610351562,128818700,175.09099884033202,179.16059936523436,183.62764688758008,178.6557704163561,78.2624112517309,4.971876471223993,1.560311423633796,3.411565047590197,197.7304651609109,152.45153251975313,0.22508914206033367,7.813573564801898,13538063000.0,91.72690524604704,82.06597002543474,0.041362559242642094,0.040530008769500823,0.024617947586124372,0.10016898752065306
2023-05-31,203.92999267578125,203.9499969482422,195.1199951171875,199.77999877929688,150711700,177.2719985961914,179.57419921875,186.7510847011495,180.52793502816536,80.0986591331764,6.223149672984135,2.492879073503864,3.730270599480271,202.20418107685023,152.33981611553256,0.2445170732712902,7.890716552734375,13688774700.0,98.62944631210458,91.50077126350868,0.013770078361723614,0.013676132280176065,0.024137354680327922,0.10121127538729469
2023-06-01,207.52000427246094,209.8000030517578,199.3699951171875,202.58999633789062,148029900,179.61749877929688,179.77299926757811,189.94630309673587,182.52734756477986,80.11557157095874,7.418955531956016,3.478094365194295,3.940861166761721,206.68450115552378,152.55049640306999,0.26086162123136425,8.151430402483259,13836804600.0,94.98350069672581,95.11328408495915,0.017604137329555458,0.017450979367424225,0.024033060937634677,0.13174631734295317
2023-06-02,213.97000122070312,217.25,209.75,210.14999389648438,164398400,182.25599899291993,180.2293994140625,193.6422566542693,184.85643302077418,87.5796822210371,8.785823633495113,4.5396402188544585,4.2461834146406545,211.92651888799372,152.58547909784613,0.27733345539844734,8.121429443359375,14001203000.0,93.79962351857124,95.80419017580054,0.031081326211682914,0.030608082827557156,0.024243866282471674,0.1422161634910386
2023-06-05,217.61000061035156,221.2899932861328,214.52000427246094,217.8000030517578,151143100,184.6334991455078,180.73719940185546,197.32960187828195,187.28262321259473,90.55379506067096,10.04697866568722,5.641107908221011,4.405870757466209,217.62385389664212,151.6431443943735,0.30320623738433994,8.272143772670201,14152346100.0,93.53706795733164,94.10673072420957,0.017011727666879306,0.016868648629117366,0.022322110646706896,0.1480630537674399
2023-06-06,221.30999755859375,221.91000366210938,212.52999877929688,216.13999938964844,146911600,187.10949935913087,181.35519927978515,201.01889352140685,189.8031694604465,91.05349675455346,11.215724060960355,6.75603113876888,4.459692922191475,223.31745140315192,150.9015473151098,0.32721478869868664,8.572858537946429,14299257700.0,98.90349764049778,95.41339637213355,0.017002881015874438,0.0168599499197107,0.0223346617473441,0.16899369350262816
2023-06-07,224.57000732421875,230.8300018310547,223.1999969482422,228.0,185710800,189.88050003051757,182.01039947509764,204.64214179876254,192.37849078368887,90.4708693360717,12.263651015073663,7.857555114029838,4.406095901043825,228.6904334698296,151.07056659120553,0.34563772697643386,8.682859148297991,14484968500.0,89.27716001344204,93.9059085370905,0.014730512862447087,0.01462307267215497,0.021314866732583565,0.14347419588487664
2023-06-08,234.86000061035156,235.22999572753906,223.00999450683594,224.22000122070312,164489700,193.1965003967285,182.92379943847655,209.29104315439162,195.5252692893676,91.46044783181254,13.765773865024016,9.039198864228673,4.726575000795343,235.50445164682645,150.88854914663057,0.36028230554499285,9.22643062046596,14649458200.0,99.3720381370001,95.85089859697996,0.045820870777622646,0.04480209933086133,0.021962580668267725,0.08958525603105816
2023-06-09,244.39999389648438,252.4199981689453,242.02000427246094,249.07000732421875,200242400,196.8125,183.93419921875,214.69242019163664,199.14561926026514,92.16535239803052,15.546800931371507,10.340719277657241,5.206081653714266,243.64187715500347,149.98312284499653,0.3832191352250038,10.077859061104911,14849700600.0,89.19136845929096,92.61352220324437,0.0406199151040636,0.03981660778824774,0.022582163088192053,0.06603934145462209
2023-06-12,249.8300018310547,250.97000122070312,244.58999633789062,247.94000244140625,150337900,200.90500030517578,185.02519927978517,220.09820198231634,202.9000179692125,91.81069892482343,17.198184013103827,11.712212224746558,5.4859717883572685,251.29563478436734,150.5143658259842,0.4033993844603802,9.889287676130023,15000038500.0,96.50943875285822,95.02428178304977,0.02221770896144215,0.021974491562613167,0.020335829315689686,0.09854705277801523
2023-06-13,258.7099914550781,259.67999267578125,251.33999633789062,253.50999450683594,162384300,205.52299957275392,186.05019897460937,226.03847728581815,207.03409007927664,96.35230033040597,19.00438720654151,13.170647221105549,5.83373998543596,259.3885773677176,151.6574217777903,0.4164166794796308,10.042857578822545,15162422800.0,98.80922990002259,94.83667903739058,0.035544128242966044,0.03492701634188564,0.019321063821920555,0.002898998974804723
2023-06-14,256.7900085449219,261.57000732421875,250.5,260.1700134277344,170575500,210.03649978637696,187.29059906005858,230.76948209491104,210.71971366932442,97.52993257912584,20.04976842558662,14.546471462001763,5.503296963584857,265.25237492753786,154.82062464521607,0.4300469122925524,10.294286455426898,14991847300.0,94.09803870103292,96.4722357846379,-0.007421371317580694,-0.007449046704933148,0.019898683146007474,0.030452807922519476
2023-06-15,255.89999389648438,258.95001220703125,247.2899932861328,248.39999389648438,160171200,214.13849945068358,188.5569989013672,234.63571467976848,214.06640109355848,96.35302009439175,20.56931358621,15.751039886843412,4.818273699366589,270.2210684577538,158.0559304436134,0.43831629812196476,10.684288024902344,14831676100.0,92.640170301442,95.18247963416583,-0.0034659239799892383,-0.0034719442089692484,0.01997192011546701,0.002735491300224213
2023-06-16,260.5400085449219,263.6000061035156,257.2099914550781,258.9200134277344,167915600,218.32099990844728,190.0573989868164,238.62099065902285,217.50889053440022,96.15016117197314,21.11210012462263,16.823251934399256,4.288848190223373,275.17861002427713,161.46338979261742,0.4364597240429319,10.225002833775111,14999591700.0,95.53154633669672,94.08991844639054,0.01813214052015355,0.01796971375181672,0.019968320996548064,-0.07480619042738545
2023-06-20,274.45001220703125,274.75,261.1199951171875,261.5,165611200,223.0365005493164,191.84519927978516,244.13314782025492,221.72675139903956,96.43898435979354,22.406396421215362,17.939880831762476,4.466515589452886,282.1593885895136,163.91361250911925,0.43084631379500793,10.432145254952568,15165202900.0,99.6232729177821,95.93166318530695,0.05338912722001776,0.05201270640767318,0.021331072860812636,-0.08832211482970753
2023-06-21,259.4599914550781,276.989990234375,257.7799987792969,275.1300048828125,211797100,226.56600036621094,193.34419921875,246.49112376407388,224.52180621800537,80.46745154481086,21.96931754606851,18.745768174623684,3.2235493714448253,285.5287427427754,167.60325798964647,0.4545035405720581,11.173573085239955,14953405800.0,77.41561468329783,90.85681131259223,-0.054618400747766804,-0.05616662426467672,0.026336307560192736,-0.01241039592518689
2023-06-22,264.6099853515625,265.0,248.25,250.77000427246094,166875900,230.50799942016602,194.9005990600586,249.2786409313798,227.49130096863922,80.79618629545172,21.78733996274059,19.354082532247066,2.433257430493523,288.52091642308517,172.49508241724686,0.4384786683378016,11.625001089913505,15120281700.0,81.5883303366404,86.20907264590677,0.019848894111198723,0.019654473293680905,0.025186350859051083,-0.026869678943204356
2023-06-23,256.6000061035156,262.45001220703125,252.8000030517578,259.2900085449219,177460800,234.19300003051757,196.42179931640624,250.4050048040161,229.64750134900044,72.6153871949497,20.757503455015666,19.634766716800787,1.1227367382148792,288.7318400660397,179.65415999499544,0.42508837675958966,11.773571559361049,14942820900.0,68.36800056706066,75.79064852899963,-0.030270888067223778,-0.03073851253541729,0.02641498056436866,0.020148023332745346
2023-06-26,241.0500030517578,258.3699951171875,240.6999969482422,250.07000732421875,179990600,237.02200012207032,197.52479949951172,248.96577376520713,230.49213110476023,61.03994047462589,18.4736426604469,19.40254190553001,-0.9288992450831124,286.31891182939455,187.7250884147461,0.409018138006323,12.512857709612165,14762830300.0,44.244505201174206,64.73361203495843,-0.060600166336257755,-0.06251408245574486,0.03164356094119873,0.16083801610297566
2023-06-27,250.2100067138672,250.38999938964844,240.85000610351562,243.24000549316406,164968200,239.8740005493164,198.82899963378907,249.15719421884714,231.9527144832126,62.945711544150086,17.20447973563455,18.96292947155092,-1.7584497359163684,284.90411551873814,194.84388557989467,0.3599385616972294,12.524285452706474,14927798500.0,50.38905957647323,54.3338551149027,0.03800042956291749,0.03729619858071868,0.0312006184127501,0.1289716774172185
2023-06-28,256.239990234375,259.8800048828125,248.88999938964844,249.6999969482422,159770800,242.62799987792968,200.21299957275392,250.24685514431297,233.75177194626167,63.84298771125386,16.495083198051304,18.469360216850998,-1.9742770187996932,284.3009376436096,200.9550621122498,0.32526490285581816,12.629285539899554,15087569300.0,61.55983393301838,52.0644662368886,0.0240996896954786,0.023813875097039847,0.03062232521390893,0.07922267828678531
2023-06-29,257.5,260.739990234375,253.61000061035156,258.0299987792969,131283400,245.30650024414064,201.67679962158203,251.36272358364945,235.51089995024228,60.74411505385646,15.851823633407179,17.945852900162237,-2.094029266755058,283.22376090630814,207.38923958197313,0.29450299543431074,12.265713282993861,15218852700.0,46.29376180599768,52.74755177182976,0.004917303362650394,0.004905252914132209,0.030668846882288506,0.06574754437196595
2023-06-30,261.7699890136719,264.45001220703125,259.8900146484375,260.6000061035156,112620800,248.01899948120118,203.30039947509766,252.96384134211445,237.45601765864447,58.67718839858834,15.50782368346998,17.458247056823787,-1.9504233733538072,282.12483401526583,213.91316494713655,0.26057864511186074,11.507857186453682,15331473500.0,58.06006052059642,55.30455208653749,0.016582481606492783,0.016446493545468958,0.030660190288314012,0.029949943335487283
2023-07-03,279.82000732421875,284.25,275.1099853515625,276.489990234375,119685900,251.31149978637694,205.63699951171876,257.0955591855151,240.59409096720552,63.30405629003886,16.50146821830961,17.266891289120952,-0.765423070811341,284.27207084397895,218.3509287287749,0.23558409116480106,12.644286019461495,15451159400.0,89.82780168484807,64.72720800381406,0.06895373445427366,0.06668035183063045,0.03297437712246448,-0.03584446614525105
2023-07-05,282.4800109863281,283.8500061035156,277.6000061035156,278.82000732421875,131530900,254.55500030517578,207.9849996948242,261.0008594625633,243.69675170936276,61.16067935111612,17.304107753200554,17.274334581936873,0.029773171263681064,286.2963084150762,222.81369219527534,0.22473312712690816,12.387143816266741,15582690300.0,95.93573159449001,81.27453126664483,0.009506123909958086,0.009461225032650612,0.03298130289578656,-0.037135444434901355
2023-07-06,276.5400085449219,279.9700012207031,272.8800048828125,278.0899963378906,120332100,257.3165008544922,210.2647998046875,263.39149778292614,246.1295855490338,58.93583964537738,17.261912233892332,17.271850112327968,-0.009937878435636094,286.3763962305136,228.2566054784708,0.21016774772610045,12.282143729073661,15462358200.0,82.2962321110793,89.35325513013913,-0.021028045208104085,-0.02125228365266279,0.03386235824042888,0.004917861103419963
2023-07-07,274.42999267578125,280.7799987792969,273.7699890136719,278.42999267578125,113879200,259.8095001220703,212.53999969482422,265.0897277664423,248.22591200286695,58.29230818925598,16.86381576357536,17.19024324257745,-0.32642747900208846,285.3870646056745,234.2319356384661,0.1864050225284391,11.950000217982701,15348479000.0,77.45119027127853,85.22771799228262,-0.007630056425625198,-0.007659314226953743,0.03412680445294667,0.025325264703272232
2023-07-10,269.6099853515625,277.5199890136719,265.1000061035156,276.4700012207031,119425400,261.54699935913084,214.85719940185547,265.78515201030694,249.80991743610366,54.052351899447565,15.975234574203284,16.947241508902618,-0.9720069346993334,284.58335500205203,238.51064371620964,0.17088651678002614,12.28714098249163,15229053600.0,66.38343599723258,75.37695279319682,-0.01756370459810941,-0.01771977662648564,0.033626219114671646,0.07703727851239117
2023-07-11,269.7900085449219,270.8999938964844,266.3699951171875,268.6499938964844,91972400,262.8165000915527,217.04919952392578,266.4012837848631,251.289924184905,47.62680733035403,15.111359599958092,16.580065127113713,-1.4687055271556204,284.6406525649627,240.99234761814276,0.1617862172963021,11.59571293422154,15321026000.0,66.79680725036725,70.21047783962612,0.000667717084456676,0.0006674942605875906,0.032727365240200125,0.08729006652241345
2023-07-12,271.989990234375,276.5199890136719,271.4599914550781,276.3299865722656,95672100,263.92449951171875,219.2027993774414,267.2610847770957,252.82326241079167,57.33692271563032,14.437822366304005,16.15161657495177,-1.7137942086477658,285.2161844622061,242.63281456123138,0.15656226857569444,10.704283578055245,15416698100.0,71.84842960453334,68.34289095071107,0.008154422401772665,0.008121354742896705,0.03249871596910458,0.07084826730073757
2023-07-13,277.8999938964844,279.45001220703125,270.6000061035156,274.5899963378906,112681500,264.8839996337891,221.52419921875,268.8978400262324,254.68079807639853,57.71329353598697,14.217041949833884,15.764701649928194,-1.547659700094309,286.9033969078537,242.86460235972447,0.1584699370829541,10.139998299734932,15529379600.0,85.41904555822182,74.68809413770747,0.02172875427149612,0.021496049775542363,0.03195217958833738,-0.05397625163528208
2023-07-14,281.3800048828125,285.29998779296875,276.30999755859375,277.010009765625,120062400,266.1134994506836,223.9455993652344,270.8181730810909,256.6585170990959,65.18009171348437,14.159655981995002,15.443692516341557,-1.284036534346555,288.96048667079845,243.26651223056876,0.16239240048083745,9.938570295061384,15649442000.0,91.21079884362388,82.82609133545968,0.012522529912772917,0.012444771516691934,0.03188584481624236,-0.0759116337283331
2023-07-17,290.3800048828125,292.2300109863281,283.57000732421875,286.6300048828125,131569600,267.8375,226.5409994506836,273.82768566597116,259.1564050830749,82.85597902918626,14.671280582896259,15.289210129652497,-0.6179295467562387,292.5656299491829,243.10937005081706,0.17031565213426006,9.451428004673549,15781011600.0,96.39936565070573,91.0097366841838,0.03198521516746822,0.03148434056863512,0.03236829532338953,-0.0734210584947913
2023-07-18,293.3399963378906,295.260009765625,286.010009765625,290.1499938964844,112120300,269.4774993896484,229.18379943847657,276.8295796154972,261.68852295380196,81.31259183359386,15.141056661695245,15.259579436061047,-0.11852277436580216,296.41940151914775,242.5355972601491,0.1836906147531662,9.430714198521205,15893131900.0,95.85936381483388,94.48984276972116,0.010193509901870401,0.010141906463636843,0.032271046808202454,-0.0956569097596639
2023-07-19,291.260009765625,299.2900085449219,289.5199890136719,296.0400085449219,142355400,270.3179992675781,231.60779968261718,279.04964579243995,263.8790034583815,76.97165419296249,15.17064233405847,15.241792015660533,-0.07114968160206203,298.9112888846717,241.72470965048447,0.19634202196245512,9.343572344098773,15750776500.0,82.42119661707844,91.55997536087268,-0.007090702250741598,-0.00711596075110357,0.030420899612224075,-0.09239168701451217
2023-07-20,262.8999938964844,280.92999267578125,261.20001220703125,279.55999755859375,175158300,270.48999938964846,233.42999969482423,276.56508396229293,263.8064842315743,52.934139830828954,12.758599730718629,14.745153558672152,-1.9865538279535233,298.84870098579887,242.13129779349805,0.21573755994316618,10.981430053710938,15575618200.0,7.639542421957222,61.97336761795651,-0.09737009860008494,-0.1024426640636013,0.035748992038688664,-0.027348753706887496
2023-07-21,260.0199890136719,268.0,255.8000030517578,268.0,161796100,270.26049957275393,235.24739959716797,274.01968473942816,263.5260031043223,49.03453672023496,10.493681635105872,13.894859173958897,-3.401177538853025,298.8925351490782,241.62846399642964,0.22022949608553977,11.356428963797432,15413822100.0,9.703346582654133,33.25469520722993,-0.010954754468143868,-0.011015199637560409,0.03557000685079628,0.024690461114498463
2023-07-24,269.05999755859375,269.8500061035156,254.1199951171875,255.85000610351562,136508500,270.8834991455078,237.2577996826172,273.2566559423767,263.9359286194535,43.408476859109335,9.320727322923233,12.980032803751765,-3.6593054808285324,298.7972327765527,242.96976551446295,0.20749077443194455,10.874286106654576,15550330600.0,33.07504538376414,16.8059781294585,0.03476659075024635,0.03417588510139735,0.03565475874443287,-0.0060581465011628755
2023-07-25,265.2799987792969,272.8999938964844,265.0,272.3800048828125,112757300,272.0949989318848,239.12179962158203,272.0294779172875,264.0354893720345,39.60599373930122,7.993988545253046,11.982823952052023,-3.9888354067989766,296.4307884191439,247.75920944462567,0.18347247888451312,10.992142813546318,15437573300.0,24.706664477124264,22.49501881451418,-0.014048906614123058,-0.014148526638195701,0.03268030789341382,-0.015869991987525145
2023-07-26,264.3500061035156,268.0400085449219,261.75,263.25,95856200,272.8019989013672,241.04919982910155,270.8480207151688,264.05878690769975,42.15875727237448,6.7892338074690315,10.944105923135425,-4.154872115666393,295.20562002663104,250.39837777610336,0.1694996830564922,10.755714416503906,15341717100.0,22.647792661094105,26.809834173994172,-0.0035057022016762307,-0.003511861575139069,0.03180182079890222,-0.03873654343383759
2023-07-27,255.7100067138672,269.1300048828125,255.3000030517578,268.30999755859375,103697300,272.7754997253418,242.8363998413086,268.5190954841993,263.44035874519363,38.89153785120546,5.078736739005649,9.77103208630947,-4.692295347303821,295.26270150987125,250.28829794081233,0.17588049895671115,11.242856706891741,15238019800.0,3.5200600486610005,16.95817239562646,-0.032683938680391544,-0.03322998965193553,0.03237155421954569,0.014117557059044161
2023-07-28,266.44000244140625,267.25,258.2300109863281,259.8599853515625,111446000,273.2224998474121,244.8347998046875,268.1992350160773,263.6625545745427,48.24221889120344,4.5366804415346,8.724161757354496,-4.1874813158198965,294.7668438909224,251.67815580390177,0.16172004088048464,11.180000305175781,15349465800.0,27.27474797778458,17.8142002291799,0.04196157931177735,0.041105070589749985,0.033676790577718496,-0.0472151393025948
2023-07-31,267.42999267578125,269.0799865722656,263.7799987792969,267.4800109863281,84582200,273.50550003051757,246.7061996459961,268.08089004064715,263.9416240635233,48.70300264375848,4.139265977123841,7.807182601308366,-3.6679166241845245,294.55954309329,252.45145696774512,0.15745461346437173,11.234999520438057,15434048000.0,29.466445874746523,20.0870846337307,0.00371562162326855,0.0037087357528333273,0.0335112214379182,-0.059753939966308955
2023-08-01,261.07000732421875,266.4700012207031,260.25,266.260009765625,83166000,272.56800003051757,248.3897998046875,267.00229269965814,263.7289117124637,44.2610969392587,3.2733809871944572,6.900422278485585,-3.6270412912911274,294.1024806585186,251.03351940251656,0.1649709275202775,11.267143249511719,15350882000.0,15.386340803277427,24.042511551936176,-0.023781870118334214,-0.02406922380883306,0.02992741396446141,-0.043551576423929594
2023-08-02,254.11000061035156,259.5199890136719,250.49000549316406,255.57000732421875,101752900,271.1494995117188,249.86919982910158,265.0188631474571,263.0163997789739,37.63385150914676,2.002463368483234,5.920830496485115,-3.918367128001881,293.6506935038016,248.64830551963593,0.17709805940763299,11.390714372907366,15249129100.0,7.41802231707632,17.423602998366757,-0.02665954157355066,-0.027021352113566002,0.03022170438836788,-0.04690881169695982
2023-08-03,259.32000732421875,260.489990234375,252.0,252.0399932861328,97569100,270.2884994506836,251.27820007324217,264.14211609772815,262.7425929304735,38.735701889531434,1.3995231672546424,5.016569030639021,-3.6170458633843783,293.23464050111284,247.3423584002544,0.17697162118108736,11.35500008719308,15346698200.0,18.094264915329102,13.632876011894288,0.020502958173047814,0.020295602012260543,0.030475966881902572,-0.053910267590149386
2023-08-04,253.86000061035156,264.7699890136719,253.11000061035156,260.9700012207031,99539900,269.25999984741213,252.64,262.5602521765933,262.08462312898297,30.652676257686352,0.4756290476103118,4.108381034033279,-3.632751986422967,293.2450082247477,245.27499147007654,0.18896248577695435,11.412855965750557,15247158300.0,6.905727267156499,10.806004833187309,-0.02105509239416581,-0.021279912186420162,0.030735745636067978,-0.04415822377261147
2023-08-07,251.4499969482422,253.64999389648438,242.75999450683594,251.4499969482422,111097900,268.3520004272461,254.01100006103516,260.85098214146234,261.2968730415207,27.677715773243236,-0.44589090005837306,3.1975266472149486,-3.6434175472733217,293.6217761414277,243.08222471306445,0.2009924519456891,11.544999258858818,15136060400.0,15.37236915490206,13.457453779129224,-0.009493435973824349,-0.009538785882980292,0.030593010949866186,-0.0464903662091215
2023-08-08,249.6999969482422,250.9199981689453,245.00999450683594,247.4499969482422,96642200,267.3474998474121,255.31559997558594,259.13544595789,260.43784518275936,27.775397838101824,-1.3023992248693617,2.2975414727980867,-3.5999406976674484,293.9392135159909,240.7557861788333,0.2129892991075265,11.307140895298549,15039418200.0,18.18182544968195,13.486640623913507,-0.006959634206558429,-0.00698396541730477,0.030592131997992073,-0.06704041024816221
2023-08-09,242.19000244140625,251.10000610351562,241.89999389648438,250.8699951171875,101596300,265.85750045776365,256.29600006103516,256.52845464766176,259.08615312784434,35.74673557812275,-2.55769848018258,1.3264934822019534,-3.8841919623845333,294.60599740819504,237.1090035073323,0.23740448953822182,9.817141941615514,14937821900.0,0.935511435201677,11.496568679928565,-0.03007606967809695,-0.030537632908455258,0.031023288874772553,-0.0684999222538275
2023-08-10,245.33999633789062,251.8000030517578,243.0,245.39999389648438,109498600,264.229500579834,257.1795999145508,254.80715336923544,258.06791929155145,39.93417709309542,-3.2607659223160113,0.40904160129836054,-3.669807523614372,293.7830203465365,234.67598081313153,0.2409188897679803,9.632142203194755,15047320500.0,11.09678206869446,10.07137298452603,0.013006292021680244,0.012922436522360333,0.030682536626111947,-0.10646447993426289
2023-08-11,242.64999389648438,243.7899932861328,238.02000427246094,241.77000427246094,99038600,262.2930000305176,257.95399993896484,252.93682114265835,256.9258507437687,30.16372775127607,-3.98902960111036,-0.47057263918338366,-3.5184569619269763,292.18837775334265,232.39762230769253,0.2464074055207153,9.031426565987724,14948281900.0,13.274056769506068,8.43545009113407,-0.01096438608281991,-0.011024937980288016,0.03039442985685218,-0.1119307194992426
2023-08-14,239.75999450683594,240.66000366210938,233.75,235.6999969482422,98595300,259.7619995117187,258.59879974365236,250.9096170448395,255.65430583732925,30.57246265555284,-4.74468879248974,-1.3253958698446549,-3.4192929226450848,288.1798288576493,231.3441701657882,0.23705230227739518,9.102855137416295,14849686600.0,16.98698043307989,13.785939757093475,-0.011910156448968756,-0.011981650600334395,0.028989161711129457,-0.035368685025963686
2023-08-15,232.9600067138672,240.5,232.61000061035156,238.72999572753906,88197600,256.7430000305176,258.9785998535156,248.14813853238223,253.97324664299873,28.06428270639006,-5.8251081106164975,-2.2253383179990234,-3.599769792617474,282.87847564757413,230.60752441346105,0.22437735975134482,9.217140197753906,14761489000.0,0.9583955710815024,10.40647759122249,-0.028361644764614224,-0.028771606269163794,0.028919063860174808,0.000987275587700065
2023-08-16,225.60000610351562,233.97000122070312,225.3800048828125,228.02000427246094,112484500,253.45999984741212,259.1383999633789,244.67919508178738,251.87152512155555,28.57548607931531,-7.192330039768166,-3.218736662352852,-3.973593377415314,277.77135722299056,229.14864247183365,0.2155262120376299,8.84285409109933,14649004500.0,0.5034354985809694,6.149603834247458,-0.03159340830287438,-0.03210324714965498,0.02925960050854758,0.04991132181826874
2023-08-17,219.22000122070312,226.74000549316406,218.8300018310547,226.05999755859375,120718400,251.27600021362304,259.0966000366211,240.76239602623596,249.45289372149242,14.183849009008583,-8.690497695256454,-4.313088868933573,-4.377408826322881,279.5428373690243,223.00916305822176,0.2578855669920666,8.583569117954799,14528286100.0,0.7761184240138299,0.7459831645587696,-0.028280162722535862,-0.02868774932252366,0.021815543711204383,0.04935677404059713
2023-08-18,215.49000549316406,217.5800018310547,212.36000061035156,214.1199951171875,136276600,249.04950103759765,258.915,236.8743359442249,246.93712422309773,12.175942354576122,-10.06278827887283,-5.463028750921424,-4.599759527951406,281.1688541133987,216.93014796179656,0.29810526945130167,8.694998604910714,14392009500.0,5.784521987523073,2.3546919700392928,-0.017014851321818125,-0.017161267109647337,0.021888735293944167,0.10719750455182653
2023-08-21,231.27999877929688,232.1300048828125,220.5800018310547,221.5500030517578,135702700,247.1605010986328,258.8433999633789,236.01366868808213,245.77733715318655,30.925848411695668,-9.763668465104416,-6.323156693758023,-3.4405117713463937,278.76436436561374,215.55663783165184,0.27329525625896867,9.370713370186943,14527712200.0,36.099985413058555,14.220208608198488,0.073274828918382,0.07071456218373605,0.02704001556121441,0.03260121318193643
2023-08-22,233.19000244140625,240.82000732421875,229.5500030517578,240.25,130442800,245.55600128173828,258.6192001342773,235.57925849628586,244.84494198935099,35.67907988642486,-9.265683493065126,-6.911662053619444,-2.354021439445682,276.538815081189,214.57318748228755,0.26573020691344423,9.419999258858818,14658155000.0,39.74433588948783,27.20961443002315,0.008258403978685713,0.00822448994977978,0.02720206903397433,0.10287743892623769
2023-08-23,236.86000061035156,238.97999572753906,229.2899932861328,229.33999633789062,101077600,244.18150100708007,258.3598001098633,235.77629574460366,244.25346485016584,34.29369824010327,-8.477169105562183,-7.224763464007992,-1.2524056415541907,274.0736258536693,214.28937616049086,0.2524033164701666,9.505714416503906,14759232600.0,46.746814387733,40.86371189675979,0.01573823118710882,0.015615669490355368,0.027634864785040254,0.08460691224560013
2023-08-24,230.0399932861328,238.9199981689453,228.17999267578125,238.66000366210938,99777400,242.89800033569335,257.78640014648437,234.8937876740697,243.2006151046819,33.65357389333394,-8.306827430612202,-7.441176257328834,-0.8656511732833678,272.9100651889119,212.88593548247476,0.2609291056263281,9.440001351492745,14659455200.0,42.81907374707872,43.10340800809985,-0.02879341090367582,-0.02921607421029239,0.027443648398033378,0.12189181926838066
2023-08-25,238.58999633789062,239.0,230.35000610351562,231.30999755859375,106612200,241.50550003051757,257.4223999023437,235.46243516081137,242.8590877886233,41.86075752786566,-7.396652627811932,-7.432271531425454,0.03561890361352216,269.43017716810147,213.58082289293364,0.23408087150508228,9.287144252232142,14766067400.0,66.5060702413556,52.023986125389115,0.037167463490241914,0.036493404628287436,0.02703039685462919,0.02690807773790027
2023-08-28,238.82000732421875,244.3800048828125,235.35000610351562,242.5800018310547,107673700,240.07500076293945,257.08080017089844,235.9789847244125,242.55989664311184,42.97883954826395,-6.580911918699343,-7.261999608880232,0.6810876901808891,265.19868242807405,214.95131909780486,0.2103984665826346,9.472143990652901,14873741100.0,67.08926236124455,58.80480211655962,0.0009640428763089126,0.0009635784854130897,0.026989794792044313,0.07398870433065396
2023-08-29,257.17999267578125,257.4800109863281,237.77000427246094,238.5800018310547,134047600,239.88050003051757,257.01359985351564,239.2406782553923,243.64286671960588,58.48522161029388,-4.402188464213566,-6.690037379946899,2.287848915733333,264.37209211770374,215.38890794333142,0.19046265483071184,10.222857883998326,15007788700.0,99.33506595180226,77.6434661848008,0.07687791972402569,0.07406603958973092,0.032237489822496294,-0.020452580514173424
2023-08-30,256.8999938964844,260.510009765625,250.58999633789062,254.1999969482422,121988400,240.0199996948242,256.6625994873047,241.95749604632957,244.6248761401154,56.763397319537816,-2.667380093785823,-5.885505922714684,3.2181258289288612,264.8818333726342,215.1581660170142,0.1935526217865764,10.245001656668526,14885800300.0,92.50256451992746,86.3089642776581,-0.0010887269121663268,-0.001089320005828064,0.0316372164664928,-0.021058733094015625
2023-08-31,258.0799865722656,261.17999267578125,255.0500030517578,255.97999572753906,108861700,239.95799865722657,256.63499938964844,244.43787920416588,245.62155098694134,59.18999167640471,-1.1836717827754626,-4.945139094726841,3.761467311951378,264.62257852222444,215.29341879222872,0.19113903555703626,10.160001482282366,14994662000.0,93.65012984783483,95.1625867731882,0.004593198535678855,0.004582681990043304,0.031319711621190974,-0.03712022268562509
2023-09-01,245.00999450683594,259.0799865722656,242.00999450683594,257.260009765625,132541600,239.51549835205077,256.2429995727539,244.5258969430382,245.57625050693355,52.78869723519131,-1.0503535638953565,-4.1661819885605444,3.115828424665188,263.43625788040424,215.5947388236973,0.19526354079148447,10.743572780064174,14862120400.0,66.87832691995794,84.34367376257342,-0.05064318329763218,-0.05197055872941742,0.033029409738668344,0.11660745563843755
2023-09-05,256.489990234375,258.0,244.86000061035156,245.0,129469600,239.76749801635742,256.2407992553711,246.36652668016694,246.38467567192922,61.90668339145146,-0.018148991762274136,-3.3365753892008905,3.3184263974386163,264.3155991939386,215.21939683877625,0.19141566620318917,11.118572780064174,14991590000.0,90.39327487799562,83.64057721526281,0.046855214011356505,0.04579063580383254,0.03465391159196287,0.04284775691211462
2023-09-06,251.9199981689453,255.38999938964844,245.05999755859375,255.13999938964844,116959800,239.87849807739258,256.45819915771483,247.22090690920976,246.79469956059708,63.705477630509,0.42620734861267806,-2.584018841638177,3.010226190250855,264.63489584240796,215.12210031237717,0.1965417429736006,11.321429661342076,14874630200.0,81.03237195279385,79.43465791691581,-0.017817428513501543,-0.017978069897591802,0.034878602441773404,0.07692914323946054
2023-09-07,251.49000549316406,252.80999755859375,243.27000427246094,245.07000732421875,115312900,240.34349822998047,256.4837991333008,247.87769130674118,247.14250000004648,67.91385479625242,0.735191306694702,-1.9201768119716012,2.655368118666303,265.62646896285423,215.06052749710673,0.20106541159196073,11.437857491629464,14759317300.0,80.15160024927502,83.8590823600215,-0.0017068620153485314,-0.0017083203640211426,0.03411639557730982,0.09761820555698031
2023-09-08,248.5,256.5199890136719,246.6699981689453,251.22000122070312,118367700,240.50149841308593,256.3289993286133,247.97343110570407,247.2430555555986,68.47643853585485,0.7303755501054638,-1.3900663395561883,2.1204418896616524,265.95486191640174,215.0481349097701,0.2048560442922802,11.65142822265625,14640949600.0,68.76848390197135,76.65081870134675,-0.01188916230408743,-0.01196040362366716,0.034164259262297714,0.10418516961141844
2023-09-11,273.5799865722656,274.8500061035156,260.6099853515625,264.2699890136719,174667900,242.047998046875,256.6505990600586,251.91290117748278,249.19393933461097,71.44595566663355,2.7189618428718063,-0.5682607030705894,3.2872225459423956,271.4960335043963,212.5999625893537,0.21527916443363554,12.34500013078962,14815617500.0,97.2787247336251,82.0662696282905,0.10092549928477124,0.09615118904304938,0.0406212993335296,-0.03033843190417851
2023-09-12,267.4800109863281,278.3900146484375,266.6000061035156,270.760009765625,135999900,243.43399887084962,256.7647994995117,254.30784114807437,250.54846316066408,66.67640778984209,3.7593779874102893,0.2972670350255864,3.4621109523847027,274.964333870764,211.90366387093525,0.23575843954579473,12.382143293108259,14679617600.0,78.27126291871862,81.43949051810502,-0.022296863386701782,-0.022549196320499374,0.040937957665768084,-0.003663866255703918
2023-09-13,271.29998779296875,274.9800109863281,268.1000061035156,270.07000732421875,111673700,245.3509979248047,256.5943991088867,256.9220175549812,252.0856131334274,66.72494927275116,4.836404421553823,1.2050945123312338,3.631309909222589,278.8034960273484,211.898499822261,0.24660891712292723,12.225714547293526,14791291300.0,85.87925960241826,87.143082418254,0.014281354305895722,0.01418033641106544,0.040142709586852066,-0.03210465111308736
2023-09-14,276.0400085449219,276.7099914550781,270.4200134277344,271.32000732421875,107709800,247.872998046875,256.4655990600586,259.86324693804903,253.8600127935381,72.79938927488578,6.003234144510941,2.1647224387671753,3.8385117057437657,282.63560573108794,213.1103903626621,0.25186644405248065,11.907855442592076,14899001100.0,95.10823129377833,86.41958460497175,0.017471511114000693,0.017320639037477315,0.039055074987438675,-0.07368501292221064
2023-09-15,274.3900146484375,278.9800109863281,271.0,277.54998779296875,133692300,250.63149871826172,256.4225991821289,262.0981342781088,255.38075367167878,69.04663172035922,6.717380606429998,3.07525407229974,3.642126534130258,284.5665951758325,216.69640226069095,0.24734935417420462,11.837855747767858,14765308800.0,89.47972536076064,90.1557387523191,-0.005977372284481253,-0.0059953082833390835,0.038187951497536336,-0.10754768100229428
2023-09-18,265.2799987792969,271.44000244140625,263.760009765625,271.1600036621094,101543300,253.12099838256836,256.2395993041992,262.5876518936762,256.11403108705787,62.862148019904936,6.473620806618328,3.754927419163458,2.71869338745487,283.29857109861706,222.94342566651966,0.22751487375537363,11.952141898018974,14663765500.0,66.75561762748089,83.78119142733996,-0.033200974462619715,-0.03376463807907184,0.03899724183410944,-0.0689459943090146
2023-09-19,266.5,267.8500061035156,261.20001220703125,264.3500061035156,103704000,254.88199844360352,256.17739959716795,263.1895516023414,256.8833621176462,55.43631230290337,6.30618948469521,4.2651798322698085,2.0410096524254016,283.7763759615613,225.98762092564573,0.2168433584837358,11.019283839634486,14767469500.0,66.24288497703701,74.15940932175953,0.004598918977371191,0.004588376260533905,0.03615934939637498,-0.0839775042507036
2023-09-20,262.5899963378906,273.92999267578125,262.4599914550781,267.0400085449219,122514600,256.35199813842775,256.03339935302733,263.0973123308874,257.30607576359023,53.184110758076805,5.791236567297176,4.5703911792752825,1.2208453880218935,283.5408370119806,229.16315926487485,0.20708206140928034,11.129997253417969,14644954900.0,55.666736967547884,62.888413190688595,-0.014671683535119606,-0.014780377139554338,0.036503130397366065,-0.08412352582337557
2023-09-21,255.6999969482422,260.8599853515625,254.2100067138672,257.8500061035156,119951500,257.29399795532225,255.7075994873047,261.9592638104805,257.18710696245336,48.748163872876106,4.772156848027123,4.610744313025651,0.1614125350014719,282.8986703145206,231.68932559612395,0.2002711980038163,11.290711539132255,14525003400.0,37.03001444056699,52.97987879505063,-0.026238620989897266,-0.026588996104119158,0.03714926272471459,-0.036448933033488506
2023-09-22,244.8800048828125,257.7900085449219,244.47999572753906,257.3999938964844,127524100,258.03599853515624,255.04719970703124,259.33168551391617,256.2754697713689,49.92996998947438,3.0562157425472947,4.29983859892998,-1.243622856382685,281.043601753226,235.02839531708645,0.18790920254252766,11.022141592843193,14397479300.0,4.5085418863314555,32.401764431482114,-0.042315182614647506,-0.043236555785455495,0.03790192207300712,0.021806583761079468
2023-09-25,246.99000549316406,247.10000610351562,238.30999755859375,243.3800048828125,104636600,258.45599899291994,254.35939971923827,257.43296551072353,255.58765760261295,44.30729285265951,1.845307908110584,3.808932460766101,-1.9636245526555167,280.24325036362023,236.66874762221966,0.17642212952866462,10.711427961077009,14502115900.0,21.342525371377604,20.96036056609202,0.008616467528091087,0.008579557642104906,0.03710815931830655,0.018664725324196052
2023-09-26,244.1199951171875,249.5500030517578,241.66000366210938,242.97999572753906,101993600,258.7209983825684,253.43419952392577,255.38481621941028,254.73820112221108,45.228770826788505,0.6466150971992022,3.1764689880527213,-2.529853890853519,279.613177103749,237.82881966138774,0.17116319137358288,10.458571297781807,14400122300.0,14.285703565784521,13.378923607831199,-0.011619945391094011,-0.011687984544270934,0.0372396508780197,0.00987220920167764
2023-09-27,240.5,245.3300018310547,234.5800018310547,244.25999450683594,136597200,257.8869987487793,252.37739959716797,253.09484449334715,253.68351955760286,43.529960892728525,-0.5886750642557104,2.423440177591035,-3.0121152418467454,280.31355186096647,235.46044563659214,0.18649940218035063,10.545000348772321,14263525100.0,13.333326459706045,16.32051846562273,-0.014828753029631048,-0.014939798128788435,0.03289291246685248,0.08590438113143195
2023-09-28,246.3800048828125,247.5500030517578,238.64999389648438,240.02000427246094,117058900,257.3609992980957,251.47979949951173,252.06179224557258,253.14251847058136,48.79298810593102,-1.0807262250087888,1.7226068970710704,-2.8033331220798594,280.3709151110018,234.3510834851896,0.18678395451652396,10.477144513811384,14380584000.0,26.576577969219965,18.065202664903513,0.02444908475181906,0.0241549898062297,0.03345565644299953,0.05548332916325016
2023-09-29,250.22000122070312,254.77000427246094,246.35000610351562,250.0,128522700,256.9680000305176,251.2261996459961,251.77843978020803,252.92603571133114,32.4572018084626,-1.1475959311231065,1.1485663314322352,-2.2961622625553417,280.1936891405048,233.74231092053043,0.1856421468841835,9.196429661342076,14509106700.0,35.22521658633173,25.045040338419255,0.015585665483353939,0.015465456415727708,0.03365196826074851,0.041203730750124734
2023-10-02,251.60000610351562,254.27999877929688,242.6199951171875,244.80999755859375,123810400,257.29750061035156,251.05779998779298,251.75098844533227,252.8278112959374,37.16456448474624,-1.07682285060514,0.7034884950247602,-1.7803113456299002,279.9897439619749,234.60525725872822,0.1803834880853468,9.18714359828404,14632917100.0,38.33333505080172,33.378376535451146,0.005515166158101437,0.005500013317318054,0.03157224778946644,0.032074750113076256
2023-10-03,246.52999877929688,250.02000427246094,244.4499969482422,248.61000061035156,101985300,256.7995010375977,250.60720001220704,250.9477592659422,252.36130666507515,30.375557902149012,-1.4135473991329377,0.28008131619322063,-1.6936287153261582,279.99787673277507,233.60112534242026,0.18819921153648714,9.162144252232142,14530931800.0,26.914401990734117,33.49098454262253,-0.020151062008054166,-0.020356864105244222,0.030056916007278865,0.0693221775139432
2023-10-04,261.1600036621094,261.8599853515625,247.60000610351562,248.13999938964844,129721600,257.26150131225586,250.5248001098633,252.51887378842946,253.0130619981888,39.80822008671917,-0.4941882097593293,0.12522741100271065,-0.6194156207620399,280.4187103321922,234.10429229231954,0.17734116017165688,9.807859148297991,14660653400.0,59.86485664338901,41.70419789497496,0.05934371052307452,0.05764957536105983,0.0326969769282647,0.007007147138170744
2023-10-05,260.04998779296875,263.6000061035156,256.25,260.0,119159200,257.6895004272461,250.43879974365234,253.67750671220475,253.53431576076508,40.10487408311583,0.14319095143966365,0.12882011909010124,0.014370832349562407,280.7136040149466,234.66539683954562,0.17707444467200256,9.76285879952567,14541494200.0,64.72679005636954,50.50201623016423,-0.00425032873937603,-0.0042593870629195184,0.032718298724208526,-0.00453756097354896
2023-10-06,260.5299987792969,261.6499938964844,250.64999389648438,253.97999572753906,118121800,258.29100036621094,250.53519958496094,254.73173626098816,254.05251450287855,46.27918183441409,0.6792217581096054,0.23890044689400208,0.4403213112156033,280.92960206580307,235.6523986666188,0.17378882896913533,9.78928702218192,14659616000.0,65.94664036894021,63.51276235623292,0.001845841218459432,0.0018441397469999051,0.03255144841196791,-0.03611869537557888
2023-10-09,259.6700134277344,261.3599853515625,252.0500030517578,255.30999755859375,101377900,257.5955017089844,250.3997998046875,255.49147120971836,254.46862553434934,44.619518536777676,1.0228456753690125,0.39568949258900415,0.6271561827800083,279.0817473608403,236.10925605712845,0.16548884769735275,9.979286193847656,14558238100.0,63.76116247408094,64.81153096646356,-0.003300907210654902,-0.0033063672235030548,0.02295197636044895,-0.022143547431167976
2023-10-10,263.6199951171875,268.94000244140625,257.6499938964844,257.75,122656000,257.40250091552736,250.32359985351562,256.742013349329,255.14650476270774,50.81089482498184,1.5955085866212642,0.6356533113954562,0.9598552752258079,278.58205950171634,236.22294232933837,0.16068248978438832,9.966429574148995,14680894100.0,84.51685904958579,71.408220630869,0.015211543440507347,0.015097007960672728,0.02276862753887622,-0.033267541067108164
2023-10-11,262.989990234375,268.6000061035156,260.8999938964844,266.20001220703125,103706300,256.9870010375977,250.36199951171875,257.703240562413,255.72750368653493,56.36680465271225,1.9757368758780558,0.9036700242919762,1.0720668515860796,277.3280519676543,236.6459501075411,0.15469068546623224,9.917859758649554,14577187800.0,82.68331751407032,76.98711301257903,-0.002389822071472425,-0.0023926822540326844,0.022503323426372436,-0.07722726458331597
2023-10-12,258.8699951171875,265.4100036621094,256.6300048828125,262.9200134277344,111508100,256.1285003662109,250.45719940185546,257.8827412631475,255.96028082954624,63.83776968245086,1.9224604336012874,1.1074281061538385,0.8150323274474489,274.43087455810297,237.82612617431886,0.14140205150934376,9.594287327357701,14465679700.0,70.6926450929925,79.29760721888289,-0.015665976919941982,-0.015789985181823882,0.022265954986064016,-0.149727644137706
2023-10-13,251.1199951171875,259.6000061035156,250.22000122070312,258.8999938964844,102073800,254.96499938964843,250.29319915771484,256.8423187791537,255.60174114714928,53.67502074036548,1.2405776320044026,1.1340580113239513,0.10651962068045129,271.22387751845747,238.70612126083938,0.12949090829045043,9.636429922921318,14363605900.0,48.1373486374982,67.17110374818702,-0.02993780718577166,-0.030395093236742683,0.0230663682171843,-0.15582187951924364
2023-10-16,253.9199981689453,255.39999389648438,248.47999572753906,250.0500030517578,88917200,254.39699935913086,250.29439910888672,256.39273099296776,255.47716759320824,58.73129118264398,0.9155633997595203,1.0903590890110653,-0.17479568925154498,269.9154647267259,238.87853399153582,0.12223113956758805,9.567144121442523,14452523100.0,56.28636785152223,58.37212052733765,0.01115006015531006,0.011088356477393282,0.0222458349238794,-0.16477629426435503
2023-10-17,254.85000610351562,257.17999267578125,247.0800018310547,250.10000610351562,93562900,253.81449966430665,250.36239929199218,256.15538870228283,255.43071118656434,63.42878519238512,0.724677515718497,1.0172227743525517,-0.2925452586340547,268.2574518169227,239.37154751169064,0.11334472675468216,9.520714896065849,14546086000.0,53.48302290001286,52.63557979634444,0.0036626021631882555,0.003655911168542864,0.02223230267799874,-0.15040220095378654
2023-10-18,242.67999267578125,254.6300048828125,242.0800018310547,252.6999969482422,125147800,252.81899948120116,250.22199920654296,254.08225085205183,254.48621351909892,46.902201729916264,-0.4039626670470966,0.732985686072622,-1.1369483531197186,267.45847106651144,238.17952789589089,0.12064836020387149,9.797143118722099,14420938200.0,2.2337707783706997,37.33438717663527,-0.04775363208267347,-0.04893148784195894,0.024354148179231316,-0.1246909321744668
2023-10-19,220.11000061035156,230.61000061035156,216.77999877929688,225.9499969482422,170772700,251.03949966430665,249.78039916992188,248.85575081486718,251.93982737771023,30.8094390839463,-3.0840765628430518,-0.030426763710512773,-3.053649799132539,271.6421984051223,230.43680092349098,0.18720365893131294,11.045714242117745,14250165500.0,6.384205516093284,20.700333064825625,-0.09300310180733784,-0.09761624872658338,0.031220558620726847,-0.06519470293818519
2023-10-20,211.99000549316406,218.86000061035156,210.4199981689453,217.00999450683594,138010100,249.3949996948242,249.11339935302735,243.18409768845132,248.9805813121883,26.75197066090567,-5.796483623736975,-1.1836381357158052,-4.61284548802117,276.3416299664873,222.44836942316113,0.25422547830946696,10.90499986921038,14112155400.0,2.6828557921530347,3.766944028872349,-0.036890623300491754,-0.037588294506417,0.0309196492790865,-0.02212369602281783
2023-10-23,212.0800018310547,216.97999572753906,202.50999450683594,210.0,150683400,247.64949951171874,248.50199951171874,238.39885217192875,246.24720505432654,28.525125250816558,-7.848352882397791,-2.5165810850522026,-5.3317717973455885,279.35460069489307,215.9443983285444,0.29899189842926327,11.4278564453125,14262838800.0,14.406151107945957,7.824404138730768,0.0004245310418349302,0.00042444095402800134,0.030759629672496944,-0.06940777580919322
2023-10-24,216.52000427246094,222.0500030517578,214.11000061035156,216.5,118231100,246.2694999694824,248.03719970703125,235.03287557201062,244.04519018159576,18.123395693450405,-9.012314609585133,-3.8157277899587885,-5.196586819626344,280.89004130967004,211.6489586292948,0.31979069515094205,11.045000348772321,14381069900.0,21.08988121635202,12.726296038817011,0.02093550737020089,0.020719371046622376,0.03136497709670337,-0.07241828757235358
2023-10-25,212.4199981689453,220.10000610351562,212.1999969482422,215.8800048828125,107065100,244.8654998779297,247.62639953613282,231.55397135615442,241.70258336584388,17.381185308519264,-10.148612009689458,-5.082304633904923,-5.066307375784535,282.60795471085,207.1230450450094,0.35535688878880745,11.084286281040736,14274004800.0,14.91796248424503,16.80466493618101,-0.018935922882932887,-0.01911750338776431,0.031442603587793785,-0.03182371982443699
2023-10-26,205.75999450683594,214.8000030517578,204.8800048828125,211.32000732421875,115112600,242.83449935913086,247.2295993041992,227.58566722549003,239.04016937628774,15.418605163759523,-11.454502150797708,-6.3567441372834805,-5.097758013514228,284.41078010376236,201.25821861449938,0.40412404602052227,11.007143293108259,14158892200.0,4.892367321635934,13.63340367407767,-0.031352997455599385,-0.031855023921114375,0.031099718114955162,0.06196539823282521
2023-10-27,207.3000030517578,212.41000366210938,205.77000427246094,210.60000610351562,94881200,240.6884994506836,246.99119934082032,224.4647958141466,236.68904594484107,17.215472907620395,-12.224250130694458,-7.5302453359656765,-4.694004794728781,285.00040185689414,196.37659704447304,0.42751472989749,10.817145211356026,14253773400.0,7.210609623240822,9.00697980970727,0.00748448962886572,0.007456619810883741,0.030821040685948917,0.061070928488835996
2023-10-30,197.36000061035156,210.8800048828125,194.6699981689453,209.27999877929688,136448200,237.97649917602538,246.62859924316408,220.29482732125507,233.7757833274715,11.413946839067762,-13.480956006216417,-8.720387470015826,-4.760568536200591,285.9634189400834,189.98957941196738,0.4862882004018506,11.168573651994977,14117325200.0,3.638579944087894,5.247185629654892,-0.04794984223383958,-0.0491375588495086,0.03180751999592494,0.11101542153603039
2023-10-31,200.83999633789062,202.8000030517578,194.07000732421875,196.1199951171875,118068300,235.69199905395507,246.01979919433595,217.30177640073745,231.33609540231734,14.970139495719579,-14.034319001579888,-9.783173776328638,-4.25114522525125,286.2460137241003,185.13798438380982,0.5034257676951339,11.242143903459821,14235393500.0,9.489752398517087,6.779647321948609,0.017632730628176496,0.017479077618859314,0.03238818812438466,0.1062537180193357
2023-11-01,205.66000366210938,205.99000549316406,197.85000610351562,204.0399932861328,121661700,232.91699905395507,245.46919921875,215.5107344409485,229.43416268082046,20.24383675225411,-13.923428239871953,-10.611224669037302,-3.312203570834651,283.6773314426968,182.15666666521332,0.4936334871620328,11.196429661342076,14357055200.0,17.68655051673132,10.271627619778776,0.023999240251476817,0.02371578467512363,0.029234048524477793,0.0799863690329834
2023-11-02,218.50999450683594,219.1999969482422,211.4499969482422,212.97000122070312,125987600,230.83999938964843,245.1021990966797,215.97215906646966,228.6249650383031,32.74786160986781,-12.65280597183343,-11.019540929596529,-1.6332650422369017,280.3087306832061,181.37126809609077,0.4527823215153672,11.49357169015067,14483042800.0,38.726022587525186,21.967441834257873,0.06248172039245192,0.06060741733192271,0.03358409028846528,-0.03903711040105318
2023-11-03,219.9600067138672,226.3699951171875,218.39999389648438,221.14999389648438,119534800,228.81149978637694,244.90059936523437,216.5856740891462,227.98311627353007,31.773304527522782,-11.397442184383863,-11.095121180553996,-0.30232100382986715,276.44733326691363,181.17566630584022,0.43313176965395633,11.56857190813337,14602577600.0,41.023618124793636,32.478730409683386,0.006635907937775798,0.0066139872231546415,0.03367583864770425,-0.02414081039872984
2023-11-06,219.27000427246094,226.32000732421875,215.0,223.97999572753906,117335800,226.79149932861327,244.51419952392578,216.99864796350232,227.33770056974717,30.854503414044757,-10.339052606244849,-10.943907465692167,0.6048548594473182,272.2962804182657,181.28671823896082,0.41505705479997196,11.655715942382812,14485241800.0,41.61162147248151,40.453754061600115,-0.0031369449915676917,-0.0031418755173999516,0.033677031515029786,0.020249018811935526
2023-11-07,222.17999267578125,223.1199951171875,215.72000122070312,219.97999572753906,116900100,224.71949920654296,244.18139923095703,217.79577791923754,226.9556481331571,37.74802826129079,-9.159870213919561,-10.587100015337645,1.4272298014180844,266.80917398995734,182.62982442312858,0.37887907256198566,11.272143772670201,14602141900.0,76.92936649077369,53.18820202934962,0.013271256198382764,0.013183964542986627,0.0336097681089679,0.06854807583215972
2023-11-08,222.11000061035156,224.14999389648438,217.63999938964844,223.14999389648438,106584800,222.6754997253418,243.47999938964844,218.45950448710124,226.59671127961596,51.63505548216738,-8.137206792514718,-10.09712137077306,1.959914578258342,260.7154752576093,184.63552419307433,0.3425327578923486,9.887143816266741,14495557100.0,86.81115753043292,68.45071516456271,-0.00031502415940676265,-0.0003150737899407528,0.03363108370359214,0.09333211323476509
2023-11-09,209.97999572753906,220.8000030517578,206.67999267578125,219.75,142110500,220.2309997558594,242.54159942626953,217.15496467793784,225.3658434609436,48.457872207267485,-8.210878783005768,-9.719872853219602,1.5089940702138342,254.5823162277611,185.87968328395766,0.3271865622520967,10.297144208635602,14353446600.0,49.25694865522867,70.99915755881176,-0.054612601186257326,-0.056160489658582134,0.03519773311316191,0.11243928512593593
2023-11-10,214.64999389648438,215.3800048828125,205.69000244140625,210.02999877929688,130994000,218.40749969482422,241.6729995727539,216.76958455771424,224.57207682653922,51.84228780551414,-7.802492268824977,-9.336396736340678,1.5339044675157005,249.5796060635293,187.23539332611915,0.2904459096676044,9.955715724400111,14484440600.0,63.715152784387264,66.59441965668296,0.022240205086035525,0.021996498496030296,0.03555924797874533,0.09154441981838457
2023-11-13,223.7100067138672,225.39999389648438,211.61000061035156,215.60000610351562,140447600,216.89700012207032,241.24699981689454,217.837341812507,224.5082197811561,54.833938380876155,-6.670877968649108,-8.803292982802365,2.1324150141532563,243.40190682598615,190.3920934181545,0.23695772123252862,10.228572300502233,14624888200.0,91.76473867022018,68.24561336994539,0.04220830689495392,0.04134183399945281,0.037049801702766096,0.05314916200801045
2023-11-14,237.41000366210938,238.13999938964844,230.72000122070312,235.02999877929688,149771600,216.025,240.8654000854492,220.84852055859966,225.46390747604153,64.88031473776168,-4.615386917441867,-7.965711769730266,3.3503248522883986,238.03967378587961,194.0103262141204,0.1854570022012358,10.694999694824219,14774659800.0,98.34355375549265,84.60781507003337,0.06123998273248876,0.059438019477541446,0.03993594029556471,0.015963915705619947
2023-11-15,242.83999633789062,246.6999969482422,236.4499969482422,239.2899932861328,150354000,216.03300018310546,240.68380004882812,224.23182452464442,226.75102516951182,72.40754130348958,-2.5192006448673965,-6.876409544757692,4.357208899890296,238.08853753777515,193.97746282843576,0.1816466618948663,10.718571254185267,14925013800.0,92.66577736599764,94.25802326390351,0.022871793909364557,0.022614155469065075,0.03885686392146448,-0.03553776047671964
2023-11-16,233.58999633789062,240.8800048828125,230.9600067138672,239.49000549316406,136816800,216.7069999694824,240.32579986572264,225.67154326514384,227.25761562642876,64.532887869033,-1.58607236128492,-5.818342108063138,4.232269746778218,240.07212298951063,193.3418769494542,0.20005242849724011,11.092141287667411,14788197000.0,75.09024663550706,88.69985925233247,-0.038090924639652135,-0.03883534904080814,0.03344611707552713,0.007962672372583413
2023-11-17,234.3000030517578,237.38999938964844,226.5399932861328,232.0,142532800,217.8224998474121,240.04179992675782,226.9989986169306,227.77927395423092,72.74070540867142,-0.78027533730031,-4.810728753910573,4.030453416610263,242.34119109041075,193.30380860441346,0.20929313635205002,10.709284101213727,14930729800.0,76.4393001293911,81.39844137696527,0.0030395424675642158,0.0030349323976646067,0.03207125182851036,0.007597092428990093
2023-11-20,235.60000610351562,237.10000610351562,231.02000427246094,234.0399932861328,116320100,218.99850006103514,239.2822003173828,228.32223053794368,228.3585874467705,71.98887018446645,-0.03635690882683207,-3.855854384893825,3.819497476066993,244.5902070296658,193.40679309240448,0.2172470823908759,10.519998822893415,15047049900.0,77.27739421532031,76.2689803267395,0.005548455120893081,0.005533119144943252,0.03204900159224833,0.047198619817954146
2023-11-21,241.1999969482422,243.6199951171875,233.33999633789062,235.0399932861328,122288000,220.2324996948242,238.75660003662108,230.3034253702973,229.30980296539803,72.26258882409222,0.9936224048992699,-2.8859590269352062,3.879581431834476,247.63688613658354,192.82811325306488,0.22723372129759925,10.672855922154017,15169337900.0,86.58863511930223,80.10177648800455,0.023769060694616817,0.023490974516940124,0.03212579042693557,0.012189065002505384
2023-11-22,234.2100067138672,244.00999450683594,231.39999389648438,242.0399932861328,117950600,221.3220001220703,238.01480041503908,230.90443788469267,229.6727810208402,60.61385478904175,1.2316568638524643,-2.0624358487776724,3.2940927126301367,249.14795234369342,193.4960479004472,0.23761540005946793,10.606427873883929,15051387300.0,69.54403338681627,77.80335424047962,-0.028980059381488954,-0.029408274734311717,0.03260936385017968,0.02506295610314746
2023-11-24,235.4499969482422,238.75,232.3300018310547,233.75,65125200,222.80650024414064,237.20300018310547,231.60375466370027,230.1007229413885,60.50169262858239,1.5030317223117606,-1.349342334559786,2.8523740568715468,250.30270723325276,195.3102932550285,0.23356302693141662,10.495713370186943,15116512500.0,72.56766274657653,76.23344375089835,0.00529435207219775,0.005280386261856706,0.03144433349985301,0.014355510412495498
2023-11-27,236.0800018310547,238.3300018310547,232.10000610351562,236.88999938964844,112031800,224.24550018310546,236.4367999267578,232.29240807406248,230.54363248877118,61.40589221473463,1.7487755852912983,-0.7297187505895691,2.4784943358808675,251.33411351031305,197.15688685589788,0.2294867258311268,10.13214111328125,15228544300.0,74.10388553902807,72.07186055747363,0.0026757481035388775,0.0026721746625813217,0.0314606784982123,-0.00211792611030992
2023-11-28,246.72000122070312,247.0,234.00999450683594,236.67999267578125,148549900,226.71350021362304,236.06559997558594,234.51203778893026,231.74188202446985,65.07001576859898,2.7701557644604122,-0.029743847579572855,2.7998996120399853,252.44887109560221,200.97812933164386,0.20862006124065824,10.531427655901227,15377094200.0,99.32220092752863,81.99791640437775,0.04506946504203557,0.04408335693193017,0.029739684888094715,-0.03242542137004778
2023-11-29,244.13999938964844,252.75,242.75999450683594,249.2100067138672,135401300,228.87850036621094,235.61839996337892,235.9932626505792,232.66026108855715,63.124032338906126,3.333001562022048,0.6428052343407513,2.6901963276812966,252.66026870853233,205.09673202388956,0.1948207454884571,10.77999986921038,15241692900.0,81.70420514695435,85.04343053783703,-0.010457205813430348,-0.010512266581044115,0.03010295345019806,-0.01953798756609315
2023-11-30,240.0800018310547,245.22000122070312,236.91000366210938,245.13999938964844,132353200,230.5995002746582,235.1682000732422,236.62199175526774,233.20987151392734,69.83918527301738,3.4121202413404035,1.196668235740682,2.2154520055997216,252.1870582567253,209.0119422925911,0.17983636968862032,10.271427699497767,15109339700.0,73.07692556953315,84.70111054800539,-0.016629792613843564,-0.01676961998268328,0.030493750502342418,0.010663102045439077
2023-12-01,238.8300018310547,240.19000244140625,231.89999389648438,233.13999938964844,121331700,231.61550064086913,234.83080017089844,236.96168561308113,233.6261774633442,66.68968262994079,3.3355081497369383,1.6244362185399333,1.711071931197005,252.71450288475233,210.51649839698592,0.17668636337245747,10.17142813546317,14988008000.0,66.16432091365205,73.6484838767132,-0.005206597761023168,-0.005220199323597404,0.02778913841709794,0.020977241001655766
2023-12-04,235.5800018310547,239.3699951171875,233.2899932861328,235.75,104099800,232.39650039672853,234.64480010986327,236.74911887738475,233.77090519428572,58.907398819957265,2.9782136830990282,1.8951917114517525,1.0830219716472758,252.82462869879313,211.96837209466392,0.17342837374383385,9.620714460100446,14883908200.0,34.49067618816779,57.91064089045101,-0.01360800559009756,-0.01370144313218934,0.028086672092390314,0.01765856027581103
2023-12-05,238.72000122070312,246.66000366210938,233.6999969482422,233.8699951171875,137971100,233.36900024414064,234.47940002441408,237.05233154558758,234.13750489994626,51.1681809221932,2.9148266456413126,2.0991186982896646,0.815707947351648,253.00238570040517,213.7356147878761,0.1644888183299977,9.51571546282087,15021879300.0,46.470831034398046,49.04194271207263,0.013328802806870987,0.013240755825754019,0.02811364919864485,-0.007163231841165407
2023-12-06,239.3699951171875,246.57000732421875,239.1699981689453,242.9199981689453,126436200,234.22850036621094,234.38440002441405,237.40889517198758,234.52509676789006,46.617271670592224,2.8837984040975186,2.2560546394512357,0.6277437646462829,253.29638411795435,215.16061661446753,0.15931724226679633,9.344287327357701,15148315500.0,48.950776589374485,43.30409460398011,0.002722829646282676,0.002719129460769398,0.028041914635259596,-0.00033421829254542956
2023-12-07,242.63999938964844,244.0800018310547,236.97999572753906,241.5500030517578,107142300,235.25500030517577,234.42720001220704,238.2136804362431,235.12620066579808,59.98676514049369,3.0874797704450145,2.4223396656499916,0.665140104795023,253.77864745743776,216.73135315291378,0.152684200452172,9.002859933035714,15255457800.0,61.42694383356707,52.282850485779875,0.01366087788429815,0.013568409275163597,0.028100038211027797,0.03466041742196024
2023-12-08,243.83999633789062,245.27000427246094,239.27000427246094,240.27000427246094,103126800,236.94800033569337,234.3763998413086,239.07926749803502,235.771667011879,60.4148460592385,3.3076004861560193,2.5993918297511973,0.708208656404822,251.51109328051496,222.38490739087177,0.11944794261431517,8.656430925641741,15358584600.0,58.99675372965015,56.458158050863915,0.0049455858525417895,0.004933396614923965,0.024381760054662284,0.039616157345751635
2023-12-11,239.74000549316406,243.44000244140625,237.4499969482422,242.74000549316406,97913900,238.20250091552734,234.16679992675782,239.18091949728566,236.0656180104927,54.259262092589815,3.1153014867929585,2.7025737611595497,0.41272772563340876,248.32299839766162,228.08200343339306,0.08442894177228054,8.678573608398438,15260670700.0,39.063274997920196,53.16232418704582,-0.01681426716823431,-0.016957231787828677,0.024724394281387743,0.051472412009444524
2023-12-12,237.00999450683594,238.99000549316406,233.8699951171875,238.5500030517578,95328300,238.86750030517578,233.87499969482423,238.84693103721648,236.13557182503664,45.41875766053871,2.7113592121798433,2.7043308513636086,0.007028360816234702,246.3937551044617,231.34124550588987,0.06351002045248208,8.363574436732701,15165342400.0,26.276341949921136,41.44545689249717,-0.011387381846063915,-0.011452714531076777,0.023445328712319188,0.08527069398874776
2023-12-13,239.2899932861328,240.3000030517578,228.1999969482422,234.19000244140625,146286300,238.96149978637695,233.73019958496093,238.91509446012668,236.36923267400672,56.19208668588221,2.545861786119957,2.6726370383148783,-0.12677525219492125,246.45801005516924,231.46498951758466,0.06265627881754574,8.327146257672991,15311628700.0,45.173095555459966,36.83757083443378,0.009619842336358264,0.009573866272891631,0.019164284496877126,0.03280540901737128
2023-12-14,251.0500030517578,253.8800048828125,240.7899932861328,241.22000122070312,160829200,239.37200012207032,233.5279995727539,240.78200347422379,237.45669714643273,65.13387999507343,3.325306327791054,2.803170896210114,0.5221354315809403,248.48714517889402,230.2568550652466,0.07261617164724335,8.910718645368304,15472457900.0,88.97974705009827,53.47639485182646,0.04914543063053567,0.04797595720291628,0.02152830047226139,0.013742270090834952
2023-12-15,253.5,254.1300048828125,248.3000030517578,251.2100067138672,135932800,240.36750030517578,233.39699981689452,242.7386183243432,238.6450899504007,66.32308653590556,4.093528373942519,3.0612423917565947,1.032285982185924,251.0397099632424,229.69529064710918,0.0841988927658115,8.882147652762276,15608390700.0,97.57036370610489,77.24106877055438,0.009758999874367902,0.009711688394547188,0.019406443329050664,-0.0037870087332039226
2023-12-18,252.0800018310547,258.739990234375,251.36000061035156,253.77999877929688,116416500,241.25650024414062,233.22799987792968,244.17575424845268,239.6402686082269,56.07159115175308,4.535485640225772,3.3560910414504304,1.179394598775342,252.7324983676946,229.78050212058665,0.09105044462230091,8.481432233537946,15491974200.0,78.19256755656748,88.24755943759021,-0.005601570686174839,-0.0056173183184346845,0.01953118145487773,0.01797042005554972
2023-12-19,257.2200012207031,258.3399963378906,253.00999450683594,253.47999572753906,106737400,242.3375,233.17899963378906,246.18256147495273,240.94247102396588,64.00428551165658,5.240090450986855,3.7328909233577154,1.50719952762914,255.5167041884858,229.15829581151422,0.10247417872591952,8.215002877371651,15598711600.0,95.02295563597167,90.26196229954803,0.0203903496997484,0.020185249870892544,0.01987827974257281,0.016406193922230194
2023-12-20,247.13999938964844,259.8399963378906,247.0,256.4100036621094,125097000,242.6345001220703,232.84939971923828,246.32985961567516,241.40154719920162,56.695748652549796,4.9283124164735455,3.9719752219808817,0.9563371944926637,255.97253568478524,229.29646455935537,0.1079391081626231,8.53857421875,15473614600.0,59.86094439371002,77.69215586208306,-0.03918825045959673,-0.0399767793773106,0.02159147000378168,0.024439561791088193
2023-12-21,254.5,254.8000030517578,248.5500030517578,251.89999389648438,109594200,243.64899978637695,232.67959991455078,247.58680429018668,242.3718029622237,63.31803303033769,5.215001327962966,4.220580443177298,0.9944208847856677,257.3700859178825,229.92791365487145,0.1078277888526956,8.493573869977679,15583208800.0,83.12264082890937,79.33551361953036,0.029780693649462897,0.029345860784192233,0.02122953640594567,-0.02365424075623157
2023-12-22,252.5399932861328,258.2200012207031,251.3699951171875,256.760009765625,93370100,244.50349960327148,232.5529998779297,248.34883336648608,243.12500224547622,64.73756423212106,5.223831121009852,4.42123057874381,0.8026005422660418,258.203262882943,230.8037363235999,0.10849579190531976,8.54857417515346,15489838700.0,76.92792922456437,73.30383814906126,-0.007701401626197146,-0.007731210565404946,0.021398131705102005,-0.016314228346872017
2023-12-26,256.6099853515625,257.9700012207031,252.91000366210938,254.49000549316406,86892400,245.52999877929688,232.6627996826172,249.6197798257286,244.1238898829641,65.29842974096032,5.4958899427645065,4.63616245154795,0.8597274912165567,259.64258638493874,231.41741117365498,0.10999250544601573,8.010717119489398,15576731100.0,89.79136836430284,83.28064613925886,0.01611622781987765,0.01598774007390915,0.02157377118665076,-0.07076882989740496
2023-12-27,261.44000244140625,263.3399963378906,257.5199890136719,258.3500061035156,106494400,246.26599884033203,232.8131997680664,251.43827561275594,245.40656488729314,67.6137260214164,6.031710725462801,4.915272106330921,1.1164386191318805,262.073475760906,230.45852191975808,0.12092622990329652,7.930717468261719,15683225500.0,94.59307361857837,87.10412373581521,0.018822405072142834,0.018647455510860632,0.01968506528324163,-0.08992506711322434
2023-12-28,253.17999267578125,265.1300048828125,252.7100067138672,263.6600036621094,113619900,246.71799850463867,232.7797994995117,251.7062320839906,245.98237435310708,57.79123936255474,5.723857730883537,5.076989231241445,0.6468684996420926,262.7843734240025,230.6516235852748,0.12691662362071587,8.310716901506696,15569605600.0,67.6414577844669,84.00863325578271,-0.03159428430420175,-0.032104151730159784,0.020975488945315594,-0.06197167089229505
2023-12-29,248.47999572753906,255.19000244140625,247.42999267578125,255.10000610351562,100891600,247.13799819946288,232.89579956054686,251.2098880291519,246.16738334380574,53.26117333713966,5.0425046853461595,5.070092322062388,-0.02758763671622866,262.91021597221214,231.3657804267136,0.12694959790681642,8.436431884765625,15468714000.0,54.91468838749842,72.38307326351458,-0.018563856087399966,-0.018738327073791184,0.02107027835679593,-0.032316479867062875
2024-01-02,248.4199981689453,251.25,244.41000366210938,250.0800018310547,104654200,247.61749801635742,233.46199951171874,250.78067420450472,246.33424370122347,56.46794927176057,4.446430503281249,4.9453599583061605,-0.4989294550249115,262.90179248564584,232.33320354706902,0.1230520455836561,8.468574523925781,15364059800.0,54.75222549634924,59.10279055610486,-0.0002414583049958896,-0.00024148746074577508,0.021010917489129283,-0.054182398978701585
2024-01-03,238.4499969482422,245.67999267578125,236.32000732421875,244.97999572753906,121082600,247.7609977722168,233.99119934082032,248.8836469343105,245.75022542322486,50.96852428499568,3.133421511085629,4.582972268862054,-1.449550757776425,262.6173328773262,232.9046626671074,0.1246075512287308,8.913573128836495,15242977200.0,27.755206600233052,45.807373494693586,-0.04013364984377277,-0.04096122279932548,0.0228193078567464,-0.01891379561566897
2024-01-04,237.92999267578125,242.6999969482422,237.72999572753906,239.25,102629300,247.72149734497071,234.50819915771484,247.1984693560752,245.17094892341422,49.06310277077546,2.0275204326609924,4.071881901621842,-2.04436146896085,262.682876590948,232.76011809899342,0.12576286896595368,8.40428706577846,15140347900.0,5.588287011244032,29.365239702608786,-0.0021807686270334248,-0.0021831499656647054,0.022635830185557766,-0.04501320466004577
2024-01-05,237.49000549316406,240.1199951171875,234.89999389648438,236.86000061035156,92488900,247.62749786376952,234.92759918212892,245.70485953101195,244.6019901508031,38.932422944940676,1.1028693802088583,3.4780793973392456,-2.3752100171303874,262.8314637278245,232.42353199971456,0.1280387848952456,7.7350006103515625,15047859000.0,8.567683279259718,13.970392296912275,-0.001849229589212631,-0.0018509415250833076,0.02263079828830364,-0.07831911100802513
2024-01-08,240.4499969482422,241.25,235.3000030517578,236.13999938964844,85166600,247.51799774169922,235.48819915771483,244.89641913366276,244.29443509876154,39.43661796975286,0.6019840349012213,2.902860324851641,-2.30087628995042,262.9036665231969,232.13232896020156,0.12797395697043393,7.743571690150669,15133025600.0,18.359249204653857,10.83840649838588,0.012463646412957496,0.012386614576639277,0.02259389504356096,-0.08542313806123325
2024-01-09,234.9600067138672,238.9600067138672,232.0399932861328,238.11000061035156,96705700,247.07399826049806,236.07219940185547,243.36774029984807,243.60299595913975,36.9987879102488,-0.23525565929168124,2.275237128022977,-2.510492787314658,263.3909061967387,230.75709032425746,0.13889093862779156,7.817144121442523,15036319900.0,8.824455739807387,11.917129407906998,-0.02283214932024613,-0.023096839566935645,0.023108170440196522,-0.08260981914997456
2024-01-10,233.94000244140625,235.5,231.2899932861328,235.10000610351562,91628500,246.78399810791015,236.60499938964844,241.917319090857,242.88721866152986,31.140636481219573,-0.969899570672851,1.6262097882838114,-2.5961093589566624,263.8391991750544,229.7287970407659,0.14580833452300204,7.670716421944754,14944691400.0,7.830993637883804,11.671566194115025,-0.004341182513256769,-0.004350632806278706,0.022842726483038867,-0.09429767174649406
2024-01-11,227.22000122070312,230.92999267578125,225.3699951171875,230.57000732421875,105873600,246.29449844360352,237.20219940185547,239.65619326467947,241.72668403628344,32.93351784626833,-2.0704907716039713,0.8868696763062549,-2.9573604479102262,265.01181986535846,227.57717702184857,0.16475064977730067,7.365717206682477,14838817800.0,4.652931712980969,7.102793696890729,-0.028725319101363445,-0.029145966144498332,0.023575873850009272,-0.06614734045660864
2024-01-12,218.88999938964844,225.33999633789062,217.14999389648438,220.0800018310547,123043800,245.2744987487793,237.56319946289062,236.4613942069824,240.03507776616235,19.989887479398632,-3.5736835591799547,-0.0052409707909870035,-3.568442588388968,267.49464875098965,223.05434874656896,0.20302572126793256,7.5378603254045755,14715774000.0,3.626521664664918,5.370149005176573,-0.036660513098772496,-0.03734939877742937,0.024638869951916373,-0.04609619610775051
2024-01-16,219.91000366210938,223.49000549316406,212.17999267578125,215.10000610351562,115355000,243.71749877929688,237.84819946289062,233.9150264308481,238.5443315362325,22.058580260933695,-4.629305105384418,-0.9300537977096732,-3.6992513076747446,268.45510172244934,218.9798958361444,0.22497933273796558,7.856432233537946,14831129000.0,14.598695380764553,7.626049586136823,0.004659894354722027,0.004649070658851297,0.021364090668740364,-0.048974599122871165
2024-01-17,215.5500030517578,215.6699981689453,212.00999450683594,214.86000061035156,103164400,241.81999893188475,237.78899963378908,231.08963821868036,236.84104794478995,15.013653074321823,-5.751409726109586,-1.8943249833896556,-3.85708474271993,269.0904113504801,214.54958651328937,0.25303096295523786,8.032860892159599,14727964600.0,6.664171410734883,8.29646281872146,-0.019826295019533036,-0.020025473044372827,0.02121143028400926,-0.03581536122200568
2024-01-18,211.8800048828125,217.4499969482422,208.74000549316406,216.8800048828125,108595400,239.80999908447265,237.62739959716797,228.13431001316224,234.99208179205087,6.919326298244513,-6.857771778888633,-2.887014342489451,-3.970757436399182,269.69677389406604,209.9232242748793,0.2821103843765086,8.174288068498884,14619369200.0,5.568362162758183,8.943742984752548,-0.017026203279914,-0.017172815629643214,0.021301044846571054,-0.13804983635042734
2024-01-19,212.19000244140625,213.19000244140625,207.55999755859375,209.99000549316406,102260300,237.55849914550782,237.48579956054687,225.68133961750746,233.3030388771883,8.654418584167047,-7.621699259680838,-3.8339513259277287,-3.7877479337531095,268.6818960516539,206.43510223936175,0.29335403692961853,7.6892885480608255,14721629500.0,9.720773479042935,7.31776901751201,0.0014630807600990448,0.0014620115002590317,0.02035247923375002,-0.1363872100873258
2024-01-22,208.8000030517578,217.8000030517578,206.27000427246094,212.25999450683594,117952500,235.6414993286133,237.2181997680664,223.08421091508444,231.48799918641566,8.889339265644054,-8.403788271331223,-4.747918715008428,-3.655869556322795,268.92785152106416,202.35514713616246,0.3188347864554365,7.958573477608817,14603677000.0,5.624719918974187,6.971285186925111,-0.015976244642273096,-0.016105240597581734,0.0191918123005042,-0.08558433963023893
2024-01-23,209.13999938964844,215.64999389648438,207.75,211.3000030517578,106605900,233.3734992980957,236.95879974365235,220.9389476034789,229.83259179406252,9.538507866814157,-8.893644190583615,-5.577063810123465,-3.3165803804601497,267.42213593361305,199.32486266257837,0.3256061655817582,8.034287588936943,14710282900.0,7.282405383486176,7.542632927167776,0.0016283349277841364,0.0016270106278732431,0.01718574540775497,-0.08391509564394917
2024-01-24,207.8300018310547,212.72999572753906,206.77000427246094,211.8800048828125,123369900,231.13799972534179,236.91579986572265,218.92218671541363,228.2027703153212,11.609810929152175,-9.280583599907573,-6.317767768080286,-2.962815831827286,265.7543556823098,196.5216437683738,0.33312183661632916,7.595716203962054,14586913000.0,4.282179171526484,5.729768157995625,-0.006263735117226887,-0.006283434610725192,0.017197217396074306,-0.0988308153969939
2024-01-25,182.6300048828125,193.0,180.05999755859375,189.6999969482422,198076800,227.4390007019043,236.2754000854492,213.3387741257827,224.82700991291316,7.171610883998639,-11.488235787130463,-7.351861371890322,-4.136374415240142,266.16187333935005,188.71612806445853,0.4240581679039314,9.224287850516182,14388836200.0,4.200044487067497,5.254876347360062,-0.12125293136804816,-0.12925817170128795,0.02946324624091451,0.034112662547080674
2024-01-26,183.25,186.77999877929688,182.10000610351562,185.5,107343200,223.52950057983398,235.4661999511719,208.70973195258534,221.74723140084552,8.109340082469075,-13.037499448260178,-8.488988987164294,-4.5485104610958835,263.56462975885466,183.49437140081326,0.43694547535083983,9.185715811593193,14496179400.0,5.213273923969475,4.565165860854495,0.0033948152034783963,0.003389065826718794,0.02868359789093364,0.025429760775494525
2024-01-29,190.92999267578125,191.47999572753906,183.6699981689453,185.6300048828125,125013100,220.417000579834,234.5365997314453,205.97438744846164,219.4644729767667,14.353569502716311,-13.490085528305059,-9.489208295392448,-4.000877232912611,260.42536301850345,180.40863814116457,0.4190893413651123,9.348572867257255,14621192500.0,18.45499733004666,9.28943858036122,0.04190991910385411,0.04105548959785763,0.031328335323375166,-0.05169431464834218
2024-01-30,191.58999633789062,196.36000061035156,190.61000061035156,195.3300018310547,109982300,217.57250061035157,233.5115997314453,203.76140420068148,217.39969692944254,16.447456797625023,-13.638292728761058,-10.31902518206617,-3.3192675466948884,257.2682353255199,177.8767658951832,0.41438212301189714,9.158572605678014,14731174800.0,20.797255179190866,14.821842144402344,0.0034567835721344142,0.0034508226289791306,0.031527974979861866,-0.033874369008960015
2024-01-31,187.2899932861328,193.97000122070312,185.85000610351562,187.0,103221400,214.51600036621093,232.58559967041015,201.2273409830586,215.1693485114196,15.653057630786279,-13.942007528360989,-11.043621651325134,-2.898385877035855,253.62027985635612,175.41172087606574,0.41758001913538983,9.437857491629464,14627953400.0,14.21269200191869,17.821648170385416,-0.02244377647032403,-0.022699471099276523,0.0314675365633038,0.0015484465551707238
2024-02-01,188.86000061035156,189.8800048828125,184.27999877929688,188.5,91843300,212.0365005493164,231.67679962158203,199.32467323341137,213.2205079261553,19.439130040382437,-13.895834692743932,-11.614064259608895,-2.281770433135037,251.03953132993368,173.03346976869912,0.41303643603270745,9.225714547293526,14719796700.0,19.43463623852182,18.148194473210467,0.008382761388752824,0.008347821172369478,0.031177185731454216,0.0037064330508311816
2024-02-02,187.91000366210938,188.69000244140625,182.0,185.0399932861328,110612700,209.5355010986328,230.7229995727539,197.56857022244185,211.3456557584482,22.029612190222906,-13.777085536006354,-12.046668514888388,-1.7304170211179652,247.95804903011683,171.1129531671488,0.4089462740959079,8.99642835344587,14609184000.0,18.075074071276568,17.240800770572367,-0.0050301649114266045,-0.005042858776994556,0.03114076707249984,0.03012082141346184
2024-02-05,181.05999755859375,184.67999267578125,175.00999450683594,184.25999450683594,134294400,206.7140007019043,229.52019958496095,195.02878981261907,209.10227366957008,18.264979960712992,-14.073483856951015,-12.452031583300915,-1.6214522736500996,244.77923721555072,168.64876418825787,0.42047097124617977,9.109999520438057,14474889600.0,14.138821788887938,17.216177366228788,-0.03645365318513305,-0.03713468972636411,0.03154998662472596,0.03904787042720903
2024-02-06,185.10000610351562,186.49000549316406,177.11000061035156,177.2100067138672,122676000,203.94650115966797,228.5379995727539,193.50128462660317,207.3243279239364,24.995896485082184,-13.823043297333243,-12.726233926107382,-1.096809371225861,239.66008943884702,168.23291288048893,0.3858842474506081,9.215713500976562,14597565600.0,23.580298157340103,18.598064672501547,0.0223130928940527,0.02206779799027196,0.03204099265265423,-0.005834693654470757
2024-02-07,187.5800018310547,189.7899932861328,182.67999267578125,188.17999267578125,111535200,201.57750091552734,227.58059967041015,192.59031804267264,205.8617852503896,29.6482376028205,-13.271467207716967,-12.835280582429299,-0.43618662528766805,234.83002237847575,168.32497945257893,0.3545422874331512,9.101428440638951,14709100800.0,29.376033684893343,22.365051210373803,0.01339813963135228,0.013309178288648728,0.032446590532386514,0.006024122357298323
2024-02-08,189.55999755859375,191.6199951171875,185.5800018310547,189.0,83034000,199.3585006713867,226.65019958496094,192.1241148912759,204.65424542136768,31.56264730961972,-12.530130530091782,-12.774250571961796,0.2441200418700138,229.2735664500021,169.4434348927713,0.3156263575005432,9.130713326590401,14792134800.0,34.00327213335999,28.986534658531156,0.010555473441792307,0.010500153377802503,0.032768891414426606,0.05744882638691906
2024-02-09,193.57000732421875,194.1199951171875,189.47999572753906,190.17999267578125,84476300,197.6760009765625,225.58719970703126,192.3465598809594,203.8331907475048,37.715765132672104,-11.486630866545397,-12.516726630878516,1.0300957643331188,224.6319312896872,170.7200706634378,0.27851350202177805,8.638570513044085,14876611100.0,45.66932356217901,36.349543126810794,0.021154303741671487,0.02093365777497024,0.033158518534223476,0.032959597988428735
2024-02-12,188.1300048828125,194.72999572753906,187.27999877929688,192.11000061035156,95498600,196.13800125122071,224.46699981689454,191.69785911201373,202.66999179456462,34.341935545669614,-10.972132682550892,-12.207807841212992,1.235675158662099,221.45801122925607,170.81799127318536,0.2691756691741689,8.606427873883929,14781112500.0,34.7826350769778,38.15174359083895,-0.028103539988478476,-0.02850600281752684,0.03281493997304078,0.029926058990592086
2024-02-13,184.02000427246094,187.25999450683594,182.11000061035156,183.99000549316406,86759500,194.34350128173827,223.34579986572265,190.51665067515947,201.28851123737175,32.96609487950897,-10.771860562212282,-11.920618385412851,1.1487578232005689,217.5704001592379,171.11660240423865,0.252438847279992,8.610714503696986,14694353000.0,42.20143882637739,40.88446582184474,-0.021846598116614713,-0.022088768605910858,0.03285435576529374,0.058417561952033736
2024-02-14,188.7100067138672,188.88999938964844,183.35000610351562,185.3000030517578,81203000,193.00150146484376,222.3433999633789,190.23870545034526,200.3567701615566,56.15633792563872,-10.118064711211332,-11.560107650572547,1.4420429393612153,214.07067686906151,171.932326060626,0.22329685395183138,7.022856576102121,14775556000.0,64.16865709529532,47.05091033288351,0.025486372853585015,0.02516701014711292,0.033574217443295654,0.046102467482996845
2024-02-15,200.4499969482422,200.8800048828125,188.86000061035156,189.16000366210938,120831800,192.43000106811525,221.64079986572267,191.80967337309863,200.36367584945924,64.21486991093224,-8.554002476360608,-10.95888661573016,2.4048841393695515,211.90264402451234,172.95735811171815,0.19428928164488912,7.557856968470982,14896387800.0,98.33781305339944,68.2359696583574,0.06221180550417671,0.06035334314528131,0.036738484219067225,-0.042304793497845106
2024-02-16,199.9499969482422,203.1699981689453,197.39999389648438,202.05999755859375,111346700,191.81800079345703,220.86539978027344,193.06203084619764,200.33303296788762,58.45836499979945,-7.271002121689975,-10.221309716922123,2.9503075952321485,209.34827511593187,174.2877264709822,0.1753465825459614,7.382143293108259,14785041100.0,88.56533805810031,83.69060273559836,-0.0024943876658132247,-0.0024975038337594173,0.03672893518281965,-0.0027507029765055924
2024-02-20,193.75999450683594,198.60000610351562,189.1300048828125,196.1300048828125,104545800,191.06600036621094,219.9531997680664,193.16940987091124,199.84614123003195,51.84366811106974,-6.6767313591207085,-9.512394045361841,2.8356626862411325,206.7187976994008,175.4132030330211,0.16156892833352773,7.744285583496094,14680495300.0,66.58379815682758,84.49564975610912,-0.030957752117438453,-0.031447068575792124,0.037172658196795084,0.030811320138081966
2024-02-21,194.77000427246094,199.44000244140625,191.9499969482422,193.36000061035156,103500300,190.34750061035157,218.99579986572266,193.41565516345736,199.47013108502668,56.73146795407333,-6.0544759215693205,-8.820810420603337,2.7663344990340164,203.64984050690234,177.0451607138008,0.1365953648380303,7.699286324637277,14783995600.0,70.17048009660357,75.1065387705105,0.00521268473502845,0.005199145723306879,0.037205015486807616,0.03732601968577254
2024-02-22,197.41000366210938,198.32000732421875,191.36000061035156,194.0,92739500,189.8265007019043,218.06720001220702,194.03017031709612,199.31752905369947,57.54900229089189,-5.287358736603352,-8.114120083803341,2.826761347199989,200.8702934740136,178.782707929795,0.11188686051606644,7.7964292253766745,14876735100.0,79.54547670964355,72.0999183210249,0.013554445406056326,0.013463405650618309,0.037373364169201874,0.02264323558979342
2024-02-23,191.97000122070312,197.57000732421875,191.5,195.30999755859375,78841900,190.29350051879882,217.1117999267578,193.71322122534335,198.77326773273677,53.32133167607378,-5.060046507393423,-7.5033053685213575,2.4432588611279344,200.83443546273543,179.75256557486222,0.10981856411844218,7.740001133510044,14797893200.0,60.22728873464392,69.9810818469637,-0.027556873210526134,-0.027943686650054866,0.025658289250743715,0.05558159140020158
2024-02-26,199.39999389648438,201.77999877929688,192.0,192.2899932861328,111747100,191.10100021362305,216.35959991455078,194.5881093285958,198.81969189301438,64.86223070604126,-4.231582564418574,-6.848960807700801,2.6173782432822277,201.8425077724749,180.3594926547712,0.10773829375770341,7.519286019461496,14909640300.0,85.53336674403086,75.10204406277279,0.03870392576202142,0.03797371074003026,0.02688621425842766,-0.05646938240470256
2024-02-27,199.72999572753906,205.60000610351562,198.25999450683594,204.0399932861328,108645400,191.54100036621094,215.5683999633789,195.37916877458707,198.88712180668287,62.614233678781126,-3.5079530320957986,-6.180759252579801,2.672806220484002,202.95302767206846,180.12897306035342,0.11427454613702787,7.373572213309152,15018285700.0,75.01060449545264,73.59041999137581,0.0016549741281637331,0.001653606167566249,0.025410233965012356,-0.09507830892000879
2024-02-28,202.0399932861328,205.3000030517578,198.44000244140625,200.4199981689453,99806200,192.06350021362306,214.5881997680664,196.40391100713256,199.1206678421977,62.50431477506933,-2.7167568350651266,-5.487958769076866,2.7712019340117395,204.40410136128705,179.72289906595907,0.12215998374328789,7.355715070452009,15118091900.0,84.84456370490302,81.79617831479551,0.01156560160219966,0.011499231283567918,0.025489864253511737,-0.12621263535624072
2024-02-29,201.8800048828125,205.27999877929688,198.4499969482422,204.17999267578125,85907000,192.79300079345703,213.55579986572266,197.2463869880064,199.32506317853952,61.000006524231026,-2.078676190533116,-4.806102253368117,2.7274260628350007,205.65922379357033,179.92677779334372,0.12746406468121402,7.412144252232143,15032184900.0,84.16347232176112,81.33954684070561,-0.0007918650199801869,-0.0007921787106965236,0.024804481198678032,-0.1150684090770292
2024-03-01,202.63999938964844,204.52000427246094,198.5,200.52000427246094,82243100,193.48200073242188,212.56699981689454,198.07617351133595,199.57061400899204,58.597151348497505,-1.494440497656086,-4.143769902225711,2.6493294045696247,206.92438476648437,180.0396166983594,0.13267256291503096,7.510716029575893,15114428000.0,87.39886750727844,85.46896784464754,0.003764585340074067,0.0037575170226514664,0.02478349055162919,-0.13472168937023987
2024-03-04,188.13999938964844,199.75,186.72000122070312,198.72999572753906,134334900,193.49350051879884,211.18539978027343,196.54753133876864,198.72390181496658,50.008084853337444,-2.1763704761979454,-3.750290017020158,1.5739195408222124,206.91619302898414,180.07080800861354,0.14268834435771582,8.115716116768974,14980093100.0,25.67048688343214,65.74427557082392,-0.07155546804023882,-0.07424463938175002,0.029957572002705178,-0.05511850298091403
2024-03-05,180.74000549316406,184.58999633789062,177.57000732421875,183.0500030517578,119660800,193.47750091552734,209.85739990234376,194.1156042855987,197.39176134668492,47.48079875370949,-3.2761570610862236,-3.6554634258333714,0.37930636474714774,206.9632104850605,179.9917913459942,0.14922772114271307,8.44071524483817,14860432300.0,11.309305411649175,41.45955326745326,-0.03933237971984138,-0.04012679843323044,0.030150713305138927,-0.017705057595299722
2024-03-06,176.5399932861328,181.5800018310547,173.6999969482422,179.99000549316406,107920900,193.04950027465821,208.2981997680664,191.4116641318347,195.84718593479218,40.58194072257052,-4.435521802957481,-3.8114751012581936,-0.6240467016992879,208.10650617482844,177.992494374488,0.17057897895992444,8.60785893031529,14752511400.0,8.902807281270366,15.294199858783903,-0.02323786698783792,-0.023512123304642613,0.030124497117024016,-0.039990924589823895
2024-03-07,178.64999389648438,180.0399932861328,173.6999969482422,174.35000610351562,102129000,192.60299987792968,206.82039978027345,189.44833024947312,194.57331985788048,30.174604625071623,-5.124989608407361,-4.074178002688027,-1.0508116057193337,208.82729546944609,176.37870428641327,0.18163219866570265,8.191430228097099,14854640400.0,15.51722735875367,11.909780017224413,0.011951969472048907,0.01188110874296599,0.0300874792640114,-0.09040019282531975
2024-03-08,175.33999633789062,182.72999572753906,174.6999969482422,181.5,85544600,191.89199981689453,205.195,187.27781733999888,193.1486292267701,28.70738581285231,-5.870811886771236,-4.433504779504669,-1.4373071072665669,209.83326599128372,173.95073364250533,0.20464544940237492,8.352858407156807,14769095800.0,5.141062441751419,9.853699027258495,-0.018527834714126334,-0.018701625030085045,0.030151314027927,-0.06712666396428113
2024-03-11,177.77000427246094,182.8699951171875,174.8000030517578,175.4499969482422,85391500,191.10199966430665,203.5216000366211,185.81507686806995,192.0094718227472,35.202673879794006,-6.19439495467725,-4.785682814539185,-1.4087121401380651,210.09288914685325,172.11111018176004,0.21365684903106638,8.156429835728236,14854487300.0,12.758639987469548,11.138976595991556,0.013858834181150304,0.013763678693560029,0.02988080779860904,-0.022332233364963372
2024-03-12,177.5399932861328,179.42999267578125,172.41000366210938,177.77000427246094,87391700,190.57249908447267,202.00880004882814,184.54198708623346,190.9376585978128,33.821585919438334,-6.395671511579337,-5.107680553947215,-1.2879909576321218,210.48067668272256,170.66432148622278,0.22426696351356534,8.122857230050224,14767095600.0,15.456430390221803,11.118710939814266,-0.0012938683737420131,-0.0012947061441473569,0.029330466881115198,-0.03503428070930248
2024-03-13,169.47999572753906,176.0500030517578,169.14999389648438,173.0500030517578,106524500,189.84549865722656,200.42880004882812,182.2247576464343,189.34820208890363,26.197367637988748,-7.123444442469321,-5.510833331651637,-1.6126111108176842,211.7254664709858,167.96553084346732,0.258201184391509,8.224999564034599,14660571100.0,0.9053545144821001,9.70680829739116,-0.04539820808488959,-0.04646099727496628,0.030594420777376053,0.036464527321002915
2024-03-14,162.5,171.1699981689453,160.50999450683594,167.77000427246094,126325700,188.5349983215332,198.7104000854492,179.19017954698288,187.35944637861448,25.527316550245686,-8.169266831631603,-6.04252003164763,-2.126746799983973,213.6080303512902,163.4619662917762,0.3085911634431631,8.5528564453125,14534245400.0,4.413406478845234,6.925063794516389,-0.04118477639544138,-0.042056898779332184,0.030882479617606193,0.06350773737980764
2024-03-15,163.57000732421875,165.17999267578125,160.75999450683594,163.16000366210938,97146800,186.69099884033204,197.21280029296875,176.7870761280961,185.5972657079185,16.731678258239484,-8.810189579822406,-6.596053941282586,-2.2141356385398208,213.4428697774534,159.93912790321068,0.32709995401657466,8.16785648890904,14631392200.0,6.786453826373111,4.035071606566825,0.006584660456730784,0.006563076277915342,0.026518309632703886,0.044384631544618136
2024-03-18,173.8000030517578,174.72000122070312,165.89999389648438,170.02000427246094,108214400,185.3834991455078,195.93020050048827,176.32752642404404,184.72339440005473,29.662750836010332,-8.395867976010692,-6.956016748228207,-1.4398512277824844,211.9624103587197,158.80458793229593,0.3058562801669993,8.439998081752233,14739606600.0,29.67181515782928,13.623891821015883,0.06254200201423088,0.060664152342604714,0.031057092041866106,-0.0067318650656000845
2024-03-19,171.32000732421875,172.82000732421875,167.4199981689453,172.36000061035156,77271400,184.26149978637696,194.60680053710936,175.55713887022478,183.73055091295578,25.969972739994105,-8.173412042731002,-7.199495807128766,-0.9739162356022355,211.24305860565144,157.27994096710248,0.3149843295093091,8.405712672642299,14662335200.0,24.145659561151405,20.20130951511794,-0.014269250195585559,-0.014372034891457558,0.03058664165883675,0.03706508623192728
2024-03-20,175.66000366210938,176.25,170.82000732421875,173.0,83846700,183.30599975585938,193.31100067138672,175.5729642228224,183.13273259807826,30.74889950122983,-7.559768375255857,-7.2715503207541845,-0.28821805450167215,210.07329683107375,156.538702680645,0.3047625699325679,8.305712018694196,14746181900.0,34.42400771008793,29.413827476356214,0.025332688257929448,0.025017133837829976,0.03128688737302076,0.023739030411080497
2024-03-21,172.82000732421875,178.17999267578125,171.8000030517578,176.38999938964844,73178000,182.07649993896484,192.06820068359374,175.149432392268,182.36882702223681,28.754638998272455,-7.219394629968804,-7.261119182597109,0.04172455262830521,208.3708604729362,155.7821394049935,0.3042976440180545,8.331425258091517,14673003900.0,31.37107822070415,29.980248497314506,-0.016167575308454918,-0.016299696542812377,0.031080297890363373,0.017185428978383488
2024-03-22,170.8300018310547,171.1999969482422,166.3000030517578,166.69000244140625,75580600,181.0194999694824,190.80600067138673,174.48490461361982,181.5140992302974,34.992202585419435,-7.029194616677586,-7.214734269413205,0.1855396527356188,207.3388984742454,154.7001014647194,0.30813555256871134,7.659997122628348,14597423300.0,42.857170012674246,36.217418647822115,-0.01151490226146512,-0.01158171211632812,0.030703974021112246,0.02569805855291163
2024-03-25,172.6300048828125,175.24000549316406,168.72999572753906,168.75999450683594,74228600,179.68100051879884,189.7142007446289,174.19953542426484,180.85601816752074,42.21240915611049,-6.656482743255907,-7.103083964181746,0.44660122092583876,204.7580836156427,154.60391742195497,0.2905298312870592,7.369998386928013,14671651900.0,54.203980521465475,42.8107429182813,0.010536808713131895,0.010481683435756076,0.029184560458567103,-0.03475641447193967
2024-03-26,177.6699981689453,184.25,177.3800048828125,178.5800018310547,113186200,178.57800064086913,188.88980072021485,174.7334527696003,180.6200166861448,51.067855594690435,-5.886563916544503,-6.8597799546542975,0.9732160381097943,201.8151542215392,155.34084706019908,0.26157656126696177,7.637140546526227,14784838100.0,72.28306525172358,56.44807192862111,0.029195349264770964,0.0287772826285837,0.030234052634325177,-0.05228791231988994
2024-03-27,179.8300018310547,181.91000366210938,176.0,181.41000366210938,81804000,177.46750106811524,188.08820068359375,175.51753724059327,180.56149706724923,51.11405567472238,-5.043959826655964,-6.496615929054631,1.4526561023986666,197.9422528015752,156.9927493346553,0.22771230078388607,7.6064267839704245,14866642100.0,81.38164638996453,69.28956405438454,0.012157391142962881,0.012084083617363902,0.03025181178416797,-0.04849024707732208
2024-03-28,175.7899932861328,179.57000732421875,175.3000030517578,177.4499969482422,77654800,176.16300048828126,187.29300048828125,175.55945355529167,180.20805234272208,50.41906945965042,-4.648598787430416,-6.127012500729788,1.4784137132993722,193.10924790830194,159.21675306826057,0.19280104746846802,7.3564267839704245,14788987300.0,64.36392267496784,72.67621143888532,-0.022465709302040393,-0.02272190773999231,0.03046671643344949,-0.06194891521454704
2024-04-01,175.22000122070312,176.75,170.2100067138672,176.1699981689453,81562100,174.792000579834,186.55980041503906,175.50723011920113,179.8385670744244,47.54003185897907,-4.331336955223264,-5.767877391628484,1.4365404364052194,186.27514744830856,163.30885371135943,0.13107118808897453,7.24714115687779,14707425200.0,61.962945701437626,69.23617158879001,-0.003242460249155976,-0.0032477284143495326,0.030383231625100923,-0.012783960036289455
2024-04-02,166.6300048828125,167.69000244140625,163.42999267578125,164.75,116650600,173.71650085449218,185.64860046386718,174.14150315975672,178.8601550602309,40.93704042361594,-4.718651900474185,-5.558032293397624,0.8393803929234389,183.89038644313447,163.5426152658499,0.1221134884536237,7.587856837681362,14590774600.0,25.779313225016004,50.70206053380716,-0.049024062767074494,-0.05026651935105258,0.028194774690725358,0.06151353117470415
2024-04-03,168.3800048828125,168.82000732421875,163.27999877929688,164.02000427246094,82950100,173.0985008239746,184.8402005004883,173.2551188094576,178.0838476396814,48.97922135275404,-4.82872883022381,-5.4121716007628615,0.5834427705390519,182.97321967623492,163.2237819717143,0.11729087262033075,7.384286063058036,14673724700.0,33.15083637158898,40.29769843268088,0.01050231020055925,0.010447544054431742,0.027249981540081077,0.02007358074597887
2024-04-04,171.11000061035156,177.19000244140625,168.00999450683594,170.07000732421875,123162000,172.82700119018554,184.07960052490233,172.92510062497973,177.56726637824957,58.67419141042406,-4.642165753269836,-5.258170431264257,0.6160046779944208,182.6013916346358,163.05261074573528,0.11424686353322291,7.278572082519531,14796886700.0,44.0613183597893,34.3304893187981,0.016213301154368365,0.016083269202606634,0.02714957130286896,0.020396268369558657
2024-04-05,164.89999389648438,170.86000061035156,160.50999450683594,169.0800018310547,143157600,172.13950119018554,183.22100036621094,171.69046882059584,176.6289498981188,51.21415631249594,-4.938481077522965,-5.1942325605159985,0.2557514829930332,182.12144215996156,162.15756022040952,0.12106660205266183,7.720001220703125,14653729100.0,18.491989779562683,31.90138150364699,-0.036292482565110196,-0.03696743555877544,0.028046941552236714,0.03729538740392013
2024-04-08,172.97999572753906,174.5,167.7899932861328,169.33999633789062,104423300,172.02150115966796,183.02800018310546,171.88885757551017,176.3586569965944,49.2208215373506,-4.469799421084218,-5.049345932629643,0.5795465115454244,181.89939485132248,162.14360746801344,0.11420850891004991,7.609287806919643,14758152400.0,52.527372934975055,38.36022702477569,0.04899940648952894,0.04783676362708771,0.03014433687889562,-0.06648167582402797
2024-04-09,176.8800048828125,179.22000122070312,171.9199981689453,172.91000366210938,102951700,171.97700119018555,182.90060028076172,172.65672639201821,176.39727535853646,55.144334441149724,-3.740548966518247,-4.787586539407363,1.0470375728891161,181.75335169230706,162.20065068806403,0.11054217811220209,7.675001961844308,14861104100.0,68.95537736922915,46.65824669458897,0.02254601255405486,0.022295607975213145,0.030419613796052063,-0.11177071306369013
2024-04-10,171.75999450683594,174.92999267578125,170.00999450683594,173.0399932861328,84532400,171.6880012512207,182.51720031738282,172.5187676404517,176.0537730732253,46.44289715279476,-3.535005432773602,-4.537070318080612,1.0020648853070098,181.10713832157614,162.26886418086525,0.10967789207725634,7.777860369001116,14776571700.0,47.38836308511198,56.29037112977207,-0.028946236061948905,-0.02937344256551801,0.03111106671088223,-0.09495806986617372
2024-04-11,174.60000610351562,175.8800048828125,168.50999450683594,172.5500030517578,94516000,171.94400177001953,182.1774005126953,172.83895817323076,175.94608663102457,51.62349282754888,-3.107128457793806,-4.251081946023251,1.143953488229445,181.38873785357268,162.49926568646637,0.10818712203198462,7.848576136997768,14871087700.0,59.35134092594627,58.56502712676248,0.01653476762638495,0.016399556773736196,0.029521340113465144,-0.14129445913712158
2024-04-12,171.0500030517578,173.80999755859375,170.36000061035156,172.33999633789062,64722700,172.37150192260742,181.8526007080078,172.56373430838877,175.58341377330112,50.19510559463659,-3.0196794649123433,-4.00480144980107,0.9851219848887265,180.7276452685439,164.01535857667093,0.0977041005185836,7.685719081333706,14806365000.0,44.39766683083917,50.37912361396582,-0.020332204625772565,-0.020541749097701737,0.02826084769565147,-0.14030984841747052
2024-04-15,161.47999572753906,170.69000244140625,161.3800048828125,170.24000549316406,100245300,172.26700134277343,181.30500061035156,170.85854375748883,174.5387161402817,41.30942925078284,-3.6801723827928754,-3.939875636399431,0.2597032536065558,181.1238698376377,163.41013284790915,0.10969616954670018,7.911432538713727,14706119700.0,4.0859351146383585,35.944980957141276,-0.05594859487563397,-0.05757465973833702,0.031148590431960103,-0.12032445621663856
2024-04-16,157.11000061035156,158.19000244140625,153.75,156.74000549316406,97000000,171.43250122070313,180.6890005493164,168.74338327331387,173.2477001751017,33.8059356287643,-4.504316901787831,-4.052763889477111,-0.4515530123107201,182.5402636623088,160.32473877909746,0.1414010871167142,7.633575439453125,14609119700.0,11.93181879714485,20.138473580874138,-0.027062145360474688,-0.027435068682222955,0.027929634163563536,-0.07911659274572835
2024-04-17,155.4499969482422,158.3300018310547,153.77999877929688,157.63999938964844,82439700,170.6390007019043,180.1768005371094,166.69824691561053,171.92935178792692,30.644657966856954,-5.2311048723163935,-4.288432086044968,-0.9426727862714257,183.84905478487852,157.4289466189301,0.1699588850731539,7.536432538713727,14526680000.0,6.584029689959761,7.533927867247666,-0.010565868854054306,-0.01062208397137564,0.027874812527427194,0.042972068611840886
2024-04-18,149.92999267578125,152.1999969482422,148.6999969482422,151.25,96098800,169.35250015258788,179.47340026855468,164.11851549409832,170.2997696314717,29.941059818283918,-6.181254137373372,-4.666996496310649,-1.5142576410627235,185.24325967594507,153.4617406292307,0.2119757260006067,7.695004054478237,14430581200.0,4.030129604564378,7.515326030556339,-0.03550983840996058,-0.036155647217109545,0.027770110392594458,0.13506303601168024
2024-04-19,147.0500030517578,150.94000244140625,146.22000122070312,148.97000122070312,87074500,168.06399993896486,178.66280029296874,161.492590502969,168.57756469964104,28.90520930113304,-7.08497419667205,-5.150592036382929,-1.934382160289121,186.71099911352164,149.41700076440807,0.2536144003750006,7.565004621233259,14343506700.0,2.5151570637258667,4.3764387860833445,-0.0192088959161848,-0.01939578390268632,0.027828225802858025,0.1444405970321474
2024-04-22,142.0500030517578,144.44000244140625,138.8000030517578,140.55999755859375,107097600,166.625,177.71260040283204,158.50142320278266,166.61256013313118,30.54765204185138,-8.111136930348522,-5.742701015176048,-2.3684359151724736,188.5304816384987,144.7195183615013,0.30841930542609225,7.312146868024554,14236409100.0,8.040574337325353,4.8619536685385425,-0.03400203941675628,-0.0345935559693179,0.028439260528998794,0.36606827795035746
2024-04-23,144.67999267578125,147.25999450683594,141.11000061035156,143.3300018310547,124545100,165.22749938964844,176.73480010986327,156.37504927555167,164.98792550666082,31.50171571290076,-8.61287623110914,-6.316736058362667,-2.2961401727464734,189.00608861484545,141.44891016445143,0.3287059777295307,7.355717250279018,14360954200.0,14.547228822972986,8.36765340800808,0.018514534090260826,0.018345226676437152,0.028778611381091803,0.2667957427259193
2024-04-24,162.1300048828125,167.97000122070312,157.50999450683594,162.83999633789062,181178000,164.45049972534179,176.2148001098633,157.2604270612841,164.77622768267204,44.300589831731955,-7.515800621387939,-6.556548970967722,-0.9592516504202173,187.5222656929232,141.37873375776036,0.2846082189938585,8.363574436732701,14542132200.0,57.7189581577021,26.76892043933349,0.12061109407252757,0.11387415621830609,0.040097249882506326,0.11015851521907227
2024-04-25,170.17999267578125,170.8800048828125,158.36000061035156,158.9600067138672,126427500,163.96799926757814,175.93799987792968,159.2480525404375,165.1765065710505,53.2746198744094,-5.928454030613011,-6.43092998289678,0.5024759522837687,186.06871227685832,141.86728625829795,0.2597333877124487,8.500717163085938,14668559700.0,77.63481208506423,49.96699968857978,0.04965143743002587,0.04845814470471284,0.04172723666482784,0.05776238250158072
2024-04-26,168.2899932861328,172.1199951171875,166.3699951171875,168.85000610351562,109815700,163.59299926757814,175.529599609375,160.63912034746755,165.40713521661218,46.84938802024818,-4.768014869144622,-6.0983469601463485,1.3303320910017264,185.09553174234478,142.0904667928115,0.2555414264971447,8.225716727120536,14558744000.0,72.95891036507413,69.4375602026135,-0.011105884774887609,-0.011168015552988686,0.04151004847860152,0.07665345338353169
2024-04-29,194.0500030517578,198.8699951171875,184.5399932861328,188.4199981689453,243869700,164.53449935913085,175.40159973144532,165.7792561481276,167.52882913032667,58.91577209880552,-1.7495729821990835,-5.228592164556896,3.4790191823578125,189.54362714576345,139.52537157249824,0.25775962270881353,9.888573782784599,14802613700.0,91.97604011483905,80.85658752165915,0.1530691710339953,0.14242723171122051,0.05398297505446131,-0.04787430249328062
2024-04-30,183.27999877929688,190.9499969482422,182.83999633789062,186.97999572753906,127031800,165.36699905395508,175.0681997680664,168.4716780913844,168.6955824376578,55.65038368482487,-0.22390434627340028,-4.227654600900197,4.003750254626797,191.74106819832724,138.99292990958293,0.2878008437367072,10.198573521205358,14675581900.0,74.046947897629,79.66063279251408,-0.05550118063944742,-0.05710084205665045,0.054351351642317955,-0.02984505269061044
2024-05-01,179.99000549316406,185.86000061035156,179.00999450683594,182.0,92829700,165.94749908447267,174.79279998779296,170.24372846088897,169.5322063676953,52.632092688271065,0.711522093193679,-3.239819262081422,3.951341355275101,193.10037716335037,138.79462100559496,0.30171539807980013,10.161430358886719,14582752200.0,68.57001478517827,78.19766759921545,-0.017950640048260635,-0.018113707174260838,0.05460208580947625,-0.029279427254982116
2024-05-02,180.00999450683594,184.60000610351562,176.02000427246094,182.86000061035156,89148000,166.3924987792969,174.49759979248046,171.7462309294962,170.30833882244644,54.531657276675716,1.4378921070497483,-2.304276988255188,3.7421690953049365,194.1857812080149,138.59921635057887,0.30879710323709336,10.471430097307477,14671900200.0,68.60329099012561,70.40675122431097,0.0001110562423569661,0.00011105007606901516,0.05454184531669066,-0.04466414938881347
2024-05-03,181.19000244140625,184.77999877929688,178.4199981689453,182.10000610351562,75491500,167.20699920654297,174.1731997680664,173.19911885440544,171.11438797940642,60.893119130754926,2.0847308749990248,-1.4264754156043455,3.5112062906033703,195.76049997322767,138.65349843985828,0.3151774422644363,10.235001700265068,14747391700.0,70.5676793543947,69.24699504323287,0.006555235656792835,0.006533843535574036,0.05371608010018354,-0.07020255560080668
2024-05-06,184.75999450683594,187.55999755859375,182.1999969482422,183.8000030517578,84390300,167.7959991455078,174.02899963378906,174.97771510862552,172.1251736481049,65.41764199167463,2.8525414605206265,-0.5706720403793512,3.4232135008999776,197.32039820896117,138.27160008205445,0.31959731480032044,10.13785879952567,14831782000.0,76.51073335293982,71.89390123248673,0.019703030064167848,0.019511437908750914,0.05287531679903875,-0.0696579102610404
2024-05-07,177.80999755859375,183.25999450683594,177.39999389648438,182.39999389648438,75045900,167.84249877929688,173.59719970703125,175.4134508701591,172.5462717155485,61.77338152804256,2.8671791546105965,0.11689819861863841,2.750280955991958,197.42999942946926,138.2549981291245,0.33279906705383555,10.338572910853795,14756736100.0,64.94090171294829,70.67310480676095,-0.03761635178001177,-0.03834210509362018,0.05350569677393713,-0.0014622040965399652
2024-05-08,174.72000122070312,176.05999755859375,170.14999389648438,171.58999633789062,79969500,167.99049911499023,173.09699981689454,175.30676630870434,172.70728871593033,63.395664665664405,2.599477592774008,0.6134140774497124,1.9860635153242954,197.68990938738355,138.2910888425969,0.3399657745523659,10.403573172433036,14676766600.0,59.796908461753105,67.08284784254708,-0.017378079862311324,-0.017530851194269642,0.05322044142509306,-0.004178089070735247
2024-05-09,171.97000122070312,175.6199951171875,171.3699951171875,175.00999450683594,65950300,167.8589988708496,172.49559997558595,174.79341783362722,172.65267482739497,63.48485060201261,2.140743006232242,0.9188798632062184,1.2218631430260234,197.45830938238385,138.25968835931536,0.3442380682843286,10.370001656668526,14610816300.0,55.21891551486067,59.98557522985403,-0.01573946875450305,-0.015864649448707812,0.05324992229047203,0.016688928864425634
2024-05-10,168.47000122070312,173.05999755859375,167.75,173.0500030517578,72627200,167.72999877929686,171.82739990234376,173.82058450856198,172.34284715282521,64.53245564346047,1.477737355736764,1.0306513617123276,0.4470859940244363,197.29321957747283,138.1667779811209,0.3509612463223864,10.160001482282366,14538189100.0,47.36842661340594,54.128083530006585,-0.02035238689978358,-0.020562350450525728,0.05325033833273439,0.053362648709112115
2024-05-13,171.88999938964844,175.39999389648438,169.0,170.0,67018900,168.25049896240233,171.21239990234375,173.5235714133445,172.3093028740714,64.83804695136388,1.214268539273121,1.0673747972244862,0.1468937420486347,197.71680004270684,138.78419788209783,0.34285067409313197,10.215715680803571,14605208000.0,34.76790297451253,45.78508170092639,0.020300339194899042,0.020097034145307512,0.05170218160610636,0.017802068587231767
2024-05-14,177.5500030517578,179.49000549316406,174.07000732421875,174.5,86407400,169.27249908447266,171.00059997558594,174.14302243463888,172.69750288723336,59.64956337608366,1.4455195474055245,1.143003747260694,0.3025158001448305,198.52900231015295,140.01599585879237,0.32955790169321136,9.095001220703125,14691615400.0,47.3710319503852,43.169120512767904,0.03292805679333921,0.03239754278801776,0.05152521004852372,0.05097157361985305
2024-05-15,173.99000549316406,180.0,173.11000061035156,179.89999389648438,79663000,170.19949951171876,170.86559997558595,174.11948136671967,172.793243821006,52.52619903765144,1.326237545713667,1.1796505069512886,0.14658703876237844,198.7789763780971,141.6200226453404,0.3285186041045468,8.692858014787946,14611952400.0,23.44618577151416,35.1950402321373,-0.02005067585133169,-0.020254418706909572,0.051741745914404925,0.035174406138104075
2024-05-16,174.83999633789062,175.7899932861328,171.42999267578125,174.10000610351562,59812200,171.44499969482422,170.8316000366211,174.2303298238229,172.94485511855302,54.40366062287235,1.285474705269877,1.2008153466150062,0.08465935865487073,198.43190394422322,144.45809544542522,0.3087040129793289,8.593572344098773,14671764600.0,22.78276815585684,31.19999529258541,0.004885285464054867,0.004873391179277019,0.05078062096752953,-0.006291414251695326
2024-05-17,177.4600067138672,179.6300048828125,172.75,173.5500030517578,77445800,172.9654998779297,170.80780029296875,174.72720319152202,173.27931079228,33.808312832095694,1.447892399242022,1.2502307571404094,0.19766164210161263,197.47851591206762,148.45248384379175,0.2762652440745391,6.900715419224331,14749210400.0,41.85348271860164,29.36081221532422,0.014985188920464187,0.01487402019069651,0.05035933321608402,0.01003042213430616
2024-05-20,174.9499969482422,177.75,173.52000427246094,177.55999755859375,61727400,174.6104995727539,170.8000003051758,174.76147915409436,173.40306532235127,40.307185753186076,1.3584138317430927,1.2718673720609461,0.08654645968214658,194.3363447157217,154.88465442978608,0.22550266347022088,6.402143205915179,14687483000.0,36.34526923379308,33.66050670275053,-0.014144086952910362,-0.014245067870223688,0.04962446156703708,0.01028867152418611
2024-05-21,186.60000610351562,186.8800048828125,174.7100067138672,175.50999450683594,115266500,176.7065002441406,170.97660034179688,176.58279099246687,174.3806164913264,56.4387301371083,2.202174501140462,1.4579287978768494,0.7442457032636125,191.27623266824892,162.1367678200323,0.15616004231024308,6.782142639160156,14802749500.0,95.15400517748569,57.78425237662682,0.06659050790792542,0.06446711975223302,0.05112021821523977,-0.055787799151166495
2024-05-22,180.11000061035156,183.8000030517578,178.1199951171875,182.85000610351562,88313500,177.6055000305176,171.02800048828124,177.12543862598758,174.8050153149579,50.08651043063178,2.3204233110296855,1.6304277005074166,0.6899956105222689,190.51214315256016,164.69885690847502,0.14331956113824781,6.775000435965402,14714436000.0,62.39274171119602,64.63067204082493,-0.03478030697150003,-0.035399542384592614,0.04556750866534665,-0.007328895229279597
2024-05-23,173.74000549316406,181.89999389648438,173.25999450683594,181.8000030517578,71975500,177.78350067138672,171.11320068359376,176.60460275939934,174.72612569852873,44.086365843074205,1.8784770608706083,1.680037572580055,0.19843948829055336,190.35273653317472,165.21426480959872,0.14469017456411382,6.937857491629464,14642460500.0,30.23728536636378,62.5946774183485,-0.03536724832380789,-0.036007818288810785,0.045266068003456714,0.024979833087788172
2024-05-24,179.24000549316406,180.0800018310547,173.72999572753906,174.83999633789062,65584500,178.33100128173828,171.44800079345703,177.0100493338247,175.06048716479802,45.74862300927737,1.9495621690266773,1.7339424918693795,0.2156196771572978,190.086686255081,166.57531630839557,0.13117255761065075,6.936429704938616,14708045000.0,60.062742079520945,50.89758971902692,0.03165649721483632,0.03116576011599187,0.045625076654674614,-0.016458447425922174
2024-05-28,176.75,178.25,173.16000366210938,176.39999389648438,59736600,177.46600112915038,171.71160064697267,176.9700417440055,175.18563626370187,49.12338968977906,1.7844054803036329,1.7440350895562302,0.040370390747402674,186.60676761540012,168.32523464290065,0.10343158683168013,6.845001220703125,14648308400.0,47.04651177384515,45.782179739909964,-0.01389201861667555,-0.013989415788236143,0.02927887495956141,-0.01120223891111205
2024-05-29,176.19000244140625,178.14999389648438,173.92999267578125,174.19000244140625,54782600,177.11150131225585,171.75940063476563,176.85003569745177,175.26003375834662,51.26877318988919,1.59000193910515,1.7132284594660143,-0.12322652036086423,185.84367844915465,168.37932417535706,0.09912227726772149,6.599286760602679,14593525800.0,44.11918602565566,50.409479959673924,-0.0031683030189180172,-0.0031733327174769638,0.026681007928727712,-0.006754086071381948
2024-05-30,178.7899932861328,182.6699981689453,175.3800048828125,178.5800018310547,77618400,177.0515007019043,171.90880035400392,177.148490711095,175.52151224188634,55.90168777501662,1.626978469208666,1.6959784614145448,-0.06899999220587882,185.7166323513474,168.3863690524612,0.09693083477636878,6.816429138183594,14671144200.0,57.7103526799132,49.625350159804675,0.014756744473008343,0.014648923152829736,0.026630737811185235,-0.004754129854271261
2024-05-31,178.0800018310547,180.32000732421875,173.82000732421875,178.5,67314600,176.95500106811522,171.9572003173828,177.29180011416574,175.71102998923214,58.73795202211753,1.5807701249335935,1.6729367941183546,-0.09216666918476113,185.52385889629343,168.386143239937,0.09623604829370482,6.901429312569754,14603829600.0,50.78299413259772,50.87084427938887,-0.003971091681523098,-0.003978997402597566,0.026645474422197033,-0.003369306476562417
2024-06-03,176.2899932861328,182.63999938964844,174.49000549316406,178.1300048828125,68568900,176.71000061035156,172.0266000366211,177.13767598677606,175.75391615937295,54.12293157119785,1.3837598274031109,1.615101400775306,-0.23134157337219508,185.04605780671565,168.37394341398746,0.09457209726968456,6.988572256905692,14535260700.0,31.456289774484638,46.64987886233186,-0.0100517100545634,-0.010102569596006488,0.02668245397925694,-0.014181179279656009
2024-06-04,174.77000427246094,177.75999450683594,174.0,174.77999877929688,60056300,176.21050109863282,172.10540008544922,176.77341879995834,175.68103379737946,47.17594603457994,1.0923850025788795,1.5105581211360208,-0.41817311855714134,183.66630737468304,168.7546948225826,0.08532134913067643,6.714285714285714,14475204400.0,21.618180954856964,34.61915495397978,-0.008622094682395387,-0.008659479988969872,0.026272337782739515,-0.023516624763275762
2024-06-05,175.0,176.14999389648438,172.1300048828125,175.35000610351562,57953800,176.07000122070312,172.15279998779297,176.5005851384263,175.6305868494254,51.10045162994231,0.8699982890008755,1.382446154708992,-0.5124478657081164,183.50477151048767,168.63523093091857,0.08496880331182345,6.509284973144531,14533158200.0,23.10682526427379,25.39376533120514,0.0013159908560766986,0.0013151256990527008,0.02493815975331658,0.013085675920758932
2024-06-06,177.94000244140625,179.72999572753906,172.72999572753906,174.60000610351562,69887000,176.2310012817383,172.1582000732422,176.72203395426936,175.80165467105363,53.23051831886244,0.9203792832157376,1.290032780410341,-0.3696534971946035,183.68212028164575,168.77988228183082,0.08374866694026306,6.697856358119419,14603045200.0,39.3898139538973,28.03827339100936,0.01680001395089281,0.016660454613497404,0.024892057612302725,0.025458012347665093
2024-06-07,177.47999572753906,179.35000610351562,175.5800018310547,176.1300048828125,56244900,176.5065010070801,172.11119995117187,176.83864345784932,175.92597623079328,50.021812523429254,0.9126672270560334,1.2145596697394796,-0.30189244268344617,183.69716662005138,169.3158353941088,0.08103071654351558,6.475713457380023,14546800300.0,36.271124368568486,32.92258786224654,-0.0025851787543875737,-0.0025885260992180074,0.024592791086664283,0.002986245165965018
2024-06-10,173.7899932861328,178.57000732421875,173.1699981689453,176.05999755859375,50774600,176.77250061035156,172.07119995117188,176.36962035450833,175.76775527192953,48.76595353642145,0.6018650825787972,1.092020752307343,-0.49015566972854585,183.04660631556925,170.49839490513386,0.07220330223372327,6.559285845075335,14496025700.0,11.254158665815396,28.97169899609374,-0.020791089307163446,-0.02101026729322036,0.02461383399838385,0.07854312493585103
2024-06-11,170.66000366210938,174.75,167.41000366210938,173.9199981689453,64761900,176.71100082397462,171.98,175.49121778644695,175.38940330083173,29.287928092177808,0.10181448561522188,0.8939794989689189,-0.792165013353697,183.20681433728785,170.21518731066138,0.07612578663919792,6.214285714285714,14431263800.0,19.82916486167984,22.45148263202125,-0.018010183238054034,-0.01817434057762428,0.02459227163597629,0.08320635558145684
2024-06-12,177.2899932861328,180.5500030517578,169.8000030517578,171.1199951171875,90389400,176.69800033569337,172.1931997680664,175.76795247870632,175.53018774418737,46.349029101356294,0.2377647345189473,0.7627365460789246,-0.5249718115599773,183.18778169569356,170.20821897569317,0.07321091551429157,6.376427786690848,14521653200.0,64.74438518932695,31.942569572274067,0.03884911216309472,0.03811347747393242,0.025042025479757007,0.02414131761615179
2024-06-13,182.47000122070312,191.0800018310547,181.22999572753906,188.38999938964844,118984100,177.12200012207032,172.47499969482422,176.79903690055198,176.04424800170705,61.661769940462996,0.7547888988449358,0.7611470166321269,-0.0063581177871910866,183.96527168117458,170.27872856296605,0.07500708624238038,6.744285583496094,14640637300.0,63.62483617643873,49.39946207581517,0.029217711832219218,0.028799010597446485,0.025364220217316324,0.0029593537705940864
2024-06-14,178.00999450683594,186.0,176.9199981689453,185.8000030517578,82038200,177.28050003051757,172.6129995727539,176.98533807074952,176.1898588539388,48.309959417086084,0.795479216810719,0.7680134566678454,0.027465760142873608,184.04764644127727,170.51335361975788,0.07603108386703333,6.9392852783203125,14558599100.0,44.78238979412246,57.71720371996272,-0.024442410719736185,-0.024746085007725318,0.026068232466287592,0.02567275695322402
2024-06-17,187.44000244140625,188.80999755859375,177.0,177.9199981689453,109786100,177.77949981689454,173.06379974365234,178.5937479739275,177.02320282338084,62.33557089398531,1.57054515054665,0.9285197954436063,0.6420253551030436,185.93232994789525,169.62666968589383,0.08699135749904066,7.348570687430246,14668385200.0,84.6218856270539,64.34303719920503,0.052974598199923895,0.051619109593938894,0.028403674108365844,-0.0004801341054120334
2024-06-18,184.86000061035156,187.1999969482422,182.3699951171875,186.55999755859375,68982300,178.275,173.30139984130858,179.55778684106966,177.60370636315645,59.55898555961558,1.9540804779132088,1.133631931937527,0.8204485459756818,186.89496498114528,169.65503501885473,0.09325938496900105,7.409285409109933,14599402900.0,73.7220037912766,67.70875973748433,-0.013764414198944475,-0.013860022086213656,0.02839165494686026,0.06226330449439277
2024-06-20,181.57000732421875,185.2100067138672,179.66000366210938,184.67999267578125,55893100,178.02350006103515,173.39519989013672,179.8673592230926,177.89750643434624,53.01912948375464,1.9698527887463513,1.300876103299292,0.6689766854470593,185.8805027648778,170.1664973571925,0.08654516039989878,7.285000392368862,14543509800.0,59.822580299515465,72.72215657261533,-0.017797215597047833,-0.017957490517488177,0.024463995851482755,0.08729410257953107
2024-06-21,183.00999450683594,183.9499969482422,180.69000244140625,182.3000030517578,61937300,178.1684997558594,173.62019989013672,180.35084157443774,178.27620925453067,55.270465916577805,2.0746323199070673,1.4556273466208471,0.6190049732862202,186.2902117695024,170.04678774221637,0.0887570324837057,7.053571428571429,14605447100.0,65.90617680965627,66.48358696681612,0.00793075466503601,0.007899471520701,0.023199178870462408,0.08125244971482215
2024-06-24,182.5800018310547,188.8000030517578,182.5500030517578,184.97000122070312,61992100,178.6104995727539,173.7797998046875,180.69378930622497,178.59500870464356,56.92580075852804,2.09878060158141,1.5842579976129598,0.5145226039684503,186.67945229964297,170.54154684586481,0.08838813282908672,6.917857578822544,14543455000.0,64.08956206936776,63.27277305951318,-0.0023495584322592578,-0.002352322975825913,0.021590131434352355,
2024-06-25,187.35000610351562,187.97000122070312,182.00999450683594,184.39999389648438,62905700,179.0159996032715,174.10579986572264,181.7178226596543,179.24352703048595,62.92643322185511,2.4742956291683527,1.7622655239240386,0.7120301052443141,187.98327440163004,170.04872480491295,0.0957275100744208,7.075001307896206,14606360700.0,84.24167293229799,71.41247060377401,0.026125557150967316,0.025790114652126835,0.02123220149071485,
2024-06-26,196.3699951171875,197.75999450683594,186.36000061035156,186.5399932861328,95737100,179.99699935913085,174.80359985351564,183.97200303773633,180.51215429616755,68.59878321066813,3.459848741568777,2.101782167452986,1.358066574115791,191.77330275459084,168.22069596367086,0.11993994691940853,7.602144513811384,14702097800.0,95.42009947312997,81.2504448249319,0.04814512260377568,0.047022052078927956,0.023166240144186494,
2024-06-27,197.4199981689453,198.72000122070312,194.0500030517578,195.1699981689453,72746500,181.05849914550782,175.6097998046875,186.04092536561464,181.76458717563258,67.530599275136,4.276338189982056,2.5366933719588003,1.7396448180232555,195.01533715235706,167.10166113865859,0.14139234258228947,7.435715811593192,14774844300.0,95.84796182023503,91.836578075221,0.0053470646120412635,0.005332819818052439,0.023076073775173844,
2024-06-28,197.8800048828125,203.1999969482422,195.25999450683594,199.5500030517578,95438100,182.01299972534179,176.4583999633789,187.86232221441432,182.9583218206089,68.3585453879858,4.904000393805433,3.010154776328127,1.8938456174773055,197.8068280553399,166.21917139534366,0.15963036123181282,7.733572823660714,14870282400.0,85.13553209203221,92.13453112846572,0.002330091774560339,0.0023273813203096337,0.022993727890642388,
