date,close,high,low,open,volume,sma_20,sma_50,ema_12,ema_26,rsi_14,macd,macd_signal,macd_hist,bb_upper,bb_lower,bb_width,atr_14,obv,stoch_k,stoch_d,returns,log_returns,vol_20,future_return_5d,finbert_positive,finbert_negative,finbert_neutral,finbert_compound,finbert_confidence,finbert_uncertainty,news_volume,sentiment_ma3,sentiment_ma7,sentiment_momentum,sentiment_volatility,sentiment_dispersion,topic_relevance_score
2020-01-02,5.970753192901611,5.970753192901611,5.8913625714305295,5.9418839191567505,237536000,,,5.970753192901611,5.970753192901611,,0.0,0.0,0.0,,,,,0.0,,,,,,0.0129633831265822,0.7400961036289719,0.2599038963710281,0.6511772952696055,0.34882270473039445,0.34882270473039445,0.7153913786848508,6,0.34882270473039445,0.34882270473039445,0.0,0.0,0.7242885647473736,0.2369601789775479
2020-01-03,5.875186920166016,5.918989028814216,5.826158464010726,5.8510460365310895,205384000,,,5.956050689403828,5.963674209736012,,-0.0076235203321841,-0.0015247040664368,-0.0060988162657473,,,,,-205384000.0,,,-0.0160057315464338,-0.0161352066891582,,0.0349470342078181,0.8612971764556169,0.13870282354438318,0.39129802892161836,0.6087019710783816,0.6087019710783816,0.42988482310489934,3,0.47876233790438805,0.47876233790438805,0.1299396331739936,0.18376239152444668,0.3987207395467933,0.5001872054308008
2020-01-06,5.899825096130371,5.905051443474641,5.7557269623863725,5.781858699107725,262636000,,,5.947400598130988,5.958944645765223,,-0.011544047634235,-0.0035285727799964,-0.0080154748542385,,,,,57252000.0,,,0.0041935986546721,0.0041848300260254,,0.0629377434265241,0.19785075565018734,0.8021492443498126,0.5334061021223425,-0.4665938978776575,0.4665938978776575,0.5860064986421623,3,0.1636435926437062,0.1636435926437062,-0.6302374905213637,0.5610559500739579,0.9428090415820634,0.2985576073842779
2020-01-07,5.971251487731934,6.017044442487873,5.883149809298522,5.928196075296092,314856000,,,5.951069965761903,5.959856263688684,,-0.0087862979267807,-0.0045801178093533,-0.0042061801174274,,,,,372108000.0,,,0.0121065269627078,0.0120338291225712,,0.03063407966798,0.6595861603512576,0.3404138396487423,0.779516481435311,0.2204835185646889,0.2204835185646889,0.8563863857241591,3,0.12086386392180436,0.17785357412395186,0.04262994444073703,0.45898098766390827,0.8302806664846324,0.14937288471250815
2020-01-08,5.982451438903809,6.023764739731018,5.926952474390596,5.967021135605146,277108000,,,5.955897884706811,5.961529980371285,,-0.0056320956644739,-0.0047905133803774,-0.0008415822840965,,,,,649216000.0,,,0.0018756455317425,0.0018738887051085,,0.021590995137138,0.7480868566507102,0.2519131433492898,0.6371884230334133,0.3628115769665868,0.3628115769665868,0.7000230317415619,3,0.03890039921787273,0.21484517469247882,0.14796640227410796,0.40600437539614,0.8886465834402926,0.23871908957249774
2020-01-09,6.048154354095459,6.120576999500233,5.994397505336159,6.068811004490261,255112000,,,5.97009118768968,5.96794660064715,,0.0021445870425296,-0.003403493295796,0.0055480803383256,,,,,904328000.0,,,0.0109826073579779,0.0109227364857823,,0.0243190205156946,0.7488706053050733,0.2511293946949266,0.6358007036735025,0.3641992963264975,0.3641992963264975,0.6984984661995413,3,0.31583146395259104,0.23973752829814865,0.12446176802834885,0.4073289820720547,0.9428090415820634,0.23303877529660122
2020-01-10,6.080507278442383,6.185781374034128,6.066321616134521,6.155418721169793,316296000,,,5.987078278574711,5.976284428631982,,0.0107938499427291,-0.000564024648091,0.0113578745908201,,,,,1220624000.0,,,0.0053492226641034,0.0053349663899398,,0.0203015304254758,0.9524171361353252,0.04758286386467489,0.0011565288482489056,0.9988434711517511,0.9988434711517511,0.0012705768048854231,3,0.5752847814816118,0.3481812344200918,0.6506622367316592,0.5221005781251999,0.0,0.9538955149499223
2020-01-13,6.271146774291992,6.296283085616818,6.140985084223415,6.163633065444852,319840000,,,6.030781124069677,5.998126083866057,,0.03265504020362,0.0060797883222512,0.0265752518813688,,,,,1540464000.0,,,0.0313525643699985,0.0308711100800844,,-0.016033169631438,0.9499929410130277,0.050007058986972344,0.018569873716097973,0.981430126283902,0.981430126283902,0.02040109146352017,3,0.7814909645873835,0.43855372321345004,0.542876403070452,0.37397013336569523,0.0,0.9372657706011264
2020-01-14,6.154175281524658,6.2537250915044345,6.140984569750498,6.228339569543208,359088000,,,6.049764840601213,6.009685283692621,,0.0400795569085925,0.0128797420395194,0.027199814869073,,,,,1181376000.0,,,-0.0186523289881921,-0.0188284775021566,,0.0114443082226654,0.45016598878912334,0.5498340112108767,0.9333333146162044,-0.06666668538379561,0.06666668538379561,1.0253714488607013,3,0.6378689706839525,0.3420724865759962,-0.4087391719597918,0.45690226792769084,0.9428090415820634,0.042657750499868904
2020-01-15,6.111618518829346,6.189267527995452,6.085735515773977,6.1668687570940355,263104000,,,6.059280791097849,6.017235893702749,,0.0420448973951002,0.0187127731106356,0.0233321242844645,,,,,918272000.0,,,-0.0069151040957626,-0.0069391242266085,,0.0296857461028494,0.19782766316201297,0.802172336837987,0.5333575983320267,-0.46664240166797333,0.46664240166797333,0.5859532117820743,3,0.14937367974404436,0.34206555746309386,-0.8087079591310672,0.644141135759823,0.9428090415820634,0.2985886433143482
2020-01-16,6.195239543914795,6.201212580149905,6.141731430548025,6.165125624680976,284192000,,,6.080197522300456,6.030421349274011,,0.0497761730264452,0.0249254530937975,0.0248507199326476,,,,,1202464000.0,,,0.0136823044219498,0.0135895468288244,,0.0062267368073805,0.2678192367943254,0.7321807632056746,0.6647616118737918,-0.3352383881262082,0.3352383881262082,0.7303152758393681,3,-0.2895158250593257,0.26267671365010864,-0.5979151017763169,0.715592540015977,0.7402088055703998,0.2372097241688284
2020-01-17,6.203950881958008,6.22186999285586,6.156415799010118,6.214403577975669,253792000,,,6.099236500709311,6.043275388732085,,0.0559611119772256,0.0311325848704831,0.0248285271067424,,,,,1456256000.0,,,0.00140613417471,0.0014051464938175,,-0.0364249904001559,0.14868017572776057,0.8513198242722394,0.4183365492236839,-0.5816634507763161,0.5816634507763161,0.45958967377615073,3,-0.46118141352349923,0.12775170968683677,-0.7094151604631529,0.6309062390654215,0.4714045207910317,0.46383765318450754
2020-01-21,6.170600414276123,6.204198560894106,6.13650431691283,6.16736492115884,217916000,,,6.1102155643349745,6.052706872105717,,0.0575086922292573,0.036407806342238,0.0211008858870193,,,,,1238340000.0,,,-0.0053756820962063,-0.0053901830669594,,0.0001211682192761,0.9008264446691057,0.09917355533089435,0.26451959520046087,0.7354804047995391,0.7354804047995391,0.2906044778807403,6,-0.06047381136766172,0.18079186804012842,0.5546885367594108,0.5271812323781667,0.44300425638038093,0.5655131958529168
2020-01-22,6.224605560302734,6.311213856784252,6.196980451112162,6.215894983052631,239240000,,,6.127814025253091,6.065440108268459,,0.0623739169846322,0.0416010284707168,0.0207728885139153,,,,0.120899662579158,1477580000.0,84.40857953642949,,0.0087520082975502,0.0087139314774129,,-0.0182716426545112,0.7546265972232252,0.2453734027767747,0.6255193631890414,0.3744806368109585,0.3744806368109585,0.6872032591993315,3,0.1760991969447272,0.0915971774200152,0.2828834593909433,0.5776395713844235,0.3678704825788309,0.3115826036195753
2020-01-23,6.293046474456787,6.301508314316864,6.175826780010042,6.2646751491590695,244516000,,,6.15323440205366,6.082299839097224,67.92144449867409,0.0709345629564364,0.0474677353678607,0.0234668275885756,,,,0.1242061563531394,1722096000.0,96.72946680147116,,0.0109952210611596,0.0109352130846892,,-0.0278807878022121,0.9436825975796379,0.05631740242036219,0.06040457025301427,0.9395954297469857,0.9395954297469857,0.06636120317167762,3,0.6831854904524945,0.08562079220045574,0.85397463754653,0.662974846496832,0.12065377796439399,0.8594211373625267
2020-01-24,6.233815670013428,6.458300831398263,6.179560864595715,6.4085256847471355,373512000,,,6.165631520201317,6.093523233979905,70.78169104335258,0.0721082862214119,0.052395845538571,0.0197124406828409,,,,0.1337879590611153,1348584000.0,68.04817657379775,83.06207430389946,-0.0094121034516072,-0.0094566772063054,,-0.0560922873171869,0.9499270113590115,0.05007298864098849,0.019032187440247705,0.9809678125597523,0.9809678125597523,0.020908995002090987,3,0.7650146263725656,0.2352828633352483,0.745684949224504,0.6452234279729788,0.4714045207910317,0.7822561438577194
2020-01-27,5.977972030639648,6.02899133900115,5.779618620640297,5.929192314169117,470536000,,,6.136760829499522,6.08496388558433,53.57144033860574,0.0517969439151917,0.0522760652138951,-0.0004791212987034,,,,0.1555645710814626,878048000.0,29.226257379807283,64.66796691835873,-0.0410412583426978,-0.041907227279342,,0.0005411305480638,0.4815324679413012,0.5184675320586988,0.9753654176864262,-0.02463458231357385,0.02463458231357385,1.0715484338122114,3,0.6319762199977214,0.29842683752873395,-0.3230614198423078,0.4242160054366456,0.8886465834402926,0.016208813156027523
2020-01-28,6.1713480949401855,6.203701607240368,5.99066457305883,6.043923950276957,310976000,,,6.142081947259625,6.091362715906986,58.22763597587632,0.0507192313526383,0.0519646984416438,-0.0012454670890054,,,,0.1621242098965603,1189024000.0,57.719130914777665,51.66452162279423,0.0323481045594395,0.0318359208025456,,-0.0033875858573332,0.05001201570465305,0.949987984295347,0.018604651415321083,-0.9813953485846789,0.9813953485846789,0.020439298671258283,3,-0.008354039446166825,0.206118700320381,-1.18751404890506,0.8088271554161898,0.4714045207910317,0.7825970752093268
2020-01-29,6.1108717918396,6.1930004533573255,6.071051388818257,6.15691349496701,258848000,,,6.137280384887313,6.092807832642736,55.07478223263437,0.044472552244577,0.0504662692022304,-0.0059937169576534,,,,0.1639196955536065,930176000.0,48.80828839483945,45.25122556314147,-0.0097995287529105,-0.0098478601439102,,0.0212590653436675,0.802183885081538,0.197816114918462,0.5333333406372077,0.4666666593627923,0.4666666593627923,0.5859265619804513,3,-0.17978775717848683,0.3558801446259679,0.11078651473682438,0.8131906622770284,0.9428090415820634,0.2986041649903897
2020-01-30,6.117591381072998,6.1310308331058625,5.958062920851865,6.013063944753105,290504000,6.103205609321594,,6.1342513073774185,6.0946436510449775,52.87810844375452,0.039607656332441,0.0482945466282725,-0.0086868902958315,6.349826138577296,5.8565850800658925,0.0806266760538182,0.1664084349577189,1220680000.0,49.79838200816592,52.10860043926101,0.0010996122095658,0.0010990080788925,,0.0343351921455512,0.5517680065475501,0.4482319934524499,0.9307277536555421,0.069272246344458,0.069272246344458,1.0225089475704436,3,-0.14848548095914288,0.2607075505609563,-0.1914353042164983,0.7239507819678879,0.9428090415820634,0.04432496057237017
2020-01-31,5.884146690368652,6.083744287335184,5.842335907093359,6.0717982136305295,370420000,6.098875284194946,,6.095773673991454,6.079051283587472,43.02393379407387,0.0167223904039817,0.0419801153834143,-0.0252577249794326,6.3580119638113874,5.839738604578505,0.0880796123049086,0.1762390388177883,850260000.0,15.4016221314539,38.00276417815309,-0.0381595755850239,-0.0389067210623826,0.0188258581292857,0.0641203570516899,0.9137735567405938,0.08622644325940618,0.21313136865151494,0.7868686313484851,0.7868686313484851,0.23414874070120745,3,0.4409358456852452,0.3196201212091743,0.46724851013931074,0.6680966884724673,0.4291096661947442,0.6385990491676896
2020-02-03,5.981206893920898,6.0006189034883555,5.859755803690975,5.86597757728614,255564000,6.10417628288269,,6.078148015519061,6.071803551019578,38.9656710142226,0.0063444644994836,0.0348529852066282,-0.0285085207071445,6.347927015376492,5.8604255503888885,0.0815055345239912,0.1708881311479986,1105824000.0,29.702896258093315,31.634300132571045,0.0164952045996944,0.0163606365145801,0.0188252312773673,0.0942039303224777,0.05779588628921142,0.9422041137107886,0.06956522311752356,-0.9304347768824764,0.9304347768824764,0.07642520898085026,3,-0.024764633063177777,0.05247294883353691,-0.9829077257160134,0.8064110056910935,0.4714045207910317,0.7419594316514537
2020-02-04,6.150442123413086,6.169605872146606,6.073042338363258,6.123066221076983,271544000,6.116707134246826,,6.0892701859642955,6.077628630456133,49.86336109710221,0.0116415555081621,0.030210699266935,-0.0185691437587728,6.341234318775236,5.892179949718416,0.0730117217666986,0.175047900696871,1377368000.0,54.63875380087813,33.247757396808446,0.0282944951568542,0.0279015998951546,0.0197831034895302,0.0840043720110661,0.7547408334305578,0.24525916656944233,0.6253136836122979,0.37468631638770206,0.37468631638770206,0.6869772970887928,3,0.0770400569512369,-0.03413869347675598,0.408825009864458,0.6576780067799689,0.8955419357123644,0.24566874409602193
2020-02-05,6.240783214569092,6.281598562985633,6.157409927409583,6.27139460720877,208220000,6.130183720588684,,6.112579882672725,6.089714155205241,54.56781433903864,0.0228657274674839,0.0287417049070448,-0.0058759774395608,6.3502623332561114,5.910105107921257,0.0705291644015623,0.1770210740790904,1585588000.0,67.95000457345968,50.76388487747704,0.0146885523582283,0.0145817204399385,0.0198589585249961,0.0868560669645963,0.9462105991044601,0.053789400895539824,0.04420375782961705,0.955796242170383,0.955796242170383,0.048562791556926464,3,0.13334926055853621,0.10592285287809498,0.849873389292288,0.7463250069165858,0.08965847632427718,0.8841417790577065
2020-02-06,6.327640056610107,6.327640056610107,6.193994633007796,6.275127851182207,218284000,6.147443151473999,,6.145666063278476,6.107338296050046,54.67155509948192,0.0383277672284299,0.0306589173713218,0.007668849857108,6.372818043048566,5.922068259899431,0.0712350543198587,0.1801675999563584,1803872000.0,80.74787087026942,67.77887641486907,0.013917618839611,0.0138216581206212,0.0200241399159398,0.0650148835461701,0.6453680368978147,0.35463196310218525,0.8004199247142545,0.19958007528574556,0.19958007528574556,0.8793511653858832,3,0.5100208779479435,0.27463362771672706,-0.0750535524309815,0.74063572579571,0.816496580927726,0.1361307787888494
2020-02-07,6.261440277099609,6.309722042005786,6.236054755001405,6.287572013355755,189752000,6.158107447624206,,6.163477480789419,6.118753257609273,51.94934662004531,0.0447242231801459,0.0334719785330866,0.0112522446470592,6.383884833765892,5.932330061482521,0.0721167578543986,0.1820341076537128,1614120000.0,70.99370634914206,73.23052726429039,-0.0104620014599824,-0.0105171129183636,0.0201479848958904,0.1518343498442487,0.8020358199193668,0.1979641800806332,0.5336442785115558,0.4663557214884442,0.4663557214884442,0.5862681621502226,3,0.5405773463148575,0.2745892080203916,0.19176651346805257,0.6981584407888186,0.9428090415820634,0.2984052063922752
2020-02-10,6.5446600914001465,6.545406305582232,6.279110375824013,6.284087985183651,529608000,6.181315088272095,,6.222120959344916,6.150301911964153,60.84576635811977,0.0718190473807629,0.0411413923026219,0.030677655078141,6.4622018614541235,5.900428315090067,0.0858369324790819,0.1974820922609518,2143728000.0,99.9025558655768,83.88137769499609,0.0452323749435694,0.0442392290636457,0.0223570330928144,0.1277710176801749,0.15392925550887993,0.8460707444911201,0.43196337953797637,-0.5680366204620236,0.5680366204620236,0.47456027701502757,3,0.032633058770722055,0.18354508419089424,-0.7515817046529178,0.5535943649765163,0.8531505652577861,0.38049048222961845
2020-02-11,6.6671061515808105,6.781837531508206,6.590950532170923,6.652920487059736,638556000,6.201113057136536,,6.290580219688899,6.188583707491313,62.34042023520892,0.1019965121975863,0.0533124162816147,0.0486840959159715,6.554992782722919,5.847233331550153,0.1061569195212156,0.2043795206609468,2782284000.0,88.55226342580565,86.48284188017483,0.0187093078128781,0.0185364415240199,0.0217099855989525,0.1747359718093382,0.9525741266221416,0.04742587337785838,1.4778398504944334e-09,0.9999999985221601,0.9999999985221601,1.6235730204366267e-09,3,0.29943969984952695,0.2139924223585621,0.7860075761635981,0.6422614241934713,0.0,0.9549999985886629
2020-02-12,6.782833099365234,6.789304086608207,6.681043216849115,6.7198677162340585,374644000,6.232545948028564,,6.366311431946797,6.232602180963456,63.30813806042473,0.1337092509833413,0.0693917832219601,0.0643174677613812,6.670551260665117,5.7945406353920115,0.1291511397140357,0.2041306921409879,3156928000.0,99.35910850906814,95.93797593348351,0.0173578978875241,0.0172089704857137,0.0212834715500025,0.132677808466328,0.9240958748861362,0.07590412511386377,0.1668850684309282,0.8331149315690718,0.8331149315690718,0.18334198697343615,3,0.4216927698764028,0.46592809499449755,0.36718683657457424,0.6181227341766085,0.3842256228132847,0.6886299630679033
2020-02-13,6.739030838012695,6.806227140199574,6.697468796769711,6.724845173517911,528016000,6.263916563987732,,6.423652879033859,6.270115414818955,63.843418577143694,0.1535374642149038,0.0862209194205488,0.067316544794355,6.752416371831495,5.7754167561439695,0.1449762791077592,0.1919891476143676,2628912000.0,93.45453482596542,93.7886355869464,-0.00645781205447,-0.0064787539305557,0.0212701364966689,0.0860108689222467,0.4501438192025507,0.5498561807974492,0.9333034584528725,-0.06669654154712745,0.06669654154712745,1.0253386485127725,3,0.5888061295147016,0.40287340100380764,-0.4695699425509351,0.648924493723387,0.9428090415820634,0.04267685444599974
2020-02-14,7.212141990661621,7.341059034322316,7.117818524879411,7.149176609223402,1041924000,6.314761686325073,,6.544958896207361,6.339895161177671,80.21939886408758,0.2050637350296904,0.1099894825423771,0.0950742524873132,6.9597770175416285,5.669746355108518,0.1788692823995229,0.2025485152526883,3670836000.0,91.39820809911458,94.73728381138272,0.0702046279385246,0.0678498712536153,0.0257514867798932,-0.0569723234933942,0.682609834629501,0.3173901653704991,0.7447361262236079,0.2552638737763921,0.2552638737763921,0.8181762600843401,3,0.3405607545994455,0.3027973483760947,-0.047533474599702585,0.6449296535135494,0.8955419357123644,0.16736761536506964
2020-02-18,7.38087797164917,7.39929502877194,7.089445772386045,7.108857781612772,620164000,6.373608040809631,,6.6735618308907165,6.417004998990374,79.97780003986097,0.2565568319003422,0.1393029524139702,0.1172538794863719,7.1724598120402945,5.574756269578968,0.2164652428340227,0.2085570638087722,4291000000.0,98.81711357385636,94.5566188329788,0.0233960980255283,0.0231266046256041,0.0259266972255997,-0.1163973514006846,0.9499879843311922,0.05001201566880774,0.018604651163832364,0.9813953488361676,0.9813953488361676,0.020439298394969687,6,0.38998756035514415,0.41448524459758357,0.566910104238584,0.480398366761513,0.4714045207910317,0.7457207734272081
2020-02-19,7.832089424133301,7.849759796148318,7.503326041147448,7.503326041147448,694332000,6.45668249130249,,6.85179684523573,6.52182606751948,85.73791947461696,0.3299707777162499,0.1774365174744261,0.1525342602418238,7.480525436337919,5.432839546267061,0.2614482265436409,0.2333379752344922,4985332000.0,99.11974879333866,96.44502348876988,0.0611324905000851,0.0593367250687124,0.0281503853983529,-0.1495075032197708,0.9499874072013631,0.050012592798636936,0.018608700253758492,0.9813912997462415,0.9813912997462415,0.020443746774920453,3,0.7393501741196005,0.4880617557772689,0.4933295439689726,0.47658769897430076,0.4714045207910317,0.7825938465317875
2020-02-20,7.682764530181885,7.872406892694111,7.375404030472952,7.784056461298665,810052000,6.529590439796448,,6.979638027535138,6.6078215091981765,80.68104957549,0.3718165183369617,0.2163125176469332,0.1555040006900284,7.683286046057871,5.375894833535025,0.3003334546383944,0.2564833288035752,4175280000.0,90.65833831605204,96.19840022774902,-0.0190657800064559,-0.0192498756980807,0.0290123062940745,-0.1812404166479175,0.8021838885081991,0.1978161114918009,0.5333333334391671,0.4666666665608329,0.4666666665608329,0.5859265540725955,3,0.809817771714414,0.6358765110662483,-0.16920984450541543,0.4590329899663546,0.9428090415820634,0.2986041695961717
2020-02-21,7.318660736083984,7.595658589615232,7.23379453271584,7.5705222779789745,768180000,6.580871152877807,,7.031795367311884,6.660476266745273,76.74959218377944,0.3713191005666107,0.2473138342308687,0.1240052663357419,7.780555236365042,5.381187069390573,0.3278425183920064,0.2688915090526041,3407100000.0,72.48672855615207,87.42160522184759,-0.0473922886309363,-0.0485520955724925,0.0318125222493452,-0.0810639897046873,0.07102697918633073,0.9289730208136693,0.1429933653721518,-0.8570066346278482,0.8570066346278482,0.1570942683958549,3,0.19701711055974214,0.37058984918767574,-1.227596483815524,0.754247693833306,0.4714045207910317,0.6834054050306844
2020-02-24,6.8012495040893555,7.015033220439057,6.669843655720504,6.724347196251177,856916000,6.609242844581604,,6.996326772969956,6.670903913955946,63.21913108733965,0.3254228590140107,0.2629356391874972,0.0624872198265135,7.801182358899487,5.417303330263721,0.3505060396920333,0.305173936235897,2550184000.0,40.47024065071684,67.87176917430699,-0.0706975293230331,-0.0733210057793486,0.0362285691935294,0.0121315234237573,0.14319833754223585,0.8568016624577641,0.403674728558463,-0.596325271441537,0.596325271441537,0.443482017419091,3,-0.3288884131695174,0.16638410590044592,-0.762709377341983,0.8722879529890613,0.8392750033698627,0.40220489534077564
2020-02-25,6.521763324737549,6.938379636288666,6.41997344513621,6.876409681886865,1055496000,6.636432409286499,,6.923317011703432,6.659856462902731,55.780258233520385,0.2634605488007011,0.263040621110138,0.0004199276905631,7.791994104994789,5.480870713578209,0.3543709387076821,0.328745880016379,1494688000.0,21.24513363526949,44.7340342807128,-0.0410933577989987,-0.0419615579500471,0.0362320549261641,0.0152604395264532,0.050012066633439836,0.9499879333665602,0.018605008728796557,-0.9813949912712034,0.9813949912712034,0.020439691220233345,3,-0.8115756324468628,0.03571289879700649,-1.01710789006821,0.8716943092408359,0.4714045207910317,0.7825967902757561
2020-02-26,6.661133289337158,6.8552557873010365,6.520519381374337,6.522012284469121,747732000,6.660921669006347,,6.882981054416313,6.659951042638614,56.44509720568482,0.2230300117776993,0.2550384992436502,-0.0320084874659509,7.795553136370907,5.526290201641787,0.3406722003839277,0.3432873061845328,2242420000.0,27.832176114963875,29.8491834669834,0.0213699819603954,0.0211448456869429,0.0358771512976188,0.0636285328892583,0.24983811815459672,0.7501618818454033,0.6335080516813241,-0.36649194831867593,0.36649194831867593,0.6959797305472946,3,-0.648070737010472,-0.05310936150228895,-0.313382586816387,0.5734256012167033,0.7286746343384292,0.26073721623041224
2020-02-27,6.290337085723877,6.64893125360864,6.197949244815988,6.3476124078584535,906416000,6.6698949337005615,,6.791805059232861,6.6325722310153,49.47385675665615,0.1592328282175614,0.2358773650384324,-0.076644536820871,7.788941837227783,5.55084803017334,0.3557987078520593,0.3668257791073084,1336004000.0,5.517478508327038,18.198262752853463,-0.055665633385063,-0.0572749736287259,0.0382242909206603,0.0819080469197781,0.9450279639810999,0.05497203601889996,0.05187003378157817,0.9481299662184218,0.9481299662184218,0.05698505652607177,3,-0.13325232445715243,-0.05786155901910978,1.0059915252375315,0.7745449360835174,0.10463478485389509,0.8723040526352178
2020-02-28,6.725380897521973,6.784897622495817,6.021142320573181,6.03782676252008,1133252000,6.70028440952301,,6.7815859574311865,6.639446947052831,55.926999589899985,0.1421390103783553,0.217129694106417,-0.0749906837280617,7.788772732746094,5.611796086299926,0.3236956656608541,0.4148379219868751,2469256000.0,38.040947100368285,23.796867241219733,0.0691606516263558,0.0668739029091651,0.0410514389946098,-0.0149222079805469,0.1577137919320929,0.8422862080679071,0.441554025285685,-0.558445974714315,0.558445974714315,0.4850966782897228,3,0.00773068106181037,-0.277838312513475,-0.28060766220084,0.7383354672655692,0.8701252603378251,0.37089783135449766
2020-03-02,6.883759021759033,6.912646039429373,6.499515804177386,6.895463350895679,890744000,6.75026502609253,,6.7973048904047015,6.657544137771809,54.47484248686278,0.1397607526328927,0.2016559058117122,-0.0618951531788194,7.770631663766618,5.729898388418441,0.2964562339991241,0.4240639367561153,3360000000.0,46.59607890252128,30.051501503738866,0.0235493166335629,0.0232763092608362,0.0398962174997566,-0.1121077584412448,0.952574099409842,0.047425900590157985,2.0226214036966894e-07,0.9999997977378596,0.9999997977378596,2.2220767294243247e-07,3,0.46322792974732224,-0.20164786520247116,1.2016476629403308,0.9093837221902238,0.0,0.9549998068396559
2020-03-03,6.621288299560547,6.999306015519978,6.535873107011647,6.939540411907499,652792000,6.782269096374511,,6.770225414890216,6.65485852012653,49.41692308512419,0.1153668947636861,0.184398103602107,-0.0690312088384209,7.739254795284029,5.825283397464994,0.2890632927048448,0.440225041641849,2707208000.0,32.418163654242996,39.01839655237752,-0.0381289817625568,-0.0388749139817661,0.0411788215157322,-0.0180900727128801,0.8014726465767036,0.19852735342329644,0.5348253491923421,0.46517465080765785,0.46517465080765785,0.58756570091392,3,0.3022428246104009,-0.012764824425970298,0.4779394752336282,0.7277480292289829,0.9428090415820634,0.2976494793280954
2020-03-04,7.0849714279174805,7.094434352559706,6.653911295478629,6.728618670281707,597408000,6.828995561599731,,6.818647878432873,6.686718735518452,53.532187704185255,0.1319291429144202,0.1739043114645696,-0.0419751685501494,7.746533326125092,5.9114577970743705,0.2590095877902663,0.4652927643541177,3304616000.0,57.4649957002557,45.493079419006655,0.0700291404601289,0.067685882177861,0.0433722849316256,-0.1337035246787276,0.047448415345764015,0.952551584654236,0.00016628851691402602,-0.999833711483086,0.999833711483086,0.00018268660814614381,3,0.1551135790208106,-0.07040888728904872,-0.9294248241940373,0.9056287020727286,0.0,0.9548411944663471
2020-03-05,6.805566310882568,7.052348512985512,6.76099087219597,6.885502676379965,540328000,6.857234716415405,,6.81663532957898,6.695522259619498,50.73722981068229,0.121113069959482,0.1633460631635521,-0.0422329932040701,7.732330503847812,5.982138928982999,0.2571706004930311,0.4806657795178068,2764288000.0,42.37233303649173,44.085164130330135,-0.0394363082303973,-0.040234987915679,0.0446033825935174,-0.2084965661122619,0.9499879112641871,0.050012088735812824,0.018605163797682955,0.981394836202317,0.981394836202317,0.020439861580817533,3,0.1489119251756297,0.20998965949288279,0.7714051767094343,0.9128582243246272,0.4714045207910317,0.7825966666187029
2020-03-06,6.625023365020752,6.683544058488482,6.424808193310589,6.6260193871475765,515412000,6.872103881835938,,6.787156565800791,6.69030011927885,43.04355795189165,0.096856446521941,0.1500481398352299,-0.0531916933132888,7.7189612044402285,6.025246559231647,0.2556541391463117,0.4648607738936895,2248876000.0,32.61992117255969,44.15241663643571,-0.0265287174666296,-0.0268869538002977,0.0451053770304569,-0.0947224137361437,0.19793348802425068,0.8020665119757493,0.5335798393752534,-0.46642016062474656,0.46642016062474656,0.5861973685232096,3,-0.16161967863517177,0.19571420059201555,-0.6621343612167621,0.8950606726582434,0.9428090415820634,0.2984464388096811
2020-03-09,6.112036228179932,6.459673198416253,5.931245111708743,5.9740769221666445,614160000,6.864633679389954,,6.683291898474504,6.647465756975226,36.10010883370283,0.0358261414992782,0.1272037401680395,-0.0913775986687613,7.736440214486179,5.992827144293728,0.2852753166209015,0.4922842736741263,1634716000.0,9.313552231915471,28.101935480322297,-0.0774317475692726,-0.0805939194295394,0.0485332839783641,-0.1998045072858835,0.3550102322164175,0.6449897677835826,0.8009707198121193,-0.1990292801878807,0.1990292801878807,0.8799562756489357,3,0.10531513179656334,0.03183430824825804,-0.23086358843613874,0.7789069292973034,0.816496580927726,0.1357550891539093
2020-03-10,6.501508712768555,6.501508712768555,6.125732346102121,6.38845186990878,580648000,6.862476110458374,,6.6553252545197426,6.636654124071028,35.223899044670716,0.0186711304487143,0.1054972182241745,-0.0868260877754601,7.737823266472206,5.987128954444542,0.2692750851182295,0.4866121779662317,2215364000.0,29.37743810701657,23.770303837163908,0.0637222146676643,0.0617742803929008,0.0496062495656527,-0.1678028159427904,0.050012026342072996,0.9499879736579271,0.01860472604688379,-0.9813952739531162,0.9813952739531162,0.020439380662410196,3,-0.5489482382552477,-0.028587020214427845,-0.9528082537386884,0.8106273022224529,0.4714045207910317,0.7825970156956529
2020-03-11,6.137685775756836,6.389946856189542,6.040566703714004,6.361558080137427,499964000,6.836005091667175,,6.575688411633141,6.599693505677385,33.62213958162131,-0.0240050940442433,0.0795967557704909,-0.1036018498147343,7.766510598712754,5.905499584621596,0.3032105392951104,0.4840364027400454,1715400000.0,12.403207896617324,17.031399411849787,-0.0559597707370895,-0.0575864980000529,0.0509811379649536,-0.1771008556782886,0.45009499591825997,0.54990500408174,0.933237706356233,-0.06676229364376698,0.06676229364376698,1.0252664124513986,3,-0.4157289492615879,-0.18098160469751737,0.11421931105375038,0.7212252074938705,0.9428090415820634,0.042718926982186954
2020-03-12,5.386629104614258,5.879944558155126,5.373928754039136,5.614485429792799,816540000,6.766194891929627,,6.392756210553313,6.509836883376412,31.07308578873028,-0.117080672823099,0.0402612700517729,-0.157341942874872,7.900644592040008,5.631745191819245,0.4212095089816363,0.5065211901865921,898860000.0,0.7381754862443094,14.172940496626069,-0.1223680550915732,-0.130527970377727,0.0572480383164078,-0.0154406908993695,0.19781780261898588,0.8021821973810142,0.533336885807761,-0.46666311419223905,0.46666311419223905,0.5859304567483866,3,-0.5049402272630407,-0.31410128541178833,-0.15256182878045071,0.3506469766178795,0.9428090415820634,0.2986018965560125
2020-03-13,5.997485160827637,6.001967498882198,5.468808182759905,5.739994622297284,634836000,6.729117608070373,6.404515075683594,6.331945279826286,6.471884903928355,42.26758797452716,-0.1399396241020687,0.0042210912210046,-0.1441607153230733,7.914628277087662,5.543606939053085,0.3953359240504369,0.5041298554654822,1533696000.0,36.24262582825994,16.46133640370719,0.1134022863556933,0.1074204502550967,0.0635521523064082,-0.1456984212775085,0.05001201577061643,0.9499879842293836,0.018604651878116663,-0.9813953481218833,0.9813953481218833,0.020439299179691194,3,-0.504940251985963,-0.3114672335030451,-0.6699281146188383,0.42873312710328865,0.4714045207910317,0.7825970748402783
2020-03-16,4.890823841094971,5.630424311039589,4.8310582281153325,5.289510622766234,726972000,6.613051700592041,6.382916488647461,6.110234289252237,6.3547692696444,36.46421385831892,-0.2445349803921628,-0.0455301231016288,-0.1990048572905339,8.031160475807393,5.194942925376689,0.5799058895966541,0.5504170512911857,806724000.0,2.640551533073378,13.20711761585921,-0.1845208933505638,-0.2039794775442632,0.0727764644166774,0.0829430150784831,0.6456551887168476,0.35434481128315237,0.8000016281834661,0.19999837181653396,0.19999837181653396,0.8788916196768519,3,-0.4160200301658627,-0.42309529984387123,0.6230936716604052,0.5324428187874388,0.816496580927726,0.13641609300380486
2020-03-17,5.410537242889404,5.49993703157345,4.756352318047779,5.0031345877682165,833632000,6.514534664154053,6.373623495101929,6.002588589811801,6.284826156551437,40.23717779762158,-0.2822375667396359,-0.0928716118292302,-0.1893659549104056,7.980985881869882,5.048083446438224,0.5420723125575218,0.5796205018339693,1640356000.0,27.97955396369959,22.287577108344305,0.1062629566470092,0.1009876294946998,0.0773877796172461,0.1468677421199908,0.04742587318257973,0.9525741268174203,3.6987746199201865e-11,-0.9999999999630123,0.9999999999630123,4.063519250458034e-11,3,-0.5937989920894537,-0.4993209911779092,-0.5006790087851031,0.5370491853593607,0.0,0.9549999999646767
2020-03-18,5.05069637298584,5.228001143281701,4.499358442377343,4.982962115786236,874268000,6.375465011596679,6.356640920639038,5.856143633377038,6.193409135546578,40.30611996362511,-0.3372655021695401,-0.1417503898972922,-0.1955151122722478,7.84335577966198,4.9075742435313785,0.5812627248458105,0.6116201272618902,766088000.0,21.245541536289693,17.288549011020887,-0.0665074194575542,-0.0688222640314677,0.0762521095688783,0.2110245978173499,0.9525674874014005,0.047432512598599534,4.898532049169013e-05,0.9999510146795083,0.9999510146795083,5.381587505651655e-05,3,0.0666497955110101,-0.3280380919111393,1.3279891065906475,0.8528272713256936,0.0,0.9549532190189304
2020-03-19,5.303455829620361,5.397088566428177,4.815867575219832,5.029280412841666,765512000,6.256499576568603,6.343285007476807,5.771114740491396,6.127486668440933,38.55436966310071,-0.356371927949537,-0.1846746975077412,-0.1716972304417957,7.662648244940847,4.85035090819636,0.5302763758373379,0.5985819622108693,1531600000.0,30.985505425028492,26.736866975005928,0.050044476636218,0.0488325219734875,0.0777928977567438,0.2078697352931577,0.04743127076697377,0.9525687292330263,3.9823643454006685e-05,-0.999960176356546,0.999960176356546,4.375074407810907e-05,3,-0.3333363872133499,-0.33069022082591504,-0.669269955530631,0.9176433128354184,0.0,0.9549619684205014
2020-03-20,5.123661041259766,5.735511767463592,5.108221508815818,5.453617044388222,804636000,6.146749591827392,6.326109199523926,5.671506479071145,6.053129214575661,35.88096373364837,-0.3816227355045161,-0.2240643051070961,-0.1575584303974199,7.546463284635777,4.747035899019007,0.5463724791850143,0.6138791067391399,726964000.0,24.057199875820952,25.429415612379714,-0.0339014397662035,-0.034489420746714,0.0775591171366553,0.2283354192461379,0.9502370404622312,0.049762959537768825,0.016853151052335535,0.9831468489476645,0.9831468489476645,0.018515078848875707,3,0.32771256242354235,-0.18070320045571056,1.163850049403375,0.9999614615171801,0.0,0.9389052407450196
2020-03-23,5.296483516693115,5.390863877993336,4.943617068293397,5.122665029285088,643876000,6.071511292457581,6.3110757827758786,5.613810638705295,5.99708138510288,39.2176910009788,-0.383270746397585,-0.255905593365194,-0.1273651530323911,7.484798519438462,4.6582240654767,0.5336700180512497,0.6127229568242546,1370840000.0,30.716830705448924,28.586512002099457,0.0337302709999054,0.0331738822884268,0.0771071447543447,0.2487187296618844,0.14364347645556166,0.8563565235444385,0.404882527575399,-0.595117472424601,0.595117472424601,0.44480892026133817,3,-0.20397693327782743,-0.19905382306033367,-0.3960636493642673,1.0302500991368575,0.8392750033698627,0.4013902683235018
2020-03-24,6.205170631408691,6.2918312232495754,5.678983959481302,5.702641033345908,1101644000,6.055681657791138,6.3135690498352055,5.704789099121202,6.012495403347755,43.32313029499383,-0.3077063042265529,-0.2662657355374657,-0.0414405686890871,7.454755420030988,4.6566078955512875,0.4509380467825215,0.6500230749354906,2472484000.0,66.81624844537018,40.530093008880016,0.1715642297104549,0.1583398043603026,0.0866011546805171,0.0578699943272922,0.49191259769224055,0.5080874023077595,0.9892158563926756,-0.010784143607324326,0.010784143607324326,1.0867646959783417,3,0.1257484109719131,-0.06039507955825383,0.049610935950929504,0.9072237603952762,0.7402088055703998,0.007630700483881861
2020-03-25,6.116517543792725,6.519935497420141,6.067708657505267,6.320218564952922,793432000,6.028450870513916,6.31047646522522,5.768131936762974,6.020200747084419,44.614846504651624,-0.252068810321445,-0.2634263504942616,0.0113575401728165,7.398812645587006,4.658089095440827,0.4480856190672696,0.6591835238064451,1679052000.0,74.03945382417994,57.19084432499968,-0.0142869701547337,-0.014390011522931,0.086529317808988,-0.0103817906027838,0.8021838682605607,0.1978161317394393,0.5333333759713339,0.4666666240286661,0.4666666240286661,0.5859266007989566,3,-0.04641166400108632,-0.022299614956520664,0.48896623898518676,0.7958779282994923,0.9428090415820634,0.29860414238128097
2020-03-26,6.4058837890625,6.529897349588991,6.225590457622035,6.323705539046025,696108000,6.034228205680847,6.3155106353759765,5.866247606347517,6.048769861305018,48.31599331404555,-0.1825222549575009,-0.2472455313869095,0.0647232764294085,7.410201567610614,4.65825484375108,0.4295967292691523,0.6615136443938942,2375160000.0,93.89257890971844,78.24942705975619,0.047308986395933,0.0462240042967044,0.0861470817469367,-0.0068809162823713,0.5514992819155337,0.44850071808446623,0.931089915314036,0.06891008468596405,0.06891008468596405,1.0229068228189495,3,0.1749308550357687,0.1304018257076188,-0.06149174102165475,0.5866720524840694,0.9038981579511796,0.044989467614067184
2020-03-27,6.293574333190918,6.552309772659619,6.192719592793357,6.225590704111467,638828000,6.012637877464295,6.319149751663208,5.93199017970804,6.066903525889158,51.48659965976473,-0.1349133461811176,-0.2247790943457511,0.0898657481646335,7.35611594932669,4.6691598056018995,0.42693642777116,0.637643067719198,1736332000.0,87.39690334952584,85.1096453611414,-0.0175322343598147,-0.0176877442856489,0.0848934771189088,-0.0348989762688143,0.9386868570463376,0.06131314295366239,0.09050409525226999,0.90949590474773,0.90949590474773,0.09942891121893294,3,0.4816908711541201,0.11747966714593619,0.7920162376017938,0.5619494304782554,0.43358442491919985,0.7367593547713539
2020-03-30,6.613818168640137,6.623032205750341,6.314989641822439,6.35906683290393,602252000,5.999140834808349,6.327521324157715,6.036886793389901,6.10741572164849,50.93023945737815,-0.0705289282585885,-0.1939290611283186,0.12340013286973,7.310817592705298,4.6874640769114,0.3966473599520327,0.6333563097171122,2338584000.0,99.56612742198074,93.61853656040834,0.0508842540812339,0.049631956506856,0.0855078304410842,0.0105802504970735,0.17911455963247636,0.8208854403675236,0.4925473453540299,-0.5074526546459701,0.5074526546459701,0.5411185663567927,3,0.15698444492924138,0.18783788453316133,-0.6952905391791314,0.532805946686119,0.8392750033698627,0.3422627744064858
2020-03-31,6.564263820648193,6.8581118150438165,6.418584732759713,6.65391201514309,949960000,5.996289610862732,6.334727582931518,6.1180217206604075,6.141256321574394,53.72731772245868,-0.0232346009139865,-0.1597901690854522,0.1365555681714657,7.302508705759843,4.690070515965621,0.3979788535580605,0.6318266720906517,1388624000.0,87.54223316959744,91.50175464703466,-0.0074925476825034,-0.0075207578167428,0.0850333097455514,-0.0173370267114689,0.9374213177372474,0.06257868226275269,0.09776395153344697,0.902236048466553,0.902236048466553,0.10740467854339833,3,0.43475976618943774,0.1762791987501454,0.7259568497164076,0.6008812688167661,0.4291096661947442,0.7322277947313214
2020-04-01,6.0530171394348145,6.512714924766712,6.0084421721262595,6.366289194622449,656912000,5.944691896438599,6.3323759174346925,6.10802101585647,6.1347200858603514,56.07739998752445,-0.0266990700038816,-0.1331719492691381,0.1064728792652565,7.147253458004231,4.742130334872966,0.3973428569138063,0.6169741454338113,731712000.0,65.8677890788746,84.32538322348425,-0.0778833232761347,-0.0810835160091455,0.0853329234182282,0.098243380368056,0.8559172464331297,0.14408275356687025,0.4060713717730059,0.5939286282269941,0.5939286282269941,0.4461149991061409,3,0.3295706740158591,0.34614292741465896,0.24778570081233514,0.6087507793820255,0.3507507428266377,0.4975705766126627
2020-04-02,6.361805438995361,6.3750035629693125,6.034090420769602,6.082151692967112,675764000,5.922503852844239,6.335119915008545,6.1470647732624535,6.151541223129612,53.51630523821321,-0.0044764498671581,-0.1074328493887421,0.102956399521584,7.073454556787098,4.771553148901379,0.361831469063164,0.597372341714652,1407476000.0,78.95895422602021,77.45632549149741,0.0510139476640205,0.0497553626573951,0.0857710748694399,0.0292796113351001,0.8184436575771123,0.18155634242288762,0.49805382461824554,0.5019461753817545,0.5019461753817545,0.5471680521437561,3,0.6660369506917673,0.4193901158416703,0.08255605954008416,0.5812215842906148,0.09587554549453699,0.46327302903194223
2020-04-03,6.073935031890869,6.365790446984206,5.93647398835557,6.324203549888502,663212000,5.894949436187744,6.330737686157226,6.135814043820671,6.145792616371186,63.56265457275513,-0.0099785725505148,-0.0879419940210966,0.0779634214705818,7.000578911883954,4.789319960491534,0.3640570634658296,0.5447215935658185,744264000.0,66.75460890029322,70.52711740172934,-0.0452497973829818,-0.0463055406565621,0.0861790384014493,0.106350739698217,0.8015270343373052,0.1984729656626948,0.5347113988526067,0.46528860114739334,0.46528860114739334,0.5874405136703887,3,0.5203878015853807,0.41919325543005986,0.04609534571733348,0.5309395372481085,0.9428090415820634,0.29772239228505176
2020-04-06,6.683794021606445,6.720649696082763,6.2985542597634785,6.356078940367916,727884000,5.92353732585907,6.339737253189087,6.220118655787713,6.185644572314539,64.30048395106277,0.0344740834731744,-0.0634587785222424,0.0979328619954169,7.081146687224944,4.765927964493196,0.3463928893151747,0.5378023043276915,1472148000.0,92.60974901473443,79.44110404701595,0.1004059125613863,0.0956791231557978,0.0870221962292776,0.0579358592878955,0.05239076148335856,0.9476092385166415,0.034929348864002674,-0.9650706511359973,0.9650706511359973,0.03837381189716882,3,0.0007213751310502318,0.2714817217412082,-1.2365523728772057,0.7275967409509463,0.4714045207910317,0.7695792221132836
2020-04-07,6.450459003448486,6.929082636686835,6.407377832223849,6.9054250880511185,784520000,5.920984840393066,6.349186992645263,6.255555632350909,6.205260456102239,66.18114098945873,0.05029517624867,-0.0407079875680599,0.09100316381673,7.073441944133229,4.768527736652903,0.3573256114406887,0.509982733181329,687628000.0,77.35092642773446,78.9050947809207,-0.0349105638808835,-0.0355345020214863,0.0864992638929513,0.0841987927933669,0.9525735156694223,0.04742648433057779,4.509329027624354e-06,0.9999954906709724,0.9999954906709724,4.954004283395934e-06,3,0.16673781356078954,0.2844102340159571,0.7155852566550153,0.748840347987998,0.0,0.9549956935907786
2020-04-08,6.647686004638672,6.672588463674239,6.489555935983957,6.559531613136199,542444000,5.946484851837158,6.358713750839233,6.3158833819336415,6.23803271895679,65.74129302008461,0.0778506629768518,-0.0169962574590775,0.0948469204359294,7.140934983938994,4.752034719735322,0.3593581680206807,0.4843333381111437,1230072000.0,85.82717135033823,85.26261559760236,0.0305756537766919,0.0301175332841173,0.0855432860961054,0.1039520391633206,0.24226380033052275,0.7577361996694773,0.6198973043107883,-0.3801026956892117,0.3801026956892117,0.6810267962280668,3,-0.11505928538474547,0.30260308529549407,-0.6827057809847057,0.7853156825788828,0.9428090415820634,0.24321482107132233
2020-04-09,6.548076629638672,6.796353134002259,6.485073584152493,6.773443194720866,525564000,6.0045572280883786,6.367457847595215,6.351605420042108,6.260998934562855,66.99953427180273,0.0906064854792525,0.0045242911285884,0.0860821943506641,7.197334085732277,4.81178037044448,0.3643136527281956,0.4617611446255717,704508000.0,80.81024350552897,81.32944709453389,-0.0149840673778054,-0.0150974626899071,0.0801619682095863,0.1116943745525151,0.44737804426794947,0.5526219557320505,0.9295766101356304,-0.07042338986436955,0.07042338986436955,1.0212442871534482,3,0.1831564683724638,0.1636517369625051,-0.23407512682687465,0.7577581361922632,0.9428090415820634,0.04506153826149978
2020-04-13,6.719902515411377,6.728618304084489,6.399907202770345,6.488310473583268,398408000,6.040678095817566,6.379504070281983,6.40826651163738,6.294991792403486,66.99168245657094,0.1132747192338934,0.0262743767496494,0.0870003424842439,7.275563858858977,4.805792332776155,0.3675308563507677,0.4532943083123006,1102916000.0,83.2669111709063,83.3014420089245,0.0262406650824711,0.0259022855993754,0.0767050479651445,0.0637390096133043,0.5886400531702807,0.4113599468297193,0.8805512441929718,0.11944875580702816,0.11944875580702816,0.9673844176723924,6,-0.11035910991551763,0.09586889804536712,0.023579857761661036,0.7206796448368502,0.870487187273842,0.07558118003253199
2020-04-14,7.071025371551514,7.105141388817027,6.820507495955721,6.8481491312848295,530948000,6.149688172340393,6.403241643905639,6.510229413162631,6.352475761229266,61.923051278274286,0.1577536519333646,0.0525702317863924,0.1051834201469721,7.341349135490892,4.958027209189893,0.3370546421583626,0.4097151059443856,1633864000.0,97.08077608540717,87.0526435872808,0.0522511830097049,0.0509318529346774,0.0622497638529996,-0.0508540857231583,0.6418396644487685,0.35816033555123145,0.8055474073859987,0.1944525926140013,0.1944525926140013,0.8849842808589943,3,0.08115931951888669,0.05194124336425952,0.1425113492497418,0.5129392017816358,0.816496580927726,0.13263339455181317
2020-04-15,6.993579864501953,7.0765047828116625,6.857613073884868,6.902935179098929,366148000,6.228840303421021,6.4234891033172605,6.584591021060988,6.399964954064281,62.11477646603454,0.1846260669967074,0.0789813988284554,0.1056446681682519,7.424074100167927,5.033606506674114,0.3418088646742079,0.3930483108738086,1267716000.0,90.45395420668338,90.26721382099896,-0.0109525143780622,-0.0110129347386035,0.0591802457200128,0.0189075859435725,0.8021517050871632,0.19784829491283673,0.5334009337576713,0.4665990662423287,0.4665990662423287,0.5860008206132221,3,0.2601668048877861,0.052128452663536,0.4144706135787927,0.31522032223203494,0.9428090415820634,0.298560914445509
2020-04-16,7.33872652053833,7.445806762036778,7.135772595346985,7.148970722910891,745620000,6.343241810798645,6.447254791259765,6.700611867134425,6.469502847877173,62.689719969116474,0.2311090192572518,0.1094069229142147,0.121702096343037,7.501084031076827,5.185399590520463,0.3155430896730701,0.3958231031408484,2013336000.0,92.905458339294,93.4800628771282,0.049351928872404,0.048172763018849,0.0564387517264642,-0.0362743069148512,0.08083760781761548,0.9191623921823846,0.1896598294904619,-0.8103401705095381,0.8103401705095381,0.2083626193449198,3,-0.049762837217736,0.07423280703874445,-0.8845729775482826,0.4820255726515524,0.0,0.7738748628366089
2020-04-17,7.2794599533081055,7.442321265054624,7.145485193271459,7.420905119403796,539120000,6.442042016983033,6.4680283260345455,6.789665418853453,6.529499670501687,63.607651175391304,0.2601657483517661,0.139558688001725,0.120607060350041,7.5629404623004515,5.321143571665614,0.3079619786377239,0.3913406668491986,1474216000.0,88.97878502878152,90.77939919158628,-0.0080758653513467,-0.0081086517904883,0.0563232742416034,-0.0093392341505714,0.9499839955665037,0.05001600443349626,0.01863263506668178,0.9813673649333182,0.9813673649333182,0.02047004185452495,3,0.212542086888703,0.07157164621907959,0.9097957187142386,0.6535378036852462,0.4714045207910317,0.7825747601211819
2020-04-20,7.14822244644165,7.3088427830521985,7.103896370864844,7.152954145646521,449388000,6.543270087242126,6.484439973831177,6.844828038482406,6.57533098723798,57.78212900420855,0.2694970512444259,0.1655463606502652,0.1039506905941607,7.519145753398316,5.567394421085936,0.2730400945040472,0.3824469911083366,1024828000.0,80.28371730959188,87.38932022588914,-0.0180284674561352,-0.0181929603107348,0.0556703467441661,0.034941910460533,0.36927200552491907,0.630727994475081,0.8215529385957959,-0.1784470614042041,0.1784470614042041,0.9025681541327384,3,-0.002473288993474626,0.10037959397408067,-0.27882665537828477,0.6748436941514172,0.9428090415820634,0.1141822212847795
2020-04-21,6.711434841156006,7.091444608493572,6.6516692364294805,7.030185208005617,735160000,6.614017653465271,6.493439865112305,6.824306008124498,6.585412754194871,51.9259346843808,0.2388932539296275,0.1802157393061376,0.0586775146234898,7.39501317464086,5.833022132289682,0.2327357829316471,0.3865202859460557,289668000.0,51.344598474257495,73.53570027087697,-0.0611043666531495,-0.0630509525465881,0.0582563382899344,0.0810731217325253,0.061001748629569086,0.9389982513704309,0.08869630427991382,-0.9113036957200862,0.9113036957200862,0.09744284984135917,3,-0.036127797396990645,-0.019746164005307425,-0.8915575317147788,0.8153039698500761,0.0,0.8702950294126822
2020-04-22,7.125811576843262,7.16864386436496,6.858111442244834,6.9036824351032005,483356000,6.660049700737,6.505062894821167,6.870691480235077,6.62544229661327,64.4041848223464,0.2452491836218069,0.1932224281692715,0.0520267554525353,7.448075837693213,5.872023563780787,0.221175126077445,0.3794765269951286,773024000.0,78.79889766117988,70.14240448167641,0.0617418995333465,0.0599108608280984,0.0465732154502973,0.0430193302823691,0.05003288880041636,0.9499671111995835,0.018751066997086174,-0.9812489330029138,0.9812489330029138,0.020600152628637902,3,-0.6903332300424013,-0.17698869097815625,-0.8042602420247575,0.8250638229991564,0.4714045207910317,0.7824803185870137
2020-04-23,7.072519302368164,7.29987788446425,7.047367959603796,7.167895675399219,424160000,6.707849788665771,6.513171157836914,6.901741914409398,6.658559111854374,60.245550652252525,0.2431828025550242,0.203214503046422,0.0399682995086021,7.472693998879979,5.943005578451563,0.2162862135867504,0.373162011470896,348864000.0,75.26804778042023,68.4705146386192,-0.0074787655974908,-0.0075068717856693,0.0464266731322949,0.0291188437440079,0.7697670143699747,0.23023298563002526,0.5976679622943395,0.40233203770566045,0.40233203770566045,0.6566053679197899,3,-0.4967401970057798,-0.14729162739363355,0.5496236650992941,0.8449325246078107,0.9086500397905722,0.26203230788191784
2020-04-24,7.211475372314453,7.213467417006933,6.987603082107009,7.062310457773697,352328000,6.748129367828369,6.521744003295899,6.949393215625561,6.699515871888454,67.13427349319262,0.2498773437371069,0.212547071184559,0.0373302725525478,7.530661430283008,5.965597305373731,0.2170241239286081,0.3586297169188452,701192000.0,79.57455834232317,77.88050126130776,0.0196473228287634,0.0194568055741555,0.0456083513338,-0.02351602400493,0.22850801388415773,0.7714919861158422,0.5944149990265495,-0.4055850009734505,0.4055850009734505,0.6530316224992098,3,-0.32816729875690126,-0.271889351281602,-0.1336956496918485,0.5681180985569876,0.8381742567281683,0.2737050853548034
2020-04-27,7.3979949951171875,7.557868235493159,7.321295566640802,7.345949140962652,479388000,6.803350400924683,6.534923286437988,7.0184088740088875,6.7512550662016935,62.3301845755672,0.267153807807194,0.223468418509086,0.0436853892981079,7.606424866993797,6.000275934855568,0.2171059771192487,0.3371781597036175,1180580000.0,86.19355602476678,80.3453873825034,0.0258642806323379,0.025535457913355,0.0454156451994792,-0.0194898779997318,0.8010766619885188,0.19892333801148118,0.535654288013098,0.464345711986902,0.464345711986902,0.5884763832889565,3,0.15369758290637067,-0.08979136806782484,0.5541370800547268,0.6938111447937293,0.9428090415820634,0.2971190694960798
2020-04-28,7.255551815032959,7.575298228797527,7.250073455209136,7.545415186633848,442904000,6.835437083244324,6.535791482925415,7.054892403397206,6.788610380929935,64.34971623744215,0.266282022467271,0.232031139300723,0.0342508831665479,7.657678357727037,6.013195808761611,0.2266516167051804,0.3231438717840036,737676000.0,72.79659216275662,79.52156884328218,-0.0192542952757123,-0.0194420734847443,0.0447212547838299,0.0081687066800428,0.9499091796100927,0.050090820389907205,0.019157128646142607,0.9808428713538574,0.9808428713538574,0.021046256946248138,3,0.3465345274557697,-0.08986629572203353,1.0707091670758908,0.7785311432267763,0.4714045207910317,0.7821565116122156
2020-04-29,7.432359218597412,7.485152200070191,7.315068924983544,7.390274070522347,379160000,6.878841853141784,6.53682110786438,7.112964221120315,6.836295480016415,64.08831336836032,0.2766687411038999,0.2409586596613584,0.0357100814425414,7.731884087584514,6.025799618699055,0.2295481715437619,0.3236775092705378,1116836000.0,87.83902480848111,82.27639099866816,0.0243685674186933,0.0240763909781867,0.0447983405312962,-0.0022447859202797,0.22570919896506098,0.7742908010349391,0.5890999751739645,-0.4109000248260355,0.4109000248260355,0.6471924719801958,3,0.3447628528382413,-0.12307386192515232,-0.28782616290088314,0.6042085506623771,0.9428090415820634,0.2629209872743941
2020-04-30,7.278462886810303,7.432359499221081,7.264517624193777,7.37832113160716,375916000,6.940114140510559,6.52574857711792,7.13842555430339,6.869048621260406,62.862879314475855,0.2693769330429836,0.2466423143376835,0.0227346187053001,7.715947770814121,6.164280510206997,0.2131861197532495,0.3134319610689334,740920000.0,74.74582192974665,78.46047963366146,-0.0207062558819851,-0.0209236363917784,0.0407235191889063,0.0430749572704951,0.9498642245790264,0.050135775420973486,0.019471926877065115,0.9805280731229349,0.9805280731229349,0.021392098151190586,3,0.5168236398835856,0.1471878193381364,0.8333402537847985,0.6990203351654211,0.4714045207910317,0.7819054811022825
2020-05-01,7.0418901443481445,7.194292483570223,6.993579499567315,7.080986751472618,342096000,6.974118375778199,6.5129310894012455,7.123573952771814,6.881851697044683,55.54411003099051,0.2417222557271312,0.245658302615573,-0.0039360468884418,7.701319396919675,6.2469173546367225,0.2065357471459935,0.3103014100638508,398824000.0,42.248663773070774,68.27783683709951,-0.0325031186036359,-0.0330430774463264,0.040582141935988,0.1050995421560554,0.15876890225575443,0.8412310977442455,0.44419442951824584,-0.5558055704817542,0.5558055704817542,0.48799745882666545,3,0.004607492605048447,0.2079654425554449,-0.7637710130371991,0.7401217784888522,0.8531505652577861,0.37229770391651945
2020-05-04,7.253808975219727,7.26750535035429,6.994575294874223,6.994575294874223,317556000,7.0331120729446415,6.51163405418396,7.143610110071493,6.909404088020612,53.30570709754324,0.2342060220508814,0.2433678465026347,-0.0091618244517532,7.633145922367924,6.433078223521359,0.1654396611416436,0.3022793516405949,716380000.0,65.19281476802952,60.72910015694898,0.0300940268205787,0.0296500862503516,0.0390563302484411,0.1075559710077476,0.14344154467851175,0.8565584553214882,0.40433501118484694,-0.5956649888151531,0.5956649888151531,0.44420741202643044,3,-0.05698082872465741,0.0653944387667573,-0.6610594275819104,0.8252610533092083,0.8392750033698627,0.40175955297921834
2020-05-05,7.314820289611816,7.477432690608223,7.253809290895876,7.357901461463599,368896000,7.064663386344909,6.521905469894409,7.169950137693081,6.939434917768108,55.84449040531518,0.2305152199249729,0.2407973211871024,-0.0102821012621295,7.653617795796032,6.475708976893786,0.1610304521869197,0.3026173521021451,1085276000.0,71.7984231703394,59.74663390381323,0.0084109348068739,0.008375759992464,0.0327028767769705,0.0625040334961073,0.952504019835646,0.04749598016435397,0.0005169173495762625,0.9994830826504237,0.9994830826504237,0.000567891752470231,3,-0.050662492215494494,0.26611845071302503,0.7333646319373988,0.830375283644331,0.0,0.9545063439311546
2020-05-06,7.415675163269043,7.520514477907579,7.356407792498963,7.394259493984852,323464000,7.112924194335937,6.539783706665039,7.207753987781691,6.9747119729903995,51.53655031176635,0.233042014791291,0.2392462599079401,-0.0062042451166491,7.645445464436052,6.580402924235822,0.1436204413962933,0.2850078728707835,1408740000.0,82.71783717546452,73.2363583712778,0.0137877445602396,0.0136935583661961,0.0313580430109217,0.045031449096754,0.7929635574758128,0.20703644252418715,0.5523725210988806,0.4476274789011194,0.4476274789011194,0.606843239601815,3,0.2838151909121301,0.26373013170077036,0.18389734720034906,0.7903777126017134,0.9428090415820634,0.286421639262878
2020-05-07,7.591982364654541,7.655234286800449,7.503579100729449,7.554877806490733,373732000,7.160139012336731,6.558400688171386,7.2668660457621295,7.020435705706261,55.96193396695273,0.246430340055868,0.2406830759375257,0.0057472641183423,7.6863899363538595,6.633888088319602,0.1386333367862281,0.2809166622813722,1782472000.0,93.6972772159114,82.73784585390511,0.0237749358627215,0.0234967132635698,0.031130263815774,0.0536296706455738,0.9492941124792671,0.050705887520732955,0.02344111987202302,0.976558880127977,0.976558880127977,0.025752702351546718,3,0.8078898138931735,0.26311813295421604,0.7134407471737609,0.7894685950910532,0.4714045207910317,0.7787403154702311
2020-05-08,7.781989574432373,7.788215071096928,7.629836099073873,7.66370323790601,339216000,7.221834659576416,6.588233737945557,7.346115819403705,7.076847103389677,61.825110187148695,0.2692687160140279,0.2464002039528262,0.0228685120612017,7.73511428376526,6.7085550353875725,0.1319147550326248,0.2802942547281603,2121688000.0,99.45224403018472,91.95578614052022,0.0250273513097758,0.0247192964390138,0.0309197839841434,0.0868159128530212,0.7620864066930036,0.2379135933069964,0.6119492035171687,0.3880507964828313,0.3880507964828313,0.6722949150246237,3,0.6040790518373093,0.37725396456976845,0.010796831913062854,0.6473453608097912,0.9013305215805576,0.25368055318533594
2020-05-11,8.0339994430542,8.080815810300923,7.748369065529269,7.777006721824612,469060000,7.287539505958557,6.614406108856201,7.451944069196089,7.14774727669816,76.5045800269852,0.3041967924979287,0.2579595216618467,0.046237270836082,7.862956808316039,6.712122203601076,0.1432455420083352,0.2685723643538376,2590748000.0,96.17108031740617,96.4402005211674,0.0323837324904419,0.0318704317548799,0.0311285871916447,0.0848987430229768,0.9376688000911907,0.062331199908809205,0.09635510215712384,0.9036448978428762,0.9036448978428762,0.10585689930568734,3,0.7560848581512282,0.36627065381547436,0.5373742440274019,0.299739028993709,0.4291096661947442,0.7333711747522006
2020-05-12,7.772026062011719,8.140580863403843,7.762314252138268,8.091772452263047,493060000,7.322589540481568,6.6321714496612545,7.501187452706186,7.19399014968435,63.79285108248124,0.3071973030218364,0.2678070779338447,0.0393902250879917,7.927138584331722,6.718040496631414,0.1555705137956452,0.2629336206435962,2097688000.0,68.0345269396319,87.88595042907424,-0.0326080905157355,-0.0331515817828002,0.0307659112386292,0.1285487805476615,0.8021826859927249,0.1978173140072751,0.533335859436157,0.466664140563843,0.466664140563843,0.5859293291639298,3,0.5861199449631835,0.5123377553934167,-0.04567361482957377,0.27984392662499324,0.9428090415820634,0.29860255329638513
2020-05-13,7.749613761901856,8.046947492395388,7.565087014048781,7.886576536375384,625852000,7.360391235351562,6.654737958908081,7.539406884890135,7.235147454293054,64.6450074323983,0.3042594305970807,0.2750975484664918,0.0291618821305888,7.972815374857603,6.747967095845521,0.158052816133057,0.2793158030354642,1471836000.0,66.09066466804363,76.76542397502722,-0.0028837139673798,-0.0028878798812996,0.0305955629909952,0.1529564331245934,0.5505320875700275,0.44946791242997247,0.9323930746081468,0.06760692539185315,0.06760692539185315,1.024338489633552,3,0.4793053212661908,0.6070908859944176,-0.5394839606025645,0.37826607428632736,0.9428090415820634,0.043259378186063444
2020-05-14,7.999137878417969,8.0046162389776,7.65747702951931,7.811124761788539,602312000,7.393411803245544,6.673021287918091,7.610134730048263,7.291739337561567,66.25884536112366,0.3183953924866962,0.2837571172705327,0.0346382752161634,8.068887706850353,6.717935899640735,0.1688871760611285,0.2879782940753476,2074148000.0,87.66845530248932,73.9312156367216,0.0321982648661547,0.0316907657256076,0.029525973166711,0.0927402779115715,0.9405759854055094,0.059424014594490725,0.07940199757632671,0.9205980024236733,0.9205980024236733,0.087232010282148,3,0.4849563561264565,0.5958215888191677,0.3247764136045056,0.3634146121915604,0.4714045207910317,0.7341152627015446
2020-05-15,8.457590103149414,8.467301439832687,7.843248550692167,7.858936971441873,987660000,7.45231831073761,6.706061763763428,7.740512479756132,7.378098653531037,69.6644390984847,0.3624138262250955,0.2994884590614453,0.0629253671636502,8.27532466807698,6.62931195339824,0.1946195895762082,0.3078111530726199,3061808000.0,99.34103324301908,84.36671773785066,0.0573127044063548,0.0557305045796938,0.031581706169807,0.0630686888518887,0.9499875538806494,0.050012446119350636,0.018607671169540096,0.9813923288304599,0.9813923288304599,0.02044261621035205,3,0.6565324188819955,0.6720737102376448,0.30931861859281506,0.3932419710095121,0.4714045207910317,0.7825946671575431
2020-05-18,8.716075897216797,8.88167683840197,8.646598471953777,8.726285957195563,774460000,7.530710983276367,6.747882814407348,7.890599159365466,7.477208078989241,75.98581243481945,0.4133910803762246,0.3222689833244012,0.0911220970518233,8.514694634787567,6.546727331765167,0.2257859300709861,0.3148727217629175,3836268000.0,91.2292158517804,92.74623479909626,0.030562582356779,0.030104849593442,0.0313419144820614,-0.0037143299806947,0.8021838866986049,0.19781611330139512,0.5333333372403989,0.4666666627596011,0.4666666627596011,0.5859265582486755,3,0.7895523313379114,0.5992319648993053,-0.1325653021397042,0.3759511974520319,0.9428090415820634,0.2986041671638925
2020-05-19,8.771110534667969,9.052008785604071,8.728527135745038,8.755919887687877,717320000,7.633694767951965,6.801064300537109,8.026062447873542,7.573052705335813,74.89809934585932,0.4530097425377288,0.3484171351670668,0.104592607370662,8.685442949491822,6.5819465864121085,0.2398209844426891,0.3224679005736348,4553588000.0,86.35375751282308,92.30800220254086,0.0063141530776189,0.0062943023296955,0.026493561526379,-0.03182683467186,0.4501638380649456,0.5498361619350545,0.9333304182106593,-0.06666958178934068,0.06666958178934068,1.0253682668339765,3,0.46046313660024013,0.5342719108604237,-0.6009414926497644,0.47812901601168867,0.9428090415820634,0.0426596038115249
2020-05-20,8.934967041015625,9.00768188667525,8.85403418096202,8.955884932236916,587536000,7.724152541160583,6.849733467102051,8.165893923741555,7.673935248719503,80.69395269919914,0.4919586750220519,0.3771254431380638,0.114833231883988,8.896288660943618,6.552016421377549,0.2623705525498613,0.3273771489293475,5141124000.0,94.31402641200584,90.63233325886976,0.0186813865473489,0.0185090326764108,0.0240276077074518,-0.0538461341412181,0.9524093678854599,0.047590632114540087,0.0012136623017112713,0.9987863376982887,0.9987863376982887,0.0013333443189532258,3,0.46626113955618304,0.5478635451254827,0.450922792572806,0.46135855664491293,0.0,0.9538409525018656
2020-05-21,8.74098014831543,9.017146733214185,8.703377331498277,9.01615118571963,761068000,7.807575583457947,6.901799354553223,8.25436872752215,7.752975611652535,81.98786603793492,0.5013931158696154,0.4019789776843742,0.0994141381852412,9.021196877959856,6.593954288956039,0.2776854023025779,0.3294404356774131,4380056000.0,84.88268808985241,88.51682400489376,-0.021710980220711,-0.0219501313584056,0.0248215752334136,0.0114239335810861,0.8021771260948781,0.1978228739051219,0.5333475383747436,0.4666524616252564,0.4666524616252564,0.5859421597893796,3,0.4662564058447349,0.5478618767056845,-0.08120941508042812,0.4415331267908893,0.9428090415820634,0.29859508033975823
2020-05-22,8.990999221801758,9.057489064070714,8.67922186989456,8.79078398433552,1038764000,7.896551775932312,6.973886756896973,8.36769649587286,7.844681064256181,82.24261107445395,0.5230154316166784,0.4261862684708351,0.0968291631458433,9.184797001055165,6.60830655080946,0.2865633047768616,0.3369645170128478,5418820000.0,96.31365588166148,91.83679012783988,0.0286030936169683,0.0282016619537751,0.0250665355737667,-0.0243736944122169,0.04974650900355265,0.9502534909964473,0.016737169576908073,-0.9832628304230919,0.9832628304230919,0.018387660174713237,3,0.16072532296681777,0.39773762587497813,-1.38100045629807,0.7497868382561824,0.0,0.9390160030540528
2020-05-26,8.683701515197754,9.145890013958184,8.638130530977474,9.120987084096292,770780000,7.96083710193634,7.027611083984375,8.416312652692074,7.906830727288891,73.27853652662542,0.5094819254031835,0.4428453998573047,0.0666365255458787,9.272435455556131,6.649238748316549,0.3020827814784516,0.3572599289837201,4648040000.0,74.17194236636445,85.1227621126261,-0.034178370948899,-0.0347761108347708,0.0267783416132388,0.0123310901155464,0.8547175438317702,0.14528245616822985,0.4093029216297921,0.5906970783702079,0.5906970783702079,0.44966521949024985,6,0.024695569857457467,0.3506089224387688,0.24008815593143912,0.76371186496398,0.74535599249993,0.3973052864506231
2020-05-27,8.49195384979248,8.599033119211315,7.965517427372133,8.591313828721544,1175892000,8.022657203674317,7.099633684158325,8.42794975993829,7.950173180807675,67.75384334324283,0.477776579130615,0.4498316357119668,0.0279449434186481,9.31062596842627,6.734688438922364,0.3033386161851145,0.39386635037871,3472148000.0,60.18195096311553,76.88918307038048,-0.022081328459953,-0.0223287703396447,0.0269388896798243,0.0286503649463711,0.5500186330266764,0.4499813669733235,0.9330846730993843,0.0669153269006158,0.0669153269006158,1.0250982882348496,3,-0.10855014171742274,0.21996935073450535,-0.15305402383388955,0.7542747599176669,0.9428090415820634,0.04281684777202759
2020-05-28,8.453853607177734,8.726284915463808,8.34652354679556,8.379394654282432,734896000,8.073731923103333,7.160500011444092,8.431934967205896,7.987482842020272,64.89627975932831,0.4444521251856237,0.4487557336066982,-0.0043036084210745,9.344032997905147,6.8034308483015185,0.3005259219826723,0.403880796459913,2737252000.0,56.22247633751104,63.52545655566367,-0.0044866285531777,-0.0044967236777643,0.0268021154351647,0.0334039971535926,0.058896525487829865,0.9411034745121702,0.07624300102353831,-0.9237569989764617,0.9237569989764617,0.08376149784939446,3,-0.088714864568546,0.02133739905792493,-0.9450943980343867,0.7531196684284466,0.4714045207910317,0.7366343509225899
2020-05-29,8.840836524963379,8.840836524963379,8.451861551510003,8.521090089361191,745256000,8.151850605010987,7.236302814483643,8.494842899168585,8.050694225941983,67.13409244800843,0.4441486732266018,0.447834321530679,-0.0036856483040771,9.40831632145962,6.895384888562354,0.2842413640159095,0.4176481012464122,3482508000.0,80.70262456363545,65.70235062142068,0.0457759189793725,0.0447591160957777,0.0273286999545171,0.0054724291766956,0.43777916946994744,0.5622208305300526,0.9166066314475162,-0.08339336855248383,0.08339336855248383,1.0069953091829225,3,-0.31341168020944327,0.018948286663190195,-0.10234165521567402,0.6755028403980143,0.7544264109391093,0.05861160907680902
2020-06-01,8.771855354309082,8.806220730447182,8.655561576329143,8.798750326921363,389876000,8.238348865509034,7.305670804977417,8.537460199959432,8.10411356878399,62.69165451565636,0.433346631175441,0.4449367834596314,-0.0115901522841904,9.40828891277504,7.068408818243027,0.2667485953678627,0.4071358300937395,3092632000.0,76.33894543254742,71.08801544456463,-0.0078025614951162,-0.0078331607503656,0.0258172696338254,0.0003147438066952,0.939261055099516,0.06073894490048405,0.08716387806467918,0.9128361219353208,0.9128361219353208,0.09575930756982524,3,-0.031438081864541556,0.00666968441133764,0.9061664375239832,0.704182321671138,0.43358442491919985,0.7394651792254049
2020-06-02,8.790781021118164,8.802734236486176,8.624184566222704,8.761894954765905,391320000,8.315197467803955,7.379013204574585,8.576432633983853,8.154977824512448,69.12216185616312,0.4214548094714043,0.440240388661986,-0.0187855791905817,9.412501050987572,7.217893884620338,0.2496487127929943,0.392870334307875,3483952000.0,77.53616398528261,78.19257799382183,0.0021575443329426,0.0021552201765483,0.0255041033701458,0.0254814542555805,0.17997774690918708,0.820022253090813,0.4945005790532042,-0.5054994209467958,0.5054994209467958,0.5432644129013462,3,0.10798111081201371,-0.1322091559560984,-0.3732902649906974,0.6886149922235274,0.8392750033698627,0.3409453723221277
2020-06-03,8.735251426696777,8.831623838211076,8.666022881980009,8.787796002330985,365440000,8.386219024658203,7.447788562774658,8.600866294401225,8.19796105430388,68.27336567657001,0.4029052400973452,0.4327733589490579,-0.0298681188517127,9.39085738105108,7.381580668265327,0.2300193336902675,0.3702803684424793,3118512000.0,72.41097784830698,75.42869575537901,-0.0063167987335809,-0.0063368341242858,0.0257625520858096,0.0685925929969457,0.618050565609107,0.38194943439089307,0.8395726512186226,0.16042734878137743,0.16042734878137743,0.9223648318584436,3,0.1892546832566341,0.031175155358825805,0.12925219342255162,0.6957380549018147,0.0,0.15320811808621543
2020-06-04,8.736246109008789,8.912385353241994,8.647552560413976,8.69787819453533,424280000,8.45224757194519,7.49841007232666,8.621693958187004,8.237834021319058,65.05288729956573,0.383859936867946,0.4229906745328355,-0.0391307376648895,9.356917883589118,7.547577260301262,0.2071073319949251,0.3644013386831742,3542792000.0,68.55282768231152,72.83332317196704,0.0001138699120866,0.0001138634294002,0.0258164910364032,0.0033938758280283,0.0686773555529394,0.9313226444470605,0.13093791909607588,-0.8690620809039241,0.8690620809039241,0.14385000697157974,3,-0.40471138435644755,-0.17736186739462162,-0.6917002135093024,0.6795517353574928,0.0,0.8299542872632474
2020-06-05,8.889217376708984,8.965951317079053,8.677949089907083,8.764150747814513,481748000,8.517109322547913,7.553864068984986,8.662851407190386,8.28608464023683,60.071036292773925,0.3767667669535566,0.4137458930169798,-0.0369791260634231,9.344824022980452,7.689394622115375,0.1862289255297702,0.340397719971135,4024540000.0,78.25494755227128,73.07291769429659,0.0175099540227525,0.0173584211101055,0.0256594606589413,0.0014013487794253,0.9377957826665118,0.0622042173334882,0.09563019688015051,0.9043698031198495,0.9043698031198495,0.10506050946028408,3,0.06524502366576757,-0.057725513649016805,0.9620953167688663,0.8085404926704896,0.0,0.8636731619794562
2020-06-08,8.774616241455078,8.859073012868846,8.65577744970242,8.846616337617116,387736000,8.566740655899048,7.601238718032837,8.680045997077261,8.322272166252995,51.46421900723043,0.3577738308242661,0.4025514805784371,-0.0447776497541709,9.324982889717568,7.808498422080529,0.1728263009922315,0.3267800908107069,3636804000.0,68.54605254241052,71.78460925899776,-0.0128921512881637,-0.012975976306514,0.025753634873972,0.0418793824745795,0.9525055834942158,0.04749441650578429,0.000505395988290136,0.9994946040117099,0.9994946040117099,0.0005552342433791075,3,0.34493410874254504,0.2170247153492934,0.7824698886624164,0.8304011288000276,0.0,0.9545173468311828
2020-06-09,9.014782905578612,9.078313178349852,8.721050788735848,8.769632482507,468488000,8.615779829025268,7.655662889480591,8.731543983000547,8.373569258054893,55.57816787713047,0.3579747249456542,0.3936361294518805,-0.0356614045062263,9.35558854570538,7.875971112345154,0.1641323422713369,0.3283036266126162,4105292000.0,88.89273516189543,78.56457841885909,0.0273706174167349,0.0270027396706246,0.0255099824349987,0.0024872298188292,0.2671988227495124,0.7328011772504875,0.6637062053022122,-0.3362937946977878,0.3362937946977878,0.7291557932102898,3,0.5225235374779238,0.18089608304282143,-0.5171898777406092,0.8005341007728332,0.7402088055703998,0.2379565142459723
2020-06-10,9.33442497253418,9.467215360522856,9.1219107417507,9.13611231749496,632180000,8.693899774551392,7.710075025558472,8.82429490446726,8.44474375542373,58.53561978857837,0.3795511490435306,0.3908191333702105,-0.0112679843266799,9.387059034328445,8.00074051477434,0.1485167563758067,0.3437222768223991,4737472000.0,91.15731692980088,82.86536821136895,0.0354575446024065,0.0348434011118786,0.0246007931989452,-0.0139589331839237,0.7697545362402883,0.2302454637597117,0.5976914312167523,0.40230856878324767,0.40230856878324767,0.6566311511663543,3,0.3551697926990565,0.10796357544966809,0.29434499333357955,0.8069586649743801,0.9086500397905722,0.26201702295472595
2020-06-11,8.76589584350586,9.229290402084365,8.755681123434155,9.118424384663026,583652000,8.744713878631591,7.754107666015625,8.815310433550122,8.468532798985368,50.45893870294833,0.3467776345647539,0.3820108336091192,-0.0352331990443652,9.276661096830331,8.212766660432852,0.1213674512440912,0.3626490230641219,4153820000.0,53.29822981919303,77.78276063696312,-0.0609067115222601,-0.0628404559570478,0.0291389463039188,0.0479465840298669,0.9525740748752534,0.047425925124746665,3.8328901963424755e-07,0.9999996167109804,0.9999996167109804,4.210860270817368e-07,3,0.35533813026548006,0.3230348665436361,0.6769647501673443,0.576147360416126,0.0,0.9549996339589862
2020-06-12,8.901674270629883,9.15554539189167,8.673215446649964,9.130881046214606,570908000,8.789840698242188,7.8110808086395265,8.828597177716238,8.500617352440518,48.28237627485336,0.3279798252757206,0.3712046319424395,-0.0432248066667188,9.193017987078306,8.386663409406069,0.0905845971395199,0.3700820767116614,4724728000.0,62.33989019817013,68.93181231572134,0.0154893954420658,0.015370659287633,0.0286004649792524,0.0368037263868048,0.39399334322221785,0.6060066567777822,0.8564810143297742,-0.14351898567022578,0.14351898567022578,0.9409405673536173,3,0.4195963999413341,0.2796139616219785,-0.4231329472922043,0.6236431226955658,0.8308474271082824,0.0972038658049799
2020-06-15,9.142091751098633,9.150562516844673,8.713575356427903,8.784829388857338,400004000,8.824065780639648,7.866686534881592,8.876827112082761,8.54813397456334,59.04705118532643,0.3286931375194211,0.3627023330578358,-0.0340091955384147,9.224692886589835,8.42343867468946,0.0876445165630814,0.3650269108142371,5124732000.0,78.34959994081001,64.66257331939106,0.0270081192772893,0.0266498367353157,0.0264465110466631,0.0384793605960582,0.8003839104145649,0.1996160895854351,0.5371014897324614,0.4628985102675386,0.4628985102675386,0.5900662968820307,3,0.4397930471027644,0.46989404607504465,-0.006995535807506059,0.5305549934230382,0.9428090415820634,0.2961930542080512
2020-06-16,9.03720474243164,9.234771362037131,8.808247914587062,9.193165484284528,535716000,8.84012222290039,7.925951929092407,8.901500593674896,8.58436143884988,61.14345420541618,0.317139154825016,0.3535896974112719,-0.0364505425862559,9.24819731556562,8.432047130235162,0.0903100249016661,0.3441940079302691,4589016000.0,61.62989561980055,67.4397952529269,-0.011472977030053,-0.0115392993956581,0.0259088064005249,0.0420684629148657,0.9525713013968922,0.047428698603107826,2.0846646535899183e-05,0.9999791533534641,0.9999791533534641,2.2902382061859325e-05,3,0.43978622598359224,0.48355252467984666,0.5164266286736174,0.47832738579890177,0.0,0.9549800914525581
2020-06-17,9.204126358032228,9.266908669502053,9.038947864267794,9.08229864167295,408304000,8.861773014068604,7.976358575820923,8.948058403576024,8.630269951381907,64.56654243407306,0.317788452194117,0.3464294483678409,-0.0286409961737239,9.299315516803194,8.424230511334013,0.0950752924752618,0.3334756192447093,4997320000.0,74.08893324709159,71.35614293590072,0.018470491745844,0.0183019839978066,0.0261535287081238,-5.3879165196168977e-05,0.06582926723567992,0.9341707327643199,0.11580177044710749,-0.8841982295528925,0.8841982295528925,0.12722124806271584,3,0.19289314468937,0.21445354845633208,-1.0986517780092246,0.8069541339610246,0.4714045207910317,0.7050888812049962
2020-06-18,9.186190605163574,9.250467881789223,9.083047401732872,9.195159372769863,254408000,8.874334192276,8.031073207855224,8.984694126897185,8.671449259069437,57.82660867737232,0.3132448678277484,0.3397925322598225,-0.026547664432074,9.334560702169922,8.41410768238208,0.1001996430675468,0.3176502982877792,4742912000.0,66.66494771887596,67.4612588619227,-0.0019486643458561,-0.0019505654623827,0.0258972547024271,0.0295071258839549,0.6455340154853039,0.35446598451469613,0.8001781609064351,0.1998218390935649,0.1998218390935649,0.8790855606956577,3,0.10520092096471212,0.29104149614081104,-0.09121965704724613,0.7028381415082098,0.816496580927726,0.1362956825017791
2020-06-19,9.229289054870604,9.4124050873645,9.195406943583055,9.210604521255467,524160000,8.89874963760376,8.082705268859863,9.022324115816174,8.712770725425079,60.489678632072255,0.3095533903910947,0.3337447038860769,-0.0241913134949822,9.38049590538408,8.41700336982344,0.1043950980224389,0.3205745506854,5267072000.0,71.7772698246997,70.84371693022241,0.0046916563741672,0.0046806848574083,0.0253068416760232,-0.0114725628050146,0.85712724208301,0.1428727579169898,0.402789349317745,0.597210650682255,0.597210650682255,0.4425093289051066,3,-0.029055246592357586,0.3188846506978121,0.2783259999844429,0.7095971597109993,0.3678704825788309,0.4969027264895752
2020-06-22,9.493873596191406,9.49835845482481,9.241248418658069,9.267906669276206,398468000,8.923893356323243,8.141621208190918,9.094870189720057,8.770630197333697,64.49043284353917,0.3242399923863583,0.3318437615861332,-0.0076037691997749,9.473610197203634,8.374176515442851,0.1158045418049208,0.3270402456633094,5665540000.0,99.47286923402916,79.30502892586827,0.0286679222795791,0.0282646858938699,0.0253102937811632,-0.0342981771659965,0.9390859213756267,0.06091407862437336,0.08818578200410365,0.9118142179958963,0.9118142179958963,0.09688198379551533,3,0.5696155692572388,0.30628673659565714,0.6055274814002392,0.7654910375558106,0.43959264235364787,0.7368062131249615
2020-06-23,9.417386054992676,9.60922181477153,9.375033186793932,9.518037317434471,375108000,8.960577583312988,8.195570878982544,9.144488015146612,8.818538038641769,63.93809187693928,0.3259499765048428,0.3306650045698752,-0.0047150280650323,9.539928244757297,8.38122692186868,0.1230385285388531,0.3319393650737759,5290432000.0,80.05179434508088,83.76731113460325,-0.008056515649146,-0.0080891447407073,0.0239251780310534,0.0050531426062889,0.9422035399373575,0.05779646006264258,0.06956873528512164,0.9304312647148784,0.9304312647148784,0.07642906749133337,3,0.8131520444643433,0.4597082009363863,0.47072306377849205,0.7515720796268772,0.4714045207910317,0.7419566309329726
2020-06-24,9.203630447387695,9.523522838602178,9.112943915397793,9.443549028011027,449372000,8.996161413192748,8.238222980499268,9.153586850876009,8.847063402252578,58.786157200600165,0.3065234486234303,0.3258366933805862,-0.0193132447571559,9.540697228937878,8.451625597447618,0.118330656333488,0.3423498029578021,4841060000.0,57.460405366280646,78.9950229817969,-0.0226979765252011,-0.0229595411649187,0.023961385748973,0.0318874080300446,0.3198261110741906,0.6801738889258094,0.7484763202385316,-0.25152367976146844,0.25152367976146844,0.8222852831911382,3,0.5302406009831021,0.3576478880750997,-0.6091715678365681,0.504154461489916,0.7145584592284594,0.18013090547361252
2020-06-25,9.45724868774414,9.4721972631526,9.150561019377776,9.323462311698346,376072000,9.04633116722107,8.28749635696411,9.20030405654803,8.89226231228899,60.288842657163144,0.3080417442590395,0.3222777035562769,-0.0142359592972374,9.564755925684407,8.52790640875773,0.109635428987963,0.3447522327151488,5217132000.0,84.06061922061076,73.85760631065743,0.0275563259309732,0.0271834843100825,0.0244095573563176,0.012882079864922,0.5503535565158295,0.4496464434841705,0.9326335636934358,0.06736643630656425,0.06736643630656425,1.024602693897941,3,0.24875800708665805,0.22441749992554255,-0.1570510636189783,0.5254274092148425,0.9428090415820634,0.043105497378293604
2020-06-26,9.123405456542969,9.4672151136185,9.093509253870405,9.4672151136185,592084000,9.060459613800049,8.323189935684205,9.188473502701097,8.909384026678174,55.852824242456634,0.2790894760229232,0.3136400580496062,-0.0345505820266829,9.570640228137048,8.55027899946305,0.111839952037014,0.3547712279109726,4625048000.0,48.09689599820824,63.20597352836656,-0.0353002487535097,-0.0359383646614826,0.0241713472324873,0.0747405761555013,0.8021808223560762,0.19781917764392368,0.5333397741575716,0.46666022584242833,0.46666022584242833,0.5859336299249825,3,0.09416766079584134,0.41739727926773124,0.0492629465746971,0.5195600213439211,0.9428090415820634,0.29860004839894766
2020-06-29,9.168251037597656,9.172735896063203,8.869286133575109,9.138105831903935,342248000,9.080279397964478,8.360965757369994,9.185362354223644,8.928559360820358,52.75591091014953,0.2568029934032854,0.3022726451203421,-0.0454696517170566,9.573778254567763,8.586780541361193,0.1076538708592333,0.3509274688305505,4967296000.0,52.88805795331061,61.6818577240432,0.0049154431717737,0.004903401823906,0.024070989779422,0.0730164991125079,0.05001316477220672,0.9499868352277933,0.018612713124168012,-0.981387286875832,0.981387286875832,0.020448155363665184,3,-0.14912020824227987,0.24865311841496024,-1.2300404052907923,0.7252025080705224,0.4714045207910317,0.782590646536342
2020-06-30,9.464973449707031,9.493374700558492,9.23452168587974,9.2818574207599,367892000,9.11398901939392,8.407300777435303,9.228379445836472,8.968293737774927,52.363787929155166,0.2600857080615455,0.2938352577085827,-0.0337495496470372,9.616252057774927,8.611725981012913,0.1061308921889378,0.3418339836888787,5335188000.0,84.58895464569599,61.857969532404944,0.0323641238544363,0.0318514380206611,0.0249794846743903,0.07562341154593,0.9419230866171884,0.058076913382811644,0.07128153421747951,0.9287184657825205,0.9287184657825205,0.07831076944643935,3,0.13799713491637222,0.29601137771499814,0.6327070880675223,0.7246806903374902,0.4714045207910317,0.7405907884752739
2020-07-01,9.497110366821287,9.54270309300072,9.380514522786696,9.487892601594718,326648000,9.152081966400146,8.463014287948608,9.26972266444952,9.007465339926508,66.43154434875106,0.2622573245230128,0.2875196710714688,-0.0252623465484559,9.648933550548891,8.6552303822514,0.1046321596692246,0.3120800351970215,5661836000.0,88.02236259829552,75.1664583991007,0.0033953520614737,0.0033896008682035,0.0248624729479852,0.1027283183453797,0.9525736816241536,0.04742631837584656,3.284854737550802e-06,0.9999967151452624,0.9999967151452624,3.6087817811629695e-06,3,0.3157759646839836,0.30860887730776476,0.6913878378374977,0.807629272116352,0.0,0.9549968629637255
2020-07-02,9.57907772064209,9.70389533650478,9.545194661870283,9.605735016599972,364056000,9.194223546981812,8.512079610824586,9.317315750017608,9.049806997757292,65.59959126512724,0.2675087522603157,0.2835174873092382,-0.0160087350489225,9.685511814114928,8.702935279848697,0.1025752752949129,0.2923982512285775,6025892000.0,87.39623361663752,86.66918362020967,0.0086307677445929,0.0085937355933763,0.0248565697127072,0.0901975042588445,0.9476116269777377,0.05238837302226237,0.03491331189563518,0.9650866881043648,0.9650866881043648,0.03835619348664731,3,0.9646006230107159,0.31355965207769143,0.6515270360266734,0.8430298214412355,0.4714045207910317,0.7695920105217041
2020-07-06,9.805294036865234,9.874554159667008,9.678981462887307,9.708130664633469,315892000,9.240027379989623,8.566735105514526,9.39238933260955,9.105769000654178,65.37310948815924,0.2866203319553726,0.2841380562384651,0.0024822757169075,9.77998806551664,8.700066694462606,0.1101365616363797,0.2822903425577309,6341784000.0,93.50466865814631,89.64108829102645,0.0236156676895593,0.0233411316435242,0.025056125671008,0.0216481954747103,0.8350371023521805,0.16496289764781938,0.45941480935209045,0.5405851906479096,0.5405851906479096,0.5047187551503234,6,0.8352228646325123,0.426718062136174,0.11386712851173553,0.8434772540882226,0.7214578313482846,0.36771452344132477
2020-07-07,9.837684631347656,10.035250331547491,9.816757188984752,9.911927631799411,357800000,9.293180799484253,8.61925929069519,9.460896301646182,9.15998497329814,69.20054194980634,0.3009113283480431,0.2874927106603807,0.0134186176876623,9.849291213784882,8.737070385183623,0.1130571745568242,0.2682498316457443,6699584000.0,83.05559455650878,87.9854989437642,0.0033033781914793,0.0032979340238763,0.024699196259024,0.0511813221967589,0.9383636803137932,0.06163631968620664,0.09237123644626832,0.9076287635537317,0.9076287635537317,0.10148017547933796,3,0.8044335474353353,0.5467555374571978,0.36087322609653383,0.18661844327289645,0.09207053676251445,0.838853578001496
2020-07-08,10.180747032165527,10.189716751183488,9.931111711651702,9.95926397026052,365480000,9.351479005813598,8.674914331436158,9.571642567879929,9.235596977658686,71.60029637423621,0.3360455902212411,0.2972032865725528,0.0388423036486882,10.018171403769076,8.68478660785812,0.1309712137722504,0.2769875597004173,7065064000.0,99.32069736254572,91.96032019240027,0.0348722706280608,0.0342780090804919,0.0250941712962747,0.0011010476814345,0.7609231975493056,0.23907680245069435,0.6140841399233579,0.38591586007664214,0.38591586007664214,0.674640382395988,3,0.6113766047594278,0.5352206280620856,-0.14930476798544345,0.27817930514616684,0.9038981579511796,0.2519536751085924
2020-07-09,10.472732543945312,10.533521899501254,10.198183016858287,10.344427021104382,494548000,9.408394384384156,8.739257946014405,9.710271794966909,9.327236649235472,75.37843644275173,0.3830351457314354,0.3143696584043294,0.0686654873271059,10.242333108556243,8.574455660212069,0.1592590511927509,0.2902271587918011,7559612000.0,96.34731101421885,92.90786764442446,0.0286801656948427,0.0282765880268491,0.0247242018579991,-0.0356121264794031,0.9525740919822844,0.047425908017715714,2.570659051182034e-07,0.9999997429340949,0.9999997429340949,2.8241576236044856e-07,3,0.7645147888548228,0.8182759180349323,0.1817238248991626,0.27817995862632844,0.0,0.9549997545020606
2020-07-10,10.443086624145508,10.61847890023209,10.342933337817453,10.552208677085298,497676000,9.492253923416138,8.799472494125366,9.823012537917462,9.409892202932513,74.07122836162839,0.4131203349849492,0.3341197937204534,0.0790005412644958,10.389095250661097,8.595412596171181,0.1717579025288109,0.2937508073784946,7061936000.0,89.97295893685192,95.2136557712055,-0.002830772167188,-0.0028347863800571,0.0192488533100436,-0.0265047665056066,0.8021834431636249,0.1978165568363752,0.5333342689287307,0.4666657310712693,0.4666657310712693,0.585927581812926,3,0.6175271113606687,0.7522683845047534,-0.2856026534334841,0.2755357759121484,0.9428090415820634,0.2986035710081338
2020-07-13,10.017560958862305,10.755007091244169,9.990404705995894,10.558438359648576,457076000,9.54804825782776,8.854254455566407,9.852943064216667,9.454904703371756,59.76226051422197,0.3980383608449127,0.3469035071453453,0.0511348536995674,10.42889040747944,8.667206108176076,0.1758596036038935,0.3291460206137852,6604860000.0,60.89314646519325,82.40447213875468,-0.0407471163074855,-0.0416005436646348,0.0221368369933416,0.0456113921951406,0.681161717958684,0.31883828204131615,0.7469614240432103,0.25303857595678975,0.25303857595678975,0.8206209996149018,3,0.5732346833207179,0.6455600789064002,-0.39252150294961047,0.3311315528057248,0.8457618640783798,0.17011887129753855
2020-07-14,10.341190338134766,10.366851638295143,9.751731237272898,10.040232450582948,542676000,9.608003187179566,8.92024045944214,9.92805802943484,9.52055549113198,65.76810214296529,0.4075025383028592,0.3590233133768481,0.048479224926011,10.534550319277024,8.681456055082108,0.1791954507752689,0.3563554329741171,7147536000.0,78.0552497861893,76.30711839607815,0.0323062051333118,0.0317953334500413,0.0224292709644704,-0.0046735729085858,0.47251818721741057,0.5274818127825894,0.9633206170132911,-0.03667938298670889,0.03667938298670889,1.0583158677781475,3,0.22767497468045003,0.502450640179104,-0.5391300231658129,0.37946619040635365,0.8886465834402926,0.024133929203352004
2020-07-15,10.191956520080566,10.396996003532037,10.02104815021368,10.378311468876817,403984000,9.665740776062012,8.979003410339356,9.96865779722649,9.570288900683726,67.24933680187331,0.3983688965427632,0.3668924300100311,0.031476466532732,10.586420569540833,8.745060982583192,0.1806679201711395,0.3538817851251151,6743552000.0,70.1413631971826,69.69658648285504,-0.0144310096975853,-0.0145361494591935,0.0225628301572241,0.0206799992626582,0.9525740939022521,0.04742590609774799,2.428995454772931e-07,0.9999997571004545,0.9999997571004545,2.6685242557325257e-07,3,0.40545298335684504,0.5680812925294676,0.4319184645709869,0.45919107968428263,0.0,0.954999768030934
2020-07-16,10.099776268005373,10.171527353998105,9.861351715438127,9.980439491512932,344964000,9.71052327156067,9.034702529907229,9.98882986965401,9.609510187151995,61.883758306964026,0.3793196825020146,0.3693778805084278,0.0099418019935867,10.62376309010639,8.797283453014948,0.1808435740183141,0.354522396615659,6398588000.0,65.25303379449853,71.14988225929014,-0.0090444118254996,-0.0090855608183356,0.0226187260847126,-0.0004934665724554,0.061116340244869165,0.9388836597551309,0.08936256378833174,-0.9106374362116683,0.9106374362116683,0.09817481072474908,3,0.017560979300692448,0.30832897827726763,-1.2189664144889358,0.7058849845796025,0.4714045207910317,0.7261723781176856
2020-07-17,10.166295051574709,10.213132788399555,10.052938091572605,10.190212395992338,266284000,9.759528493881223,9.08971492767334,10.016132205334117,9.650753510442566,71.40524427575471,0.3653786948915503,0.3685780433850523,-0.003199348493502,10.659388836666068,8.859668151096383,0.1770281775651315,0.3392715992641485,6664872000.0,68.78053256166952,68.05830985111687,0.0065861640697979,0.0065645700538521,0.02256321462077,-0.0006862953773654,0.5252094013369709,0.4747905986630291,0.9663589397187671,0.03364106028123287,0.03364106028123287,1.0616538064393226,3,0.04100112705667302,0.2580040068779234,-0.22436294659669054,0.6842390448668324,0.8955419357123644,0.022057269422130165
2020-07-20,10.474475860595703,10.494905294919302,10.121697469119033,10.238792265552878,284852000,9.82178783416748,9.147364797592164,10.0866466138359,9.71176998082428,74.19475945101864,0.3748766330116186,0.3698377613103656,0.005038871701253,10.739310515818817,8.904265152516146,0.1751920943563381,0.3442543180721611,6949724000.0,81.54988989212129,71.86115208276311,0.0303139745066971,0.0298635854085884,0.02324260484208,-0.008491085179988,0.9516794192247178,0.04832058077528217,0.00654311311399447,0.9934568868860055,0.9934568868860055,0.007188344473179787,3,0.03882017031852336,0.2570693131567678,0.7363875737292378,0.8039758060186385,0.0,0.9487513269761353
2020-07-21,10.29286003112793,10.523561835266866,10.251254140272492,10.476723132609838,277036000,9.861737155914309,9.197582206726077,10.11837175495775,9.75481368825418,66.01768197154362,0.3635580667035683,0.3685818223890061,-0.0050237556854378,10.78867208124143,8.934802230587184,0.1801122180859085,0.3404817489316996,6672688000.0,66.37689636265893,72.23577293881658,-0.0173388942687815,-0.0174909733822505,0.0232207481607963,-0.0109406731088352,0.8021834487850936,0.1978165512149064,0.533334257120299,0.466665742879701,0.466665742879701,0.5859275688400378,3,0.4979212300156464,0.25706931484368667,0.2095964280360143,0.7959063518634616,0.9428090415820634,0.29860357856394865
2020-07-22,10.40272617340088,10.565910768554447,10.255984157807204,10.331722094937254,367292000,9.911004161834716,9.244956741333008,10.162118588564384,9.802807205672456,67.0099436563335,0.3593113828919296,0.3667277344895909,-0.0074163515976612,10.843224617883692,8.978783705785741,0.1792261836964631,0.3510344661126439,7039980000.0,70.88136061435422,72.93604895637814,0.0106740149910413,0.0106174498550836,0.0230732115262751,0.0025624197324378,0.2652281773830893,0.7347718226169108,0.66034349887709,-0.33965650112291,0.33965650112291,0.7254614826084672,3,0.3734887095475988,0.17239858954658668,-0.5120550906694967,0.7312039382934826,0.7402088055703998,0.2403359155669919
2020-07-23,10.094792366027832,10.510602112104117,9.996632039770423,10.413936738581402,411660000,9.955562257766724,9.29141206741333,10.151760708174146,9.82443573606915,58.928623034827794,0.3273249721049964,0.358847182012672,-0.0315222099076755,10.828742555367334,9.082381960166114,0.1729961877252945,0.3729762591590869,6628320000.0,38.64321553279867,58.63382416993728,-0.0296012605003882,-0.0300482203024274,0.0235596722984277,0.0478046759249768,0.4491925783476407,0.5508074216523593,0.9320221532388585,-0.06797784676114149,0.06797784676114149,1.023930990859122,3,0.01967713166521649,0.16792738043595343,-0.23590522719709492,0.5219955362451492,0.9428090415820634,0.043496718187821186
2020-07-24,10.15931797027588,10.32898036367836,9.743259250895765,9.840920619627775,473292000,9.990665721893311,9.33960615158081,10.152923363882104,9.84924182749187,56.49276729491223,0.3036815363902345,0.3478140528881845,-0.0441325164979499,10.835484371383147,9.145847072403477,0.1663140482385935,0.3937080215703496,7101612000.0,41.12276818160688,50.215781442919926,0.0063919694341803,0.006371627435164,0.0229558573742417,0.0412232745573306,0.8144592362494546,0.18554076375054532,0.5069167431229439,0.4930832568770561,0.4930832568770561,0.5569049633264817,3,0.028482969664334872,0.09551073754689653,0.3975725193301596,0.5220377979639803,0.4241495254935113,0.40098912122954194
2020-07-27,10.385536193847656,10.405715681180023,10.182488715413822,10.196939292576191,292132000,10.053772258758546,9.387334117889404,10.188709953107574,9.888967336110817,59.380627219825335,0.2997426169967578,0.3381997657098992,-0.0384571487131413,10.809702739669827,9.297841777847264,0.1455737030427165,0.3948824084433416,7393744000.0,63.48191878481308,47.74930083307288,0.0222670679501957,0.0220227765773225,0.0213425802128946,0.0564939985439885,0.7535669054650492,0.24643309453495071,0.6274242426106066,0.3725757573893934,0.3725757573893934,0.6892959831402938,3,0.26589372250176935,0.27882690806133387,0.09374884932805955,0.37037068073529567,0.9013305215805576,0.2435640516515949
2020-07-28,10.180249214172363,10.346174763234467,10.174021351300896,10.338451947166476,271636000,10.10437216758728,9.421787300109862,10.187408300963696,9.910543771522782,49.99105373916732,0.276864529440914,0.3259327184561021,-0.0490681890151881,10.735984691798304,9.472759643376255,0.1240858668433634,0.3848454600655508,7122108000.0,43.19158839955648,49.265425121992145,-0.0197666231038609,-0.0199645959783366,0.0221504943830253,0.099089300794912,0.9499838443385064,0.05001615566149363,0.01863369599255471,0.9813663040074453,0.9813663040074453,0.020471207400726315,3,0.6156751060912983,0.41421622859365,0.5671500754137953,0.5125041144043075,0.4714045207910317,0.782573914103839
2020-07-29,10.42938232421875,10.479956960079576,10.311291523626386,10.354890347644336,284508000,10.152592611312866,9.456053428649902,10.224635073772166,9.948976256907669,49.20879132456109,0.2756588168644978,0.3158779381377813,-0.0402191212732835,10.722954447738404,9.582230774887329,0.1093759570211678,0.3810549513920854,7406616000.0,67.8156201854168,58.16304245659546,0.0244722014957705,0.0241775546007951,0.0217123654932322,0.078472384784199,0.2787588756075611,0.721241124392439,0.683124550377938,-0.31687544962206204,0.31687544962206204,0.7504890257360799,3,0.3456888705915923,0.22702589480678317,-0.5439013444288452,0.5055851188849118,0.7544264109391093,0.2227105140572143
2020-07-30,10.577370643615724,10.586339409099343,10.259720292587549,10.339195130438815,308880000,10.206605625152587,9.492178630828857,10.278902084517329,9.995523989256414,52.34939952510695,0.2833780952609146,0.309377969562408,-0.0259998743014933,10.71705769656488,9.696153553740292,0.0965177620433282,0.3847030623990254,7715496000.0,82.44261649308787,64.4832750260204,0.0141895574250183,0.0140898279591974,0.0218020626631623,0.0679766448592427,0.9473136114247351,0.05268638857526491,0.03690897981723018,0.9630910201827698,0.9630910201827698,0.04054865878941232,3,0.5425272915227177,0.29794379156436446,0.6651472286184054,0.5314433068603176,0.07268378124423835,0.8963540575925167
2020-07-31,10.578118324279783,10.729345196481006,10.396995248418266,10.526795731850012,386080000,10.256557655334472,9.52504165649414,10.32493535217309,10.038679125184071,61.51960162888513,0.2862562269890194,0.3047536210477303,-0.0184973940587108,10.699512462351075,9.813602848317869,0.0837492630423499,0.3538278883143445,8101576000.0,84.6639257232181,78.30738746724093,7.068681709787583e-05,7.068431890254574e-05,0.0218240064302689,0.0550885456593293,0.9391700430047267,0.06082995699527324,0.08769527636372088,0.9123047236362791,0.9123047236362791,0.09634310827132979,3,0.5195067647323289,0.4767953951013914,0.4355093285348877,0.5625076434112308,0.43358442491919985,0.7390347070639748
2020-08-03,10.972256660461426,11.060451293418115,10.67827455060579,10.695465086289587,412720000,10.314905786514284,9.56966718673706,10.424523245755912,10.107833016686095,62.60334014339543,0.316690229069815,0.3071409426521472,0.0095492864176677,10.811735459620198,9.818076113408368,0.0905610738939864,0.3443430717512076,8514296000.0,93.3043450732632,86.80362909652307,0.0372597775992902,0.0365824066499353,0.0226284231908443,0.0140548071770745,0.9022538436556199,0.09774615634437997,0.2591593244050543,0.7408406755949457,0.7408406755949457,0.2847156185143178,3,0.8720788064713316,0.5923408982951183,0.14849977729982744,0.5521649918153831,0.38174604446675453,0.6129726007826591
2020-08-04,11.189002990722656,11.189002990722656,10.868363657948816,11.011866768848384,310336000,10.382471704483033,9.61362726211548,10.542135514212337,10.187919681429548,69.3896411356329,0.3542158327827884,0.3165559206782755,0.0376599121045129,10.966016501017226,9.79892690794884,0.1043068443217037,0.3403924631408851,8824632000.0,99.99999993083144,92.6560902424376,0.0197540339210506,0.0195614550018235,0.022827890182504,-0.0336440935110274,0.802183867652281,0.19781613234771894,0.5333333772490855,0.46666662275091453,0.46666662275091453,0.5859266022027102,3,0.7066040073273797,0.5885670934199551,-0.12190047066904053,0.5236160777141453,0.9428090415820634,0.2986041415636911
2020-08-05,11.247800827026367,11.332507541797073,11.127717043617787,11.205198944403296,249924000,10.435824394226074,9.664909248352052,10.650699408491416,10.2664293959182,72.61941004722055,0.3842700125732161,0.3300987390572636,0.0541712735159525,11.126920087541182,9.744728700910969,0.1228854784936328,0.3314057269649454,9074556000.0,94.6700137289834,95.99145291102604,0.005254966537453,0.0052412073823483,0.0218438500415083,0.0135999350187643,0.9408456361722469,0.0591543638277531,0.07779042650539814,0.9222095734946019,0.9222095734946019,0.08546151849956383,3,0.7099056239468208,0.6670862100064134,0.2551233634881884,0.20539714576496457,0.07268378124423835,0.8583054725146106
2020-08-06,11.296384811401367,11.318807209573707,11.140175976018051,11.31058544182103,244316000,10.477007007598877,9.720997867584227,10.750035624323717,10.342722389657697,72.42452450390205,0.407313234666022,0.3455416381790153,0.0617715964870067,11.268267805575944,9.68574620962181,0.1400909779876571,0.3327226224455671,9318872000.0,97.72705551550476,97.46568972510654,0.0043194207580794,0.0043101188365592,0.0211346922904907,0.0094831474030059,0.9417181633435205,0.058281836656479374,0.07252815167651927,0.9274718483234807,0.9274718483234807,0.07968031870620863,3,0.7721160148563323,0.6593870020515613,0.2680848462719194,0.19888529293154547,0.4714045207910317,0.7395966945265342
2020-08-07,11.16085147857666,11.465048251791371,10.999410824519805,11.273461440715383,342516000,10.512895250320437,9.775137825012209,10.813238063439554,10.403324544392431,64.62168340275929,0.4099135190471212,0.3584160143526365,0.0514975046944847,11.360762939630147,9.66502756101072,0.1519360222537147,0.339324736836374,8976356000.0,82.33251728987662,91.57652884478826,-0.0119979387288501,-0.0120704949296137,0.0213886264937106,0.032546181957944,0.9054877399105817,0.09451226008941824,0.24675194160950387,0.7532480583904961,0.7532480583904961,0.27108471530491685,3,0.8676431600695262,0.8122617889104982,-0.05901373052000203,0.18761271217615716,0.3678704825788309,0.6267319805995175
2020-08-10,11.126469612121582,11.36888005134779,10.819033954905294,11.295136017955183,427796000,10.5683406829834,9.82085048675537,10.86142753246756,10.456890845705702,68.94669193224306,0.4045366867618565,0.3676401488344805,0.036896537927376,11.424809775470845,9.711871590495951,0.1539516346774321,0.3591489083683828,8548560000.0,80.33564854363505,86.79840711633881,-0.0030805773664378,-0.0030853321123124,0.0187827445010212,0.1049708025637208,0.16706383973139766,0.8329361602686023,0.46447300410415515,-0.5355269958958448,0.5355269958958448,0.5102757500634182,3,0.3817309702727106,0.5981735008992676,-1.1337004967951123,0.6120299863149726,0.8531505652577861,0.35871441659809605
2020-08-11,10.812559127807615,11.098319449331218,10.758495619381051,11.035536173478327,354512000,10.59190912246704,9.86166456222534,10.85390931636603,10.483236644379918,58.52424233947027,0.370672671986112,0.3682466534648068,0.0024260185213051,11.44800154838825,9.73581669654583,0.1583514902997424,0.3632951499393319,8194048000.0,62.10400204291029,74.92405595880733,-0.0282129458181398,-0.0286185785830544,0.0190972900585575,0.1300229586189196,0.9399994070347113,0.06000059296528861,0.0828250668261209,0.9171749331738791,0.9171749331738791,0.09099263622493381,3,0.3782986652228435,0.5988692451189248,0.3183056880549543,0.6372824557306295,0.0,0.8759020611810546
2020-08-12,11.40077018737793,11.427427485593178,10.920433215644133,10.952821324520649,464412000,10.652349805831909,9.913864345550538,10.93804175806017,10.5512020920094,74.32710433198761,0.3868396660507684,0.3719652559819991,0.0148744100687693,11.558757436011758,9.74594217565206,0.1590081398506489,0.3705021703287511,8658460000.0,96.2667861542456,79.56881224693032,0.054400725361821,0.0529725727038632,0.0219002205880276,0.061034378974943,0.48269239615727505,0.517307603842725,0.9769139712714414,-0.02308602872855861,0.02308602872855861,1.0732496938103704,3,0.11952063618315856,0.4897368587869956,-0.5128228875155542,0.6565791248179801,0.8955419357123644,0.015136703519327697
2020-08-13,11.403510093688965,11.681298546736729,11.316561436383628,11.50615432938051,374460000,10.71753649711609,9.96722951889038,11.009652271233833,10.614336018059738,73.72223580944419,0.3953162531740926,0.3766354554204179,0.0186807977536747,11.64392148371893,9.791151510513249,0.1624736557414071,0.3547175987266442,9032920000.0,81.5701813372727,79.98032317814288,0.0002403264223385,0.0002402975485698,0.0216651186788875,0.0609979705534133,0.9525741268183068,0.04742587318169335,3.044764440573999e-11,0.9999999999695524,0.9999999999695524,3.3450156305142783e-11,3,0.631362968138291,0.565927341246801,0.43407265872275136,0.6715590733953845,0.0,0.9549999999709224
2020-08-14,11.524094581604004,11.664358807033938,11.401020889958051,11.490211514904171,366436000,10.785426473617552,10.022986488342283,11.08879724206001,10.68172554128524,72.61931291426305,0.4070717007747717,0.3827227044912887,0.024348996283483,11.740290615549222,9.830562331685885,0.1657161237562082,0.3559276134531971,9399356000.0,89.57033473972434,89.13576741041423,0.0105743307915142,0.0105188135842702,0.0216861395145948,0.096808982604855,0.1422816918974855,0.8577183081025145,0.4011777016620094,-0.5988222983379906,0.5988222983379906,0.4407387529855123,3,0.12603055763433438,0.34863707384214493,-0.9474593721801355,0.7700128693678575,0.4714045207910317,0.47752068514007473
2020-08-17,12.294424057006836,12.366923082983908,11.776468107391905,11.810350216026857,621300000,10.876423883438113,10.091090621948242,11.274278290513369,10.80118469059795,84.30068204941395,0.4730935999154191,0.4007968835761148,0.0722967163393042,12.03224750105118,9.72060026582504,0.1880240363035701,0.4010214462269931,10020656000.0,96.55946607165276,89.23332738288327,0.066845119149969,0.0647058063477161,0.0250709634346976,0.031065175736396,0.9472548772166223,0.052745122783377785,0.03730103676550911,0.9626989632344909,0.9626989632344909,0.04097937737064927,3,0.4546255549553509,0.35366951882943204,0.6090294444050588,0.7258509762796528,0.07268378124423835,0.8959891680555647
2020-08-18,12.218440055847168,12.452878719522852,12.044542712246516,12.407036978701228,503448000,10.972702884674073,10.159967098236084,11.419533946718568,10.9061665695053,80.75380399424682,0.5133673772132692,0.4233109823035457,0.0900563949097235,12.23933761639491,9.706068152953236,0.2073316603316616,0.4087806077533591,9517208000.0,89.31045465345653,91.81341848827788,-0.0061803628057195,-0.0061995403046892,0.024589058761569,0.0399037212330382,0.9525741268221355,0.047425873177864446,2.196354209615947e-12,0.9999999999978036,0.9999999999978036,2.4129417249520132e-12,3,0.454625554964768,0.38891979620190453,0.6110802037958991,0.7399409170692256,0.0,0.9549999999979024
2020-08-19,12.096609115600586,12.27249936656039,12.056248246226009,12.25406383523968,622624000,11.057397031784058,10.221603622436524,11.5236993573158,10.99434749884569,76.3526115540331,0.5293518584701111,0.4445191575368588,0.0848327009332523,12.388447794036043,9.726346269532073,0.22007006253271,0.4008971794549724,8894584000.0,82.67072965193125,89.5135501256802,-0.0099710715680336,-0.0100211156420661,0.0249412093173301,0.0522717450210159,0.9180773627834881,0.08192263721651183,0.19449789770102255,0.8055021022989775,0.8055021022989775,0.21367778053445627,3,0.9227336885104239,0.5804953816583077,0.22500672064066973,0.6937612560517163,0.39335948588930975,0.6633467625127225
2020-08-20,12.099101066589355,12.332293735229182,11.837756147522825,11.933674519900295,921388000,11.157612466812134,10.276897144317626,11.61222269720404,11.076181096456333,76.36691240784984,0.5360416007477085,0.4628236461790287,0.0732179545686797,12.485311981863534,9.829912951760734,0.2194707702240342,0.4124820108580879,9815972000.0,80.0644188754481,84.01520106027864,0.0002060040929614,0.0002059828770319,0.0234295594241037,0.0401325721553544,0.09802161239997154,0.9019783876000285,0.2601991432688373,-0.7398008567311627,0.7398008567311627,0.28585797629605875,3,0.3552337485218728,0.3437845545290161,-1.0835854112601788,0.8764670248798798,0.4714045207910317,0.5899416453828917
2020-08-21,12.639730453491213,12.764548088001415,12.153164638813209,12.159642451084377,999868000,11.2816330909729,10.354373836517334,11.770300813555911,11.191999567347803,77.50921383702897,0.5783012462081079,0.4859191661848445,0.0923820800232633,12.67829776692887,9.88496841501693,0.2209959589083164,0.4255615860204974,10815840000.0,93.77794761600492,85.5043653811281,0.0446834342424626,0.0437139057838102,0.0247047728709304,0.0366026348229229,0.9159532426100326,0.08404675738996735,0.20380265379610318,0.7961973462038968,0.7961973462038968,0.22390009992357135,3,0.2872995305905705,0.460825036662224,0.3353723095416728,0.7350490090449431,0.36723074134882366,0.6626377292593495
2020-08-24,12.676352500915527,12.867939296377706,12.464336268553248,12.83928809456214,490564000,11.396173906326291,10.429867401123047,11.909693380842006,11.301951636500968,76.0880768856149,0.6077417443410376,0.5102836818160832,0.0974580625249543,12.85764783045739,9.934699982195196,0.230582720703853,0.4314875642383987,11306404000.0,90.917662393142,88.25334296153169,0.0028973756647003,0.0028931863618677,0.0246303803969252,0.0514337856890989,0.8021838873680845,0.19781611263191534,0.5333333358340904,0.4666666641659097,0.4666666641659097,0.5859265567036877,3,0.17435438454621463,0.38463456011884645,0.08203210404706324,0.7006075405924107,0.9428090415820634,0.29860416806374157
2020-08-25,12.70600128173828,12.717212003155831,12.530359043130268,12.587162502642434,289076000,11.52246150970459,10.50114559173584,12.032202288672202,11.405955313925954,75.84104002944991,0.6262469747462482,0.5334763404021162,0.092770634344132,12.978032106296231,10.066890913112946,0.2291154493559928,0.430206311513133,11595480000.0,92.32318846297817,92.33959949070838,0.002338904729938,0.0023361737497761,0.0236882088090545,0.0843240606916893,0.6989786721842244,0.3010213278157756,0.7191869629659493,0.28081303703405064,0.28081303703405064,0.7901076353642886,3,0.5145590158012857,0.5102967508862809,-0.22948371385223026,0.6341693775649974,0.8462981004051907,0.18874142318571524
2020-08-26,12.728919982910156,12.82409040362282,12.633998562589216,12.755079279788657,321244000,11.63743839263916,10.57497989654541,12.139389626247272,11.503952696813672,75.61926347013718,0.6354369294335989,0.5538684582084128,0.081568471225186,13.09274329015867,10.182133495119649,0.2286611746280757,0.4310249263329864,11916724000.0,93.40966929254176,92.21684004955398,0.001803769782773,0.0018021449436555,0.0235720070319,0.1235258375514338,0.6377769517314702,0.3622230482685298,0.8114238535786267,0.18857614642137338,0.18857614642137338,0.8914402168599123,3,0.3120186158737779,0.39970777705583554,-0.21113163063446216,0.5736806371259089,0.0,0.18009021983241158
2020-08-27,12.58466911315918,12.805654096298026,12.523131806331266,12.73738997776775,317604000,11.737803316116333,10.64259075164795,12.207894162695258,11.58400576469112,75.38421061354231,0.623888398004139,0.567872446167558,0.0560159518365809,13.161817189911917,10.313789442320749,0.2263093071404732,0.4179452736683572,11599120000.0,86.57133218709356,90.76806331420453,-0.0113325301710316,-0.0113972325835472,0.0240349273655327,0.0309738979637892,0.6359349441487111,0.36406505585128884,0.8140787691665494,0.18592123083345055,0.18592123083345055,0.8943569397501807,3,0.2184368047629582,0.2834108100323566,-0.09748957919890602,0.2572999192115014,0.816496580927726,0.12681427196829373
2020-08-28,13.102377891540527,13.10262689195199,12.598871498450452,12.631259609222235,537160000,11.86401629447937,10.720914497375489,12.345507044056069,11.696477774087372,80.04853816682649,0.6490292699686968,0.5841038109277858,0.0649254590409109,13.30263579789072,10.42539679106802,0.2195967045554665,0.4156675366933796,12136280000.0,99.98937766778376,93.32345971580638,0.0411380524768827,0.0403143960917751,0.024968603445929,-0.0396625217021613,0.23783707055564524,0.7621629294443548,0.61180850358159,-0.38819149641841,0.38819149641841,0.672140340346382,3,-0.0045647063878620124,0.11288315307272977,-0.5010746494911398,0.32006475364231296,0.9428090415820634,0.24839057026843434
2020-08-31,13.32834529876709,13.5281529158447,12.99275738191512,13.13725649731869,500840000,11.981820726394654,10.802895622253418,12.496712929396226,11.817356849989572,89.31016839308634,0.679356079406654,0.6031542646235595,0.0762018147830945,13.496811805988711,10.466829646800594,0.2273337080686528,0.4276262182068831,12637120000.0,92.33784144877148,92.96618376788297,0.0172462898793703,0.0170992606866906,0.0242535815423634,-0.1090087045570183,0.9465971275596002,0.05340287244039981,0.04166365085078916,0.9583363491492108,0.9583363491492108,0.045772198815454516,3,0.2520220278547505,0.3554741824842117,0.6028621666649991,0.4789928763930099,0.08363498449289898,0.8884209269622461
2020-09-01,13.777422904968262,13.949627750320245,13.394134719856543,13.437497512438236,511316000,12.111241722106934,10.888566608428954,12.693745233330386,11.962546928136142,88.82424288660397,0.7311983051942441,0.6287630727376965,0.1024352324565476,13.775909964858052,10.446573479355814,0.2416516142726264,0.4280843677617112,13148436000.0,93.45991229407647,95.26237713687726,0.0336934252628278,0.0331382381801116,0.0247425878199437,-0.0800229118464975,0.8021743673813643,0.1978256326186357,0.5333533331458411,0.46664666685415895,0.46664666685415895,0.5859485259961174,3,0.34559717319498656,0.30839551400567766,0.1582511528484813,0.4895509944539507,0.9428090415820634,0.29859137246230405
2020-09-02,14.301270484924316,14.68032165588462,13.85617738039282,14.65739345260157,874012000,12.263915205001831,10.986244297027588,12.941056810498685,12.135785710120452,90.45013577946357,0.8052711003782314,0.6640646782658035,0.1412064221124278,14.141614449884088,10.386215960119577,0.2625919489966479,0.466524484944801,14022448000.0,88.44109769426372,91.41295047903724,0.038022174652645,0.037317147379334,0.0254352074011986,-0.1418289808414514,0.9525741145533333,0.047425885446666594,9.052682203858353e-08,0.999999909473178,0.999999909473178,9.945387914565893e-08,3,0.808327641825516,0.3845859776210018,0.6154139318521762,0.5773509584756095,0.0,0.954999913546885
2020-09-03,12.974465370178224,13.840725107880663,12.838146289033148,13.785150980513366,945128000,12.347819232940674,11.0616609954834,12.94619658891092,12.19791012938399,65.14553728437456,0.7482864595269305,0.680909034518029,0.0673774250089015,14.193171997059997,10.502466468821352,0.2844591605848915,0.5522235048601783,13077320000.0,41.25542980621736,74.38547993151919,-0.0927753318241721,-0.0973651548264945,0.0346514042179252,-0.0653838122127236,0.9525741244296427,0.04742587557035731,1.765506407735984e-08,0.9999999823449359,0.9999999823449359,1.9396070352610422e-08,3,0.8222155195574242,0.48732696980827106,0.5126730125366649,0.6005080507454167,0.0,0.9549999831394138
2020-09-04,12.582704544067385,13.133462408954491,11.667847643821457,12.74344532287154,1463684000,12.41891188621521,11.124170112609864,12.89027473585807,12.226413419360538,53.26882408620772,0.6638613164975311,0.6774994909139295,-0.0136381744163983,14.179324383730863,10.658499388699552,0.2798146441967712,0.5967082379854022,11613636000.0,30.36895575791796,53.35516108613302,-0.0301947567728918,-0.0306600078219859,0.0354213929269971,0.0197860044951001,0.1431704898251204,0.8568295101748795,0.4035990652649716,-0.5964009347350284,0.5964009347350284,0.44339889279506023,3,0.4678663190276951,0.375187386785928,-0.9715883215209564,0.687692942504475,0.8392750033698627,0.40225592813864164
2020-09-08,11.875439643859863,12.510431332094637,11.667348039280268,11.697502261061343,795728000,12.456360387802125,11.179210796356202,12.734146260166035,12.200415361916043,46.5977748433017,0.5337308982499938,0.6487457723811424,-0.1150148741311486,14.130774975689553,10.781945799914698,0.281996227188637,0.6329239878076007,10817908000.0,6.906519305836222,26.176968289990523,-0.0562092909144074,-0.057850843894277,0.038079422397286,0.0904896211551584,0.20441385327012818,0.7955861467298719,0.5470224989514909,-0.4529775010485091,0.4529775010485091,0.6009656395260461,6,-0.016459484479533864,0.28391613937421945,-0.7368936404227285,0.7708618229455892,0.6871842709362768,0.3130671600561181
2020-09-09,12.67491340637207,12.768865989379982,12.19318633889439,12.36090597859169,736200000,12.549478101730347,11.24934404373169,12.725033513428505,12.235563365209082,55.05646183943153,0.4894701482194215,0.6168906475487983,-0.1274204993293768,14.03553042596609,11.063425777494604,0.2344871758238062,0.681293646749439,11554108000.0,33.44089577169712,23.57212361181711,0.067321613892886,0.0651523457332825,0.0397849009479477,-0.0157686517022168,0.047426086164367096,0.9525739138356328,1.571507257214222e-06,-0.9999984284927428,0.9999984284927428,1.72647718450666e-06,3,-0.6831256214254268,0.1965151490778862,-1.196513577570629,0.9434500139052587,0.0,0.9549984992105693
2020-09-10,12.27293586730957,13.024060336153877,12.128641619060453,12.948299724016278,698684000,12.593086385726927,11.30550329208374,12.655480029410208,12.238331698698008,51.42069396238195,0.4171483307121999,0.5769421841814787,-0.1597938534692787,13.98544007343862,11.200732698015235,0.2268982259445178,0.7099280131342296,10855424000.0,20.099340548186184,20.14891854190652,-0.0317144209332754,-0.0322282155182841,0.039239044653107,0.0123254871006579,0.9499879439584806,0.05001205604151929,0.01860493441651201,0.981395065583488,0.981395065583488,0.02043960957984434,3,-0.15719362131925463,0.19980925142564007,0.7815858141578479,0.9384950029658686,0.4714045207910317,0.782596849534827
2020-09-11,12.126145362854004,12.612606606994955,11.85824254598659,12.446133343329349,636928000,12.62921814918518,11.358083992004394,12.574043926863098,12.2300215997466,45.51384663308444,0.3440223271164981,0.5303582127684826,-0.1863358856519844,13.925805884512142,11.33263041385822,0.2138499410206305,0.7162792302482514,10218496000.0,15.227392662619197,22.92254299416751,-0.0119605044825957,-0.0120326068132122,0.039402138914945,0.0020349684255478,0.04748869319013515,0.952511306809865,0.00046322233522888556,-0.9995367776647711,0.9995367776647711,0.0005089017498679923,3,-0.33938004685800865,-0.00964552636277849,-0.9898912513019926,0.8167256241137986,0.0,0.9545576226698563
2020-09-14,12.831665992736816,13.273020068340417,12.59142659294428,13.039758568536314,1201744000,12.69459671974182,11.423135757446287,12.61367809084367,12.27458785107921,51.21471266732375,0.3390902397644613,0.4921046181676783,-0.153014378403217,13.883989640355315,11.505203799128324,0.1853840212622017,0.7693700643669622,11420240000.0,38.643483190613246,24.656738800472883,0.058181772424074,0.0565521262630658,0.0412273203658409,-0.0275786424607042,0.5584772024337894,0.4415227975662106,0.9216719523094445,0.0783280476905554,0.0783280476905554,1.0125601329278837,3,0.020062111869757426,-0.1413129351888674,0.2196409828794228,0.8344995851649917,0.9428090415820634,0.05011946066149711
2020-09-15,12.950043678283691,13.256823189308754,12.787308384101587,13.238132111969612,727556000,12.727377700805665,11.486030750274658,12.66542664275752,12.32462161605732,51.88253702158404,0.3408050267002007,0.4618446998741828,-0.1210396731739821,13.906426099648328,11.548329301963005,0.1820918026430818,0.7895601961656481,12147796000.0,42.57241522158796,32.147763691606805,0.0092254338301729,0.0091831394392315,0.0387024389762316,-0.0271917773667704,0.9525738356753201,0.04742616432468001,2.148205627938715e-06,0.9999978517943721,0.9999978517943721,2.360045101439466e-06,3,0.026263040606718763,-0.1413132395532337,1.1413110913476057,0.9959434500986093,0.0,0.9549979484636252
2020-09-16,12.47504711151123,13.051474082556064,12.47429988661024,12.9164012983545,556384000,12.740208053588868,11.53877799987793,12.636137484104244,12.335764245350202,48.16931436583498,0.3003732387540427,0.4295504076501548,-0.129177168896112,13.901386918558774,11.57902918861896,0.1861602372464694,0.8172089358022353,11591412000.0,26.807372872822366,36.00775709500787,-0.0366791478525277,-0.0373687428760005,0.039684893024872,-0.031223981894399,0.9366811856109069,0.06331881438909319,0.10194651217720663,0.8980534878227934,0.8980534878227934,0.1119996910647323,3,0.6587931291025736,0.07218024938359799,0.8258732384391954,0.8671652293190584,0.4714045207910317,0.7161375219122624
2020-09-17,12.424205780029297,12.55005801210448,11.99680748160983,12.093999936822648,792512000,12.756587886810305,11.583647174835203,12.603532606554252,12.342315470141246,48.82709266442787,0.2612171364130073,0.3958837534027253,-0.134666616989718,13.888411711518271,11.624764062102336,0.1821965676916371,0.836546667268513,10798900000.0,25.11995911038929,31.49991573493321,-0.0040754420426212,-0.0040837692890499,0.0396147202731989,-0.0092670830300058,0.04744074970507086,0.952559250294929,0.00010974923032369688,-0.9998902507696763,0.9998902507696763,0.00012057185310548015,3,0.2993870296158297,-0.005950143433711618,-0.9939401073359647,0.9761376821913336,0.0,0.9548951894850408
2020-09-18,12.150821685791016,12.592673981885104,11.950954253863882,12.554046450865345,698460000,12.759173917770386,11.61720895767212,12.533884772590678,12.328130745374562,42.78696273155105,0.2057540272161162,0.3578578081654036,-0.1521037809492873,13.88489236239977,11.633455473141003,0.185290916736237,0.8453868064991138,10100440000.0,16.04639495300872,22.657908978740135,-0.0220041505331245,-0.0222498528552254,0.0399799598850081,0.0561556887731475,0.7733621378736433,0.22663786212635678,0.5908686666745158,0.4091313333254842,0.4091313333254842,0.6491355781975643,3,0.10243152345953375,0.1953541082546065,0.21377722507087768,0.8055760668352532,0.3507507428266377,0.3427545057741609
2020-09-21,12.47778606414795,12.483019489295126,11.866967870062911,11.887403420828344,721044000,12.751076698303224,11.657902946472168,12.525254202061028,12.339216324542962,43.649777762477,0.186037877518066,0.3234938220359361,-0.13745594451787,13.882726696500502,11.619426700105944,0.181386344080512,0.851147955449302,10821484000.0,26.8982781705228,22.688210744640276,0.0269088286217944,0.026553152538154,0.0391462007786123,0.041362874254609,0.05797015803885976,0.9420298419611403,0.07063046937570494,-0.9293695306242951,0.9293695306242951,0.07759550161054604,3,-0.5067094826894957,-0.07761226263221964,-0.8517572679920754,0.9758108569464803,0.4714045207910317,0.7411099690905879
2020-09-22,12.597908973693848,12.608126751676911,12.117180011879032,12.535356930920344,646452000,12.74715452194214,11.7095099067688,12.536431859235307,12.358378742998584,40.73892692257062,0.1780531162367236,0.2944056808760936,-0.1163525646393699,13.88043756266318,11.613871481221098,0.1799160548131425,0.8418382617524965,11467936000.0,30.88513384174535,24.6099356550923,0.0096269409435576,0.0095808972185474,0.0392004710133952,0.0465272733672903,0.9456457327200368,0.05435426727996328,0.047885038702617955,0.952114961297382,0.952114961297382,0.05260709196204413,3,0.14395892133285704,0.20119512864808797,0.7509198326492941,0.9646416915108837,0.08965847632427718,0.8807364777218535
2020-09-23,12.085526466369627,12.686875066180855,12.04116736498731,12.535852009546938,647012000,12.716130781173709,11.744396629333496,12.467061798794434,12.338167463248292,32.57148353835821,0.1288943355461427,0.2613034118101034,-0.1324090762639607,13.887488813027892,11.544772749319522,0.1938447671458451,0.8234674724865815,10820924000.0,19.240951463900817,25.674787825389668,-0.040672028063875,-0.0415222688883296,0.0402557170661567,0.1160326856547826,0.7052831553098448,0.2947168446901552,0.709138561989306,0.29086143801069403,0.29086143801069403,0.7790683385698838,3,0.10453562289459366,0.2315570415509649,0.059304396459729125,0.8669857712164748,0.9038981579511796,0.18989530059637974
2020-09-24,12.309069633483888,12.529871698718129,11.976123011187331,12.034189790419692,731240000,12.695138263702392,11.786738891601562,12.44275531182358,12.336012068450929,43.66699996895133,0.1067432433726516,0.230391378122613,-0.1236481347499614,13.880496284922014,11.509780242482773,0.1925991251191133,0.7585120790322691,11552164000.0,39.965919701520896,30.030668335722368,0.0184967669994609,0.0183277824032602,0.0405049591374762,0.1025674062785335,0.14954302418943877,0.8504569758105612,0.42060343834278335,-0.5793965616572166,0.5793965616572166,0.46208010601944144,3,0.22119327921695311,0.005929268200737946,-0.5853258298579546,0.7671099103938621,0.8531505652577861,0.3880997618918054
2020-09-25,12.833159446716309,12.842879070512348,12.207140191257526,12.408253885902678,588016000,12.707562780380249,11.841406555175782,12.502817486422462,12.37283780017429,52.32517131174393,0.1299796862481717,0.2103090397477248,-0.0803293534995531,13.893254568163256,11.521870992597242,0.1847856395310971,0.6992352300409681,12140180000.0,72.60582395474432,43.937565040055354,0.0425775325705168,0.0416960436956564,0.0415535242826465,0.0146424679800747,0.6267060016813022,0.37329399831869775,0.8272962581991216,0.17270374180087844,0.17270374180087844,0.9088778356267004,3,-0.038610460615214746,-0.09769212408810704,0.27039586588898545,0.7447558256455393,0.816496580927726,0.1177988075084222
2020-09-28,12.993903160095217,13.010600685407562,12.709801858885758,12.99913658510344,573808000,12.702139043807984,11.897958717346192,12.578369128525962,12.418842641649912,61.556264575246,0.1595264868760484,0.2001525291733895,-0.0406260422973411,13.881200430260696,11.523077657355271,0.1814791709505202,0.6553382530220172,12713988000.0,80.27132148780989,64.2810217146917,0.0125256538770768,0.0124478568401216,0.0406100039370002,0.0466052530275935,0.9525607164628955,0.04743928353710442,9.893426064044863e-05,0.9999010657393596,0.9999010657393596,0.00010869039450989057,3,0.1977360819610071,0.18799234969889808,0.8119087160404614,0.648486230532266,0.0,0.9549055177810885
2020-09-29,13.18405532836914,13.400371235855967,12.892477901208894,12.896714077035496,621460000,12.694924545288083,11.95215030670166,12.671551620809527,12.475525062888376,56.018386605466006,0.1960265579211526,0.1993273349229422,-0.0033007770017895,13.859529775774316,11.530319314801854,0.1766687413667418,0.6278001808167997,13335448000.0,85.972901628276,79.61668235694341,0.0146339530109698,0.0145279100208186,0.0405570571985896,0.0386175715491443,0.9507655996856511,0.04923440031434888,0.013108339371841304,0.9868916606281587,0.9868916606281587,0.014400982717936868,3,0.7198321560561323,0.2705295393135659,0.7163621213145928,0.6564650323434924,0.0,0.9424815358998914
2020-09-30,13.487842559814451,13.579552517363965,13.108791403649274,13.11601837912628,689184000,12.680445528030395,12.01604995727539,12.7971348421949,12.55051154414216,64.70227320993281,0.2466232980527412,0.208786527548902,0.0378367705038391,13.79448736971798,11.566403686342811,0.1651919996466669,0.5974674948611758,14024632000.0,94.67208347007674,86.97210219538755,0.0230420173367773,0.0227805587915021,0.0401627531159221,0.0320385422414493,0.9430735534715867,0.056926446528413166,0.06420524790759763,0.9357947520924024,0.9357947520924024,0.0705366743482692,3,0.9741958261533069,0.5369815797016655,0.3988131723907369,0.6980420618741421,0.12065377796439399,0.8559447659272911
2020-10-01,13.571578979492188,13.71936123395186,13.418313273374288,13.714626908491043,525004000,12.643960952758787,12.079427013397217,12.91628009408679,12.626146168982904,67.76309366523992,0.2901339251038877,0.2250560070598991,0.0650779180439885,13.565698056694352,11.722223848823226,0.1358334362314637,0.5650877734018334,14549636000.0,92.02209108168924,90.88902539334735,0.0062082886352201,0.0061890966034862,0.039183733066297,0.0164712786996572,0.9525146183358095,0.047485381664190564,0.00043881833970549344,0.9995611816602945,0.9995611816602945,0.00048209122049339224,3,0.9740825314602851,0.5437596111820816,0.4558015704782129,0.36223438846213607,0.0,0.9545809284855812
2020-10-02,13.021068572998049,13.476876636179565,13.009853546705289,13.18330571184835,552496000,12.64629111289978,12.137952537536622,12.932401398534676,12.655399680391431,52.419779715745776,0.2770017181432447,0.2354451492765683,0.0415565688666764,13.571774203370325,11.720808022429235,0.1421516345270969,0.5232913967804395,13997140000.0,62.30321943548552,82.99913132908385,-0.0405634751362393,-0.0414091201116741,0.034235828467265,0.0536275467679538,0.7092898593886139,0.29071014061138606,0.7026874729737362,0.29731252702626376,0.29731252702626376,0.7719810929020869,3,0.7442228202596536,0.544681195327163,-0.2473686683008992,0.3066821896400019,0.8561782027792396,0.19884928849608302
2020-10-05,13.5994873046875,13.601231779612217,13.181060496314409,13.194269071030488,479820000,12.697130250930789,12.206755924224854,13.035029999481264,12.725332097005955,57.42446389035398,0.3096979024753086,0.2502956999163163,0.0594022025589922,13.715003408702817,11.679257093158755,0.1496928722336741,0.531194854023797,14476960000.0,93.52870008409114,82.6180035337553,0.0444217560522588,0.0434633887751042,0.0347498056337916,0.0427708901819454,0.14319262413342299,0.8568073758665771,0.4036592060114069,-0.5963407939885931,0.5963407939885931,0.4434649641581438,3,0.2335109715659884,0.5422605907083949,-1.138601384696988,0.6921977096712465,0.8392750033698627,0.402215364869258
2020-10-06,13.693191528320312,14.09741348387712,13.621917127514193,13.786396879631232,784420000,12.788017845153808,12.272909030914306,13.136285619302656,12.797025388214426,65.25586322148231,0.3392602310882306,0.2680886061506992,0.0711716249375314,13.821465208835606,11.75457048147201,0.1509432423470333,0.5255342813983539,15261380000.0,81.87707631730453,79.23633194562707,0.006890276194494,0.0068666467217754,0.0316800745265228,0.0372549718797812,0.9462107938968388,0.05378920610316116,0.04420248207563615,0.9557975179243638,0.9557975179243638,0.04856138999792573,3,0.2189230836540115,0.654131130154607,0.30166638776975685,0.6871276729712229,0.08965847632427718,0.884142959170522
2020-10-07,13.919973373413086,14.074734441277332,13.819790128206504,13.95561104695372,418084000,12.85027084350586,12.347703514099122,13.256852966088877,12.880206720451364,67.94208454251779,0.376646245637513,0.289800134048062,0.086846111589451,13.998641395469976,11.701900291541742,0.1649960845697428,0.5132694515742375,15679464000.0,92.04463402803869,89.15013680981146,0.0165616499720859,0.0164260015064797,0.0285211968426273,0.0093993964161782,0.9348996123603839,0.06510038763961606,0.1118304488857913,0.8881695511142087,0.8881695511142087,0.12285830539320125,3,0.41587542501665986,0.638169485208157,0.2500000659060517,0.6801907178383049,0.10353403821220074,0.8174657017675218
2020-10-08,13.795120239257812,14.040095885233358,13.714625307805663,14.030625334081543,378900000,12.926380062103272,12.415018272399902,13.339663315807174,12.947978092214804,70.45253941246622,0.3916852235923702,0.3101771519569236,0.0815080716354466,14.11471444130276,11.738045682903785,0.1722832941778581,0.4906802265318428,15300564000.0,86.44695734289459,86.78955589607926,-0.0089693515070754,-0.0090098182959392,0.0274085374416025,0.0094841202685169,0.9525303669182729,0.04746963308172719,0.0003227384282256107,0.9996772615717744,0.9996772615717744,0.0003545644032740867,3,0.9478814435367823,0.6399959996286736,0.3596812619431008,0.6802116532975258,0.0,0.9546917848010446
2020-10-09,13.719356536865234,13.780663178589986,13.61767885172956,13.723593661635226,346892000,13.006040620803834,12.477857990264893,13.398077657508416,13.005117236262985,66.47261260646565,0.39296042124543,0.3267338058146249,0.0662266154308051,14.182044412252605,11.830036829355064,0.1714371644601164,0.459350924267274,14953672000.0,82.17797361083274,86.88985499392201,-0.0054920653882357,-0.0055072022264598,0.0272202471970498,0.0035421069739105,0.4657132043437734,0.5342867956562266,0.954212412678267,-0.04578758732173301,0.04578758732173301,1.0483094825679897,3,0.6140197417880834,0.49976995114093986,-0.5455575384626729,0.7228646181726645,0.816496580927726,0.0312310731020911
2020-10-12,14.18114948272705,14.30176829469188,13.86863840263772,13.945395309887523,434744000,13.073514795303344,12.54991861343384,13.51855024600359,13.092230736001063,69.25961479175122,0.4263195100025267,0.3466509466522053,0.0796685633503214,14.35730830223612,11.78972128837057,0.1810563394027349,0.4658841398407572,15388416000.0,94.81353352686692,87.81282149353143,0.0336599566182957,0.0331058599279673,0.0252529931214552,-0.0511916163086071,0.23255931164923044,0.7674406883507695,0.6020280329694112,-0.39797196703058874,0.39797196703058874,0.6613953951428851,3,0.18530590240648423,0.30012235847081364,-0.6980943255014024,0.6538993569220661,0.8392750033698627,0.26842107992700304
2020-10-13,14.203330993652344,14.303265189006954,13.974554697574565,14.25142907850557,344604000,13.136179161071777,12.614540100097656,13.623901130257243,13.174534458790047,79.25096659022225,0.4493666714671978,0.3671940916152039,0.0821725798519938,14.513537461791982,11.758820860351571,0.1939486309705469,0.4432414820006746,15733020000.0,95.70571161211564,90.8990729166051,0.0015641546513778,0.0015629326356062,0.0252486790496707,-0.0423037999977439,0.14878173593417163,0.8512182640658285,0.4186039324287374,-0.5813960675712626,0.5813960675712626,0.459883424251006,3,-0.34171854064119483,0.17459255924259565,-0.7559886268138583,0.7310697876722367,0.4714045207910317,0.4636244329827441
2020-10-14,14.05081272125244,14.297531907685247,13.915989026074769,14.24544672497904,276100000,13.214967441558835,12.671776294708252,13.689579836564198,13.239443959713189,74.53826884537281,0.4501358768510108,0.3837824486623653,0.0663534281886455,14.613207506052245,11.81672737706543,0.1990262189429812,0.4309410672920806,15456920000.0,87.95623023888707,92.82515845928988,-0.0107382044724624,-0.0107962750802981,0.023611754174174,-0.0404747869543542,0.9157717600996454,0.08422823990035451,0.20458769744291527,0.7954123025570847,0.7954123025570847,0.22476255852109994,3,-0.06131857734825552,0.37341443017769244,0.4219978723793923,0.7092205722434177,0.3706492195758627,0.6610755151773229
2020-10-15,13.925954818725586,13.961591541202662,13.724342005426598,13.767206653022203,267224000,13.290054893493652,12.725339374542235,13.72594521843518,13.290296615936327,67.34704722720433,0.435648602498853,0.3941556794296629,0.0414929230691901,14.670675967058823,11.90943381992848,0.1982802747153417,0.4088504841900108,15189696000.0,76.32136467075875,86.6611021739205,-0.0088861694340287,-0.0089258869034758,0.0237463842427671,-0.0435933162320606,0.5381195772514265,0.4618804227485735,0.9490750781156432,0.050924921884356766,0.050924921884356766,1.0426655436864918,3,0.0883137189567263,0.24414691645769146,-0.1932219945733347,0.5308903963989988,0.9013305215805576,0.033291163094198724
2020-10-16,13.767951965332031,14.076974954252234,13.749011819056255,13.992491995908145,242392000,13.370911407470704,12.77477071762085,13.73240779488085,13.325678493669342,62.29796152996499,0.4067293012115076,0.3966704037860318,0.0100588974254757,14.656771504580153,12.085051310361257,0.1867903229684804,0.4107907919524517,14947304000.0,62.05570967888504,75.44443486284364,-0.0113459260388447,-0.0114107820923313,0.0231983605153798,-0.016019193801594,0.8664964508146105,0.13350354918538954,0.37655668333319736,0.6234433166668026,0.6234433166668026,0.4136897996899566,3,0.48992684703608136,0.20632888296520485,0.4171144337015978,0.6066831620472382,0.07268378124423835,0.5802420901683562
2020-10-19,13.455193519592283,13.939411256075054,13.364479876319214,13.859165412616278,298068000,13.41978178024292,12.820657558441162,13.689759444836454,13.335272199293264,54.14626511198918,0.35448724554319,0.3882337721374635,-0.0337465265942735,14.635077821993317,12.204485738492522,0.1806434132635533,0.4155792237459351,14649236000.0,34.43141827223592,57.60283087395991,-0.0227164102930688,-0.0229784032375175,0.0235542997543206,-0.0264116143740998,0.5123388831619493,0.48766111683805063,0.9835448148819017,0.016455185118098237,0.016455185118098237,1.0805344200850584,3,0.23027447455641922,0.0658685863289654,-0.04941340121086717,0.5473803172279272,0.9086500397905722,0.01071699424611547
2020-10-20,13.602476119995115,13.756239916495703,13.464412595526133,13.540671331298878,229212000,13.470010137557985,12.870177688598632,13.67633124101471,13.355065082308217,51.84111056619777,0.3212661587064929,0.3748402494512694,-0.0535740907447765,14.62376198374535,12.316258291370616,0.169638503462086,0.4034567439737013,14878448000.0,45.81855872095392,47.43522889069163,0.0109461525163776,0.0108866770139278,0.0235726049507737,-0.0182293211285241,0.19788598161864443,0.8021140183813555,0.5334800830328856,-0.46651991696711437,0.46651991696711437,0.5860877749796117,3,0.057792861605928836,0.005763967808196642,-0.472283884775311,0.5084051503324459,0.9428090415820634,0.2985102695092128
2020-10-21,13.48210906982422,13.74801839791896,13.435008244461862,13.582043246069873,219596000,13.539839267730711,12.923568687438966,13.646450906985404,13.364475748050143,48.57974943876258,0.2819751589352606,0.3562672313480677,-0.0742920724128071,14.492261109499289,12.587417425962135,0.1412867729872168,0.4043111863222389,14658852000.0,36.51239151623942,38.92078950314309,-0.0088489072951919,-0.0088882913849316,0.021361217437748,-0.0663784351662331,0.9444697025613465,0.05553029743865339,0.05543505430859852,0.9445649456914015,0.9445649456914015,0.06090163188641038,3,0.1648334046141285,0.19755495533990955,0.747009990351492,0.554107112307388,0.08363498449289898,0.8756542161551063
2020-10-22,13.318876266479492,13.568835305575032,13.1900332336967,13.47986707572771,290480000,13.590329599380492,12.961930809020997,13.596054808446032,13.36109800867454,55.39015295530962,0.2349567997714938,0.3320051450327529,-0.0970483452612591,14.356977156606863,12.82368204215412,0.1151219580222163,0.3912452319716269,14368372000.0,12.280805002838724,31.53725174667736,-0.0121073641000335,-0.0121812552565197,0.0214919151490974,-0.0252225893239325,0.05082958903427696,0.9491704109657231,0.024296764950368477,-0.9757032350496315,0.9757032350496315,0.026692724549355427,3,-0.16588606877511478,0.1412253599858568,-1.1169285950354884,0.7821039659670589,0.4714045207910317,0.7780579958151643
2020-10-23,13.54740047454834,13.550391274244133,13.24934342311036,13.407592472112723,233484000,13.626041650772097,13.004808616638185,13.588569526307928,13.374898191331855,48.920534284433785,0.2136713349760697,0.3083383830214163,-0.0946670480453466,14.3057992736963,12.94628402784789,0.1003524807879229,0.3713084208658842,14601856000.0,32.10177706684898,26.96499119530905,0.0171579195944622,0.0170123848489861,0.0197847533580949,-0.0777209976516807,0.19878349545558616,0.8012165045444138,0.5353616888561878,-0.46463831114381215,0.46463831114381215,0.588154930259521,3,-0.16525886683401403,-0.03878187054284273,-0.42585644060096944,0.7244095769220338,0.9428090415820634,0.29730629377099443
2020-10-26,13.099820137023926,13.649581780090577,12.997394244849335,13.384669660400956,336896000,13.63133749961853,13.036323127746584,13.513377312571926,13.3545220391609,39.27576514579501,0.1588552734110262,0.2784417610993384,-0.1195864876883121,14.291733491345507,12.970941507891553,0.1008251998606461,0.3823270891552856,14264960000.0,7.843492693853268,17.408691587847002,-0.0330380974833723,-0.0335961819092635,0.0211910210861913,-0.0426520314233449,0.8017478979262852,0.1982521020737148,0.5342484156306171,0.4657515843693829,0.4657515843693829,0.5869318746132638,3,-0.3248633206080202,0.020479081240732427,0.44527250312865047,0.7818795458461093,0.9428090415820634,0.2980186395434172
2020-10-27,13.354512214660645,13.399619486373137,13.149908603860732,13.264047645682204,250520000,13.639860343933105,13.05752489089966,13.488936528277884,13.35452131142014,39.882271998634096,0.134415216857743,0.2496364522510193,-0.1152212353932762,14.280041524396598,12.999679163469612,0.0958748878541141,0.3764882631832993,14515480000.0,27.3471104580097,22.430793406237324,0.0194424102753048,0.0192558212321506,0.0213847878156466,-0.028159806947273,0.5498340983869848,0.45016590161301534,0.9333331972151632,0.06666680278483683,0.06666680278483683,1.0253713198824748,3,0.0225933586701359,-0.05906042074240554,0.12572722352724236,0.755180272605194,0.9428090415820634,0.04265782562081266
2020-10-28,12.587187767028809,13.218192332927057,12.569244869673389,13.156387540997912,376520000,13.594827604293824,13.064899845123293,13.35020594962418,13.297681789613376,32.4268991464276,0.0525241600108046,0.2102139938029764,-0.1576898337921717,14.38837432998775,12.801280878599895,0.1260880095508804,0.4093308894375538,14138960000.0,1.0347570409076892,12.075120064256897,-0.0574580662548994,-0.0591748686124706,0.0243588565436597,0.0924410826796098,0.14807124002288288,0.8519287599771171,0.41673020039151887,-0.5832697996084811,0.5832697996084811,0.45782491920924656,3,-0.016950470818087093,-0.14473541856048833,-0.4385343810479928,0.566728977368427,0.4714045207910317,0.46511860881531547
2020-10-29,12.982939720153809,13.151157516010835,12.709803385953837,12.798024396978246,320080000,13.565395641326903,13.082626457214356,13.293703452782584,13.274367562246,40.199057514626176,0.0193358905365848,0.172038373149698,-0.1527024826131132,14.404906075499651,12.72588520715416,0.129325168608701,0.4369400581128235,14459040000.0,23.85755493343012,17.41314081078251,0.0314408556104679,0.0309567136501444,0.0254967753173841,0.0872235181894223,0.13569192005004607,0.8643080799499538,0.3828192476880943,-0.6171807523119057,0.6171807523119057,0.42056992984882124,3,-0.3779279163785166,-0.16625839503831566,-0.4509223572735901,0.47481181005707324,0.8221552636176694,0.41980301688184746
2020-10-30,12.49448299407959,12.895713186897272,12.261220547784957,12.80948668887036,416820000,13.539066362380982,13.09053409576416,13.17074645913597,13.216598334974414,27.710419021709683,-0.0458518758384443,0.1284603233520696,-0.1743121991905139,14.477642184433888,12.600490540328076,0.150238440837871,0.4468905877229813,14042220000.0,11.422984663098076,12.105098879145304,-0.0376229680336551,-0.0383489799780788,0.025269580723493,0.1617999277177313,0.7558792620367896,0.24412073796321052,0.6232604244999445,0.37673957550005555,0.37673957550005555,0.6847215613961416,3,-0.2745703254734438,-0.24737630506565075,0.6241158805657063,0.5165866757697689,0.8955419357123644,0.24701499445365074
2020-11-02,12.541086196899414,12.796278653138549,12.35592181714616,12.6178430986326,299652000,13.486146306991577,13.088561210632324,13.073875649561115,13.16656039882071,28.174036593297785,-0.092684749259595,0.0842313088297366,-0.1769160580893317,14.524433844536777,12.44785876944638,0.1655817560367136,0.4548653266201239,14341872000.0,13.743755227625169,16.341431608051128,0.0037299024571009,0.0037229636197032,0.0228810726710576,0.083460795745673,0.4826859738610282,0.5173140261389718,0.9769053979332849,-0.023094602066715098,0.023094602066715098,1.0732402750357166,3,-0.08784525962618839,-0.11128935749666272,0.08819475542994762,0.4319441425910628,0.8955419357123644,0.015142324758015925
2020-11-03,12.9784517288208,13.063681927532116,12.563015709327276,12.668432382996889,272900000,13.450409317016602,13.09460319519043,13.059195046370297,13.15262642326516,36.89942134990632,-0.0934313768948644,0.0486987716848164,-0.1421301485796809,14.507718534589555,12.393100099443648,0.1629330277085399,0.4649405301217112,14614772000.0,39.50045105694012,21.555730315887796,0.0348746133352881,0.0342802728425446,0.0243755040680608,-0.0191634249751246,0.8754311160266821,0.12456888397331793,0.3500474595920029,0.6499525404079971,0.6499525404079971,0.384566440724828,3,0.3345325046137792,0.0479379070107386,0.6020146333972585,0.5653029916811887,0.0,0.6207046760896372
2020-11-04,13.750761032104492,13.78390701250947,13.294952940813513,13.347038123353176,410228000,13.441948699951173,13.115498390197754,13.165589813406328,13.196932690586593,48.15206219982977,-0.0313428771802648,0.0326904419118002,-0.064033319092065,14.486062761204376,12.397834638697969,0.151862730915833,0.4991537135404845,15025000000.0,82.03424858526078,45.09281828994204,0.0595070444010397,0.057803747501697,0.0277860242052825,-0.0272758646087676,0.769753931451726,0.230246068548274,0.5976925686831485,0.40230743131685154,0.40230743131685154,0.6566324008009151,3,0.3430551232193779,0.038874456574662694,0.36343297474218883,0.4957949558578223,0.9086500397905722,0.2620162821413753
2020-11-05,14.115357398986816,14.293792964075417,13.946890534905274,14.117850049572407,319028000,13.45796055793762,13.143227138519286,13.311707903495634,13.26496415046809,53.51138366812896,0.0467437530275436,0.0355011041349488,0.0112426488925947,14.534206359361669,12.381714756513574,0.1524928871445081,0.5145157704529806,15344028000.0,91.22119514312487,70.91863159510861,0.0265146318833615,0.02616921152369,0.028327232076496,-0.0496646684942427,0.7621647859193255,0.2378352140806745,0.6118050897535499,0.3881949102464501,0.3881949102464501,0.6721365898729458,3,0.48015162732376626,0.08480704335489316,0.30338786689155695,0.24170853965924222,0.9013305215805576,0.2537747647153929
2020-11-06,14.51608943939209,14.542754714559118,13.851192528563924,14.06526480662683,383348000,13.497797203063964,13.181855545043945,13.496997370556628,13.357640097795796,60.535592011829706,0.1393572727608329,0.0562723378601257,0.0830849349007072,14.669527239801258,12.32606716632667,0.1614388009428473,0.5228465423272202,15727376000.0,98.8312567682016,90.69556683219577,0.0283897905719368,0.027994268872899,0.0288927284935485,-0.0868698921236487,0.8021592224773556,0.19784077752264448,0.5333851444447726,0.4666148555552274,0.4666148555552274,0.5859834742800419,3,0.4190390657061764,0.23479056552113725,0.23182429003409016,0.24666535239069567,0.9428090415820634,0.29857101749122544
2020-11-09,13.587775230407717,14.6451809486513,13.567838779939636,14.506619243028116,582976000,13.468128490448,13.19156349182129,13.510963195149102,13.374687144655937,49.87361346234704,0.1362760504931657,0.0722730803867337,0.064002970106432,14.596241925611416,12.340015055284582,0.1660482920910912,0.5782962403135236,15144400000.0,55.64499651857608,81.8991494766342,-0.0639507088228061,-0.0660871423770178,0.0315982711710587,-0.0084732992392166,0.9462093490747988,0.053790650925201154,0.044211944546815984,0.955788055453184,0.955788055453184,0.04857178558504507,3,0.6035326070849539,0.45950039520186436,0.49628766025131965,0.2382509938193827,0.08965847632427718,0.8841342060851527
2020-11-10,12.729740142822266,13.563602104010792,12.588436707125265,13.563602104010792,644068000,13.394448947906492,13.179591388702391,13.390775033252666,13.326913292668255,44.259808964479085,0.063861740584409,0.0705908124262687,-0.0067290718418597,14.512827545297991,12.276070350514994,0.1757111433295209,0.6273196953010488,14500332000.0,19.652994012422273,58.043082433066665,-0.0631475773653714,-0.0652295090044393,0.0344367187235728,0.0510768573804512,0.04742588449690334,0.9525741155030966,8.351905123049619e-08,-0.9999999164809488,0.9999999164809488,9.175505601972453e-08,3,0.14080099817582092,0.26282332491886373,-1.2628232413998126,0.7330720889012607,0.0,0.954999920239306
2020-11-11,13.375697135925291,13.392643737566482,12.907427719129638,13.01259532860774,404744000,13.360693168640136,13.171556873321531,13.388455356740762,13.330526910687295,50.4037727199816,0.0579284460534648,0.0680583391517079,-0.0101298930982431,14.43556500320854,12.285821334071732,0.1607201215227047,0.6476126612200407,14905076000.0,46.748955530798305,40.68231535393223,0.0507439261018423,0.0494984143504238,0.0365658345604735,0.0008012585705898,0.19781614522713997,0.80218385477286,0.5333334043035813,-0.4666665956964187,0.4666665956964187,0.5859266319251119,3,-0.1702928189080611,0.1994558972574775,-0.6661224929538963,0.786777496205422,0.9428090415820634,0.29860412425243693
2020-11-12,13.41432285308838,13.722597713712116,13.27401668464067,13.436502877183004,365812000,13.335111570358276,13.153817920684814,13.392434971563471,13.33673401753182,49.02811168046971,0.0557009540316517,0.0655868621276967,-0.0098859080960449,14.377192179942444,12.293030960774107,0.1553683508287189,0.6581507453584459,15270888000.0,48.369188699639814,38.25704608095347,0.0028877535705666,0.0028835920199878,0.036540832473627,-0.0012260825567468,0.9453507267279787,0.05464927327202124,0.04979330621405853,0.9502066937859415,0.9502066937859415,0.054703538100178854,3,-0.1721532727971419,0.242349347740041,0.7078573460459004,0.8786045695271733,0.10353403821220074,0.8745643000094679
2020-11-13,13.255078315734863,13.625656173241705,13.018077819853309,13.584286919539194,346312000,13.309467887878418,13.159430179595947,13.37130317835907,13.330685447028342,51.18372956991925,0.0406177313307285,0.0605930359683031,-0.0199753046375745,14.331754234666652,12.287181541090185,0.1542482545085678,0.6549643752260998,14924576000.0,41.68935722136329,45.60250048393382,-0.0118712318987351,-0.0119422576404572,0.0365486743405439,-0.0157365045449093,0.6875490599122289,0.31245094008777113,0.7371047594219231,0.2628952405780769,0.2628952405780769,0.8097923467366754,3,0.2488117795558666,0.22243332049164463,0.04046192008643226,0.8667022927990132,0.9013305215805576,0.17186257743601666
2020-11-16,13.472641944885254,13.606468395688704,13.11452445020162,13.130971953063362,413776000,13.310340309143069,13.177228927612305,13.386893757824636,13.341200743165892,50.905780512612665,0.0456930146587453,0.0576130317063915,-0.0119200170476462,14.33317991906348,12.287500699222656,0.1518395002412607,0.6686889892359479,15338352000.0,50.81549996182431,46.95801529427581,0.0164136057115653,0.01628035855252,0.0363864050288244,-0.0277649556819525,0.7721749880470301,0.22782501195296995,0.5931222166845667,0.40687778331543334,0.40687778331543334,0.6516113559317344,3,0.539993239226484,0.2251023023586422,0.18177548095679114,0.7665886699681942,0.38174604446675453,0.3366512412932176
2020-11-17,13.379935264587402,13.553386505139883,13.261809087038849,13.509774620039446,312028000,13.29921326637268,13.207318840026856,13.385823220403523,13.344069966974892,56.77995174201161,0.0417532534286326,0.0544410760508397,-0.0126878226222071,14.313477638161418,12.284948894583945,0.1516097577053582,0.6334254230297891,15026324000.0,46.92673233693952,46.47719650670905,-0.0068811062208216,-0.0069048902017607,0.0363405272453236,-0.0346069271160499,0.9456300563269785,0.05436994367302141,0.0479866878537043,0.9520133121462957,0.9520133121462957,0.05271876496856027,3,0.5405954453466021,0.29444493901450913,0.6575683731317865,0.5863410650346343,0.08363498449289898,0.8825591870832009
2020-11-18,13.386414527893066,13.562856562891689,13.143433355007051,13.42279943508766,510924000,13.294428539276122,13.221548862457276,13.385914190786533,13.34720660111698,53.69686260487059,0.038707589669551,0.051294378774582,-0.012586789105031,14.305959254084422,12.282897824467822,0.1511279532993079,0.6231006700942612,15537248000.0,47.198518030216626,48.31358344299349,0.0004842522162877,0.0004841350040219,0.0362833795777146,-0.0144466569820355,0.4942086121666968,0.5057913878333031,0.9922778042048624,-0.007722195795137596,0.007722195795137596,1.0901285894720705,3,0.4503896332221972,0.15680061740760604,-0.16452281320274365,0.4268630329946439,0.8493993654328515,0.005182274955786229
2020-11-19,13.397875785827637,13.44497661001742,13.058698515613026,13.171093089061117,565936000,13.298378515243533,13.244047660827636,13.38775443617747,13.35095987405851,59.07021984189772,0.0367945621189598,0.0483944154434575,-0.0115998533244977,14.310927662433162,12.2858293680539,0.1511506993161874,0.5991405930967998,16103184000.0,45.51489841786781,46.54671626167467,0.0008561857927444,0.0008558194747645,0.0361661289393409,-0.013318322682163,0.894482291370584,0.10551770862941598,0.2875445625408819,0.7124554374591181,0.7124554374591181,0.3158999899471087,3,0.5522488512700922,0.4014370965419013,0.3110183409172168,0.3762002452694596,0.38479315105698336,0.5887609828758957
2020-11-20,13.046489715576172,13.451957113116418,13.02381058590986,13.411585106093474,341088000,13.273332977294922,13.26245454788208,13.33525217146958,13.328406528985743,54.78169214341292,0.0068456424838334,0.0400846608515327,-0.0332390183676993,14.2847265323531,12.261939422236743,0.1550445487034997,0.5982684281835265,15762096000.0,23.219771269145685,38.64439590574338,-0.0262269986577396,-0.0265770606720415,0.0364412165512608,0.0239725396550176,0.47781533621459565,0.5221846637854043,0.9704010148576275,-0.029598985142372428,0.029598985142372428,1.0660944798585945,3,0.22504475217386943,0.4638753266210508,-0.4934743117634232,0.43386505193195535,0.7402088055703998,0.02094380402120341
2020-11-23,13.0985746383667,13.340309476449224,12.974466868389635,13.129726118332751,361356000,13.27327070236206,13.267792720794676,13.298840243299905,13.311381944495446,51.22586989843705,-0.0125417011955413,0.0295593884421179,-0.0421010896376592,14.284709394105084,12.261832010619036,0.1544349243589367,0.5870717765711612,16123452000.0,24.803177793992457,31.179282493668666,0.0039922556891562,0.0039843077827729,0.0356735137557155,0.019025834353791,0.12458345681431889,0.8754165431856811,0.35009200158362863,-0.6499079984163714,0.6499079984163714,0.38461537510418975,3,0.010982817966791495,0.2352875134492918,-0.8851955118656631,0.6415291887300755,0.7940482776031422,0.44816964277377846
2020-11-24,12.91689682006836,13.120502239825685,12.84437609671754,13.101063940439785,346500000,13.251389932632446,13.267129783630372,13.240079716648898,13.282160824167514,40.32385208178069,-0.0420811075186158,0.0152312892499711,-0.057312396768587,14.274297643442722,12.22848222182217,0.1583828879427191,0.5492625522439808,15776952000.0,15.969905550322132,21.3309515378201,-0.0138700448952813,-0.0139671327553539,0.035525118517309,0.0452818400708545,0.86963232873554,0.13036767126446006,0.3674293957765068,0.6325706042234932,0.6325706042234932,0.40366244941796886,3,-0.015645459778416804,0.28809827968435126,0.34447232453914195,0.5577891886523451,0.38174604446675453,0.5233897938151739
2020-11-25,13.193025588989258,13.22766602005471,12.97895327690436,12.991413678956471,259916000,13.28168182373047,13.281489353179932,13.232840620085875,13.27555821415431,39.07292581821445,-0.0427175940684332,0.0036415125862903,-0.0463591066547235,14.256523865937387,12.30683978152355,0.1477814221812032,0.5326723571022256,16036868000.0,29.395433295170207,23.38950554649494,0.0213773302339839,0.0211520401877455,0.0332380089831443,0.0124828229803763,0.5050434103604833,0.4949565896395168,0.9932752247780978,0.006724775221902235,0.006724775221902235,1.0912243679707971,3,-0.0035375396569919163,0.23093356424241823,-0.224208789020516,0.5569240734443236,0.9086500397905722,0.004379736650928392
2020-11-27,13.219438552856444,13.36522816819754,13.12897493434627,13.332830370269797,167276000,13.2935067653656,13.297394008636475,13.230778763589042,13.27140120220632,33.143205583433186,-0.0406224386172784,-0.0052112776544234,-0.0354111609628549,14.258781373676182,12.32823215705502,0.1460386694111159,0.5001502890919454,16204144000.0,30.679645659598552,25.34832816836364,0.0020020399179117,0.0020000385068199,0.0325514798231122,0.0226980520122299,0.9380249783183289,0.06197502168167122,0.09431828325924219,0.9056817167407578,0.9056817167407578,0.10361922503468313,6,0.5149923653953845,0.22431476489876997,0.6813669518419878,0.6111257986545648,0.4691425693923877,0.6888416717596452
2020-11-30,13.359247207641602,13.370213157845033,12.931350792165748,13.223178161034154,286952000,13.3367449760437,13.321562519073488,13.250543139597127,13.277908313720044,46.262916973771354,-0.0273651741229166,-0.009642056948122,-0.0177231171747945,14.225780946105308,12.447709005982093,0.1330967166403016,0.4545445888753466,16491096000.0,67.96305774577698,42.67937890018192,0.0105759903664703,0.0105204557926094,0.031268489895682,0.0156154408572244,0.5362490154724397,0.46375098452756025,0.9515830341993868,0.048416965800613165,0.048416965800613165,1.0454208150595325,3,0.32027448592109115,0.23233464512673438,-0.18391767932612121,0.6056281000995055,0.8950903339138813,0.031752623549484535
2020-12-01,13.347785949707031,13.486098591334455,13.186545104830104,13.44971368699047,296948000,13.377079963684082,13.338962516784669,13.265503571921728,13.283084434904264,63.97662140304482,-0.0175808629825358,-0.0112298181550048,-0.0063510448275309,14.183480585944196,12.570679341423968,0.1208291210689984,0.4045599433911968,16194148000.0,57.321505491863235,51.98806963241293,-0.0008579269292968,-0.0008582951592295,0.031286009972208,-0.0026928084887234,0.7342924403708073,0.26570755962919274,0.6611629782393571,0.3388370217606429,0.3388370217606429,0.7263617727061638,3,0.4309785681006713,0.1789605857412379,0.159876436019405,0.3843505891959087,0.8955419357123644,0.2221636124630724
2020-12-02,13.501797676086426,13.630390679939252,13.192525541134518,13.308409069816136,283360000,13.403247261047364,13.35704029083252,13.30185651102399,13.299285415732571,53.667731752406446,0.002571095291417,-0.0084696354657204,0.0110407307571375,14.18888073875387,12.617613783340856,0.1163746482585756,0.388485767966948,16477508000.0,74.85827789916078,66.71428037893368,0.0115383725031021,0.011472313142486,0.0304827188567551,-0.0450316616565406,0.6502952988993905,0.3497047011006094,0.7932208404982515,0.20677915950174858,0.20677915950174858,0.8714421629990258,3,0.19801104902100156,0.21272889211896945,-0.005949732617220871,0.3627481454576735,0.8955419357123644,0.13557787994441123
2020-12-03,13.357711791992188,13.620957172844438,13.29090385270082,13.54866416232819,199520000,13.383594799041749,13.38248399734497,13.310449631172943,13.303613295455508,48.44859803264448,0.0068363357174359,-0.0054084412290891,0.012244776946525,14.1521036886596,12.6150859094239,0.1150659486572488,0.3800195030435319,16277988000.0,65.3086730932527,65.82948549475891,-0.0106716074074665,-0.0107289573856882,0.0274547270322828,-0.0316325703012642,0.794659006615921,0.205340993384079,0.5489196264888178,0.45108037351118224,0.45108037351118224,0.603049847151724,3,0.3322321849245246,0.3700129452514771,0.08106742825970514,0.32500954390469394,0.9428090415820634,0.2886310293942524
2020-12-04,13.51949405670166,13.521239046704656,13.35047822389912,13.41005703243741,202244000,13.35380163192749,13.406692485809328,13.342610312023517,13.319604462955224,57.236133566918646,0.0230058490682925,0.0002744168303871,0.0227314322379053,14.0451949677925,12.66240829606248,0.1022809482315329,0.3488182508590421,16480232000.0,85.89127651525726,75.35274250255692,0.0121115253292454,0.0120387676878921,0.0268754566971651,-0.0401966899914131,0.26716580402756535,0.7328341959724347,0.6636499924843459,-0.33635000751565414,0.33635000751565414,0.7290940371178011,3,0.1071698418324256,0.2315957150030275,-0.5679457225186817,0.30661377909813653,0.7402088055703998,0.23799628960432356
2020-12-07,13.56785774230957,13.692002161308736,13.46141332691698,13.562373622565351,223244000,13.306390047073364,13.421386451721192,13.377263762836757,13.337993594759247,52.87166247244745,0.0392701680775058,0.0080735670798108,0.0311966009976949,13.746621431596632,12.866158662550095,0.0648932783471727,0.3301500286379474,16703476000.0,85.35386946688813,78.8512730251327,0.0035773295513181,0.0035709461271703,0.0259655278624769,-0.021900719269723,0.9450242998358837,0.05497570016411639,0.05189354371010291,0.9481064562898971,0.9481064562898971,0.05701088482245475,3,0.3542789407618085,0.36607881229845535,0.5820276439914418,0.4625080049514894,0.08965847632427718,0.8770284837035555
2020-12-08,13.311842918395996,13.559881665713313,13.243538190304427,13.546170890394157,271920000,13.292593431472778,13.427745246887207,13.367199017538177,13.33605650762123,48.13052165946849,0.0311425099169468,0.012687355647238,0.0184551542697087,13.71252140073004,12.872665462215515,0.0630908840844196,0.3324887524882409,16431556000.0,55.15012346304021,75.46508981506187,-0.0188692149325258,-0.0190495101912491,0.0220636906499586,0.0007866902977036,0.9000284977133108,0.09997150228668912,0.2674862470974564,0.7325137529025436,0.7325137529025436,0.2938636781109801,3,0.4480900672255956,0.34134053175013906,0.39117322115240455,0.4982820505173824,0.38174604446675453,0.6060828934172005
2020-12-09,12.893789291381836,13.375657659277737,12.831467938222277,13.262482439496566,401300000,13.300795888900756,13.42193992614746,13.294366751975662,13.303295973084978,38.96811470227998,-0.0089292211093159,0.0083640402959272,-0.0172932614052432,13.678742678091574,12.92284909970994,0.0586246262676923,0.3414006462861571,16030256000.0,7.242170202553064,49.24872104416048,-0.0314046394309867,-0.0319083388561817,0.0181337748166287,0.0241092570345908,0.19797532319393318,0.8020246768060668,0.5336676720386105,-0.46633232796138946,0.46633232796138946,0.5862938625665202,3,0.4047626270770171,0.2678049183555672,-0.7341372463169566,0.6356679599803601,0.9428090415820634,0.2983902376678716
2020-12-10,12.935173034667969,13.031397616453376,12.81277359406884,12.832218590000648,207764000,13.27876968383789,13.410886535644533,13.239106180082173,13.27602760727631,39.77523054821933,-0.0369214271941391,-0.0006930532020859,-0.0362283739920531,13.688358626424918,12.869180741250862,0.0633294879765853,0.3294253554275958,16238020000.0,13.921231067839155,25.437841577810826,0.0032095873719444,0.0032044476410691,0.0138523005862511,0.028445287621672,0.047425877629633094,0.952574122370367,3.284930860658619e-08,-0.9999999671506914,0.9999999671506914,3.608865410944669e-08,3,-0.24460618073651239,0.07654249136823375,-1.0765424585189252,0.8311286786169527,0.0,0.9549999686289102
2020-12-11,12.976055145263672,12.982785958539411,12.786348532943183,12.930186145778586,209264000,13.256856298446657,13.398976058959962,13.198636790110095,13.253807424905004,48.19597616609835,-0.0551706347949085,-0.0115885695206505,-0.043582065274258,13.682490743768156,12.831221853125154,0.0656030574094562,0.3128747053125721,16447284000.0,20.946927850704267,14.036776373698842,0.0031605383620407,0.0031555543593317,0.0138570660002139,0.0198836869174607,0.7927882866021062,0.2072117133978938,0.5527282774812651,0.4472717225187349,0.4472717225187349,0.6072340779352746,3,-0.3396868575311152,0.11089857179923181,0.33637315071950313,0.831484784626676,0.3507507428266377,0.37470705788428427
2020-12-14,13.270711898803713,13.35048317163228,13.04012303356649,13.050592977464667,270156000,13.257637977600098,13.403968925476072,13.20972526837065,13.25505960815676,53.921614718599095,-0.045334339786109,-0.0183377235737422,-0.0269966162123667,13.683316094430031,12.831959860770162,0.0641530190808088,0.3134879494775021,16717440000.0,53.48218680466641,29.450115241069955,0.0227077297561879,0.0224537469866469,0.014638979933215,0.0017656041709335,0.90477652661146,0.09522347338854002,0.24951283310843375,0.7504871668915662,0.7504871668915662,0.2741178646333205,3,0.06591964075320329,0.15367097085357237,0.5968161960379939,0.7864917394474487,0.10353403821220074,0.6907436961567763
2020-12-15,13.322315216064451,13.4255188210078,13.149061880169898,13.401338098547036,193016000,13.250121641159058,13.398425483703614,13.227046798785082,13.260041505038812,59.818091718792736,-0.0329947062537296,-0.0212691201097397,-0.0117255861439899,13.6649863277636,12.835256954554517,0.0622811695829393,0.3135115778867706,16910456000.0,59.18009554013876,44.53640339850316,0.0038885116076849,0.0038809708882189,0.0141674287418271,-0.0061564298118896,0.9368514073714477,0.06314859262855226,0.10098862536665909,0.8990113746333409,0.8990113746333409,0.11094734484351167,3,0.6989234213478808,0.33015116830342883,0.5688602063299121,0.8230248782726889,0.0973408204789286,0.8293054765365165
2020-12-16,13.204648971557615,13.39884214592736,13.174734036543056,13.38413382690294,223116000,13.241357326507568,13.38865463256836,13.223600979211628,13.255938354410576,50.30488530591183,-0.0323373751989493,-0.0234827711275816,-0.0088546040713676,13.652060263468972,12.830654389546163,0.0622058091579784,0.3073214999866244,16687340000.0,46.187684237236354,52.94998886068052,-0.0088322669594959,-0.0088715026267558,0.014220554274063,-0.0176138687070808,0.9330111554761746,0.06698884452382542,0.12203631618066546,0.8779636838193345,0.8779636838193345,0.13407059661986595,3,0.8424874084480806,0.32013077223620556,0.557832911583129,0.8003764330996036,0.42877190884142585,0.7126281875283548
2020-12-17,13.303117752075195,13.341258393471875,13.140832689289908,13.328544212374,231384000,13.237192487716674,13.3763175201416,13.235834328882945,13.259433124607956,52.11498764181569,-0.023598795725011,-0.0235059760470675,-9.281967794349394e-05,13.64336619372145,12.8310187817119,0.0610644382128264,0.3047623907245312,16918724000.0,57.06035976403345,54.142713180469535,0.0074571297373884,0.007429462804233,0.0143326046513704,-0.0260473442093635,0.3555850705441101,0.6444149294558899,0.8018072332941284,-0.19819276670587163,0.19819276670587163,0.8808752796399074,3,0.5262607639156013,0.18717269800643196,-0.3853654647123036,0.45819451379894865,0.816496580927726,0.13518451500410888
2020-12-18,13.2340669631958,13.366686251250297,13.033142941006943,13.340760540292104,342064000,13.229002046585084,13.365096454620362,13.235562426469537,13.257554149688536,46.718709269370414,-0.0219917232189992,-0.0232031254814538,0.0012114022624546,13.628077321763502,12.829926771406663,0.0603103001198731,0.2972396010505363,16576660000.0,49.435945016447505,50.894663005905784,-0.0051905718769288,-0.0052040896922175,0.0143725642817051,-0.0280291202842127,0.9454899920442201,0.054510007955779816,0.04889367127115851,0.9511063287288415,0.9511063287288415,0.05371518809659366,3,0.5436257486141015,0.38966393467646504,0.5614423940523765,0.483214038896907,0.08965847632427718,0.8798034606684071
2020-12-21,13.294142723083496,13.331785067544075,12.930435361494242,13.03737902706712,302332000,13.241384696960449,13.356592178344728,13.24457477979476,13.26026441438446,48.62882128541825,-0.0156896345896981,-0.0217004273031027,0.0060107927134045,13.631892076400652,12.850877317520244,0.0587487869770104,0.3045107595894991,16878992000.0,56.069359595681384,54.18855479205413,0.0045394783066132,0.0045292059506581,0.0130626632454316,-0.0291773574867973,0.518795828884926,0.4812041711150739,0.9749270799115001,0.025072920088499928,0.025072920088499928,1.0710668705460902,3,0.25932882737048996,0.536102918567778,-0.5110299984792781,0.5518125269776207,0.9086500397905722,0.016329584771807286
2020-12-22,13.240297317504885,13.29912869656647,13.01668843755986,13.281180494833558,185580000,13.24847083091736,13.337775135040284,13.24391670867324,13.258785370171156,42.95501658940099,-0.0148686614979158,-0.0203340741420653,0.0054654126441494,13.633167093142202,12.863774568692516,0.0581099129422477,0.2934089824610617,16693412000.0,50.1238850971875,51.87639656977214,-0.0040503104788485,-0.0040585352023039,0.0130901796558715,-0.0099787099150657,0.9369832804448469,0.06301671955515298,0.10024488085860606,0.8997551191413939,0.8997551191413939,0.1101302579873352,3,0.6253114559862452,0.6007434037995865,0.2990117153418075,0.5519433567726659,0.43565023019287996,0.7282473168752674
2020-12-23,12.972064018249512,13.237054329375765,12.967826592484048,13.218108585765949,179144000,13.251229190826416,13.313149795532226,13.202093217838822,13.237546751510294,40.26181600564184,-0.0354535336714718,-0.0233579660479466,-0.0120955676235252,13.626593013701836,12.875865367950995,0.0578726442218209,0.2892959399522913,16514268000.0,20.506237626014713,42.233160772961206,-0.0202588576995731,-0.0204668827185366,0.0135328587729086,0.0035169323774582,0.8313485004869469,0.1686514995130532,0.46826179032134685,0.5317382096786532,0.5317382096786532,0.5144381571607614,3,0.4855220829695157,0.5694935527691702,-0.03775534309051709,0.5148924314152801,0.43565023019287996,0.43038035154283383
2020-12-24,12.9566068649292,13.094960322845292,12.901764729583272,12.999982466523308,97884000,13.239408254623411,13.29126567840576,13.164326086621957,13.216736389541325,34.6520650224801,-0.0524103029193678,-0.0291684334222309,-0.0232418694971369,13.636737618921252,12.842078890325574,0.0613323177032292,0.2908984235563257,16416384000.0,18.79949756346554,29.80987342888926,-0.0011915723896033,-0.0011922828764368,0.0125910435616311,0.0092162608428816,0.5498341681975393,0.4501658318024607,0.9333331032005044,0.06666689679949556,0.06666689679949556,1.0253712165968152,3,0.499386741873181,0.4505871987929067,-0.38392030199341115,0.44088263917418463,0.9428090415820634,0.04265788577760366
2020-12-28,12.86312770843506,13.025163617065004,12.726769309604906,13.025163617065004,212564000,13.221592712402344,13.27000913619995,13.117987874593204,13.190543153903825,31.245916933428532,-0.0725552793106203,-0.0378458025999087,-0.0347094767107115,13.65316897932014,12.790016445484548,0.0671028503642683,0.2957416716326357,16203820000.0,16.367348013349556,18.55769440094328,-0.0072147868241004,-0.0072409392639993,0.0126505435130664,0.03912798719036,0.60861720466184,0.39138279533816,0.8528321969881579,0.14716780301184204,0.14716780301184204,0.9369319317830124,6,0.2485243031633303,0.3461877872489792,-0.19901998423713715,0.374495801328438,0.7199404808555704,0.10017696999169938
2020-12-29,12.906254768371582,13.035135865574905,12.80554361813499,12.88805741816548,170372000,13.198943090438842,13.252775192260742,13.085413550559108,13.169484754975509,37.8273634272469,-0.0840712044164018,-0.0470908829632073,-0.0369803214531944,13.64732145596135,12.750564724916334,0.0694823360563618,0.2889754355922622,16374192000.0,25.686666764095815,20.284504113636984,0.0033527662100596,0.0033471582207853,0.0123945047814614,-0.0253992610315277,0.4083315212575272,0.5916684787424729,0.876377640221384,-0.12362235977861603,0.12362235977861603,0.962799245061172,3,0.030070780010907225,0.35684070252430145,-0.48046306230291747,0.40944245466826984,0.8412757362896481,0.08329718922293941
2020-12-30,13.108176231384276,13.175981710757751,12.859888338350087,12.953120278145812,225396000,13.186962604522703,13.245834846496582,13.088915501455286,13.16494338285764,57.39341210229243,-0.0760278814023536,-0.0528782826510366,-0.0231495987513169,13.631382697101738,12.742542511943672,0.0678080740957662,0.2726828392602766,16599588000.0,54.58421294174076,32.21274257306206,0.0156452407485034,0.015524115689751,0.0129852739857995,0.0150809910192994,0.6274876196201777,0.37251238037982237,0.8261821106879844,0.17381788931201558,0.17381788931201558,0.9076538194795761,3,0.06578777751508057,0.24579949689332628,-0.0719816075813107,0.23858647582031914,0.9038981579511796,0.11348084010613983
2020-12-31,13.017685890197754,13.113411217008528,12.878085702431164,13.09895299632336,192424000,13.162757015228271,13.234139041900637,13.077957099723358,13.154035420438388,52.75234065623572,-0.0760783207150304,-0.0575182902638354,-0.018560030451195,13.587265166890653,12.73824886356589,0.0652202173632156,0.2738758029883358,16407164000.0,41.6338867403899,40.63492214874217,-0.0069033509764589,-0.006927289337362,0.0127130808352528,0.0169858197412415,0.7559574264057672,0.2440425735942328,0.6231192105669454,0.3768807894330546,0.3768807894330546,0.6845664220340177,3,0.14235877298881808,0.2960577639425484,0.08082302549050618,0.18130342419535914,0.8955419357123644,0.24710758350228
2021-01-04,13.07601833343506,13.613478260876672,12.925449902304845,13.066795083910115,560640000,13.148672342300417,13.226017227172852,13.077658827986696,13.14825637695666,53.29605144029005,-0.0705975489699621,-0.0601341420050607,-0.0104634069649014,13.564550040703653,12.732794643897178,0.0636092253465029,0.3089894410580215,16967804000.0,39.387109257820114,45.201736313316935,0.0044810148078029,0.004471004952682,0.0126042630374849,0.038738625265376,0.5647540792046728,0.43524592079532726,0.9131736093864333,0.0868263906135667,0.0868263906135667,1.003223748959348,6,0.212508356452879,0.17992508843857302,-0.09309869782500632,0.1798114399533704,0.6921440426669485,0.05987132192883471
2021-01-05,13.366436004638672,13.405074943901148,13.049594230220292,13.062307460654432,322760000,13.141019439697263,13.226968421936036,13.122086085933155,13.164417830859032,53.16512566631973,-0.0423317449258764,-0.0565736625892238,0.0142419176633474,13.533118692850826,12.748920186543703,0.0586692298556603,0.3076360615803249,17290564000.0,72.13941997483245,51.05347199101416,0.0222099467741661,0.0219668980561818,0.0133376292291297,0.005968011356388,0.9094173123101316,0.09058268768986849,0.2311530104702706,0.7688469895297294,0.7688469895297294,0.2539475378652675,3,0.41085138985878356,0.21379777127444108,0.5550492182552883,0.3380493430064892,0.38174604446675453,0.6361450637108773
2021-01-06,12.578445434570312,13.207143187349471,12.550027288519626,13.184707458538943,580424000,13.091548824310305,13.207589321136474,13.038449062646563,13.121012468170978,33.45894552966328,-0.0825634055244144,-0.061771611176262,-0.0207917943481524,13.50592861564578,12.677169032974827,0.0658872820955447,0.346204045528978,16710140000.0,2.6722572796165283,38.066262170756374,-0.0589529302945748,-0.0607621197068222,0.0186188007333525,0.0727137646920388,0.5045404407576589,0.4954595592423412,0.993945912574584,0.006054087425416049,0.006054087425416049,1.0919611938258766,3,0.28724248918957074,0.20513879850671543,-0.19908471108129938,0.3049440242572674,0.7145584592284595,0.004335688197591579
2021-01-07,13.30586051940918,13.339514588897185,12.849668624043453,12.930436488917543,461480000,13.091249704360962,13.21171012878418,13.07958928676389,13.134704916410843,51.77048170428774,-0.0551156296469557,-0.0604404148704007,0.005324785223445,13.504968049890506,12.677531358831418,0.062185883419724,0.3845584058820185,17171620000.0,71.0736319610089,48.628436405152634,0.0578302850398075,0.0562199094533748,0.0227510397625332,-0.0107727767207566,0.047425873177625345,0.9525741268223746,4.3209880118411093e-13,-0.9999999999995679,0.9999999999995679,4.747090528996226e-13,3,-0.07503297434814078,0.041257683790799735,-1.0412576837903675,0.6575244323923171,0.0,0.9549999999995873
2021-01-08,13.238801956176758,13.38263957661106,13.004723124897778,13.324307443387072,292528000,13.108500337600708,13.2093959236145,13.10408354359664,13.142415808245357,48.862430068374415,-0.0383322646487176,-0.0560187848260641,0.0176865201773464,13.51628072100132,12.700719954200094,0.061603819552623,0.3972363164199694,16879092000.0,64.76788163377614,46.17125695813386,-0.0050397765055935,-0.0050525190101525,0.0215542886808969,-0.0314271327607408,0.7621647895688893,0.23783521043111075,0.6118050830424351,0.3881949169575649,0.3881949169575649,0.6721365825000326,3,-0.20191699853886227,0.11437443761025416,0.27382047934731074,0.6589583107609663,0.9013305215805576,0.2537747691026518
2021-01-11,13.582565307617188,13.92109533146687,13.324305789405765,13.38039462810636,518344000,13.140869951248169,13.229303474426269,13.177696122676725,13.175019474865492,55.61802788990333,0.0026766478112314,-0.044279698298605,0.0469563461098364,13.5912715029098,12.690468399586535,0.0663205427636034,0.4221470353518807,17397436000.0,75.30902814457923,70.38351391312143,0.0259663489625692,0.0256349479286061,0.0222367838382814,-0.0437726156466291,0.3039561735790624,0.6960438264209377,0.7238236326024741,-0.2761763673975259,0.2761763673975259,0.7952015376054691,3,-0.2959938168131762,0.05008954379460538,-0.3262659111921313,0.6737161105706411,0.7286746343384293,0.19648305386846884
2021-01-12,13.446207046508787,13.71518662773532,13.30685695821669,13.713191537825285,291476000,13.164377546310424,13.238568820953368,13.219005495573963,13.195107443135363,52.39253588357754,0.0238980524385983,-0.0306441481511643,0.0545422005897626,13.62745809636158,12.70129699625927,0.0688789854937404,0.4226456041710805,17105960000.0,65.36362377822634,68.4801778521939,-0.0100392126244317,-0.0100899453494943,0.0224169324662289,-0.0088249333126232,0.1487812641146999,0.8512187358853001,0.4186026905916711,-0.5813973094083289,0.5813973094083289,0.4598820599535444,3,-0.15645958661609657,-0.08680732746844941,-0.49458998193987946,0.5330957567448531,0.4714045207910317,0.4636254232646496
2021-01-13,13.493071556091309,13.586055290946524,13.346741517718936,13.451440936900354,210028000,13.175495529174803,13.258540592193604,13.261169504884323,13.21717885890988,53.98583228368536,0.0439906459744445,-0.0157171893260425,0.0597078353004871,13.659528509109393,12.691462549240216,0.0717454106609367,0.4195651409011504,17315988000.0,68.78172616850587,69.81812603043716,0.0034853330326107,0.0034792733353967,0.0218891437049183,0.02481208093205,0.21702750246416527,0.7829724975358348,0.572308838025758,-0.42769116197424195,0.42769116197424195,0.6287455223684646,3,-0.4284216129266989,-0.1603098349809935,-0.26738132699324846,0.5069853013701238,0.9428090415820634,0.2736650663440785
2021-01-14,13.162519454956056,13.56087745931454,13.142826263852896,13.536198445576108,283120000,13.167505741119385,13.270969257354736,13.245992574126127,13.213130014172558,52.94528313187824,0.0328625599535694,-0.0060012394701201,0.0388637994236896,13.646584521738154,12.688426960500616,0.0727943889858233,0.4299637459326369,17032868000.0,44.67263088366433,59.605993610132195,-0.0244979135967028,-0.0248029801172633,0.0226046394119575,0.0388059558747773,0.940471116453764,0.05952888354623596,0.08002689836281873,0.9199731016371813,0.9199731016371813,0.0879185339653865,3,-0.02970512324846312,-0.13872039039421466,1.058693492031396,0.6312996193340996,0.10353403821220074,0.8467374908244036
2021-01-15,12.822744369506836,13.28716288467263,12.811776129686692,13.19019086391494,277780000,13.148410511016843,13.267855110168457,13.18087746572316,13.184212559012137,48.11861151455898,-0.0033350932889746,-0.005468010233891,0.0021329169449164,13.65111718456074,12.64570383747295,0.0784085932086983,0.4501202574843453,16755088000.0,19.890849487095455,44.44840217975523,-0.0258138334846892,-0.0261528575510895,0.0232493549244441,0.0617246267967372,0.04743633981516322,0.9525636601848367,7.72193750594452e-05,-0.9999227806249406,0.9999227806249406,8.483415436357826e-05,3,-0.16921361365400034,-0.28243137154426556,-0.717491409080675,0.719487645198102,0.0,0.9549262554968182
2021-01-19,12.98802089691162,13.056573821043251,12.807288385767938,12.97904584526776,226188000,13.132655668258668,13.2526003074646,13.15120722436754,13.169679843300983,51.72060305218889,-0.0184726189334458,-0.008068931973802,-0.0104036869596438,13.63469733033604,12.630614006181297,0.0773084161262397,0.4466124808997178,16981276000.0,31.94543190803508,32.16963742626496,0.0128893256109683,0.0128069652119691,0.0233872504109378,0.0314772228384805,0.22109949603055795,0.778900503969442,0.5802431645115471,-0.4197568354884529,0.4197568354884529,0.6374622709480573,6,-0.16656883815873733,-0.19953949089982062,-0.22021734458863226,0.722502936920593,0.8582629187345071,0.2672353603134442
2021-01-20,13.327545166015623,13.392109800780052,13.01942840763839,13.074270546993269,258572000,13.137329578399658,13.236844062805176,13.178336138467245,13.181373570909477,55.365744498756406,-0.0030374324422322,-0.007062632067488,0.0040251996252558,13.645054835967112,12.629604320832204,0.0761918644796073,0.4590765277874689,17239848000.0,56.708919803685305,36.181733732938625,0.0261413399161329,0.0258054954636465,0.0241251203994523,-0.0335181307345489,0.7973867208092477,0.20261327919075228,0.5433197839508055,0.45668021604919445,0.45668021604919445,0.5968977913248573,3,-0.32099980002139955,-0.18975587674387354,0.646436092793068,0.7696676945513925,0.9428090415820634,0.29221417867563454
2021-01-21,13.827862739562988,13.959236264193995,13.21511912323299,13.380145761603892,337780000,13.164015579223634,13.223079528808594,13.27826330786659,13.229261657476403,58.518741249449384,0.0490016503901866,0.0041502244240468,0.0448514259661397,13.755620227276214,12.572410931171053,0.0855670408645201,0.4896496541127076,17577628000.0,90.67749866729922,59.77728345967321,0.0375401146509066,0.0368526370990206,0.0254962314365246,-0.0588786629116114,0.9525705160024276,0.0474294839975724,2.6641259893267488e-05,0.9999733587401067,0.9999733587401067,2.9268415504344518e-05,3,0.3456322464336162,-0.007448773009926001,1.0074221317500327,0.8728897236421483,0.0,0.9549745575968019
2021-01-22,13.673303604125977,13.802184678912516,13.588297382902152,13.700725149865594,246820000,13.185665893554688,13.22479009628296,13.339038738060342,13.26215365352452,57.644430191016205,0.0768850845358226,0.018697196446402,0.0581878880894206,13.81922924137628,12.552102545733096,0.0926715834248586,0.4899524999758126,17330808000.0,79.70970482016095,75.69870776371516,-0.0111773698038527,-0.0112403060153734,0.0256387575745265,-0.0527073133680646,0.8021837853715316,0.1978162146284685,0.533333550087903,0.46666644991209705,0.46666644991209705,0.585926792085559,3,0.6411066749004662,0.1422746211787063,0.3243918287333908,0.7986851302787794,0.9428090415820634,0.2986040309699948
2021-01-25,13.61422348022461,13.788972601299603,13.198664758310809,13.742356162385256,251112000,13.217773866653442,13.242479763031008,13.38137485223946,13.288232899946747,56.274318612082745,0.0931419522927115,0.0335861476156639,0.0595558046770475,13.870554051275466,12.564993682031416,0.0958967928755132,0.4829724631484531,17079696000.0,75.51727311703682,81.96815886816567,-0.0043208375687305,-0.0043301993643094,0.0251561796888942,-0.0304869557371808,0.18450145806860727,0.8154985419313927,0.5046192440483672,-0.4953807559516328,0.4953807559516328,0.5543809026099481,3,0.3237530175668571,0.13260467918193616,-0.627985435133569,0.6412083600424708,0.870125260337825,0.32901239582075276
2021-01-26,13.39684772491455,13.605748262959864,13.34923373913582,13.541681919123254,163980000,13.23978590965271,13.24290277481079,13.383755294189475,13.296278442536956,50.36067776113936,0.0874768516525179,0.0443642884230347,0.0431125632294832,13.885133306592389,12.594438512713031,0.0963431711983265,0.4765088222490199,16915716000.0,60.09189910167613,71.77295901295797,-0.0159668126225347,-0.0160956554890072,0.0254917951246026,0.0090434581305733,0.8521921760879783,0.1478078239120217,0.4160336275782921,0.5839663724217079,0.5839663724217079,0.4570596557566835,3,0.1850840221273908,0.08460371786543996,0.49936265455626794,0.5484403042003132,0.38174604446675453,0.48317458512315964
2021-01-27,12.880830764770508,13.194930060178828,12.75718461539109,13.192187524225384,371272000,13.240671062469485,13.232232933044434,13.30638228966348,13.265504540480183,53.83354617480086,0.0408777491832967,0.0436669805750871,-0.0027892313917903,13.883888259736077,12.597453865202889,0.0998720049992138,0.463884136063621,16544444000.0,10.286259280097632,48.631810499603525,-0.0385177894635907,-0.0392792159066683,0.027002319897917,0.047434463181883,0.19894938983426413,0.8010506101657359,0.5357087803794368,-0.4642912196205632,0.4642912196205632,0.5885362492722549,3,-0.12523520105016261,0.1611225122946367,-0.6254137319151999,0.6673982992973776,0.9428090415820634,0.29708420167935773
2021-01-28,13.013696670532228,13.30162199857024,12.923455463539968,12.95910366922323,228316000,13.246043157577514,13.22740530014038,13.261353732874056,13.246852105669223,45.638548729423405,0.014501627204833,0.0378339099010363,-0.0233322826962032,13.87921656066668,12.612869754488347,0.0973087692327888,0.4395785703116826,16772760000.0,21.33952024301084,30.57255954159487,0.0103150105911733,0.0102621738994997,0.0270869245376873,0.0469887181817183,0.05001232417958501,0.9499876758204149,0.018606815652644437,-0.9813931843473556,0.9813931843473556,0.020441676328977313,3,-0.2872393438487369,0.08088874817193636,-1.062281932519292,0.6753372050865868,0.4714045207910317,0.782595349374981
2021-01-29,12.95262050628662,13.296634637804711,12.874594241549072,13.037626732062714,271552000,13.238265371322631,13.217004871368408,13.213856313399068,13.225057172381623,45.720210373001535,-0.0112008589825567,0.0280269561243177,-0.0392278151068744,13.882297952400194,12.59423279024507,0.0994443681515995,0.4427302806361369,16501208000.0,16.258526905027416,15.961435476045304,-0.0046932217487367,-0.004704269493826,0.026879813884926,0.0462864771970328,0.9406614745838059,0.05933852541619414,0.0788918135527874,0.9211081864472126,0.9211081864472126,0.08667151584440558,3,-0.17485873917356867,0.14723560108593894,0.7738725853612737,0.8024245239718731,0.4714045207910317,0.7345221002978467
2021-02-01,13.199167251586914,13.232820370910638,12.865872136369925,13.01594228284471,217204000,13.24733943939209,13.213389511108398,13.211596457735656,13.223139400470904,44.09464368052414,-0.0115429427352466,0.0201129763524048,-0.0316559190876515,13.883350349149849,12.61132852963433,0.0963713691378966,0.4202056277254656,16718412000.0,36.769022052279865,24.78902306677271,0.019034506969507,0.0188556172290625,0.0271662686140571,0.0907869248782362,0.8411922244732792,0.15880777552672073,0.44429143715905617,0.5557085628409438,0.5557085628409438,0.4881040326129544,3,0.16514118831360036,0.0837692016717728,0.471939361169171,0.8064270975204183,0.4714045207910317,0.4431403680232303
2021-02-02,13.518001556396484,13.53320722236084,13.247526137181742,13.360453169364302,220440000,13.26943860054016,13.216021251678466,13.258735703683476,13.244981041650576,51.04697443787165,0.0137546620329001,0.0188413134885038,-0.0050866514556037,13.911074916464694,12.627802284615628,0.0949306468485974,0.4148992206722725,16938852000.0,63.29319885132573,38.773582602877674,0.0241556379074776,0.0238685052120054,0.0276492217328703,0.0521142247442829,0.167710012089909,0.832289987910091,0.46601848205879914,-0.5339815179412009,0.5339815179412009,0.5119736311362558,3,0.3142784104489853,-0.059180508021555465,-0.4748010099196454,0.8016414442063056,0.4714045207910317,0.42581450458195536
2021-02-03,13.491826057434082,13.891929046731676,13.477866134624351,13.597023775479286,245408000,13.275708103179932,13.217900257110596,13.294595758106649,13.26326585763454,49.98172650574561,0.031329900472107,0.0213390308852245,0.0099908695868825,13.923753434668177,12.627662771691687,0.0960648808737298,0.4273813020208251,16693444000.0,61.11563027790426,53.72595039383662,-0.0019363438340497,-0.0019382209713517,0.027245795480577,0.0911829580471903,0.9525445502957754,0.04745544970422461,0.00021816403381325067,0.9997818359661867,0.9997818359661867,0.0002396776884926422,3,0.3405029602886433,0.15441414796670447,0.8453676879994823,0.8972589635428846,0.0,0.9547916533477083
2021-02-04,13.62519359588623,13.634416844530165,13.299626897697085,13.492324230974786,201340000,13.328045511245728,13.229474334716796,13.34545696391889,13.290075319727258,57.204985316806805,0.0553816441916321,0.028147553546506,0.0272340906451261,13.904057913399718,12.752033109091736,0.0845510778397897,0.4214340699759275,16894784000.0,72.21062261654595,65.53981724859197,0.0098850621023729,0.0098365244788276,0.0233697509607774,0.1161056259965755,0.9036696517401704,0.09633034825982961,0.253773182642149,0.746226817357851,0.746226817357851,0.27879833698508155,3,0.4040090451276124,0.17759421152901061,0.5686326058288405,0.6230630896432229,0.08965847632427718,0.6902834273350577
2021-02-05,13.552151679992676,13.697984368062173,13.507031081489062,13.685769436183508,169152000,13.340360069274904,13.238545875549317,13.377256151007163,13.309488383450622,62.38778565822251,0.0677677675565426,0.0360715963485133,0.0316961712080293,13.924844061138138,12.755876077411669,0.0862570026759841,0.4011173936607256,16725632000.0,66.13418522672738,66.4868127070592,-0.0053607983900946,-0.0053752190303036,0.0197352749228761,0.1008205856235064,0.9466702278195029,0.05332977218049694,0.041181316153159786,0.9588186838468402,0.9588186838468402,0.04524229998938787,3,0.9016091123902927,0.3808956263100682,0.577923057536772,0.6290627869309963,0.07268378124423835,0.8923777708970145
2021-02-08,14.397479057312012,14.432378862406338,13.68801261621437,13.68801261621437,434624000,13.398293924331664,13.268157520294189,13.53421352120791,13.390080285218133,69.44558009505258,0.1441332359897771,0.0576839242767661,0.0864493117130109,14.14701383863222,12.64957401003111,0.1040070850348352,0.4461846613134649,17160256000.0,97.9166710884021,78.75382631055847,0.0623758792906155,0.0605077955013212,0.023940281686658,0.0617436046762334,0.3219676634784599,0.67803233652154,0.7517520452446662,-0.2482479547553338,0.2482479547553338,0.8258840349371752,3,0.48559918214978587,0.4856306591089285,-0.7338786138642623,0.7216713673502065,0.7402088055703998,0.17565658038786183
2021-02-09,14.222481727600098,14.54156676786031,14.18184770115254,14.299759600879623,287560000,13.43028974533081,13.288746643066409,13.64010093757594,13.4517396513205,62.93417035509977,0.1883612862554375,0.0838193966725004,0.1045418895829371,14.262233204184378,12.598346286477245,0.1169899142481021,0.4430153872305605,16872696000.0,82.11789774741678,82.0562513541821,-0.0121547202128443,-0.0122291929029493,0.0236548401229257,0.0450635078509842,0.6456563062193955,0.35434369378060443,0.8000000000093245,0.1999999999906755,0.1999999999906755,0.8788898309447318,3,0.3035235763607274,0.3826152039008518,-0.1826152039101763,0.5398832501099304,0.816496580927726,0.1364172035586214
2021-02-10,14.722050666809082,14.862398307109832,14.300509448878522,14.421911341669588,485352000,13.494081926345824,13.318798885345458,13.806554742073343,13.545836763578915,62.92614778009571,0.26071797849443,0.1191991130368863,0.1415188654575436,14.507115015073609,12.481048837618042,0.1376211930871382,0.4355724899840411,17358048000.0,93.33333039842144,91.12263307808011,0.0351253001253306,0.0345224823128329,0.0245277471800449,0.0043854486720347,0.6109576288330418,0.3890423711669581,0.849553550491192,0.15044644950880803,0.15044644950880803,0.933329970451247,3,0.03406616491471665,0.32472061628197524,-0.1742741667731672,0.48662684380988225,0.9428090415820634,0.09626557957383888
2021-02-11,15.207155227661133,15.228594355564622,14.882336987014472,14.937429221920697,450828000,13.579786109924315,13.35575704574585,14.022031739856082,13.668897390547968,70.23882482256978,0.3531343493081138,0.1659861602911318,0.1871481890169819,14.849874060276912,12.309698159571722,0.1670382042319607,0.4546423708479487,17808876000.0,99.13251418628344,91.52791411070724,0.0329508824436883,0.0324196405498145,0.0253153102110521,-0.0212610698025782,0.450165893999869,0.5498341060001309,0.9333331869624537,-0.06666681303754629,0.06666681303754629,1.0253713086187222,3,0.09459321215397916,0.39147985983964023,-0.4581466728771865,0.46105649972790747,0.9428090415820634,0.04265783218117365
2021-02-12,14.918487548828123,15.247544255487185,14.732769210253142,15.006983766434686,374756000,13.66758451461792,13.387171077728272,14.159948018159474,13.761459624494648,66.22636059956281,0.3984883936648273,0.2124866069658709,0.1860017866989564,15.053694181547286,12.281474847688552,0.1858244225351447,0.4492471710083235,17434120000.0,86.78677961893767,93.08420806788084,-0.0189823589298236,-0.0191648368361819,0.0249901174946135,-0.0404712779406319,0.9525740859729088,0.04742591402709112,3.014056952910238e-07,0.9999996985943047,0.9999996985943047,3.3112800072127457e-07,3,0.3612597783551889,0.3915109830722284,0.6084887155220763,0.478079489843997,0.0,0.954999712157561
2021-02-16,15.286431312561035,15.328561180758324,14.907268204475995,15.021191826127696,321960000,13.79076886177063,13.422863750457765,14.3332531403751,13.874420490277345,72.65940579536286,0.4588326500977562,0.261755815592248,0.1970768345055081,15.293720165974392,12.287817557566868,0.1966386102122828,0.460411687807862,17756080000.0,98.3615830622269,94.76029228914932,0.0246636103377526,0.0243643736895382,0.0240792898641921,-0.077510148022473,0.6056779010515463,0.39432209894845366,0.8569399189974267,0.1430600810025733,0.1430600810025733,0.9414447256608276,6,0.3587976555197773,0.30534430645004595,-0.16228422544747265,0.41242273162618315,0.7125848391653437,0.09771600503965608
2021-02-17,14.863396644592283,15.179989298031265,14.737756367516171,15.12763862786288,274756000,13.884537649154662,13.452977447509763,14.414813679485436,13.94767798318956,74.31669789605425,0.467135696295875,0.3028317917329734,0.1643039045629016,15.4104452695897,12.358630028719626,0.205324214501159,0.4539125332022479,17481324000.0,81.11151961969782,88.75329410028746,-0.0276738670602038,-0.0280640030826943,0.0254144439505955,-0.0273045268453471,0.4501634252055742,0.5498365747944257,0.9333298622078012,-0.06667013779219877,0.06667013779219877,1.025367656002404,3,0.35879654726822646,0.15884590335875465,-0.22551604115095342,0.4423772537432616,0.9428090415820634,0.04265995957889298
2021-02-18,14.786613464355469,14.830736516708235,14.533338832562045,14.68689892258504,233868000,13.957491064071656,13.47831983566284,14.472013646388518,14.009821352164812,72.04862766222466,0.4621922942237049,0.3347038922311197,0.1274884019925851,15.510547673276053,12.40443445486726,0.2100625153890966,0.447431574504427,17247456000.0,77.9936602870062,85.82225432297696,-0.005165924187642,-0.0051793137067314,0.0251406464305181,-0.1026029984866707,0.19827555737169883,0.8017244426283012,0.5342976019960799,-0.4657023980039201,0.4657023980039201,0.5869859113587962,3,-0.12977081826451511,0.12778098289467088,-0.593483380898591,0.5447572929498101,0.9428090415820634,0.2979871668566647
2021-02-19,14.883834838867188,15.133618542959208,14.804312733125371,14.981554292445454,271724000,14.010289669036863,13.504639377593994,14.5353707529237,14.074563091920544,73.80327404801906,0.4608076610031535,0.3599246459855265,0.1008830150176269,15.615707036116936,12.404872301956791,0.2157263076969565,0.4420719089578627,17519180000.0,81.94143333995311,80.34887108221905,0.0065749588129884,0.0065534380518655,0.023991151488598,-0.0811977087983006,0.722405262829612,0.2775947371703879,0.6811919942850679,0.318808005714932,0.318808005714932,0.7483658958639124,3,-0.07118817669372889,0.14475355514099325,0.17405445057393876,0.5409795457035508,0.9428090415820634,0.20399442820437505
2021-02-22,14.314717292785645,15.089995130190829,14.284054911103434,14.732519345236469,325884000,14.04236035346985,13.524696865081786,14.501424066748614,14.092352291984628,62.73695734802616,0.4090717747639871,0.3697540717412186,0.0393177030227684,15.645057381419146,12.439663325520552,0.2239229731427566,0.4734284792826254,17193296000.0,51.28174839655515,70.40561400783815,-0.0382372924883154,-0.0389875245317094,0.0255987293695996,-0.0358042991008236,0.7462433827769209,0.25375661722307913,0.6404412701251703,0.3595587298748298,0.3595587298748298,0.7035966495297244,3,0.07088811252861396,0.17462673805042492,0.18493199182440487,0.33763899613496423,0.8886465834402926,0.23657881416355098
2021-02-23,14.101577758789062,14.19805147445636,13.351228116185384,14.035018027091663,391780000,14.06672806739807,13.548852634429933,14.439909250139452,14.093035659896069,56.82786273973313,0.3468735902433852,0.365177975441652,-0.0183043851982667,15.6567866022595,12.476669532536642,0.2255149830834207,0.5183891368416493,16801516000.0,39.52571886590357,57.58296686747061,-0.0148895384824679,-0.0150015004250584,0.0258569749994212,-0.0520257698604463,0.050013264041283596,0.9499867359587164,0.018613409574895434,-0.9813865904251046,0.9813865904251046,0.02044892049299278,3,-0.10100661827844752,0.04395248413791659,-1.025339074563021,0.5647539743370978,0.4714045207910317,0.782590091163522
2021-02-24,14.457558631896973,14.46528699059649,13.71668224012593,14.082384712334376,448320000,14.119763612747192,13.579300346374511,14.44262453964061,14.120037361525764,60.48957636879797,0.3225871781148459,0.3566598159762907,-0.0340726378614448,15.68632959642971,12.553197629064677,0.2167123818853181,0.5422849824390232,17249836000.0,57.07093341052433,49.292800224327685,0.0252440456803522,0.0249306775973339,0.025985271041062,-0.1168528129798653,0.14568316359242384,0.8543168364075762,0.4103773411394669,-0.5896226588605331,0.5896226588605331,0.4508455899667634,3,-0.40381683980360256,-0.1831364240699174,-0.40648623479061574,0.5893967441638036,0.8381742567281683,0.39790110527561745
2021-02-25,13.26946258544922,14.333662277875408,13.17847394109998,14.005353050124018,824436000,14.139195203781128,13.585168495178223,14.262138085149626,14.05703182255713,46.85640274749788,0.2051062625924959,0.3263491052995318,-0.1212428427070358,15.649693076493389,12.628697331068867,0.2276652672231975,0.6097346070078741,16425400000.0,4.2318582534064095,33.60950350994477,-0.0821781931996815,-0.0857520174427819,0.0310897716890569,-0.0704301554401165,0.942872039075195,0.05712796092480505,0.06545436746642608,0.9345456325335739,0.9345456325335739,0.07190897244561383,3,-0.21215453891735456,-0.07006705956548873,1.0046126920990626,0.7769684532622646,0.14876076397892118,0.846022399901197
2021-02-26,13.675301551818848,13.814900794289937,13.322811562682316,13.713192095526344,500932000,14.17227544784546,13.593260288238524,14.171855541560276,14.028755506206146,51.027821064127195,0.1431000353541307,0.2896992913104516,-0.1465992559563209,15.606017881038916,12.738533014652004,0.2096834834333529,0.6350549585984175,16926332000.0,23.10732333664477,28.13670500019184,0.0305844312651106,0.0301260503211806,0.0317010810551751,-0.0913631928047051,0.047425873200523196,0.9525741267994767,1.6938261904186902e-10,-0.9999999998306174,0.9999999998306174,1.8608582676618629e-10,3,-0.21835900871919212,-0.20339989699954852,-0.7966001028310689,0.8641954814951178,0.0,0.9549999998382396
2021-03-01,13.802188873291016,13.885200981115691,13.514513605959072,13.835343696524085,353184000,14.21475386619568,13.602857761383056,14.11498374644193,14.011972792656875,44.354636851104104,0.1030109537850521,0.2523616238053717,-0.1493506700203196,15.54279160013949,12.886716132251868,0.1924387133281058,0.5986592580800574,17279516000.0,29.00881975375368,18.782667114601622,0.0092785757587401,0.0092357942056595,0.0316773485123964,-0.1624433655660984,0.7696445421178003,0.2303554578821997,0.597898270106357,0.402101729893643,0.402101729893643,0.6568583869122485,3,0.11221578753219992,-0.07942787872846808,0.4815296086221111,0.8719383588273525,0.9086500397905722,0.26188231215239477
2021-03-02,13.367932319641112,13.880712294925438,13.357711524851588,13.860270705346387,264116000,14.223192119598387,13.606123428344729,14.000052757703342,13.964266090952004,42.27580550873836,0.0357866667513366,0.2090466323945647,-0.173259965643228,15.525963783214504,12.920420455982274,0.1949099729809359,0.6103222368919202,17015400000.0,8.811660055390206,20.309267715262887,-0.0314628757537323,-0.0319684651750779,0.0323922093931126,-0.0657662645704845,0.9404887416509466,0.05951125834905347,0.0799219441777611,0.9200780558222389,0.9200780558222389,0.08780323000793504,3,0.10739326196175492,0.006467842715432913,0.913610213106806,0.8860381806696606,0.0,0.878674543310238
2021-03-03,12.768152236938477,13.41305321076399,12.76216886866683,13.38787589697503,377592000,14.185699653625488,13.595424118041992,13.810529600662594,13.87566506472878,32.653145120063286,-0.065135464066186,0.1542102131024146,-0.2193456771686006,15.611292801855566,12.76010650539541,0.2233045348732314,0.6111056485053078,16637808000.0,0.2331431652567169,12.684540991466868,-0.044867079542391,-0.0459047644613178,0.0334699786962846,-0.0259432471954407,0.19782625743753202,0.802173742562468,0.5333546455906222,-0.4666453544093778,0.4666453544093778,0.585949967864082,3,0.28517814376883477,-0.11156131218231104,-0.3550840422270668,0.8623394856755545,0.9428090415820634,0.29859053267340957
2021-03-04,12.33489227294922,12.937914367477056,12.049211189236068,12.764161819483274,573344000,14.127852964401246,13.57744062423706,13.583508473322077,13.761533746819184,24.262911526799556,-0.1780252734971075,0.0877631157825101,-0.2657883892796177,15.752051731672283,12.503654197130206,0.263350296270192,0.6384027548971255,16064464000.0,8.711515524862406,5.918772915169776,-0.0339328632639442,-0.0345219474578474,0.0342076807511298,0.0507455038134936,0.4273904942605645,0.5726095057394355,0.9024980360830728,-0.09750196391692721,0.09750196391692721,0.9914954329396989,3,0.11864357916531136,0.01470792017600001,-0.11220988409292722,0.745617913555381,0.8551176054539048,0.06524606589468115
2021-03-05,12.42588233947754,12.514129408982628,11.645867786362963,12.514129408982628,542840000,14.06788740158081,13.560075416564942,13.4054121450383,13.662596605534617,26.84455204079822,-0.2571844604963171,0.0187736005267447,-0.2759580610230618,15.851008436052464,12.284766367109157,0.2870011136040786,0.6636517961389555,16607304000.0,21.180545578132087,10.041734756083736,0.0073766405506323,0.007349566201361,0.0341589991394994,0.0320136287843215,0.04742672239390304,0.952573277606097,6.265839608499135e-06,-0.9999937341603915,0.9999937341603915,6.883728392720528e-06,3,-0.5213803508288988,-0.04391651915255119,-0.9560772150078403,0.7456159143931245,0.0,0.9549940161231738
2021-03-08,11.560114860534668,12.4356046999836,11.533440753468302,12.414415664202757,543112000,13.96828556060791,13.526471767425535,13.121520255114664,13.506857217016105,18.314463574022085,-0.385336961901439,-0.062048511958892,-0.323288449942547,16.067270388445138,11.869300732770682,0.3631425557894755,0.6979997225841678,16064192000.0,0.731489152909338,10.207850085301276,-0.0696745273526606,-0.0722207834717206,0.0371835303583397,0.1382314087535376,0.8712597790646684,0.12874022093533152,0.36261879885653214,0.6373812011434679,0.6373812011434679,0.3983774685258557,3,-0.15337149897795022,-0.08636858077970921,0.7237497819231771,0.7874073728410855,0.12065377796439399,0.5829944032057696
2021-03-09,12.488773345947266,12.58503018119177,12.028931897775244,12.099753496667573,521824000,13.872850275039672,13.516805953979492,13.02417457678122,13.43144359693693,31.406936607860303,-0.4072690201557112,-0.1310926135982558,-0.2761764065574553,16.061329375461447,11.684371174617898,0.3504714257836954,0.7320168922707563,16586016000.0,26.535705958807615,16.149246896616347,0.0803329808238295,0.0772693091942676,0.0391196927881838,0.0615801178854176,0.047425873621627986,0.952574126378372,3.2764795321327256e-09,-0.9999999967235205,0.9999999967235205,3.5995806775705513e-09,3,-0.45420417658014794,-0.0863685803358382,-0.9136314163876823,0.6875729188081161,0.0,0.954999996870962
2021-03-10,12.436904907226562,12.947367629501878,12.426182115532276,12.808218669435044,384376000,13.783571434020995,13.50641191482544,12.933825396849732,13.357774064365792,31.529953836599915,-0.4239486675160595,-0.1896638243818166,-0.2342848431342429,16.056067228207155,11.511075639834836,0.3654439446370146,0.7456688709807107,16201640000.0,25.09498714603947,17.454060752585473,-0.0041532052255184,-0.004161853736675,0.0390981606085496,0.0700178820094103,0.9499879480887573,0.05001205191124274,0.0186049054387335,0.9813950945612665,0.9813950945612665,0.020439577744500774,3,0.20625876632707138,-0.0036123853833205538,0.985007479944587,0.9128322366898208,0.4714045207910317,0.782596872642665
2021-03-11,12.960832595825195,13.01345056221535,12.702483926792516,12.917442013123948,299916000,13.695510530471802,13.508366012573244,12.937980350538265,13.328370992622045,35.83438164652587,-0.3903906420837799,-0.2298091879222092,-0.1605814541615706,15.951318839803806,11.4397022211398,0.3480962033347488,0.7620646264367855,16501556000.0,40.134121139768375,30.588271414871816,0.0421268549134117,0.0412636776807607,0.0395144677895744,-0.0208565328895696,0.28776608907509854,0.7122339109249015,0.6979138584600189,-0.30208614153998115,0.30208614153998115,0.7667367413359526,3,-0.10689701456741163,-0.1782072707207806,-0.12387887081920054,0.917503933278513,0.7544264109391093,0.212316100701938
2021-03-12,12.82367992401123,12.85634771978624,12.558348854288102,12.616451888507894,243964000,13.576336765289309,13.506714515686037,12.920395669534106,13.290986469021243,38.26990055393313,-0.3705907994871378,-0.257965510235195,-0.1126252892519428,15.746088584704273,11.406584945874345,0.3383976880695987,0.733246306611764,16257592000.0,44.00773661877545,36.4122816348611,-0.0105820880564526,-0.0106384765081045,0.0384639242446308,-0.0007973017423061,0.9499182156520449,0.050081784347955134,0.019093821335626426,0.9809061786643736,0.9809061786643736,0.020976706756952533,3,0.5534050438952197,0.028585805432612483,0.9523203732317611,0.8783610929743768,0.4714045207910317,0.7822069949532267
2021-03-15,13.158085823059082,13.17354692311485,12.735152011430824,12.832406735192682,221988000,13.488316679000857,13.50771270751953,12.956963385461025,13.28114197672775,42.716452009274505,-0.3241785912667243,-0.2712081264415009,-0.0529704648252234,15.5698532300246,11.406780127977113,0.3163889609803159,0.6957395734034615,16479580000.0,55.413720148844554,46.51852596912946,0.02607721816432,0.025743005285316,0.0390878738931971,-0.0003790609623524,0.04831575823384839,0.9516842417661516,0.006508154640335162,-0.9934918453596648,0.9934918453596648,0.0071499386644245915,3,-0.10489060274509072,-0.09941274905920718,-0.8940790963004577,0.9976698686171055,0.0,0.9487847123184798
2021-03-16,13.25783348083496,13.478526797408929,13.083771743024757,13.322918874295542,272128000,13.38688678741455,13.512515659332276,13.00325109244163,13.27941542147643,40.35689511892315,-0.2761643290348008,-0.2721993669601609,-0.0039649620746399,15.289512080280147,11.484261494548951,0.2870190360462684,0.6704645951115767,16751708000.0,61.58058252608999,53.667346431236666,0.0075807118996802,0.0075521226966609,0.0385767128599913,-0.0165897392331925,0.798750373223078,0.2012496267769221,0.5404991962739225,0.4595008037260775,0.4595008037260775,0.5937990590417679,3,0.1489717123435955,0.10908647063885982,0.3504143330872177,0.8603865693831633,0.9428090415820634,0.29401897704967717
2021-03-17,13.307710647583008,13.419428593633414,12.956844570714871,13.006968295981748,243864000,13.309102487564086,13.517149505615237,13.050091024001842,13.281511364150992,50.376278030495,-0.2314203401491497,-0.2640435615979586,0.0326232214488089,15.08022160036478,11.537983374763392,0.2661793842237426,0.6121431188345446,16995572000.0,75.4443362253461,64.14621296676022,0.0037620903008133,0.0037550313378622,0.0383029777460183,-0.0523377783205077,0.8600174264283297,0.1399825735716703,0.39485509601421054,0.6051449039857895,0.6051449039857895,0.43379266072443806,3,0.02371795411740078,0.10448128533062005,0.5006636186551694,0.791408268296817,0.3678704825788309,0.5035043369844336
2021-03-18,12.69051456451416,13.150854487628823,12.685028551725626,13.103474248516884,293896000,13.20429754257202,13.503631076812743,12.994771568696043,13.237733823437152,40.698632877206705,-0.2429622547411067,-0.2598273002265883,0.0168650454854815,14.85098670141652,11.557608383727525,0.2595149551223166,0.617660539335735,16701676000.0,49.20033075443862,62.07508316862491,-0.0463788324989576,-0.0474887854540704,0.0394155586493311,-0.0147180774224393,0.10982326350094034,0.8901767364990597,0.3024841182931117,-0.6975158817068883,0.6975158817068883,0.3323127694837507,3,0.1223766086683263,0.1476933017615675,-0.8452091834684557,0.8642818427220651,0.4714045207910317,0.5562222092483916
2021-03-19,12.81345558166504,12.889015495891451,12.580792308071988,12.717946442193226,299208000,13.100778579711914,13.50833127975464,12.966876801460506,13.206305805528109,40.65439302947777,-0.2394290040676008,-0.2557476409947908,0.0163186369271899,14.55155826323911,11.649998896184718,0.2264462812987213,0.6131988116687951,17000884000.0,54.53203027617381,59.72556575198618,0.0096876305941646,0.009641006377844,0.0394775408403618,-0.0005060330241066,0.5498395294128102,0.45016047058718967,0.9333258831837216,0.06667411681627847,0.06667411681627847,1.0253632845976532,3,-0.008565620301606708,0.01701887636942636,0.04965524044685211,0.7058135596030364,0.9428090415820634,0.042662505621424526
2021-03-22,13.153098106384276,13.360824589518188,12.87430079133781,12.88028622419768,297804000,13.042697620391843,13.50527603149414,12.99552623298724,13.202364494480417,47.93238376694185,-0.2068382614931749,-0.2459657650944676,0.0391275036012926,14.377198528889013,11.708196711894676,0.20291811065401,0.6149394000816022,17298688000.0,83.26918786594948,62.33384963218731,0.026506707933279,0.0261614922175835,0.039411139540243,-0.0180490563277048,0.9229780144610529,0.07702198553894725,0.17216183100386484,0.8278381689961352,0.8278381689961352,0.1891391031804483,3,0.06566546803517519,0.17843663501744297,0.6494015339786922,0.5990164974598183,0.08363498449289898,0.7674432407027107
2021-03-23,13.03788948059082,13.3109506075864,12.988513462737629,13.22092748700998,222048000,12.989513206481934,13.501257781982424,13.002043655695484,13.190181160118224,52.86306120901418,-0.1881375044227393,-0.234400112960122,0.0462626085373826,14.22763270911157,11.7513937038523,0.1899263687535919,0.5914788859924317,17076640000.0,77.34612723358687,71.71578179190338,-0.0087590486181758,-0.0087976345672293,0.0393414930298133,-0.0152248321985648,0.8010722492048905,0.19892775079510958,0.5356635185707671,0.4643364814292329,0.4643364814292329,0.588486524093043,3,0.4529495890805489,0.10464096398385145,0.3596955174453814,0.5994383624839427,0.9428090415820634,0.29711316317534764
2021-03-24,12.611214637756348,13.1261673732416,12.604980921274594,13.118187112663936,245840000,12.897196006774902,13.481830768585205,12.94191611447408,13.14729475105438,52.93706319065373,-0.2053786365803009,-0.2285958176841578,0.0232171811038568,13.933278473218794,11.86111354033101,0.1643112889922585,0.5652276912585759,16830800000.0,55.41008774863456,72.00846761605698,-0.032725760060296,-0.0332732250386567,0.0392731927781845,0.0557817761694676,0.05670346973356396,0.943296530266436,0.06281823870019965,-0.9371817612998004,0.9371817612998004,0.06901288898852596,3,0.11833096304185593,0.11268526170668923,-1.0498670230064895,0.7508311025757312,0.4714045207910317,0.7473396999389439
2021-03-25,12.503734588623049,12.682783882467008,12.241147031908534,12.46807503156729,295144000,12.858909606933594,13.46298131942749,12.874503572035458,13.09962362791132,50.824610029688046,-0.2251200558758608,-0.2279006653224984,0.0027806094466376,13.893661566102066,11.82415764776512,0.1655108642677008,0.5347544932542052,16535656000.0,49.88436566488059,60.88019354903401,-0.0085225771046286,-0.0085591019367395,0.0349793886471599,0.1018328264352173,0.19792483118340373,0.8020751688165962,0.5335616626488515,-0.4664383373511485,0.4664383373511485,0.5861773993482167,3,-0.3130945390739052,-0.019591758447200198,-0.4468465789039483,0.7072558451025437,0.9428090415820634,0.29845806948031206
2021-03-26,12.806971549987791,12.823929009605244,12.342392711032783,12.522937430864202,363968000,12.81549310684204,13.44925931930542,12.864114030181971,13.07794569621328,64.99340115428785,-0.2138316660313091,-0.2250868654642605,0.0112551994329514,13.776236468734387,11.854749744949691,0.15003443368987,0.5047096612582881,16899624000.0,53.67290212406469,52.98911851252662,0.0242517112959721,0.0239623082230152,0.0346927053527411,0.0894326887398044,0.28241137044188136,0.7175886295581186,0.6891561009637521,-0.31084389903624793,0.31084389903624793,0.7571153613293786,3,-0.5714879992290655,-0.15044730173606266,-0.16039659730018527,0.7172442138669973,0.7452407315351683,0.21942572960245915
2021-03-29,12.91569709777832,13.029660048696256,12.668071206371833,12.78801863912804,273520000,12.771168518066409,13.444322872161866,12.872049886735256,13.065927281514394,56.394740003851624,-0.1938773947791379,-0.218844971327236,0.0249675765480981,13.614914676715244,11.927422359417571,0.1306543738617053,0.4573291985202398,17173144000.0,54.51439276218131,52.6905535170422,0.0084895595626297,0.008453725916926,0.034678808176558,0.0705305805395961,0.8019072960821888,0.19809270391781117,0.5339140374873551,0.4660859625126449,0.4660859625126449,0.5865645226760141,3,-0.10373209129158377,0.015781533152442056,0.4503044293602028,0.6128618454981316,0.9428090415820634,0.29823259677446534
2021-03-30,12.83938980102539,12.942629963313632,12.673059062634389,12.80971472304937,200204000,12.74474139213562,13.444655780792235,12.867025258164508,13.049146727404098,55.984862475655206,-0.1821214692395898,-0.2115002709097068,0.0293788016701169,13.541593125685791,11.947889658585446,0.124126106598389,0.4393567261423571,16972940000.0,48.347547399197474,52.1782807618145,-0.0059081051665461,-0.0059256270681198,0.0340296515904229,0.0988017151503861,0.5016531117651069,0.49834688823489326,0.9977958429485368,0.0022041570514631514,0.0022041570514631514,1.096190774645218,3,0.05248207350928678,0.006571538900325584,-0.004367381848862433,0.5242016362260655,0.7286746343384293,0.0015681266024251093
2021-03-31,13.314690589904783,13.436632836630071,12.949859836344844,12.98277686105414,314776000,12.772068309783936,13.4511891746521,12.935896847663011,13.06881664314489,55.33900064480628,-0.132919795481877,-0.1957841758241408,0.0628643803422638,13.608788607237887,11.935348012329984,0.1256837763978313,0.4408351104720637,17287716000.0,86.7594239909458,63.207121384108206,0.0370189546579102,0.0363502074389836,0.0334541577889863,0.0725751201611006,0.5651465316975959,0.4348534683024041,0.9126413580681247,0.08735864193187522,0.08735864193187522,1.0026390111203944,3,0.1852162538319945,-0.09921125068028298,0.1865698926121582,0.36374334624852644,0.9086500397905722,0.05689526165844609
2021-04-01,13.77702522277832,13.83512824684654,13.477279865489436,13.53812732257779,308276000,12.84417495727539,13.460178775787352,13.065301213065368,13.121276537932552,63.09871613794847,-0.0559753248671839,-0.1678224056327495,0.1118470807655655,13.766449856853123,11.921900057697655,0.1338859274283514,0.4492603901438252,17595992000.0,96.35484882210316,77.15394007074882,0.0347236482704358,0.0341343845627555,0.0330247788909556,0.0425905449009702,0.8021781769576213,0.1978218230423787,0.5333453309859749,0.4666546690140251,0.4666546690140251,0.5859397347249524,3,0.1854058226657879,-0.09888008102531269,0.5655347500393377,0.33091845361640926,0.9428090415820634,0.29859649277295197
2021-04-05,13.952333450317385,13.97876657407877,13.698472914587166,13.832635263043771,255672000,12.920497512817382,13.46266819000244,13.20176771110414,13.182836309220315,61.41166451270486,0.0189314018838224,-0.1304716441294351,0.1494030460132575,13.944098081117495,11.89689694451727,0.1467282260626918,0.4379674435586523,17851664000.0,98.47877374162348,93.8643488515575,0.0127246792906507,0.0126444008534273,0.0330576230405292,0.0873279452569029,0.9272365844615504,0.07276341553844952,0.15166818230160506,0.8483318176983949,0.8483318176983949,0.16662452887649842,6,0.4674483762147652,0.15619328740300092,0.692138530295394,0.3400186471886273,0.39707975798224476,0.6646935114795286
2021-04-06,13.826648712158203,14.018914070443666,13.73887061935649,13.964551469176358,191744000,13.03382420539856,13.465735092163088,13.297903249727842,13.230526116845343,58.11221388341318,0.0673771328824965,-0.0909018887270487,0.1582790216095453,13.915265768279054,12.152382642518065,0.1274989451500877,0.4297737576088669,17659920000.0,89.18500821481435,94.67287692618034,-0.0090081518340088,-0.0090489705527918,0.0281331443902936,0.1311548974182614,0.6446314142240893,0.3553685857759107,0.8014922726657568,0.19850772733424318,0.19850772733424318,0.8805292600231318,3,0.5044980713488878,0.2511855823580569,-0.0526778550238137,0.3429711372940198,0.816496580927726,0.13539934524488648
2021-04-07,14.107943534851074,14.20769156384894,13.677029424056386,13.845853464933777,251284000,13.11478271484375,13.475609493255616,13.422524832054494,13.295519999660584,60.705925775453025,0.1270048323939097,-0.047320544502857,0.1743253768967667,14.078987063806736,12.150578365880763,0.1366895673463815,0.4346364802427249,17911204000.0,94.92775127503864,94.19717774382548,0.0203443964295932,0.0201402138658458,0.0228747547826342,0.0801428299972737,0.07303736776195582,0.9269626322380442,0.15301931433279659,-0.8469806856672034,0.8469806856672034,0.16810889912957855,3,0.06661961978847834,0.17459461283934896,-1.0215752985065523,0.6301154527590445,0.4714045207910317,0.6754103820828844
2021-04-08,14.281005859375,14.43511743681889,14.213176027468212,14.21691739862396,244416000,13.206987762451172,13.493292655944824,13.554598836257648,13.368518952232025,74.14809478456516,0.1860798840256254,-0.0006404587971605,0.186720342822786,14.247893270155185,12.16608225474716,0.1457748169777121,0.4135287521077559,18155620000.0,92.97567651647772,92.36281200211025,0.0122670128425455,0.0121923827462164,0.0227718954878466,0.1271390717155311,0.9421999920032729,0.05780000799672708,0.06959045208378456,0.9304095479162154,0.9304095479162154,0.07645292583321499,3,0.0939788631944185,0.24092655361128762,0.6894829943049279,0.7158638692637854,0.4714045207910317,0.7419393132402191
2021-04-09,14.36379623413086,14.371776494039445,14.139362482793082,14.178263990565366,195172000,13.277135944366456,13.522951965332032,13.679090743622758,13.44224319533564,73.82901882932559,0.2368475482871179,0.0468571426196951,0.1899904056674228,14.43114483208407,12.12312705664884,0.1606829933963406,0.4081138109239631,18350792000.0,96.74921760585748,94.88421513245795,0.0057972369433285,0.005780497628598,0.0212349524403727,0.1050347999127845,0.9384771368269597,0.06152286317304034,0.09171679010257971,0.9082832098974203,0.9082832098974203,0.10076119268388774,3,0.33057069071547757,0.37036641830356715,0.5379167915938532,0.7641907892795313,0.08680361588597882,0.8410574377515345
2021-04-12,15.170762062072754,15.313901610057965,14.103701731984684,14.253823650541044,869324000,13.394490051269532,13.566093273162842,13.908578638768912,13.57028162990876,77.11640494566815,0.3382970088601524,0.1051451158677866,0.2331518929923658,14.803521537940696,11.98545856459837,0.1857561908763664,0.4554588730825438,19220116000.0,95.3416537084835,95.02218261027292,0.0561805399344501,0.054659136518092,0.0237001823270202,0.0100434399775153,0.9418458336509479,0.0581541663490521,0.07175197402228539,0.9282480259777146,0.9282480259777146,0.07882760039707772,3,0.9223135945971169,0.4904934731672585,0.4377545528104561,0.7764478617671237,0.4714045207910317,0.7402156442320961
2021-04-13,15.640081405639648,15.6605300513391,15.08772349362151,15.193207722114034,676212000,13.51858983039856,13.619842491149903,14.174963679825948,13.72360013181475,81.93276456677869,0.4513635480111979,0.1743888022964689,0.276974745714729,15.242067629419118,11.795112031378,0.2203924333026925,0.4733424025731736,19896328000.0,99.40197846870988,97.16428326101696,0.0309357790760032,0.0304669131587428,0.0239115726471103,-0.0324150017798982,0.8021838885486644,0.19781611145133557,0.5333333333541657,0.4666666666458344,0.4666666666458344,0.5859265539792119,3,0.7677326341736564,0.4904951871146599,-0.023828520468825498,0.7661986215654326,0.9428090415820634,0.2986041696505613
2021-04-14,15.23859405517578,15.680978662596893,15.189218033930018,15.585718757163326,385500000,13.6176278591156,13.66063102722168,14.33859912218746,13.835821903915567,82.44240370159005,0.502777218271893,0.2400664854915537,0.2627107327803393,15.49847507719944,11.736780641031762,0.2468531166685957,0.4712405580517356,19510828000.0,87.13935285826831,93.96099501182056,-0.0256704130912703,-0.0260056476623054,0.0251362740792314,0.0054656087331583,0.9525741106913064,0.047425889308693556,1.1902255336870837e-07,0.9999998809774466,0.9999998809774466,1.3075963975951893e-07,3,0.7983048578669987,0.5121620532973815,0.4878378276800651,0.21527659322278775,0.0,0.9549998863334614
2021-04-15,16.0966796875,16.17348576432492,15.592200556342735,15.623122755169474,598480000,13.757076311111453,13.71220458984375,14.609073055312466,14.003292850847748,87.42726075340235,0.6057802044647183,0.3132092292861866,0.2925709751785316,15.931776125796407,11.582376496426496,0.2702047697915907,0.5064730479510687,20109308000.0,97.99519153577148,94.84550762091656,0.0563100263198343,0.0547817277264172,0.0273935274825485,-0.079753275628678,0.4866278244677564,0.5133721755322436,0.9821661798711117,-0.01783382012888829,0.01783382012888829,1.0790198347206164,3,0.48294424249813095,0.4812561179455056,-0.4990899380743939,0.43185503864297137,0.8955419357123644,0.011693013600648658
2021-04-16,15.8724946975708,16.125108122447834,15.82536274319291,16.0126405831472,335208000,13.916175317764282,13.759817962646483,14.803445615659902,14.141752246901309,82.46790188085706,0.6616933687585949,0.3829060571806683,0.2787873115779265,16.223849367130573,11.60850126839799,0.2907764775904405,0.4934879822855305,19774100000.0,91.4135386074276,92.18269433382244,-0.0139274057930898,-0.0140253021333873,0.0247137562264293,-0.0406755975915427,0.6456563060650315,0.3543436939349685,0.8000000002342293,0.19999999976577068,0.19999999976577068,0.8788898311918151,3,0.3940553535381097,0.6308247872930733,-0.4308247875273027,0.44482326286673707,0.816496580927726,0.13641720340521693
2021-04-19,15.323128700256348,15.767758276852438,15.194702542617696,15.497439688816309,404420000,14.041658973693847,13.793776664733889,14.88339685944397,14.229261613816496,73.32108060775128,0.654135245627474,0.4371518948700295,0.2169833507574445,16.36970589658312,11.713612050804576,0.3038605194055865,0.516073933187579,19369680000.0,75.70704553205007,88.37192522508307,-0.0346111942565985,-0.0352243512824695,0.0267863251750582,0.0075677152556423,0.8560120530968355,0.14398794690316452,0.4058150457494061,0.5941849542505939,0.5941849542505939,0.4458333961867087,3,0.2587837112958255,0.5827927024836989,0.011392251766895067,0.38888484179244526,0.41740327078956074,0.48454770334185776
2021-04-20,15.133108139038086,15.458038566239264,14.925381656950178,15.284725469092292,334132000,14.140659475326538,13.825395793914796,14.921813979381524,14.296213208277354,71.74055844030232,0.6256007711041711,0.4748416701168578,0.1507591009873132,16.47798861397237,11.803330336680704,0.3089027207327419,0.5348657909454249,19035548000.0,67.72647791004712,78.28235401650828,-0.0124008983371054,-0.0124784311278744,0.0268851651319583,0.0138750334473685,0.1979038713318359,0.802096128668164,0.5335176508706725,-0.46648234912932757,0.46648234912932757,0.5861290474678631,3,0.10923420162901241,0.38639762262273486,-0.8528799717520624,0.5629893792544872,0.9428090415820634,0.2984862311241948
2021-04-21,15.321882247924805,15.323877075097696,15.064281282601485,15.080739320235336,216776000,14.254859113693238,13.84388385772705,14.9833629437728,14.372188692695683,70.11746662463611,0.6111742510771165,0.5021081863089096,0.1090660647682069,16.588508393497737,11.92120983388874,0.3046165271398778,0.5107481307233914,19252324000.0,68.41474468058698,70.61608937422807,0.0124742456838558,0.0123970833134235,0.0266325492473487,-0.0054522680531338,0.057612642112736326,0.9423873578872638,0.06844187558049142,-0.9315581244195086,0.9315581244195086,0.07519108557222169,3,-0.26795183976608067,0.12071102970884584,-1.0522691541283544,0.5919207293033357,0.0,0.8896380088206307
2021-04-22,14.81291675567627,15.39968805660098,14.746334039888772,15.336347292085806,277788000,14.364944219589232,13.855692558288574,14.957140453296413,14.40483521587943,60.28627392254096,0.5523052374169808,0.5121475965305239,0.0401576408864569,16.57666427530545,12.153224163873016,0.2986204664748004,0.5202421564212809,18974536000.0,45.49998783646668,60.54707014236694,-0.0332182093565867,-0.033782464997733,0.0266728055833275,0.0319522285864533,0.9497297904374483,0.05027020956255179,0.02041171113924234,0.9795882888607577,0.9795882888607577,0.022424556690315376,3,-0.13948406156269275,0.19398554716812058,0.7856027416926371,0.7761797913288234,0.4714045207910317,0.7811560660821601
2021-04-23,15.226871490478516,15.29644596297973,14.862789373652932,14.896703337927876,227500000,14.501101064682008,13.865788974761962,14.998637535939812,14.465726791775658,62.08331990787453,0.5329107441641536,0.5163002260572499,0.0166105181069037,16.560413429406616,12.4417886999574,0.2704839751241497,0.5347589812649849,19202036000.0,62.08168117350704,58.6654712301869,0.0279455249516351,0.0275621743367015,0.0267006560666979,-0.0167537947501686,0.19783591960708402,0.8021640803929161,0.533374940776457,-0.466625059223543,0.466625059223543,0.5859722644046409,3,-0.1395316315940979,-0.01553230143202081,-0.4510927577915222,0.8060506463322674,0.9428090415820634,0.2985775464724502
2021-04-26,15.43908977508545,15.440087664541794,15.086977488529014,15.146827073987488,197796000,14.63270697593689,13.87042766571045,15.066399418885297,14.53782775350231,65.04005315985303,0.5285716653829855,0.518754513922397,0.0098171514605884,16.56889916487524,12.696514786998536,0.2508168832676712,0.5399780330453853,19399832000.0,70.58246210441241,59.388043704795386,0.0139370904088627,0.0138408622274672,0.0265146562194957,-0.0414299558732845,0.9525695651565962,0.047430434843403806,3.365644573771753e-05,0.9999663435542623,0.9999663435542623,3.6975384880347906e-05,3,0.5043098577304924,0.12986772195128643,0.8700986216029758,0.9027778339641033,0.0,0.9549678580943204
2021-04-27,15.343080520629885,15.631104301229035,15.31589873770508,15.539335580819824,164572000,14.754076147079468,13.878919525146484,15.108965742230616,14.59747610662287,61.93321946650089,0.5114896356077452,0.5173015382594667,-0.0058119026517214,16.535198741142093,12.972953553016843,0.2321727493599185,0.5245882775976282,19235260000.0,59.879618775736624,64.18125401788537,-0.0062185825624577,-0.0062379984818509,0.0267534820176816,-0.0669949738898606,0.932516083393546,0.06748391660645399,0.12466763267128411,0.8753323673287159,0.8753323673287159,0.13696139325183465,3,0.46955788388647846,0.2263437744602786,0.6489885928684374,0.9201732093343391,0.41740327078956074,0.7138186270382102
2021-04-28,15.238343238830566,15.493201692864114,15.177247490188083,15.325873065531082,209416000,14.874023818969729,13.877957763671876,15.128869972476762,14.644947746045665,59.373017442811395,0.4839222264310994,0.5106256758937933,-0.0267034494626938,16.41979094136226,13.328256696577196,0.2028786329544783,0.5237868705053577,19025844000.0,54.819318758333814,61.76046654616096,-0.006826352873433,-0.0068497590000118,0.0267811589204228,-0.0535618320072752,0.42089902032217913,0.5791009796778209,0.8936386940800499,-0.10636130591995008,0.10636130591995008,0.9817624509456645,3,0.5896458016543428,0.12626573729305804,-0.23262704321300812,0.6916231324323773,0.816496580927726,0.07254755960559552
2021-04-29,15.286222457885742,15.397691160532714,15.033609024260754,15.36128294690552,173196000,14.972600412368774,13.886414279937744,15.153078047155066,14.692449576552336,59.0933755192416,0.4606284706027317,0.500626234835581,-0.0399977642328492,16.34093952757884,13.604261297158708,0.1790290726148863,0.5331917365786146,19199040000.0,57.132565854839235,57.277167796303225,0.0031420226139262,0.0031370967762382,0.0259707433902456,-0.0523173150072813,0.4830089535276123,0.5169910464723876,0.9773365448939227,-0.02266345510607727,0.02266345510607727,1.0737139383848953,3,0.24876920210089626,0.18966843643923664,-0.2123318915453139,0.6457949539839307,0.8551176054539048,0.015165861546257013
2021-04-30,14.971763610839844,15.32637005581225,14.959295227808386,15.136349691451016,201912000,15.032337331771853,13.89011728286743,15.125183518491186,14.713139505018075,47.827272026355445,0.4120440134731105,0.4829097905630869,-0.0708657770899764,16.279895145050343,13.78477951849336,0.1666547570087515,0.4729685187165135,18997128000.0,15.795767677201852,42.58255076345831,-0.0205713902118229,-0.0207859285945438,0.0258344064971966,-0.0131415745888027,0.9224686932753668,0.07753130672463324,0.1745427913391998,0.8254572086608002,0.8254572086608002,0.19175485546367863,3,0.23214414921159102,0.44067062687928077,0.3847865817815194,0.5330537435664402,0.08680361588597882,0.7643617291661643
2021-05-03,14.79944896697998,15.20841803404415,14.750323136442557,15.086974247402852,203912000,15.07469310760498,13.888429565429687,15.075070510566384,14.719532798496736,40.1851604338331,0.3555377120696494,0.4574353748643994,-0.1018976627947499,16.22129915058695,13.92808706462301,0.154952531751721,0.4647748287082281,18793216000.0,3.7217435360613713,25.55002568936749,-0.0115093083446163,-0.0115760530517318,0.0259951898316419,-0.0384855423067933,0.14966894416493962,0.8503310558350604,0.4209333549951091,-0.5790666450048909,0.5790666450048909,0.4624425565079227,3,0.07457570284994408,0.21800563632704525,-0.7970722813319362,0.6319891146703213,0.8531505652577861,0.3878787723611711
2021-05-04,14.315171241760254,14.60070173515506,13.975028897504052,14.600452500628666,405324000,15.099119234085084,13.88843864440918,14.958162930750056,14.68958009059033,39.423016927530654,0.268582840159727,0.4196648679234649,-0.1510820277637379,16.1506521174868,14.047586350683368,0.1469116737261489,0.4885362173374463,18387892000.0,15.47186798317107,11.663126398811436,-0.0327226862500239,-0.033270047237304,0.0271019352696922,-0.0031356622960725,0.551715212010119,0.44828478798988103,0.9307989083519279,0.06920109164807209,0.06920109164807209,1.0225871189942897,3,0.10519721843466052,0.29455222930870456,-0.22535113766063247,0.5065450355493631,0.9428090415820634,0.044279431095873005
2021-05-05,14.422149658203123,14.776257644037008,14.351328061036348,14.672019599835693,292024000,15.114829540252686,13.89485008239746,14.875699350358222,14.66977042893202,26.833627887716872,0.205928921426203,0.3769176786240126,-0.1709887571978096,16.111993828957836,14.117665251547535,0.1382823382557227,0.454692981132276,18679916000.0,20.795548150222636,13.329719889818364,0.0074730797582631,0.0074452946388046,0.026796573357007,-0.0484144386724081,0.1978179009925737,0.8021820990074262,0.5333370924498492,-0.46666290755015083,0.46666290755015083,0.585930683767924,3,-0.3255094869689898,0.08503376486521697,-0.5516966724153678,0.5553687346136205,0.9428090415820634,0.29860176433275
2021-05-06,14.486488342285156,14.534617237658,14.182255771749803,14.4588080917108,193380000,15.125103664398193,13.895428676605224,14.815820733731597,14.656193978069288,29.937916920459287,0.159626755662309,0.3334594940316719,-0.1738327383693629,16.089800346088865,14.16040698270752,0.1331857188432316,0.458451273036081,18873296000.0,28.52965151280731,21.599022548733675,0.0044611022355767,0.0044511810144432,0.0266871898432727,-0.0590616940518956,0.6469215316090403,0.3530784683909598,0.7981551051670084,0.20184489483299162,0.20184489483299162,0.8768630067996629,3,-0.0652056403563623,-0.011178731205600787,0.2130236260385924,0.5655719697946451,0.9428090415820634,0.12915370119107333
2021-05-07,14.77501106262207,14.933112300510397,14.63486422135409,14.771021408101264,229328000,15.145664405822751,13.925539646148682,14.80954232279167,14.664995243591717,41.4180955755746,0.1445470791999525,0.295677011065328,-0.1511299318653755,16.058157746659397,14.23317106498611,0.1235184646521282,0.4419392589840906,19102624000.0,48.30590218510413,32.543700616044696,0.0199166777703285,0.0197209354990335,0.0270042796030745,-0.0384310129620862,0.05942391824488397,0.940576081755116,0.07940142296637065,-0.9205985770336294,0.9205985770336294,0.08723137900858907,3,-0.39513886325026276,-0.12749834136469781,-0.7931002356689315,0.46672476696235177,0.4714045207910317,0.7341157209145079
2021-05-10,14.229884147644045,14.768775720170076,14.21417381349999,14.750072669633822,268904000,15.098620510101318,13.936631298065183,14.720364141999728,14.632764792040035,37.27335966531621,0.0875993499596905,0.2540614788442005,-0.16646212888451,16.098496343183758,14.098744677018876,0.1405318304362982,0.4439521404007329,18833720000.0,15.389109059458178,30.74155425245654,-0.0368951950470679,-0.0375930413789296,0.0250829481807839,-0.0070272898506579,0.6416283239105042,0.35837167608949577,0.8058538159619939,0.19414618403800615,0.19414618403800615,0.8853209050859359,3,-0.17486916605421046,-0.0965255357726859,0.29067171981069206,0.4945848104126066,0.816496580927726,0.13242439754638524
2021-05-11,14.270283699035645,14.318661830890395,13.715432492355609,13.790243752058554,285584000,15.030130624771118,13.945993194580078,14.65112099692833,14.60591434070638,34.536142041917145,0.0452066562219517,0.2122905143197508,-0.167083858097799,16.0610183536967,13.999242895845535,0.1444803411995582,0.4684973936892027,19119304000.0,28.963792431475888,30.886267892012736,0.0028390639707556,0.0028350414403228,0.0238444568486866,-0.0203058420178678,0.19781622000346533,0.8021837799965347,0.5333335613786112,-0.4666664386213888,0.4666664386213888,0.5859268044896698,3,-0.3977062772056706,-0.2811146282415701,-0.18555181037981872,0.48383150687721826,0.9428090415820634,0.29860402374545364
2021-05-12,13.723909378051758,14.224397903406471,13.674783549250568,13.974277782332043,303408000,14.954396390914916,13.953112735748292,14.508473055562703,14.540580639769,34.16031002227015,-0.0321075842062956,0.1634108946145415,-0.1955184788208371,16.132799291440495,13.775993490389338,0.1717299157352588,0.464364974622979,18815896000.0,2.5111336536401923,15.621345048191428,-0.0382875584331101,-0.0390397902912439,0.0245946211755765,0.0223317199147607,0.7978064340516791,0.20219356594832083,0.542453160554289,0.457546839445711,0.457546839445711,0.5959457082117972,3,0.06167552828744286,-0.13302698760576975,0.5905738270514808,0.5692296537248164,0.38174604446675453,0.3785748884936585
2021-05-13,13.630891799926758,14.045347763133767,13.425160176303176,13.99846505068462,285404000,14.831106996536256,13.970367527008056,14.373460554695637,14.473196281262169,24.39593899534708,-0.0997357265665321,0.1107815703783267,-0.2105172969448589,16.02220170824416,13.640012284828348,0.1747640182595105,0.4741262874463455,18530492000.0,9.326239101238947,13.600388395451684,-0.0067777756004248,-0.0068008490382925,0.0199295005846128,0.0693183514813449,0.05779590001189072,0.9422040999881093,0.0695653071168274,-0.9304346928831726,0.9304346928831726,0.0764253012635177,3,-0.31318476401961676,-0.2758320996816619,-0.6546025932015107,0.6369682525107818,0.4714045207910317,0.7419593646676335
2021-05-14,14.207192420959473,14.291978764788404,13.713935458707894,13.855080192512531,258616000,14.74784188270569,14.007813529968262,14.347880841813147,14.453492291610116,32.30406670521863,-0.1056114497969673,0.0675029663432679,-0.1731144161402353,15.862809512951417,13.632874252459963,0.1569581937386651,0.4961246295069787,18789108000.0,35.45113565957017,15.762836138149778,0.0422790107567145,0.0414096721303822,0.0228166533035619,0.0525695861692179,0.4833139534916767,0.5166860465083233,0.9777436732686153,-0.02225632673138464,0.02225632673138464,1.074161214620398,3,-0.16504806005628203,-0.212345445278981,0.19008911854759636,0.5507181086822764,0.8955419357123644,0.014592696869752692
2021-05-17,14.129886627197266,14.13362704722991,13.818671694394718,14.121407897860808,216980000,14.688179779052737,14.041893615722657,14.314343270333785,14.429521501653609,32.47858784884053,-0.1151782313198257,0.0309667268106492,-0.1461449581304749,15.801231375858556,13.575128182246914,0.1575457222230523,0.5013614268670358,18572128000.0,34.07699724158577,26.28479066746497,-0.0054413139114073,-0.0054561717820179,0.0217503454785383,0.102114501230405,0.9499878269173259,0.05001217308267408,0.018605755569464977,0.981394244430535,0.981394244430535,0.020440511708569347,3,0.009567741605325994,-0.10098125247933194,1.082375496909867,0.7510640279538828,0.4714045207910317,0.7825961947203324
2021-05-18,13.980513572692873,14.368037075620665,13.96879289213659,14.231132182866968,186256000,14.630550050735474,14.09030158996582,14.262984855312103,14.396261655063924,32.06517351316103,-0.1332767997518189,-0.0018819785018444,-0.1313948212499745,15.765738866363964,13.495361235106984,0.1623958676090084,0.5073107112104676,18385872000.0,28.15435603030944,32.560829643821805,-0.0105714262573686,-0.0106277007362988,0.0217161786619705,0.1164403114921515,0.8168319624365525,0.1831680375634474,0.5016568573989688,0.49834314260103113,0.49834314260103113,0.5511263882331328,3,0.48582702010006057,0.10172470746847671,0.3966184351325544,0.7233859561578703,0.10353403821220074,0.45867191267289886
2021-05-19,14.030387878417969,14.04410338609354,13.509201440576488,13.532392615609274,344000000,14.565975332260132,14.121133880615234,14.2272007050207,14.36915989383089,32.10380243231066,-0.1419591888101905,-0.0298974205635136,-0.1120617682466769,15.682356833242558,13.449593831277706,0.1591376533074588,0.5195121261565454,18729872000.0,31.833818471043017,31.355057247646084,0.0035674158510539,0.0035610677162713,0.0214561842063577,0.1161864712769122,0.047518726765808,0.9524812732341921,0.0006844782951820338,-0.999315521704818,0.999315521704818,0.0007519762664135802,3,0.16014062177558283,-0.0687698219233553,-0.9305456997814626,0.8705901006904537,0.0,0.9543463232281011
2021-05-20,14.575762748718262,14.64683358028502,14.234622566942482,14.266541704450896,321592000,14.55411763191223,14.163911037445068,14.280825634820324,14.384463809007732,44.705274933604734,-0.1036381741874077,-0.0446455712882924,-0.0589926028991152,15.664476984887772,13.44375827893669,0.1523569465444519,0.5373243314324875,19051464000.0,64.5225011500827,41.503558550478395,0.0388709759862881,0.0381345234495852,0.0223564917297711,0.0599143733608047,0.5587588262022872,0.4412411737977129,0.921291221061504,0.07870877893849601,0.07870877893849601,1.0121418569002163,3,-0.14075453338843016,0.009140923442342522,0.06956785549615349,0.7347032857036739,0.8617633073967317,0.052495262023677255
2021-05-21,14.954058647155762,15.183730127808582,14.832116394533218,15.125626149353618,672992000,14.540476989746091,14.20377555847168,14.384399944410392,14.42665601924092,51.95928648639288,-0.0422560748305276,-0.0441676719967394,0.0019115971662118,15.62237577960345,13.458578199888736,0.1446963416935819,0.5480295086816821,19724456000.0,86.93987229080018,61.09873063730864,0.0259537634468403,0.0256226808664987,0.0222268451979751,0.0835627535838059,0.8021837115995131,0.197816288400487,0.5333337050532468,0.46666629494675316,0.46666629494675316,0.5859269623323902,3,-0.1513134826065228,0.010443702799634262,0.4562225921471189,0.7455924981719241,0.9428090415820634,0.29860393181292805
2021-05-24,15.572752952575684,15.705418021198524,15.137848205171483,15.174256423810531,554816000,14.547160148620604,14.258757019042967,14.567223484128128,14.511552088376828,65.41162709435612,0.0556713957513004,-0.0241998584471315,0.0798712541984319,15.653799836362872,13.44052046087834,0.1421251195742152,0.5428108875793131,20279272000.0,94.182014553238,81.88146266470697,0.04137300247499,0.0405400371500019,0.0239551991254832,0.0417945994342043,0.941241451117253,0.05875854888274691,0.07541231958053529,0.9245876804194647,0.9245876804194647,0.08284890100814278,3,0.48998758476823806,0.27544689898572533,0.6491407814337393,0.7310991402942562,0.43959264235364787,0.7471280158464516
2021-05-25,15.60840892791748,15.778729299964288,15.443574568167058,15.726361521757942,435408000,14.560426568984983,14.307763481140135,14.72740586009572,14.592800743157616,64.79622680914265,0.1346051169381041,0.0075611366299156,0.1270439803081885,15.712663196510494,13.408189941459476,0.1476430599488712,0.5338157682593468,20714680000.0,92.76331545727042,91.29506743376952,0.0022896385404931,0.0022870213124129,0.0239013036651666,0.0722468187198039,0.9525741250722249,0.04742587492777508,1.2913809022130351e-08,0.999999987086191,0.999999987086191,1.418726928522551e-08,3,0.7970846541508031,0.42148351524537897,0.578516471840812,0.8131583054121803,0.0,0.9549999876673122
2021-05-26,15.660529136657717,15.754043443944218,15.547065605147322,15.69469328900032,370440000,14.581535863876343,14.355817394256592,14.870963287259103,14.671891735268732,64.68859680572277,0.1990715519903698,0.0458632197020064,0.1532083322883634,15.79965145074626,13.363420277006426,0.1555650612109379,0.5234312234656827,21085120000.0,94.97783332267365,93.97438777772736,0.0033392390589543,0.0033336761806217,0.0238312290853102,0.0808756090810354,0.8966656968509296,0.10333430314907034,0.2797620972441077,0.7202379027558923,0.7202379027558923,0.3073500779359395,3,0.8816085234205161,0.38417546643471573,0.33606243632117655,0.3748671305477526,0.3507507428266377,0.6033876320162476
2021-05-27,15.449060440063477,15.71040181104527,15.421130958607248,15.660278094852826,581476000,14.589677762985229,14.3986443901062,14.959901310767467,14.72945978747575,58.598923818063795,0.2304415232917183,0.0827788804199488,0.1476626428717694,15.829606997232805,13.349748528737653,0.1605184003335391,0.512191715909453,20503644000.0,85.99281162186901,91.24465346727102,-0.0135032919225722,-0.0135952904967248,0.0240653854115904,0.1349594808831919,0.5193800690617938,0.48061993093820615,0.9741469559677308,0.02585304403226918,0.02585304403226918,1.070209816794781,3,0.582030311291451,0.3166768809248926,-0.2908238368926234,0.39479874124025266,0.7286746343384293,0.018392902662611194
2021-05-28,16.20366096496582,16.236578947504775,15.462031299114846,15.462031299114846,644536000,14.651272630691528,14.468907318115235,15.151248949874908,14.838659874697235,73.90222542911891,0.3125890751776712,0.1287409193714933,0.1838481558061779,16.07925169804607,13.223293563336988,0.1762538811990691,0.5283832343608257,21148180000.0,98.82913268331146,93.26659254261806,0.0488444282958118,0.0476890136454834,0.0257658886962962,0.0846132341265286,0.05418145849058348,0.9458185415094165,0.0467626738606155,-0.9532373261393845,0.9532373261393845,0.05137404815425119,3,-0.06904879311707424,0.32325948029138313,-1.2764968064307676,0.8205202394977255,0.0,0.9103416464631121
2021-06-01,16.223609924316406,16.34704949574134,15.86326820041709,16.229096888512235,472804000,14.72248067855835,14.537110404968262,15.316227561327446,14.94124876726162,73.77231736883749,0.3749787940658269,0.17798849431036,0.1969902997554668,16.314217012614286,13.130744344502416,0.1962246801397998,0.5198512312743587,21620984000.0,95.77535084708737,93.53243171742264,0.0012311390243056,0.001230381794097,0.0255113448556275,0.0733191203600724,0.8722370455239448,0.12776295447605518,0.3597051335597571,0.6402948664402429,0.6402948664402429,0.39517648002575284,6,-0.09569647188895736,0.4034860642202041,0.2368088022200388,0.778984434496811,0.7086877281134915,0.43814286558146603
2021-06-02,16.736066818237305,16.876214600887355,16.194681963051526,16.211390186002433,594168000,14.843525457382205,14.608769779205325,15.534664370082808,15.074198252519077,86.9636338093414,0.4604661175637314,0.2344840189610343,0.2259820986026971,16.657524125139663,13.029526789624745,0.21677717799032,0.5259964089922696,22215152000.0,95.93898657143528,96.84782336727804,0.0315871064646846,0.0310984963667631,0.0245530086075217,0.0348057825163976,0.16605046444495797,0.833949535555042,0.46203961774545377,-0.5379603822545462,0.5379603822545462,0.5076024019066716,3,-0.28363428065122914,0.2599679674771613,-0.7979283497317076,0.728912580250343,0.4714045207910317,0.428987382442819
2021-06-03,16.92708396911621,17.215608058599543,16.54130706968029,16.658761189100893,580008000,14.968772172927856,14.68655366897583,15.7488827699341,15.211449046341087,89.49912773358454,0.5374337235930131,0.2950739598874301,0.242359763705583,16.993889804550047,12.943654541305666,0.2392754281029215,0.5298616519986027,22795160000.0,92.21553056260778,94.64328932704348,0.0114135031219375,0.011348860496056,0.0245632887898935,0.0270629872647616,0.45016590890487274,0.5498340910951273,0.9333332070351895,-0.06666679296481051,0.06666679296481051,1.0253713306708763,3,0.011889230406962168,0.11836018556512198,-0.1850269785299325,0.6029347879928939,0.9428090415820634,0.04265781933731096
2021-06-04,17.5340576171875,17.6165979934895,17.052521354002085,17.069476909819976,617120000,15.121150636672974,14.785010528564452,16.02352505412693,15.383494125663043,89.57575901004579,0.6400309284638883,0.3640653536027218,0.2759655748611665,17.431946332259603,12.810354941086343,0.2635779744811043,0.5318921562494342,23412280000.0,97.99044537778155,95.3816541706082,0.0358581341699919,0.0352301983313321,0.0252957620816131,0.0142838557077116,0.9465837358780784,0.0534162641219217,0.041751945153707726,0.9582480548462923,0.9582480548462923,0.04586920002166024,3,0.11787362654231197,0.11239562381656502,0.8458524310297273,0.795360474555704,0.08363498449289898,0.8883390741696289
2021-06-07,17.574705123901367,17.76771918028066,17.149528167001655,17.52707659864361,575756000,15.261135339736938,14.88642993927002,16.26216814178454,15.545806051458475,91.33945539972608,0.7163620903260632,0.4345247009473901,0.2818373893786731,17.810527102997522,12.711743576476357,0.2901205733225582,0.5482971767290236,23988036000.0,95.46757653409756,95.22451749149565,0.0023182030994368,0.0023155202121501,0.025234793050175,0.0229226454322113,0.9428785810555496,0.0571214189444504,0.06541388100112766,0.9345861189988723,0.9345861189988723,0.07186449351731225,3,0.6087224602934515,0.14301679756556215,0.7915693214333102,0.6617571325416195,0.14876076397892118,0.8460590513554898
2021-06-08,17.413110733032227,17.577196435464696,17.207627375092446,17.483183670666758,323848000,15.420296669006348,14.978552722930909,16.43923623274572,15.684124916760236,91.07231873751827,0.7551113159854861,0.4986420239550093,0.2564692920304767,18.093084085276544,12.747509252736153,0.3069856336696908,0.5461775250781791,23664188000.0,91.6729606440527,95.04366085197728,-0.0091947142060081,-0.0092372465063225,0.0232657595049432,0.0192230996600575,0.341334649482174,0.6586653505178259,0.7808825937975633,-0.21911740620243667,0.21911740620243667,0.8578872135530309,3,0.5579055892142428,0.1080210189606042,-0.32713842516304087,0.6901011355187432,0.8221552636176694,0.149042477152011
2021-06-09,17.318578720092773,17.53483445076462,17.216313965511866,17.475719983872768,381656000,15.572711420059203,15.066610355377197,16.574519692337574,15.805195568858942,88.92841758416893,0.7693241234786328,0.5527784438597341,0.2165456796188987,18.316099816965263,12.82932302315314,0.3168144962985008,0.5307217064878722,23282532000.0,87.28762583606787,91.47605433807271,-0.0054287837703879,-0.0054435731669098,0.023479634004242,0.0260390974681172,0.11483766071221377,0.8851623392877862,0.3192494742207397,-0.6807505257792603,0.6807505257792603,0.35073139552973753,3,0.011572729005725221,0.1469477047263362,-0.8276982305055965,0.7307466373459955,0.4714045207910317,0.542852960522354
2021-06-10,17.385181427001953,17.452029665221186,17.13675177103503,17.310353951056314,287772000,15.755775022506716,15.157526187896728,16.69923688228594,15.922231558351015,87.51284505931247,0.7770053239349242,0.5976238198747721,0.179381504060152,18.46816714568931,13.04338289932412,0.3120349516709466,0.509209720224951,23570304000.0,86.96902196694846,88.64320281568968,0.0038457374583462,0.0038383615146276,0.020638713957235,0.0707168593816547,0.11948307313038056,0.8805169268696195,0.3342218539954428,-0.6657781460045572,0.6657781460045572,0.36718023594083227,3,-0.521882025995418,-0.03963415419434951,-0.6261439918102077,0.8253748230614089,0.0,0.6358181294343521
2021-06-11,17.78451156616211,17.898251342387297,17.403883229039902,17.439550960234815,416308000,15.96345601081848,15.246922607421874,16.86620221826689,16.06017822559628,87.58259617847857,0.8060239926706068,0.6393038544339391,0.1667201382366676,18.62642241327378,13.300489608363185,0.2994702882391236,0.5024313299603099,23986612000.0,95.87959542392409,90.04541440898015,0.0229695698510188,0.0227097405358847,0.0202759126035343,0.0456374515964148,0.3803279396137377,0.6196720603862623,0.8372811587638516,-0.16271884123614838,0.16271884123614838,0.9198473700882419,3,-0.5030825043399886,0.013971780236850187,-0.17669062147299858,0.6573822963330841,0.8701252603378251,0.10807144839011266
2021-06-14,17.977563858032227,17.9982664755166,17.622378570506847,17.865072468441838,321376000,16.151974582672118,15.330933380126954,17.03718093207694,16.202206790961906,86.00015097102353,0.8349741411150333,0.678437911770158,0.1565362293448753,18.82525312851274,13.478696036831495,0.2974016465135483,0.4756119393150951,24307988000.0,99.19668103052769,94.01509947380008,0.0108550797783746,0.0107965863199368,0.019119517458629,0.0226710297608987,0.949987797008002,0.050012202991997996,0.018605965410999126,0.9813940345890009,0.9813940345890009,0.020440742243057437,3,0.05096568244943189,0.16369475560168037,0.8176992789873205,0.6768886222394712,0.4714045207910317,0.7825960273857601
2021-06-15,17.747844696044922,17.97507495598846,17.68748377402905,17.8740566646082,243032000,16.332872486114503,15.406843605041503,17.146513818841246,16.31669848763472,80.26877227369181,0.8298153312065253,0.7087133956574315,0.1211019355490937,18.918214449122544,13.747530523106464,0.2913415129876789,0.4723923216155198,24064956000.0,90.28294093456022,95.11973912967066,-0.0127781029621912,-0.0128604451229872,0.0195377592589895,0.0617392919191031,0.8021012643847871,0.19789873561521287,0.5335068662882885,0.4664931337117115,0.4664931337117115,0.5861171993931278,3,0.4283894423548548,0.09344405258245457,0.37304908112925694,0.7268349736847896,0.9428090415820634,0.2984931318126261
2021-06-16,17.76953887939453,17.913709313816597,17.54430492642031,17.75008462449621,307124000,16.522323751449584,15.48570140838623,17.242363828157135,16.424316294431744,80.09742386739202,0.818047533725391,0.7305802232710235,0.0874673104543675,18.931147412440605,14.113500090458562,0.2711183083973306,0.4839942179440478,24372080000.0,91.12473536868482,93.53478577792424,0.0012223559379265,0.0012216094691454,0.0190026784586817,0.070016216640927,0.050253119109019535,0.9497468808909805,0.020292369636216723,-0.9797076303637833,0.9797076303637833,0.02229344664854331,3,0.1560598459789765,-0.18002648304078198,-0.7996811473230013,0.803795584097103,0.0,0.935620786997413
2021-06-17,18.614606857299805,18.79195023048878,17.715667091470888,17.733874892512524,809656000,16.751534700393677,15.575834674835203,17.45347814033293,16.58656003982938,88.25676378458226,0.8669181005035504,0.7578477987175289,0.1090703017860215,19.03090212458564,14.472167276201713,0.2449009470536413,0.5402093812711815,25181736000.0,94.67424349389356,92.0273065990462,0.0475571135323724,0.0464608949863845,0.0204386019857761,0.0293854703381299,0.16111880275420715,0.8388811972457929,0.4500243007176974,-0.5499756992823026,0.5499756992823026,0.4944022269677352,3,-0.35439673197812466,-0.22729195348076278,-0.3226837458015398,0.7838319829078283,0.4714045207910317,0.4385687932139172
2021-06-18,18.59615135192871,19.330718581922177,18.54152604115206,18.74106970383863,968856000,16.952554130554198,15.66213758468628,17.629274019039972,16.735418655540443,85.17237979422507,0.8938553634995294,0.7850493116739291,0.1088060518256003,19.1308756035238,14.774232657584594,0.2342765910800868,0.5403289550803827,24212880000.0,78.81534989802009,88.20477625353283,-0.000991452868845,-0.0009919446833414,0.0198654657624875,0.0210448710473172,0.8021838885404855,0.19781611145951453,0.5333333333713464,0.46666666662865364,0.46666666662865364,0.5859265539980868,3,-0.3543388876724773,-0.06337521170820366,0.5300418783368573,0.8110491850523035,0.9428090415820634,0.29860416963956793
2021-06-21,18.385133743286133,18.494135068349298,17.78201553321056,18.39311488047978,672384000,17.12410788536072,15.742564334869384,17.745560130462458,16.857619773151235,80.08667608554501,0.8879403573112228,0.8056275208013879,0.0823128365098349,19.17651788964395,15.071697881077489,0.2232684333920311,0.5639257067513755,23540496000.0,69.8477743007017,81.11245589753845,-0.011347380683729,-0.0114122534319968,0.0202765145428063,0.0845353380837743,0.798248198583444,0.20175180141655602,0.5415395537265071,0.4584604462734929,0.4584604462734929,0.5949420085237848,3,0.1250504712066148,0.09723030147437493,0.36123014479911797,0.6899397854440931,0.9428090415820634,0.2933532876069286
2021-06-22,18.843584060668945,18.92040964710168,18.343978923682204,18.42928423103204,580144000,17.28764944076538,15.81602077484131,17.914486888955764,17.00472823889329,79.78271807103798,0.909758650062475,0.8264537466536054,0.0833049034088696,19.34082755773847,15.234471323792292,0.2179180043841619,0.5564184271502075,24120640000.0,82.536297712234,77.0664739703186,0.0249359250677319,0.0246300985073648,0.0192705792232579,0.0603597462008316,0.07547654566223969,0.9245234543377603,0.16484784475078218,-0.8351521552492178,0.8351521552492178,0.18110386800366207,3,0.029991652550976394,0.0011683994725078608,-0.8363205547217257,0.7023516128823301,0.4714045207910317,0.6659779211256464
2021-06-23,19.013694763183594,19.108977447011597,18.86453654386818,18.964308379906097,332356000,17.457913732528688,15.883493041992187,18.083595792683123,17.153540574025904,79.6625469768864,0.9300552186572196,0.8471740410543283,0.0828811776028914,19.48942351483555,15.426403950221822,0.213689112779963,0.5272107412518788,24452996000.0,86.08444362436265,79.48950521243279,0.0090275131295065,0.0089870087197407,0.019192005595236,0.049600587923021,0.937678022273341,0.062321977726659,0.09630250194660028,0.9036974980533997,0.9036974980533997,0.10579911206801963,3,0.17566859635922508,-0.009931105746863733,0.9136286038002635,0.7424978041068191,0.4291096661947442,0.7334138635100035
2021-06-24,19.161605834960938,19.37561602544948,19.044623366172903,19.183806109567367,320924000,17.63296756744385,15.96195327758789,18.249443491495093,17.30228614890998,76.6097029616884,0.9471573425851112,0.8671707013604849,0.0799866412246262,19.61512484365028,15.650810291237422,0.2068884302577523,0.5038112582442071,24773920000.0,90.44112697002596,86.35395610220753,0.0077791861928775,0.0077490843351522,0.0191354274638207,0.0524068802134141,0.9391732349019832,0.06082676509801664,0.08767665220927401,0.912323347790726,0.912323347790726,0.0963226475463884,3,0.3269562301983028,0.053758924835852616,0.8585644229548733,0.7155211281435679,0.43358442491919985,0.7390497940148251
2021-06-25,18.987504959106445,19.30128697907614,18.851317522351227,19.236435003149623,278364000,17.809889793395996,16.01976978302002,18.362991409589146,17.4271171718875,72.13282640479254,0.9358742377016468,0.8809114086287173,0.0549628290729296,19.59295588095463,16.026823705837362,0.1878146803804753,0.4917954327760575,24495556000.0,82.6648236308017,86.39679807506344,-0.0090859230355756,-0.0091274517769716,0.0188697472169798,0.0765065840301495,0.5610341881670013,0.43896581183299865,0.918213229176332,0.081786770823668,0.081786770823668,1.0087603371907456,3,0.6326025388892648,0.20540098214834562,-0.12361421132467762,0.7246720839596597,0.7544264109391093,0.05748243922002626
2021-06-28,19.93932723999023,20.03286298538225,19.27484893935136,19.31700206223911,495436000,17.996673107147217,16.10110643386841,18.60550461426624,17.613206806561777,81.72150887730506,0.9922978077044604,0.903188688443866,0.0891091192605944,19.852450138820988,16.140896075473446,0.1861423918006453,0.5400660731977399,24990992000.0,96.7702985335527,89.95874971146013,0.0501288759599398,0.0489128956470826,0.0190086829440562,0.0357016247447137,0.22722444524589,0.7727755547541101,0.5919832080733414,-0.4080167919266587,0.4080167919266587,0.6503600270745434,3,0.19536444222924523,0.2256808260562948,-0.6336976179829534,0.7800542612835533,0.9428090415820634,0.2610761043475383
2021-06-29,19.98097801208496,20.052812050401,19.612072127487256,19.837056837882255,367632000,18.184541511535645,16.19426342010498,18.81711590623835,17.788597266230163,83.88150966266022,1.028518640008187,0.9282546787567304,0.1002639612514566,20.045293313006635,16.323789710064656,0.1862523246205029,0.5487960330306679,25358624000.0,97.53660650296897,92.32390955577443,0.0020888754968217,0.0020866968298496,0.0189873998795737,0.0172269634730068,0.9499879843305756,0.0500120156694243,0.018604651168158126,0.9813953488318419,0.9813953488318419,0.02043929839972202,3,0.21838844257628387,0.29921349494246446,0.6821818538893774,0.625290821759175,0.4714045207910317,0.7825970754064226
2021-06-30,19.956785202026367,20.116419372850345,19.81835223637548,19.953542508047825,326568000,18.345577430725097,16.290736961364747,18.99244964405189,17.949203779992846,83.08315534057864,1.0432458640590454,0.9512529158171934,0.091992948241852,20.23574614681997,16.455408714630224,0.1894261722978257,0.5475666931941472,25032056000.0,94.11494766145748,96.14061756599304,-0.0012107920865516,-0.0012115256875086,0.0184927469842386,-0.0049870482972402,0.9199689439835741,0.08003105601642585,0.18602494887175736,0.8139750511282426,0.8139750511282426,0.20436929482936947,3,0.46245120267780876,0.3500012956360002,0.46397375549224246,0.6117432033950386,0.375000843756718,0.6753192589507463
2021-07-01,20.16580581665039,20.40924764246024,19.973246122217304,20.0790047597842,480136000,18.507513523101807,16.387615432739256,19.172965978297817,18.11339652344896,82.21215836694009,1.0595694548488552,0.9729162236235258,0.0866532312253294,20.440449449216544,16.57457759698707,0.1917043081431203,0.5432375878404707,25512192000.0,91.50273318339242,94.38476244927296,0.0104736615896832,0.0104191927912026,0.0184874796336118,-0.0080027883159347,0.9162788653429398,0.08372113465706024,0.20239023133173717,0.7976097686682628,0.7976097686682628,0.22234839524742794,3,0.864326722876116,0.5832529990527832,0.21435676961547967,0.5931713685263466,0.37703145248341796,0.6612003422407421
2021-07-02,20.440174102783203,20.458383806119546,20.241380242470996,20.393531838306902,342764000,18.65281934738159,16.500160579681395,19.36792107437249,18.28575041821446,82.5950583167678,1.0821706561580309,0.9947671101304268,0.0874035460276038,20.710535557819053,16.59510313694413,0.2013403799879842,0.5372868795875707,25854956000.0,99.37511285446146,94.99759789977048,0.0136056197618581,0.0135138943680037,0.0174218116683174,0.0012448983057775,0.4500871616128342,0.5499128383871658,0.9332271554910471,-0.0667728445089529,0.0667728445089529,1.025254821141249,3,0.514937325095851,0.44461437868673276,-0.5113872231956856,0.6195691339081509,0.9428090415820634,0.042725678122911455
2021-07-06,20.651193618774418,20.794365027841287,20.30374010137351,20.69010404345961,446708000,18.806643772125245,16.608647022247315,19.565347619665097,18.46096843307075,88.61984087654899,1.1043791865943433,1.0166895254232102,0.087689661171133,20.981638576211058,16.631648968039435,0.2106410742387769,0.5516115111921851,26301664000.0,95.59480730955636,95.49088444913674,0.0103237631406709,0.0102708370505898,0.0173802199514275,-0.02166835239448,0.930093573256162,0.069906426743838,0.1372907964983352,0.8627092035016648,0.8627092035016648,0.15082935615410376,6,0.5311820425536583,0.43752664378829553,0.42518255971336927,0.42238853381001373,0.43714890778001414,0.6649487102319728
2021-07-07,20.3251895904541,20.827289518235947,20.285531292892728,20.805839022549197,418428000,18.95224771499634,16.70636901855469,19.682246384401864,18.59905888917322,81.44880253100794,1.0831874952286429,1.0299891193842967,0.0531983758443459,21.124338548479344,16.780156881513335,0.2137338816758831,0.563922499616966,25883236000.0,83.86372574314932,92.94454863572236,-0.0157862075354295,-0.0159121367645161,0.0177859644986977,-0.0260288489772155,0.8021549435114378,0.1978450564885622,0.5333941319186958,0.4666058680813042,0.4666058680813042,0.585993348029338,3,0.42084740902467216,0.4925008005393864,-0.025894932458082165,0.39149147159354897,0.9428090415820634,0.2985652667115364
2021-07-08,19.85725975036621,20.086982890992743,19.655721781967447,19.81111606957633,503300000,19.07918176651001,16.796652603149415,19.709171517627148,18.692258952965293,66.85613934165555,1.0169125646618546,1.0273738084398083,-0.0104612437779536,21.143328111171943,17.01503542184808,0.2078984079990054,0.5348642617218776,25379936000.0,68.14638770366294,82.53497358545621,-0.0230221636066636,-0.0232913125668489,0.0188816847179527,-0.0470537530630089,0.14533924156987163,0.8546607584301285,0.4094553301410091,-0.5905446698589909,0.5905446698589909,0.4498326573535705,3,0.24625680057465948,0.466425389406196,-1.056970059265187,0.6163241903442817,0.8381742567281683,0.3985233154126424
2021-07-09,20.004423141479492,20.03435525988892,19.709100137865747,19.916874216592717,296624000,19.210143852233887,16.89197420120239,19.754594844373663,18.789456300262643,68.45818595959605,0.9651385441110208,1.0149267555740509,-0.0497882114630301,21.150395529973807,17.269892174493968,0.1939822672233698,0.5017258746685245,25676560000.0,72.97890496774515,74.99633947151914,0.0074110624005192,0.0073837354092034,0.0188668681467749,-0.0942257395277057,0.5499476424857481,0.450052357514252,0.9331802826044051,0.06681971739559489,0.06681971739559489,1.025203326011979,3,-0.01903969479403045,0.3357717277724465,-0.2689520103768516,0.5501101042921495,0.9428090415820634,0.04275567049304456
2021-07-12,20.465620040893555,20.48582217682213,20.141611349333026,20.193741842138916,321984000,19.34419927597046,16.995562152862547,19.863983336145953,18.913616577346417,75.59060597089083,0.9503667587995396,1.0020147562191486,-0.0516479974196091,21.23968502869188,17.44871352324904,0.1852360934028814,0.4779589615702733,25998544000.0,85.43599503864135,75.52042923668314,0.023054746250481,0.0227930009339564,0.0188706225438183,-0.084472993591074,0.8003919769953343,0.19960802300466574,0.5370846598561089,0.46291534014389113,0.46291534014389113,0.5900478073730531,3,-0.020269870773168146,0.2856203404889677,0.1772949996549234,0.5494691710574775,0.9428090415820634,0.29620382307502363
2021-07-13,20.203716278076172,20.414483746196098,20.06802744154041,20.353871638255328,290708000,19.455506896972658,17.100201206207274,19.916249942596757,19.00917951814121,67.5800590507522,0.9070704244555472,0.9830258898664284,-0.0759554654108811,21.27293156510751,17.638082228837806,0.1799099376689434,0.4651848098512496,25707836000.0,68.44220251385704,75.61903417341452,-0.0127972552160187,-0.0128798454621263,0.0193649687474439,-0.0808888044690965,0.9499876906816076,0.05001230931839231,0.018606711387904817,0.9813932886120952,0.9813932886120952,0.020441561782453092,3,0.5037094487171939,0.3118751290523723,0.6695181595597228,0.5838435900412335,0.4714045207910317,0.7825954325191292
2021-07-14,19.7961483001709,20.371081261605372,19.707602218648773,20.31121893436614,380100000,19.55792207717895,17.200135192871095,19.897772766838933,19.06747350199526,59.528515593140725,0.8302992648436742,0.9524805648618776,-0.1221813000182033,21.19174568461358,17.92409846974433,0.1650647977233551,0.4936194996093887,25327736000.0,47.8160003941996,67.23139931556601,-0.0201729212732778,-0.0203791731655563,0.0198084838724152,-0.0217470415650701,0.20192008116733678,0.7980799188326633,0.5418877466607042,-0.45811225333929584,0.45811225333929584,0.595324537560121,3,0.328732125138897,0.25596949921946616,-0.7140817525587619,0.6514833370960085,0.9428090415820634,0.2931304907597884
2021-07-15,18.922901153564453,19.801638809987963,18.815397482477785,19.766469664881527,550564000,19.615590190887453,17.292289791107176,19.74779251864286,19.056764439148537,47.52954465103773,0.6910280794943269,0.9001900677883675,-0.2091619882940406,21.053276774881805,18.1779036068931,0.1519520259950773,0.5382137899839812,24777172000.0,5.3434115311621335,40.533871479739595,-0.044111972357719,-0.0451144986877049,0.0227224867104617,0.0330983111666607,0.19792723288708672,0.8020727671129132,0.5335667055543533,-0.46643329444564674,0.46643329444564674,0.5861829395461715,3,0.01894924694238435,0.06609199951270739,-0.5325252939583541,0.6205842514649647,0.9428090415820634,0.2984548426961477
2021-07-16,18.11949157714844,19.113215466883993,18.03169335944509,18.9870054099986,688224000,19.590834426879884,17.366236629486085,19.497284681489873,18.98733681974112,42.05188273854195,0.5099478617487527,0.8221416265804447,-0.3121937648316919,21.115513123759776,18.06615572999999,0.1682915539200619,0.5833246936064092,24088948000.0,3.140590152689162,18.766667359350304,-0.0424569979992036,-0.043384648229999,0.0224271281776465,0.0769230445338402,0.3543437132579416,0.6456562867420584,0.8000000283873528,-0.19999997161264718,0.19999997161264718,0.8788898621211825,3,-0.3748485064658631,-0.029137406157857097,-0.1708625654547901,0.6372598671900208,0.0,0.19099997289007803
2021-07-19,18.736827850341797,18.998477447310524,17.824666134451522,17.8743037047261,749060000,19.597868251800534,17.451243419647216,19.380291322851708,18.968780599785617,38.27061212852827,0.4115107230660939,0.7400154458775745,-0.3285047228114806,21.10441590372618,18.091320599874894,0.160811388561502,0.5924999283623519,24838008000.0,30.378825413556275,12.954275699135865,0.0340702867166493,0.0335027493240213,0.0237670225704168,0.027383434040882,0.19781611833738003,0.80218388166262,0.5333333478189833,-0.46666665218101666,0.46666665218101666,0.5859265698704383,3,-0.3776999727464367,-0.011440546489575059,-0.4552261056914416,0.6272881277089264,0.9428090415820634,0.2986041603950151
2021-07-20,18.56946182250977,18.794945132479892,18.122485771322793,18.687192164183777,434687000,19.607084655761717,17.527132434844972,19.2555483227991,18.93920143109851,36.56140705590112,0.3163468917005865,0.6552817350421769,-0.3389348433415904,21.084365488868567,18.129803822654868,0.1591086319277277,0.6090513168083057,24403321000.0,24.80483206227065,19.441415876172034,-0.0089324633373828,-0.0089725969615239,0.023708951213647,0.032022507571582,0.8021764366097438,0.1978235633902561,0.5333489866673085,0.46665101333269154,0.46665101333269154,0.585943750901389,3,-0.06667187015365728,0.04567821007286732,0.4209728032598242,0.4031253577509334,0.9428090415820634,0.2985941536264752
2021-07-21,19.36564064025879,19.48237382941793,18.699168004217075,18.838847442192375,371017000,19.63318748474121,17.629847564697265,19.272485602408285,18.970789520665942,45.09318706747428,0.3016960817423424,0.58456460438221,-0.2828685226398676,21.07160317274905,18.19477179673337,0.1485533801569725,0.6529688075535413,24774338000.0,51.320938670365486,35.50153204873081,0.0428757077269681,0.0419820008705491,0.0249769560581237,0.0047912115749431,0.40538856186020583,0.5946114381397941,0.8723126240299818,-0.12768737597001822,0.12768737597001822,0.9583333683196626,3,-0.04256767160611429,-0.038693606514834014,-0.08899376945518421,0.38186205584475685,0.8380828936381178,0.08617248065162417
2021-07-22,19.549217224121097,19.841546833620864,19.23194323043398,19.597107853695302,323826000,19.65996360778809,17.735426235198975,19.31505969805641,19.013636017218175,44.86027806701946,0.3014236808382335,0.5279364196734148,-0.2265127388351812,21.069471106093857,18.25045610948232,0.144200914251096,0.6641931763216135,25098164000.0,57.43481178520785,44.52019417261467,0.0094794996598599,0.0094348511449033,0.0249841735439004,0.0034705378450683,0.9525739970972021,0.04742600290279781,9.57168762250049e-07,0.9999990428312377,0.9999990428312377,1.0515573645371482e-06,3,0.4463208933979705,-0.036035641626385076,1.036034684457623,0.5919135653333514,0.0,0.954999085903832
2021-07-23,19.51329803466797,19.65497367183318,19.206001448211797,19.61107361577112,195672000,19.67754821777344,17.851214008331297,19.345557903688956,19.050648018510753,41.953947902597875,0.2949098851782032,0.4813311127743724,-0.1864212275961692,21.06954375938688,18.28555267616,0.1426714786132385,0.6753641930467725,24902492000.0,56.2385515537335,54.99810066976895,-0.0018373722610645,-0.0018390622999483,0.0249532486504335,-0.0030165421576942,0.6205240816012115,0.3794759183987884,0.8360755749357054,0.16392442506429455,0.16392442506429455,0.9185229008796211,3,0.3454120306418382,0.05282674100269926,0.11109768406159529,0.5621307089559608,0.816496580927726,0.11181055831634212
2021-07-26,19.249906539916992,19.39756711649879,18.870773917905098,19.266867886400917,203943000,19.690668296813964,17.963594303131103,19.3308423092625,19.06540790898529,37.94527668493239,0.2654344002772113,0.4381517702749402,-0.1727173699977289,21.06004157018955,18.321295023438378,0.1422732386296037,0.6862141352107081,24698549000.0,47.466505879084664,53.71328973934201,-0.0134980511384096,-0.0135899779901559,0.0250682543520685,0.0236341955086427,0.3860972297068262,0.6139027702931739,0.8454175557138663,-0.15458244428613363,0.15458244428613363,0.92878611576301,3,0.33644700786979964,0.09737686245405827,-0.2519593067401919,0.47990811030452957,0.816496580927726,0.10543852384876953
2021-07-27,19.16410255432129,19.577155964444557,18.69816886887377,19.220971495871236,248863000,19.65190706253052,18.06273250579834,19.305190039271544,19.072718623454623,39.58103975639637,0.2324714158169207,0.3970156993833363,-0.1645442835664156,21.035457914824786,18.268356210236252,0.144389840157925,0.7103019116555345,24449686000.0,50.332877818515485,51.34597841711122,-0.0044573715419229,-0.0044673352414187,0.022249032072944,0.0316011660203539,0.05790752101173363,0.9420924789882664,0.07024794331249518,-0.9297520566875048,0.9297520566875048,0.07717525377676797,3,-0.3068033586364478,-0.006873435413778527,-0.9228786212737263,0.6948102792100314,0.4714045207910317,0.7414150080116415
2021-07-28,19.458425521850582,19.601098340577916,18.951587150781,19.274846044574673,202191000,19.6257794380188,18.16930328369141,19.32876472889909,19.101289504817288,46.305984952914166,0.2274752240818003,0.3631076043230292,-0.1356323802412288,21.002885933590363,18.248672942447236,0.1415434659937064,0.7088764388919816,24651877000.0,61.392844341805464,53.06407601313521,0.0153580355090998,0.0152412946380319,0.0225649720234929,0.039532459848582,0.1403009024740962,0.8596990975259038,0.3957356593740864,-0.6042643406259136,0.6042643406259136,0.43476005845254856,3,-0.5628662805331839,-0.026530248048763805,-0.5777340925771498,0.7458690343468399,0.8221552636176694,0.41101734336115553
2021-07-29,19.617063522338867,19.80762698019667,19.283825335460097,19.4743887933179,190781000,19.608793354034425,18.282034282684325,19.373118389428285,19.139494987596663,46.41987292681536,0.2336234018316219,0.3372107638247477,-0.1035873619931258,20.97706129763766,18.24052541043119,0.139497732883938,0.7230583333715102,24842658000.0,67.35408817354077,59.69327011128724,0.0081526637553557,0.0081196103197093,0.0226590887361255,0.0495879869996969,0.9445372786561886,0.05546272134381128,0.05500531740370129,0.9449946825962987,0.9449946825962987,0.06042951764179609,3,-0.19634057157237308,0.041804561846037216,0.9031901207502615,0.7256291168407281,0.10353403821220074,0.8697671974974346
2021-07-30,19.454435348510746,19.585134561055348,19.21897466845994,19.3736191961783,183497000,19.57322483062744,18.39051523208618,19.385628690825587,19.162823903219927,40.10832189173309,0.2228047876056607,0.3143295685809303,-0.0915247809752696,20.917296229835305,18.22915343141958,0.1381763464351334,0.7171076061241026,24659161000.0,62.92988378946353,63.892272101603254,-0.0082901385134901,-0.0083246928176075,0.0225641280535891,0.044463641036667,0.9455558854194306,0.054444114580569504,0.04846725397917129,0.9515327460208287,0.9515327460208287,0.05324672081951592,3,0.43075436266373807,0.1959788649875868,0.755553881033242,0.8722460475367002,0.0,0.9087137724498914
2021-08-02,19.704862594604492,19.915380808627756,19.316751690978577,19.65497762771269,217444000,19.536459255218507,18.493097229003908,19.434741599099265,19.20297491739656,45.109098598532846,0.2317666817027053,0.2978169912052854,-0.06605030950258,20.819523101438193,18.25339540899882,0.1302281444551671,0.7314673574309621,24876605000.0,73.83699693600673,68.04032296633702,0.0128725013914587,0.0127903549478347,0.0225387901568292,0.0275949438889062,0.050705930118328954,0.9492940698816711,0.023441414860116416,-0.9765585851398836,0.9765585851398836,0.025753026429091136,3,0.30665628115908145,-0.08638651043685912,-0.8901720747030245,0.9882129815591254,0.4714045207910317,0.7787400802369794
2021-08-03,19.769710540771484,20.175779873517374,19.176069279723396,19.694881202710075,301811000,19.49238510131836,18.58941026687622,19.486275282433457,19.24495533394285,49.72212261843232,0.2413199484906023,0.2865175826623488,-0.0451976341717464,20.670485606287514,18.314284596349204,0.1191823727049047,0.7554838967764892,25178416000.0,82.72863933267149,73.16517335271392,0.0032909616017697,0.0032855582392312,0.0223975821700848,0.0061065958181274,0.44499185646275863,0.5550081435372414,0.926357731745414,-0.07364226825458597,0.07364226825458597,1.0177079877982282,3,-0.0328893691245468,-0.12032460948241348,0.04668234122782751,0.8818922750310527,0.9428090415820634,0.047121189352127515
2021-08-04,20.22766494750977,20.271565011875875,19.782683207905936,19.944313619581152,231309000,19.487508869171144,18.6825085067749,19.600335230906733,19.317748638651512,65.02560652811908,0.2825865922552211,0.2857313845809232,-0.0031447923257021,20.651822209288497,18.32319552905379,0.1151208845053261,0.7208848356046472,25409725000.0,98.20588967720732,84.92384198196184,0.0231644467324816,0.0229002235447908,0.0228196939761809,-0.0283615784900919,0.5928778354191557,0.40712216458084427,0.8747083108007686,0.1252916891992314,0.1252916891992314,0.9609652992458487,3,-0.3083030547317459,-0.08034259041307563,0.205634279612307,0.8038048531515692,0.816496580927726,0.08545970935245971
2021-08-05,20.589834213256836,20.68561547950289,20.295508346135612,20.45314818824978,211435000,19.524137592315675,18.78213701248169,19.75256584357598,19.41197719973339,81.66650908064099,0.3405886438425902,0.2967028364332567,0.0438858074093335,20.779927850051703,18.268347334579648,0.1219815803011645,0.6763440087870912,25621160000.0,96.65211593563356,92.52888164850413,0.0179046502246744,0.0177462499151514,0.0224783047344699,-0.0354703931068847,0.95257139618667,0.04742860381333004,2.0147284647942243e-05,0.9999798527153521,0.9999798527153521,2.21340544975237e-05,3,0.3505430912199993,0.19533339664447538,0.8046464560708767,0.8169117472975264,0.0,0.9549807593431612
2021-08-06,20.31945037841797,20.52298458479839,20.163806797419905,20.477090195052455,178497000,19.5398889541626,18.875315437316896,19.839778848936284,19.479197435191505,72.26782659008083,0.3605814137447787,0.3094785518955611,0.0511028618492175,20.828517737855513,18.251260170469685,0.1268369724273264,0.622930873285515,25442663000.0,85.71414077198426,93.52404879494172,-0.0131319092732072,-0.0132188951602167,0.0226889986873616,-0.0087397791696125,0.5415880439383299,0.45841195606167007,0.9444208671037262,0.055579132896273864,0.055579132896273864,1.0375523702747453,3,0.3936168916036193,0.28959675000478785,-0.234017617108514,0.702570767245083,0.7402088055703998,0.03932697224073392
2021-08-09,20.24861717224121,20.461129719952012,20.096964132095703,20.399271142893213,146443000,19.52903881072998,18.97130657196045,19.902677052521657,19.53619148978778,74.28578019166865,0.3664855627338781,0.3208799540632245,0.0456056086706536,20.788164890716,18.269912730743957,0.1243666240786215,0.6009098894783157,25296220000.0,78.01207309395518,86.79277660052433,-0.0034859804206117,-0.0034920706079934,0.0221013688640961,-0.0169995460671223,0.16260584330495534,0.8373941566950447,0.4536780858352918,-0.5463219141647082,0.5463219141647082,0.4984163201980771,3,0.16974569048230603,0.07655152189607259,-0.6228734360607808,0.561185985064961,0.8591740570891644,0.364845286056579
2021-08-10,19.89043617248535,20.383306595035517,19.78966527712816,20.27555363193905,179238000,19.51337480545044,19.04504207611084,19.90079384020838,19.562431836654262,58.691322935235085,0.3383620035541135,0.3243763639614023,0.0139856395927112,20.744647484821854,18.28210212607902,0.1238054981493719,0.5781048402639721,25116982000.0,59.98990345880422,74.57203910824789,-0.0176891585587823,-0.0178474815697742,0.0222733528766351,-0.0239768315443421,0.09684086475238118,0.9031591352476189,0.2557234314439695,-0.7442765685560305,0.7442765685560305,0.2809409042847218,3,-0.4116731166081548,-0.1657069516149073,-0.5785696169411232,0.6835117192416015,0.0,0.7107841229710091
2021-08-11,19.653976440429688,20.00317688001312,19.38559215044887,19.997190075674563,185925000,19.50626621246338,19.113649406433105,19.86282193255012,19.56921291841541,51.70508708629064,0.2936090141347094,0.3182228939960637,-0.0246138798613543,20.732295428278064,18.280236996648696,0.1247614414854645,0.5786749207194986,24931057000.0,48.0922388537743,62.03140513551123,-0.0118881119551697,-0.0119593406372901,0.0219639873332354,-0.0334535609447821,0.14363096606468803,0.856369033935312,0.40484862561229373,-0.5951513743877063,0.5951513743877063,0.44477167514806076,3,-0.6285832857028149,-0.11122020722173911,-0.4839311671659672,0.7196919083990896,0.8392750033698627,0.4014131342595532
2021-08-12,19.85950469970703,19.983219923418048,19.57515626394466,19.824584849910885,151652000,19.55309638977051,19.1761181640625,19.8623115890358,19.5907160133259,55.340108356615545,0.2715955757098989,0.3088974303388307,-0.0373018546289318,20.75664837910888,18.349544400432137,0.1212066471482672,0.5757528804232133,25082709000.0,58.43356113507429,55.50523448255094,0.0104573372162264,0.0104030374910298,0.0194594912366381,-0.0053752845247356,0.3574746682178509,0.6425253317821491,0.8045527528670596,-0.19544724713294034,0.19544724713294034,0.8838915411815085,3,-0.5116250633588922,-0.12862091849007545,-0.06682632864286489,0.32683460499608785,0.816496580927726,0.13331183449174788
2021-08-13,20.141862869262695,20.16780442422177,19.8056331423008,19.859510585376015,183063000,19.654214954376226,19.240413742065428,19.905319478301475,19.631541706358256,63.67806180466404,0.2737777719432195,0.3018734986597085,-0.028095726716489,20.67685102524855,18.631578883503895,0.1015433455693824,0.555727677934506,25265772000.0,72.64064312175539,59.72214770353466,0.0142177850769777,0.0141176602898834,0.0164464641746283,0.0311075509721132,0.9493679935595565,0.05063200644044344,0.022929140469001852,0.9770708595309981,0.9770708595309981,0.025190235487842702,3,0.06215741267011732,-0.006938179871251639,0.9840090394022498,0.6992260973638178,0.4714045207910317,0.7791485847614495
2021-08-16,19.904399871826172,20.24062946452108,19.408534249799988,20.08897647359914,210876000,19.71259355545044,19.287820587158205,19.905178000382197,19.65175342231884,60.847815787815186,0.2534245780633561,0.292183714540438,-0.0387591364770819,20.643954608950185,18.781232501950697,0.0935834347679125,0.5523782578738131,25054896000.0,54.947932782504715,62.00737901311147,-0.011789525079078,-0.011859572625734,0.0154075856154733,0.100651728241244,0.9355501568741009,0.06444984312589896,0.10825084533913176,0.8917491546608682,0.8917491546608682,0.11892570894828113,3,0.5577909223529754,-0.022399708164749343,0.9141488628256176,0.8176081863614915,0.1040887768040233,0.8205949971374077
2021-08-17,19.41352653503418,19.72481369476368,19.222963104205142,19.64000698314387,204585000,19.75479679107666,19.32459701538086,19.82953931340558,19.63410698622368,49.37791401874002,0.1954323271818978,0.27283343706873,-0.0774011098868321,20.531751354373903,18.977842227779416,0.0800425993592799,0.5546586562898214,24850311000.0,15.73037348496963,47.772983129743245,-0.0246615492028374,-0.024970739196899,0.0164240678403194,0.1200022125547943,0.19893292033763668,0.8010670796623633,0.5356743319032494,-0.4643256680967506,0.4643256680967506,0.5884984037529895,3,0.4681647820317054,-0.09667182259232424,-0.36765384550442637,0.7553994867210604,0.9428090415820634,0.2971062440907037
2021-08-18,18.99648094177246,19.589123091355606,18.956571456849645,19.45542860045095,285913000,19.736338806152343,19.356264419555664,19.701376487000484,19.586875427375443,41.97623464336563,0.1145010596250415,0.2411669615799923,-0.1266659019549508,20.56784521872656,18.90483239357813,0.0875432049886429,0.5624265127019206,24564398000.0,2.30818211548442,24.328829460986256,-0.0214822171803308,-0.021716318760127,0.0142239243087933,0.1666493132724749,0.4826865769383643,0.5173134230616356,0.9769062030017253,-0.023093796998274796,0.023093796998274796,1.0732411594937985,3,0.13477656318861445,-0.021924948711405188,-0.001168848286869608,0.6562999025636705,0.8955419357123644,0.015141796902730063
2021-08-19,19.75275421142578,20.44816179796092,18.71912067132583,19.449448117020804,766555000,19.746515655517577,19.404947929382324,19.709280752296685,19.599162744712505,53.34378322391768,0.1101180075841803,0.2149571707808299,-0.1048391631966496,20.573348223820517,18.919683087214636,0.0837182055173518,0.6574945321845037,25330953000.0,52.56223079136983,23.533595463941293,0.0398112298783879,0.0390391869460769,0.01677351876423,0.1146575767863908,0.14317060639558968,0.8568293936044103,0.40359938201686263,-0.5964006179831374,0.5964006179831374,0.4433992407825802,3,-0.3612733610260541,-0.0007998129152775947,-0.5956008050678597,0.7413609761204843,0.8392750033698627,0.40225571449825565
2021-08-20,20.7684268951416,20.817314696928367,19.887445490471492,19.945311597000565,675741000,19.80927209854126,19.47261283874512,19.87222631273437,19.685774904003548,60.17561605397068,0.186451408730818,0.2092560183708275,-0.0228046096400095,20.74493872340584,18.873605473676683,0.0901047180500184,0.6907753441740329,26006694000.0,97.67000562546038,50.84680617743821,0.0514192943852009,0.0501409603716015,0.0202290713688111,0.0874326143850694,0.9525741267467814,0.04742587325321861,5.58192603250518e-10,0.9999999994418074,0.9999999994418074,6.132372533746618e-10,3,0.12683519482013186,0.22707895477465292,0.7729210446671545,0.7477452814302203,0.0,0.954999999466926
2021-08-23,21.907812118530273,21.94672253711048,20.90211662128844,20.9230685315231,575807000,19.942167377471925,19.55507884979248,20.18539335977989,19.85037025322775,66.96749527019838,0.3350231065521392,0.2344094360070899,0.1006136705450492,21.23149600246166,18.65283875248219,0.1177049189589483,0.7035314190436684,26582501000.0,98.79444797759496,83.00889479814172,0.0548614119471517,0.0534093952158758,0.0228449763653727,0.0332454205348893,0.95257412682019,0.04742587317981003,1.6551648940321684e-11,0.9999999999834484,0.9999999999834484,1.81838449235579e-11,3,0.4678664604807063,0.39785713293413705,0.6021428670493113,0.7752335483051083,0.0,0.9549999999841932
2021-08-24,21.743192672729492,21.90881365504365,21.48578289478911,21.70328507988881,297299000,20.071121883392333,19.630391426086423,20.425054792541367,19.99057932133899,62.614163822189816,0.4344754712023757,0.2744226430461471,0.1600528281562286,21.536653681497658,18.605590085287012,0.1348037356025827,0.6979011539829649,26285202000.0,93.69408391178855,96.719512504948,-0.0075141892266613,-0.0075425629730234,0.022933828033973,0.0273459070615484,0.8021838885383051,0.19781611146169492,0.5333333333759265,0.4666666666240735,0.4666666666240735,0.5859265540031185,3,0.8222222220164431,0.3249422482331478,0.1417244183909257,0.6876764741060898,0.9428090415820634,0.2986041696366373
2021-08-25,22.1622314453125,22.41864404034006,21.672354404189697,21.68731951267329,347701000,20.20631217956543,19.718679161071776,20.69231273912154,20.151442441633325,62.96476961996128,0.5408702974882154,0.3277121739345607,0.2131581235536546,21.912880631684267,18.499743727446592,0.154006915443507,0.718496804279911,26632903000.0,93.06903699795868,95.18585629578074,0.0192721822820698,0.0190888258182245,0.0230291911389997,0.010442542948891,0.6434286896127513,0.3565713103872486,0.8032410148483162,0.19675898515168377,0.19675898515168377,0.8824504496746038,3,0.5544752172530687,0.22565793830326428,-0.028898953151580503,0.6628851850749209,0.8955419357123644,0.129008001247116
2021-08-26,22.01755714416504,22.288934759604295,21.740192726079528,22.14925538445009,237940000,20.32633686065674,19.80363952636719,20.896196493743616,20.289673160339376,64.2976646463,0.6065233334042404,0.3834744058284967,0.2230489275757436,22.18893613663851,18.463737584674966,0.1691921827463395,0.7272621341147563,26394963000.0,89.15841698890317,91.9738459662168,-0.0065279663514234,-0.0065493667084817,0.0232161603769291,0.0150423513894046,0.9453475460550902,0.05465245394490993,0.049813827685212364,0.9501861723147876,0.9501861723147876,0.05472608324057,3,0.5378706080301817,0.42773105836205544,0.5224551139527323,0.37003633425450255,0.10353403821220074,0.8745454121757237
2021-08-27,22.584264755249023,22.670068642424027,22.116336798954833,22.133298143105087,304722000,20.48282833099365,19.88303268432617,21.155899303205988,20.45964290811046,68.15002937668423,0.6962563950955278,0.4460308036819029,0.2502255914136249,22.551506822115755,18.41414983987155,0.1831964435008938,0.7478582705720905,26699685000.0,97.8282708661072,93.35190828432304,0.025738895889918,0.0254132269244281,0.0233571460964321,0.0093228763703101,0.39394945949791177,0.6060505405020882,0.8564197476412521,-0.14358025235874797,0.14358025235874797,0.9408732590167209,3,0.33445496836924127,0.41051870759627357,-0.5540989599550216,0.48983408768032083,0.7286746343384292,0.102148807026799
2021-08-30,22.636146545410156,22.990334740001824,22.499460525203325,22.777822203844707,262580000,20.629392528533938,19.9638325881958,21.383629648160476,20.62086539976229,72.40305795131803,0.7627642483981845,0.5093774926251593,0.2533867557730251,22.873881601271307,18.38490345579656,0.1983101733534659,0.7405177632071721,26962265000.0,91.7075522365814,92.8980800305306,0.002297253894399,0.0022946192408785,0.0233545901256404,-0.0009696777683592,0.9473169743399177,0.052683025660082386,0.03688651951784405,0.963113480482156,0.963113480482156,0.04052398362849956,3,0.5899064668127321,0.6333064359484583,0.3298070445336977,0.48049701720337806,0.07268378124423835,0.8963749615154769
2021-08-31,22.337779998779297,22.647125533698055,22.073339614358837,22.647125533698055,259850000,20.757796001434325,20.042885513305663,21.53042200979414,20.748044258948735,71.67893456285316,0.7823777508454057,0.5639775442692087,0.218400206576197,23.08742252583366,18.42816947703499,0.2085817412944923,0.7373892767625269,26702415000.0,84.72203145107105,91.41928485125322,-0.013180977867956,-0.0132686179297875,0.0237866331359051,-0.0020550863558079,0.9487209113679996,0.051279088632000425,0.027389457260820205,0.9726105427391798,0.9726105427391798,0.030090394326687062,3,0.5973812569541961,0.6293936564195116,0.3432168863196682,0.5263300408422711,0.4714045207910317,0.7755917807875791
2021-09-01,22.39366149902344,22.64912199389681,22.30983905945331,22.43756930689,201767000,20.86609582901001,20.113887062072752,21.663228085060187,20.8699418322876,70.97728118912264,0.7932862527725852,0.609839285969884,0.1834469668027012,23.291377091871446,18.440814566148575,0.2166042621450895,0.7324763678318205,26904182000.0,86.03035969996117,87.4866477958712,0.0025016586360504,0.0024985346970194,0.0234662684362151,-0.0117642619776218,0.8333806685930241,0.16661933140697588,0.46340707832346517,0.5365929216765348,0.5365929216765348,0.5091047109019441,3,0.8241056482992904,0.5631926452328097,-0.026599723556274824,0.48339756617107693,0.11307014790560228,0.4921664099404683
2021-09-02,22.348752975463867,22.545337883825013,22.247966214051775,22.470495343605453,187834000,20.95404176712036,20.18058822631836,21.7686934528146,20.979483398448806,69.01576207392813,0.7892100543657925,0.6457134396490658,0.1434966147167267,23.463254715308107,18.444828818932617,0.2245506002900964,0.7278478241069823,26716348000.0,84.97893678303448,85.24377597802224,-0.0020054122708574,-0.0020074258024699,0.0233278359910548,0.0036612895778789,0.9010544094580977,0.09894559054190225,0.26366815497588547,0.7363318450241145,0.7363318450241145,0.2896690751869554,3,0.7485117698132765,0.6017162421471012,0.13461560287701335,0.4597177543339007,0.3667697359371366,0.6129279409941649
2021-09-03,22.79481506347656,22.93751306703993,22.15317176699286,22.277908090222944,280532000,21.07781000137329,20.25325241088867,21.92655831599336,21.11395241067309,74.0411522215108,0.8126059053202752,0.6790919327833077,0.1335139725369675,23.69701354739892,18.45860645534766,0.2298069573042775,0.7244368302016954,26996880000.0,95.42238636753476,88.81056095017682,0.0199591488841643,0.0197625763805881,0.0231949631604551,-0.0302502341217272,0.5757756220026475,0.42422437799735246,0.8981814896597715,0.10181851034022844,0.10181851034022844,0.9867532219944538,3,0.4582477590136261,0.5881533171740362,-0.48633480683380775,0.3613182992704115,0.816496580927726,0.0694489822588306
2021-09-07,22.61419677734375,22.85069635544666,22.474490803126553,22.7848355929797,198107000,21.196088981628417,20.32578624725342,22.032348848508807,21.22508162301906,78.0704619671688,0.8072672254897455,0.7047269913245953,0.1025402341651502,23.87069488502415,18.521483078232684,0.2365421977821748,0.7026346005373438,26798773000.0,91.19365226087562,90.53165847048162,-0.0079236565696999,-0.007955215555339,0.0233115713350411,-0.0185332722915109,0.8478458282038193,0.1521541717961807,0.42739849401223207,0.5726015059877679,0.5726015059877679,0.46954523768008166,6,0.47025062045070376,0.5342126505558905,0.03838885543187742,0.3198044286156614,0.6811626016302521,0.39684130846101384
2021-09-08,22.29187393188477,22.562302133901152,21.930636197722126,22.465506645086627,254434000,21.316160869598388,20.37283718109131,22.072275784412803,21.30410327552763,79.38949586809392,0.7681725088851721,0.7174160948367106,0.0507564140484614,23.959399502764676,18.6729222364321,0.2371481770660456,0.7062780966170339,26544339000.0,83.64725350396586,90.08776404412542,-0.0142531193405863,-0.0143556706631748,0.0231414392491403,8.949838295424506e-05,0.2859174264507569,0.7140825735492431,0.6949014818491923,-0.30509851815080774,0.30509851815080774,0.7634273073732021,3,0.12310716605906304,0.5111386125855962,-0.816237130736404,0.4248666232401976,0.9428090415820634,0.19522219216736905
2021-09-09,22.130216598510746,22.490455112570046,22.084314109745772,22.2649320379226,196856000,21.43997287750244,20.415821952819822,22.081189755812485,21.365296855007863,73.71866208416446,0.7158929008046222,0.717111456030293,-0.0012185552256708,23.98556209183202,18.894383663172864,0.2300555173509584,0.6117852306305469,26347483000.0,72.28008887703373,82.37366488062507,-0.0072518503320081,-0.0072782728173967,0.0229758115234746,0.0029310654062488,0.05130859640104468,0.9486914035989554,0.027591581397909293,-0.9724084186020907,0.9724084186020907,0.030312450387529572,3,-0.23496847692171,0.23463548414498958,-1.2070439027470803,0.692014536708537,0.0,0.9286500397649966
2021-09-10,22.430578231811523,22.57826480477666,22.223016871977077,22.30085143025267,248376000,21.568526554107667,20.46529781341553,22.134941829043107,21.444206586622947,69.34314874527837,0.6907352424201605,0.7118362133082665,-0.021100970888106,24.03655429770823,19.100498810507105,0.2200592172073703,0.5677486392564991,26595859000.0,73.19453825699348,76.37396021266436,0.0135724669464372,0.0134811860276352,0.023016733546063,-0.0257139341618591,0.07817934777237032,0.9218206522276298,0.17755161113833384,-0.8224483888616662,0.8224483888616662,0.1950603818693952,3,-0.6999851085381881,-0.021801506083702713,-0.8006468827779635,0.641656820424672,0.4714045207910317,0.6558475180894201
2021-09-13,22.10526657104492,22.91555377675498,21.81188619564653,22.636143804788667,297500000,21.666696739196777,20.504087028503417,22.130376404735696,21.493173992876425,52.835023807371414,0.6372024118592705,0.6969094530184673,-0.0597070411591967,24.050545345809404,19.28284813258415,0.2156815072961087,0.5624180634807543,26298359000.0,41.173966707440975,62.21619794715607,-0.0145030438985847,-0.0146092410786422,0.0233931032842068,-0.0469032124350901,0.16890889617976448,0.8310911038202355,0.46887335777036065,-0.5311266422296393,0.5311266422296393,0.5151100326755974,3,-0.7753278165644653,-0.1743328723560133,-0.35679376987362604,0.607779611179875,0.4714045207910317,0.4235379323675299
2021-09-14,22.19508171081543,22.36272658870624,22.039410651348906,22.228011138976065,199755000,21.78123083114624,20.539185180664063,22.1403310672095,21.545167157168205,56.63058981484592,0.5951639100412969,0.6765603444230333,-0.0813964343817363,24.02454260367067,19.537919058621807,0.2021449437990841,0.5552955761309543,26498114000.0,39.66123712361935,51.3432473626846,0.0040630652194058,0.0040548332603746,0.0230634870706731,-0.0447801186169689,0.22919249295435762,0.7708075070456424,0.5957078517556601,-0.4042921482443399,0.4042921482443399,0.6544519663948488,3,-0.585955726445215,-0.3372791571086497,-0.0670129911356902,0.2819277553653063,0.7069402529905535,0.2905668775252635
2021-09-15,22.293869018554688,22.31981514344312,21.919660118755335,22.261936936889985,166538000,21.925247955322263,20.572038688659667,22.163952290493377,21.600626554307944,52.13188136472444,0.5633257361854334,0.6539134227755133,-0.0905876865900799,23.87978827025379,19.970707640390746,0.1753433029775858,0.5305716753121984,26664652000.0,44.28907163075981,41.70809182060672,0.0044508647918659,0.0044409889862419,0.0219369473691829,-0.0179042346913284,0.7126343568222206,0.2873656431777793,0.6972623191947427,0.30273768080525726,0.30273768080525726,0.7660209522925704,3,-0.21089370322290715,-0.30857641847078837,0.6113140992760456,0.4951285620128599,0.8886465834402926,0.19919227535502843
2021-09-16,22.19508171081543,22.230007727042683,21.880745661445022,22.13620615441447,156033000,22.085177993774415,20.609436531066898,22.168741432081383,21.644660269604795,52.918400916324934,0.5240811624765911,0.6279469707157289,-0.1038658082391378,23.471552587700664,20.698803399848167,0.1249262888048466,0.5208846269968339,26508619000.0,32.51694922779757,38.82241932739225,-0.0044311423762757,-0.004440988986242,0.021079580357183,0.0107902512887123,0.6670836893930531,0.3329163106069469,0.7683252098323645,0.23167479016763542,0.23167479016763542,0.8440915172153397,3,0.043373440909517745,-0.3572802350165216,0.5889550251841571,0.4919156509643877,0.8561782027792396,0.15494929745507857
2021-09-17,21.85379981994629,22.273911214791905,21.78394779506993,22.252955607329,294503000,22.19023027420044,20.649367332458496,22.120288876368296,21.66015208814861,37.03029882336603,0.4601367882196854,0.5943849342165203,-0.1342481459968348,23.05135309949481,21.329107448906065,0.0788076062185225,0.5092740499584758,26214116000.0,5.79018407915543,27.53206831257094,-0.0153764647193362,-0.0154959085508037,0.0202962421220422,0.0082648458218217,0.5177798447398713,0.48222015526012874,0.9762835405532476,0.02371645944675238,0.02371645944675238,1.0725570948762086,3,0.1860429768065485,-0.3103066667882987,0.3340231262350511,0.3751546033788742,0.8955419357123644,0.015550054944251324
2021-09-20,21.068458557128903,21.387783145343043,20.618409823242526,21.10138797741771,349440000,22.205231857299804,20.67064804077149,21.958468827254546,21.616322937702705,27.916797761098735,0.342145889551837,0.5439371252835836,-0.2017912357317466,22.966757397910683,21.443706316688925,0.0722905796402654,0.5624537486659946,25864676000.0,19.406153430038255,19.237762245663756,-0.0359361424231858,-0.0365977442659159,0.0192099599269802,0.0259085238558238,0.19791352794558523,0.8020864720544147,0.5335379283942363,-0.46646207160576375,0.46646207160576375,0.586151324604434,3,-0.07035694066379183,-0.23802861721739488,-0.22843345438836887,0.3561523105666027,0.9428090415820634,0.2984732562247234
2021-09-21,21.201183319091797,21.379804680314123,20.90580818268113,21.37182213437268,204688000,22.16990041732788,20.68535930633545,21.841963364460273,21.585571854842637,33.205626545849626,0.2563915096176359,0.4864280021503941,-0.2300364925327582,23.046414351023348,21.293386483632418,0.0826853785001859,0.5553259328298356,26069364000.0,25.129260508631702,16.775199339275137,0.0062996902029162,0.006279930099522,0.0145275257707076,-0.0257462399890027,0.14317049139904758,0.8568295086009524,0.4035990695417372,-0.5964009304582628,0.5964009304582628,0.4433988974935675,3,-0.34638218087242456,-0.20573612315976586,-0.39066480729849695,0.40872222220896254,0.8392750033698627,0.40225592525408155
2021-09-22,21.89471435546875,21.91367337565563,21.151285132509745,21.32092658519888,268726000,22.177476501464845,20.7191792678833,21.8500789015385,21.60847129933346,43.79652142994177,0.2416076022050397,0.4374639221613232,-0.1958563199562835,23.040983931615457,21.313969071314236,0.0788781635723807,0.5855477405942917,26338090000.0,55.03439896819778,33.189937635622584,0.0327119022527588,0.0321882570018644,0.0163293726957952,-0.0649013131301867,0.6483708905824709,0.3516291094175292,0.796038019682771,0.20396198031722895,0.20396198031722895,0.8745371506705188,3,-0.2863003405822657,-0.1007234627959275,0.3046854431131565,0.38609334795784506,0.8955419357123644,0.13373075385017127
2021-09-23,22.434572219848633,22.48745990832766,21.843820146489403,22.093292745342225,248555000,22.191093540191652,20.771947746276854,21.94000095050929,21.66966396011236,50.95007176154358,0.270336990396931,0.4040385358084448,-0.1337015454115138,23.0621451080585,21.320041972324805,0.0776526121675899,0.6102811757417932,26586645000.0,78.31313248689649,52.82559732124199,0.0246569950909196,0.0243579176505802,0.0166959135396948,-0.0785516150624157,0.9453514547447854,0.05464854525521452,0.04978860894407444,0.9502113910559256,0.9502113910559256,0.05469837762165114,3,0.1859241469716307,0.09277704281839613,0.8574343482375294,0.6155687100940773,0.10353403821220074,0.8745686233473927
2021-09-24,22.0344181060791,22.10227544755049,21.81488289522603,22.02344163103519,217655000,22.191936588287355,20.83417808532715,21.9545266667508,21.69668278573953,41.49549212917928,0.2578438810112722,0.3747996048490103,-0.1169557238377381,23.06231334364312,21.321559832931587,0.0790015648396576,0.5985203203543311,26368990000.0,61.642122168922114,64.99655120800547,-0.0178364940435771,-0.017997481477145,0.0171406810739819,-0.060640313022917,0.9462108986749913,0.053789101325008595,0.044201795850141945,0.955798204149858,0.955798204149858,0.048560636102165,3,0.703323858507671,0.18607140329619626,0.7697268008536617,0.7436474375232213,0.08965847632427718,0.8841435939508261
2021-09-27,21.61431121826172,21.7530179570092,21.280018765785552,21.664204989181176,245215000,22.14343891143799,20.904074478149415,21.90218582852171,21.690581188148577,39.38559600315073,0.2116046403731317,0.3421606119538346,-0.1305559715807028,23.029717796090868,21.25716002678511,0.0820085244172916,0.625534162352434,26123775000.0,43.35389573922296,61.103050131680526,-0.0190659397400414,-0.0192500385363172,0.0165415325042049,-0.0890122628379287,0.1978336176334742,0.8021663823665258,0.5333701055966138,-0.4666298944033862,0.4666298944033862,0.5859669524166473,3,0.4797932336007993,0.08631359121462172,-0.5529434856180079,0.7436855728879602,0.9428090415820634,0.2985806403400122
2021-09-28,20.655332565307617,21.37381486341932,20.607433491656852,21.169247409834707,343069000,22.04439821243286,20.942444572448732,21.710362249565694,21.613896104975172,34.69577179059141,0.0964661445905221,0.2930217184811721,-0.1965555738906499,23.12109855438341,20.96769787048231,0.1042539826987785,0.6486282442798085,25780706000.0,2.07524165613301,35.69041985475937,-0.0443677637131397,-0.045382130019451,0.0190023056158862,-0.0119813362638896,0.23472553662270318,0.7652744633772969,0.606060785726546,-0.393939214273454,0.393939214273454,0.6658258268790336,3,0.03174303182433943,0.02664849496887797,-0.42058770924233196,0.6926006501268416,0.7145584592284594,0.28212304875602967
2021-09-29,20.473718643188477,20.972663870201263,20.423822978492204,20.895826640226495,218394000,21.95119514465332,20.980529708862303,21.520109387046123,21.529438515213194,34.566751116078535,-0.0093291281670708,0.2325515491515235,-0.2418806773185944,23.225543062527574,20.67684722677906,0.1244862196343827,0.6588210934858646,25562312000.0,2.002450052430826,15.81052914926227,-0.0087925924961468,-0.008831475426512,0.0189206854052917,0.0089194042364888,0.2624690224923965,0.7375309775076035,0.6556083249277437,-0.3443916750722563,0.3443916750722563,0.7202593623187342,3,-0.401653594583032,0.04408712304509331,-0.38847879811734964,0.7432521773079338,0.7402088055703998,0.24368645460488095
2021-09-30,20.672300338745117,21.021562413613808,20.64435952502164,20.724190693278036,221009000,21.865127086639404,21.00666290283203,21.389677225769045,21.46594679843778,33.3018029697982,-0.0762695726687354,0.1707873247874717,-0.2470568974562072,23.24203924319448,20.48821493008433,0.1332132500004746,0.6659493480686799,25783321000.0,9.972078858857053,4.683256855806968,0.0096993467096759,0.0096526100136435,0.0191217756957393,0.0173297525548199,0.2500442544250276,0.7499557455749724,0.6338745736690566,-0.36612542633094336,0.36612542633094336,0.6963823961070846,3,-0.36815210522555103,0.07698362363471037,-0.4431090499656537,0.6048593550500345,0.7286746343384293,0.2604764576429261
2021-10-01,20.698244094848633,20.814995951669495,20.16037968568149,20.706226639761606,240978000,21.782601642608643,21.02964344024658,21.283302897935137,21.40907993150525,35.83203202674693,-0.1257770335701131,0.1114744531159547,-0.2372514866860679,23.23333478579909,20.331868499418196,0.1401793443484904,0.6338742541315051,26024299000.0,23.113273178197204,11.695934029828363,0.0012550009277336,0.0012542140723367,0.0191519030576078,0.004290792686697,0.89154643310223,0.10845356689776997,0.29778820211101065,0.7022117978889894,0.7022117978889894,0.32715377825953906,3,-0.0027684345047366277,0.14816216900210472,0.5540496288868846,0.4918581799718308,0.3596163657534254,0.5862051657851285
2021-10-04,19.690372467041016,20.498663106552392,19.51374583182753,20.46074316718496,345635000,21.627379512786867,21.033184928894045,21.03823667779758,21.281768267470863,28.71434673122951,-0.2435315896732817,0.0404732445581074,-0.2840048342313891,23.273296011439573,19.98146301413416,0.167179823683655,0.6953872773932025,25678664000.0,5.939597103497133,13.008316380183802,-0.0486935811167893,-0.0499190613067223,0.0207801855770738,0.0488040501283197,0.26589697033239645,0.7341030296676035,0.6614865060047588,-0.3385134939952413,0.3385134939952413,0.7267172042849593,3,-0.0008090408123982799,-0.03594138600520484,-0.3025721079900364,0.47586496680116996,0.7145584592284594,0.24242942949238885
2021-10-05,20.407854080200195,20.60443896543691,19.81211346850352,19.907911604183766,279282000,21.517062377929687,21.056343879699707,20.941254739705677,21.21703388322859,35.497227161031205,-0.2757791435229144,-0.0227772330580969,-0.2530019104648175,23.180159164984865,19.85396559087451,0.1629859543800563,0.7320952398009245,25957946000.0,30.06705503860348,19.70664177343261,0.0364381940646447,0.0357900216557273,0.0229413120323245,0.0107575119913438,0.48268588814002916,0.5173141118599708,0.9769052835014034,-0.02309471649859668,0.02309471649859668,1.0732401493194454,3,0.11353452913171728,-0.17578323181212693,0.15268851531353025,0.45648450486775416,0.8955419357123644,0.015142399787007906
2021-10-06,20.65633201599121,20.676288377439818,20.0376391312872,20.077555660834182,297202000,21.43528528213501,21.086188468933106,20.897420474518835,21.17550041158138,38.43383974183905,-0.2780799370625431,-0.0738377738589861,-0.2042421632035569,23.098810760317843,19.771759803952175,0.1610668803052745,0.7482042318754208,26255148000.0,38.42286630072388,24.809839480941505,0.0121756033150046,0.0121020768744931,0.0231326311383038,0.0115459404995463,0.9376763715297376,0.062323628470262425,0.09631191776416559,0.9036880822358344,0.9036880822358344,0.10580945640090474,3,0.18069329058066563,0.01997647913633314,0.8837116030995013,0.5925982931649935,0.4291096661947442,0.7334062219140562
2021-10-07,21.030546188354492,21.277024919797615,20.92776281199335,21.04750862400744,256919000,21.3803017616272,21.117630882263185,20.917901353570475,21.16476306171272,43.842419537022415,-0.2468617081422444,-0.1084425607156378,-0.1384191474266066,23.01963258002342,19.740970943230977,0.1558999755606907,0.7575420521671659,26512067000.0,51.00693331626784,39.832284885198405,0.0181161966254987,0.0179540536828907,0.0236093475473869,0.0318385628669091,0.790439901247042,0.20956009875295795,0.5574736460910047,0.4425263539089953,0.4425263539089953,0.6124473982041945,3,0.4410399065487445,0.13947156030525448,0.3030547936037408,0.5127467395344179,0.9428090415820634,0.2831576024215388
2021-10-08,20.78705596923828,21.16126489932197,20.73117434597139,21.056486855696548,151258000,21.298125648498537,21.141030731201173,20.89777129444245,21.136784758566463,47.70957751313999,-0.2390134641240173,-0.1345567413973137,-0.1044567227267036,22.879529283026574,19.71672201397049,0.1521527278194934,0.7000206633562244,26360809000.0,42.818848894886536,44.082882837292765,-0.0115779313069406,-0.0116454774226278,0.0233894253886938,0.0494933937115928,0.9470336567227863,0.05296634327721362,0.038774015470556256,0.9612259845294437,0.9612259845294437,0.042597609876960506,3,0.7691468068914246,0.32598836881978305,0.6352376157096606,0.5688385690873874,0.07268378124423835,0.8946182587527599
2021-10-11,20.651342391967773,21.0185661050647,20.46773053541931,20.53159660479376,163388000,21.225429439544676,21.16496887207031,20.859859155600187,21.10082606474434,45.52685151050713,-0.2409669091441522,-0.1558387749466814,-0.0851281341974707,22.784115475167884,19.66674340392147,0.1509525149541319,0.705509168499967,26197421000.0,38.25507531970152,44.026952510285305,-0.0065287541184929,-0.0065501596521732,0.0232602389959689,0.0737859499147106,0.4842552378480948,0.5157447621519051,0.9790000408436215,-0.02099995915637856,0.02099995915637856,1.075541475477384,3,0.46091745976068693,0.375292006987578,-0.39629196614395656,0.47771976333646493,0.8955419357123644,0.013768940488013517
2021-10-12,20.627391815185547,21.012577186630253,20.4846938393816,20.784060195567157,162134000,21.147044944763184,21.183419456481932,20.824094949382552,21.06575686107332,38.42931416777048,-0.2416619116907661,-0.1730034022954983,-0.0686585093952677,22.657337780874805,19.636752108651564,0.1464356569791599,0.6887588187930219,26035287000.0,37.44966578273754,39.50786333244187,-0.0011597588344446,-0.0011604318751485,0.0232044010361781,0.0783224194785354,0.5573528582123982,0.44264714178760184,0.9231914653157759,0.07680853468422408,0.07680853468422408,1.0142294885894305,3,0.33901152001909657,0.28594868367261156,-0.20914014898838748,0.45436452955983125,0.9428090415820634,0.04914717583389194
2021-10-13,20.89482879638672,20.945721806793703,20.66930570613976,20.873873186805923,180652000,21.077092933654782,21.20592182159424,20.834977079690887,21.053095522948382,35.20619928272524,-0.2181184432574987,-0.1820264104878984,-0.0360920327696002,22.49020580905545,19.66398005825412,0.1352595792165599,0.6655224066337292,26215939000.0,53.353956456083374,43.01956585284082,0.0129651379872606,0.0128818100517046,0.0234329565991788,0.0555901519209471,0.8365636014186985,0.16343639858130152,0.4557071216134053,0.5442928783865947,0.5442928783865947,0.5006454438380599,3,0.20003381797148023,0.4120638797271595,0.13222899865943516,0.39347625397234987,0.4291096661947442,0.4417318225162382
2021-10-14,21.70012855529785,21.70910844363068,21.07744429344667,21.24309449297666,243589000,21.052345275878903,21.23537109375,20.968077306707343,21.101023895715013,47.02014667183211,-0.1329465890076697,-0.1722104461918527,0.0392638571841829,22.39878256639442,19.705907985363392,0.1240948676487721,0.6794217153923976,26459528000.0,97.6380984654359,62.81390690141894,0.0385406248961652,0.0378164823904449,0.0251959086600861,0.0435019697872491,0.9471793275587226,0.05282067244127749,0.03780473283151764,0.9621952671684824,0.9621952671684824,0.041532744058520026,3,0.5277655600797672,0.5528195916795994,0.409375675488883,0.4687048759867615,0.4714045207910317,0.7672862959379902
2021-10-15,21.81587791442871,21.88473259084707,21.616300990357516,21.763987571571747,226994000,21.050449180603028,21.25989196777344,21.098508169433707,21.15397604524936,51.89985046950321,-0.0554678758156548,-0.1488619321166131,0.0933940563009583,22.392233094691775,19.70866526651428,0.1230098480887913,0.6447097339778265,26686522000.0,97.0959484641833,82.69600112856753,0.0053340402493882,0.0053198646431898,0.0249910896321262,0.039520701659226,0.9462109982175315,0.05378900178246838,0.04420114391317287,0.9557988560868271,0.9557988560868271,0.048559919876199335,3,0.8207623338806349,0.5602639879440269,0.39553486814280026,0.46738779537264646,0.08965847632427718,0.884144197013159
2021-10-18,22.175121307373047,22.243975990824204,21.59833961734775,21.70311955926144,189494000,21.105782318115235,21.297005386352534,21.26414095988591,21.229616435036306,66.15054802108992,0.0345245248496119,-0.1121846407233681,0.1467091655729801,22.538861614078364,19.672703022152103,0.1292510896422146,0.6189067801829398,26876016000.0,97.4780630050896,97.40403664490292,0.0164670610256183,0.0163329492578575,0.0237163094051268,0.0424802707689131,0.6311180100499427,0.36888198995005733,0.8209946389068076,0.1790053610931924,0.1790053610931924,0.9019547992336563,3,0.6989998281161675,0.5226181318274837,-0.3436127707342913,0.41711925618184237,0.816496580927726,0.12209705391736526
2021-10-19,22.242979049682617,22.33179009685353,21.990512506917007,22.22900674096052,161473000,21.157872104644778,21.336892623901367,21.414731435239258,21.30468033241751,69.26747985874471,0.1100511028217425,-0.067737492014346,0.1777885948360885,22.678606028120548,19.637138181169,0.1367383316847095,0.6040808300563302,27037489000.0,96.84848640450366,97.1408326245922,0.0030600843787496,0.003055411850341,0.0237024368278921,0.1088826723520453,0.9499646243391149,0.05003537566088519,0.01876850737096225,0.9812314926290377,0.9812314926290377,0.020619312837697128,3,0.7053452366030193,0.5254760615559971,0.4557554310730406,0.3556502030827981,0.4714045207910317,0.7824664110566738
2021-10-20,22.05637550354004,22.38567930946501,21.93563045748002,22.257949059996356,146276000,21.16595516204834,21.38021141052246,21.51344590728553,21.36036145620437,65.11218736471662,0.1530844510811633,-0.0235731033952441,0.1766575544764074,22.704790371066057,19.627119953030626,0.1395365443221379,0.5970954787391631,26891213000.0,88.53372442730802,94.28675794563378,-0.0083893234681278,-0.0084247119046074,0.022722144457352,0.1062298829641539,0.9026257310387413,0.0973742689612586,0.25775133401015704,0.742248665989843,0.742248665989843,0.28316878296415704,3,0.6341618399040245,0.6345115794340287,0.10773708655581427,0.3413024643126275,0.3678704825788309,0.6175800539428691
2021-10-21,22.644126892089844,22.66308781338826,22.036412424885217,22.05038282865257,187590000,21.1764328956604,21.440014419555663,21.687396828024653,21.45545519219588,68.92461654450021,0.2319416358287718,0.027529844449559,0.2044117913792127,22.75400413475942,19.598861656561382,0.1393360182635351,0.5950997017759515,27078803000.0,99.39794019184292,94.92671700788487,0.0266476868992129,0.0262988213600097,0.0228370739781057,0.0991100605759209,0.2407070546473087,0.7592929453526913,0.6170643293504052,-0.38293567064959483,0.38293567064959483,0.677914455123101,3,0.44684816265642885,0.5688338358149118,-0.9517695064645066,0.5874759957493338,0.9428090415820634,0.24502754564787335
2021-10-22,22.678056716918945,23.08120376239796,22.51340579315989,22.774852206054973,249384000,21.208614826202393,21.4963854598999,21.839806041700697,21.546018268101292,85.84762145312926,0.293787773599405,0.0807814302795282,0.2130063433198767,22.883160751442684,19.5340689009621,0.1476798427786802,0.5510496807914491,27328187000.0,87.66791339142159,91.8665260035242,0.00149839404234,0.0014972725701187,0.0224158030932282,0.1250110073034667,0.9499876840530987,0.05001231594690112,0.018606757892907,0.981393242107093,0.981393242107093,0.020441612873419977,3,0.4469020791491139,0.6312767449178401,0.35011649718925286,0.592583411438081,0.4714045207910317,0.782595395434504
2021-10-25,23.11712646484375,23.30572690449076,22.72196200749555,22.924532850079377,230235000,21.283755588531495,21.555890731811523,22.0363168760304,21.662396653045175,84.83440348693145,0.3739202229852196,0.1394091888206665,0.2345110341645531,23.157923400699485,19.409587776363505,0.1621453959702302,0.5305928014468722,27558422000.0,94.22902768598456,93.76496042308304,0.0193609952301263,0.0191759557139727,0.0221896193848282,0.1148669409453704,0.521871243111377,0.4781287568886231,0.9708197217813511,0.029180278218648853,0.029180278218648853,1.0665544764303478,3,0.20921261655871584,0.4979888893535782,-0.46880861113492933,0.6162022919973432,0.7286746343384292,0.02076003182733964
2021-10-26,24.664854049682617,25.205712322725873,23.873527758265784,23.938391161876503,485898000,21.484231662750243,21.651099815368653,22.440707210438433,21.88480090464795,88.63235106923085,0.555906305790483,0.2227086122146298,0.3331976935758531,23.86474451660463,19.103718808895856,0.1930287403330505,0.6341597022846942,28044320000.0,88.58462741713983,90.16052283151532,0.0669515559034827,0.0648055691365951,0.0234493597712325,0.0681314530958427,0.9422030773635878,0.05779692263641219,0.06957156675629994,0.9304284332437001,0.9304284332437001,0.07643217818036487,3,0.6470006511898142,0.49436454323313145,0.4360638900105686,0.606004185394538,0.4714045207910317,0.7419543730243063
2021-10-27,24.39942169189453,25.03707368304749,24.23077756713748,24.422373889856782,245990000,21.68051681518555,21.75081771850586,22.742047899893215,22.07106911111066,83.16307980891438,0.6709787887825556,0.3123626475282149,0.3586161412543406,24.341111762382035,19.019921867989066,0.2180867219554088,0.6474170745778088,27798330000.0,82.98240331313042,88.5986861387516,-0.0107615620693892,-0.0108198864972016,0.0235327199881322,0.0878080480137932,0.802183888558436,0.19781611144156394,0.5333333333336394,0.4666666666663606,0.4666666666663606,0.5859265539566615,3,0.4754251260429034,0.5354590154578698,-0.0687923487915092,0.586129263875309,0.9428090415820634,0.2986041696636953
2021-10-28,24.88838768005371,24.897369471375516,24.471270169615977,24.825520850776503,234204000,21.891321182250977,21.868655853271484,23.072254019917903,22.27975937547681,88.51209619049028,0.7924946444410956,0.4083890469107911,0.3841055975303045,24.865218196565333,18.91742416793662,0.2389786797396864,0.6522640193014091,28032534000.0,93.3025355974283,88.28985544256619,0.0200400646512706,0.0198419055946504,0.0236605267903008,0.1948598184199892,0.7138057194159602,0.2861942805840398,0.6953533530948954,0.3046466469051046,0.3046466469051046,0.7639237386766273,3,0.5672472489383886,0.43880403749730795,-0.13415739059220333,0.4089430856652296,0.9428090415820634,0.19493305508568726
2021-10-29,25.513063430786133,25.654764066294884,24.94726013432384,24.94825747657164,292503000,22.13206214904785,21.983862037658692,23.44776316005148,22.519263379573797,91.812666893946,0.9284997804776828,0.5124111936241695,0.4160885868535133,25.457997272390685,18.806127025705017,0.2607240900227991,0.6676597919153936,28325037000.0,97.2592125394408,91.1813838166665,0.0250990847122272,0.0247892759302493,0.023818796452427,0.1636876052850016,0.9462102008047482,0.05378979919525192,0.04420636640087949,0.9557936335991205,0.9557936335991205,0.04856565736537125,3,0.5757023157235288,0.46931046144149047,0.48648317215763004,0.4021781878823071,0.08965847632427718,0.8841393660467164
2021-11-01,25.772520065307617,25.839378171796714,25.17378532756758,25.594896041853243,265740000,22.43616952896118,22.08394390106201,23.805418068552424,22.76024535629482,92.5273439041263,1.045172712257603,0.6189634973508563,0.4262092149067468,25.93008063796633,18.94225841995603,0.2711346116058168,0.6774961845568566,28590777000.0,98.70682455767728,96.4228575648488,0.0101695602029665,0.0101181981517404,0.0192893259566329,0.1927053009708321,0.9499878735549586,0.050012126445041376,0.018605428363155818,0.9813945716368442,0.9813945716368442,0.020440152235697177,3,0.7472782840470233,0.6642147817681245,0.31717978986871964,0.31804047019060516,0.4714045207910317,0.7825964556454538
2021-11-02,26.345306396484375,26.6217224937928,25.74557436813177,25.7675292231353,294112000,22.73304214477539,22.172693786621092,24.196170119003497,23.025805433345894,92.88642061121448,1.1703646856575958,0.7292437350122043,0.4411209506453915,26.49965002728242,18.96643426226836,0.2859414747979293,0.7173403369892044,28884889000.0,95.01438982190125,96.99347563967312,0.0222246924136761,0.0219813232074952,0.0186599244512796,0.1612058994559142,0.9525660591756439,0.04743394082435617,5.952184807300753e-05,0.999940478151927,0.999940478151927,6.539143373724233e-05,3,0.9790428944626308,0.6668643869173866,0.3330760912345404,0.3303924497469676,0.0,0.9549431566350902
2021-11-03,26.541887283325195,26.72749571192284,26.179654119222267,26.613735891491203,239910000,23.02731990814209,22.26866767883301,24.557049682745298,23.286255940751772,92.13280109801669,1.270793741993522,0.8375537364084679,0.4332400055850541,27.02343458058915,19.03120523569503,0.3011175979906748,0.6983090473789625,29124799000.0,96.38130666840554,96.70084034932802,0.0074617043310247,0.0074340035267266,0.0187007668350009,0.1075647297244177,0.9525740917635582,0.047425908236441904,2.586797622772252e-07,0.9999997413202377,0.9999997413202377,2.84188765667505e-07,3,0.9937782637030032,0.8055528816461849,0.19444685967405284,0.30448138103698114,0.0,0.954999752960827
2021-11-04,29.738134384155273,31.298834251427845,27.060793699318,27.171559601999014,1153631000,23.462699317932127,22.420185737609863,25.35413963680837,23.764172862485363,94.87855081980707,1.589966774323006,0.9880363439913756,0.6019304303316306,28.34250195181735,18.582896684046904,0.3281848532156222,1.0189172879227553,30278430000.0,83.91113106100197,91.76894251710291,0.1204227516570799,0.1137060709247707,0.0305050758259035,0.0197644244592849,0.9525447294739705,0.04745527052602953,0.00021684275858768753,0.9997831572414123,0.9997831572414123,0.00023822611929312583,3,0.9999077922378592,0.8154606993601439,0.18432245788126844,0.01939320538370312,0.0,0.9547929151655488
2021-11-05,29.68923568725586,31.333757862133087,29.347956214635,30.123317473930538,851260000,23.907808303833008,22.57361930847168,26.021077490723368,24.203066405060955,94.11771277844812,1.8180110856624123,1.1540312923255829,0.6639797933368297,29.35144288560695,18.464173722059066,0.3667076269067195,1.1146433789243009,29427170000.0,82.50159734067842,87.59801169002866,-0.0016443095006479,-0.0016456628612809,0.0300778847470744,0.0214439945238604,0.9412424204056643,0.05875757959433571,0.07540647756082897,0.924593522439171,0.924593522439171,0.08284248289350278,3,0.9747921403336072,0.8808788216134025,0.04371470082576856,0.0326124364248919,0.43959264235364787,0.7471327365848782
2021-11-08,30.73902130126953,31.034396431529643,29.843912215673015,30.08540230696262,503101000,24.412192249298094,22.736714439392088,26.74691500003816,24.687211212187517,94.72584455480008,2.059703787850644,1.3351657914305952,0.7245379964200489,30.42499149978825,18.39939299880794,0.3912160502157447,1.186349318519819,29930271000.0,93.67175463586698,86.69482767918247,0.0353591323492472,0.0347483543080463,0.0297076544633736,-0.0252889967175681,0.7609919137338983,0.23900808626610173,0.6139582177152524,0.3860417822847476,0.3860417822847476,0.6745020427107471,3,0.7701394873217772,0.8925066980962086,-0.506464915811461,0.2680997253207236,0.9013305215805576,0.252367199784837
2021-11-09,30.59232521057129,32.24183980327339,29.90078828330195,32.21389899422513,646746000,24.91043891906738,22.89583801269531,27.33851657088941,25.124627063919647,95.1255343219307,2.213889506969764,1.510910534538429,0.7029789724313349,31.245548599354713,18.57532923878005,0.4141633325797812,1.3214209376617083,29283525000.0,83.83688862424698,86.67008020026412,-0.0047723084369046,-0.0047837322606446,0.0298567761291831,-0.0148088534900361,0.8021838047012534,0.1978161952987466,0.5333335094839233,0.46666649051607667,0.46666649051607667,0.585926747477528,3,0.5924339317466654,0.8226313919414882,-0.3559649014254115,0.30330312399094267,0.9428090415820634,0.29860405695110404
2021-11-10,29.39685821533203,30.784924757486024,28.71729497433481,29.294076749454003,636206000,25.33554039001465,23.037019577026367,27.655184516188275,25.441088630690935,83.54321183771322,2.21409588549734,1.6515476047302111,0.5625482807671285,31.67710383452435,18.99397694550495,0.4314449794639779,1.4243462515651495,28647319000.0,70.75601699419113,82.75488675143502,-0.0390773498585246,-0.0398613621779165,0.0326655665188176,-0.0067213974184456,0.9168784092766994,0.0831215907233006,0.1997765390079006,0.8002234609920994,0.8002234609920994,0.2194769607416636,3,0.5509772445976414,0.7967498047065246,0.003473656285574833,0.2748526445119085,0.3987207395467933,0.6575656983083114
2021-11-11,30.325891494750977,30.525470354822794,29.714185657516225,30.40372797344251,332172000,25.766828536987305,23.19566417694092,28.06606251289023,25.80292587988057,84.8871371832187,2.263136633009662,1.7738654103861016,0.4892712226235602,32.23928798167226,19.294369092302343,0.4268602916953165,1.4644044065831994,28979491000.0,79.87423420318588,78.15571327387467,0.0316031486294818,0.0311140472009704,0.032468851310412,0.0422836540593318,0.1500246299032763,0.8499753700967237,0.42186403575481624,-0.5781359642451838,0.5781359642451838,0.46346501382736394,3,0.2295846624209976,0.5713103129355087,-1.1494462771806924,0.5909243448340371,0.8531505652577861,0.3872553703509719
2021-11-12,30.325891494750977,30.615280651522603,29.567494491133164,29.946693944604604,413054000,26.19232921600342,23.35520694732666,28.413728510099578,26.13796036987097,84.25648175324196,2.2757681402286067,1.8742459563546028,0.4015221838740039,32.69001303286872,19.69464539913812,0.4285238452422719,1.4944126903558868,28979491000.0,77.10472196795665,75.9116577217779,0.0,0.0,0.0325944343063613,0.0853899125513435,0.4501617659112097,0.5498382340887903,0.9333276276144797,-0.06667237238552026,0.06667237238552026,1.0253652010507208,3,0.05180504145379864,0.41892858240611475,-0.485600954791635,0.53445937642032,0.9428090415820634,0.042661389419357224
2021-11-15,29.96166229248047,30.57935600274197,29.185303594652737,30.48755101953296,384909000,26.58165626525879,23.49854389190674,28.651872168927408,26.421197549323526,78.36080328370969,2.2306746196038816,1.9455316890044587,0.2851429305994228,32.99845826606558,20.164854264451993,0.428334178402193,1.4448031582278231,28594582000.0,71.53713896737713,76.1720317128399,-0.0120105027195507,-0.0120832115737171,0.0332385505716067,0.0643129788000667,0.4405042725928355,0.5594957274071645,0.9202947511569641,-0.07970524884303581,0.07970524884303581,1.0110471228178008,3,-0.2415045284912464,0.2647159529654793,-0.3444212018085151,0.5348691665941705,0.9428090415820634,0.051000684961346895
2021-11-16,30.1392879486084,30.32589375894315,29.643336595058535,29.696226196021204,264484000,26.97647171020508,23.649045715332033,28.880705365801408,26.69661165297426,81.02480060002804,2.184093712827149,1.9932440937689968,0.1908496190581523,33.23910846968168,20.713834950728476,0.4155796095883389,1.4359646616545807,28859066000.0,72.94211422689746,73.86132505407708,0.0059284312864211,0.0059109272844407,0.0331874622379146,0.0510875213355654,0.21384083365468648,0.7861591663453135,0.5660242322267928,-0.4339757677732072,0.4339757677732072,0.6218411772082865,3,-0.19345112966725422,0.07063462579228239,-0.5046103935654895,0.5357380399300192,0.8221552636176694,0.29518797513104816
2021-11-17,29.19927024841309,30.4446385457493,28.73924233915684,30.353829013241555,428508000,27.33361644744873,23.787193641662597,28.929715347741663,26.881993771154914,72.21760848971576,2.0477215765867527,2.004139590332548,0.0435819862542046,33.218125647610655,21.449107247286808,0.4030586483908264,1.522210977876829,28430558000.0,58.28999485200839,67.589749348761,-0.0311891144143209,-0.0316858506527059,0.0344306032273831,0.1166400926733315,0.9488215146211986,0.05117848537880138,0.02669951089645095,0.973300489103549,0.973300489103549,0.029332410772269113,3,0.1532064908291022,0.15452872676639687,0.8187717623371522,0.6070068267963213,0.4714045207910317,0.7761419668136137
2021-11-18,31.60818099975586,32.690891284605854,31.254927669456254,32.29872256948904,781711000,27.781819152832032,23.9767529296875,29.34178698651308,27.23208171401424,76.53342419795472,2.109705272498839,2.0252527267658067,0.0844525457330327,33.52625823995686,22.0373800657072,0.3634779924329843,1.7168713100162285,29212269000.0,85.59671378993642,72.2762742896141,0.0824990053124252,0.079272262014109,0.0375749734782368,-0.0054302522539809,0.35577468131053547,0.6442253186894645,0.8020830247179476,-0.19791697528205238,0.19791697528205238,0.8811782674872245,3,0.1138025820160967,0.059588231652378434,-0.2575052069344308,0.5426810113279139,0.816496580927726,0.13499640153008577
2021-11-19,32.9154167175293,33.018200072194944,31.837695120260975,32.17498143367427,533867000,28.29368715286255,24.186449699401855,29.89157617590019,27.653069492052396,78.49518745195383,2.2385066838477954,2.0679035181822045,0.1706031656655908,33.94697707507764,22.64039723064746,0.3435040771763584,1.7700446120312248,29746136000.0,98.58670912220757,80.8244725880508,0.0413575117715105,0.0405251617704232,0.0377406110567768,0.0118538637706162,0.9422041145990575,0.05779588540094243,0.06956521768024815,0.9304347823197519,0.9304347823197519,0.07642520300739267,3,0.5686060987137497,0.07818984898490022,0.8522449333348516,0.6638229226241784,0.4714045207910317,0.7419594359873166
2021-11-22,31.888586044311523,34.573909183585116,31.832704423703746,33.446291928728265,754335000,28.732260131835936,24.38211608886719,30.198808463348087,27.966811458886404,71.34073038257338,2.2319970044616824,2.1007222154381,0.1312747890235823,34.04536419655873,23.41915606711314,0.3332292035363279,1.9032629430469636,28991801000.0,68.00998874392057,84.06447055202152,-0.0311960405067855,-0.0316929997437467,0.0394034778387525,0.0225308594161914,0.8021829849880167,0.19781701501198337,0.5333352313694721,0.46666476863052786,0.46666476863052786,0.5859286391621517,3,0.39972752522274263,0.2274470965385733,0.23921767209195455,0.6430053079672592,0.9428090415820634,0.29860295517495145
2021-11-23,31.67902946472168,32.29173450046671,30.814855236904044,31.468474145181016,532163000,29.08296890258789,24.57179504394531,30.426534771251717,28.241790570429757,69.75742742220072,2.18474420082196,2.117526612514872,0.0672175883070882,34.187514446330496,23.978423358845284,0.3222665359383637,1.96962277667997,28459638000.0,61.468984131281275,76.02189399913647,-0.0065715230928913,-0.0065932106163607,0.0378910775599338,-0.009675153765127,0.049159648986454106,0.9508403510135459,0.012575656949033842,-0.9874243430509662,0.9874243430509662,0.013815771262283089,3,0.13655840263310473,0.0959111007292239,-1.08333544378019,0.8312797152718375,0.0,0.9429902476136727
2021-11-24,32.60507583618164,32.78569378331727,30.862758634892,31.39463524565812,435162000,29.493251609802247,24.77801918029785,30.76169493508709,28.56499688641138,63.3590511430747,2.19669804867571,2.1333608997470397,0.0633371489286704,34.32452722905795,24.661975990546544,0.2963511352360952,1.767193360988729,28894800000.0,66.38273791438061,65.28723692986084,0.0292321572695659,0.0288130458553012,0.0376116381974277,-0.0166514863011094,0.10994243353929743,0.8900575664607026,0.30289025176494255,-0.6971097482350574,0.6971097482350574,0.3327589527067435,3,-0.405956440885165,0.007710457958935102,-0.7048202061939925,0.7963214858220988,0.4714045207910317,0.5558983449997402
2021-11-26,31.436540603637695,32.64099310849513,31.283863498749785,32.53122455866597,283069000,29.820659255981447,24.962848358154297,30.865517345633336,28.777703828428145,57.37261326563272,2.0878135172051913,2.12425142323867,-0.0364379060334787,34.20480532263426,25.436513189328636,0.2789203889785187,1.7222882154349617,28611731000.0,46.43033554342092,58.09401919636094,-0.0358390588758339,-0.0364970469328048,0.0392755029687424,-0.0255923487973189,0.8546756321920493,0.14532436780795066,0.40941541466049636,0.5905845853395036,0.5905845853395036,0.4497888057161711,6,-0.3646498353155064,0.15407622268932236,0.4365083626501813,0.8477711789228328,0.7453559924999299,0.3972296231751064
2021-11-29,33.30559158325195,33.34151493953768,31.96841820902739,32.29772388938831,454964000,30.210285663604736,25.19188419342041,31.240913382190048,29.113102921378054,60.129144414224974,2.1278104608119897,2.124963230753334,0.0028472300586557,34.36142238217804,26.059148945031435,0.2492756634090681,1.762274900551119,29066695000.0,78.34384243521899,63.71897196434018,0.0594547282787845,0.0577543684869924,0.040587119701085,-0.0999318967510763,0.14335299472097754,0.8566470052790225,0.4040947150541784,-0.5959052849458216,0.5959052849458216,0.4439434197443586,3,-0.2341434826137916,-0.07009603074630202,-0.5258092541995196,0.721699268319184,0.8392750033698627,0.40192162607039006
2021-11-30,32.60706329345703,33.282636999598125,31.79677797027339,33.09902325931394,622066000,30.55201282501221,25.42265628814697,31.45109029161574,29.371914800791316,57.61942285535769,2.079175490824422,2.115805682767552,-0.0366301919431295,34.267327551697,26.836698098327417,0.2278840442175185,1.702829335765913,28444629000.0,66.41667317465287,63.73028371776426,-0.0209733037784016,-0.0211963679555928,0.0413391397945767,-0.0074987019969943,0.8021836758578008,0.19781632414219924,0.5333337801321952,0.46666621986780477,0.46666621986780477,0.5859270448150454,3,0.15378184008716247,0.024844425703677564,0.4418217941641272,0.7216996259022285,0.9428090415820634,0.29860388377245584
2021-12-01,31.372529983520508,33.2228476004512,31.317638978190622,33.15298701314343,484368000,30.803374004364013,25.626083221435547,31.43900409037032,29.520108518030515,57.44966751599655,1.9188955723398031,2.076423660682002,-0.157528088342199,33.95832491044332,27.648423098284702,0.201128242302202,1.6912278242737246,27960261000.0,45.131756690220726,63.29742410003087,-0.0378609167843779,-0.0385962616194828,0.0427627120645526,0.0124382905138609,0.05247085053616621,0.9475291494638338,0.03546669547665349,-0.9645333045233465,0.9645333045233465,0.03896414748910118,3,-0.36459078986712096,-0.24586530098819365,-0.7186680035351529,0.7158586252096382,0.0,0.921129305819796
2021-12-02,32.06215286254883,32.413454492397044,30.96334113610496,31.15196660239209,472890000,31.079387283325197,25.82943199157715,31.534873132243938,29.708408099105945,56.667299911868426,1.826465033137989,2.0264319351731994,-0.1999669020352104,33.5579580018039,28.6008165648465,0.1546103737390553,1.7141921969023906,28433151000.0,56.951161247460725,56.16653037077811,0.0219817426070059,0.0217436272452362,0.0428475065963872,-0.0509245736505403,0.04751788656236995,0.95248211343763,0.0006782903621307401,-0.9993217096378693,0.9993217096378693,0.0007451781271219734,3,-0.4990629314311368,-0.45529194074082174,-0.5440297688970475,0.7744565902730144,0.0,0.9543522327041651
2021-12-03,30.63200569152832,32.06515280246205,30.070122891831872,31.936407545327572,544325000,31.124080848693847,25.993380661010743,31.39597044905692,29.776822735581675,51.0591548176492,1.6191477134752432,1.9449750908336083,-0.3258273773583651,33.53204904590973,28.716112651477967,0.1572191009276181,1.781852464776729,27888826000.0,32.43995591375614,44.84095795047921,-0.0446054629316871,-0.0456308959949856,0.0358503926662978,-0.0161275288227087,0.9388647431067658,0.06113525689323425,0.08947243678964822,0.9105275632103518,0.9105275632103518,0.09829551855418822,3,-0.3511091503169544,-0.18415595413206207,1.0946835173424139,0.8733865946245668,0.43358442491919985,0.7375950748876269
2021-12-06,29.9773006439209,30.180893752438724,27.982273206253097,29.820611196732987,658938000,31.1384840965271,26.15223831176758,31.17771355595907,29.79167295101421,50.05304243263969,1.38604060494486,1.8331881936558587,-0.4471475887109988,33.51353652205857,28.76343167099563,0.1584567238887207,1.8715438988614428,27229888000.0,30.266043880849033,39.88572034735531,-0.0213732347205879,-0.0216049499192702,0.0362278131879643,-0.062456149459503,0.1978228494278412,0.8021771505721588,0.5333474869591147,-0.4666525130408853,0.4666525130408853,0.5859421033035378,3,-0.18514888648946737,-0.15123349196146604,-0.3154190210794192,0.8619276040125207,0.9428090415820634,0.29859511323887505
2021-12-07,32.362552642822266,32.38451208748878,30.590083198512986,30.89547671326527,593053000,31.219660663604735,26.367203140258788,31.35999649239956,29.98210848374073,56.558700392831554,1.3778880086588288,1.7421281566564528,-0.364240147997624,33.647617664632676,28.791703662576797,0.1500473110279475,1.9947334902673903,27822941000.0,66.45208338215268,43.052694392252626,0.0795686051667587,0.0765615216784484,0.0396184291378453,-0.1261295699527408,0.5511235114534653,0.4488764885465347,0.9315962753205134,0.06840372467948663,0.06840372467948663,1.0234631161445558,3,0.17075959161631793,-0.22583075777003994,0.29423448244952655,0.7998527583287242,0.9428090415820634,0.04376922302107612
2021-12-08,31.76275062561035,32.22582919300085,31.358554819452596,31.935407148072855,475551000,31.278181934356688,26.589351501464844,31.42195866673968,30.114007901657,57.71725529519531,1.3079507650826798,1.6552926783416984,-0.3473419132590185,33.698883631150316,28.857480237563063,0.1524239336401685,1.944633605751477,27347390000.0,57.352642527354575,51.3569232634521,-0.0185338290162641,-0.0187077325088856,0.0398847543493015,-0.042952281561289,0.8021838839977845,0.19781611600221555,0.5333333429137395,0.4666666570862606,0.4666666570862606,0.5859265644814772,3,0.022805956241620868,-0.07403476605117103,0.5407014231374316,0.7529679094247966,0.9428090415820634,0.2986041635337143
2021-12-09,30.42940139770508,32.14099491923516,30.367524347573724,31.67092845038367,488507000,31.32980909347534,26.788465156555176,31.269257548426665,30.13737038284575,46.20561134596599,1.1318871655809168,1.5506115757895422,-0.4187244102086254,33.62221194869968,29.037406238251,0.150670256392045,1.8219085725706676,26858883000.0,37.124747171964046,53.643157693823774,-0.041978392980556,-0.042884946965575,0.0400493145856789,-0.0689734150611423,0.16610121602313252,0.8338987839768675,0.4621617682556769,-0.5378382317443231,0.5378382317443231,0.5077365979582698,3,-0.0009226166595250884,-0.21753540199576074,-0.3203028297485624,0.6163677272523795,0.8701252603378251,0.35721097976497546
2021-12-10,30.13798713684082,31.242787533822337,29.801656967245915,31.08809488174587,488825000,31.320413875579835,26.97777889251709,31.095215946644228,30.137416068326864,40.43411850997726,0.9577998783173634,1.4320492362951065,-0.4742493579777431,33.63160405288516,29.00922369827451,0.1533738910174337,1.824130822151906,26370058000.0,32.703776993662444,42.393722230993696,-0.0095767332737026,-0.0096228850758283,0.0395281282684578,-0.0793762540752996,0.057801207178642434,0.9421987928213575,0.06959779195757343,-0.9304022080424266,0.9304022080424266,0.07646098950875671,3,-0.33385792756682947,-0.21265953106991503,-0.7177426769725115,0.54846125489379,0.4714045207910317,0.7419334601823583
2021-12-13,28.10503387451172,30.233796207467403,28.060123228578693,30.188885561534377,598344000,31.20937099456787,27.125914688110353,30.63518793554692,29.98686923915537,37.813466672160686,0.6483186963915486,1.275303128314395,-0.6269844319228464,33.90344181480981,28.515300174325933,0.1917144688222685,1.7835928377952874,25771714000.0,2.2906350253485788,24.03971973032503,-0.0674548453783102,-0.0698377054497324,0.0423430329456413,-0.0156954141978503,0.05160063950626408,0.9483993604937359,0.02958612868403221,-0.9704138713159678,0.9704138713159678,0.03250368454639384,3,-0.8128847703675722,-0.20852983988107196,-0.7618840314348958,0.6313382209795754,0.4714045207910317,0.7738400824190461
2021-12-14,28.280677795410156,28.620999634166335,27.19583840313921,27.643945385119483,667035000,31.12532176971435,27.297720794677733,30.27295560629511,29.86048468776684,39.03020349992692,0.4124709185282711,1.10273668635717,-0.690265767828899,34.07596005683779,28.17468348259091,0.2086681449765195,1.7798986926141775,26438749000.0,17.65207435941908,17.54882879281004,0.006249553787506,0.0062301063095499,0.0423344086741761,0.0260439920632458,0.1356919511523568,0.8643080488476432,0.3828193360873886,-0.6171806639126114,0.6171806639126114,0.4205700269653723,3,-0.8393322477570017,-0.42677387232720954,-0.19040679158540186,0.58192622791224,0.8221552636176694,0.4198029567531245
2021-12-15,30.398468017578125,30.439386903160617,27.78267647993618,28.343559883214983,698297000,31.13828077316284,27.49753307342529,30.29226520803096,29.9003353047899,43.385994644475346,0.3919299032410599,0.9605753297339482,-0.5686454264928883,34.07291819888222,28.203643347443457,0.193077981694499,1.8323112122426897,27137046000.0,52.1119130652233,24.018207483330325,0.0748847052920236,0.0722134049366972,0.0456926595601087,-0.0347681375408218,0.24672292212634006,0.7532770778736598,0.62794426959373,-0.37205573040627005,0.37205573040627005,0.6898672911743922,3,-0.6532167552116163,-0.41326004623655027,0.041204315830280225,0.25781379650395064,0.9428090415820634,0.23806584095712172
2021-12-16,28.330581665039062,31.0980712089087,28.037167251669285,31.090087687112455,707366000,31.094846343994146,27.65101806640625,29.99046773987836,29.784057257400946,41.166555737815024,0.2064104824774126,0.8097423602826411,-0.6033318778052285,34.17254683114807,28.017145856840212,0.2172705469688198,1.9540093799208371,26429680000.0,18.464090242865343,29.409359222502577,-0.0680260054994643,-0.0704503675822599,0.0477707871349514,0.0441399751060094,0.6456552296675867,0.35434477033241335,0.8000015685192721,0.1999984314807279,0.1999984314807279,0.8788915541290351,3,-0.26307932094605097,-0.3944608024078015,0.5944592338885294,0.47942935126449376,0.0,0.19099850206409513
2021-12-17,27.745746612548828,28.86451893479829,27.70482773381929,27.929380931127152,713758000,30.90172462463379,27.785322074890136,29.645126027981508,29.6330712837082,32.941559234063504,0.0120547442733105,0.650204837080775,-0.6381500928074645,34.31069662413492,27.492752625132656,0.2457293398592002,1.900774870283624,25715922000.0,9.034440693325958,26.53681466713821,-0.0206432419709878,-0.0208592921803431,0.0437436846369856,0.1130895659116442,0.14317069274534755,0.8568293072546525,0.40359961665118405,-0.596400383348816,0.596400383348816,0.44339949855472904,3,-0.25615256075811915,-0.5463275224699553,-0.05007286087886065,0.43201183421622286,0.8392750033698627,0.4022555562438981
2021-12-20,27.66391372680664,28.08806836031616,27.09105503438404,27.250736913132904,461847000,30.639149475097657,27.922859230041503,29.340324135493063,29.487207760974748,34.23717206908037,-0.1468836254816814,0.4907871445682837,-0.6376707700499652,34.20063134661918,27.07766760357613,0.25748214129734,1.864217706923164,25254075000.0,9.342434307046329,12.280321747745882,-0.002949384887166,-0.002953742893841,0.0423400885981369,0.093906669521999,0.057903471639436405,0.9420965283605636,0.07022320032165452,-0.9297767996783455,0.9297767996783455,0.07714807082297202,3,-0.4420595838488109,-0.60231874646053,-0.3274580532178155,0.4205013870276546,0.4714045207910317,0.7414347388900197
2021-12-21,29.01721954345703,29.062130190371207,27.346544620384616,28.31761243890149,524385000,30.49558115005493,28.09017677307129,29.29061573671829,29.4523938189364,42.545797159805616,-0.1617780822181096,0.3602740992110051,-0.5220521814291148,34.07643829558043,26.914724004529436,0.2468091155434587,1.8506732031893072,25778460000.0,36.18977725941266,18.188884086594985,0.0489195357538663,0.0477606208037469,0.0437766285742631,0.0318485438475868,0.784863531393143,0.215136468606857,0.5685875690542336,0.4314124309457664,0.4314124309457664,0.6246572905469084,3,-0.36492158402713143,-0.40777379803364516,0.8391862289794116,0.5620836720170459,0.375000843756718,0.357923897992463
2021-12-22,29.341569900512695,29.49626253795648,28.39245970985011,28.833582616767877,395184000,30.378708171844483,28.264460334777834,29.298454838840502,29.444184639793903,41.18597874006113,-0.1457298009533971,0.2590733191781246,-0.4048031201315218,33.94949788839052,26.807918455298452,0.2433945919494675,1.8259367368903272,26173644000.0,42.515030217984354,29.34908059481445,0.011177857911917,0.01111584732728,0.0438973337452439,0.0063265462267103,0.8020912405990885,0.1979087594009115,0.5335279152177723,0.4664720847822277,0.4664720847822277,0.5861403240057221,3,-0.010630761316783569,-0.20250437573390295,0.6689764605161306,0.6378094127641155,0.9428090415820634,0.2984796633166743
2021-12-23,29.581092834472656,29.999260737951445,29.37250856669955,29.695864054966595,343022000,30.227509021759033,28.438185615539552,29.3419376073993,29.45432598754789,46.310681789430305,-0.1123883801485874,0.1847809793127822,-0.2971693594613697,33.65456283666924,26.800455206848827,0.231705693504092,1.730412517376654,26516666000.0,47.039916913234414,41.914908130210485,0.0081632623875307,0.0081301231882908,0.043334403274037,-0.0077258951118227,0.7270575580449874,0.27294244195501255,0.6734184304085009,0.3265815695914991,0.3265815695914991,0.7398257630623694,3,0.4081553617731646,-0.06768119951903005,0.39426276911052915,0.6542822040670192,0.9428090415820634,0.2089684680329997
2021-12-27,30.883501052856445,31.025219046682174,29.58109424412039,29.601054953911746,403686000,30.19985704421997,28.62185306549072,29.579101214392704,29.56019080720037,53.04291237424964,0.0189104071923331,0.1516068648886924,-0.1326964576963593,33.59460811115062,26.805105977289323,0.2198423722181371,1.644297783586247,26920352000.0,71.64403110688512,53.73299274603463,0.0440284010354754,0.0430866931473921,0.0439191385126086,-0.0266280274723411,0.7879222559589928,0.2120777440410072,0.5625178331940388,0.43748216680596114,0.43748216680596114,0.617989004141929,6,0.4101786070598962,0.04796707151128869,0.38951509529467243,0.6039513534611255,0.7241771198447191,0.2972033294836264
2021-12-28,30.26173973083496,31.267735891884268,29.95235444230035,31.249772014643753,420591000,30.04766445159912,28.79077030181885,29.68412252461459,29.61215739413627,41.99803461042962,0.0719651304783219,0.1356785180066183,-0.0637133875282963,33.11311130888542,26.982217594312814,0.2025955470208997,1.5663099268731062,26499761000.0,61.74925318794427,60.14440040268794,-0.0201324752966755,-0.0203378953291656,0.0418054863882141,-0.0340347615418684,0.9452699239437097,0.05473007605629036,0.050314291435815894,0.9496857085641841,0.9496857085641841,0.05527589886701598,3,0.571249814987215,0.15506525395178244,0.7946204546124016,0.24471187928422275,0.10463478485389509,0.8737353757675068
2021-12-29,29.941375732421875,30.48728951276,29.30763749732145,30.212836426014583,343139000,29.914380073547363,28.946095390319822,29.723699941200326,29.63654393771298,42.91151370219637,0.0871560034873475,0.1259740151027642,-0.0388180116154166,32.733154029383996,27.09560611771073,0.1882862017448542,1.578856654878026,26156622000.0,56.44266590229793,63.278650065709115,-0.0105864369088686,-0.0106428718823148,0.0416471832477584,-0.0798973544493583,0.05068127275881607,0.9493187272411839,0.02327062355130516,-0.9767293764486948,0.9767293764486948,0.025565392998433377,3,0.13681283297381705,0.10073254065179975,-1.0774619171004947,0.7214338017121636,0.4714045207910317,0.7788762748693868
2021-12-30,29.52720069885254,30.39646994729714,29.481292592153306,29.7677209545132,308864000,29.822113609313966,29.091779823303224,29.693469288531436,29.628444438538132,46.21821644810853,0.0650248499933034,0.113784182080872,-0.0487593320875685,32.55955406256801,27.084673156059925,0.1854182169974835,1.51754999655534,25847758000.0,58.3273117339225,58.8397436080549,-0.0138328658399236,-0.0139294314824934,0.0409425063674405,-0.0475900500214556,0.8397135716337552,0.1602864283662448,0.4479671815090688,0.5520328184909312,0.5520328184909312,0.4921422505258806,3,0.17499638353547375,0.3124196289616964,0.23961318952923483,0.7291018706825936,0.4714045207910317,0.44020920803588615
2021-12-31,29.35255241394043,29.97032369459482,29.272711469744927,29.61503025561197,266530000,29.686633586883545,29.23770336151123,29.64102053859436,29.60800799227163,46.67512076599019,0.0330125463227233,0.0976298549292423,-0.064617308606519,32.21770871718701,27.15555845658008,0.1724603090463356,1.4644415435748737,25581228000.0,54.145802759956446,56.30526013205897,-0.0059148270333291,-0.0059323889072858,0.0405473171373124,-0.073578136758456,0.05146575453719623,0.9485342454628038,0.028666244152026565,-0.9713337558479734,0.9713337558479734,0.03149308809537672,3,-0.46534343793524546,0.11202731656259071,-1.0833610724105642,0.907676657119692,0.4714045207910317,0.774573628736864
2022-01-03,30.061134338378903,30.64996185658539,29.725801701923427,29.755742761742617,391547000,29.658090019226073,29.386043510437013,29.705653430868903,29.6415729067981,59.32621634111124,0.0640805240708033,0.0909199887575545,-0.0268394646867511,32.156946555152736,27.15923348329941,0.1662516462485173,1.4018512909860343,25972775000.0,71.11099470169643,61.19470306519179,0.0241403852873098,0.0238536122277929,0.0397979293862759,-0.0903355004970594,0.5774708628839083,0.4225291371160917,0.8958668069217672,0.10413319307823274,0.10413319307823274,0.9842102830941143,3,-0.10505591475960292,0.0602646177477343,0.04386857533049844,0.879140874602499,0.9428090415820634,0.06663129782909004
2022-01-04,29.231788635253903,30.40744692192532,28.292658836690123,30.21682653924271,527154000,29.62081441879273,29.51711814880371,29.632751154620443,29.611218516313343,54.26858992473656,0.0215326383071001,0.0770425186674636,-0.0555098803603634,32.12186249292133,27.11976634466412,0.1711183742695997,1.4511103520008963,25445621000.0,51.25442123530035,58.83707289898441,-0.0275886363365263,-0.0279763504057845,0.0399957953563039,-0.0502901106599061,0.9523519729624969,0.0476480270375032,0.001635512661208649,0.9983644873387914,0.9983644873387914,0.0017967943078761048,3,0.04372130818968378,0.15623360599734748,0.8421308813414439,0.8933886140512592,0.0,0.9534380854085457
2022-01-05,27.54913902282715,29.357538070443287,27.478280983281813,28.891465241719928,498064000,29.38014373779297,29.605758399963378,29.31219544203686,29.45847188716622,36.692427136551835,-0.1462764451293594,0.032378725908099,-0.1786551710374584,31.689331788375313,27.070955687210628,0.1676413951571375,1.3955779708535416,24947557000.0,10.967655991978212,44.444357309658336,-0.0575623213968323,-0.0592854853441914,0.0372030849454975,0.0143095774118,0.13626466855744032,0.8637353314425597,0.38444423145298456,-0.6155557685470154,0.6155557685470154,0.42235515698181586,3,0.16231397062333644,0.0057996152326365335,-0.6213553837796519,0.8114491224540173,0.8221552636176694,0.41869771169478576
2022-01-06,28.121999740600582,28.381483256103156,27.01121270492406,27.58506883228335,454186000,29.19810619354248,29.67490131378174,29.129088411046663,29.35947395038358,48.86771225463948,-0.2303855393369183,-0.0201741271409044,-0.2102114121960138,31.27919989825313,27.11701248883183,0.1480046741986212,1.2748184418492332,25401743000.0,26.09611146530211,29.43939623086023,0.0207941423250566,0.0205808952739937,0.037618480866166,-0.0568883250145973,0.050012038334753345,0.9499879616652467,0.018604810186861998,-0.981395189813138,0.981395189813138,0.020439473099624222,3,-0.19952882367378713,-0.27006908453555234,-0.7113261052775857,0.8460797441470119,0.4714045207910317,0.7825969485996543
2022-01-07,27.192846298217773,28.36551212654154,27.003223390433572,28.08507047729888,409939000,29.036278438568115,29.730769805908203,28.83120500907299,29.198983013186115,47.10673664251248,-0.3677780041131271,-0.0896949025353489,-0.2780831015777781,31.215280248155928,26.8572766289803,0.1602628710280045,1.289289694358445,24991804000.0,4.446531876157722,13.836766444479352,-0.0330400914214278,-0.0335982439761412,0.0372118779067848,-0.0111937511165659,0.7950100565607069,0.20498994343929308,0.5482020524017306,0.45179794759826936,0.45179794759826936,0.6022615114416203,3,-0.3817176702539611,-0.06599375252884317,0.5177917001271125,0.798964686996933,0.9428090415820634,0.2890901807109245
2022-01-10,27.34554672241211,27.41440984015935,25.593035959641192,26.528174103666952,594681000,28.89665641784668,29.77991298675537,28.602642195740543,29.061691436091746,48.34628758741577,-0.4590492403512023,-0.1635657700985196,-0.2954834702526827,31.135460502556924,26.657852333136432,0.1637417680792131,1.3481725911145908,25586485000.0,30.882879859505845,20.475174400321897,0.005615463071416,0.0055997551361139,0.0372674258561311,-0.0546350818745029,0.04743175487272205,0.952568245127278,4.339518575346979e-05,-0.9999566048142465,0.9999566048142465,4.7674484337797195e-05,3,-0.5098512823430381,-0.2877065272867257,-0.7122500775275209,0.9055118430337544,0.0,0.9549585575976054
2022-01-11,27.76171875,28.009226996384303,26.785663592042308,27.26870099330091,404089000,28.879490661621094,29.82488609313965,28.473269357934303,28.96539716304791,42.77508906747793,-0.4921278051136077,-0.2292781771015372,-0.2628496280120704,31.148906617611477,26.610074705630712,0.1634924679143205,1.3130281507114054,25990574000.0,38.21669543537277,24.515369057012112,0.0152190055592049,0.01510435824281,0.0343515352047348,-0.0988604297479597,0.49412272898178444,0.5058772710182156,0.99216327769771,-0.00783672230229005,0.00783672230229005,1.0900027692439345,3,-0.1853317931727555,-0.15006409392305667,0.14222737162076662,0.6362204506311346,0.816496580927726,0.00534531870796866
2022-01-12,27.943355560302734,28.53816984117976,27.553131884370423,28.01121930597054,383413000,28.86262454986572,29.86830280303955,28.39174415829868,28.88969037765938,41.8194620293789,-0.4979462193607027,-0.2830117855533703,-0.2149344338073323,31.15566961682976,26.569579482901684,0.1641209526189913,1.3045449456187606,26373987000.0,41.41751331895255,36.83902953794372,0.0065427076737722,0.006521397064142,0.0343544289865501,-0.1374693983754399,0.92844227191532,0.0715577280846799,0.1456654347894476,0.8543345652105524,0.8543345652105524,0.16002983669387033,3,-0.0511529206353278,-0.04289246933272528,0.8972270345432777,0.8372286094805355,0.4291096661947442,0.6933523834589453
2022-01-13,26.522186279296875,28.423399112253964,26.445337738615446,28.322600004609768,540171000,28.66881046295166,29.8718404006958,28.10411986922148,28.714319703706604,34.27722080885903,-0.610199834485126,-0.3484493953397215,-0.2617504391454045,31.068078887028182,26.26954203887514,0.1809253881871255,1.398857126775887,25833816000.0,16.37355861254634,32.00258912229055,-0.0508589341727026,-0.0521978446041972,0.0312904087556994,-0.1204515067099768,0.4161809330466427,0.5838190669533573,0.8871763276494196,-0.11282367235058038,0.11282367235058038,0.9746628157710977,3,0.24455805685256093,-0.20163363500263554,0.08880996265205515,0.6963888174719947,0.7544264109391093,0.07929619696631442
2022-01-14,26.888456344604492,27.14295063721548,26.1579107320568,26.24773202314796,395832000,28.59670419692993,29.878771781921387,27.917094711588096,28.579070565995337,27.278906473684344,-0.6619758544072418,-0.4111546871532256,-0.2508211672540162,31.12213687090241,26.071271522957453,0.1878451214607742,1.3660652477008266,26229648000.0,22.827997959408773,26.873023296969222,0.0138099499585193,0.0137154615261185,0.0279722906843845,-0.1325067681423989,0.04742588261877415,0.9525741173812259,6.96613879913599e-08,-0.999999930338612,0.999999930338612,7.653085689298509e-08,3,-0.08616301249287972,-0.2565542295442922,-0.7434457007943198,0.7781222608601635,0.0,0.9549999334733744
2022-01-18,25.85152053833008,26.58506041648056,25.71878543976193,26.20781139067626,424270000,28.501992893218993,29.801039505004884,27.5993140695484,28.37702982320532,26.0487641575219,-0.777715753656917,-0.4844669004539639,-0.2932488532029531,31.290204857303824,25.713780929134163,0.2157097072840063,1.355657351647873,25805378000.0,5.111496270767357,14.771017614240826,-0.0385643486924264,-0.0393276415100377,0.0288657823816667,-0.138169209427252,0.7894944592080936,0.21050554079190636,0.5593730530864123,0.4406269469135877,0.4406269469135877,0.6145341100705315,6,-0.22406555192520128,-0.0534082100119028,0.49403515692549055,0.6947578590467803,0.69859414577046,0.3029300410133247
2022-01-19,25.017183303833008,26.49024985304365,25.002213722761,26.027173172244265,488315000,28.369656372070313,29.707598457336427,27.202063182515264,28.128152303251813,24.671450257055454,-0.9260891207365488,-0.572791344510481,-0.3532977762260679,31.549141943922265,25.19017080021836,0.2541841368180571,1.3776847884224517,25317063000.0,0.265053977526114,9.401516069234082,-0.0322742034945293,-0.0328064999063996,0.029591723304825,-0.0915546557698188,0.41878655320558034,0.5812134467944197,0.8907477676260502,-0.10925223237394971,0.10925223237394971,0.9785864436176647,3,-0.22287507193299105,-0.1335582357222198,0.0243060033482701,0.6977897755188082,0.8488689936121102,0.07333725863890522
2022-01-20,24.10199928283691,25.528159867275058,24.030141886890853,25.253706835668737,435181000,28.123895359039302,29.574858016967777,26.72513027487244,27.82991874618404,23.462191095232797,-1.1047884713116003,-0.6791907698707049,-0.4255977014408956,31.81182588248859,24.43596483559002,0.3060269382777277,1.4193162616539066,24881882000.0,1.0854886728667672,2.1540129737200817,-0.0365822167060619,-0.0372681260670939,0.0275596967419764,-0.0913455576589166,0.26247030344863453,0.7375296965513655,0.6556105306663049,-0.3443894693336951,0.3443894693336951,0.7202617855702232,3,-0.0043382515980187235,-0.039905787796426735,-0.30448368153726835,0.5205571302692931,0.7402088055703998,0.24368489385690506
2022-01-21,23.32754898071289,24.773668763232777,23.216769512080788,23.460284088756683,718958000,27.823194313049317,29.429562492370607,26.20242546038636,27.49640987466766,22.161748645660808,-1.2939844142813008,-0.8021494987528242,-0.4918349155284767,32.03639998727338,23.609988638825257,0.361221462032511,1.4806939063897706,24162924000.0,1.4903350200415488,0.9469592234781458,-0.03213220169148,-0.0326597730276947,0.0276028470578836,-0.0228459454239836,0.19781624381555787,0.8021837561844422,0.5333336113982454,-0.4666663886017545,0.4666663886017545,0.5859268594418546,3,-0.30676936343646616,-0.10545288298206452,-0.36121350561969,0.5254946303596462,0.9428090415820634,0.29860399173958646
2022-01-24,23.32555389404297,23.333537417415997,20.846490952240615,22.2856247841545,913982000,27.51041736602783,29.308136405944825,25.759829834795067,27.18745757980657,16.704531288753415,-1.4276277450115025,-0.9272451480045598,-0.5003825970069427,32.087240178244706,22.933594553810956,0.3924299361127483,1.5656679794276578,23248942000.0,25.92902790686959,9.50161719992597,-8.552491612257018e-05,-8.552857358674677e-05,0.0273614167041017,0.0476639397748426,0.04742607795723654,0.9525739220427634,1.510951679328798e-06,-0.9999984890483207,0.9999984890483207,1.6599500824943347e-06,3,-0.6036847823279231,-0.37035760501904635,-0.6296408840292743,0.5254941475955157,0.0,0.9549985570411462
2022-01-25,22.27963638305664,22.897407670690043,21.956280840945627,22.50119533882482,664616000,27.080224132537843,29.147211303710936,25.22441545760454,26.823915268936204,16.354363914488488,-1.5994998113316647,-1.061696080669981,-0.5378037306616839,31.9313067090397,22.229141556035987,0.4354723293591127,1.512416905703525,22584326000.0,16.83864994217401,14.752670956361715,-0.0448399860400932,-0.045876398652272,0.024990955564396,0.1036551320415315,0.8503496241597972,0.14965037584020272,0.42088471943386974,0.5791152805661303,0.5791152805661303,0.4623891248826789,3,-0.29584986569464805,-0.271509183173802,0.8506244637399323,0.5753108597555097,0.07268378124423835,0.5389857455536957
2022-01-26,22.726743698120117,24.009189816429384,22.25568159985635,23.19381403507695,755959000,26.7034743309021,28.99522834777832,24.840158263837704,26.520421078505382,23.491349899026872,-1.680262814667678,-1.1854094274695204,-0.4948533871981577,31.682878277670454,21.724070384133743,0.4381977473684659,1.5034348435186369,23340285000.0,24.445283959252432,22.404320602765345,0.0200679807953909,0.0198692729139297,0.0262185936724963,0.1084665598409582,0.4911471175433264,0.5088528824566736,0.9881949230139183,-0.011805076986081686,0.011805076986081686,1.0856430860225275,3,-0.14422942848942374,-0.13033848983772625,0.11853341285164457,0.5836335691414378,0.9013305215805576,0.007717336202806032
2022-01-27,21.900388717651367,23.947313152254385,21.631922323422884,23.521161726766028,573353000,26.301424980163578,28.834002876281737,24.38788602596288,26.178196459182864,16.727161796090414,-1.7903104332199824,-1.3063896286196128,-0.4839208046003695,31.474766661531643,21.128083298795502,0.4724429093989949,1.5709434347795226,22766932000.0,13.701790993761668,18.328574965062703,-0.0363604655134603,-0.0370379811808631,0.026677409254576,0.0913231896120843,0.9389678868985712,0.06103211310142889,0.08887296352281493,0.9111270364771851,0.9111270364771851,0.09763692985651715,3,0.4928124133524115,-0.06312419132864092,0.974251227805826,0.7719153326747905,0.43959264235364787,0.7362509249943993
2022-01-28,22.79460906982422,22.81257294726287,21.253676914429107,21.96825357562381,543774000,25.96479539871216,28.687109298706055,24.14276649424924,25.92756035626741,26.390250305632943,-1.7847938620181694,-1.4020704752993245,-0.3827233867188451,31.130516300405695,20.799074497018623,0.4532405785832915,1.5849868131170797,23310706000.0,25.32760591620348,21.158226956405866,0.0408312548101998,0.0400196773677,0.0294754137450384,0.0647547389577722,0.057795918995327406,0.9422040810046727,0.06956542331826354,-0.9304345766817365,0.9304345766817365,0.07642542892384341,3,-0.010370872396877395,-0.18043595480118188,-0.7499986218805546,0.8646548124723308,0.4714045207910317,0.7419592720047691
2022-01-31,24.437341690063477,24.460296700397127,23.00619130743321,23.13593213497369,564680000,25.71903486251831,28.591870727539064,24.18808575514374,25.817173788400453,36.54167473248318,-1.629088033256714,-1.4474739868908024,-0.1816140463659117,30.669323455429357,20.768746269607263,0.4051413329399814,1.5738663666924186,23875386000.0,46.68487581456055,28.571424241508566,0.0720667160909518,0.069588295871553,0.0350201579723201,0.0098831543828716,0.8021445391058447,0.19785546089415537,0.5334159845605964,0.46658401543940364,0.46658401543940364,0.5860173556102699,3,0.14909215841161771,-0.06458259983359635,0.531166615273,0.7147024317522435,0.9428090415820634,0.2985512839472728
2022-02-01,24.589035034179688,25.0950273941466,23.842520509649365,25.054108511883623,518925000,25.44542989730835,28.45148780822754,24.24977025961081,25.726200547347062,34.94932494428532,-1.4764302877362532,-1.4532652470598926,-0.0231650406763606,29.97199068521172,20.918869109404984,0.3681771799187139,1.5759337581320785,24394311000.0,48.65705050212621,40.223177410963416,0.0062074404835077,0.0061882536845007,0.0343627823001676,0.0190763292081066,0.9499879699555848,0.050012030044415234,0.01860475202231293,0.9813952479776871,0.9813952479776871,0.020439409199335852,3,0.1725148955784517,0.142283348249181,0.8391118997285061,0.7866599321667221,0.4714045207910317,0.7825969949819875
2022-02-02,25.191835403442383,25.765691523974446,24.50420361965189,25.74273842128798,543419000,25.243432235717773,28.2970161819458,24.394703358661825,25.686617944094863,37.44878239821869,-1.291914585433041,-1.4209951147345223,0.1290805293014814,29.404354736176614,21.08250973525893,0.330338971640809,1.5956801829544511,24937730000.0,57.34983662017374,50.89725431228683,0.0245150071332518,0.0242193368406326,0.0348853029579615,0.0579590342871476,0.9153708000991826,0.0846291999008174,0.20631671011904018,0.7936832898809598,0.7936832898809598,0.2266620730943537,3,0.7472208510993505,0.3985236023819354,0.3951596874990244,0.7935456915158169,0.4714045207910317,0.6329092777942399
2022-02-03,23.900402069091797,25.027157834017917,23.73273670872328,24.409388646213237,410178000,25.060995388031007,28.13725250244141,24.31865700642028,25.554305657057597,37.897333714018714,-1.235648650637316,-1.3839258219150812,0.1482771712777653,29.114839396996864,21.00715137906515,0.3392281014559435,1.558611420174493,24527552000.0,48.5020355749066,51.50297423240219,-0.051263963648084,-0.0526246683232519,0.0344286809766131,0.0783366827088747,0.9495423404305682,0.050457659569431816,0.021718146212422296,0.9782818537875777,0.9782818537875777,0.023859822316057898,3,0.9177867972154085,0.4555473985564279,0.5227344552311498,0.8039190374479224,0.4714045207910317,0.7801142715915953
2022-02-04,24.270668029785156,24.586039987928007,23.585033117362396,23.92435754479338,354829000,24.868428802490236,27.98908527374267,24.311274086937953,25.45922138837075,37.92023597056871,-1.1479473014327972,-1.3367301178186244,0.1887828163858271,28.66795994592831,21.06889765905216,0.3130965442545923,1.5597519177035597,24882381000.0,59.669523881965674,55.17379869234867,0.0154920389884232,0.0153732625082362,0.0342271400380337,-0.0152145177692101,0.050012095419402484,0.9499879045805976,0.018605210689323082,-0.9813947893106769,0.9813947893106769,0.020439913096549613,3,0.2635234514526205,0.31703458251005706,-1.298429371820734,0.825941989570263,0.4714045207910317,0.7825966292257598
2022-02-07,24.67885971069336,25.13195606384545,24.153904034057735,24.323566276250155,376868000,24.742729473114014,27.83056095123291,24.36782572136186,25.401416819653907,44.2554269971651,-1.033591098292046,-1.2761023139133088,0.2425112156212627,28.381413117114324,21.104045829113705,0.2948826393647082,1.546064855199642,25259249000.0,67.90454420773362,58.692034554868634,0.0168183125576628,0.0166784507207629,0.0340290986101672,-0.0186428757468797,0.9467362049564626,0.053263795043537364,0.040745445719987505,0.9592545542800125,0.9592545542800125,0.044763447375237714,3,0.3187138729189714,0.3239099421961753,0.6353446120838372,0.8575397230525209,0.0,0.9160880993374118
2022-02-08,25.058103561401367,25.179860856231137,23.9323449370335,24.310591474393373,410359000,24.628357315063475,27.702992210388185,24.47402231213717,25.375986207931497,50.209813171244605,-0.901963895794328,-1.2012746302895128,0.2993107344951848,28.060504778828147,21.196209851298804,0.2739351328287614,1.5288848401221409,25669608000.0,85.61579360079153,71.06328723016361,0.0153671545263365,0.0152502756831102,0.0342476421069159,0.055241331734571,0.6925763271642177,0.3074236728357823,0.7292694620985314,0.2707305379014686,0.2707305379014686,0.801184392811829,3,0.08286343429026836,0.4955049585652046,-0.22477442066373599,0.8256875535158373,0.8462981004051907,0.18196472486838772
2022-02-09,26.65192985534668,26.671890566783304,25.302617361297145,25.571081886954367,524282000,24.57286787033081,27.56991897583008,24.80908501109248,25.470500552184475,62.22374684568078,-0.6614155410919977,-1.0933028124500097,0.4318872713580119,27.822761225218525,21.322974515443097,0.2438767753424616,1.5371540561934078,26193890000.0,99.65735033209792,84.39256271354104,0.0636052241559248,0.0616642921421761,0.037240270106965,-0.0072646471800085,0.3496240642768464,0.6503759357231537,0.7931026389342721,-0.2068973610657279,0.2068973610657279,0.8713123053082982,3,0.3410292437052514,0.39929333335018585,-0.6061906944159138,0.828910767707037,0.8392750033698627,0.1395465452144301
2022-02-10,25.772680282592773,26.871492136649884,25.54912640450638,25.943341891805627,513200000,24.46433410644531,27.43323131561279,24.95733043747714,25.492884235918424,61.60476409289493,-0.5355537984412848,-0.9817530096482648,0.4461992112069799,27.366687176645726,21.5619810362449,0.2252271039237391,1.520401661978516,25680690000.0,81.76246242543318,89.01186878610754,-0.0329900903058815,-0.0335465357073926,0.0378418124279916,-0.0509991373049768,0.9525741183478464,0.0474258816521536,6.252923623328854e-08,0.9999999374707638,0.9999999374707638,6.869538732692202e-08,3,0.3546110381021685,0.40195114613491106,0.5980487913358528,0.834023626547265,0.0,0.9549999402845794
2022-02-11,23.90140151977539,26.100024146681793,23.72575262390276,25.864493128365556,605472000,24.33329486846924,27.28380874633789,24.794879834753793,25.374996627315237,52.32115827053231,-0.5801167925614443,-0.9014257662309006,0.3213089736694563,27.07674890647245,21.58984083046603,0.2295642818881015,1.5123463089502054,25075218000.0,47.13085959826752,76.18355745193288,-0.0726070685042902,-0.0753779289044702,0.0395524133629754,-0.0128187858514631,0.047666505594170704,0.9523334944058293,0.0017712265818632389,-0.9982287734181368,0.9982287734181368,0.001945891288850566,3,-0.06837539900436666,0.14596370852075438,-1.1441924819388911,0.8400393220105211,0.0,0.9533084786143206
2022-02-14,24.218774795532227,24.825566329350934,23.70779124901656,23.88643637811028,440424000,24.199810791015626,27.12694118499756,24.706248290258166,25.28935056570168,58.30411232667691,-0.5831022754435153,-0.8377610680734237,0.2546587926299083,26.66553242032155,21.7340891617097,0.2036206744662236,1.4943821680385647,25515642000.0,52.780267119629194,60.557863047776635,0.0132784378980559,0.0131910521556853,0.039539677987814,-0.0361397059431564,0.48268600678546697,0.517313993214533,0.9769054418852394,-0.023094558114760633,0.023094558114760633,1.073240323321874,3,-0.007107798020710904,0.0029099353918489407,-0.026004493506609574,0.726762348274526,0.8955419357123644,0.015142295940252968
2022-02-15,26.442346572875977,26.49224644503513,24.734746450060985,24.89941755103267,699869000,24.22935209274292,27.043148002624513,24.97334033373783,25.37475767734422,63.81035393820168,-0.4014173436063899,-0.7504923231800169,0.349074979573627,26.790697867761413,21.66800631772443,0.1937305955777667,1.5315224132478409,26215511000.0,92.36098825393778,64.09070499061148,0.0918119019692913,0.0878386115419432,0.0441068539228988,-0.1550482727728145,0.9359259935703441,0.06407400642965595,0.10616745303716679,0.8938325469628332,0.8938325469628332,0.11663686856322587,3,-0.04249692819002108,0.27079955485949325,0.62303299210334,0.8291756819540719,0.43358442491919985,0.7240708695182462
2022-02-16,26.45831298828125,26.529172937045136,25.501219224442693,26.206814897463676,732676000,24.301408576965333,26.97276824951172,25.201797665206048,25.45502103370993,68.02712859711303,-0.2532233685038783,-0.6510385322447892,0.3978151637409109,27.0315939868838,21.571223167046863,0.2063763786548073,1.4395626192314797,26948187000.0,92.64519865906604,79.262151344211,0.000603819912929,0.0006036376870361,0.0433668640727948,-0.1042209735797348,0.9473173655425932,0.05268263445740686,0.036883906658351284,0.9631160933416487,0.9631160933416487,0.04052111310895224,3,0.6112846940632407,0.27135120329686985,0.6917648900447788,0.8731579381720145,0.07268378124423835,0.8963773933180368
2022-02-17,24.458295822143555,25.733755858622583,24.11697644225443,25.579063213609647,810595000,24.319223403930664,26.814683113098145,25.087412766273356,25.38118953655686,56.05080654278364,-0.2937767702835039,-0.5795861798525322,0.2858094095690283,27.048579832774735,21.58986697508659,0.2231845136465333,1.4954512273166982,26137592000.0,37.56769727620258,74.19129472973547,-0.0755912581056672,-0.0786009437958905,0.0460666616452981,-0.0142816245971848,0.7456527000640614,0.25434729993593863,0.6414802377922401,0.35851976220775994,0.35851976220775994,0.7047380721762961,3,0.7384894675040808,0.2838925210549115,0.07462724115284847,0.801071657803282,0.8955419357123644,0.23506889860383398
2022-02-18,23.595014572143555,24.936343397057144,23.054091914566957,24.61897459185381,761255000,24.332596683502196,26.65132839202881,24.85781304409954,25.24888027993365,46.7523342400512,-0.3910672358341109,-0.5418823910488481,0.1508151552147371,27.044056547727152,21.62113681927724,0.2298332858354006,1.5109200738822182,25376337000.0,14.169922616595578,48.127606183954725,-0.0352960507255954,-0.0359340130289931,0.0461943547641408,0.0314270556205797,0.3543449014548522,0.6456550985451478,0.8000017595613473,-0.19999824043865272,0.19999824043865272,0.8788917640102066,3,0.3738792050369189,0.28487810971592226,-0.484876350154575,0.524806201492576,0.816496580927726,0.136416003392789
2022-02-22,23.343515396118164,24.01617571252817,22.9542910697266,22.98922136037415,633422000,24.33349475860596,26.50961067199707,24.624844175179327,25.107742140391764,45.23446680099127,-0.4828979652124374,-0.530085505881566,0.0471875406691285,27.04356175370568,21.623427763506236,0.2321901349571697,1.497304199475385,24742915000.0,9.936286640448396,20.557968844415512,-0.0106589964272499,-0.0107162104556137,0.0462748719053493,0.0037193416797909,0.42745684811647733,0.5725431518835227,0.9025884120488965,-0.09741158795110355,0.09741158795110355,0.9915947210863532,6,0.020369977939334854,0.12810503465565545,-0.225516622606759,0.5405469975057694,0.8667451177463623,0.061753265716974426
2022-02-23,22.342506408691406,24.106994175655707,22.256678790095112,23.754695100866613,566511000,24.336638259887696,26.353701057434083,24.27371528802734,24.902909863969516,39.42044742409959,-0.6291945759421758,-0.549907319893688,-0.0792872560484877,27.036802097444586,21.636474422330807,0.2417064395699584,1.539363305278102,24176404000.0,1.85982860264048,8.655345953228148,-0.0428816727232616,-0.0438282512051343,0.0461746169075026,0.0820622801544967,0.8351307836975653,0.16486921630243467,0.4591880637885464,0.5408119362114536,0.5408119362114536,0.5044696496878129,3,0.08113403594056608,0.3479679931741684,0.19284394303728525,0.47650449310135723,0.4356502301928799,0.4377244798072861
2022-02-24,23.70080184936523,23.752698549006187,20.8484821049316,20.97323367694016,735801000,24.38534116744995,26.265616416931152,24.1855747590024,24.81386482585068,49.262546342908784,-0.6282900668482796,-0.5655838692846064,-0.0627061975636732,26.996926309715047,21.773756025184856,0.2203794756703592,1.6425860016606368,24912205000.0,47.357047870404024,19.71772103783096,0.0607942285358567,0.0590178997633338,0.0479178893561793,-0.0012613827439557,0.04742976337307548,0.9525702366269245,2.8702460765139826e-05,-0.9999712975392349,0.9999712975392349,3.153287611159689e-05,3,-0.18552364975962798,0.2084141732563863,-1.2083854707956212,0.5997408211974008,0.0,0.9549725891499693
2022-02-25,24.108991622924805,24.168871850041366,23.334534721068575,23.67385918065925,528866000,24.49577131271362,26.182182693481444,24.173792738067384,24.76165199600432,49.404330929767994,-0.5878592579369339,-0.570038947015072,-0.0178203109218619,26.837802576427556,22.153740048999687,0.1942869532118414,1.6306810201182924,25441071000.0,54.13422026995501,34.450365580999836,0.0172226144986105,0.0170759864250786,0.0470809978695716,-0.0503826130503387,0.9525712490858355,0.0474287509141646,2.1232598548470705e-05,0.9999787674014515,0.9999787674014515,2.3326393685706586e-05,3,0.18027313535789044,0.2235779190333318,0.7764008483681197,0.7632195540355456,0.0,0.9549797228683862
2022-02-28,24.336536407470703,24.615980608442836,23.659884397014633,23.944317823201494,477319000,24.572867679595948,26.060944061279297,24.198830225667898,24.730161952409237,48.72175333113319,-0.5313317267413424,-0.5622975029603261,0.0309657762189836,26.776539274849277,22.36919608434262,0.1810998540101916,1.6291127473783271,25918390000.0,57.912144983841024,53.13447104140001,0.0094381709573256,0.0093939097007409,0.0463719049358669,-0.1242305840875642,0.940437076970865,0.05956292302913498,0.08022951365494357,0.9197704863450564,0.9197704863450564,0.08814112961518693,3,0.3065926520690913,0.21738568946239006,0.7023847968826664,0.8330956470551777,0.10353403821220074,0.846551004976338
2022-03-01,23.43033790588379,24.32855064649455,23.08602429102147,24.24272113294943,412056000,24.522517490386964,25.962939186096193,24.0806006380088,24.633878689703646,44.15200674662495,-0.5532780516948463,-0.5604936127072302,0.0072155610123838,26.784473073394153,22.260561907379778,0.1930792114132652,1.629326761467727,25506334000.0,42.86653661420111,51.63763395599904,-0.0372361328010807,-0.0379471026526856,0.0443618737695834,-0.0834575507082445,0.7158945682971558,0.2841054317028442,0.6919375008410171,0.3080624991589828,0.3080624991589828,0.760171041414242,3,0.7426039176351639,0.21017750902685048,0.09788499013213234,0.8074081489552849,0.9086500397905722,0.2006360917386221
2022-03-02,24.17598342895508,24.364641033795944,23.372447983953073,23.712827876260754,389642000,24.501864910125732,25.891543922424315,24.095274913538997,24.59996052224079,40.52749396817344,-0.5046856087017915,-0.5493320119061424,0.0446464032043509,26.76880048245954,22.234929337791925,0.1875361619927936,1.5849271932149365,25895976000.0,55.2464848298073,52.00838880928314,0.031823933827435,0.0313280457480215,0.0449519212494459,-0.0497934624665625,0.197862239551847,0.802137760448153,0.5334302214847573,-0.46656977851524273,0.46656977851524273,0.5860329964701059,3,0.25375440232959917,0.17209586073019476,-0.6386656392454375,0.872146938828637,0.9428090415820634,0.2985421742224493
2022-03-03,23.67090606689453,24.281793413023205,23.426350459230303,24.21790863660906,365095000,24.42581844329834,25.811683769226075,24.029987398670617,24.53114167369662,41.722005498318715,-0.5011542750260034,-0.5396964645301147,0.0385421895041112,26.697335777057148,22.15430110953953,0.1919248318876723,1.5515755661898936,25530881000.0,49.68451980365892,49.26584708255577,-0.0208916987201284,-0.0211130181779477,0.0448009720836977,-0.0445306554872005,0.800019344654197,0.1999806553458031,0.5378615768019109,0.46213842319808907,0.46213842319808907,0.5909013378769856,3,0.10121038128061001,0.25203157660865083,0.21010684658943823,0.5880928898007929,0.9428090415820634,0.29570670027609713
2022-03-04,22.894317626953125,23.63696498590784,22.441142240714974,23.341503399554565,431415000,24.37551422119141,25.689225730895995,23.855268972252546,24.409895448011916,45.65921759418638,-0.554626475759374,-0.5426824667759665,-0.0119440089834074,26.73873367231882,22.012294770063992,0.2064459390871062,1.469825016432788,25099466000.0,36.01385081715883,46.98161848354167,-0.0328077192206648,-0.0333579607107813,0.0439176231784131,-0.0364492316059296,0.8115400363210772,0.18845996367892293,0.5133172893739053,0.48668271062609464,0.48668271062609464,0.5639366820919764,3,0.16075045176964728,0.24429883009645673,0.2423838805296379,0.5059945408902373,0.11307014790560228,0.44638844977782227
2022-03-07,21.313194274902344,22.991140894785616,21.2912348972877,22.775531944141846,450821000,24.227640533447264,25.52865821838379,23.46418055727559,24.18051017592973,38.70655031153677,-0.7163296186541359,-0.5774118971516005,-0.1389177215025354,26.95980017686932,21.49548089002521,0.2563819958831181,1.511405796230184,24648645000.0,8.180557323448648,31.29297598142213,-0.0690618247642964,-0.0715624107460805,0.0462314374764012,-0.001030225557827,0.1496061974735159,0.8503938025264842,0.4207689841196418,-0.5792310158803582,0.5792310158803582,0.46226197664423524,3,0.12319670598127545,0.3044045846191534,-0.8836356004995116,0.5219241375522822,0.8531505652577861,0.3879888736317902
2022-03-08,21.474899291992188,22.332337355011067,20.612469250055774,21.270271945662213,557467000,24.06744251251221,25.36653434753418,23.158137285693527,23.980094554897317,27.00711737947053,-0.8219572692037893,-0.6263209715620383,-0.195636297641751,27.052247010551447,21.08263801447297,0.2779807679146833,1.4718626859053543,25206112000.0,14.576191193875466,19.590199778160976,0.0075870850236776,0.0075584478513276,0.0460429768636884,0.067816398425726,0.1978161815421548,0.8021838184578451,0.5333334805868492,-0.46666651941315085,0.46666651941315085,0.5859267157308472,3,-0.18640494155580453,0.09488382935992444,-0.5615503487730753,0.538020944782561,0.9428090415820634,0.2986040754413615
2022-03-09,22.972177505493164,23.17780252535281,22.206571146307404,22.34631612059236,492742000,23.963146209716797,25.208307876586915,23.129528088739622,23.90543403271923,35.809627405608694,-0.7759059439796054,-0.6562379660455517,-0.1196679779340537,26.947973339718622,20.978319079714968,0.2598645365062227,1.52007336595951,25698854000.0,46.076473264146934,22.94440726049034,0.0697222461042832,0.0673990316961862,0.0488825284549724,0.0643955178815873,0.7879887779379913,0.21201122206200868,0.5623851196549241,0.4376148803450759,0.4376148803450759,0.617843203416985,3,-0.20276088498281078,0.02600445707421295,0.41161042327086295,0.5413020611215581,0.38174604446675453,0.36208315793526524
2022-03-10,22.61682510375977,22.74658802016599,21.842234335180756,22.490055090570973,428066000,23.761390972137452,25.05540958404541,23.050650706435032,23.809981519462976,41.345486481565146,-0.7593308130279439,-0.6768565354420302,-0.0824742775859137,26.51772668771122,21.005055256563683,0.2437420551229856,1.4335452676941949,25270788000.0,46.35555488196773,35.66940644666337,-0.015468816643456,-0.0155897070962541,0.0463251747842022,0.0930354292094692,0.9462076578280687,0.05379234217193131,0.04422302060533201,0.955776979394668,0.955776979394668,0.04858395387904078,3,0.30890844677553125,0.11853509710788226,0.8372418822867858,0.6625693215794777,0.08965847632427718,0.8841239603804206
2022-03-11,22.059837341308594,23.10293830541665,22.00593462430284,22.98016074062904,367209000,23.57574882507324,24.897778816223145,22.898217881030966,23.68034120997006,42.5711201310947,-0.7821233289390932,-0.6979098941414428,-0.0842134347976504,26.26092552898733,20.890572121159153,0.243444832558752,1.3774561390244535,24903579000.0,36.152466205926025,42.86149811734689,-0.0246271419571874,-0.0249354625821609,0.0461170322055342,0.1969684864947307,0.0508003369035178,0.9491996630964823,0.024094605631361676,-0.9759053943686383,0.9759053943686383,0.026470629837225777,3,0.13916215512370209,0.0457728662716829,-1.0216782606403212,0.7955680159698494,0.4714045207910317,0.7782192043352673
2022-03-14,21.291236877441406,22.221542360192014,21.1205481082041,21.829256910095523,385354000,23.445240592956544,24.73305953979492,22.65099003432488,23.50337051867164,40.5421431103421,-0.8523804843467602,-0.7288040121825063,-0.1235764721642538,26.311399708593445,20.579081477319644,0.2692336882197452,1.380249682537764,24518225000.0,16.954307517927173,33.15410953527364,-0.0348416197261767,-0.0354630664740394,0.0440029454114697,0.253352044390535,0.050123019046439427,0.9498769809535607,0.019382627366265615,-0.9806173726337344,0.9806173726337344,0.021293992611254205,3,-0.33358192920256796,-0.16033510456143474,-0.8202822680722996,0.8695831300762307,0.4714045207910317,0.781976691482554
2022-03-15,22.931249618530273,22.996132023942444,21.28325099056678,21.47889393725402,491996000,23.380864334106445,24.60463348388672,22.694106893433403,23.460991192735243,52.56229308417863,-0.7668842993018394,-0.736420069606373,-0.0304642296954664,26.231665472360003,20.53006319585289,0.2486389695875871,1.370432943095983,25010221000.0,57.91866589906474,37.008479874305976,0.0770275935836541,0.074205018629382,0.0475513796121413,0.1545728250153315,0.04743463722955193,0.9525653627704481,6.465936668298422e-05,-0.999935340633317,0.999935340633317,7.103557481542382e-05,3,-0.985486035878563,-0.3727091118842078,-0.6272262287491093,0.9394484624627222,0.0,0.9549382503048178
2022-03-16,24.45148277282715,24.552299054127236,23.12988952261609,23.457292552284873,671422000,23.281321144104005,24.49244045257568,22.964472413340133,23.534360939408717,53.221657838317554,-0.5698885260685849,-0.7031137608988154,0.1332252348302305,25.80192851770862,20.76071377049939,0.2061721489058944,1.2787781567761525,25681643000.0,95.89116098721716,56.92137813473635,0.0662952599438106,0.0641902667013563,0.0451952321505245,0.0464563728454019,0.8021833144112126,0.1978166855887874,0.533334539385391,0.46666546061460906,0.46666546061460906,0.5859278789399366,3,-0.5046290842174805,-0.22329532952778391,0.689960790142393,0.9453197777052935,0.9428090415820634,0.29860339795209134
2022-03-17,24.720991134643555,24.796851321954325,23.862553485348077,24.076165263385313,471941000,23.19445505142212,24.402224502563477,23.23470606277143,23.622259472389075,52.65812694655507,-0.3875534096176452,-0.6400016906425814,0.2524482810249362,25.346927334704393,21.04198276813984,0.1741412608870555,1.2859182073213995,26153584000.0,98.18706353795696,83.99896347474628,0.0110221684435396,0.010961867041793,0.0452981802522033,0.1366389991327004,0.8021834931291616,0.1978165068708384,0.5333341639713433,0.46666583602865674,0.46666583602865674,0.5859274665054504,3,-0.02220134799668348,-0.08996213589324,0.5566279719218967,0.7954271952372604,0.9428090415820634,0.29860363816680563
2022-03-18,26.404930114746097,26.520720452738885,24.57925510917665,24.753936346817454,730719000,23.291786766052248,24.379340324401856,23.7224328399983,23.82838322367478,57.974837187883274,-0.105950383676479,-0.5331914292493609,0.4272410455728819,25.82692043029324,20.756653101811253,0.1920197215614082,1.3563017167595446,26884303000.0,98.04019268983332,97.3728057383358,0.0681177777594319,0.0658980132587093,0.044471122564523,0.046837541863542,0.9481593632789153,0.051840636721084625,0.031217247181773544,0.9687827528182265,0.9687827528182265,0.03429565137228633,3,0.6340380164871643,-0.01408101125421852,0.982863764072445,0.9130093467440061,0.4714045207910317,0.7725393746385444
2022-03-21,26.685415267944336,27.102656804840144,25.919808947289926,26.45882851334558,591727000,23.446306800842287,24.35060863494873,24.17827629045154,24.040015226954008,63.18641930671614,0.1382610634975307,-0.3989009306999826,0.5371619941975134,26.401232262094176,20.491381339590397,0.2214637045428686,1.351468555409615,27476030000.0,93.57119444839552,96.5994835587286,0.0106224539121806,0.0105664320260168,0.0434680918653155,0.0555471889721013,0.45016591859900557,0.5498340814009944,0.933333220090387,-0.06666677990961303,0.06666677990961303,1.0253713450134767,3,0.4562606029790903,-0.16014440544054434,0.09347762553093131,0.7481297990861902,0.9428090415820634,0.04265781098373295
2022-03-22,26.47579765319824,27.188500789536455,26.02461941553547,26.67842785445933,547007000,23.602920913696288,24.33626766204834,24.531741115489492,24.22044355482395,59.739602976716746,0.3112975606655404,-0.256861232426878,0.5681587930924183,26.85226790662326,20.35357392076931,0.2454579110695429,1.3637320071351946,26929023000.0,89.16210889575329,93.59116534466072,-0.0078551378212163,-0.0078861519365075,0.04341242315805,0.0803799857113454,0.9495635380259205,0.05043646197407949,0.021570640004380692,0.9784293599956193,0.9784293599956193,0.02369777018324856,3,0.6268484443014112,0.11904627375434959,0.8593830862412697,0.4336709039085018,0.4714045207910317,0.7802318979153342
2022-03-23,25.58740997314453,26.563631155484853,25.52851719273499,26.078514418683618,502120000,23.765166091918942,24.301104927062987,24.69415170897488,24.3217003265514,57.86108406216794,0.3724513824234812,-0.1309987094568062,0.5034500918802873,27.07304496635192,20.45728721748597,0.2585551939727222,1.3765656506321202,26426903000.0,75.65262867831544,86.12864400748806,-0.0335547087831136,-0.0341305869882458,0.0428931059899475,0.080206276893058,0.2850913964268919,0.7149086035731081,0.6935517035743595,-0.30644829642564053,0.30644829642564053,0.7619444243734935,3,0.2017714278867889,0.21535614178407728,-0.5218044382097178,0.5871655292037993,0.8381742567281683,0.20680364640876986
2022-03-24,28.09884262084961,28.268533755984528,25.859918794556325,26.118448890609304,877379000,23.985068130493165,24.30784740447998,25.21795031080176,24.601488644647564,68.68815342765704,0.6164616661541977,0.0184933656653945,0.5979683004888031,27.818007608448426,20.152128652537904,0.2728183170869239,1.480234218965009,27304282000.0,97.78357227814176,87.5327699507368,0.0981511083122899,0.0936279550321239,0.0460272739527066,-0.0306928114974552,0.19956650926911712,0.8004334907308829,0.5369980387465774,-0.46300196125342263,0.46300196125342263,0.5899526443576637,3,0.06965970077218568,0.2920609102669193,-0.755062871520342,0.700300545386012,0.9428090415820634,0.2962592489846387
2022-03-25,27.641672134399418,28.306462114881743,27.22143772985282,27.83531980346836,579016000,24.161702156066895,24.301813735961915,25.59083059135525,24.826687421666215,74.71924410182328,0.764143169689028,0.1676233264701212,0.5965198432189067,28.329641775225493,19.993762536908296,0.3015692827042612,1.4363141037886524,26725266000.0,91.35962311019166,88.26527468888294,-0.0162700824592316,-0.0164038936487126,0.0463410444649092,-0.0353893201976208,0.5618061995203226,0.4381938004796774,0.9171681098847144,0.0828318901152856,0.0828318901152856,1.0076121562938505,3,-0.22887278918792556,0.23722754305273025,-0.15439565293744464,0.5627550500184932,0.7544264109391093,0.05821698351799847
2022-03-28,28.167715072631836,28.19865887077309,27.15655559634973,27.70555717687112,425494000,24.353261089324953,24.334724311828612,25.98727435770549,25.074170951367375,75.41887980537771,0.9131034063381164,0.3167193424437203,0.5963840638943961,28.89080851755957,19.815713661090335,0.3221807247435107,1.387902330179229,27150760000.0,98.06918030049252,95.73745856294197,0.0190307929156634,0.0188519725432481,0.0464078359463639,-0.0304404220071851,0.2733381250906329,0.7266618749093672,0.6740827697746843,-0.32591723022531577,0.32591723022531577,0.7405556144539044,3,-0.2353624337878173,0.12400139073073421,-0.44991862095604995,0.5870383085656885,0.8591740570891644,0.21765439388264
2022-03-29,28.60392189025879,28.89339386605595,27.929149831104116,28.64285057154714,488984000,24.6119402885437,24.3690336227417,26.389835516559845,25.335633983877848,73.26402417002282,1.0542015326819971,0.4642157804913757,0.5899857521906213,29.503982820342635,19.719897756744764,0.3420539708203402,1.3351409588643155,27639744000.0,96.27585589914088,95.23488643660836,0.0154860561640222,0.015367370938637,0.0451634659856346,-0.0950934982799207,0.949884310692612,0.05011568930738809,0.01933130664463545,0.9806686933553646,0.9806686933553646,0.02123761103580799,3,0.2458611177484451,0.12569938223603966,0.8549693111193248,0.5879780020740968,0.4714045207910317,0.7820176163215634
2022-03-30,27.63968086242676,28.444215914701186,27.45302041414032,28.25256539037633,463487000,24.785125160217284,24.40479682922363,26.582119415923987,25.50630412302962,69.75500963556489,1.0758152928943687,0.5865356829719743,0.4892796099223944,29.8542198626417,19.71603045779287,0.3667983525320161,1.3366379807076056,27176257000.0,83.87060487851002,92.7385470260478,-0.0337100986197423,-0.0342913848435948,0.0459418566716064,-0.118562822433798,0.94199107304944,0.05800892695056002,0.07086703790173976,0.9291329620982602,0.9291329620982602,0.07785539870036,3,0.5279614750761034,0.2679564882371644,0.6611764738610959,0.6823978819645087,0.4714045207910317,0.7409213215319578
2022-03-31,27.23641014099121,28.196661710311588,27.2204403767065,27.73150900758,523440000,24.96340036392212,24.4491813659668,26.68277952747279,25.634460124360107,70.60877240610407,1.048319403112682,0.678892427000116,0.3694269761125661,30.11757798762285,19.809222740221387,0.3784770163923782,1.3280106701712686,26652817000.0,78.682405679056,86.27628881890229,-0.014590281394448,-0.0146977663214047,0.0457566976903734,-0.1128049192550864,0.268305006396479,0.7316949936035211,0.6655868884102261,-0.33441311158977394,0.33441311158977394,0.7312219347838442,3,0.5251295146212839,0.08040756372496537,-0.4148206753147393,0.6509431761335304,0.7402088055703998,0.23662577070017946
2022-04-01,26.6634521484375,27.44602766304198,26.219261218650903,27.32524728519496,517235000,25.151857089996337,24.500410423278808,26.67980608454428,25.710681755773248,71.7260990252646,0.9691243287710344,0.7369388073542997,0.2321855214167345,30.262941063699817,20.040773116292858,0.3833775120528039,1.336994398200066,26135582000.0,70.69776803392683,77.75025953049762,-0.021036472486196,-0.0212608919833949,0.0452771739408456,-0.134508611572745,0.3823734170783148,0.6176265829216853,0.8401712075575191,-0.1598287924424809,0.1598287924424809,0.9230224132078155,3,0.14496368602200208,0.10135320715113103,-0.26118199959361194,0.6765970727914112,0.7544264109391093,0.11233294522647186
2022-04-04,27.310277938842773,27.507918058034864,26.56463575752181,26.679426533913535,397120000,25.45171127319336,24.580065002441405,26.776801754436356,25.829170361926547,69.25639975355396,0.947631392509809,0.7790773243854016,0.1685540681244074,30.31208379116302,20.591338755223703,0.355937243030168,1.2820230601384512,26532702000.0,72.53205977470233,73.97074449589505,0.0242588914145229,0.0239693183097986,0.0415035816849756,-0.198940025006895,0.05541288278726623,0.9445871172127339,0.05468806299634987,-0.9453119370036501,0.9453119370036501,0.0600809780512457,3,-0.4798512803453014,0.03245178204395568,-0.9777637190476058,0.8384158539069747,0.0,0.9027728998384857
2022-04-05,25.883874893188477,27.269352943730603,25.773076554519676,27.204470536288618,436615000,25.672160053253172,24.631231422424317,26.639428391167453,25.83322254942743,56.35123251498955,0.8062058417400237,0.7845030278563261,0.0217028138836976,30.15863278292305,21.185687323583295,0.3466615990212906,1.2760339136188894,26096087000.0,40.178603463348225,61.13614375732578,-0.0522295323705057,-0.0536429287972594,0.0440138694882105,-0.1707223812055541,0.952476245141447,0.04752375485855304,0.0007215070368782328,0.9992784929631218,0.9992784929631218,0.0007926564970749416,3,-0.035287412161002805,0.16337272530793226,0.8359057676551895,0.8433625028326146,0.0,0.9543109607797813
2022-04-06,24.362642288208008,25.25401899900753,23.959377188284968,24.888684944472697,703833000,25.741683292388917,24.672891540527345,26.289153606096768,25.72429067822599,48.56983256229164,0.5648629278707773,0.7405750078592164,-0.175712079988439,30.093049436849544,21.39031714792829,0.3572162734225895,1.3467624756401224,25392254000.0,8.173160452783259,40.2946078969446,-0.0587714401826594,-0.0605692785419777,0.044257468137212,-0.0903021449629731,0.1978355133904682,0.8021644866095319,0.5333740875419566,-0.4666259124580434,0.4666259124580434,0.5859713270307336,3,-0.13755311883285695,0.14327148498897116,-0.6098973974470145,0.7215946403182049,0.9428090415820634,0.2985780924282635
2022-04-07,24.16400909423828,24.677074985912075,23.435336116546427,24.396585485641776,557992000,25.819042491912843,24.701636848449706,25.962208296580076,25.60871426459727,39.85357349018414,0.3534940319828052,0.6631588126839342,-0.3096647807011289,29.98767139805778,21.650413585767904,0.3450279206473992,1.296782013197509,24834262000.0,13.350407983935876,20.567390633355775,-0.0081531876394979,-0.0081866066454144,0.044119388635121,-0.1218606982453094,0.48202763872386317,0.5179723612761369,0.9760265233103947,-0.023973476689605255,0.023973476689605255,1.072274732574811,3,0.16955970127182465,-0.0002488250174530947,-0.02372465167215216,0.7184842697000675,0.8950903339138813,0.015722190928530635
2022-04-08,23.076988220214844,23.879528064694085,23.020092591188025,23.873538449886215,524781000,25.869900035858155,24.725168838500977,25.51832828483158,25.421179002050422,34.77385424447802,0.097149282781153,0.5499569067033779,-0.4528076239222248,29.866700770012088,21.873099301704222,0.3463884191484605,1.2940012021617977,24309481000.0,0.9687163377875806,7.497428258168896,-0.0449851210444474,-0.0460283585646043,0.0450450630506101,-0.0577880563233883,0.050503896543694395,0.9494961034563056,0.022039688708891836,-0.9779603112911082,0.9779603112911082,0.024213072854008356,3,-0.48951990014625196,-0.2726907212159343,-0.7052695900751739,0.8164983545729244,0.0,0.9339520972830082
2022-04-11,21.87717056274414,22.27943807836627,21.62063763333046,22.17363171495148,575207000,25.899196720123292,24.706820068359377,24.958150173741203,25.15865985839811,32.09207636030388,-0.2005096846569074,0.3998635884313208,-0.6003732730882283,29.76099458145776,22.037398858788823,0.3530436305973626,1.3148918602248971,23734274000.0,3.5273137331906774,5.948812684971369,-0.0519919517235656,-0.0533922870200786,0.0459613116134615,0.0128209934526237,0.1978222821130495,0.8021777178869506,0.533346295287537,-0.46665370471246304,0.46665370471246304,0.5859407941184985,3,-0.48952916423105847,-0.2915822345191756,-0.17507147019328745,0.7442864359358726,0.9428090415820634,0.29859587574909363
2022-04-12,21.46491813659668,22.6836997497566,21.243321479658512,22.496041696902733,662258000,25.825880146026613,24.64737159729004,24.420729860334355,24.885049360486892,33.32798518419459,-0.4643195001525377,0.2270269707145491,-0.6913464708670869,29.970265138463805,21.68149515358942,0.3861542789088219,1.3438393107497706,23072016000.0,2.8966609166106885,2.464230329196306,-0.0188439553901685,-0.0190237651860066,0.0426416964186508,-0.001022943452251,0.14317131882001355,0.8568286811799863,0.4036013178522482,-0.5963986821477518,0.5963986821477518,0.4434013675151236,3,-0.6803375660504406,-0.3539493616199286,-0.2424493205278232,0.3414549590723056,0.8392750033698627,0.40225440883085234
2022-04-13,22.162643432617188,22.459104495357092,21.416003788195233,21.688508305265152,516943000,25.711438179016113,24.59884376525879,24.073331948377863,24.683389662126174,21.86582350735023,-0.6100577137483079,0.0596100338219777,-0.6696677475702856,30.132775173495144,21.29010118453708,0.3989900399671696,1.2268376624870465,23588959000.0,12.017166719535185,6.1470471231121735,0.0325053788502887,0.0319882553797123,0.0403842243349394,-0.0909783703546626,0.8514770034816896,0.14852299651831036,0.4179224374307965,0.5820775625692035,0.5820775625692035,0.4591347254716022,3,-0.16032494143033685,-0.1357508616809495,0.717828424250153,0.5977978054098233,0.4714045207910317,0.4641678796099647
2022-04-14,21.2193660736084,22.735606515539892,21.124539407798157,22.464099572114247,569097000,25.536356925964355,24.51939437866211,23.63426027533641,24.426795322235968,20.90268324622764,-0.7925350468995589,-0.1108189823223295,-0.6817160645772293,30.3799898912874,20.69272396064131,0.4565294692141927,1.2644121426808188,23019862000.0,1.220600364024599,5.378142666723481,-0.0425615907180345,-0.0434938845059426,0.0410965528638012,-0.0819924640399659,0.7936455651552445,0.20635443484475544,0.5509860925774311,0.44901390742256886,0.44901390742256886,0.6053200921907906,3,0.14489759594800714,-0.21436008818674276,0.6633739956093117,0.6830635107985882,0.9428090415820634,0.2873087678431189
2022-04-18,21.7434139251709,22.047858038582817,21.040692857198728,21.161473248993577,525701000,25.303281116485596,24.47625461578369,23.343360836849406,24.22802632986078,20.888381338376533,-0.8846654930113722,-0.2655882844601381,-0.619077208551234,30.412286931851323,20.19427530111987,0.4699359385741511,1.261916564606585,23545563000.0,8.948781662386857,7.395516248648871,0.0246966780131232,0.0243966449066213,0.0379563803741066,-0.0863516070573451,0.2384876336423142,0.7615123663576858,0.6130036822509117,-0.3869963177490883,0.3869963177490883,0.6734533783196529,6,0.214698384080895,-0.20298443179974918,-0.18401188594933915,0.554198963179856,0.8799157860758846,0.24370970128036953
2022-04-19,22.157657623291016,22.332338819215018,21.275263415595177,21.680525694021107,512781000,25.07689323425293,24.43399440765381,23.160944957840425,24.074665684929684,20.730594751482656,-0.9137207270892596,-0.3952147729859624,-0.518505954103297,30.327333614494076,19.82645285401178,0.4739165546742765,1.2685473766543,24058344000.0,15.08693573675748,8.41877258772297,0.0190514562039669,0.0188722497310929,0.0382314101918136,-0.1536174504351125,0.934066715169869,0.06593328483013096,0.11636517656140599,0.883634823438594,0.883634823438594,0.12784021294339493,3,0.3152174710373585,-0.07332610321000642,0.9569609266486004,0.6428880581902858,0.4714045207910317,0.704639602555122
2022-04-20,21.442960739135746,22.628801491972297,21.16147363386527,22.476079663374364,468974000,24.825251388549805,24.369276428222655,22.89663969342432,23.879724577833837,21.211267827651895,-0.983084884409518,-0.5127887952706736,-0.4702960891388443,30.27214136205065,19.37836141504896,0.508035251266368,1.291149261082054,23589370000.0,5.621431425121598,9.885716274755303,-0.0322550739029391,-0.0327867325274696,0.0385950249238024,-0.14277059463079,0.8914723329897868,0.10852766701021317,0.29804357778745394,0.7019564222125461,0.7019564222125461,0.3274343371159066,3,0.3995316426340176,0.1666620015762299,0.5352944206363162,0.49230248860456405,0.3673213462319799,0.5841841672653796
2022-04-21,20.14632225036621,22.351307496780297,19.963654250425616,21.66954814057906,656209000,24.55319700241089,24.271040802001952,22.473513932953843,23.60317625728068,19.58551012852628,-1.129662324326837,-0.6361635010819063,-0.4934988232449308,30.37072260614507,18.73567139867671,0.5775273056230827,1.391965826278453,22933161000.0,2.421283303112232,7.709883488330427,-0.0604691910106902,-0.0623746677026864,0.0399139962821168,-0.019868260043219,0.050015181019978865,0.9499848189800212,0.018626858432834403,-0.9813731415671656,0.9813731415671656,0.020463695573593083,3,0.20140603469465845,0.09313065345412952,-1.074503795021295,0.7904511689458026,0.4714045207910317,0.7825793665998656
2022-04-22,19.479537963867188,20.448774194089733,19.46456583016338,20.266106166595836,624713000,24.12223176956177,24.127592964172365,22.01290224540205,23.29772156887968,19.429110258474793,-1.284819323477631,-0.7658946655610513,-0.5189246579165797,30.108407286399437,18.1360562527241,0.6146116533093847,1.374640249102401,22308448000.0,0.1861429572867033,2.7429525618401684,-0.0330970724191063,-0.0336571736961085,0.030734133532884,-0.0496031093261768,0.1495379632430524,0.8504620367569475,0.42059017362447193,-0.5794098263755281,0.5794098263755281,0.46206553323689875,3,-0.28627551524338224,0.0955576328501615,-0.6749674592256896,0.8209586506716368,0.8531505652577861,0.38810864705674925
2022-04-25,19.865835189819336,19.90875632059273,19.061300069268512,19.167106444428228,641566000,23.733439922332764,24.009456062316893,21.68258423685086,23.04350776302336,17.60206798393385,-1.360923526172499,-0.8849004376833409,-0.4760230884891581,29.767033276306428,17.6998465683591,0.6074341497674063,1.3677955313031984,22950014000.0,9.801777994827194,4.136401418408701,0.0198309234371316,0.0196368522201056,0.0318617754473241,-0.0185409727635537,0.19781747319337858,0.8021825268066214,0.5333361938206903,-0.4666638061793097,0.4666638061793097,0.5859296965228872,3,-0.6758155913740008,-0.0542625626853404,-0.4124012434939693,0.8293205285289923,0.9428090415820634,0.2986023393350653
2022-04-26,18.75385475158691,19.752037349254017,18.63606917460008,19.682164872038474,653143000,23.26274690628052,23.906505126953125,21.232010469887175,22.72575568810214,18.09733977804163,-1.4937452182149649,-1.0066693937896658,-0.487075824425299,29.308582631406445,17.216911181154593,0.6447565906005899,1.3458358620814954,22296871000.0,1.779789513281498,3.92257015513179,-0.0559745124031976,-0.0576021136282343,0.0319490034159458,0.0433255451531215,0.9422204477056035,0.05777955229439655,0.06946522614620654,0.9305347738537935,0.9305347738537935,0.07631535107933178,3,-0.038512952900347806,0.014526132519120256,0.9160086413346732,0.8432117023910425,0.4714045207910317,0.7420391725401744
2022-04-27,18.38153648376465,19.13216882446557,18.25676363846258,18.56420258895358,499460000,22.75162763595581,23.789760360717775,20.793476010483708,22.40396167296603,20.17123214489814,-1.610485662482322,-1.127432647528197,-0.483053014954125,28.622085745609603,16.881169526302017,0.6387342118912454,1.2709006821600295,21797411000.0,1.943408014506977,4.508325174205214,-0.0198528927921211,-0.0200526091870126,0.0308627345573899,0.1042082783425384,0.05001201750385268,0.9499879824961474,0.018604664038409435,-0.9813953359615906,0.9813953359615906,0.020439312539138266,3,-0.17250812276236863,-0.07038801293980863,-0.9110073230217819,0.7876775342614292,0.4714045207910317,0.782597065143259
2022-04-28,19.746049880981445,20.000587537213033,18.45639800746317,18.932530442416695,570327000,22.356946086883543,23.65583442687988,20.63233352902182,22.207079318004208,30.262189340511227,-1.574745788982387,-1.216895275819035,-0.357850513163352,27.89572393563269,16.8181682381344,0.5610010996765343,1.2978515524516538,22367738000.0,26.486726623404863,10.069974717064438,0.0742328258805782,0.0716067564663533,0.0373540014696107,-0.0474168029204595,0.15242039151966505,0.847579608480335,0.4280858895903231,-0.5719141104096769,0.5719141104096769,0.47030041890934865,3,-0.20759155750582436,-0.27832357491813303,-0.29359053549154385,0.7335866414939888,0.8591740570891644,0.38193629397283235
2022-04-29,18.51329231262207,20.09141827194117,18.483346151251222,19.36673792092915,500435000,21.920790195465088,23.496934013366698,20.306327188037244,21.93346546575368,29.873182111876133,-1.627138277716437,-1.2989438761985157,-0.3281944015179214,27.20991808941605,16.63166230151413,0.5713870666153653,1.3310055251402026,21867303000.0,5.727565827663361,11.385900155191727,-0.0624305912215239,-0.0644644878477283,0.0387633543773081,0.006901499098987,0.9499879261411832,0.05001207385881678,0.018605059421602954,0.981394940578397,0.981394940578397,0.0204397469119734,3,-0.1906381685976232,-0.2384037865801544,1.2197987271585515,0.9130572239253125,0.4714045207910317,0.7825967498516374
2022-05-02,19.49750328063965,19.538427232283176,18.35757845927692,18.507305480868084,572049000,21.56249275207519,23.39771816253662,20.181892740745305,21.7530238224119,39.301735142639245,-1.5711310816665964,-1.3533813172921318,-0.2177497643744645,26.454862468185887,16.6701230359645,0.5018457641157212,1.311326824148908,22439352000.0,27.70223640240079,19.972176284489663,0.0531623955046913,0.0517974430127302,0.0419202715594816,-0.1322376641593722,0.05779589765711786,0.9422041023428821,0.06956529270278633,-0.9304347072972137,0.9304347072972137,0.07642528542807504,3,-0.1736512923761642,-0.23112686739873262,-0.6993078398984811,0.9898949368286882,0.4714045207910317,0.741959376161866
2022-05-03,19.566375732421875,19.788971942411177,19.09822820323041,19.364743170731728,475751000,21.17529764175415,23.317145385742187,20.087197816387853,21.59104988982005,41.19280818621724,-1.5038520734321956,-1.3834754685201447,-0.1203766049120509,25.321104257946377,17.02949102556192,0.4237684763788465,1.2577815005119566,22915103000.0,29.239965089409168,20.88992243982443,0.0035323728782554,0.0035261487022803,0.0411558480368373,-0.1023875420922684,0.8021516397301027,0.1978483602698973,0.5334010710298037,0.4665989289701963,0.4665989289701963,0.5860009714220736,3,0.17251972075046018,-0.08169704520648631,0.5482959741766826,0.8834911090914033,0.9428090415820634,0.298560826609728
2022-05-04,20.29704475402832,20.362924790823023,18.716921505243764,19.88679240340564,648855000,20.895956134796144,23.256215972900392,20.119481960640233,21.49519765753918,41.372002785402685,-1.375715696898947,-1.3819235141959052,0.0062078172969581,24.4107857472415,17.381126522350787,0.3463390513289157,1.300845970398914,23563958000.0,45.55375509045758,34.16531886075584,0.0373430946844035,0.0366627276465667,0.0418428664795162,-0.1821578298617197,0.87730213257938,0.12269786742062012,0.3442911770518222,0.6557088229481778,0.6557088229481778,0.3782425179891398,3,0.0639576815403871,0.07864190181172619,0.5770669211364516,0.8263283015976576,0.4714045207910317,0.522883879333892
2022-05-05,18.809755325317383,19.88879023761166,18.46638060148286,19.83089697930243,626331000,20.61831178665161,23.18556095123291,19.91798555520595,21.296276003300527,39.38994777671674,-1.378290448094578,-1.38119690097564,0.0029064528810618,23.84563665153384,17.39098692176938,0.3431543695348706,1.31653147359918,22937627000.0,12.64837371626133,29.147364632042684,-0.0732761565407573,-0.0760996612943055,0.042824043838531,-0.1416369279666881,0.44967606588960113,0.5503239341103988,0.9326734646685952,-0.0673265353314047,0.0673265353314047,1.0246465295995808,3,0.35166040552899,-0.06390971378615926,-0.0034168215452454465,0.7477340702410153,0.9428090415820634,0.04307996609781587
2022-05-06,18.64106178283691,19.47654062399215,17.95730714361305,18.70195175204548,633297000,20.34216442108154,23.084366149902344,19.721535744072252,21.09959346845137,35.89835529447039,-1.3780577243791186,-1.380569065656336,0.0025113412772173,23.21807611366827,17.466252728494812,0.3085566397547828,1.353107780670252,22304330000.0,14.636743364950211,24.27962405722303,-0.0089684070612769,-0.0090088653028609,0.0428206007089861,-0.0518876713408029,0.14953796090288982,0.8504620390971102,0.42059016749083045,-0.5794098325091696,0.5794098325091696,0.4620655264984049,3,0.0029908183692014902,-0.00648321329295625,-0.5729266192162134,0.673098405390598,0.8531505652577861,0.38810865116527343
2022-05-09,16.919198989868164,18.22182592676912,16.796421410513055,18.001228764705814,644455000,20.034274959564208,22.940570297241212,19.29040701265624,20.78993461818595,28.7185758110968,-1.4995276055297104,-1.4043607736310109,-0.0951668318986995,22.99464961660034,17.073900302528074,0.3499426490354436,1.4093624212919678,21659875000.0,2.105102507368473,9.79673986286,-0.0923693517583903,-0.0969177582005694,0.0459380356361539,0.0185248169416651,0.20290762312986096,0.797092376870139,0.5439267463966087,-0.45607325360339135,0.45607325360339135,0.5975646077265767,3,-0.3676032071479882,0.010065480536513112,-0.4661387341399045,0.5467732653052445,0.9428090415820634,0.2918258039960356
2022-05-10,17.56302261352539,18.16492737651773,16.99405882150625,17.656851643260232,761474000,19.818567562103272,22.805100021362303,19.02465556663611,20.550904099322203,34.14632013464838,-1.5262485326860933,-1.4287383254420274,-0.0975102072440659,22.841579874691977,16.795555249514567,0.3442473860120939,1.3935338876164352,22421349000.0,13.800484671855257,10.180776848057972,0.0380528430478754,0.0373466919718667,0.0464679410195524,0.0330775725064134,0.047425873412827134,0.9525741265871728,1.7358547932389001e-09,-0.9999999982641452,0.9999999982641452,1.9070314071956965e-09,3,-0.6784943614589016,-0.2729909392981358,-0.7270090589660094,0.6243767578241814,0.0,0.9549999983422587
2022-05-11,16.59977912902832,17.7207395102495,16.537893425141622,17.315477156303142,670167000,19.575310611724852,22.668488845825195,18.65159765315799,20.25822817559673,35.102710106795385,-1.606630522438742,-1.4643167648413704,-0.1423137575973716,22.81568148830228,16.334939735147422,0.3904113243182781,1.3074762332416638,21751182000.0,1.5823981227512476,5.829328433991652,-0.0548449720582419,-0.0564063142112249,0.047518687116268,0.0185206016501082,0.6990313228862207,0.30096867711377934,0.7191035481210674,0.28089645187893264,0.28089645187893264,0.790015994790644,3,-0.391725599996201,-0.0999436308444006,0.38084008272333325,0.4907343283297519,0.8462981004051907,0.1887974883766484
2022-05-12,16.145599365234375,16.757486037282103,15.538705623241643,16.189520014782023,708728000,19.274458408355713,22.50788116455078,18.266059455015895,19.953589004458777,35.741079688979056,-1.687529549442882,-1.5089593217616728,-0.1785702276812091,22.619003169359775,15.92991364735165,0.4142979997640381,1.3242313796783856,21042454000.0,12.580144491469987,9.321009095358823,-0.0273605907803744,-0.0277418623807149,0.0464623636922647,0.0586709138300265,0.14317155700082737,0.8568284429991726,0.40360196504731505,-0.596398034952685,0.596398034952685,0.44340207853157726,3,-0.43850052711263227,-0.2518003399762408,-0.34459769497644416,0.46714189885011004,0.8392750033698627,0.40225397231568755
2022-05-13,17.67382049560547,17.895417154710085,16.562844297235856,16.757489599664027,670437000,19.097181129455567,22.387939453125,18.174945768952753,19.784717263062237,41.45921879805951,-1.6097714941094845,-1.5291217562312351,-0.0806497378782491,22.383011461311902,15.811350797599232,0.3718302256915357,1.3886857752606352,21712891000.0,44.25824776513376,19.47359679311832,0.0946524867736868,0.0904369492209566,0.0519364586995889,-0.0571556409701869,0.04746367499013966,0.9525363250098603,0.0002788128877974083,-0.9997211871122026,0.9997211871122026,0.00030630726477327564,3,-0.43840759006198465,-0.488290341413438,-0.5114308456987646,0.5258379896758603,0.0,0.9547337336921533
2022-05-16,17.232624053955078,17.755671895048422,17.074912165379693,17.47717962452616,521446000,18.871641635894775,22.27470558166504,18.029973197414648,19.595673321646892,43.74589197219518,-1.5657001242322437,-1.536437429831437,-0.0292626944008067,22.008549212066782,15.734734059722769,0.364066153401873,1.349471040578455,21191445000.0,35.112800051568755,30.65039743605749,-0.0249632750179901,-0.0252801420454449,0.0514853328600679,-0.0212000011510972,0.36859901751117974,0.6314009824888203,0.8205894158668646,-0.17941058413313535,0.17941058413313535,0.9015096162223235,3,-0.591843268732674,-0.5043023483851138,0.3248917642519784,0.5526266656156253,0.8531505652577861,0.12017538520384538
2022-05-17,18.143964767456055,18.33761243130052,17.60195235864929,18.041151322209387,585830000,18.670956993103022,22.21132099151611,18.0475103620364,19.48813935466979,49.06474261574454,-1.4406289926333926,-1.5172757423918282,0.0766467497584355,21.411184584889927,15.930729401316125,0.3020538925099671,1.3658698399600584,21777275000.0,54.003747615399426,44.458265144033966,0.0528846164488694,0.0515336511259812,0.0530330664536004,-0.1112944924044928,0.14380486107157597,0.856195138928424,0.40531964430277445,-0.5946803556972255,0.5946803556972255,0.44528914206961523,3,-0.5912707089808542,-0.5064838516976932,-0.08819650399953238,0.4865240004648721,0.8392750033698627,0.4010954451858529
2022-05-18,16.907217025756836,18.08507282771539,16.8333521055283,17.672823297029897,545161000,18.444169807434083,22.119967346191405,17.87208061799339,19.296959922898463,38.71069621732365,-1.4248793049050723,-1.4987964548944772,0.0739171499894046,20.960020602649177,15.928319012218989,0.2976067310643011,1.3438385262800137,21232114000.0,28.367521347866493,39.16135633827822,-0.0681630369960546,-0.0705974119982029,0.0544642461396768,0.0021847305542228,0.9525442069228112,0.04745579307718896,0.0002206960819637338,0.9997793039180363,0.9997793039180363,0.00024245942770626232,3,0.07522945469589208,-0.29850491490891784,1.298284218826954,0.7689129437802481,0.0,0.9547892352417245
2022-05-19,17.092876434326172,17.654852866767428,16.703583993018466,16.906216046252002,621310000,18.29149751663208,22.002381324768063,17.752203051275355,19.133694479300516,43.838215361113605,-1.381491428025161,-1.475335449520614,0.0938440214954532,20.74217493475772,15.84082009850644,0.2867483922371488,1.2969240086413725,21853424000.0,32.21600753975589,38.1957588343406,0.0109810744303155,0.0109212202096235,0.0533391622201587,0.0424551893135034,0.04742619820218838,0.9525738017978117,2.39816729297182e-06,-0.999997601832707,0.999997601832707,2.6346560583407766e-06,3,-0.19829955120396514,-0.29850457256156954,-0.7014930292711374,0.8299687352036782,0.0,0.9549977097502351
2022-05-20,16.66366195678711,17.378360361940025,15.726368287812404,17.30050299605302,739105000,18.150703716278077,21.883318061828614,17.584735190584855,18.95072910726249,37.08487051269832,-1.3659939166776311,-1.4534671429520174,0.0874732262743862,20.63728220289034,15.664125229665816,0.2984432225114214,1.3305771015786123,21114319000.0,23.318930882575778,27.967486590066045,-0.0251107225391922,-0.0254313760115528,0.0531617776606293,0.1268121839287279,0.913918268801358,0.08608173119864214,0.21251868723551037,0.7874813127644896,0.7874813127644896,0.23347564136854626,3,0.2624210049499399,-0.2261353067207757,1.0136166194852654,0.8668158484658651,0.08965847632427718,0.7284451414679024
2022-05-23,16.867292404174805,16.884261708504855,16.14959916192552,16.244425835409945,639889000,18.00077657699585,21.779467163085936,17.474359377291,18.796400462589325,37.848285853676664,-1.3220410852983235,-1.4271819314212788,0.1051408461229552,20.412393217148036,15.589159936843666,0.2859518389039474,1.3337141592499386,21754208000.0,27.53993412210263,27.69162418147809,0.0122200299019361,0.0121459680845013,0.0529908516612147,0.1049827559087261,0.2690129655136594,0.7309870344863405,0.6667879514880518,-0.3332120485119482,0.3332120485119482,0.7325414374406092,3,-0.1819094458600549,-0.18853730865781326,-0.14467473985413493,0.8775534667276224,0.7452407315351683,0.2352154798075615
2022-05-24,16.12464141845703,16.56683711237005,15.751321521154898,16.47999533080433,588550000,17.869315910339356,21.67613525390625,17.266710460547316,18.598492385246193,31.23540352274246,-1.331781924698877,-1.4081019300767983,0.0763200053779216,20.392163868669265,15.346467952009448,0.3129183332340199,1.2958547019242703,21165658000.0,13.469526389098688,21.442797131259024,-0.0440290574161126,-0.0450277611793953,0.052472355695218,0.1340844451993836,0.8767122416680969,0.123287758331903,0.3461140999311699,0.6538859000688301,0.6538859000688301,0.38024520346568547,3,0.36938505477379086,0.047692275225191386,0.6061936248436387,0.8533423840641304,0.013875561887923547,0.6214283728596329
2022-05-25,16.944154739379883,17.079907290972063,15.970926052291802,15.990890166789026,781132000,17.79744682312012,21.55639335632324,17.217086503444634,18.475948855922763,41.0736624526982,-1.258862352478129,-1.3782540145570648,0.1193916620789357,20.34066768243637,15.254225963803869,0.3001885781183943,1.2443059223624704,21946790000.0,35.69090923092172,25.566789914041006,0.0508236617271251,0.0495742963975042,0.0538669529943795,0.1541673847488021,0.1978342411522536,0.8021657588477463,0.5333714152706501,-0.46662858472934987,0.46662858472934987,0.5859683912406377,3,-0.0486515777241557,0.006661132282875031,-0.4732897170122249,0.7666095816215809,0.9428090415820634,0.2985798023240233
2022-05-26,17.818557739257812,18.059118973315748,15.992881259502376,16.00685575522456,996575000,17.701072216033936,21.423734855651855,17.309620539723586,18.427253217651284,46.31352138125887,-1.1176326779276984,-1.3261297472311917,0.2084970693034931,20.073745552049864,15.328398880018009,0.2663148578842,1.283377653322061,22943365000.0,81.45509198938856,43.53850920313632,0.0516049937767466,0.05031756260399,0.0523836711675092,0.0486810398053705,0.9452641054153357,0.054735894584664345,0.0503517790897543,0.9496482209102457,0.9496482209102457,0.055317083264306045,3,0.3789685120832423,0.22727950036965663,0.7223687205405891,0.6655693780421134,0.10353403821220074,0.874050285066402
2022-05-27,18.776817321777344,18.846689812592366,18.067108915002834,18.152953076810967,738379000,17.7142484664917,21.30485137939453,17.53534312157801,18.453146854993957,58.93766011538993,-0.9178037334159476,-1.2444645444681428,0.3266608110521951,20.108740078638707,15.319756854344693,0.2550476548940887,1.2250556319656825,23681744000.0,97.88776222030208,71.67792114687079,0.0537787399262004,0.0523825039133178,0.0519830290169624,-0.0013292755519347,0.8021311566500791,0.1978688433499209,0.5334440908054213,0.4665559091945787,0.4665559091945787,0.5860482334762229,3,0.31652518179182515,0.15110472969487695,0.3154511794997017,0.6231249331935453,0.9428090415820634,0.2985332997146335
2022-05-31,18.6380672454834,19.165107560608973,18.316651930915967,18.945506160051774,664100000,17.671276664733888,21.14951412200928,17.704992986794224,18.46684466169688,55.43665149517361,-0.7618516749026547,-1.147941970555045,0.3860902956523906,19.959510401983323,15.383042927484455,0.2455441014468865,1.1966790064687851,23017644000.0,85.46657747588625,88.26981056185896,-0.0073894352762873,-0.0074168723999326,0.0505909379733712,0.0136032416008857,0.940361708993346,0.059638291006654055,0.08067774542747985,0.9193222545725201,0.9193222545725201,0.08863356254866676,6,0.7785087948924484,0.4252932806099094,0.49402897396261075,0.5781611052760082,0.47257284431674595,0.6982119673001776
2022-06-01,18.286705017089844,19.01837266847551,18.089064907013434,18.68997202318387,544514000,17.607293128967285,20.981539916992187,17.794487145301243,18.45350098431858,59.0938132161582,-0.6590138390173372,-1.0501563442475037,0.3911425052301664,19.73859065794662,15.47599559998795,0.2330980378354143,1.178569126208371,22473130000.0,75.77757348887249,86.37730439502029,-0.0188518596786746,-0.0190318213157003,0.0507320958276397,0.0181192177314211,0.3103011729765787,0.6896988270234212,0.7337627772847005,-0.2662372227152995,0.2662372227152995,0.8061208040922133,3,0.37321364701726684,0.27476206125565383,-0.5409992839709533,0.6594656695608161,0.9428090415820634,0.17035616747683385
2022-06-02,19.5563907623291,19.583342116528343,18.164925244103703,18.258754262823786,648656000,17.570260429382323,20.843151779174804,18.06554924022861,18.53519652343047,66.90077620023483,-0.4696472832018656,-0.9340545320383762,0.4644072488365105,19.523035936408476,15.61748492235617,0.1997071474750573,1.192828873235813,23121786000.0,99.30123054007784,86.8484605016122,0.0694321773142112,0.0671278322085062,0.0525226449516818,-0.0786126763976955,0.518693027491716,0.48130697250828397,0.9750643413454557,0.02493565865454425,0.02493565865454425,1.0712176676441942,3,0.22600689683725528,0.32592601942229565,-0.30099036076775143,0.5382861909823278,0.8955419357123644,0.016349441324487186
2022-06-03,18.68598365783691,19.29687302400842,18.48834348451512,19.047327292928895,598779000,17.5640718460083,20.705123252868653,18.161000689091424,18.546365940793912,55.36511356120005,-0.3853652517024883,-0.8243166759711986,0.4389514242687102,19.50102836336805,15.62711532864855,0.2073165162538702,1.1441309795456895,22523007000.0,76.73413148988048,83.93764517294362,-0.0445075533144299,-0.0455284204240331,0.0507913321165977,-0.0930775922882048,0.7559706973882896,0.24402930261171044,0.6230952317978855,0.3769047682021145,0.3769047682021145,0.6845400786636614,3,0.04520106804712006,0.2863572862984792,0.09054748190363532,0.4509456629415969,0.8955419357123644,0.2471233055444851
2022-06-06,18.75185775756836,19.301856968127392,18.53026109692932,19.104216857601944,422406000,17.569611644744874,20.518183555603027,18.251901776549413,18.56158755685128,58.38660704621742,-0.3096857803018658,-0.7213904968373321,0.4117047165354663,19.5201239592783,15.619099330211448,0.2080340347874267,1.1506192753692142,22945413000.0,78.44205336438013,84.82580513144615,0.0035253214889663,0.0035191221087659,0.050740459619659,-0.1669163435344846,0.04761913709142223,0.9523808629085778,0.0014232331033694479,-0.9985767668966306,0.9985767668966306,0.0015635813770009256,3,-0.19891211334665695,0.21036468884601048,-1.208941455742641,0.7168045727827962,0.0,0.9536408123862822
2022-06-07,18.891605377197266,18.965470299087695,18.154945715304475,18.43842998315099,388914000,17.668231964111328,20.343182220458985,18.35031771511062,18.586033321321352,54.5115199779853,-0.2357156062107321,-0.6242555187120122,0.38853991250128,19.67880812309644,15.657655805126216,0.2128539230881814,1.1295861472576267,23334327000.0,82.06529857678538,79.08049447701534,0.007452467986672,0.0074248355487753,0.0456758562962979,-0.1630905488557789,0.7241810670868344,0.2758189329131656,0.6782343854932703,0.3217656145067297,0.3217656145067297,0.7451166305001707,3,-0.09996879472926183,0.12066717364550816,0.20109844086122153,0.5602831229700577,0.8955419357123644,0.21097048638242583
2022-06-08,18.61804580688477,19.14919082607967,18.50522645422863,18.768802321218946,363252000,17.7209831237793,20.15218883514404,18.39150665230664,18.58840461654827,61.681651824802294,-0.1968979642416286,-0.5387840078179356,0.3418860435763069,19.774831986366895,15.6671342611917,0.2206299075521776,1.0819684122521471,22971075000.0,74.97270260932332,78.4933515168296,-0.014480482989693,-0.0145863484146788,0.0452751770706763,-0.1137388797176746,0.6682560574065627,0.33174394259343726,0.7665639981788375,0.23343600182116253,0.23343600182116253,0.8421566284498294,3,-0.14779171685624581,0.08736432973502015,0.14607167208614238,0.569542579997784,0.8380828936381178,0.1575391396174508
2022-06-09,18.01901054382324,18.902589231705353,18.01202181811601,18.451315596651252,395574000,17.791944694519042,19.94049060821533,18.33419955869381,18.5462272778279,55.98579949487984,-0.2120277191340882,-0.4734327500811661,0.2614050309470779,19.779692058482855,15.80419733055523,0.2206278040771994,1.0776325936693172,22575501000.0,59.44147814401132,72.15982644337335,-0.0321749806222952,-0.0327039731512178,0.0439931278332314,-0.1355828333854302,0.602292745312818,0.3977072546871821,0.8616575262167463,0.13834247378325373,0.13834247378325373,0.9466275469250814,3,0.23118136337038228,-0.024204210377732203,0.16254668416098594,0.5734421858068847,0.9428090415820634,0.08852065609992237
2022-06-10,16.94673728942871,17.668575580223607,16.841904493178646,17.571731259755435,465248000,17.83200159072876,19.726631736755373,18.12074382496072,18.42774653794648,51.68916441724715,-0.30700271298576,-0.4401467426620849,0.1331440296763249,19.709275343845626,15.954727837611893,0.2215498737078908,1.0437121634205295,22110253000.0,31.195442148853058,55.20320763406256,-0.0595078876160654,-0.0613520168961724,0.0457889560059366,-0.0644517579179493,0.0476081924413442,0.9523918075586557,0.0013427812853544774,-0.9986572187146455,0.9986572187146455,0.0014751960210839885,3,-0.2089595810367428,-0.12883563837763878,-0.8698215803370067,0.676704228010359,0.0,0.9537176438724865
2022-06-13,15.621866226196287,16.28579798543527,15.580931719685918,15.97429888299976,604153000,17.7294038772583,19.494340858459474,17.7363011174585,18.21990355189091,43.445396409175096,-0.4836024344324094,-0.4488378810161498,-0.0347645534162596,19.85141363908849,15.607394115428106,0.2716717364115943,1.088793807932205,21506100000.0,1.0227463563566077,30.55322221640699,-0.0781785331657244,-0.0814037110147569,0.0439338725141249,0.0587332151699859,0.19781806704085167,0.8021819329591484,0.5333374412482044,-0.46666255875179563,0.46666255875179563,0.5859310669620833,3,-0.4423257678943955,-0.19906395514997305,-0.2675986036018226,0.5641645946864067,0.9428090415820634,0.2986015411485145
2022-06-14,15.81056308746338,16.040193181616115,15.387243419466994,15.705731253766638,469680000,17.658300828933715,19.27728307723999,17.44003372822848,18.04143388785924,48.24467393173569,-0.6014001596307565,-0.4793503367390712,-0.1220498228916853,19.93971049026184,15.376891167605589,0.2885930942127061,1.0557208707271488,21975780000.0,10.088410651350108,14.102199718853251,0.012079021708089,0.0120066525086105,0.043839006004161,0.0330892693625031,0.050012019203631575,0.9499879807963685,0.018604675963966755,-0.9813953240360332,0.9813953240360332,0.020439325640702086,3,-0.8155717005008244,-0.3931068254697085,-0.5882884985663248,0.5896578611727971,0.4714045207910317,0.7825970556334257
2022-06-15,16.500450134277344,16.84090192856141,15.900414844094753,16.069143021465198,563936000,17.57612509727478,19.06108652114868,17.29548240608215,17.92728694314947,47.48375834446919,-0.6318045370673175,-0.5098411768047205,-0.121963360262597,19.90184556089428,15.25040463365528,0.2818978203252948,1.0501035566141326,22539716000.0,26.52956460067692,12.54690720279454,0.0436345652585261,0.042709394907226,0.0432591237864076,-0.0182730573663956,0.3262684090447283,0.6737315909552717,0.7582961948811018,-0.2417038051188982,0.2417038051188982,0.8330735181466462,3,-0.5632538959689087,-0.2849821166443181,0.043278311525419916,0.48867381070341326,0.9428090415820634,0.15465806578313906
2022-06-16,15.575942039489746,15.91639489299692,15.376263463081942,15.834525867348546,545749000,17.509561347961426,18.854927864074707,17.030937734298703,17.753113246582082,37.35402871198784,-0.7221755122833784,-0.5523080439004521,-0.1698674683829263,19.98713716050686,15.03198553541599,0.3181285351812466,0.9828141964271346,21993967000.0,4.746252514123219,13.788075922050078,-0.0560292650966571,-0.0576601144788954,0.0423858612998392,0.0977495933123524,0.9357142061699841,0.06428579383001592,0.10734285883309547,0.8926571411669045,0.8926571411669045,0.11792818381480484,3,-0.11014732932934206,-0.2034261842642931,1.0960833254311977,0.7727438779607105,0.4241495254935113,0.7259338004353317
2022-06-17,15.854490280151367,15.969305314173598,15.303376974273872,15.62286261751567,630334000,17.447642040252685,18.684764823913575,16.849945818276037,17.612474508327956,32.15308766593546,-0.7625286900519193,-0.5943521731307455,-0.1681765169211737,20.02879918454329,14.86648489596208,0.3256058187530656,0.9569425011817898,22624301000.0,12.87658397746739,14.71746703075584,0.0178832355664535,0.017725211713312,0.0425355478393979,0.0622797320458947,0.19781655452224192,0.8021834454777581,0.5333342640676729,-0.4666657359323271,0.4666657359323271,0.5859275764725081,3,0.06142920003856004,-0.30344071822907737,-0.1632250177032497,0.6954354877495827,0.9428090415820634,0.29860357411855976
2022-06-21,16.53938865661621,16.98067807199888,16.380643675300785,16.448535233491057,483089000,17.44142837524414,18.53227241516113,16.802167793405296,17.53298666746042,37.98469372194618,-0.7308188740551245,-0.6216455133156213,-0.1091733607395031,20.031116233357796,14.851740517130482,0.3131540000515933,0.9767805127642546,23107390000.0,28.87901281837259,15.500616436654395,0.0431990158221791,0.0422919687678155,0.043391415742175,-0.0352528304819877,0.9320245849234229,0.06797541507657716,0.12726230126709648,0.8727376987329035,0.8727376987329035,0.13981192805621534,6,0.432909701322494,-0.19852711466484166,1.0712648133977452,0.8361665958990845,0.36554733709491577,0.6925812248982429
2022-06-22,16.333723068237305,16.63523803952557,16.15401188075244,16.199937522982893,437135000,17.414749908447266,18.39740711212158,16.730099374148683,17.44415232677723,38.629135114972065,-0.7140529526285455,-0.6401270011782062,-0.0739259514503393,20.040089559005747,14.789410257888788,0.3214624907733053,0.9447746840007584,22670255000.0,24.073702926934587,21.943099907591517,-0.0124348966366804,-0.0125128569234531,0.0433918723609021,-0.0500002043539059,0.6451868847049631,0.3548131152950369,0.8006837321713425,0.1993162678286575,0.1993162678286575,0.8796409875000823,3,0.20179607687641163,-0.027388045158655533,0.22670431298731303,0.6242502801675445,0.816496580927726,0.13595083941097172
2022-06-23,16.198936462402344,16.558356861748027,15.827533351841502,16.49246289970144,463680000,17.41846466064453,18.283842430114746,16.648382003110783,17.35191411460131,27.47509075064184,-0.703532111490528,-0.6528080232406706,-0.0507240882498574,20.036317769214502,14.80061155207456,0.3232129608812277,0.8956608723923213,22206575000.0,22.397498281375775,25.116738008894316,-0.0082520442688946,-0.0082862808642305,0.0422339813745818,-0.065700994288411,0.16044100964432806,0.8395589903556719,0.4483498637880662,-0.5516501362119338,0.5516501362119338,0.4925626699802427,3,0.173467943449876,-0.03952912765296098,-0.5121210085589728,0.6966341993068582,0.8701252603378251,0.36638430296160696
2022-06-24,17.09848403930664,17.11246148533138,16.283795077336883,16.473490347875632,472153000,17.42618112564087,18.196513748168947,16.717628470217836,17.333141516431336,39.39106519561123,-0.6155130462135006,-0.6453490278352366,0.029835981621736,20.039052608601043,14.813309642680696,0.305626098425288,0.884623568471968,22678728000.0,44.89473668352141,30.45531263061058,0.0555312738581414,0.0540442172923466,0.0425378300899766,-0.151990846145866,0.12656609731461,0.8734339026853901,0.3561107409732419,-0.6438892590267581,0.6438892590267581,0.3912276361599097,3,-0.3320743758033445,0.00868602449122118,-0.6525752835179792,0.6458387077588921,0.7940482776031422,0.44401918411076113
2022-06-27,16.841903686523438,17.302163648044232,16.599293974290056,17.28419291089453,427968000,17.37734842300415,18.09009895324707,16.736747734264853,17.296753529030752,37.55341925279614,-0.5600057947658996,-0.6282803812213692,0.0682745864554695,19.995842994427644,14.75885385158066,0.3109499519960752,0.8797145543688325,22250760000.0,40.005230911711934,35.7658219588697,-0.0150060293177668,-0.015119758963571,0.0409720098982586,-0.1129291162590113,0.946592177976075,0.053407822023925064,0.041696286977684016,0.958303713022316,0.958303713022316,0.045808053265515736,3,-0.07907856073879167,0.18011566993996606,0.7781880430823499,0.7581673642574527,0.08363498449289898,0.8883906718037788
2022-06-28,15.956328392028809,17.17436801500843,15.91938717022095,16.87285307326158,461149000,17.236323976516722,17.984838199615478,16.61668322007469,17.19746277814172,32.566369963084526,-0.5807795580670287,-0.6187802165905012,0.0380006585234724,19.841237046584048,14.631410906449394,0.326505322034942,0.911461430154851,21789611000.0,16.978237708477778,33.9594017679037,-0.0525816624401699,-0.0540145330118391,0.0402452061908555,-0.0533101099649444,0.05080123683205546,0.9491987631679446,0.024100826613587145,-0.9758991733864129,0.9758991733864129,0.026477464284746264,3,-0.22049490646361802,-0.08682094642479356,-0.8890782269616193,0.7784275500197807,0.4714045207910317,0.7782142435185059
2022-06-29,15.517033576965332,15.794586883557068,15.145631406490011,15.788596955968533,482352000,17.08027229309082,17.860310592651366,16.44750635190402,17.072986541017542,31.93760838540949,-0.6254801891135209,-0.6201202110951052,-0.0053599780184157,19.70547404835625,14.455070537825392,0.3383638686150011,0.9233709025611192,21307259000.0,9.885715721474078,22.28972811388793,-0.027531071326091,-0.0279171539496541,0.0404979111628975,0.0203320195474232,0.1978167751200126,0.8021832248799875,0.5333347274541477,-0.4666652725458523,0.4666652725458523,0.5859280855545838,3,-0.1614202443033161,-0.08682088022672574,-0.3798443923191266,0.7488436479292541,0.9428090415820634,0.2986032776132736
2022-06-30,15.134650230407717,15.541994845285537,14.838127375234018,15.336325419135894,686070000,16.922669553756712,17.7198504447937,16.245528487058436,16.929406073564962,32.76453762290629,-0.6838775865065259,-0.6328716861773893,-0.0510059003291365,19.620375910514447,14.224963196998978,0.3564940471947809,0.9100351923084176,20621189000.0,10.476180222843032,12.446711217598292,-0.0246428123430277,-0.0249515287578732,0.0405976027117515,0.044791844349193,0.14960457910748468,0.8503954208925154,0.42076474390575436,-0.5792352560942456,0.5792352560942456,0.46225731829315186,3,-0.6739332340088366,-0.2942455880591756,-0.28498966803507003,0.750928702068776,0.8531505652577861,0.3879917138730153
2022-07-01,14.49967098236084,15.038803524181898,14.368881846227062,14.875067404670956,577610000,16.6698335647583,17.580984649658202,15.976935024797267,16.74942569643873,34.571263206905286,-0.7724906716414637,-0.6607954832702042,-0.1116951883712594,19.27446939001414,14.06519773950246,0.3592682659385079,0.880653930418136,20043579000.0,4.4587988787223285,8.273564941013142,-0.0419553302111408,-0.0428608739262491,0.0367865583750088,0.0433105562237638,0.04748046126136774,0.9525195387386324,0.0004025548828303638,-0.9995974451171696,0.9995974451171696,0.0004422517411407887,3,-0.681832657919089,-0.4655189756228652,-0.5340784694943044,0.8018633471816347,0.0,0.954615560086897
2022-07-05,14.93996238708496,14.946951112194402,14.032423111650443,14.152230235873317,651397000,16.482532501220703,17.47685745239258,15.817400772841529,16.61539137722734,45.16081168174039,-0.7979906043858112,-0.6882345074933256,-0.1097560968924855,19.014457763731105,13.9506072387103,0.3389466716059682,0.8484198183325048,20694976000.0,27.755696975206742,14.23022535892403,0.0303656134859711,0.0299137038060197,0.0373453624737132,0.0078855787100544,0.3543462978273723,0.6456537021726276,0.8000037940387932,-0.19999620596120687,0.19999620596120687,0.8788939991121297,6,-0.5929429690575404,-0.4152826998727614,0.21528649391155452,0.34255936081105937,0.816496580927726,0.12998670187517733
2022-07-06,15.105694770812988,15.294391284315516,14.765242008688814,14.985887657126462,529066000,16.300224351882935,17.389380588531495,15.707907541760216,16.503561998974426,44.98148504329944,-0.7956544572142104,-0.7097184974375026,-0.0859359597767077,18.663615585345433,13.936833118420436,0.3129139399836159,0.8395769264380464,21224042000.0,32.82436777133443,21.679621208421157,0.0110932263036549,0.0110321477590351,0.0375323455360935,0.0022471712909062,0.9522935112979785,0.04770648870202159,0.0020647075570918716,0.9979352924429081,0.9979352924429081,0.002268313094727043,3,-0.06721945287848922,-0.1807363353770948,1.178671627820003,0.754499454215438,0.0,0.9530282042829772
2022-07-07,15.832526206970217,15.91938634734984,15.36427972508815,15.431172487703748,492903000,16.14727039337158,17.30871440887451,15.727079644100217,16.453855644011153,45.26940771302247,-0.7267759999109362,-0.7131299979321893,-0.0136460019787468,18.176907319645267,14.117633467097894,0.2563882604382042,0.8241021218265335,21716945000.0,55.053392608166355,38.5444857849025,0.0481163857197486,0.046994634808788,0.0395776109805257,-0.0306470933807793,0.1311120678116956,0.8688879321883044,0.36961276060841886,-0.6303872393915811,0.6303872393915811,0.4060611208529532,3,0.05585061569670698,-0.4076921857219372,-0.22269505366964393,0.76967967464316,0.4714045207910317,0.5026916120079468
2022-07-08,15.812559127807615,16.011239824701722,15.36428001522436,15.40521452102006,467972000,16.006996059417723,17.249888496398924,15.740230333901357,16.406352198366445,51.92212779155666,-0.6661218644650901,-0.7037283712387695,0.0376065067736793,17.67281569085543,14.341176427980018,0.2106957663175762,0.7900144888466736,21248973000.0,54.44273011264881,47.4401634973832,-0.0012611429724845,-0.0012619388825243,0.0395748392363112,-0.0047985998153271,0.6456255802006213,0.35437441979937867,0.8000447662305663,0.1999552337694337,0.1999552337694337,0.8789390116655054,3,0.18916776227358714,-0.23971298469967342,0.4396682184691071,0.7733904098139611,0.816496580927726,0.1363866691450415
2022-07-11,15.127659797668455,15.502057386380558,15.013842610780165,15.50105858910232,437321000,15.862428522109983,17.184810962677002,15.645988712942447,16.311634242759187,44.4613431789321,-0.6656455298167394,-0.6961118029543636,0.0304662731376241,17.27575390128163,14.44910314293834,0.1868531416061421,0.7994993586415113,20811652000.0,33.49613443307011,47.66408571796175,-0.0433136296663524,-0.0442796629411022,0.0400179972166821,0.0626320527891535,0.8821021244008739,0.1178978755991261,0.3291703173690522,0.6708296826309478,0.6708296826309478,0.3616305557264225,3,0.08013255900293374,-0.07721370538870197,0.7480433880196498,0.6533810744154347,0.43565023019287996,0.5429587518462385
2022-07-12,15.057772636413574,15.406211993432294,14.853102016672706,15.243473723701138,458483000,15.767980289459228,17.091045417785644,15.555493931938006,16.218755605252106,37.541952752505985,-0.6632616733140999,-0.6895417770263109,0.026280103712211,17.12765573050624,14.408304848412213,0.1805944974569437,0.7585652289923738,20353169000.0,31.35874278209258,39.7658691092705,-0.0046198263439037,-0.0046305307225984,0.0381330492038923,0.1266409060511479,0.19782319523199432,0.8021768047680057,0.5333482133358463,-0.4666517866641537,0.4666517866641537,0.5859429013099413,3,0.13471104324540956,-0.06113035261297456,-0.40552143405117913,0.7039039349450581,0.9428090415820634,0.2985946484550448
2022-07-13,15.139639854431152,15.350301342288464,14.441763333884406,14.56656253178919,521918000,15.743868970870972,17.023572368621828,15.491516381552335,16.138821105191294,39.746174764554894,-0.6473047236389569,-0.6810943663488401,0.0337896427098832,17.131274157223665,14.356463784518278,0.1832811347816335,0.7890875039660113,20875087000.0,33.86252609704735,32.90580110407001,0.00543687436345,0.005422147915147,0.0340783585217398,0.1742945524058707,0.7962570049252958,0.2037429950747041,0.5456457890954771,0.4543542109045228,0.4543542109045228,0.5994531691602989,3,0.21951070229043926,0.1465770268186958,0.307777184085827,0.5703460217104633,0.3842256228132847,0.3755567348740856
2022-07-14,15.347305297851562,15.448142878208444,14.70433980225985,15.08372946319901,456235000,15.72070608139038,16.940568408966065,15.469330060982989,16.08019030464761,42.777280344727835,-0.6108602436646215,-0.6670475418119964,0.0561872981473748,17.11884971683975,14.322562445941012,0.1822005372689227,0.7900146158261591,21331322000.0,40.21365521709472,35.144974698744875,0.0137166699747899,0.0136234479536423,0.0341134242667136,0.1742130152982548,0.6775142321174074,0.3224857678825926,0.7525428151056182,0.2474571848943819,0.2474571848943819,0.8267527844239253,3,0.07838653637825065,0.2104989397980656,0.03695824509631629,0.42743671964914093,0.9428090415820634,0.1583394583344662
2022-07-15,15.73668098449707,15.75664836262336,15.420189805163654,15.633846749612044,385935000,15.682517623901369,16.86397451400757,15.510460972292844,16.054745169821643,37.35636428366117,-0.544284197528798,-0.6424948729553568,0.0982106754265588,17.03185773273507,14.333177515067664,0.1714897963761227,0.7540016188149278,21717257000.0,52.122113463016206,42.06609825905275,0.0253709481298984,0.0250544477346745,0.0330866145046028,0.0987818634702426,0.3395464357920771,0.6604535642079228,0.7782279657188361,-0.22177203428116388,0.22177203428116388,0.8549708065238978,3,0.1600131205059139,0.03625503598034103,-0.2580270702615049,0.4719643377733598,0.8531505652577861,0.14855054274502522
2022-07-18,16.075136184692383,16.8698570674019,15.976296187145689,16.275813524039364,670517000,15.7074773311615,16.77953634262085,15.597334081892772,16.056255615367625,42.987573109196525,-0.458921533474852,-0.6057802050592559,0.1468586715844039,17.066946670632223,14.348007991690777,0.1691393869204398,0.7847377908971173,22387774000.0,65.01428685807397,52.45001851272829,0.0215074068368508,0.021279386190858,0.0308721240721741,0.0573256932456462,0.8011269602260833,0.19887303977391654,0.5355490644575334,0.46445093554246664,0.46445093554246664,0.5883607833977558,3,0.1633786953852285,0.19266048954234785,0.2717904460001188,0.4197226094789707,0.9428090415820634,0.2971863984798765
2022-07-19,16.964702606201172,17.082513067414855,16.14602025655612,16.459514986904992,702366000,15.762987947463987,16.742635288238525,15.807698470247912,16.123547985058998,59.21529922715506,-0.3158495148110862,-0.547794067009622,0.2319445521985357,17.233835838855157,14.29214005607282,0.1734009638168986,0.7670517936067596,23090140000.0,96.1374758160032,71.09129204569778,0.055338033301135,0.0538611263194561,0.0329504156399257,-0.0270124201884558,0.44940767265445597,0.550592327345544,0.9323119250601252,-0.06768807493987483,0.06768807493987483,1.0242493377428754,3,0.058330275440476274,0.1544257311553038,-0.22211380609517864,0.3095947198290206,0.9428090415820634,0.043311303029075494
2022-07-20,17.778396606445312,17.90419557403467,16.774013886344825,16.919779281556753,760538000,15.824938344955443,16.725381984710694,16.110882798893666,16.24612936442095,69.34245248665822,-0.1352465655272823,-0.465284566713154,0.3300380011858717,17.520656555451303,14.129220134459588,0.1907616584367455,0.7898721294746915,23850678000.0,96.75086876155424,85.96754381187714,0.0479639413158181,0.0468491781655162,0.0332652136061317,-0.0009546186031541,0.8021838657151809,0.1978161342848191,0.5333333813181558,0.4666666186818443,0.4666666186818443,0.5859266066730409,3,0.2878098264281457,0.1252595791625747,0.34140703951926954,0.31240478890885115,0.9428090415820634,0.2986041389600311
2022-07-21,18.021005630493164,18.11485450174296,17.516817646879083,17.856271659241287,557049000,15.909302473068236,16.747418117523193,16.404747849908972,16.3776016804263,75.2930766680076,0.0271461694826733,-0.3667984194739886,0.3939445889566619,17.860277381342712,13.958327564793764,0.2165223127141417,0.7823127998184315,24407727000.0,97.70115249322826,96.8631656902619,0.0136462825877052,0.0135540105724137,0.0330919259917723,-0.0036564648260403,0.8021838338115193,0.19781616618848083,0.533333448334945,0.466666551665055,0.466666551665055,0.585926680298509,3,0.2885483651356751,0.25859077035246164,0.20807578131259336,0.3388798346469122,0.9428090415820634,0.29860409607826094
2022-07-22,17.291179656982422,17.93813754600972,17.109470902798687,17.86425701094861,536671000,15.96391463279724,16.741981258392332,16.54112197407412,16.44527412313416,74.06195948514186,0.0958478509399611,-0.2742691653911986,0.3701170163311598,18.007955348955903,13.91987391663858,0.2364258259653498,0.7927246814979904,23871056000.0,79.82391455352511,91.42531193610256,-0.0404986263516732,-0.0413415319060932,0.0345480031725707,0.0487330178682878,0.9452865071753606,0.054713492824639526,0.05020742827506641,0.9497925717249336,0.9497925717249336,0.05515849768541068,3,0.6277085806906113,0.32936767904109177,0.6204248926838418,0.35999280257845234,0.10353403821220074,0.8741831446537203
2022-07-25,16.996654510498047,17.096494261320483,16.622256873127547,16.991661475600253,480748000,15.95882315635681,16.74991876602173,16.611203902754724,16.486117114790744,68.18503914417062,0.1250867879639798,-0.1943979747201629,0.3194847626841428,17.991439934300843,13.92620637841278,0.2391784544056689,0.7751814517344845,23390308000.0,69.55697692109274,82.36068132261535,-0.0170332592875143,-0.0171799938809341,0.0325877394901143,0.0832355718268209,0.8285454670563887,0.17145453294361132,0.4748821344334342,0.5251178655665658,0.5251178655665658,0.5217113485575121,3,0.6471923296521851,0.36903349056568946,0.15608437500087635,0.36136952715879406,0.43959264235364787,0.42432997680466666
2022-07-26,16.506444931030273,16.89182460135965,16.451532969702946,16.86187210310339,397865000,15.942050218582152,16.757135677337647,16.59508713787404,16.487622878956635,61.713174672123905,0.1074642589174033,-0.1340255279926497,0.241489786910053,17.94936336620319,13.934737070961116,0.2432156840565363,0.7763223278179415,22992443000.0,56.21100871796452,68.53063339752744,-0.028841533442066,-0.0292656246676176,0.0330709172290278,0.1205465921419493,0.21786390583170512,0.7821360941682949,0.573947274599919,-0.42605272540008093,0.42605272540008093,0.630545528923041,3,0.34961923729713984,0.33985053469155846,-0.7659032600916393,0.5022735538456714,0.9428090415820634,0.2726166863595622
2022-07-27,17.761425018310547,17.9071904085924,16.885832927058424,17.00464126060537,569776000,16.03230504989624,16.758887767791748,16.77452373486427,16.58197859298285,64.82052006113904,0.1925451418814212,-0.0687113940178355,0.2612565358992568,18.19836895278054,13.86624114701194,0.2439065447340255,0.8182547493197468,23562219000.0,90.3778733446944,72.04861966125054,0.0760297018845681,0.0732780653405504,0.0348634338467594,0.0620008243036855,0.05015187859337779,0.9498481214066221,0.019584624528445227,-0.9804153754715548,0.9804153754715548,0.02151590917590081,3,-0.29378341176835626,0.13344106168955538,-1.1138564371611102,0.7875752823293108,0.4714045207910317,0.7818156122716629
2022-07-28,17.95511245727539,18.11086201941648,17.41198753684129,17.946128040860202,474646000,16.154208993911745,16.773337535858154,16.956152769081367,16.683692212560075,66.03408078548327,0.2724605565212918,-0.00047700391001,0.2729375604313019,18.46758784666654,13.84083014115695,0.2576846965742524,0.8219629402553058,24036865000.0,95.65101877073168,80.74663361113019,0.0109049492799799,0.0108459190804017,0.0339689141374125,0.0684496449304998,0.3426420768068421,0.6573579231931579,0.7828192467257133,-0.2171807532742867,0.2171807532742867,0.8600148442587816,3,-0.5412162847153071,0.11208496478463943,-0.3292657180589261,0.7686567490736732,0.8221552636176694,0.14772517628213622
2022-07-29,18.13383102416992,18.21470031666607,17.66358676182505,17.784392729909996,435460000,16.304168033599854,16.773134860992432,17.13733403909499,16.791109902308953,74.34120335076076,0.3462241367860379,0.0688632242291995,0.2773609125568383,18.72557811393839,13.88275795326132,0.267059958495381,0.8042770143848462,24472325000.0,97.85659570133892,94.62849593892166,0.0099536311632575,0.0099044200599347,0.0330959781758254,0.0454766049424919,0.5229372530003226,0.47706274699967743,0.9693955151950675,0.03060448480493244,0.03060448480493244,1.0649898255730545,3,-0.38899721464696935,0.04979037423079486,-0.01918588942586242,0.5564383875617414,0.7286746343384293,0.02177327007813395
2022-08-01,18.411380767822266,18.81573095811725,17.961104933200836,18.152795986600218,476469000,16.499753522872926,16.803218135833742,17.333341228129957,16.91112996642105,76.27095582003366,0.422211261708906,0.1395328317251408,0.2826784299837651,18.939312992103684,14.060194053642167,0.2650055962662396,0.8258138749674766,24948794000.0,90.75552848259916,94.7543809848899,0.0153056319584321,0.0151896823976408,0.0307987091391797,-0.0351392011450277,0.7471130306371974,0.25288696936280264,0.6389087136781773,0.36109128632182275,0.36109128632182275,0.7019129641839804,3,0.058171672617489865,0.034708193467475966,0.3263830928543468,0.5044017705833049,0.8886465834402926,0.23758719014428303
2022-08-02,18.496240615844727,18.907579472181585,18.062937738115096,18.09289023442921,489527000,16.677567434310912,16.831285419464113,17.512248826239922,17.028545570082063,76.2820762928105,0.4837032561578596,0.2083669166116846,0.275336339546175,19.156533517673363,14.19860135094846,0.268050803928108,0.821249855371936,25438321000.0,90.21376629597106,92.94196349330304,0.0046090974431842,0.0045985080793699,0.030548026689773,-0.0777287048419481,0.9499373302624393,0.05006266973756069,0.018959867020703514,0.9810401329792965,0.9810401329792965,0.020829542900458103,3,0.4575786347020176,0.03917213078952781,0.9418680021897686,0.7238802203981907,0.4714045207910317,0.7823138145496529
2022-08-03,18.862648010253903,18.93752828432932,18.107862007683355,18.154787385684635,418146000,16.86541509628296,16.875265140533447,17.720002546857458,17.164405010094793,76.85737618147684,0.5555975367626651,0.2778130406418807,0.2777844961207844,19.411334620898373,14.319495571667543,0.2699429606311297,0.8273829411360341,25856467000.0,97.87110977525572,92.94680151794198,0.0198098306579823,0.0196161693825934,0.0306089744269626,-0.0421317240779577,0.369653668239097,0.630346331760903,0.8220990447363814,-0.17790095526361854,0.17790095526361854,0.9031681130497028,3,0.38807682134583393,-0.061259129329069954,-0.11664182593454858,0.495332710992787,0.8591740570891644,0.11880600655042596
2022-08-04,19.18413352966309,19.24303876838224,18.729864509468054,18.818722242281332,409652000,17.032995462417603,16.921601963043212,17.945253467289092,17.314014530062813,76.61478548283068,0.6312389372262786,0.3484982199587603,0.2827407172675182,19.729427284229917,14.33656364060529,0.2811106185893681,0.8347994550033473,26266119000.0,98.19682028086756,95.42723211736478,0.0170434988361345,0.0168998878686855,0.0294239656163139,-0.0662501761034065,0.8021294792522997,0.19787052074770028,0.533447613626786,0.46655238637321395,0.46655238637321395,0.586052103691065,3,0.42323052136296435,0.0662558866385436,0.40029649973467035,0.44470259658985,0.9428090415820634,0.2985310455807439
2022-08-05,18.95849609375,19.19811032548753,18.63601501169744,18.7797827890261,386068000,17.19029231071472,16.978279056549074,18.101136948283077,17.43582797922483,72.65454400863474,0.6653089690582483,0.4118603697786579,0.2534485992795904,19.95317709489957,14.427407526529873,0.2914666617565389,0.7940079714951518,25880051000.0,90.8123676221559,95.62676589275974,-0.011761669379761,-0.0118313850002911,0.0297285890396809,-0.0147453970497334,0.7647542278485975,0.2352457721514025,0.607025431718628,0.392974568281372,0.392974568281372,0.6668855988201493,3,0.2272086664636562,0.26245445003181883,0.13052011824955317,0.41153879891861755,0.9038981579511796,0.25656210833895426
2022-08-08,17.764419555664062,18.20970422667772,17.214305900483794,17.47388850828178,981859000,17.322130298614503,16.994684352874756,18.049334272495535,17.460168095998107,55.99643819126737,0.5891661764974288,0.4473215311224121,0.1418446453750166,19.91713857075136,14.727122026477645,0.2921579581033323,0.8466374936768472,24898192000.0,47.03148337044294,78.68022375782213,-0.0629837162283977,-0.0650546182697456,0.0318205265702678,0.0696340820247911,0.26412924076586713,0.7358707592341329,0.6584613424230827,-0.3415386575769173,0.3415386575769173,0.7233937223988989,3,0.17266276569255665,0.24468903513144305,-0.5862276927083604,0.5323912392768334,0.9428090415820634,0.21853900125830447
2022-08-09,17.058551788330078,17.418971902884152,16.697133828709614,17.224285475006486,668263000,17.422169256210328,16.9794842338562,17.89690619800854,17.43041873987455,44.5137458492562,0.4664874581339902,0.4511547165247278,0.0153327416092624,19.79432460867855,15.0500139037421,0.2781191958031327,0.8421449250528903,24229929000.0,21.745210728090584,53.19635390689646,-0.0397349187302279,-0.0405459063134325,0.0335091104941999,0.1049400274654686,0.15238967759404234,0.8476103224059577,0.4280066346410013,-0.5719933653589987,0.5719933653589987,0.47021334844808593,3,-0.1735191515515143,0.1586036279651672,-0.7305969933241658,0.45738874994720036,0.8591740570891644,0.3819892220980036
2022-08-10,18.06793212890625,18.088898306614105,17.289184304860864,17.669572848171974,597422000,17.56858386993408,16.96530652999878,17.92321787968511,17.477641953876898,50.3202206261681,0.4455759258082139,0.450038958381425,-0.0044630325732111,19.696451557880756,15.440716181987405,0.2355408103999213,0.8730241867257581,24827351000.0,57.904202075776,42.2269653914365,0.0591715142704376,0.0574870122121139,0.0354905942393062,0.0131511274385609,0.19782559781382864,0.8021744021861714,0.5333532600375451,-0.46664673996245487,0.46664673996245487,0.585948445678445,3,-0.4600595876327899,0.04035533849598467,-0.5070020784584396,0.4948405611943888,0.9428090415820634,0.29859141924182264
2022-08-11,17.91318130493164,18.67695387002045,17.84728732822926,18.101878818020555,509327000,17.696877670288085,16.950808811187745,17.9216737912615,17.509904128029103,54.60596181289109,0.4117696632323984,0.4423850993516197,-0.0306154361192213,19.55288539349764,15.84086994707853,0.2072225688575575,0.8671764591612376,24318024000.0,52.36056953192141,44.00332744526266,-0.0085649438392028,-0.0086018337617979,0.0356995698081517,0.0463158506701579,0.9525740781095986,0.047425921890401276,3.5942461595883657e-07,0.999999640575384,0.999999640575384,3.948682999421939e-07,3,-0.012880154915356101,0.04306383958114003,0.956935800994244,0.6737914722544203,0.0,0.9549996567494917
2022-08-12,18.678945541381836,18.68793186075144,17.92415946001401,18.130827666952836,478094000,17.843990898132326,16.958653621673584,18.03817713743386,17.596499788277452,61.64477089307636,0.4416773491564072,0.4422435493125772,-0.00056620015617,19.50162855749342,16.186353238771233,0.1774872843532541,0.8747355857301609,24796118000.0,79.79251097865499,63.35242752878412,0.0427486454479961,0.0418601550751298,0.0363410537413904,-0.0459669399427987,0.18013721257906998,0.81986278742093,0.49486061958530925,-0.5051393804146908,0.5051393804146908,0.5436599578543354,3,0.009404506732746584,-0.0036845068690131394,-0.5014548735456776,0.6633233655409785,0.8531505652577861,0.33835974569883565
2022-08-15,19.001428604125977,19.13321654286925,18.583102920928457,18.67096091199568,457666000,17.990305519104005,16.947554378509523,18.186369670771107,17.700568589451418,67.6807528517636,0.4858010813196891,0.4509550557139997,0.0348460256056894,19.50058803544415,16.48002300276386,0.158965154442356,0.8750921629548534,25253784000.0,90.50985127542005,74.22097726199881,0.0172645218130595,0.0171171833574229,0.0362779445821809,-0.1049812085076209,0.9525731998513335,0.047426800148666556,6.839538361225195e-06,0.9999931604616388,0.9999931604616388,7.514000892458944e-06,3,0.4982844735407778,0.07252131800076185,0.9274718424608769,0.8304307418273105,0.0,0.954993468240865
2022-08-16,18.848676681518555,19.111254744277208,18.471283557711025,18.88961119385509,451240000,18.08450422286987,16.950808238983154,18.288263057039945,17.785613633308245,59.13131888852145,0.5026494237317003,0.4612939293175398,0.0413554944141604,19.560059417415093,16.608949028324655,0.1565685718395313,0.8207511421694288,24802544000.0,84.50994451664431,84.93743559023977,-0.0080389704263738,-0.0080714571729343,0.0347550267354085,-0.0899410906651244,0.9452043916921764,0.05479560830782355,0.0507362862541515,0.9492637137458485,0.9492637137458485,0.05573950756019373,3,0.4813724979309326,0.1519911959242585,0.79727251782159,0.8049742762611444,0.10353403821220074,0.8736963870763346
2022-08-17,18.30554580688477,18.65797938877472,18.115852393296763,18.49324543441833,446799000,18.110861682891844,16.941881999969482,18.290921941631456,17.824127127647245,52.77995313461742,0.4667948139842117,0.4623941062508742,0.0044007077333375,19.58222074478087,16.63950262100282,0.1607555521601156,0.8231761282870433,24355745000.0,63.176434928093265,79.39874357338586,-0.0288153319095519,-0.0292386453640658,0.0340924633265403,-0.0607032462407961,0.5472002061781535,0.4527997938218465,0.9368784428175312,0.06312155718246881,0.06312155718246881,1.0292661702675827,3,0.6707928104633192,0.2097997980327422,-0.1466782408502734,0.6897441833210104,0.8561782027792396,0.04221711362128364
2022-08-18,18.74284553527832,18.83469681060988,18.1537931034188,18.2716035897907,415447000,18.146953678131105,16.938906803131104,18.36044864834636,17.892180343027324,54.64085635012555,0.4682683053190359,0.4635689460645066,0.0046993592545293,19.64421714050656,16.649690215755648,0.1597690659678398,0.8324468534549049,24771192000.0,80.35302787181962,76.01313577218572,0.0238889204947434,0.0236080446540085,0.0343523912307659,-0.0458105301206952,0.1981123646885784,0.8018876353114216,0.5339552919004283,-0.46604470809957166,0.46604470809957166,0.5866098452811782,3,0.18211352094291564,0.22493532049837464,-0.6909800285979463,0.7349521382123874,0.9428090415820634,0.2982061994749781
2022-08-19,17.820331573486328,18.490253330046265,17.74145799231606,18.376436118791393,441588000,18.173411273956297,16.922952518463134,18.277353713752508,17.886858211950212,45.89914220852886,0.3904955018022953,0.4489542572120644,-0.058458755409769,19.62500732087657,16.721815227036025,0.162914594594862,0.8429298190296082,24329604000.0,44.117819437514704,62.54909407914251,-0.0492195253946691,-0.0504720794607134,0.0349768887148016,-0.0890247507595537,0.9524880209509616,0.04751197904903835,0.0006347797532167965,0.9993652202467832,0.9993652202467832,0.0006973768374816827,3,0.1988140231098939,0.43436560052826584,0.5649996197185174,0.6754413633593637,0.0,0.954393785335678
2022-08-22,17.006635665893555,17.529794039492458,16.938744114151103,17.461902487750006,409593000,18.173910331726074,16.90270502090454,18.081858629466513,17.821656541871942,40.613995756585126,0.2602020875945712,0.4112038232885657,-0.1510017356939945,19.623808803987707,16.72401185946444,0.1705097352287465,0.8455687994059465,23920011000.0,12.156849701629902,45.5425656703214,-0.0456610980686474,-0.0467364275031208,0.0363590137944063,-0.0723845172505642,0.05779624396695134,0.9422037560330487,0.06956741252941501,-0.930432587470585,0.930432587470585,0.07642761429565915,3,-0.13237069177445737,0.15858956795027024,-1.0890221554208552,0.8530836742933605,0.4714045207910317,0.7419576857420755
2022-08-23,17.153406143188477,17.43695041995558,16.94274457877955,16.96171506921699,369986000,18.206258392333982,16.906838397979737,17.93901978542374,17.772156512339834,38.92347987511632,0.166863273083905,0.3623357132476336,-0.1954724401637286,19.52219604084647,16.890320743821498,0.1534316435497027,0.8216073397295224,24289997000.0,17.921812680025525,24.732160606390035,0.0086301888379527,0.0085931616402263,0.0357188587887396,-0.0997033355294065,0.19781688718795226,0.8021831128120477,0.5333349628633017,-0.4666650371366982,0.4666650371366982,0.5859283441779732,3,-0.13257746812016621,0.16408590270426918,-0.6307509398409674,0.7374252567957792,0.9428090415820634,0.2986031269829415
2022-08-24,17.194339752197266,17.378044243797792,16.86786528424407,16.98467604437704,522661000,18.17790412902832,16.938287868499756,17.824453626465818,17.72935527084779,36.6188391585608,0.0950983556180276,0.3088882417217125,-0.2137898861036848,19.557115178778652,16.79869307927799,0.1604261715922046,0.8213933897752038,24812658000.0,19.88047164495198,16.653044675535792,0.0023863254135705,0.0023834826606715,0.0312607035272502,-0.123562999720681,0.07039075543826054,0.9296092445617394,0.13976586967652538,-0.8602341303234746,0.8602341303234746,0.1535485019630163,3,-0.7524439183102523,-0.10166085312217561,-0.758573277201299,0.7818198923064207,0.0,0.8215235944589182
2022-08-25,17.884225845336914,17.918171626071466,16.805960762250074,16.816942772656006,770691000,18.174359798431396,16.979761123657227,17.83364935244599,17.74082716525439,43.200223223579265,0.0928221871915973,0.2656750308156894,-0.1728528436240921,19.556343070365383,16.792376526497407,0.1545477320500652,0.8606873576345825,25583349000.0,48.72954474164933,28.843943022208936,0.0401228603762751,0.0393388411530819,0.0325115593173047,-0.2219616412760219,0.8481051988356679,0.1518948011643321,0.42672783343488674,0.5732721665651133,0.5732721665651133,0.46880844172828484,3,-0.2512090002983527,-0.15537393129085206,0.7286460978559653,0.874227424720938,0.4291096661947442,0.4652505461494879
2022-08-26,16.2338809967041,17.895207590473877,16.210917226715885,17.828315779513094,769127000,18.079362297058104,16.974429740905762,17.587531143870315,17.629201523139553,40.8412119039201,-0.0416703792692381,0.2042059487987039,-0.245876328067942,19.711619002334388,16.44710559178182,0.2010926044865887,0.8564087983839956,24814222000.0,0.7858117015400511,23.13194269604711,-0.092279356283298,-0.0968186088231848,0.0384158500389501,-0.1607010573913591,0.9453466627203057,0.05465333727969429,0.04981952669762646,0.9501804733023735,0.9501804733023735,0.054732344245641405,3,0.22107283651467116,-0.028651228988008537,0.9788317022903821,0.8583781237579045,0.10353403821220074,0.8745401668403295
2022-08-29,15.77561855316162,16.311755674946216,15.741673723289146,15.994267589292033,496132000,17.947574186325074,16.9784232711792,17.30877536068436,17.491899080918966,42.088441921105954,-0.1831237202346045,0.1267400149920422,-0.3098637352266468,19.867271592393852,16.027876780256296,0.2433752311644284,0.8208942430056114,24318090000.0,1.0008669112621924,16.838741118150512,-0.028228766961857,-0.028634859179136,0.0384497894857841,-0.1478388108767202,0.0500120156981725,0.9499879843018275,0.018604651369853897,-0.9813953486301461,0.9813953486301461,0.020439298621307472,3,0.1806857637457807,-0.10227274906380489,-0.8791225995663412,0.8702304868310542,0.4714045207910317,0.7825970752455838
2022-08-30,15.443154335021973,16.013236290955273,15.157613482274344,15.934363667656111,530181000,17.794919872283934,16.97019655227661,17.021756741351687,17.34014021085252,32.33912419473859,-0.3183834695008336,0.037715318093467,-0.3560987875943007,19.99587173671997,15.593968007847902,0.285039159317953,0.8084139780339618,23787909000.0,7.182328022281947,2.989668878361387,-0.0210745598988267,-0.0212997985948173,0.0384712289827585,-0.113131951129728,0.05002478855166308,0.9499752114483369,0.018694254188558856,-0.9813057458114411,0.9813057458114411,0.020537737379036042,3,-0.3375068737130708,-0.38522574421497985,-0.5960800015964614,0.9433786974436335,0.4714045207910317,0.7825256229975676
2022-08-31,15.06975555419922,15.51503927839252,14.93497216559978,15.359289711852172,573710000,17.605275249481203,16.94080389022827,16.721448866405154,17.171963569618942,31.41478948015218,-0.4505147032137877,-0.0599306861679838,-0.3905840170458038,20.058074887069186,15.152475611893223,0.3255261346166297,0.7905854473912151,23214199000.0,3.2104702931799274,3.797888408908012,-0.0241789191976123,-0.0244760282240114,0.0380366825047208,-0.0728663295232994,0.050045654411940144,0.9499543455880599,0.01884058363046448,-0.9811594163695355,0.9811594163695355,0.020698496702107508,3,-0.9812868369370404,-0.392472434057687,-0.5886869823118486,0.9639429187251829,0.4714045207910317,0.7824089350660245
2022-09-01,13.914613723754885,14.356901987282448,13.248685287003791,14.186176179149008,1178865000,17.34179925918579,16.892421703338623,16.28962807522819,16.930678395851235,20.367671726268014,-0.6410503206230445,-0.176154613058996,-0.4648957075640484,20.18199461475575,14.501603903615832,0.408232008729241,0.8653225696323312,22035334000.0,11.316592735813137,7.236463683758327,-0.0766529905737225,-0.0797501569255459,0.040180064322992,0.0325947720884711,0.04744185150360034,0.9525581484963996,0.0001178762741049777,-0.999882123725895,0.999882123725895,0.000129500323274139,3,-0.9874490953022902,-0.4686463035704294,-0.5312358201554657,0.865894899506084,0.0,0.9548874281582297
2022-09-02,13.625079154968262,14.148236669923431,13.56916839929729,14.07735157024542,743157000,17.075128412246706,16.840944557189943,15.879697472111278,16.685819192822866,16.42354079034827,-0.8061217207115874,-0.3021480345895143,-0.5039736861220732,20.25714709427253,13.893109730220887,0.4670825975885101,0.8673907588241417,21292177000.0,6.420288418643662,6.982450482545565,-0.0208079487174215,-0.0210274848197492,0.040190840881749,0.0631869083710141,0.04742587377833897,0.952574126221661,4.432762379380506e-09,-0.9999999955672376,0.9999999955672376,4.869887222733114e-09,3,-0.9936805118875557,-0.48861285574810986,-0.5113871398191278,0.010217770611745168,0.0,0.9549999957667119
2022-09-06,13.44336986541748,13.75686558272209,13.329552676036796,13.708942355163416,535751000,16.859075927734374,16.76784227371216,15.504877840312233,16.44563776116321,16.3643525677265,-0.9407599208509758,-0.4298704118418066,-0.5108895090091692,20.409491117136753,13.308660738331994,0.5282031551531848,0.8522008816897927,20756426000.0,3.4852161968537283,7.074032450436832,-0.0133363841401628,-0.0134261123708698,0.0386124972929667,-0.0245152750047086,0.39459786716970785,0.6054021328302922,0.8573247563128701,-0.14267524368712994,0.14267524368712994,0.9418675126647117,6,-0.714185787660087,-0.5908910572127161,0.44821581352558615,0.37931295071457477,0.8422071490522091,0.09156283964828595
2022-09-07,13.696040153503418,13.8198783140454,13.328522048866605,13.545237877389669,512657000,16.69095034599304,16.70492500305176,15.226595119264722,16.24196386429952,20.24061825496713,-1.0153687450347988,-0.5469700784804051,-0.4683986665543936,20.509893670410857,12.872007021575223,0.5576711635794874,0.83495316575815,21269083000.0,8.008484488960505,5.971329701485956,0.0187951600391447,0.01862071346322,0.0387069939881812,-0.0427301381855828,0.8285185363472605,0.17148146365273945,0.4749453223694573,0.5250546776305427,0.5250546776305427,0.5217807676005227,3,-0.20587352054127453,-0.6516233137372632,1.1766779913678058,0.6906279296213335,0.43959264235364787,0.4242789167718908
2022-09-08,13.971677780151367,13.98965480839992,13.351491735146372,13.44137306668779,624873000,16.486137628555298,16.66523199081421,15.033530913247285,16.073794524732993,18.540218601331617,-1.0402636114857096,-0.645628785081466,-0.3946348264042435,20.431420168479015,12.540855088631584,0.5647542982316006,0.8319002633340405,21893956000.0,13.793439044816406,8.429046576876871,0.0201253518213029,0.0199255136877916,0.0359077540662972,-0.0758398800412222,0.9262388121857273,0.0737611878142727,0.15656686165530076,0.8434331383446992,0.8434331383446992,0.17200627821271328,3,0.40860419076270443,-0.39093352988371394,1.2343666682284131,0.8496095600747815,0.0,0.8054786471191876
2022-09-09,14.368157386779783,14.455043335947318,14.107499539277184,14.1384581232082,486612000,16.308886432647704,16.6422544670105,14.931165755329207,15.947451033032754,25.540536782649312,-1.0162852777035472,-0.7197600836058823,-0.2965251940976648,20.30245982104457,12.315313044250836,0.5558922109346289,0.7948986928221613,22380568000.0,23.97420226225071,15.258708598675865,0.0283773797869624,0.0279822006279821,0.0370341003557395,-0.0826441206934374,0.39361786545923544,0.6063821345407645,0.8559567272164692,-0.14404327278353077,0.14404327278353077,0.9403645790881502,3,0.4081481810639042,-0.27132460516544105,0.12728133238191028,0.7118337780472825,0.9428090415820634,0.09216840399684767
2022-09-12,14.486005783081056,14.527950601117752,14.179407640287051,14.350184195412083,484159000,16.099239444732667,16.629281578063964,14.862679605752568,15.839195829332628,30.18709819538114,-0.9765162235800596,-0.7711113116007178,-0.2054049119793417,20.008275170041387,12.19020371942395,0.5396982141031975,0.7568240857861239,22864727000.0,26.498000121772055,21.42188047627971,0.0082020535500051,0.0081685995121717,0.0351894259241997,-0.077421720197097,0.1445830323856679,0.8554169676143322,0.4074216432097616,-0.5925783567902384,0.5925783567902384,0.44759842389959825,3,0.03560383625697713,-0.21581302522554144,-0.37676533156469694,0.5769432632860326,0.4714045207910317,0.47254155985677687
2022-09-13,13.113801956176758,13.903766352893664,13.081844277875383,13.78392363062557,714956000,15.804858112335204,16.601564197540284,14.593621505817827,15.637314801691453,23.376418774722723,-1.0436932958736254,-0.8256277084552993,-0.218065587418326,19.680275621582496,11.929440603087912,0.5910440804578299,0.8218209189310983,22149771000.0,0.6607840204755075,17.044328801499415,-0.0947261686521596,-0.099517804974158,0.0389886066426479,0.0034271415707778,0.8966860930982914,0.10331390690170865,0.2796887148511418,0.7203112851488582,0.7203112851488582,0.30726945913725523,3,-0.00543678147496988,0.029928890327994746,0.6903823948208635,0.6148436816234806,0.10463478485389509,0.6627049830523781
2022-09-14,13.110806465148926,13.27259399594672,12.896087899117584,13.236640893849891,588507000,15.517964601516724,16.564981079101564,14.365496114945689,15.450166036021637,22.951636271957867,-1.0846699210759478,-0.8774361509794291,-0.2072337700965187,19.292854330174936,11.74307487285851,0.5758440167189721,0.8122728573079135,21561264000.0,4.275487579710737,10.47809057398609,-0.0002284227745578,-0.0002284488670132,0.0391285397214077,0.0101311661599265,0.19781611148477116,0.8021838885152288,0.5333333334244004,-0.46666666657559963,0.46666666657559963,0.5859265540563726,3,-0.11297791273899283,0.10611936589822875,-0.5727860324738284,0.669686014764753,0.9428090415820634,0.2986041696056204
2022-09-15,12.912067413330078,13.215669180142504,12.773249515880076,12.99795522520399,523625000,15.24829068183899,16.521108531951903,14.141891699312518,15.262158730637076,14.77359146460455,-1.120267031324559,-0.9260023270484552,-0.1942647042761039,18.954675639876875,11.541905723801106,0.5740962836379727,0.7644306287679876,21037639000.0,2.7102505604540377,2.548840720213418,-0.0151584154908498,-0.0152744786537354,0.039034847259377,-0.0284631742712538,0.48767444176844565,0.5123255582315545,0.9835625922703645,-0.01643740772963556,0.01643740772963556,1.080553950542484,3,0.07906907028120812,0.12415334246358509,-0.14059075019322065,0.5145169906382464,0.8886465834402926,0.01081531918291549
2022-09-16,13.180713653564451,13.194695255875637,12.600474300374623,12.725310579538895,670751000,14.970184087753296,16.46807228088379,13.994018153812815,15.107977613816884,23.103314840458975,-1.113959460004068,-0.9635937536395778,-0.1503657063644903,18.396651365077627,11.543716810428965,0.5199213589467082,0.6865685281782035,21708390000.0,15.634474847665368,7.540070995943371,0.0208058269551034,0.0205923418161399,0.0388724875358873,-0.0516744109317862,0.14287854368027367,0.8571214563197264,0.40280509775092677,-0.5971949022490732,0.5971949022490732,0.4425266303273273,3,-0.36009965885143574,-0.03616802609064577,-0.5610268761584275,0.5619632458070374,0.8381742567281683,0.403011159932504
2022-09-19,13.364474296569824,13.445368542937578,12.99296174366855,12.994958979609368,569685000,14.74739122390747,16.419110584259034,13.897165252698509,14.97882921994673,27.67967363402441,-1.0816639672482218,-0.9872077963613066,-0.0944561708869151,17.96675535045526,11.528027097359685,0.4817793884154622,0.6781631601504862,22278075000.0,22.38655956905298,13.577094992390784,0.013941630767138,0.0138453401661407,0.0386570190325243,-0.0862352444938215,0.9437860317278873,0.05621396827211269,0.05975526421188415,0.9402447357881158,0.9402447357881158,0.06564786757578564,3,0.10887080860313614,-0.022337797884443393,0.9625825336725592,0.6910605220450768,0.0,0.8979337226776506
2022-09-20,13.15874481201172,13.465342935530725,13.03990116837912,13.197694249472493,524818000,14.554996681213378,16.3797322845459,13.783562107977463,14.844008152692284,28.344756446939655,-1.060446044714821,-1.0018554460320095,-0.0585905986828114,17.663888828583502,11.446104533843254,0.4725210788391046,0.6474359428983913,21753257000.0,19.154505583375695,19.058513333364672,-0.0153937581077101,-0.0155134721572196,0.0379190591178496,-0.05790826517342,0.9260010621074241,0.073998937892576,0.15772511955611979,0.8422748804438802,0.8422748804438802,0.173278754576,3,0.39510823799430805,0.11856479543375818,0.723710085010122,0.7192972419980634,0.4714045207910317,0.6716578175230579
2022-09-21,13.243634223937988,14.012626355851008,13.09283193759008,13.195697697748727,807679000,14.359508085250855,16.34344951629639,13.700496279663698,14.72546193574752,31.687459325717455,-1.0249656560838236,-1.0064774880423724,-0.0184881680414512,17.265522656270395,11.453493514231315,0.4388545503268117,0.6717021790032621,22560936000.0,33.36798086605359,24.969682006160745,0.0064511785234089,0.0064304587348664,0.0378596450900139,-0.0395897387743046,0.047627021548217706,0.9523729784517824,0.0014811792002176194,-0.9985188207997824,0.9985188207997824,0.0016272416710786794,3,0.261333598477405,0.06057330057525191,-1.0590921213750344,0.8575595939019941,0.0,0.9535854738637921
2022-09-22,12.544548988342283,13.131779194049958,12.411723754768438,13.052882186314475,759162000,14.127018547058103,16.29154769897461,13.52265823484502,14.563912828532318,34.87763609029396,-1.0412545936872988,-1.0134329091713576,-0.0278216845159411,16.813834369366912,11.440202724749298,0.4283638773790399,0.6010479077156996,21801774000.0,6.276512073373299,19.59966617426752,-0.0527865103924495,-0.0542307733917804,0.0387449859617022,-0.0271475111626479,0.910781268153907,0.08921873184609291,0.2255960827339457,0.7744039172660543,0.7744039172660543,0.24784262876690036,3,0.20605332563671783,0.06830081944913705,0.7061030978169173,0.9167994997958852,0.0,0.7395557409890818
2022-09-23,12.499608039855955,12.594483888456596,12.240947418074,12.40373404951629,663309000,13.857787656784058,16.234593753814696,13.365265897154394,14.41100136270444,36.86834304189838,-1.0457354655500453,-1.0198934204470953,-0.0258420451029499,15.97897423288269,11.736601080685428,0.3394004946931241,0.5849384934125892,21138465000.0,11.310024559065484,16.984839166164118,-0.0035825081099442,-0.0035889406598265,0.0366543117793086,-0.0301213363547699,0.5498348019701322,0.4501651980298676,0.9333322496917063,0.0666677503082938,0.0666677503082938,1.025370278921561,3,-0.052482384408477654,0.14449145043255038,-0.07782370012425657,0.8164712007932586,0.9428090415820634,0.04265843190893076
2022-09-26,12.21198558807373,12.64242184812588,12.198003983784714,12.474641644232314,547343000,13.65669288635254,16.16409984588623,13.18783815729583,14.248111305324388,35.97911014951367,-1.060273148028557,-1.0279693659633875,-0.0323037820651692,15.583040239077285,11.730345533627796,0.3154847078440743,0.5861602761022943,20591122000.0,0.600082601850318,6.062206411429691,-0.023010517679044,-0.0232793922777958,0.0321742746735236,0.0232254174965707,0.15840149994211536,0.8415985000578846,0.44327662964526104,-0.556723370354739,0.556723370354739,0.48698915260766634,3,0.09478276573987017,0.06730774148610706,-0.624031111840846,0.8088991889561963,0.8531505652577861,0.372912477865386
2022-09-27,12.39674472808838,12.719321699428075,12.241947974198776,12.490621493735636,553854000,13.487749195098877,16.09053201675415,13.0661314758793,14.110973040343945,34.97346761964606,-1.0448415644646438,-1.031343805663639,-0.0134977588010047,15.213904097562638,11.761594292635117,0.2784851895115115,0.5873016936862622,21144976000.0,8.529841101932796,6.813316087616189,0.0151293283702433,0.01501602149042,0.0325963336701813,0.0607426965713868,0.14271760623131813,0.8572823937686819,0.4023668391909915,-0.5976331608090085,0.5976331608090085,0.44204515408776845,3,-0.3625629269518174,0.06724513312040202,-0.6648782939294106,0.6935644123334668,0.8381742567281683,0.40330691445071026
2022-09-28,12.719322204589844,12.80620817097851,12.337822465998016,12.39374888989408,542414000,13.35155758857727,16.005624408721925,13.01277620337323,14.007887793251047,35.67189826235732,-0.9951115898778172,-1.0240973625064749,0.0289857726286573,14.841810746473246,11.861304430681294,0.2343290206703325,0.5751747388096154,21687390000.0,22.37468518390807,10.501536295897052,0.0260211437419191,0.0256883544718308,0.0335519760634497,0.0371385216780524,0.9319400361446548,0.06805996385534509,0.12770688809566555,0.8722931119043345,0.8722931119043345,0.1403003566094613,3,-0.0940211397531372,0.0575377582798618,0.8147553536244726,0.7017210184155824,0.10353403821220074,0.8028531263825767
2022-09-29,12.20399570465088,12.483628721329582,11.930354395452484,12.431696780132436,532763000,13.208269596099854,15.894136390686036,12.888348434339022,13.87426615705844,25.895502711991185,-0.9859177227194192,-1.0164614345490637,0.0305437118296445,14.54622749072876,11.870311701470948,0.2192655466306034,0.5970034711911446,21154627000.0,10.534405174147082,13.812977153329308,-0.0405152485053807,-0.0413588557975901,0.0341322081811004,0.0744679712150295,0.7593709849741676,0.24062901502583242,0.6169219838287879,0.38307801617121207,0.38307801617121207,0.6777580725838154,3,0.2192459890888465,-0.00806179375909079,0.39113980993030284,0.627210383476798,0.9013305215805576,0.2504296961538481
2022-09-30,12.123103141784668,12.61645665148019,12.059186824350094,12.071171193395664,565638000,13.118694067001345,15.776178340911866,12.77061838933066,13.744550378149272,23.463463179551283,-0.9739319888186132,-1.0079555454029736,0.0340235565843605,14.496817314540076,11.74057081946261,0.2273548663936973,0.6119125330696727,20588989000.0,9.256655706141622,14.055248688065582,-0.0066283670384595,-0.0066504322213943,0.0303029997700202,-0.0051899013490801,0.19781674817125988,0.8021832518287402,0.5333346708457655,-0.46666532915423453,0.46666532915423453,0.5859280233639194,3,0.2629019329737711,0.06791727647598747,-0.534582605630222,0.664414551199752,0.9428090415820634,0.2986033138350571
2022-10-03,12.495614051818848,12.661397019747188,12.089146528346182,12.33083017809354,547478000,13.062220811843872,15.680267028808592,12.728310029713455,13.65203657619887,41.04717894024274,-0.9237265464854136,-0.9911097456194616,0.067383199134048,14.445529643117249,11.678911980570495,0.2214070994089357,0.5524903177979109,21136467000.0,27.146293416289183,15.645784765525956,0.030727356327626,0.03026472421186,0.031192861221325,-0.067295417146565,0.4850325648239889,0.5149674351760111,0.9800374555512961,-0.01996254444870388,0.01996254444870388,1.0766811920236803,3,-0.0345166191439083,-0.045563646626120835,0.025601102177416957,0.6076859250946929,0.8955419357123644,0.01308874386167753
2022-10-04,13.14975643157959,13.202687472797924,12.862133487134708,12.862133487134708,584182000,13.047540140151977,15.603329067230224,12.79314793769286,13.614830639560406,50.47458011671731,-0.8216827018675446,-0.9572243368690784,0.1355416350015337,14.420006857147005,11.675073423156949,0.2087440515170307,0.5761022695229066,21720649000.0,58.56113220235238,31.65469377492772,0.052349758647157,0.0510255292564665,0.0335121384352692,-0.1200728664187937,0.75562258306226,0.24437741693773996,0.6237239327344296,0.3762760672655704,0.3762760672655704,0.6852307772384458,3,-0.03678393544578886,-0.0013338870607956085,0.377609954326366,0.5012955469408765,0.8955419357123644,0.24671108827703364
2022-10-05,13.191699028015137,13.30355279979385,12.604469821558896,12.894089953360172,507131000,13.022323083877565,15.53703414916992,12.854463490050136,13.58348755722372,53.54248706466131,-0.7290240671735848,-0.9115842829299796,0.1825602157563948,14.362780173480797,11.681865994274329,0.2032273608966537,0.5944353633780869,22227780000.0,60.575403018705146,48.76094287911556,0.0031896101386958,0.0031845341230872,0.0332182701238891,-0.1293813214806666,0.645655437903523,0.3543445620964771,0.8000012651247173,0.1999987348752828,0.1999987348752828,0.8788912208160489,3,0.1854374192307169,0.1067692708292075,0.09322946404607531,0.3541938724652356,0.816496580927726,0.13641634064110109
2022-10-06,13.112802505493164,13.638113576163429,13.085837443272595,13.202684776328123,644157000,12.979379320144654,15.444061698913574,12.894207953964449,13.548621997836271,49.09622327234484,-0.6544140438718244,-0.8601502351183486,0.2057361912465242,14.244702128351385,11.714056511937924,0.1929904469584845,0.5914393046202168,21583623000.0,56.786439617930974,58.64099161299615,-0.00598077035827,-0.0059987267966628,0.0328413664516553,-0.0891088360023476,0.6658202229714892,0.3341797770285107,0.7702198013743464,0.22978019862565363,0.22978019862565363,0.8461729387653677,3,0.26868500025550274,0.2249711793198735,0.004809019305780121,0.3286907388149638,0.8701252603378251,0.15261096187873735
2022-10-07,12.060185432434082,12.653407390361004,12.00625625011576,12.488623513159082,672478000,12.863980722427367,15.326163158416747,12.76589679680593,13.43836743743611,35.902422704654384,-0.6724706406301806,-0.8226143162207151,0.1501436755905345,14.011502055822383,11.716459389032352,0.190299119333427,0.6381635514851008,20911145000.0,6.235066282811526,41.19896963981587,-0.0802739973105004,-0.0836794764607643,0.036249927561769,-0.0703047227266189,0.5050921759129987,0.49490782408700124,0.9932101973610852,0.0067898026389148075,0.0067898026389148075,1.0911529280513668,3,0.14552291204661758,0.10132784942481357,-0.09453804678589876,0.16514710239365754,0.8617633073967317,0.004528496991389092
2022-10-10,11.65471649169922,12.108121431783047,11.3930595354897,12.02123547777354,698699000,12.722416257858276,15.196580867767334,12.594945980635666,13.306245145159304,34.41638508269136,-0.7112991645236377,-0.8003512858812997,0.0890521213576619,13.715589744594451,11.7292427711221,0.1704328865388601,0.658850703566654,20212446000.0,9.988558187400766,24.33668802938108,-0.0336204565847233,-0.0341986198492242,0.0364672876772753,0.0186802790246445,0.047425873307550825,0.9525741266924491,9.59079704543342e-10,-0.9999999990409203,0.9999999990409203,1.0536567492234954e-09,3,-0.2544766659254501,-0.09625472417691962,-0.9037452748640007,0.5539455746009819,0.0,0.9549999990840788
2022-10-11,11.57082748413086,11.830486265809176,11.268223841612809,11.545859652529316,667482000,12.645267534255982,15.059769802093506,12.437389288865695,13.177695688786828,32.66403563535137,-0.7403063999211312,-0.788342308689266,0.0480359087681347,13.744483035175865,11.5460520333361,0.1899977339438225,0.6333127039906138,19544964000.0,12.768680246118878,9.66410157211038,-0.0071978591352357,-0.0072238887032867,0.0305583627830209,0.0328843279903916,0.047427936631186586,0.9525720633688134,1.5224756757303837e-05,-0.9999847752432427,0.9999847752432427,1.6726104865556836e-05,3,-0.6643983238817489,-0.17244321647534935,-0.8275415587678934,0.6332377401471709,0.0,0.9549854603572967
2022-10-12,11.484939575195312,11.719631475815296,11.330142830208745,11.563836589027906,492590000,12.5639741897583,14.919543781280517,12.290858563685635,13.052306347039307,37.41997079532652,-0.7614477833536704,-0.7829634036221469,0.0215156202684765,13.75488425549138,11.373064124025223,0.2073863877011866,0.6017111451646854,19052374000.0,9.14454923077475,10.633929221431456,-0.0074227974665891,-0.00745048351809,0.0305318058304143,0.0479129825941273,0.05048552986899078,0.9495144701310092,0.021911996033327608,-0.9780880039666724,0.9780880039666724,0.024072788111460585,3,-0.9926909260836112,-0.30931828212077345,-0.668769721845899,0.6136577299601278,0.4714045207910317,0.7799596893398155
2022-10-13,11.9443359375,12.06218142250349,10.798837859501226,10.956630918111395,850103000,12.515587615966798,14.78117753982544,12.237547390426307,12.970234464851211,43.99826483770544,-0.7326870744249039,-0.7729081377826983,0.0402210633577944,13.725435339143065,11.305739892790532,0.2025809939551133,0.6666973660660902,19902477000.0,40.34472844158835,20.752652639493984,0.0399998937127081,0.039220610953957,0.0321246955404677,0.0195652632143732,0.35678460208738244,0.6432153979126176,0.8035508623569878,-0.19644913764301222,0.19644913764301222,0.8827908519552436,3,-0.7248406389509753,-0.39113616853628524,0.19468703089327302,0.49708115764301436,0.816496580927726,0.13399521000005934
2022-10-14,11.212297439575195,12.095139584430672,11.189327796407529,12.041210401485747,713432000,12.417166805267334,14.621740818023682,12.079816628756904,12.840016907423358,40.14181494050204,-0.7602002786664528,-0.7703665659594492,0.0101662872929964,13.71616757156256,11.118166038972108,0.2317100082825561,0.6996540749005172,19189045000.0,14.56214968845656,21.35047578693988,-0.0612875007664949,-0.0632460242559063,0.0340569694116399,0.1103587615355212,0.9525672484439063,0.04743275155609364,5.074821561368292e-05,0.9999492517843863,0.9999492517843863,5.57526133011709e-05,3,-0.058195963275098905,-0.27685752326355617,1.2768067750479424,0.8731212985361834,0.0,0.9549515354540888
2022-10-17,11.872429847717283,11.932351684916148,11.501916408490736,11.502914550195962,580774000,12.342564582824709,14.480019493103027,12.047910970135426,12.768343791889574,45.2727961949103,-0.720432821754148,-0.760379817118389,0.0399469953642409,13.582530732145733,11.10259843350368,0.2088816131534244,0.7148482273281319,19769819000.0,37.81217799798716,30.90635204267735,0.0588757488551874,0.0572077309870706,0.0369082905997793,0.059808284022718,0.19781612201668453,0.8021838779833155,0.5333333555477263,-0.4666666444522737,0.4666666444522737,0.5859265783613303,3,0.11227782322970066,-0.3763499294175458,-0.09031671503472788,0.8176430955599914,0.9428090415820634,0.2986041554496547
2022-10-18,11.951326370239258,12.475638376699209,11.6027834917392,12.327832454158484,659362000,12.282193660736084,14.36375762939453,12.033051800920632,12.70782398287844,42.75754136048101,-0.6747721819578079,-0.7432582900862728,0.0684861081284649,13.47137519725068,11.093012124221488,0.1990041104518492,0.7437388830409543,20429181000.0,40.5909332288083,30.988420305084,0.0066453559662129,0.0066233729246029,0.0369184289683878,0.1081309148176881,0.450163412372232,0.549836587627768,0.9333298449249781,-0.066670155075022,0.066670155075022,1.0253676370152822,3,0.1555374840856974,-0.38684420909096534,0.32017405401594334,0.7275194338970313,0.9428090415820634,0.04265997063758525
2022-10-19,12.03521728515625,12.333826444729338,11.818501467347716,11.863442610170829,523131000,12.221772813796996,14.263290939331055,12.033384952341496,12.658001264528648,48.26737627145219,-0.6246163121871522,-0.7195298945064487,0.0949135823192964,13.32495875039557,11.118586877198425,0.1833263015465782,0.7241929664869728,20952312000.0,43.5455922073335,40.64956781137631,0.0070193811396443,0.0069948599659565,0.0369272305684025,0.0701187178284352,0.11449092399635229,0.8855090760036478,0.3181109488980506,-0.6818890511019494,0.6818890511019494,0.34948059761927147,3,-0.40507528354308125,-0.34139978795682663,-0.3404892631451228,0.6503426977452604,0.4714045207910317,0.5437608582303196
2022-10-20,12.178030014038086,12.752276757936729,12.089145874513669,12.097135770429729,652398000,12.203446865081789,14.14549289703369,12.055638038756356,12.622447838566384,50.556782610208224,-0.5668097998100272,-0.6889858755671644,0.1221760757571371,13.296183980539311,11.110709749624265,0.1794604076682162,0.7356065126048573,21604710000.0,48.575492191806475,44.23733920931608,0.0118662360220098,0.0117963842851489,0.0352334981220618,0.0805314814336246,0.9246852202487108,0.07531477975128908,0.16407433887359324,0.8359256611264068,0.8359256611264068,0.1802540849416253,3,0.029122151649812317,-0.07912686847544813,0.9150525296018549,0.7597408291658369,0.10353403821220074,0.7693807520657817
2022-10-21,12.44967269897461,12.481631329078258,11.871431503871706,12.082154643546934,609494000,12.20095009803772,14.03622272491455,12.11625875571301,12.609649680078103,49.52457935218067,-0.4933909243650927,-0.6498668853267501,0.1564759609616574,13.291063028888338,11.1108371671871,0.1751231469627959,0.7383171793052535,22214204000.0,58.142815409017246,50.087966602719064,0.0223059628382744,0.0220608235313787,0.0356027882983652,0.1097385500153664,0.4323656126072493,0.5676343873927507,0.909264676164173,-0.090735323835827,0.090735323835827,0.9989293468857897,3,0.021100428729543985,0.04763780011467265,-0.13837312395049964,0.5809503588509297,0.9428090415820634,0.058058455785388714
2022-10-24,12.582499504089355,12.693354192196823,12.048200327410264,12.49161907984014,517457000,12.219475793838502,13.9142938041687,12.187988101617064,12.607638555930787,43.41981056397643,-0.4196504543137251,-0.6038235991241452,0.18417314481042,13.3228904554715,11.116061132205504,0.1753887868263987,0.7338943538629311,22731661000.0,62.821008664025,56.51310542161624,0.0106691001704555,0.0106125869294883,0.03523130402125,0.0712753436164681,0.9440802962653007,0.05591970373469931,0.0579018592533036,0.9420981407466964,0.9420981407466964,0.06361169411241063,3,0.5624294926790926,0.21028741131320247,0.7318107294334939,0.686973175448024,0.12065377796439399,0.8617102957234184
2022-10-25,13.243634223937988,13.282583663418825,12.647415881475542,12.67737728182248,505482000,12.26182026863098,13.79913791656494,12.350395197358743,12.654749346153544,50.526776084267105,-0.3043541487947987,-0.5439297090582759,0.2395755602634771,13.45521028496361,11.068430252298352,0.180220926696324,0.7339658667982534,23237143000.0,86.10633864222794,69.02338757175671,0.0525439893427981,0.0512100808010543,0.0369131056880661,0.0212652779150968,0.9484032704474656,0.05159672955253441,0.02955949571488181,0.9704405042851182,0.9704405042851182,0.03247442523920149,3,0.6072677737319964,0.20607187595616416,0.764368628328954,0.7450658159398448,0.0,0.9267706815922878
2022-10-26,12.879111289978027,13.37046659277912,12.691357769324208,12.852147174952409,532953000,12.26980972290039,13.679746608734131,12.431736134684789,12.671368749399802,47.759499799467,-0.2396326147150134,-0.4830702901896234,0.2434376754746099,13.478141960123116,11.061477485677663,0.1876421765472277,0.7430253446956876,22704190000.0,80.89322547801353,76.60685759475548,-0.0275243885323472,-0.0279102819863608,0.0371700572034054,0.0250464892774211,0.45016525151929415,0.5498347484807059,0.9333323217265369,-0.06666767827346312,0.06666767827346312,1.0253703580599112,3,0.6152903222527843,0.26321458541028,-0.32988226368374307,0.5472734992979233,0.9428090415820634,0.04265838581628622
2022-10-27,13.15874481201172,13.819878535178242,13.10481562757985,13.612150741855237,583113000,12.317547178268432,13.57681058883667,12.543583623504317,12.707470679963649,62.36510965740478,-0.1638870564593304,-0.4192336434435648,0.2553465869842344,13.588735109501538,11.046359247035326,0.1932080832014806,0.7311839868258884,23287303000.0,78.1156960490272,81.70508672308955,0.0217121752998041,0.0214798232514942,0.0360750612361544,0.0185942920191588,0.19889126223817516,0.8011087377618248,0.5355871880340084,-0.46441281196599166,0.46441281196599166,0.5884026664273593,3,0.14645333801522167,0.2063942058544271,-0.6708070178204187,0.6565948774018071,0.9428090415820634,0.2971620044965237
2022-10-28,13.815881729125977,13.83186152118797,13.043894336346346,13.086838241715473,521040000,12.402186107635496,13.478271312713623,12.739321793599956,12.78957520212382,73.02128242998931,-0.0502534085238632,-0.3454375964596246,0.2951841879357613,13.834117969371986,10.970254245899008,0.2072877996223374,0.7363915074364795,23808343000.0,99.47313984857485,86.16068712520519,0.0499391793444008,0.0487322380578432,0.0373596792276482,0.0232759683473502,0.9472534900414491,0.05274650995855087,0.03731029131968677,0.9626897086803132,0.9626897086803132,0.04098954453759499,3,0.1438697394802867,0.4413340286804646,0.5213556799998487,0.6850534928810961,0.07268378124423835,0.8959805547915901
2022-10-31,13.479321479797363,13.819875396979098,13.279583628660458,13.759953565425429,486341000,12.451371479034425,13.391451110839844,12.853167899168788,12.840667518988528,69.29130589946185,0.0125003801802616,-0.2738500011316473,0.286350381311909,13.96221961192511,10.940523346143738,0.2241727278565358,0.7348221748737848,23322002000.0,88.37661417786911,88.65515002515706,-0.0243603887125852,-0.0246620114889898,0.0375660178500686,0.0595690151465679,0.6456560547285145,0.35434394527148544,0.800000366425648,0.19999963357435205,0.19999963357435205,0.8788902334942076,3,0.2327588434295584,0.3504874533158854,-0.15048781974153333,0.6354796440929663,0.816496580927726,0.13641695363117043
2022-11-01,13.525263786315918,13.90676347391886,13.50129505001384,13.792912452696658,432817000,12.47014684677124,13.321823673248293,12.956567266422192,12.89137835360537,70.79176696045981,0.0651889128168221,-0.2060422183419534,0.2712311311587756,14.0261943186594,10.914099374883078,0.2300949536322509,0.7375331283391379,23754819000.0,87.72494146222748,91.85823182955714,0.0034083545367926,0.0034025592609714,0.0358373790846309,0.0781953971110542,0.1511766265856984,0.8488233734143017,0.42486591393048734,-0.5751340860695127,0.5751340860695127,0.46676291408024084,3,0.1958517520617181,0.2812876301396446,-0.8564217162091572,0.6158401791444529,0.8392750033698627,0.3879120271648247
2022-11-02,13.201687812805176,14.191390140892414,13.1936988689507,13.83186195195651,672628000,12.470646286010744,13.242789306640624,12.994278119711884,12.914364239472022,63.177724672077765,0.0799138802398609,-0.1488509986255905,0.2287648788654514,14.027674993861712,10.913617578159773,0.2358832794607832,0.7185579646919559,23082191000.0,67.03258576305869,81.04471380105177,-0.0239238197955234,-0.0242146421268664,0.0363008507916296,0.0421362520897787,0.9500627796193513,0.0499372203806487,0.018079519301188895,0.9819204806988111,0.9819204806988111,0.019862382077498398,3,0.20226200940121739,0.28697653584708954,0.6949439448517216,0.7471888687467462,0.0,0.9377340590673645
2022-11-03,13.403422355651855,13.762951481566452,12.939032155387688,13.025918106836963,500065000,12.485177278518677,13.166970958709715,13.05722338677957,12.950590766596454,75.83603618966917,0.1066326201831167,-0.0977542748638491,0.2043868950469658,14.072567787107644,10.89778676992971,0.2368634616545689,0.712708503131643,23582256000.0,70.70178539189791,75.15310420572803,0.0152809660179211,0.0151653879986364,0.0364070135966119,0.1735341552713303,0.2568991966034137,0.7431008033965864,0.6459506901775202,-0.35404930982247984,0.35404930982247984,0.7096493661026705,3,0.01757902826894009,0.09776370526028985,-0.4518130150827697,0.7231211879535732,0.7286746343384293,0.2518850192341537
2022-11-04,14.137459754943848,14.21036409974022,13.679060329272222,13.967682330980322,612576000,12.589040994644163,13.092035636901857,13.223413597266385,13.03850698795552,76.24996604288174,0.1849066093108629,-0.0412220980289067,0.2261287073397696,14.324295070335582,10.853786918952748,0.245483149840211,0.7189147530421724,24194832000.0,97.204138367009,78.31283650732186,0.0547649234512459,0.0533179207264327,0.0327345541155219,0.1533628018130624,0.9524248267523453,0.04757517324765463,0.0010999576344052908,0.9989000423655947,0.9989000423655947,0.0012084269741719565,3,0.5422570710806426,0.24998766535158382,0.7489123770140109,0.7322534044062045,0.0,0.9539495404591429
2022-11-07,14.282271385192873,14.393126083132,13.93572663883021,14.209367030009965,410061000,12.720418739318848,13.053003444671631,13.38631479540892,13.130637684047176,76.6073614605491,0.2556771113617433,0.0181577438492232,0.23751936751252,14.552967812516911,10.887869666120784,0.2566187161375406,0.6892393644237285,24604893000.0,95.69433546869492,87.86675307586728,0.0102431152950503,0.0101910101005154,0.0311984450960253,0.1394307189340418,0.9473173626687561,0.052682637331243766,0.03688392585289835,0.9631160741471017,0.9631160741471017,0.04052113419631752,3,0.5359889355634061,0.45392036336774,0.5091957107793617,0.7959029048247092,0.07268378124423835,0.8963773754535673
2022-11-08,14.582877159118652,14.871498236897642,14.197382040182664,14.781615950345596,595292000,12.871021223068237,13.02914861679077,13.570401312902725,13.238210978496916,77.71015815451628,0.3321903344058086,0.0809642619605403,0.2512260724452682,14.798396894598085,10.94364555153839,0.2643340748879121,0.7005815943761112,25200185000.0,90.3795113786794,94.4259950714611,0.0210474766805952,0.0208290382783095,0.0309852367306152,0.1413505300905648,0.801472570913206,0.19852742908679397,0.5348255077021128,0.4651744922978872,0.4651744922978872,0.5875658750547019,3,0.809063536270195,0.3828467610273934,0.08232773127049381,0.5840846308250017,0.9428090415820634,0.29764937790307017
2022-11-09,13.757957458496094,14.192388153732097,13.740979525460896,14.143451590437952,454414000,12.984672117233275,12.995444679260254,13.599256104532474,13.276710717756114,64.96402670720556,0.3225453867763601,0.1292804869237043,0.1932648998526558,14.834411426745143,11.134932807721407,0.2688973730427665,0.7094986058673453,24745771000.0,62.882799680018,82.9855488424641,-0.0565676917950815,-0.0582306621581485,0.0343771618796681,0.1549072580399193,0.9412334782841074,0.05876652171589254,0.07546036939231549,0.9245396306076845,0.9245396306076845,0.0829016891218327,3,0.7842767323508917,0.48635247488929806,0.43818715571838646,0.5754753310135513,0.43959264235364787,0.7470891884195917
2022-11-10,15.729373931884766,15.75234357507586,14.527949302036651,14.78061823441489,700819000,13.173924016952515,13.008637046813964,13.926966539509747,13.458389474358237,73.49740291990305,0.4685770651515124,0.1971398025692659,0.2714372625822465,15.325401195716278,11.022446838188753,0.2735617053902618,0.8083690552511463,25446590000.0,99.37989319934186,84.21406808601309,0.1432928164908113,0.1339125344102232,0.0452265308606183,-0.0046348718921287,0.050012508886431016,0.949987491113569,0.018608111536171368,-0.9813918884638286,0.9813918884638286,0.020443100002544682,3,0.1361074114805816,0.42831564597582433,-1.409707534439653,0.842018996654592,0.4714045207910317,0.782594315994642
2022-11-11,16.305620193481445,16.367539281571972,15.461727368675898,15.786301605326148,655487000,13.428590154647829,13.056457176208497,14.292913255505397,13.669295453552548,75.080712859307,0.6236178019528467,0.2824354024459821,0.3411823995068646,15.79722298350705,11.059957325788604,0.2905296211678154,0.8269874872589685,26102077000.0,98.33556357102891,86.86608548346292,0.0366350411715103,0.035979930149177,0.0417207778093989,-0.0562259843176402,0.8021838885585321,0.19781611144146796,0.5333333333334377,0.4666666666665623,0.4666666666665623,0.5859265539564399,3,0.13660480293680663,0.35470795825693174,0.11195870840963057,0.7911913873453538,0.9428090415820634,0.2986041696638244
2022-11-14,16.273658752441406,16.518338717650273,15.901147120330617,16.196759933471668,527852000,13.648651599884031,13.10942876815796,14.597643331957087,13.86221125347024,72.30220534139187,0.7354320784868484,0.3730347376541553,0.3623973408326931,16.21785142010071,11.079451779667355,0.3157495016086953,0.8210665899725537,25574225000.0,93.60644932784534,97.1073020327387,-0.0019601487499883,-0.0019620723556626,0.0409238354009015,-0.0600183378410245,0.645650033211198,0.354349966788802,0.8000091396003103,0.19999086039968975,0.19999086039968975,0.8788998718117023,3,-0.10491145379919165,0.4338565540029559,-0.23386569360326617,0.717800233366172,0.816496580927726,0.13641096957140136
2022-11-15,16.644174575805664,16.975738615290787,16.36054610593409,16.70010099439711,545876000,13.883294010162354,13.173444862365722,14.912494292549177,14.068282610680273,77.68796137268431,0.844211681868904,0.4672701264971051,0.3769415553717989,16.649436884351033,11.117151135973677,0.3323857078751871,0.8227073785007301,26120101000.0,91.78627319830076,94.576095365725,0.0227678255394578,0.0225125067045342,0.040875113572347,-0.0376814291350751,0.9319184937721772,0.06808150622782289,0.12782008352454943,0.8721799164754506,0.8721799164754506,0.1404247144986542,3,0.5129458145139014,0.41575367887579245,0.4564262375996581,0.7741316874267447,0.4241495254935113,0.7092811475218028
2022-11-16,15.889164924621582,16.340572673265275,15.852213675087595,16.140835725955686,649547000,14.07599139213562,13.217307357788084,15.062751312868008,14.203162782083332,68.76713037473577,0.8595885307846753,0.5457338073546192,0.3138547234300561,16.837010667143918,11.314972117127322,0.3475348500826332,0.8120783538948624,25470554000.0,73.08266770960317,86.15846341191643,-0.0453617959692383,-0.0464228542277507,0.0431916758863696,0.0382777213152369,0.7620989383671137,0.2379010616328862,0.6119261640604792,0.38807383593952083,0.38807383593952083,0.6722696035943803,3,0.48674820427155424,0.33360478770328095,0.05446904823623988,0.6988207720599123,0.9013305215805576,0.25369561477565117
2022-11-17,15.65647029876709,16.24469967737209,15.514656056143036,15.694420642704538,710894000,14.24991340637207,13.2510032081604,15.15409269531402,14.310815190726574,63.43489046074949,0.8432775045874461,0.6052425468011846,0.2380349577862615,16.94497747812018,11.55484933462396,0.344274797616464,0.8079409564939646,24759660000.0,67.31820036207071,77.39571375665821,-0.0146448618891174,-0.0147531564857841,0.0436916302245635,0.0378258535558173,0.355163671402969,0.644836328597031,0.8011940663167322,-0.19880593368326782,0.19880593368326782,0.8802016468635344,3,0.3538159395772351,0.23875044113454447,-0.4375563748178123,0.3909371474091489,0.816496580927726,0.13560274762598282
2022-11-18,15.38882064819336,15.981044462160868,15.10019861437429,15.945090404179322,492072000,14.396870803833009,13.271416473388673,15.190204688064687,14.390667446835224,64.07952371694121,0.7995372412294621,0.6441014856868401,0.155435755542622,16.99749108344497,11.796250524221044,0.3379882499205389,0.8322662478845314,24267588000.0,60.68780369671964,67.02955725613117,-0.0170951463175456,-0.0172429552973645,0.0441600935540048,0.0271270178357581,0.6517042369799572,0.3482957630200429,0.7911537259369594,0.2088462740630406,0.2088462740630406,0.8691712055399055,3,0.13270472543976508,0.13650853305673818,0.07233774100630241,0.38797179337776844,0.9428090415820634,0.1336336462585536
2022-11-21,15.296940803527832,15.456731110524126,15.060250720781186,15.127163364237928,404739000,14.532592868804931,13.287635173797607,15.20662562890517,14.457798806590231,62.975404588760945,0.7488268223149372,0.6650465530124596,0.0837802693024776,17.015167760729803,12.05001797688006,0.324584493567803,0.8300547047146346,23862849000.0,58.411694557860635,62.139232872216986,-0.0059705578982307,-0.0059884529435278,0.0443338362368611,0.0210224373371454,0.16947664764659118,0.8305233523534089,0.470219699415928,-0.529780300584072,0.529780300584072,0.5165891401521633,3,-0.17324665340143253,0.2010244741824177,-0.7308047747664896,0.5397765060415595,0.8392750033698627,0.3573221537885326
2022-11-22,16.016998291015625,16.036972558111696,15.102197430405884,15.30792800033822,472866000,14.671261072158812,13.345699100494384,15.331298346152932,14.573295064695818,69.48705440447284,0.758003281457114,0.6836378987013906,0.0743653827557234,17.16050376415882,12.182018380158809,0.3108251180118175,0.82556069441207,24335715000.0,76.24944160391907,65.11631328616643,0.0470719928079823,0.0459976905636105,0.0440782326053012,0.0554511331917042,0.08778755602539094,0.9122124439746091,0.2196822845920825,-0.7803177154079175,0.7803177154079175,0.24134565745554679,3,-0.36708391397631573,0.022883848171777736,-0.8032015635796952,0.4891221388109666,0.4714045207910317,0.6222511271252152
2022-11-23,16.497365951538086,16.505356800578657,16.026984003688426,16.076917762150764,427241000,14.852173805236816,13.413430290222168,15.510693362366032,14.71581883409154,70.62031494973739,0.7948745282744909,0.7058852246160107,0.0889893036584802,17.318828622996257,12.385518987477376,0.2990362006886886,0.8015920646538034,24762956000.0,85.48925242003735,73.38346286060568,0.0299911164248491,0.0295501773741068,0.0433411979337939,0.0375559101349682,0.9462096821572628,0.05379031784273733,0.04420976313456715,0.9557902368654329,0.9557902368654329,0.04856938905874184,3,-0.118102593042185,0.1308551876668839,0.824935049198549,0.6823735106844162,0.08965847632427718,0.8841362239605342
2022-11-25,16.248689651489258,16.46540447528635,16.150818440742185,16.2966271152818,167934000,15.006671047210691,13.48016273498535,15.624231253000374,14.829364820565448,65.04408113463623,0.7948664324349277,0.7236814661797941,0.0711849662551336,17.41306604696812,12.600276047453267,0.2961955765506137,0.7687067622757703,24595022000.0,77.52386052913133,79.75418485102924,-0.015073697266541,-0.0151884601691112,0.0437446938936479,0.0375119453672516,0.8621176261296987,0.13788237387030133,0.3890030799497075,0.6109969200502925,0.6109969200502925,0.42736356396249187,6,0.26215648050260315,0.09354333103471846,0.517453589015574,0.7376800184926456,0.7329536621023276,0.4133725682639788
2022-11-28,15.806273460388184,16.335580086090914,15.704407750431818,16.005012266171555,303741000,15.106190633773805,13.532673931121826,15.652237746444651,14.901728423515278,60.41779599222278,0.7505093229293749,0.7290470375297103,0.0214622853996645,17.469475684958365,12.74290558258924,0.2990312747792386,0.781119111658435,24291281000.0,63.84691647616414,75.62000980844427,-0.0272278073241755,-0.0276053530103834,0.043576264406762,0.0497408634289724,0.22247391974160333,0.7775260802583966,0.5828975642867096,-0.4171024357132905,0.4171024357132905,0.6403784271600886,3,0.3832282404008122,-0.021481850629968872,-0.3956205850833216,0.7657093237504554,0.9428090415820634,0.2668896996020435
2022-11-29,15.61851978302002,15.911136303892222,15.49967613837757,15.8062733120764,298384000,15.213150548934935,13.57775484085083,15.647050367456249,14.95482407977489,57.190399852376984,0.6922262876813594,0.7216828875600402,-0.0294565998786807,17.457032127171317,12.96926897069856,0.2873360099944757,0.7623579665726974,23992897000.0,58.04266113299436,66.47114604609659,-0.0118784277545678,-0.0119495399727466,0.0431817954693786,0.0225135485572782,0.050779540943848345,0.9492204590561516,0.023950819269839108,-0.9760491807301609,0.9760491807301609,0.02631266437351421,3,-0.26071823213105244,-0.13251660020809644,-0.8435325805220645,0.8586008593902504,0.4714045207910317,0.778333864330492
2022-11-30,16.90515899658203,16.912151586236597,15.580556739527186,15.68045074135398,565298000,15.382145309448244,13.652683124542236,15.840605541167909,15.099293332871715,70.53428656962674,0.7413122082961916,0.7256087517072705,0.0157034565889211,17.599731376528783,13.164559242367702,0.262356132530774,0.79733633893353,24558195000.0,97.11659744170989,73.00205835028946,0.0823790750619535,0.0791614657049019,0.0462203664578909,-0.0474499423005668,0.16997322948490712,0.8300267705150929,0.471394332376216,-0.528605667623784,0.528605667623784,0.5178796063570102,3,-0.6405857613557445,-0.23786687759192857,-0.29073879003185543,0.8166581065369704,0.8531505652577861,0.3540782726646927
2022-12-01,17.116939544677734,17.246801683339985,16.617466556173586,16.98108321190143,470977000,15.57790789604187,13.730149230957032,16.036964618630957,15.248748607820309,61.75176354535329,0.7882160108106486,0.7381302035279461,0.0500858072827025,17.672898119410245,13.482917672673494,0.2447856076023569,0.6998326968325752,25029172000.0,94.0608683800862,83.0733756515968,0.0125275691366477,0.0124497484047968,0.045433411040542,0.0019842423942575,0.9525741245102719,0.047425875489727994,1.7060145407477023e-08,0.9999999829398546,0.9999999829398546,1.8742485391119074e-08,3,-0.1682182884713629,-0.019326837088510462,1.0193268200283652,0.830673400956595,0.0,0.9549999837075612
2022-12-02,16.85820960998535,16.915150636132893,16.42766419266872,16.641439305658572,371389000,15.750647258758544,13.816422443389891,16.163310001916248,15.367967941314015,54.94608251484563,0.7953420606022323,0.7495725749428034,0.0457694856594289,17.6514327770319,13.849861740485188,0.2255026556494462,0.6843657996263568,24657783000.0,82.2280806241915,91.13518214866252,-0.0151154319390484,-0.0152308344631435,0.0458947574865275,0.0074070914516928,0.7530647087784306,0.2469352912215695,0.6283250549016813,0.37167494509831867,0.37167494509831867,0.6902856265930518,3,0.28102308680479693,0.145243542983809,0.22643140211450966,0.7879870728534538,0.8955419357123644,0.24369429301437592
2022-12-05,16.592491149902344,16.977085530136808,16.454636135070988,16.66141865731802,352255000,15.87339882850647,13.89828010559082,16.229337870837185,15.45867336417241,52.73916202642051,0.7706645066647742,0.7537909612871976,0.0168735453775765,17.648468866730298,14.098328790282643,0.2139606430628439,0.6775984994653683,24305528000.0,70.07567875881134,82.12154258769634,-0.0157619620487824,-0.015887502698014,0.0451795993153872,0.0556893219686676,0.23637307818110273,0.7636269218188972,0.6091106829641258,-0.39088931703587415,0.39088931703587415,0.6691764814634137,3,0.3269285370007669,-0.047139250430663436,-0.34375006660521074,0.7855165256609258,0.9428090415820634,0.2501168141656772
2022-12-06,15.970148086547852,16.55552985566231,15.802324959390123,16.512575914907618,352694000,15.95779266357422,13.973443355560304,16.189462519408057,15.496560380644665,44.44945656675641,0.692902138763392,0.7416131967824365,-0.0487110580190445,17.56709962673482,14.34848570041362,0.2015393914244501,0.6838903800127138,23952834000.0,41.61336190791226,64.63904043030503,-0.0375075121470325,-0.0382290176787413,0.0463549095866473,0.1304184411791438,0.15144162973086772,0.8485583702691322,0.42555379793112713,-0.5744462020688729,0.5744462020688729,0.4675186318965219,3,-0.19788685800214226,-0.2164882678762585,-0.35795793419261435,0.6887233247427506,0.8221552636176694,0.39073520643910103
2022-12-07,16.103010177612305,16.16894059762961,15.650486623430004,15.7553764476407,372388000,16.0337993144989,14.04756866455078,16.17616215913179,15.541482587827453,51.96203817505036,0.6346795713043356,0.7202264716868164,-0.0855469003824808,17.507572313177498,14.560026315820304,0.1830431680068804,0.664354170975681,24325222000.0,47.68969368698996,53.12624478457118,0.0083194025718751,0.0082849870880601,0.0462330061584991,0.0964018849609984,0.48293526085640537,0.5170647391435947,0.9772381739084731,-0.02276182609152691,0.02276182609152691,1.0736058668114319,3,-0.3293657817320908,-0.16015389507314942,0.1373920689816225,0.6308757556470466,0.8955419357123644,0.014924135162308295
2022-12-08,17.150903701782227,17.160893389958503,15.94217810718751,16.255848218840367,515456000,16.203446626663208,14.136200294494628,16.326122396462626,15.660698966638918,61.92728501623947,0.6654234298237078,0.7092658633141947,-0.0438424334904868,17.309401264861524,15.09749198846489,0.128967506019335,0.6992592896572479,24840678000.0,95.6141894629487,61.639081685950295,0.0650743874972388,0.063044644137419,0.0455734860364101,-0.0126393278123596,0.7628153920214096,0.2371846079785903,0.6106075742329046,0.38939242576709543,0.38939242576709543,0.6708209846060941,3,-0.06927186746443426,0.03490919156931579,0.35448323419777966,0.4366810054779216,0.9428090415820634,0.24915900422055412
2022-12-09,16.98307991027832,17.564467197257134,16.957108244828135,17.141912716034206,465338000,16.266131925582886,14.231781978607176,16.427192783203502,15.758653110612208,62.930042970075064,0.6685396725912938,0.7011206251696146,-0.0325809525783208,17.400697791667145,15.13156605949863,0.1336113204528476,0.679724511417421,24375340000.0,76.78366494238526,73.36251603077464,-0.0097851282021055,-0.0098333171836611,0.0336656357480661,-0.0252927187423664,0.8021837219358033,0.1978162780641967,0.5333336833408602,0.4666663166591398,0.4666663166591398,0.5859269384788953,3,0.2777656387782366,0.17709090360973348,0.28957541304940637,0.4607651440256322,0.9428090415820634,0.2986039457059477
2022-12-12,17.516515731811523,17.5195128285567,16.779294713991607,17.01904149488724,457328000,16.32667670249939,14.339650230407717,16.594780929143198,15.888865156626972,66.79842322416008,0.7059157725162262,0.702079654638937,0.0038361178772892,17.59183535996297,15.06151804503581,0.1444532322333878,0.7042772060475747,24832668000.0,98.05255024970492,90.15013488501296,0.0314098399319409,0.0309266429537082,0.0334214492315221,-0.0730538969101666,0.21883835080483677,0.7811616491951633,0.5758504091548411,-0.42414959084515885,0.42414959084515885,0.6326363359320674,3,0.14396971719369264,-0.026359035502411293,-0.39779055534274754,0.4675330426402516,0.8381742567281683,0.28623321791201667
2022-12-13,18.052949905395508,18.77019343729565,17.692330392550996,18.511465684750743,656589000,16.415641260147094,14.450796947479247,16.8191146177974,16.049167730609827,65.84922460788107,0.7699468871875723,0.7156531011486641,0.0542937860389082,17.896884688969916,14.93439783132427,0.1640998769270524,0.7270559616031684,25489257000.0,78.06941633000675,84.3018771740323,0.030624479308392,0.0301649091123308,0.033900853572406,-0.1099490805282017,0.9525725288813744,0.04742747111862559,1.1790125617250347e-05,0.9999882098743827,0.9999882098743827,1.2952776888051914e-05,3,0.3475016452294551,0.0634000023227407,0.9365882075516421,0.536812052065903,0.0,0.9549887404300355
2022-12-14,17.655370712280273,18.23276249935812,17.401638727640112,17.968040523898743,496888000,16.466201066970825,14.54090923309326,16.947769401563995,16.168145729252082,59.132405674305154,0.7796236723119137,0.7284472153813141,0.0511764569305995,18.046038880771626,14.886363253170028,0.1789639922657567,0.7515391946142381,24992369000.0,65.91295431938862,80.67830696636675,-0.0220229488919375,-0.0222690743473106,0.0341947669923829,-0.0663689371111043,0.7621590904707288,0.2378409095292712,0.6118155629215034,0.38818443707849654,0.38818443707849654,0.6721480958239607,3,0.321341018702574,0.17469625291050797,0.21348818416798857,0.5092717384093464,0.9013305215805576,0.2537679180884458
2022-12-15,16.934127807617188,17.30173986952119,16.68239457922902,17.127923524585228,478542000,16.518449211120604,14.615757808685302,16.94567069480295,16.224885142464313,55.03062597040181,0.7207855523386364,0.7269148827727786,-0.0061293304341422,18.08701228562296,14.949886136618248,0.1852546635199951,0.7962840962039063,24513827000.0,43.86008504757182,62.61415189898906,-0.0408511900665683,-0.0417090441518171,0.0338688777860962,-0.0951509062484512,0.050063371957583314,0.9499366280424166,0.018964789003685478,-0.9810352109963145,0.9810352109963145,0.020834950251446705,3,0.13571247865218874,0.11661210877801631,-1.0976473197743308,0.7858651626982706,0.0,0.9368886265014803
2022-12-16,16.553531646728516,17.023037438901543,16.392702058076296,16.846223968965074,478232000,16.563302278518677,14.68457239151001,16.885341610483806,16.249229327965367,55.5345630661565,0.6361122825184395,0.7087543627219108,-0.0726420802034713,18.07847746329255,15.048127093744805,0.1830636769372797,0.7962243137157742,24035595000.0,32.222899673312966,47.33197968009113,-0.0224750967521029,-0.022731510978699,0.0341365798244265,-0.0823727954659263,0.4725654860769451,0.5274345139230548,0.9633838729267548,-0.0366161270732453,0.0366161270732453,1.0583853615020096,3,-0.20982230033035396,0.1146329229234851,-0.1512490499967304,0.7572585555711853,0.8886465834402926,0.02409230871759362
2022-12-19,16.236865997314453,16.591491326415667,16.127981643599433,16.554531578863497,354039000,16.60570454597473,14.768106002807617,16.785576131534675,16.24831352569493,54.493961922310795,0.5372626058397465,0.6744560113454781,-0.1371934055057315,18.027048220304028,15.184360871645437,0.1750761106933301,0.7999421363801729,23681556000.0,20.576301308568237,32.21976200981767,-0.0191297939419861,-0.0193151359602177,0.034203624783106,-0.131229124069019,0.49722822978497394,0.5027717702150261,0.9963042685220102,-0.003695731477989822,0.003695731477989822,1.0945521126507727,3,-0.34044902318251613,0.05847747188847293,-0.06217320336646275,0.7224153688560271,0.9038981579511796,0.0024128397519322274
2022-12-20,16.068044662475586,16.292807881891594,15.835291407365762,16.047066889019305,403260000,16.64425973892212,14.856372566223143,16.675186674756354,16.23496027656757,42.73581219636797,0.4402263981887842,0.6276100887141393,-0.187383690525355,17.953539999326928,15.33497947851731,0.1629669680297104,0.7375079669384886,23278296000.0,13.38452822091758,22.06124306759959,-0.0103974088883156,-0.0104518395648409,0.0342805349293877,-0.1273856778078324,0.35637168842187034,0.6436283115781296,0.8029509504136905,-0.1970490495863096,0.1970490495863096,0.8821317813222184,3,-0.07912030271251445,-0.036339009003734137,-0.16071004058257546,0.5038476163822168,0.816496580927726,0.13440440154850863
2022-12-21,16.48360252380371,16.60947103919092,16.08502301997595,16.097011404935554,325025000,16.667589950561524,14.954628067016602,16.64571218999441,16.253378220807285,44.69184997122861,0.3923339691871241,0.5805548648087363,-0.1882208956216121,17.946074920943847,15.389104980179203,0.1551220333705671,0.7312287704776984,23603321000.0,26.70494215686695,20.221923895450917,0.0258623790297642,0.0255336042526203,0.0331552691054411,-0.1150231047695858,0.14645290117026374,0.8535470988297363,0.41243438639116836,-0.5875656136088316,0.5875656136088316,0.453105485158629,3,-0.2627701315577099,-0.05968415511283025,-0.5278814584960014,0.4169971842290372,0.8392750033698627,0.3962967485112652
2022-12-22,15.322830200195312,16.120988676666293,14.866312166020125,16.077034434147475,565045000,16.608863162994385,15.031385879516602,16.44219188387147,16.18444873779899,38.821810374839686,0.2577431460724781,0.5159925210614847,-0.2582493749890066,18.02117101726744,15.196555308721331,0.1843403386738636,0.7975155566044535,23038276000.0,11.693952821190424,17.26114106632498,-0.0704198200564558,-0.0730222141707974,0.0361522738787249,-0.0472651282567065,0.8013160283168373,0.19868397168316262,0.5351533563053883,0.46484664369461176,0.46484664369461176,0.587926053559083,3,-0.10658933983350936,-0.136132950281369,0.6009795939759808,0.379330652554597,0.9428090415820634,0.2974395987031633
2022-12-23,15.189970970153809,15.32283018939508,14.867311505326436,15.17998128298212,349326000,16.55592722892761,15.09629858016968,16.24954251253029,16.110783717973423,39.58764887075149,0.1387587945568675,0.4405457757605613,-0.3017869812036937,18.098440546560138,15.013413911295087,0.2030962824963063,0.7927347923046718,22688950000.0,8.290692814667173,15.563195930908178,-0.0086706716909132,-0.0087084806762158,0.0360686563873232,-0.058595205539182,0.14267722840782562,0.8573227715921744,0.40225681924990786,-0.5977431807500921,0.5977431807500921,0.44192428482849544,3,-0.24015405022143688,-0.27697975282831017,-0.320763427921782,0.4437708323966226,0.8381742567281683,0.40338116033577187
2022-12-27,14.10611629486084,15.084084488373527,14.041184273487008,15.058111870357818,464902000,16.470919370651245,15.15417495727539,15.919784632888836,15.9622898347799,37.048856860981886,-0.0425052018910623,0.3439355802302366,-0.3864407821212989,18.34017004867922,14.60166869262327,0.2650269768028188,0.8183505427442849,22224048000.0,1.3730576345047247,7.1192344234541025,-0.071353307878112,-0.0740269223840022,0.0388842452434721,0.0444725915544472,0.6026760840626142,0.39732391593738575,0.8611239929348061,0.13887600706519387,0.13887600706519387,0.9460414007051285,6,0.0019931566699049608,-0.11699243596238042,0.2558684430275743,0.4624589125129838,0.696616946325946,0.0955643999121633
2022-12-28,14.02120590209961,14.246967523902237,13.869365687694096,13.912320585471353,351066000,16.391053676605225,15.197150478363035,15.627695597382802,15.818505839766544,35.43876540782192,-0.1908102423837423,0.2369864157074408,-0.4277966580911831,18.530601410492416,14.251505942718032,0.3051874066790224,0.8082896757448943,21872982000.0,3.0982565014017167,4.254002316857867,-0.0060194025759,-0.0060375922101391,0.0388514245886687,0.016315066350163,0.04742587467987645,0.9525741253201236,1.1084703599451018e-08,-0.9999999889152964,0.9999999889152964,1.2177791590600516e-08,3,-0.4862890542000644,-0.2546187019398163,-0.7453812869754801,0.5995031790656937,0.0,0.954999989414108
2022-12-29,14.587607383728027,14.667522983450697,14.2120042555653,14.38681998720955,354923000,16.275176095962525,15.249876098632813,15.467682026051298,15.727328176356284,30.776108966530884,-0.2596461503049863,0.1376599025049554,-0.3973060528099417,18.544582156859267,14.005770035065783,0.3111416425188665,0.7674040899291867,22227905000.0,14.655518059082365,6.37561073166293,0.040396060480333,0.0396014680418735,0.0348265457540308,0.017530611330973,0.4522552309646665,0.5477447690353334,0.9361457540748233,-0.06385424592517672,0.06385424592517672,1.028461229411075,3,-0.3083260759250926,-0.26321277543227156,0.19935852950709484,0.5858590693515542,0.8701252603378251,0.04240947631244108
2022-12-30,14.598594665527344,14.613578243254633,14.217995786415347,14.318889147477543,310490000,16.149258852005005,15.301143646240234,15.33397627827838,15.643718286665251,31.68631447106945,-0.3097420083868698,0.0481795203265903,-0.3579215287134601,18.500013486568832,13.798504217441176,0.3220521822028286,0.7522771973870642,22538395000.0,14.879710427360717,10.877828329281591,0.0007531928650323,0.0007529093576346,0.034581917185628,0.0693854401460802,0.8018810196077963,0.19811898039220371,0.5339691730114575,0.4660308269885425,0.4660308269885425,0.5866250952403352,3,-0.19927446928397638,-0.1684870787787213,0.6345179057672637,0.5862010177206226,0.9428090415820634,0.29819731742290767
2023-01-03,14.299911499023438,14.980194430393473,14.081142463306268,14.835346803839585,401277000,16.02134394645691,15.34358127593994,15.174889389162235,15.544177043136228,24.371181481503967,-0.3692876539739913,-0.0353139145335259,-0.3339737394404653,18.485356716209672,13.557331176704144,0.3446193034021274,0.763622472567215,22137118000.0,8.785165144326754,12.77346454358994,-0.0204597204968781,-0.0206719199283764,0.0346655967186275,0.1113516356349348,0.8341104481760769,0.165889551823923,0.4616521303327268,0.5383478696672732,0.5383478696672732,0.5071767034733454,6,0.3135081502435468,-0.00764229545356343,0.5459901651208366,0.6182851610460313,0.3416405414036879,0.4313175771335759
2023-01-04,14.73345184326172,14.837342302451898,14.22598793393784,14.5516444923479,431324000,15.92839198112488,15.389256858825684,15.106975920562158,15.484123324627005,23.11046474946285,-0.3771474040648463,-0.10368061243979,-0.2734667916250562,18.44145723042689,13.415326731822866,0.3411373350979326,0.7177422342122105,22568442000.0,19.80306152903071,14.489312366906056,0.0303176942226452,0.0298671956762598,0.0356143408551598,0.0848869684948241,0.04745006011427812,0.952549939885722,0.000178418666602842,-0.9998215813333972,0.9998215813333972,0.0001960129396576607,3,0.001519038440806623,-0.2168806133147076,-0.7829409680186896,0.7560260610667384,0.0,0.9548296101733943
2023-01-05,14.24996280670166,14.548647400640538,14.13308556373845,14.475724399761354,389168000,15.842382717132567,15.42260612487793,14.975127749199006,15.392704027002903,22.793223575346417,-0.4175762778038994,-0.1664597455126119,-0.2511165322912874,18.46479781739093,13.219967616874207,0.3680592203405693,0.7012595561983005,22179274000.0,11.088450697239605,13.225559123532353,-0.0328157339979483,-0.0333662473882608,0.0354059854639775,0.1574482928147849,0.949180691351595,0.05081930864840498,0.024225730513490085,0.9757742694865099,0.9757742694865099,0.026614685244082205,3,0.17143351927346248,0.007907593861949867,0.9678666756245601,0.7574419244196596,0.4714045207910317,0.7781146410220326
2023-01-06,14.843337059020996,14.99417790999192,14.019206897315303,14.458742666001996,405044000,15.779399061203003,15.45460018157959,14.954852258402388,15.352010177522764,32.94766936628686,-0.3971579191203744,-0.2125993802341644,-0.18455853888621,18.43574662431926,13.123051498086744,0.357917839169713,0.7014020476001119,22584318000.0,30.88372690167127,20.591746375980524,0.0416404070921698,0.0407967850109812,0.0368253151497216,0.1372905817499676,0.05001381469607883,0.9499861853039211,0.018617272828026277,-0.9813827271719737,0.9813827271719737,0.02045316471035656,3,-0.33514334633961984,-0.1521293681719312,-0.8292533590000425,0.9249180525995552,0.4714045207910317,0.7825870104778377
2023-01-09,15.61152458190918,16.039072863782973,15.125037532338498,15.267887377972604,504231000,15.70243010520935,15.509248447418212,15.055878769711123,15.371233466736571,42.773918636129494,-0.3153546970254464,-0.2331504435924208,-0.0822042534330255,18.27947609847916,13.125384111939542,0.3301466144128062,0.7417877921670212,23088549000.0,63.57999675551166,35.18405811814084,0.0517530202159843,0.0504583150945288,0.0356221288240538,0.1327105224415343,0.9383172397444977,0.06168276025550235,0.09263879298949074,0.9073612070105093,0.9073612070105093,0.10177411638563566,3,0.30058424977501563,0.12035080267461244,0.7870104043358969,0.9986546374054868,0.09207053676251445,0.8386062954421364
2023-01-10,15.892230033874512,15.94517366128145,15.455690420036634,15.490653372601406,384101000,15.64788761138916,15.563918151855468,15.18454819496703,15.409825805043086,47.34165148305728,-0.2252776100760556,-0.2315758768891478,0.0062982668130922,18.15606376407728,13.139711458701044,0.3156481056896237,0.7436430463404913,23472650000.0,73.82432738716234,56.09601701478175,0.0179806559245736,0.0178209159090607,0.0359279118154642,0.0922750558067224,0.8021814678422535,0.19781853215774647,0.5333384182641355,0.4666615817358645,0.4666615817358645,0.5859321403237915,3,0.1308800205248005,0.19613877805476118,0.27052280368110326,0.991059527161323,0.9428090415820634,0.2986009159891626
2023-01-11,15.984129905700684,16.011101866917304,15.546591955018148,15.823300346058495,353285000,15.571268320083618,15.607283115386965,15.30756076584913,15.452366849536242,49.34495042564152,-0.1448060836871114,-0.2142219182487405,0.0694158345616291,17.928156485859837,13.2143801543074,0.2949035298988208,0.7441425775814431,23825935000.0,77.17820835171837,71.52751083146411,0.0057826920218424,0.0057660364368979,0.0350949342009189,0.0477469895871711,0.7984924345911176,0.20150756540888234,0.5410338110170302,0.4589661889829698,0.4589661889829698,0.5943863933682492,3,0.6109963259097816,0.1951295440539651,0.2638366449290047,0.7904288272294991,0.9428090415820634,0.2936768952108434
2023-01-12,16.493595123291016,16.619461755576417,15.47566921706697,16.083029067309738,551409000,15.493300580978394,15.667568588256836,15.49002759007096,15.529494869814371,50.076876328700145,-0.0394672797434143,-0.1792709905476753,0.139803710804261,17.593738758201674,13.392862403755112,0.2546974339460049,0.7871687319953081,24377344000.0,95.42319140376227,82.14190904754766,0.0318731905080822,0.0313757820946739,0.035160777428951,0.0804312836907858,0.13950629207408677,0.8604937079259133,0.3935344670690374,-0.6064655329309626,0.6064655329309626,0.43234180153650004,3,0.1063874125959577,0.031584772254217124,-0.6380503051851797,0.8016578228930347,0.4714045207910317,0.4836156529287696
2023-01-13,16.881187438964844,16.904163911762296,16.147961873227626,16.260841726815173,447287000,15.454591417312622,15.734687061309817,15.70405218220848,15.629620245307,63.60784808935915,0.0744319369014796,-0.1285304050578443,0.202962341959324,17.410847629058377,13.49833520556687,0.2317676074409741,0.7256624234775284,24824631000.0,99.24289945843314,90.61476640463792,0.023499565302564,0.023227701402521,0.035399352904482,0.1357475715781657,0.9499762340996202,0.0500237659003797,0.01868708098783256,0.9813129190121674,0.9813129190121674,0.020529856812569053,3,0.27793785835472534,0.3146039865892978,0.6667089324228697,0.6339547618454178,0.4714045207910317,0.7825313431448215
2023-01-17,17.683338165283203,17.709311731541334,16.881185193204846,16.881185193204846,511102000,15.492051935195922,15.824320068359375,16.00855771806613,15.781747498638572,69.49392437429694,0.2268102194275574,-0.057462280160764,0.2842724995883214,17.591083068428237,13.393020801963608,0.2374021368152349,0.7522772694395006,25335733000.0,99.32359551528116,97.99656212582552,0.04751743496828,0.0464230170367664,0.0357602140786148,0.0882951888878653,0.9421863346852978,0.057813665314702174,0.06967403644258818,0.9303259635574118,0.9303259635574118,0.0765447526369371,6,0.43505778321287264,0.30811137145656947,0.6222145921008424,0.638241755313495,0.10265029894045458,0.8161804379478566
2023-01-18,17.358686447143555,17.854162075882435,17.263785352274855,17.648379813010923,439624000,15.532309675216675,15.90342535018921,16.216269830231887,15.898557791120425,78.85510778973656,0.3177120391114645,0.0175725836936817,0.3001394554177828,17.74487413528939,13.319745215143962,0.2549230285148449,0.7123908427924134,24896109000.0,87.56584825555406,95.37744774308943,-0.0183591873381135,-0.0185298087583553,0.035618777615583,0.1119867583069065,0.8021837308508937,0.19781626914910627,0.533333664613842,0.46666633538615804,0.46666633538615804,0.585926917905163,3,0.7927684059852461,0.5149755232505883,-0.048309187864430225,0.6382417934907688,0.9428090415820634,0.29860395768873144
2023-01-19,16.747323989868164,17.178869643415503,16.713361345219184,17.018038182127146,452932000,15.55783257484436,15.955622634887696,16.29797047017593,15.961429361398034,72.1186378711472,0.3365411087778955,0.0813662887105244,0.2551748200673711,17.81592580321587,13.29973934647285,0.269666154394292,0.7315139332007157,24443177000.0,71.13817410666049,86.00920595916523,-0.0352193963026501,-0.03585455717342,0.036319415954821,0.1811514504828413,0.07299885366320213,0.9270011463367979,0.15282964520230735,-0.8471703547976926,0.8471703547976926,0.16790052629204208,3,0.18327398138195958,0.264328157277988,-1.1114985120756806,0.860342125363614,0.4714045207910317,0.6755616305140009
2023-01-20,17.8201961517334,17.837178429750637,16.80726509622476,16.993067946601407,564967000,15.645440149307252,16.026381130218507,16.532159036569386,16.099115790311764,74.23607285121518,0.4330432462576219,0.1517016802199439,0.2813415660376779,18.11311110411403,13.177769194500474,0.2769521652618558,0.7631951730958147,25008144000.0,99.114307115504,85.9394431592395,0.0640623040740302,0.0620939456656447,0.0387002355739467,0.1415998111938297,0.047695607071386266,0.9523043929286138,0.001984858185765881,-0.9980151418142341,0.9980151418142341,0.0021805895941458867,3,-0.45950638707525576,0.05508862534225967,-1.0531037671564938,0.962178182296989,0.0,0.9531044604325936
2023-01-23,19.172767639160156,19.224712866778543,17.799217156484602,18.044956208931275,655163000,15.779898405075071,16.118178939819337,16.938406513891042,16.326793705041275,78.5509446264729,0.6116128088497668,0.2436839059459085,0.3679289029038582,18.692758902735804,12.867037907414344,0.303853940388997,0.8367604054854331,25663307000.0,99.00210990222408,89.75153037479619,0.0759010437320686,0.0731584907186302,0.0415694126756868,-0.0016150931173057,0.8021838783097127,0.19781612169028728,0.5333333548620968,0.46666664513790324,0.46666664513790324,0.5859265776080893,3,-0.459506283824674,0.05618869050725014,0.4104779546306531,0.868148202270542,0.9428090415820634,0.29860415588836575
2023-01-24,19.244691848754883,19.474450850170054,18.800161235154988,18.80715382585874,496204000,15.975991487503052,16.227913627624513,17.293219642331632,16.54293430827932,81.76333364858405,0.750285334052311,0.3450041915671891,0.4052811424851219,19.26326918535854,12.688713789647563,0.3416295489364431,0.8207059517659948,26159511000.0,95.78829096629454,97.96823599467422,0.0037513733514311,0.0037443544985022,0.0372509949269177,0.0141190658529968,0.6456563041669384,0.3543436958330616,0.8000000029997069,0.1999999970002931,0.1999999970002931,0.8788898342300027,3,-0.11044949989201214,0.17139805192600097,0.028601945074292145,0.7224853383667041,0.816496580927726,0.1364172015189234
2023-01-25,19.302629470825195,19.349580807071824,18.560412717739823,18.893061849004603,449537000,16.18162441253662,16.29937873840332,17.602359615946025,16.747356172171607,80.83871548787346,0.8550034437744181,0.4470040420086349,0.4079994017657831,19.763227072611578,12.600021752461664,0.3710999753156264,0.8334069318244189,26609048000.0,96.85034469955376,97.21358185602412,0.0030105767619272,0.0030060540507466,0.0369986366548514,0.0838381930995597,0.7631261430474746,0.23687385695252544,0.6100348025266855,0.38996519747331454,0.38996519747331454,0.6701917305710404,3,0.3522106132038374,0.08691980599187911,0.30304539148143544,0.706968717672426,0.9038981579511796,0.2545973742782603
2023-01-26,19.781126022338867,20.14474263652142,19.25767822252368,19.680232657858443,489535000,16.46537489891052,16.36888885498047,17.93755444769877,16.97207986477659,87.3566126279288,0.9654745829221802,0.550698150191344,0.4147764327308362,20.24818393012969,12.682565867691352,0.3824665013454983,0.8538853700011669,27098583000.0,94.06392141676872,95.567519027539,0.0247891901068137,0.0244869232492949,0.0313116627897725,0.0963034737128227,0.9491818225163426,0.05081817748365739,0.02421791366787951,0.9757820863321205,0.9757820863321205,0.026606097561435806,3,0.5219157602685764,0.09341353781683749,0.882368548515283,0.7321269265127913,0.4714045207910317,0.7781208744329827
2023-01-27,20.34353256225586,20.60625581574819,19.384545434625117,19.441484557009694,542142000,16.781491231918334,16.45028633117676,18.3077049268614,17.221817101626904,87.30350290270385,1.0858878252344937,0.6577360851999741,0.4281517400345196,20.756104456361275,12.806878007475394,0.3907495625235898,0.8715096106044856,27640725000.0,95.20684561606312,95.3737039107952,0.0284314724693561,0.0280347992759769,0.0308940823032873,0.0360914768321758,0.8021782004121532,0.19782179958784676,0.5333452817184787,0.4666547182815213,0.4666547182815213,0.5859396805990756,3,0.6108006673623193,0.09341187823046081,0.37324284005106045,0.2875322156367834,0.9428090415820634,0.2985965242975515
2023-01-30,19.141801834106445,20.118769651142287,19.12981344690093,19.92897130354372,488611000,17.009200954437254,16.500238876342774,18.43602752797602,17.364038192921686,72.61326276478907,1.071989335054333,0.7405867351708458,0.3314025998834872,20.97641578797801,13.0419861208965,0.414507982887176,0.8727941327896965,27152114000.0,71.56712186245136,86.9459629650944,-0.0590718806810883,-0.0608885298607559,0.035036063368587,0.100563611313359,0.7621627236373004,0.2378372763626996,0.6118088820341998,0.38819111796580025,0.38819111796580025,0.6721407561190699,3,0.6102093075264811,0.2698920886252455,0.11829902934055475,0.29190250793039263,0.9013305215805576,0.2537722855867277
2023-01-31,19.51640892028809,19.66625044123853,18.93002771708951,19.14979515412761,498017000,17.255091667175293,16.572783756256104,18.602240049870183,17.523473061615494,72.93880292064188,1.0787669882546886,0.8082227857876144,0.2705442024670742,21.202778359407773,13.307404974942813,0.4045505203704461,0.8904183815685685,27650131000.0,78.75785009597497,81.84393919149647,0.0195701057522272,0.0193810735060681,0.0349067671220798,0.1349232263304762,0.5498389416154745,0.4501610583845254,0.9333266747786292,0.06667332522137079,0.06667332522137079,1.0253641542535463,3,0.3071730538228979,0.4219904410589033,-0.35531711583753256,0.32818069693756385,0.9428090415820634,0.04266199910669571
2023-02-01,20.920927047729492,21.16966324723434,19.590330232815255,19.67024583727826,660477000,17.586142444610594,16.678072891235352,18.95896112646392,17.775136319846162,76.79463388283669,1.1838248066177606,0.8833431899536437,0.3004816166641169,21.600287445306694,13.571997443914494,0.3837444671106721,0.9753286969290754,28310608000.0,95.63160412281198,81.98552536041278,0.0719660124553627,0.0694943573469005,0.0360374233987747,0.0602584233471736,0.9452982089853225,0.05470179101467764,0.05013200287106512,0.9498679971289349,0.9498679971289349,0.0550756344096971,3,0.46824414677203574,0.4910192056290507,0.45884879149988417,0.38923953183729165,0.10353403821220074,0.8742525657239828
2023-02-02,21.68611717224121,21.9258639706003,20.67818184085696,20.97786486247128,564276000,17.93377571105957,16.80401882171631,19.37852359504504,18.06483860520876,77.42139588649889,1.3136849898362826,0.9694115499301716,0.344273439906111,22.108724352477296,13.758827069641846,0.3850342233474387,0.9827493820172106,28874884000.0,95.85062544713917,90.08002655530868,0.0365753450010124,0.035922342003842,0.0361603272637906,0.0289280232644966,0.8021838879445058,0.19781611205549426,0.5333333346232607,0.46666666537673923,0.46666666537673923,0.5859265553734553,3,0.4944026625756821,0.529114443968543,-0.06244777859180378,0.3160823287694877,0.9428090415820634,0.2986041688385104
2023-02-03,21.077760696411133,21.722081314990728,20.76708767150065,20.977865716692563,429366000,18.275165605545045,16.919635219573976,19.639944687562902,18.288018019371897,71.65688024137529,1.3519266681910054,1.0459145735823383,0.3060120946086671,22.295551934858647,14.254779276231442,0.3814813525231971,0.9969487823711682,28445518000.0,83.72944176762977,91.73722377919364,-0.0280528077478429,-0.0284538049562554,0.0358072293780655,0.0078197838223184,0.8021822627624592,0.19781773723754079,0.5333367484684318,0.4666632515315682,0.4666632515315682,0.5859303058657119,3,0.6277326380124145,0.5400713088340079,-0.07340805730243971,0.3160823223399465,0.9428090415820634,0.29860198443479036
2023-02-06,21.066770553588867,21.54726252016348,20.764088546903057,20.78406792196353,452197000,18.586337280273437,17.02063066482544,19.859456359259205,18.493851540425005,69.01314118686486,1.3656048188341998,1.1098526226327106,0.2557521962014892,22.448589402534292,14.724085158012585,0.3666676971143917,0.9937378848657352,27993321000.0,83.51859980533236,87.6995556733671,-0.0005214094125348,-0.0005215453936925,0.0357300849072103,0.0331450590332054,0.04873176523476652,0.9512682347652335,0.009511667581844074,-0.9904883324181559,0.9904883324181559,0.010449634891139984,3,-0.019052805169949078,0.25917553472682553,-1.2496638671449816,0.7313054996782542,0.0,0.9459163574593389
2023-02-07,22.14962577819824,22.235535559887833,21.12770349826597,21.359459276744385,664150000,18.91324234008789,17.133675861358643,20.211790116019056,18.76464963211191,74.80856020743057,1.447140483907145,1.1773101948875977,0.2698302890195472,22.82182629101903,15.004658389156752,0.3529255067395618,1.0350513336294056,28657471000.0,98.44427612504818,88.56410589933677,0.0514011021221714,0.0501236576451677,0.0357128060619115,0.0359897364826329,0.9153858745029898,0.08461412549701015,0.20625184119324125,0.7937481588067588,0.7937481588067588,0.2265908072953183,3,0.08997435930672408,0.3059031690875737,0.48784498971918505,0.7713748947643371,0.3842256228132847,0.656090467920028
2023-02-08,22.18158912658691,22.853879916035098,21.984796321260635,22.363396450827928,559651000,19.22771029472351,17.252333850860595,20.51483611764488,19.01775626133228,79.93617095686767,1.4970798563125989,1.2412641271725977,0.2558157291400011,23.12490655694195,15.33051403250507,0.3513901767792868,1.0510340831186975,29217122000.0,88.88153437301165,90.28147010113072,0.0014430649397305,0.0014420247221345,0.0359101404109399,0.0251745963146783,0.9525741090964742,0.04742589090352568,1.307899245572841e-07,0.9999998692100754,0.9999998692100754,1.436874183526073e-07,3,0.2677532318662265,0.39330441926532733,0.6066954499447481,0.7815859973694863,0.0,0.9549998750956219
2023-02-09,22.313453674316406,22.995734263923605,22.0966833667124,22.582171117953777,523876000,19.544176483154295,17.38247745513916,20.79154651097896,19.2618819956274,77.6154261237724,1.5296645153515591,1.29894420480839,0.230720310543169,23.359426777790674,15.728926188517915,0.3419686033657684,1.0374052586421785,29740998000.0,86.87042539513256,91.39874529773078,0.0059447746046039,0.0059271741514254,0.0359073946815212,-0.0149974236400768,0.9486211503065514,0.0513788496934487,0.028072364560532193,0.9719276354394678,0.9719276354394678,0.030840644678171807,3,0.9218918878187677,0.5226264635821983,0.4493011718572695,0.8319167816905016,0.4714045207910317,0.7750472079442652
2023-02-10,21.242584228515625,22.054726981350132,20.78906421686464,21.6671373847091,550737000,19.781625938415527,17.49495874404907,20.860936929061523,19.40860067954505,63.17731699834235,1.452336249516474,1.329622613750007,0.1227136357664671,23.38257720779787,16.180674669033184,0.3390313749631738,1.0444690977248805,29190261000.0,60.47298898721,78.74164958511807,-0.0479920975672802,-0.0491819433505182,0.0385591117868677,0.0057840224572855,0.36533868236575384,0.6346613176342462,0.8159111072314607,-0.18408889276853932,0.18408889276853932,0.8963699688652865,3,0.595946203960335,0.36063262216827346,-0.5447215149368128,0.8779687089533282,0.8531505652577861,0.12330907737188906
2023-02-13,21.76502990722656,22.024756028474823,20.93990051192879,21.515293472026823,474919000,20.025818061828613,17.59215616226196,21.00002815647153,19.58315099270664,65.17502249676393,1.4168771637648874,1.3470735237529832,0.0698036400119042,23.45698449424208,16.594651629415146,0.3152916809247506,1.0737952335485208,29665180000.0,72.25219536837228,73.19853658357161,0.0245942618417216,0.0242966921185666,0.0385749281223843,-0.0520010088383776,0.1978633596726941,0.8021366403273058,0.5334325739911802,-0.46656742600881984,0.46656742600881984,0.5860355809625712,3,0.10709043888736998,0.22731346625605076,-0.6938808922648706,0.6949085775014328,0.9428090415820634,0.2985406689333914
2023-02-14,22.94678497314453,23.024701862590533,21.343475492983863,21.55525189893666,675474000,20.28899040222168,17.7087530708313,21.299529205190453,19.83230906533167,69.32613761912904,1.4672201398587816,1.3711028469741429,0.0961172928846387,23.77069995445991,16.807280849983442,0.3034594655689683,1.1375136821395686,30340654000.0,98.09711621344564,76.94076685634263,0.0542960460406072,0.052873289276564,0.0389179203072048,-0.0965128948183001,0.8019973419153514,0.1980026580846486,0.5337250539111187,0.4662749460888813,0.4662749460888813,0.5863569029968044,3,-0.06146045756282551,0.2272579940499526,0.23901695203892873,0.6660640061166727,0.9428090415820634,0.29835352095417006
2023-02-15,22.740001678466797,22.830905348150583,22.082696315415404,22.525228183306545,420575000,20.558056163787843,17.826388912200926,21.521140354925276,20.04769370334168,66.15753120198377,1.473446651583597,1.3915716078960338,0.081875043687563,23.91580537875434,17.200306948821346,0.2953165318493403,1.1358725566918104,29920079000.0,93.04706125719387,87.79879094633726,-0.0090114277411733,-0.009052276243535,0.038565582412838,0.0395362140390578,0.8021837434055727,0.19781625659442723,0.5333336382415113,0.46666636175848875,0.46666636175848875,0.5859268889321964,3,0.15545796061285053,0.43542295036090184,0.031243411397586907,0.5737589147532924,0.9428090415820634,0.29860397456349125
2023-02-16,21.978809356689453,22.5262301612366,21.90388764913277,22.109669887606003,412026000,20.819630432128907,17.93411527633667,21.591550970581302,20.190739307293367,58.74000812449543,1.4008116632879355,1.3934196189744144,0.0073920443135213,23.709985244878176,17.929275619379638,0.2630128653324492,1.10832996013545,29508053000.0,74.45724691438966,88.53380812834307,-0.0334737144060169,-0.0340467840207157,0.0384494245396179,0.0583580500807672,0.2519665812995379,0.7480334187004621,0.6372829368143983,-0.3627170631856017,0.3627170631856017,0.7001268657428005,3,0.1900747482205899,0.27021363293342177,-0.6329306961190235,0.4519495287687058,0.8531505652577861,0.2429603749352412
2023-02-17,21.36545181274414,21.717079994148627,20.952887118556177,21.60819565620736,465888000,20.996893215179444,18.04202135086059,21.5567664847602,20.277755048437868,62.682295946220655,1.2790114363223315,1.3705379824439978,-0.0915265461216661,23.52484599930077,18.46894043105812,0.2366393003318977,1.0949158974767603,29042165000.0,59.4778487498388,75.66071897380745,-0.0279067684691769,-0.0283035619086787,0.0376869747724845,0.0987936598626095,0.35510360998826895,0.6448963900117309,0.8011066459209844,-0.1988933540790157,0.1988933540790157,0.8801056057424856,3,-0.03164801850204244,0.0989431724635516,-0.2978365265425673,0.45337159600221705,0.816496580927726,0.13566237585559515
2023-02-21,20.63322639465332,21.47134072519899,20.596264744241378,20.977862013234812,410015000,21.0699161529541,18.132625675201417,21.414683393974528,20.304086259268644,56.119972421080995,1.110597134705884,1.318549812896375,-0.207952678190491,23.456424834975913,18.683407470932288,0.2313267577619588,1.1048339872488029,28632150000.0,30.366433046811572,54.76717623701334,-0.03427146893538,-0.0348725080068198,0.0355023952524764,0.1239894273792348,0.28520100104576673,0.7147989989542333,0.6937309385611927,-0.3062690614388073,0.3062690614388073,0.7621413341325878,6,-0.2892931595678078,-0.08365635566191625,-0.22261270577689102,0.41811068583635336,0.534078618995582,0.22660724118559653
2023-02-22,20.73212432861328,21.081755798453145,20.39947513838324,20.685174889382303,513184000,21.14428777694702,18.204250087738036,21.309674306995873,20.335792782923804,48.79262787733454,0.9738815240720696,1.249616155131514,-0.2757346310594444,23.379192664188775,18.909382889705267,0.215598252433521,1.0354787253290634,29145334000.0,12.671255668547,34.171845821732454,0.0047931395734399,0.0047816890546669,0.035502352974241,0.0936685457906285,0.05003227368264012,0.9499677263173599,0.018746753044143527,-0.9812532469558565,0.9812532469558565,0.020595413266922373,3,-0.49547188749122606,-0.19753697768867587,-0.7837162692671806,0.5155860138260883,0.4714045207910317,0.7824837586756186
2023-02-23,23.639055252075195,23.862820062689913,23.0007288852004,23.41529234679857,1117995000,21.36110906600952,18.337369594573975,21.668040606238847,20.58047889174983,59.80342623499395,1.0875617144890128,1.217205267003014,-0.1296435525140011,23.683414151455377,19.03880398056367,0.1964803635916865,1.1699796970671557,30263329000.0,93.53905497602426,45.52558123046094,0.1402138477169914,0.1312158305310626,0.0467189543193334,-0.0147903692472763,0.9150707708013014,0.0849292291986985,0.2076056348678087,0.7923943651321913,0.7923943651321913,0.22807810166251924,3,-0.16504264775415703,-0.01768529323995998,0.8100796583721512,0.638813459518928,0.4714045207910317,0.6318814466148829
2023-02-24,23.261449813842773,23.449253244039845,22.922808411961658,23.200515205899624,589716000,21.535125255584717,18.4522682762146,21.913180484331757,20.779069330423383,61.22172804404439,1.1341111539083713,1.2005864443840857,-0.0664752904757142,23.880402488747904,19.18984802242153,0.2016449750064611,1.1529263539688317,29673613000.0,82.63614330028392,62.94881798161839,-0.0159737956617057,-0.0161027518593713,0.0469826769506703,0.0259384886425944,0.9465971304384636,0.05340286956153637,0.041663631867563056,0.9583363681324369,0.9583363681324369,0.045772177960249044,3,0.2564924954362577,0.05260919562340511,0.9057271725090318,0.8106389720464185,0.08363498449289898,0.888420944560551
2023-02-27,23.47622299194336,23.854823133033605,23.429273564014498,23.64504544483232,452994000,21.69175977706909,18.56073373794556,22.15364856242585,20.978858490535977,62.12788908347777,1.1747900718898734,1.1954271698852432,-0.0206370979953698,24.118966314623975,19.264553239514207,0.206779986575171,1.139369164392432,30126607000.0,88.83746551139947,88.33755459590255,0.0092330091124748,0.009190645446926,0.0467635602075795,0.0022554695196785,0.6025149105403891,0.3974850894596109,0.8613483365846469,0.13865166341535307,0.13865166341535307,0.9462878673957283,3,0.6297941322266608,0.005749953002957157,0.1329017104123959,0.7983942114689058,0.9013305215805576,0.09064078979884266
2023-02-28,23.1915283203125,23.799887550278743,23.18153863236945,23.347364022615437,455963000,21.894246101379395,18.6714568901062,22.313322371331488,21.142759959408313,55.702581300520826,1.170562411923175,1.1904542182928295,-0.0198918063696547,24.09045484074096,19.69803736201783,0.1893974997273463,1.1000537295074555,29670644000.0,80.61724264100054,84.03028381756131,-0.0121269367618701,-0.0122010679922563,0.0443244118933304,0.0032715576229702,0.9510973988637567,0.04890260113624346,0.01073803780773408,0.9892619621922659,0.9892619621922659,0.01179694029175943,3,0.6954166645800189,0.19888981377122397,0.790372148421042,0.8347155602857187,0.0,0.9447451738936139
2023-03-01,22.674072265625,23.23148459935281,22.484272025585433,23.167550984389926,460026000,22.05212926864624,18.78625577926636,22.36882235506895,21.25619050060955,52.559457047358904,1.1126318544594014,1.1748897455261442,-0.0622578910667428,23.964213181364784,20.140045355927697,0.1686581828194449,1.091348656578378,29210618000.0,65.67630935692459,78.37700583644153,-0.0223122878121957,-0.0225649726298788,0.0448612022759501,0.0655171410151498,0.26136820687211587,0.7386317931278841,0.6537102069426541,-0.3462897930573458,0.3462897930573458,0.718174066574973,3,0.26054127751675815,0.1778331796314625,-0.5241229726888084,0.5876890396633754,0.9428090415820634,0.22157909168350598
2023-03-02,23.28942489624023,23.355355313247543,22.40835460483908,22.464297239112163,389415000,22.170554161071777,18.92097364425659,22.510453515249147,21.406800455841452,54.82946558233904,1.1036530594076943,1.1606424083024542,-0.0569893488947599,24.081029501570335,20.260078820573217,0.1640637627601514,1.0947736430924684,29600033000.0,83.4438908103008,76.57914760274197,0.0271390433710549,0.0267773096801208,0.0425822604653041,0.0054036054283712,0.20441394988683742,0.7955860501131626,0.5470226969825789,-0.4529773030174212,0.4529773030174212,0.6009658570854329,3,0.06333162203916676,0.15687485940594623,-0.6098521624233674,0.6910340386228556,0.9428090415820634,0.2898448102373697
2023-03-03,23.864816665649418,23.8748063531746,23.105617561777713,23.295417814080157,412393000,22.27948913574219,19.07353265762329,22.718817076849188,21.58887573064204,63.64486471065402,1.129941346207147,1.154502195883393,-0.0245608496762459,24.317837837419663,20.241140434064715,0.1708245850144272,1.0408307383742628,30012426000.0,99.7125543464808,82.94425150456874,0.0247061390297391,0.0244058778563736,0.0422177875571778,-0.0385558322757517,0.9391294430785873,0.06087055692141284,0.08793209002014035,0.9120679099798596,0.9120679099798596,0.09660327466439665,3,0.037600271301698,0.4273493103967628,0.4847185995830968,0.6795148967765418,0.43358442491919985,0.738842870381925
2023-03-06,23.529172897338867,24.22243969976959,23.462242179784383,23.86581756344892,437429000,22.402059745788577,19.22275522232056,22.843487203078368,21.732601446693657,59.361768928934545,1.110885756384711,1.145778907983657,-0.0348931515989456,24.430940586568695,20.37317890500845,0.1724566222223295,1.017640881477061,29574997000.0,81.86572770640655,88.34072428772937,-0.0140643765679401,-0.0141642171478841,0.0417440271843719,-0.024798511486201,0.9472520865206168,0.05274791347938321,0.0373196546901996,0.9626803453098004,0.9626803453098004,0.04099983125150374,3,0.4739236507574134,0.4516758789935641,0.5110044663162363,0.7432584974028756,0.07268378124423835,0.8959718402516599
2023-03-07,23.26740074157715,24.103660267777396,23.220441431129053,23.5791250368648,515154000,22.51209125518799,19.358431186676025,22.90870467053972,21.846290283351692,51.88551426923853,1.0624143871880278,1.1291060038245309,-0.066691616636503,24.473636141234095,20.550546369141884,0.1686088538923875,0.9606403434086092,29059843000.0,75.01836745783766,85.532216503575,-0.0111254295637108,-0.0111877800370414,0.0419023431142098,0.0332789592172815,0.2456294847792722,0.7543705152207278,0.6259801980974793,-0.3740198019025207,0.3740198019025207,0.6877095380927885,3,0.5002428177957136,0.2613392832742845,-0.6353590851768052,0.7289045860982362,0.9428090415820634,0.239322583682047
2023-03-08,24.15961265563965,24.178596857110083,23.403282221510484,23.46622622618509,513573000,22.61259059906006,19.535166835784914,23.101152052862787,22.017647496113764,57.72576912579877,1.0835045567490234,1.1199857144094294,-0.036481157660406,24.69799452537302,20.5271866727471,0.1726355431303786,0.9640051618231668,29573416000.0,98.35658834643434,85.08022783689285,0.0383460071011791,0.0376290693727506,0.0412507967006004,0.0019437741555643,0.060950201525577945,0.9390497984744219,0.08839621700295408,-0.9116037829970459,0.9116037829970459,0.09711317027121827,3,-0.10764774652992164,0.11130279092965607,-1.022906573926702,0.8560103394485068,0.0,0.8705816127621787
2023-03-09,23.415271759033203,24.432370990770355,23.36231723479036,24.15361653047561,501257000,22.674274730682377,19.6996728515625,23.14947816150439,22.121175219292983,57.8318424163057,1.0283029422114076,1.101649159969825,-0.0733462177584174,24.778894032616947,20.5696554287478,0.1797646701343662,0.9807151422978788,29072159000.0,74.7799281282476,82.71829464417318,-0.030809305894757,-0.0312938917106632,0.0420253590879923,0.0898190715706448,0.9499831543674871,0.05001684563251287,0.018638536381154314,0.9813614636188457,0.9813614636188457,0.02047652511112377,3,-0.10142070709357325,0.11017414827631031,0.8711873153425354,0.8943319534579721,0.4714045207910317,0.7825700542180485
2023-03-10,22.94468879699707,23.60610394776299,22.705899859992172,23.388296345871805,474866000,22.70583648681641,19.876444301605225,23.11797210542634,22.18217622504884,58.746444445787034,0.9357958803774976,1.0684785040513596,-0.1326826236738618,24.80660153404625,20.60507143958656,0.1831155842483936,0.971735274414846,28597293000.0,63.11131631321887,78.74927759596693,-0.0200972667274121,-0.020301964005967,0.042348148129483,0.1201827987156707,0.047908583198288016,0.952091416801712,0.0035445406914247357,-0.9964554593085753,0.9964554593085753,0.003894075961283373,3,-0.30889925956225806,0.01729333881184896,-1.0137487981204243,0.9786222058090692,0.0,0.9516149636396893
2023-03-13,22.9456844329834,23.27739148555108,22.27727749488012,22.731874936608868,421890000,22.79099149703979,20.0549338722229,23.091466309665886,22.23873238859955,63.93609492470448,0.8527339210663349,1.0253295874543549,-0.1725956663880197,24.776950516224368,20.80503247785522,0.1731008743700707,0.980666560822942,29019183000.0,63.13600418075931,67.00908287407526,4.339287384280688e-05,4.339193239929124e-05,0.0406805455303127,0.1277542992616798,0.04977176840579576,0.9502282315942042,0.01691524142542844,-0.9830847585745716,0.9830847585745716,0.018583292095763558,3,-0.33272625142143325,-0.058436297696315385,-0.9246484608782561,0.8441284102136463,0.0,0.9388459444387158
2023-03-14,24.04171562194824,24.197577774691457,23.439248344671885,23.47521770648127,474910000,22.90482578277588,20.244016036987304,23.23765851155548,22.372286702180936,67.80540393211663,0.8653718093745439,0.9933380318383924,-0.1279662224638486,24.90412600685996,20.905525558691803,0.1663192640261387,1.021353180939953,29494093000.0,81.87292707319554,69.37341585572456,0.0477663323648498,0.0466605957376765,0.0415992777357367,0.0887670973788283,0.912454269773396,0.0875457302266039,0.21867443970555023,0.7813255602944498,0.7813255602944498,0.2402384266781311,3,-0.3994048858628985,-0.0771137762228025,0.8584393365172522,1.0135651811519724,0.4291096661947442,0.6341004584709051
2023-03-15,24.206573486328125,24.26452084975583,23.339341111840906,23.73998553895474,524486000,22.96781520843506,20.43617561340332,23.38672235382819,22.50815979730295,54.3310693535334,0.8785625565252424,0.9703829367757626,-0.0918203802505202,25.05033088039263,20.88529953647749,0.1720619957329999,0.8638163240712596,30018579000.0,89.52261209232672,78.17718111542719,0.0068571589054726,0.0068337555175985,0.0400086903004255,0.0924548916352854,0.8021815991883916,0.19781840081160845,0.533338142361047,0.4666618576389529,0.4666618576389529,0.585931837213268,3,0.08830088645294415,-0.14797356017578073,0.6146354178147336,0.966722749041738,0.9428090415820634,0.29860109253018974
2023-03-16,25.518409729003903,25.565367136764166,23.872865210794146,24.00574890060099,583253000,23.106735610961913,20.660545578002928,23.71467425770138,22.73114127372525,65.07465739491981,0.9835329839761328,0.9730129462158368,0.0105200377602961,25.47618127466568,20.737289947258144,0.18570480597078,0.9335488302038658,30601832000.0,98.5718939000984,89.98914435520688,0.054193388561033,0.0527759138968532,0.0414474081647631,0.0646021569929462,0.9354899451325165,0.06451005486748354,0.10858356784516954,0.8914164321548305,0.8914164321548305,0.11929124198213067,3,0.7131346166960782,0.032803044689555146,0.8586133874652753,0.9456656418638743,0.43358442491919985,0.7221136367503963
2023-03-17,25.702245712280273,26.375649322099584,25.64529501788219,25.959018356234974,848547000,23.292907428741454,20.8799214553833,24.020454481482748,22.95122308398858,64.92972223937042,1.0692313974941676,0.9922566364715028,0.0769747610226647,25.86560012887096,20.720214728611943,0.200192055505897,0.9523964211970692,31450379000.0,83.5689966883295,90.55450089358489,0.0072040532787363,0.0071782280436521,0.0403635661731511,0.0409719088420443,0.14185086585613244,0.8581491341438675,0.39999945495344713,-0.6000005450465529,0.6000005450465529,0.439444316672403,3,0.25269258158241065,0.07731779296819699,-0.6773183380147498,0.8496211519891167,0.0,0.5730005205194579
2023-03-20,25.877094268798828,26.000985154949564,25.1077747813069,25.592346468540175,432747000,23.51848955154419,21.112464084625245,24.306091371839067,23.167954282863413,68.28120012599754,1.138137088975654,1.0214327269723331,0.1167043620033208,26.16957641125785,20.867402691830527,0.2048983423081003,0.9720293823208812,31883126000.0,87.83528983710214,89.99206014184335,0.006802851333532,0.0067798163504326,0.0394475311620592,0.0243628496983501,0.36601209386511113,0.6339879061348889,0.8168788324814932,-0.18312116751850685,0.18312116751850685,0.8974331237170267,3,0.03609823986325734,-0.08903686862285334,-0.0940842988956535,0.6419696147008714,0.8531505652577861,0.12266086168686657
2023-03-21,26.17582893371582,26.36865903671038,25.358553488198883,26.156846636843376,547408000,23.795619678497314,21.33911392211914,24.593743304435492,23.390759812556183,74.56877836596925,1.2029834918793083,1.0577428799537285,0.1452406119255802,26.333124846405873,21.25811451058875,0.1938815518953917,0.990807451945461,32430534000.0,95.12439579035036,88.84289410526065,0.0115443666825139,0.0114782389301917,0.0380260670279148,0.0080537477102522,0.9455588890385858,0.054441110961414255,0.04844780500232049,0.9515521949976795,0.9515521949976795,0.05322535393454561,3,0.056143494144207017,0.18924993913518304,0.7623022558624964,0.679215785742694,0.08363498449289898,0.8821317107331955
2023-03-22,26.444589614868164,27.564598386349715,26.21379303359335,26.401626474238157,797295000,24.081242942810057,21.55577522277832,24.878488890655905,23.616969427542255,73.26871065115658,1.2615194631136468,1.098498196585712,0.1630212665279347,26.447023296952693,21.71546258866742,0.1789235823733489,1.0223623622472773,33227829000.0,78.81708344812756,87.25892302519334,0.0102675136605192,0.0102151607930388,0.0379864700324701,0.0194952880292595,0.9498164516072991,0.05018354839270087,0.019806164877154586,0.9801938351228454,0.9801938351228454,0.02175929612542873,3,0.5828749542006731,0.46971830966338546,0.51047552545946,0.7453246865774635,0.4714045207910317,0.7816389486781468
2023-03-23,27.166954040527344,27.474682229522468,26.66639764103161,27.091021036528733,564889000,24.257637882232665,21.781269702911377,25.230560452174583,23.879931250726337,73.83589304192895,1.3506292014482495,1.1489243975582195,0.2017048038900299,26.98331051890264,21.53196524556269,0.2006608935697278,1.040998349622807,33792718000.0,92.4792847850655,88.80692134118112,0.0273161518548594,0.0269497237436203,0.0238150885011775,0.0070609299468915,0.8016796002795962,0.1983203997204038,0.5343916253702947,0.4656083746297053,0.4656083746297053,0.5870892065931306,3,0.7991181349167439,0.42461585456842194,0.040992520061283344,0.699179388978372,0.9428090415820634,0.2979270044889795
2023-03-24,26.75531578063965,27.14297311837725,26.331690982855743,27.007093717949058,454920000,24.43233118057251,21.996693420410157,25.465138195015363,24.09292269738658,73.0346261228884,1.3722154976287833,1.1935826175723323,0.1786328800564507,27.331506490817077,21.533155870327946,0.2167177045499445,1.0463601737432635,33337798000.0,84.69390031040714,85.33008951453341,-0.0151521683024757,-0.0152681353304453,0.0237735993179681,0.037267819312805,0.35681693836927253,0.6431830616307275,0.8035978298661475,-0.19640217013385258,0.19640217013385258,0.8828424510379745,3,0.41646667987289976,0.32989242202944974,-0.5262945921633023,0.5789649005122449,0.8392750033698627,0.13246782933151585
2023-03-27,26.50753402709961,26.97611906928059,26.34168048471256,26.81326313262677,361026000,24.583896732330324,22.19697219848633,25.625506784566785,24.27178279588384,73.18082872117866,1.353723988682944,1.2256108917944548,0.1281130968884891,27.587672065019884,21.580121399640763,0.2266355919504766,1.028590155737527,32976772000.0,80.00756183049874,85.72691564199046,-0.0092610289324013,-0.0093041788760521,0.0240519501742706,0.0540499779026308,0.055820507781752855,0.944179492218247,0.05727501223494991,-0.9427249877650501,0.9427249877650501,0.0629230322749323,3,-0.22450626108973204,0.06787221918375254,-1.0105972069488027,0.8206247234255649,0.4714045207910317,0.7517600518645808
2023-03-28,26.386642456054688,26.4895520016458,25.8271382618564,26.42361038825946,356104000,24.743652439117433,22.387081298828125,25.74260458018031,24.42843906700761,67.90936498152567,1.3141655131727037,1.2433218160701045,0.0708436971025989,27.775359594696635,21.71194528353823,0.2297910513342742,1.012104416431118,32620668000.0,77.72111897023845,80.8075270370481,-0.0045606494712533,-0.004571080961383,0.0238040605860736,0.0394924896271557,0.06815614930488424,0.9318438506951158,0.12821204250295715,-0.8717879574970429,0.8717879574970429,0.1408553254489867,3,-0.6703050384653148,0.029045445976539686,-0.9008334034735825,0.8368122626282396,0.0,0.8325574994096759
2023-03-29,26.960134506225582,27.054051235079495,26.573477639400732,26.80127663568218,393694000,24.95795555114746,22.572617225646972,25.929916876494968,24.615972062505232,79.31260818930963,1.3139448139897354,1.2574464156540308,0.0564983983357045,27.979615725688564,21.936295376606356,0.2241576483116839,0.9833440609343188,33014362000.0,88.56767172983524,82.09878417685748,0.0217341805091728,0.0215013606011848,0.0229986281575186,-0.0038170836317972,0.08974238850853711,0.9102576114914629,0.22773852235600733,-0.7722614776439927,0.7722614776439927,0.2501963392634267,3,-0.8622581409686948,-0.05511745546995829,-0.7171440221740344,0.5971333428992085,0.0,0.737509711150013
2023-03-30,27.35877799987793,27.474676521126977,27.078026419046346,27.204914890179356,364516000,25.161423206329346,22.77261905670166,26.14974166470773,24.819142872680988,86.93976298635242,1.3305987920267413,1.272076890928573,0.0585219010981683,28.257142343912573,22.06570406874612,0.226305366240922,0.955796770015074,33378878000.0,96.10728397883088,87.46535822630152,0.0147864059639721,0.0146781528747595,0.0226474224704077,-0.0126355639224229,0.9525724845794619,0.04742751542053803,1.2116994069000242e-05,0.999987883005931,0.999987883005931,1.3311878585922268e-05,3,-0.2146871840450344,-0.048198071468779524,1.0481859544747105,0.8135922840587583,0.0,0.9549884282706641
2023-03-31,27.75242805480957,27.809376838135123,27.08102164205275,27.115990527544113,433933000,25.35580377578735,22.992721138000487,26.396308801646473,25.036423256542363,87.74514454094403,1.3598855451041096,1.2896386217636804,0.0702469233404292,28.59367042682889,22.11793712474582,0.2333393420314014,0.9363854275444606,33812811000.0,98.72598816206724,94.46698129024446,0.0143884370469102,0.0142859058256349,0.0223704546630814,-0.0071280488705876,0.4501082448387073,0.5498917551612927,0.9332555492882725,-0.06674445071172752,0.06674445071172752,1.025286014915803,3,0.053660651550070715,-0.19776068373086136,0.13101623301913384,0.821999099105814,0.9428090415820634,0.042707509895245514
2023-04-03,27.940265655517575,27.97523454624746,27.31182228340709,27.48466960367856,398716000,25.57635841369629,23.195122528076173,26.63384062531895,25.25152269350349,85.70641436853256,1.3823179318154608,1.3081744837740366,0.0741434480414242,28.890377535477263,22.26233929191532,0.2372217331531726,0.8943510647681975,34211527000.0,99.24569250313634,98.0263215480115,0.0067683303362515,0.0067455280197313,0.0217754640669257,-0.0284640746723303,0.9499789387777103,0.05002106122228961,0.018668108847554876,0.9813318911524451,0.9813318911524451,0.020509013786117653,3,0.6381917744822166,-0.12408589565618422,1.1054177868086295,0.9095614396363466,0.4714045207910317,0.7825464721562981
2023-04-04,27.4287166595459,27.97523371673916,27.282845889494656,27.941263393705515,368592000,25.784424209594725,23.360241508483888,26.756129245969248,25.41279632061774,77.74903929910677,1.3433329253515076,1.315206172089531,0.0281267532619766,29.00939425575963,22.55945416342982,0.2351528207603933,0.8777230711488819,33842935000.0,86.67799403517259,94.8832249001254,-0.0183086661479419,-0.0184783440173816,0.0221778106576576,-0.0348959604944095,0.6448539714295475,0.3551460285704525,0.8011683875673222,0.19883161243267775,0.19883161243267775,0.8801734358738751,3,0.37113968429113225,-0.06762392671810848,0.26645553915078624,0.7489376543442621,0.816496580927726,0.13562026274191052
2023-04-05,26.85722541809082,26.97412061023067,26.371655203421952,26.80527136414144,515015000,25.919304847717285,23.512492179870605,26.77168250321872,25.51979106857871,63.21498925781432,1.2518914346400116,1.3025432245996271,-0.0506517899596155,29.08321599025546,22.75539370517911,0.2356096799490679,0.8323344661598764,33327920000.0,61.01046848376893,82.31138500735928,-0.0208355078565509,-0.0210556299899673,0.0219316001142217,-0.0155501902183813,0.20062756148304914,0.7993724385169508,0.5392077644495914,-0.46079223555040855,0.46079223555040855,0.5923802761695807,3,0.2397904226782385,0.0012236093125545919,-0.46201584486296315,0.6467378319979833,0.9428090415820634,0.29484532046592404
2023-04-06,27.013084411621097,27.05604564313856,26.40362339232595,26.560484102488175,397654000,26.09919548034668,23.666701278686524,26.808821258357547,25.630405390285553,63.01069641114764,1.178415868071994,1.2777177532941006,-0.0993018852221065,29.06666984119719,23.13172111949617,0.2197064441537002,0.8177046559968001,33725574000.0,66.44590633651767,71.37812295181972,0.0058032425577843,0.0057864686099304,0.0201980151847551,-0.0103191948165581,0.19821521355336022,0.8017847864466398,0.5341710505884971,-0.4658289494115029,0.4658289494115029,0.5868468804272775,3,-0.24259652417641078,0.05921775332477459,-0.5250467027362775,0.5977768225178902,0.9428090415820634,0.29806814280948124
2023-04-10,27.554607391357425,27.59657006024275,26.645412420852104,26.7992755400983,395279000,26.329691410064697,23.822170906066894,26.923557586511375,25.77293887184643,65.52040912436942,1.1506187146649438,1.2522979455682692,-0.1016792309033254,28.96279197719813,23.69659084293127,0.1911187141762221,0.8218437464073703,34120853000.0,83.92516526095169,70.46051336041275,0.0200466918728972,0.0198484025944524,0.0193002145739632,-0.0209216733406938,0.8680094813164705,0.13199051868352946,0.3721758180250585,0.6278241819749415,0.6278241819749415,0.40887692722743546,6,-0.09959900099565622,0.2592299904131938,0.3685941915617477,0.6462728152541237,0.708577652553446,0.4296313996491876
2023-04-11,27.14497184753418,27.765422913048063,27.102008703659926,27.6994812999418,314378000,26.53965578079224,23.95819969177246,26.95762131897642,25.874570944119597,58.786239566353615,1.0830503748568248,1.2184484314259805,-0.1353980565691557,28.65547422715326,24.423837334431216,0.1558902663996109,0.7970800793271303,33806475000.0,61.348906687293486,70.57332609492094,-0.0148663175637089,-0.0149779288094986,0.0199562317927195,0.0183296077518888,0.45015215268497216,0.5498478473150278,0.933314681328173,-0.06668531867182698,0.06668531867182698,1.0253509781014916,3,0.031769971297204325,0.10684810445922834,-0.1735334231310553,0.4641970885242887,0.9428090415820634,0.042669673308799054
2023-04-12,26.47156524658203,27.44370417314176,26.42460593521108,27.345791283837347,446259000,26.661148262023925,24.104794960021973,26.882843461684978,25.918792744302,50.22784370822909,0.9640507173829782,1.16756888861738,-0.2035181712344018,28.4223673009186,24.89992922312925,0.1330649716017138,0.7706749925626151,33360216000.0,29.99991150807808,58.424661152107745,-0.0248077840984506,-0.0251206829003063,0.0190416325229493,0.0541989306797945,0.19878672857990518,0.8012132714200949,0.5353684554215934,-0.4646315445784066,0.4646315445784066,0.5881623640914276,3,0.03216910624156973,0.050007091049702745,-0.5146386356281094,0.475920396622613,0.9428090415820634,0.29730196407532783
2023-04-13,26.43959045410156,26.863215174744923,26.30571011723808,26.710350638891573,353615000,26.7727991104126,24.243258590698243,26.81465069128753,25.9573703524353,43.045404593812066,0.8572803388522274,1.1055111786643497,-0.2482308398121222,28.111205207461595,25.434393013363604,0.1012425740385376,0.7369187384806537,33006601000.0,28.511393851866607,39.95340401574605,-0.0012078920223501,-0.001208622111891,0.0190854922160569,0.0242226928947999,0.19782046303693118,0.8021795369630689,0.5333424742146682,-0.4666575257853318,0.4666575257853318,0.5859365962408889,3,-0.3326581296785214,-0.15684853994140827,-0.3098089858439236,0.4768349383924513,0.9428090415820634,0.29859832072400333
2023-04-14,26.734331130981445,26.85922056456347,26.196806902127364,26.48055609160332,395660000,26.833595180511473,24.35952667236328,26.802293835855824,26.01492300269798,49.794770066708,0.7873708331578442,1.0418831095630483,-0.2545122764052043,28.03560100459723,25.631589356425717,0.089922266481752,0.7245723531066898,33402261000.0,42.23241180084674,33.58123905359714,0.0111477020565633,0.011086024378935,0.0152366668607648,0.013491395741116,0.8451052736025224,0.15489472639747764,0.4344281659647773,0.5655718340352227,0.5655718340352227,0.4772681216724534,3,-0.12190574544283812,-0.10445707971247324,0.6700289137476959,0.5349054661303158,0.4291096661947442,0.4590011865538004
2023-04-17,26.978118896484375,26.982115069024893,26.409621904454085,26.541505126599592,321471000,26.89738883972168,24.465366706848144,26.829343845183296,26.08627084668216,54.60591640388619,0.7430729985011375,0.9821210873506664,-0.2390480888495288,27.9756357962502,25.81914188319316,0.0799349250899054,0.7201476802497453,33723732000.0,53.581426608092606,41.44174408693531,0.0091189027437612,0.0090775765929122,0.0152741450465242,0.0014813030036684,0.7550966938776617,0.24490330612233835,0.6246725504481063,0.3753274495518936,0.3753274495518936,0.6862729403159393,3,0.1580805859339286,0.014988589587855625,0.36033885996403797,0.4738642555164074,0.8955419357123644,0.24608911274135636
2023-04-18,27.642528533935547,28.08513749604695,27.332803260522113,27.508648184223265,604812000,26.985660552978516,24.596662063598632,26.954449181914413,26.201549193886112,61.11010231630462,0.7528999880283003,0.9362768674861932,-0.1833768794578929,27.999337820908632,25.9719832850484,0.0733418628245725,0.7506207398439858,34328544000.0,76.56083292288912,57.458223777276146,0.0246277229335567,0.0243293494803231,0.0160371838353923,-0.0515415197473256,0.44799281828829973,0.5520071817117002,0.9304053817134252,-0.06959461828657482,0.06959461828657482,1.0221547857933124,3,0.2904348884335142,0.07159349403427392,-0.14118811232084874,0.4739508670618718,0.9428090415820634,0.04453123544258169
2023-04-19,27.906295776367188,27.97523499223703,27.20791461166313,27.33680022607394,358660000,27.072183895111085,24.7334525680542,27.100887119522532,26.32782671851434,58.85541406930844,0.7730604010081912,0.9036335741905928,-0.1305731731824017,28.09021489505498,26.05415289516719,0.0729606686678945,0.7577572828117783,34687204000.0,90.52910961878584,73.55712304992251,0.0095420808594923,0.0094968427553509,0.0159900266377348,-0.0349074727686594,0.9525741012717605,0.04742589872823948,1.8852409122693814e-07,0.9999998114759088,0.9999998114759088,2.0711488333190204e-07,3,0.43524421424707627,0.12476144110584067,0.8752383703700681,0.5676151563061378,0.0,0.9549998199594928
2023-04-20,27.080028533935547,28.005210147455717,26.976120423056457,27.646526498743864,427713000,27.103955841064455,24.832060623168942,27.097678106355303,26.383545371508504,47.5844511188691,0.7141327348467996,0.8657334063218343,-0.1516006714750346,28.078239559797403,26.129672122331502,0.0719558856824701,0.7945106906330549,34259491000.0,46.77261673270694,71.28751975812729,-0.0296086320109663,-0.0300558167040678,0.0174944309379893,0.0045012112496261,0.44982314545307167,0.5501768545469284,0.9328715717168274,-0.06712842828317259,0.06712842828317259,1.0248641724372405,3,0.2877589216353875,0.12469813973279131,-0.1918265680159639,0.452515527573312,0.9428090415820634,0.04295320411786888
2023-04-21,27.095014572143555,27.158959050915872,26.6983663319222,26.928162455219432,345103000,27.100358867645262,24.93032913208008,27.097268331861187,26.43624679377777,43.90294197814693,0.6610215380834212,0.8247910326741517,-0.1637694945907304,28.07419437094811,26.126523364342415,0.071883002735422,0.7753847994124337,34604594000.0,47.5662297922171,61.622652047903294,0.0005533981690317,0.0005532451007342,0.0163911858422923,0.0232309940501596,0.5498343324677064,0.4501656675322937,0.9333328819760129,0.06666711802398706,0.06666711802398706,1.0253709735568703,3,0.3331795004055748,0.2005979486759904,-0.13393083065200334,0.4510869673530108,0.9428090415820634,0.04265802733165133
2023-04-24,27.018081665039062,27.341794498427166,26.647409518060194,26.989107985798988,339282000,27.113497161865233,25.02442169189453,27.085085767734707,26.479345673130453,41.267743804609225,0.6057400946042542,0.7809808450601722,-0.175240750455918,28.07474104364938,26.152253280081087,0.0711555982176172,0.7775971363786193,34265312000.0,43.49210700294098,45.94365117595501,-0.0028393750038276,-0.0028434136757148,0.0160193219196018,0.0690778197019523,0.3821658143454581,0.6178341856545418,0.8398781566462541,-0.16012184335374594,0.16012184335374594,0.9227004638754944,3,-0.053527717870976745,0.24438876045193125,-0.40451060380567716,0.4798196469901978,0.7452407315351683,0.11303053530122285
2023-04-25,26.217790603637695,27.2229013742331,26.201805913337573,27.054050219721624,378527000,27.09900999069214,25.123925819396973,26.951655742489013,26.459971223538396,39.12811766868748,0.4916845189506169,0.7231215798382612,-0.2314370608876442,28.106336092331137,26.091683889053144,0.0768429435468318,0.8010762530679779,33886785000.0,1.111230288106695,30.723189027754916,-0.029620573041532,-0.0300681221556925,0.0172771873480866,0.0750353220246109,0.30126102672836413,0.6987389732716359,0.7195666145622308,-0.2804333854377692,0.2804333854377692,0.790524725273376,3,-0.12462937025584227,0.12353087195578956,-0.40396425739355873,0.512527994864208,0.7544264109391093,0.19709782977551982
2023-04-26,26.932157516479492,27.30582727234872,26.68138006807285,26.978118263771744,406337000,27.126285743713375,25.22726837158203,26.948656015410624,26.494947985978477,50.65592402999957,0.4537080294321463,0.6692388697570383,-0.215530840324892,28.080538917241263,26.172032570185493,0.0708634778289847,0.8032887682527693,34293122000.0,38.941836579385765,27.848391290144477,0.0272474108761353,0.0268828083363808,0.0183079554923721,0.0313844549162771,0.04742587837042008,0.9525741216295799,3.8315161488000626e-08,-0.9999999616848385,0.9999999616848385,4.2093507253020585e-08,3,-0.4801850634921174,-0.07294447250660076,-0.9270554891782378,0.4177100762453989,0.0,0.9549999634090207
2023-04-27,27.201921463012695,27.470684568616697,26.601453148375764,27.338801338428016,377161000,27.138375091552735,25.31237110137939,26.987619930426327,26.547316391684717,51.62068134627714,0.4403035387416096,0.6234518035539526,-0.1831482648123429,28.089887715340968,26.186862467764502,0.0699592214529429,0.8187751374976495,34670283000.0,53.22767970764853,31.093582191713654,0.0100164253965964,0.009966593489838,0.0177960196332778,0.0123411464360938,0.8021820711432032,0.1978179288567968,0.5333371509810058,0.46666284901899424,0.46666284901899424,0.5859307480709719,3,-0.2712568327012041,0.0036637371084805343,0.4629991119105137,0.5389547777481373,0.9428090415820634,0.2986017268806484
2023-04-28,27.724458694458008,27.73344960649909,27.047056930698307,27.20092196442208,292216000,27.15665912628174,25.41206024169922,27.100979740277356,26.634512117816072,51.4625035424097,0.466467622461284,0.5920549673354188,-0.1255873448741348,28.139540789331935,26.17377746323154,0.0709035782362575,0.7998633543840877,34962499000.0,80.8995944058036,57.68970356427929,0.0192095706237451,0.0190273961210932,0.0180078535442483,0.0335505907186086,0.7096101248147553,0.2903898751852447,0.7021695726812346,0.2978304273187654,0.2978304273187654,0.7714121212764398,3,-0.07850222844902588,-0.09664617491396851,0.39447660223273395,0.5743141665278746,0.8545978352276143,0.19935299713699628
2023-05-01,28.884431838989254,29.032301664294753,27.755432049658587,27.815378452063833,570329000,27.213259315490724,25.550172691345217,27.375356986233033,26.801172837902975,63.263729901951386,0.5741841483300583,0.5884808035343467,-0.0142966552042884,28.440575945946573,25.985942685034875,0.0849811855256348,0.845893980130417,35532828000.0,94.78504322327449,76.30410577890886,0.0418393432786163,0.0409877503294736,0.0200292517523948,0.0083360401686212,0.8021693385143784,0.19783066148562156,0.533363896294494,0.466636103705506,0.466636103705506,0.5859601308010344,3,0.41037646001442224,-0.020394098915585857,0.48703020262109187,0.6329263508056602,0.9428090415820634,0.29858461346180576
2023-05-02,28.18505096435547,28.810498704607458,28.058164377201287,28.654636529358847,402730000,27.225498580932616,25.68656467437744,27.49992529055956,26.90368232875131,63.01411959774797,0.596242961808251,0.5900332351891276,0.0062097266191233,28.48772708865528,25.96327007320995,0.0895672325956731,0.8321203532630805,35130098000.0,70.11982840014619,81.93482200974141,-0.0242130736215395,-0.0245110295396496,0.0208383467228318,0.0127967060348306,0.6456563055755528,0.3543436944244472,0.8000000009473884,0.1999999990526115,0.1999999990526115,0.8788898319753004,3,0.3214888433589614,-0.0013465444829252168,0.20134654353553672,0.6178696948896568,0.816496580927726,0.13641720291878107
2023-05-03,27.777408599853516,28.341909379215185,27.44770056792737,27.815375094782077,383387000,27.242933177947997,25.829448318481447,27.54261503045094,26.9684027932774,59.612354749548686,0.5742122371735405,0.5868690355860102,-0.0126567984124696,28.526433868301915,25.95943248759408,0.0924132779153982,0.8561706213902927,34746711000.0,55.74341798327079,73.54942986889715,-0.0144630699805184,-0.0145686797079289,0.0206713523530255,0.0389541920334055,0.35459665161595294,0.6454033483840471,0.800368494402676,-0.19963150559732398,0.19963150559732398,0.8792946634135731,3,0.15566819905359827,-0.006990781946293509,-0.19264072365103047,0.27420875557441193,0.816496580927726,0.13616585868526948
2023-05-04,27.53762435913086,27.834360670007325,27.215908633799796,27.62654444288627,321850000,27.276953125,25.9655583190918,27.541847234863233,27.01056735371099,55.81768496872644,0.5312798811522441,0.575751204699257,-0.0444713235470128,28.55345755305133,26.000448696948663,0.0927098439141916,0.8530305052311087,34424861000.0,47.19379793697337,57.68568144013011,-0.0086323473934109,-0.0086698219221287,0.0201721239806824,0.0368621726838294,0.04820693747753884,0.9517930625224612,0.0057184339686261465,-0.9942815660313739,0.9942815660313739,0.006282341829869833,3,-0.3313043575253617,-0.10896909345966561,-0.8853124725717082,0.5840316009922369,0.0,0.949538895559962
2023-05-05,28.654630661010746,28.72956317440286,27.706470718340587,27.801385997568502,361494000,27.35903043746948,26.065869827270507,27.713044685039772,27.132349820918375,60.77850211440837,0.5806948641213943,0.5767399365836845,0.0039549275377097,28.76829204900853,25.94976882593044,0.0983618758315787,0.8972766231383366,34786355000.0,86.65707220995242,63.198096043398856,0.0405629144806569,0.0397618306465083,0.0219834928457391,-0.0118548021374028,0.2083111307876088,0.7916888692123912,0.5549547701471024,-0.44504522985289763,0.44504522985289763,0.6096801301385929,3,-0.546319433827198,-0.029689846055102626,-0.415355383797795,0.5690300933316462,0.9428090415820634,0.28476934569235735
2023-05-08,29.125213623046875,29.194152833187378,28.324923456766907,28.496770293145723,344979000,27.43756074905395,26.18314510345459,27.930301444733175,27.279969361816782,59.77601110140744,0.650332082916389,0.5914583658502254,0.0588737170661636,29.052712648687173,25.822408849420736,0.1109109049318796,0.8802916786281862,35131334000.0,97.6961491109151,77.18233975261363,0.0164225799174733,0.0162891877990392,0.0218517111922342,-0.0067920104780615,0.9356596781513288,0.06434032184867129,0.10764490182188369,0.8923550981781163,0.8923550981781163,0.11826001195399362,3,-0.18232389923538464,0.031123332396200527,0.8612317657819157,0.7076468814807525,0.10353403821220074,0.8213180531159617
2023-05-09,28.545726776123047,28.94737161540953,28.42483542221699,28.873437666396427,314869000,27.5075984954834,26.284535179138185,28.024982264947003,27.373729170283916,54.04754283221743,0.6512530946630868,0.6034173116127977,0.0478357830502891,29.189434418357468,25.82576257260933,0.1178345141508769,0.8755100943607564,34816465000.0,78.33051864587337,87.5612466555803,-0.0198963981663392,-0.0200969967482818,0.0220957695393691,0.0224704604019916,0.9499761888496023,0.05002381115039774,0.018687398388760545,0.9813126016112395,0.9813126016112395,0.02053020551312897,3,0.4762074899788198,0.1287636430094111,0.8525489586018283,0.8623758128255882,0.4714045207910317,0.782531090038835
2023-05-10,28.859455108642575,29.08725411185413,28.435830296315775,28.979347916687313,369350000,27.626992988586423,26.397893714904782,28.15336270243863,27.48378294349567,62.04518669840381,0.6695797589429624,0.6166498010788306,0.0529299578641317,29.337934117693127,25.91605185947973,0.1185705774877449,0.8485339580135486,35185815000.0,88.81487560106339,88.28051445261728,0.0109903781739391,0.0109304228554982,0.021176748001499,0.0447635285849281,0.14994163548264194,0.8500583645173582,0.4216470367769726,-0.5783529632230274,0.5783529632230274,0.4632266160836765,3,0.4317715788554432,-0.020520509408950813,-0.5578324538140766,0.9050245007613298,0.8531505652577861,0.38740072373620943
2023-05-11,28.55272102355957,28.92439362497088,28.221015861335896,28.87044053584294,322149000,27.732649517059325,26.515466690063477,28.214802444149544,27.56296354201892,59.49248721140861,0.6518389021306241,0.6236876212891893,0.0281512808414348,29.39514918386942,26.07014985024923,0.1164512247668672,0.8658757469164995,34863666000.0,78.56425649851971,81.90321691515216,-0.010628547348808,-0.0106854337974403,0.0214147573676753,0.1084751088671636,0.9460965570809268,0.05390344291907311,0.044949906428479514,0.9550500935715205,0.9550500935715205,0.04938251957680926,3,0.4526699106532446,0.08734378980803618,0.8677063037634843,0.7987669183506445,0.08965847632427718,0.8834515679849557
2023-05-12,28.3149356842041,28.754547072904792,28.02119507868358,28.503767705541893,274222000,27.811679744720458,26.615976905822755,28.230207558004093,27.618665182180784,58.27174048889032,0.6115423758233085,0.6212585721960132,-0.0097161963727047,29.423873507919566,26.19948598152135,0.1138758555682324,0.8686591050489453,34589444000.0,70.61780691746849,79.33231300568386,-0.0083279397140211,-0.0083628107414633,0.0215184729740162,0.1031756365921034,0.5705665550692226,0.4294334449307774,0.9052789821859315,0.09472101781406855,0.09472101781406855,0.9945506145024232,3,0.1571393827208543,0.12939415029537799,-0.03467313248130943,0.6919124617659711,0.9428090415820634,0.060608766158761235
2023-05-15,28.92739486694336,28.9433814645489,28.12710453307319,28.482788702423957,293926000,27.90914354324341,26.71722846984863,28.33746714399475,27.715608121792823,67.7069805706189,0.6218590222019245,0.6213786621971955,0.0004803600047289,29.544674306844744,26.273612779642075,0.1130783308434268,0.8540292100903868,34883370000.0,89.71118912445453,79.63108418014757,0.0216302515947768,0.0213996372738597,0.0218816065435494,0.0767795094988976,0.05266387345155611,0.9473361265484439,0.036758579578314965,-0.963241420421685,0.963241420421685,0.040383427238721445,3,0.02884323032130176,0.1338284568110478,-1.0970698772327327,0.8801240534581833,0.0,0.9198955565027092
2023-05-16,29.187162399291992,29.84358282076136,28.80650075563799,28.81549166758805,449405000,27.98637523651123,26.830388259887695,28.468189490963557,27.82461214234832,65.66708387833094,0.6435773486152385,0.6258183994808041,0.0177589491344344,29.712278089061,26.260472383961456,0.1182645184166062,0.8503895955484112,35332775000.0,79.75341862918457,80.02747155703587,0.0089799836294792,0.0089399033446492,0.021368447374764,0.0504911001674956,0.952571599669037,0.047428400330963044,1.8645981017639812e-05,0.9999813540189824,0.9999813540189824,2.0484703880251406e-05,3,0.043820317137122346,0.3402608259356021,0.6597205280833802,0.8848356793362279,0.0,0.9549821930881282
2023-05-17,30.15130615234375,30.172287485743233,29.403968588740156,29.557831700336376,432535000,28.09862575531006,26.968066368103027,28.727130515791277,27.996959846792425,68.68825315701267,0.7301706689988521,0.6466888533844137,0.0834818156144383,30.076265373859385,26.120986136760735,0.1311810246996941,0.8586677145634332,35765310000.0,99.32864683026663,89.59775152796858,0.0330331444990057,0.0324992752946025,0.022372565865892,0.0119293004641709,0.9397732829552954,0.06022671704470457,0.08415913358795457,0.9158408664120454,0.9158408664120454,0.09245825836338796,3,0.31752693333644794,0.34361593568330623,0.5722249307287393,0.8493779123607625,0.43565023019287996,0.7412668619054354
2023-05-18,31.649980545043945,31.799847490043984,30.293181883981152,30.383102432113493,748725000,28.32712335586548,27.117873725891112,29.17679975106092,28.267553972588836,72.13519629647304,0.9092457784720837,0.6992002384019478,0.2100455400701357,30.802598224208825,25.851648487522137,0.1564282078985971,0.9273926189848226,36514035000.0,96.7306076571419,91.93755770553103,0.049705123390938,0.0485092898621632,0.0230983004131738,0.1989392362947273,0.45016591951996515,0.5498340804800349,0.9333332213306536,-0.06666677866934648,0.06666677866934648,1.0253713463760488,3,0.6163851472538942,0.19390459564322257,-0.26057137431256905,0.8043085150585152,0.9428090415820634,0.04265781019012846
2023-05-19,31.236347198486328,31.552067683944458,30.888655428377344,31.508105976511025,473908000,28.534189987182614,27.274295234680174,29.49365320451098,28.487464581914576,64.48079360498494,1.0061886225964043,0.7605979152408392,0.2455907073555653,31.25625749392492,25.812122480440316,0.1742884652578205,0.8883556294726694,36040127000.0,87.70707223402134,94.58877557380995,-0.0130689921268336,-0.0131551428295569,0.0235287146597615,0.2457141614970701,0.9525741267889358,0.047425873211064264,2.471591820096819e-10,0.9999999997528408,0.9999999997528408,2.7153211461299456e-10,3,0.6163913624985137,0.4193835903540609,0.5806164093987799,0.874595814488743,0.0,0.954999999763963
2023-05-22,31.148426055908203,31.49212165768894,30.652864468171376,30.87366776329227,372000000,28.740707206726075,27.438369979858397,29.748233643187476,28.684572839247437,69.73123600496271,1.0636608039400386,0.8212104929806792,0.2424503109593594,31.60164202699537,25.87977238645678,0.1836969107289218,0.8892834671676404,35668127000.0,85.7890461582769,90.0755753498134,-0.0028147062785365,-0.0028186750132181,0.0235281504204552,0.286598787342599,0.4102409065031677,0.5897590934968323,0.8790101421902291,-0.12098985780977094,0.12098985780977094,0.9656913440740882,3,0.27078112109124153,0.26566359729959066,-0.3866534551093616,0.5850710886572775,0.816496580927726,0.08252549031066843
2023-05-23,30.66085433959961,31.260323984561705,30.60390555229095,30.972578631206357,356253000,28.96286039352417,27.59267337799072,29.88863682725088,28.830964061495745,68.9968352330456,1.057672765755136,0.8685029475355706,0.1891698182195653,31.68560356425403,26.24011722279431,0.1776038684749458,0.8722984400949932,35311874000.0,75.15252303934254,82.88288047721359,-0.0156531734680093,-0.0157769780436324,0.0225588292734401,0.2328598769850398,0.9446495462903958,0.05535045370960415,0.05429028266595359,0.9457097173340464,0.9457097173340464,0.05964397169208189,3,0.6082399530923724,0.38723341151673035,0.5584763058173161,0.5749505627976261,0.0,0.9031527800540142
2023-05-24,30.510990142822266,30.579929358273947,29.77963722467679,30.18327922775207,721419000,29.141802024841308,27.722058868408205,29.98438349118494,28.9554104378903,69.82413238422896,1.0289730532946386,0.9005969686873843,0.1283760846072543,31.771425518915848,26.512178530766768,0.1723722161598325,0.8910673742889426,34590455000.0,68.51359110609026,76.4850534345699,-0.0048878023788068,-0.0048997867523013,0.0222655556962454,0.302311886578515,0.16367736778465394,0.836322632215346,0.45629425275469404,-0.543705747245306,0.543705747245306,0.5012904733249394,3,0.09367137075965688,0.4471670791133559,-0.9908728263586619,0.6917618673386412,0.8701252603378251,0.36110795256680606
2023-05-25,37.94640350341797,39.44507664562874,36.60259203294565,38.48892244912427,1543911000,29.679026126861572,27.99685546875,31.2093096469131,29.621409924225684,83.62255769678272,1.587899722687414,1.0380575194873902,0.5498422032000239,34.286378250527,25.071674003196147,0.2428347194089382,1.4440779233985477,36134366000.0,86.8812265402333,76.8491135618887,0.2436962329242824,0.2180877787466081,0.0575569774664385,0.0354661740499195,0.747821977688553,0.25217802231144704,0.6376567746465429,0.3623432253534571,0.3623432253534571,0.7005375685791636,3,0.2547823984807329,0.3560759178754238,0.006267307478033279,0.6700353161472311,0.9428090415820634,0.2318511384428684
2023-05-26,38.91156005859375,39.135361004641894,37.51679460203459,37.85649409999652,714397000,30.23838119506836,28.2647184753418,32.39427124871012,30.309569193438133,84.18849244968725,2.084702055271986,1.2473864266443095,0.8373156286276766,36.32535316141299,24.15140922872373,0.3128618825448661,1.4976019966976075,36848763000.0,95.32981338381512,83.57487701004622,0.0254347307272175,0.0251166502124589,0.0575796992086587,0.0057769121935227,0.6456563062257954,0.3543436937742046,0.8,0.19999999999999996,0.19999999999999996,0.8788898309344879,3,0.006212492702717416,0.25381293695941726,-0.0538129369594173,0.5553520612891218,0.816496580927726,0.13641720356498147
2023-05-30,40.07552719116211,41.90091111611417,39.91367170883157,40.55910031587385,923401000,30.797935962677,28.552184104919434,33.57600293216427,31.032973489565833,88.6988643794272,2.5430294425984385,1.5065150298351353,1.0365144127633033,38.262484644999546,23.333387280354454,0.3725240417532777,1.6611000578897888,37772164000.0,86.84854992063322,89.6865299482272,0.0299131448550413,0.0294744733025043,0.0573865421540185,-0.0363243878788362,0.8315533194833976,0.1684466805166025,0.46777461419390864,0.5322253858060914,0.5322253858060914,0.5139029394804121,6,0.3648562037198498,0.3393689604559084,0.19285642535018294,0.5469445550315813,0.7162911550614879,0.362903875955402
2023-05-31,37.800537109375,40.259358998541856,37.78854668617227,39.45307354763965,1002580000,31.278710269927977,28.790652961730956,34.22593126711977,31.534274498440585,76.51868129492146,2.6916567686791844,1.743543377603945,0.9481133910752392,39.25570270556045,23.301717834295506,0.4220570947207034,1.7910563790920198,36769584000.0,70.45779613656411,84.21205314700414,-0.0567675646769486,-0.0584425417549878,0.0590802867701761,-0.0093865448456704,0.952568031173759,0.04743196882624096,4.497363984679037e-05,0.9999550263601532,0.9999550263601532,4.9408593401817665e-05,3,0.5773934707220819,0.33936253568552444,0.6605924906746288,0.5632661987966876,0.0,0.9549570501739462
2023-06-01,39.734825134277344,40.01457626339759,38.306089619716126,38.45495609590561,635873000,31.87658109664917,29.061832885742188,35.07345340052863,32.141722693687754,80.24538683703304,2.931730706840874,1.981180843451331,0.9505498633895428,40.513731140944934,23.239431052353403,0.4347395522747579,1.8989607641197064,37405457000.0,84.39387393200766,80.56673999640167,0.051170913770498,0.049904698816787,0.0591066902853945,-0.0315820114079486,0.04858564325452472,0.9514143567454753,0.008459468990004049,-0.991540531009996,0.991540531009996,0.00929367658802525,3,0.18021329371874992,0.21499815379977802,-1.2065386848097739,0.7406593020723753,0.0,0.9469212071145462
2023-06-02,39.29221725463867,40.46418014077918,39.0234541630698,40.06153669245179,482731000,32.46431074142456,29.3187854385376,35.72249399346863,32.67138895746189,79.36600422886795,3.0511050360067387,2.195165681962413,0.8559393540443261,41.45094766951356,23.477673813335564,0.4574257985926245,1.949487477226004,36922726000.0,81.0604726692034,78.63738091259172,-0.0111390418390656,-0.0112015455533687,0.0591722017287334,-0.0140612544257554,0.6456501625681308,0.35434983743186915,0.8000089511317484,0.1999910488682516,0.1999910488682516,0.8788996647578241,3,0.06946851473946998,0.10846691544752161,0.09152413342072997,0.7364383292236083,0.816496580927726,0.1364110981231722
2023-06-05,39.136348724365234,39.529997366291504,38.672758501671474,38.87457946654427,396094000,32.988396644592285,29.558173332214356,36.24770241360657,33.1502748661214,77.99448266872564,3.097427547485168,2.3756180550669637,0.7218094924182044,42.25767145208464,23.719121837099927,0.4736913437058352,1.9524133295934551,36526632000.0,78.88746177619196,81.44726945913435,-0.0039669059463687,-0.0039747949880648,0.0591724596463972,0.0080440698098194,0.40223336284000044,0.5977666371599996,0.8679439952812597,-0.13205600471874038,0.13205600471874038,0.9535339390916877,3,-0.3078684956201612,0.16727402152274526,-0.29933002624148564,0.7499481749998602,0.9428090415820634,0.08449815779607936
2023-06-06,38.61980819702149,39.125361136510946,38.11425525753202,38.79565501764921,388729000,33.46312637329102,29.795463180541994,36.61264176490117,33.55542548322511,75.5065412824324,3.0572162816760624,2.5119377003887835,0.5452785812872789,42.87083497207797,24.05541777450406,0.4871960290839827,1.9513427154298728,36137903000.0,73.7447546658471,77.89756303708081,-0.0131984854024506,-0.0132863594704426,0.0595621283946473,0.0613712966410051,0.93154049192812,0.06845950807187991,0.12980092958518408,0.8701990704148159,0.8701990704148159,0.14260089632282724,3,0.31271137152144274,0.23982485653151084,0.6303742138833051,0.8090972523981317,0.43358442491919985,0.7049259950425872
2023-06-07,37.44572067260742,39.468141471393565,37.32681416120832,38.88459809447063,511998000,33.90812606811524,30.01422691345215,36.74080775070213,33.843595497253425,69.50317257537101,2.897212253448707,2.5889926110007684,0.3082196424479386,43.17741212607511,24.638840010155363,0.4950785238720542,2.03392858855373,35625905000.0,63.24486614161569,71.95902752788491,-0.0304011744031554,-0.0308728748921971,0.0599377780452289,0.1473519562770453,0.7197844258797151,0.2802155741202848,0.685535818612288,0.31446418138771204,0.31446418138771204,0.7531380746496118,3,0.35086908236126285,0.2561768824440411,0.05828729894367096,0.6861289501333979,0.9428090415820634,0.2012149623692422
2023-06-08,38.47991943359375,38.833643027365426,37.47570715034152,37.694534053593046,417772000,34.389149284362794,30.25609245300293,37.00836339422392,34.1870268999453,68.72641513531582,2.8213364942786185,2.6354613876563384,0.1858751066222801,43.55318601317799,25.225112555547593,0.4763022825258209,2.0153129469149995,36043677000.0,71.7769624391144,69.5888610821924,0.0276186101484987,0.0272440963937073,0.0599918341470246,0.1075825197674695,0.05296124141023731,0.9470387585897627,0.0387401105899986,-0.9612598894100014,0.9612598894100014,0.042560361558534036,3,0.07446778746417593,0.04282184312745642,-1.0040817325374578,0.6746507083483265,0.0,0.9180031943865514
2023-06-09,38.73971939086914,39.679982507586125,38.53687882707075,39.0065091445359,427717000,34.898499202728274,30.4916841506958,37.27472585524626,34.524263380754476,70.747864996193,2.7504624744917834,2.6584616050234273,0.092000869468356,43.82601753727528,25.970980868181265,0.4608974187175555,2.046651372438269,36471394000.0,73.92030116391199,69.64737658154736,0.0067515722771649,0.0067288824836576,0.0597107782970555,0.1011604188319792,0.9523256548543537,0.0476743451456463,0.0018287882887317863,0.9981712117112682,0.9981712117112682,0.002009129287373064,3,0.11712516789632665,0.04256701246333001,0.9556041992479382,0.7994574929568851,0.0,0.953253507184261
2023-06-12,39.45116424560547,39.49912709454757,38.58784058808382,39.16938679625348,388701000,35.45531063079834,30.733531875610353,37.60956253068614,34.88921900037307,72.19295236696915,2.720343530313073,2.6708379900813566,0.0495055402317166,44.03632324711462,26.87429801448205,0.4350194870242461,2.0517963236487105,36860095000.0,79.78969130433451,75.16231830245363,0.0183647394953514,0.0181981442281821,0.0594151385329566,0.1095688929466056,0.6283187747418528,0.37168122525814723,0.824996308261215,0.17500369173878505,0.17500369173878505,0.9063510823615948,3,0.070638338013351,0.20921618714172732,-0.03421249540294227,0.7773417215101986,0.816496580927726,0.11936757120276555
2023-06-13,40.98995590209961,41.06889657145173,39.70895962649225,40.15461038931082,613208000,36.05843868255615,30.998282432556152,38.12962304936514,35.341125437538,76.14033402183891,2.7884976118271396,2.6943699144305135,0.094127697396626,44.3998860938664,27.716991271245902,0.4069995796644894,2.1204616017612468,37473303000.0,92.4846577752614,82.06488341450263,0.0390049745278568,0.0382634999091484,0.0595943768573902,0.0493150894007232,0.7996933935723424,0.2003066064276576,0.5385402762069746,0.46145972379302536,0.46145972379302536,0.5916469653837004,3,0.5448782090810266,0.24656885498812356,0.2148908688049018,0.7189680603116868,0.9428090415820634,0.2952724235497391
2023-06-14,42.96342086791992,42.96641687824926,40.52032691306219,40.7921176516414,740465000,36.74725160598755,31.2987455368042,38.87328425221972,35.90573991386258,78.85095704268974,2.9675443383571363,2.749004799215838,0.2185395391412981,44.97402260007979,28.520480611895305,0.3829662921573844,2.232238233922979,38213768000.0,99.95292121638008,90.742423431992,0.0481450863361194,0.0470220174771766,0.0598874788335602,0.0006510040352127,0.9465769573418206,0.0534230426581794,0.041796629573197075,0.9582033704268029,0.9582033704268029,0.045918290874023236,3,0.5315555953195381,0.40232019429462973,0.5558831761321732,0.7983861825754688,0.08363498449289898,0.8882976497016758
2023-06-15,42.619686126708984,43.2551909701653,42.11408081517457,42.56872727104233,568622000,37.37067060470581,31.602564926147465,39.44965377137191,36.40306926296232,66.12706733585733,3.0465845084095946,2.80852074105459,0.2380637673550047,45.379676463406525,29.36166474600509,0.3758359850370469,1.675597066221855,37645146000.0,89.28028927936974,93.90595609033709,-0.0080006371528855,-0.0080328139886858,0.0601575138816315,-0.0104095817451697,0.949985006876625,0.05001499312337507,0.0186255402369897,0.9813744597630103,0.9813744597630103,0.020462247387439222,3,0.8003458513276133,0.4182023927729432,0.563172066990067,0.37622058951272647,0.4714045207910317,0.782580417772784
2023-06-16,42.65864562988281,43.68684099042033,42.62766780743099,43.41605281707227,655709000,37.92110385894775,31.918593330383302,39.94334482652744,36.86644529014161,63.813891623146475,3.076899536385824,2.8621965001208367,0.2147030362649871,45.786573768595936,30.055633949299565,0.3687632269383791,1.6362105277292862,38300855000.0,83.83347446502452,91.02222832025812,0.0009141198989124,0.0009137023457606,0.0598350425041338,-0.0482523553328942,0.6130127345742329,0.38698726542576706,0.846668692236094,0.15333130776390608,0.15333130776390608,0.9301606297211307,3,0.6976363793179069,0.39518341082668523,-0.24185210306277916,0.4057204952224907,0.8285330695552331,0.10396825916685738
2023-06-20,43.77378463745117,43.95564551444472,42.64067141901623,42.96441968644821,451153000,38.547975730896,32.2538073348999,40.53264325897724,37.378100056608986,63.68314493068404,3.1545432023682523,2.92066584057032,0.2338773617979321,46.16471925499703,30.931232206794967,0.348004797263266,1.516612173294148,38752008000.0,97.25651674819994,90.12342683086472,0.0261409848133384,0.0258051494071705,0.0594544459269948,-0.0441016519775321,0.9323365770703046,0.0676634229296953,0.12561728951238238,0.8743827104876176,0.8743827104876176,0.13800469792748296,6,0.6696961593381783,0.6574180679549165,0.2169646425327011,0.36434281644349165,0.46914256939238763,0.6650363333131365
2023-06-21,43.01137924194336,43.58093756834967,42.04713658375585,43.46702437838124,551603000,39.141123390197755,32.56294277191162,40.91398725635664,37.795379996263385,71.7094336015378,3.118607260093256,2.9602541244749077,0.1583531356183485,46.15543007352352,32.12681670687199,0.3261605094721366,1.4634575833888432,38200405000.0,85.7551622142583,88.9483844758276,-0.017416940340487,-0.0175703997182966,0.0598187243094955,-0.0447903469347482,0.8013261115096937,0.19867388849030637,0.5351322448368517,0.46486775516314827,0.46486775516314827,0.5879028602403169,3,0.49752725780489104,0.5812318598766136,-0.11636410471346537,0.3638211320759886,0.9428090415820634,0.2974531072157334
2023-06-22,42.99139022827149,43.39207412960286,42.20100779460612,42.21999014630877,417737000,39.757650184631345,32.879871139526365,41.23358771357431,38.1802696430788,66.14233489480273,3.053318070495507,2.9788669136790276,0.0744511568164796,45.72263313277922,33.79266723648347,0.2774966297426342,1.390388096315568,37782668000.0,85.45361564286907,89.4884315351091,-0.0004647377978612,-0.0004648458219415,0.0594672343755748,-0.0512028685169878,0.08209252074971275,0.9179074792502872,0.1952501042083291,-0.8047498957916709,0.8047498957916709,0.21450416384699938,3,0.1781668566196987,0.44126706165797713,-1.246016957449648,0.7172213587569412,0.0,0.7685361504810456
2023-06-23,42.17603302001953,42.77556287564385,41.98218429643555,42.430834923932906,358140000,40.34090232849121,33.19396049499512,41.37857929918127,38.47625211544478,63.785257880708016,2.902327183736489,2.96355896769052,-0.0612317839540312,44.509810927530154,36.17199372945227,0.1976908827371272,1.3595652358960366,37424528000.0,73.153450430024,81.45407609571713,-0.0189655929692584,-0.0191477466059998,0.0598413442314958,0.0022032898482062,0.9300117701283799,0.06998822987162012,0.13770994703369288,0.8622900529663071,0.8622900529663071,0.15128984008304952,3,0.17413597077926188,0.4985285372541602,0.36376151571214693,0.6918722017853528,0.4714045207910317,0.6876185773722369
2023-06-26,40.60026550292969,42.730600334546075,40.06867951218722,42.42783558135576,594322000,40.473595428466794,33.47717399597168,41.258838715142566,38.633586440443665,56.161431472768534,2.6252522746989015,2.8958976290921963,-0.2706453543932947,44.48766385329658,36.45952700363701,0.1977360677377903,1.4884710900202387,36830206000.0,49.38202779332059,69.32969795540455,-0.037361681605804,-0.0380775157225789,0.0291332778283581,0.0438321822293397,0.6094845115494626,0.39051548845053746,0.8516180315840406,0.1483819684159594,0.1483819684159594,0.9355980347495735,3,0.06864070853019892,0.38283976553832544,-0.23445779712236603,0.6921559119190069,0.9428090415820634,0.09494458815415989
2023-06-27,41.84328842163086,41.90723760532333,40.416406298926006,40.76713004512084,462175000,40.62018184661865,33.77935314178467,41.3487540546023,38.871342142753825,62.7853344457857,2.4774119118484776,2.812200485643453,-0.3347885737949752,44.60810818034491,36.63225551289239,0.1906124725926034,1.5219523642748176,37292381000.0,68.13379341044966,63.55642387793142,0.0306161278332397,0.0301568057641594,0.0293580675380892,0.0105311648763279,0.5498509530678115,0.4501490469321885,0.933310498750261,0.06668950124973899,0.06668950124973899,1.0253463830699991,3,0.3591205075440022,0.2521704857507152,-0.18548098450097622,0.617445967345252,0.9428090415820634,0.0426723495985229
2023-06-28,41.08488464355469,41.812316652912195,40.486353490200045,40.628240868259915,582639000,40.67064971923829,34.061488456726075,41.30815876059498,39.035308253924256,64.9262546189097,2.2728505066707214,2.704330489848907,-0.4314799831781855,44.65509983589942,36.68619960257715,0.1939618500200028,1.4659243372209296,36709742000.0,55.69771330927911,57.73784483768312,-0.0181248608004745,-0.0182911282031713,0.0290944578258959,0.0239804325954053,0.9525702685044161,0.04742973149558394,2.846727282013184e-05,0.9999715327271799,0.9999715327271799,3.127449574506452e-05,3,0.4050143341309598,0.37311908931689725,0.6268524434102827,0.7234778357024935,0.0,0.9549728137544568
2023-06-29,40.79010772705078,41.56749981768069,40.568281035412234,41.52553281178783,380514000,40.82012825012207,34.32444004058838,41.22845860158818,39.16529340008178,60.08722683442642,2.0631652015064006,2.5760974321804055,-0.512932230674005,44.56853423207156,37.07172226817257,0.1837899525557597,1.438159796328819,36329228000.0,41.58195083051576,55.13781918341485,-0.0071748264370543,-0.0072006892861402,0.0257783619513373,0.0411788889094633,0.25477812588809967,0.7452218741119002,0.6422370267364674,-0.35776297326353257,0.35776297326353257,0.7055694898103525,3,0.2362993535711291,0.19709827735244717,-0.5548612506159798,0.571524713251315,0.7286746343384292,0.2545270698223832
2023-06-30,42.26895904541016,42.516766447959405,41.46858596097829,41.64744701058792,501148000,40.94683494567871,34.61169330596924,41.38853559294541,39.395194558994994,63.92742435640267,1.993341033950415,2.459546152534408,-0.4662051185839928,44.7120562996898,37.18161359166762,0.178155385845488,1.4757737711085512,36830376000.0,68.57772417478985,55.28579610486157,0.0362551461804216,0.0356133936122587,0.0245312663021946,-0.0028839713248994,0.5402536679755063,0.4597463320244936,0.9462120334962977,0.053787966503702295,0.053787966503702295,1.0395201676846737,3,0.2319988419891169,0.1383725932582406,-0.08458462675453832,0.4978168027091605,0.9086500397905722,0.035031227141676155
2023-07-03,42.37986373901367,42.864485450578925,42.169030043008505,42.48378258219759,198209000,41.10121726989746,34.9176900100708,41.54104761541745,39.616281164922306,62.13257724784327,1.9247664504951416,2.3525902121265547,-0.4278237616314131,44.83384355120976,37.36859098858516,0.1761509335800979,1.4603572640447422,37028585000.0,62.89384669277373,57.68450723269311,0.00262378577822,0.0026203496614256,0.0242944447441617,-0.0001884851759649,0.4501655410322149,0.549834458967785,0.9333327116169164,-0.06666728838308353,0.06666728838308353,1.0253707863982735,3,-0.12354743171430423,0.2438129657451817,-0.3104802541282652,0.5105962584565695,0.9428090415820634,0.042658136338658226
2023-07-05,42.2839469909668,43.14327203210792,42.0521259526018,42.102086134617814,323618000,41.258597183227536,35.221468658447264,41.65533982704042,39.8138860409256,56.08839920758649,1.841453786114819,2.2503629269242076,-0.4089091408093885,44.90687413745974,37.610320228995334,0.1725608517583086,1.422743960734732,36704967000.0,56.99220103605378,62.82125730120578,-0.0022632623039459,-0.0022658273530576,0.0242677618406401,0.0374552426125782,0.646231993012877,0.35376800698712296,0.7991609297270541,0.20083907027294584,0.20083907027294584,0.8779680180215733,6,0.0626532494645219,0.1493199682175586,0.051519102055387234,0.5093563419302023,0.6060160036172281,0.14399838044864297
2023-07-06,42.07011795043945,42.146058807449926,41.31370920237291,41.81132135922697,303582000,41.43111267089843,35.52250938415527,41.719151846024886,39.98101433051922,44.96279966709736,1.738137515505663,2.147917844640499,-0.4097803291348358,44.87455859681504,37.98766674498183,0.1637003219231828,1.317325948120933,36401385000.0,51.49101990022335,57.12568920968361,-0.0050569792023678,-0.0050698089932952,0.0240284853928625,0.0920123800044412,0.5389716529227806,0.46102834707721935,0.9479321846554384,0.052067815344561626,0.052067815344561626,1.0414099468864724,3,0.062079865744808345,0.13556080349307323,-0.08349298814851161,0.2095274933815114,0.8392750033698627,0.03511830073989303
2023-07-07,42.46979904174805,43.18024602401447,42.14705329030634,42.288940665727566,355881000,41.682316589355466,35.84754955291748,41.8346360299823,40.16536875357321,49.16010854528625,1.6692672764090872,2.0521877309942167,-0.3829204545851294,44.59348279034103,38.771150388369904,0.1370934766196501,1.3151129423055248,36757266000.0,61.7736179721807,56.7522796361526,0.0095003558530413,0.0094555112749439,0.0225860845800083,0.0697833318946936,0.0568840750948779,0.9431159249051221,0.06394207318045397,-0.936057926819546,0.936057926819546,0.0702475473589623,3,-0.22771701373401246,-0.007688829088253223,-0.9283690977312928,0.4554387585941916,0.4714045207910317,0.7464435171941054
2023-07-10,42.14705657958984,42.77756426984942,41.616469261927726,42.623685218893456,353908000,41.86567344665527,36.15184753417969,41.88270072992192,40.31216044438926,47.221674307022354,1.5705402855326651,1.9558582419019064,-0.3853179563692412,44.35962242090551,39.371724472405035,0.1183451076608732,1.321822952606264,36403358000.0,53.47042051977885,55.578352797394295,-0.0075993404593448,-0.007628362573161,0.022227494439197,0.1014936012695908,0.44219437803835854,0.5578056219616414,0.9225796669233054,-0.0774203330766946,0.0774203330766946,1.0135573593572749,3,-0.3204701481838927,-0.16160195277452102,0.08418161969782642,0.44520374723774636,0.9428090415820634,0.04953864487171778
2023-07-11,42.37187576293945,42.724600671080424,42.03414233997435,42.44781661195004,298244000,42.04728126525879,36.45524662017822,41.95795842730924,40.46473194946705,41.57148800035593,1.493226477842185,1.8633318890899624,-0.370105411247777,44.06660820314492,40.027954327372655,0.0953144934712726,1.2772146837260914,36701602000.0,65.57594041404194,60.2733263020005,0.0053341609496517,0.005319984703042,0.0222231849563412,0.1200095466743156,0.5646774876188492,0.4353225123811508,0.9132774714535274,0.0867225285464725,0.0867225285464725,1.003337853102584,3,-0.308918577116589,-0.09810402394452027,0.18482655249099278,0.45878973491590547,0.9428090415820634,0.0554908042023697
2023-07-12,43.86770248413086,43.90067764855856,42.74358137770357,42.99938189898188,481277000,42.268108177185056,36.77811149597168,42.25176520528179,40.71680384092363,54.7311257833444,1.5349613643581606,1.797657784143602,-0.2626964197854415,44.043246743969874,40.49296961040024,0.0809314582830944,1.2630828145777906,37182879000.0,99.1394785632562,72.72861316569232,0.0353023484152601,0.0346935081301183,0.0230767214828905,0.0723203435233492,0.9396727915075307,0.06032720849246929,0.08475050007361562,0.9152494999263844,0.9152494999263844,0.09310794085164166,3,0.30818389846538774,0.024961909401577147,0.8902875905248072,0.6576060377203671,0.0,0.8740632724296971
2023-07-13,45.94108963012695,46.11894818948544,44.457248919012514,44.48322958682048,478204000,42.51566486358642,37.11924465179443,42.81935357833489,41.10378797345721,63.28300102648553,1.715565604877682,1.7812393482904183,-0.0656737434127363,44.837154343677334,40.19417538349551,0.1010637535496563,1.3388099124604935,37661083000.0,97.0603196351188,87.25857953747231,0.0472645483712337,0.0461815727239108,0.023770045755216,-0.0099398987692703,0.6456561486037055,0.35434385139629454,0.800000229651707,0.19999977034829292,0.19999977034829292,0.8788900832326753,3,0.4006572662737169,0.0630572035060595,0.1369425668422334,0.6633804978488005,0.816496580927726,0.13641704692276313
2023-07-14,45.4334831237793,48.05043674269067,45.024802222527654,46.546611323884825,772075000,42.6391679763794,37.46421329498291,43.221527354557104,41.424506132740326,65.08702334504585,1.7970212218167774,1.7843957229956902,0.0126254988210872,45.29909897121159,39.9792369815472,0.1170912204809594,1.482840525912428,36889008000.0,67.21331476253832,87.8043709869711,-0.0110490741607222,-0.0111105685710446,0.0218518760199389,-0.0255119283063177,0.7621647880792205,0.23783521192077958,0.6118050857817594,0.3881949142182406,0.3881949142182406,0.672136585509488,3,0.5011480614976397,0.08982232406967304,0.29837259014856754,0.38216855888237616,0.9013305215805576,0.2537747673118726
2023-07-17,46.424713134765625,46.45968564777863,45.22665203775024,46.25285039179776,510488000,42.82941932678223,37.837159385681154,43.71432516689688,41.794891836594054,78.52046051028584,1.919433330302823,1.8114032444571169,0.1080300858457061,45.98214303942183,39.67669561414263,0.1358209238035614,1.3807771536031086,37399496000.0,78.70425562633235,80.99263000799648,0.0218171696914766,0.021582581151225,0.0220761716006657,-0.039796844032355,0.8822404226049867,0.11775957739501328,0.3287268198093133,0.6712731801906867,0.6712731801906867,0.36114332385729897,3,0.41982262158574035,0.1782802333334052,0.4929929468572815,0.34047145546363217,0.4714045207910317,0.5352954120287096
2023-07-18,47.456905364990234,47.858591818877,45.69828165041755,46.664525451589654,569164000,43.0693323135376,38.23554500579834,44.290106735834314,42.21430024610488,78.06761350192892,2.0758064897294304,1.8642838935115795,0.2115225962178506,46.8375293106541,39.3011353164211,0.1588050029025432,1.428597072321832,37968660000.0,92.1532939444243,79.356954777765,0.0222336803079057,0.0219901156528192,0.0224054352362996,-0.0382153737180122,0.9525736948695445,0.04742630513045555,3.1871252558213214e-06,0.9999968128747442,0.9999968128747442,3.5014149715697968e-06,3,0.6864883024278908,0.454859481861161,0.5451373310135832,0.3402999166341157,0.0,0.9549969562953807
2023-07-19,47.04022979736328,47.78065216165784,46.70549236660369,47.42692856470666,427502000,43.2326545715332,38.60325698852539,44.71320259145416,42.57177650916106,80.82974763768642,2.141426082293094,1.9197123312678828,0.2217137510252114,47.39223467292171,39.0730744701447,0.1768520315188452,1.4084702768663555,37541158000.0,86.49845063756595,85.7853334027742,-0.0087800829915543,-0.0088188550348962,0.0220771247747971,-0.0345178948488377,0.9373819635069979,0.06261803649300199,0.09798750505759113,0.9020124949424089,0.9020124949424089,0.10765027719219818,3,0.8577608293359469,0.5947784572924615,0.3072340376499474,0.3376149679211893,0.09515797401840938,0.8327320246092355
2023-07-20,45.48443984985352,47.05021703797439,45.02679746035021,46.47066830923723,537865000,43.35630760192871,38.93044151306152,44.83185447736175,42.78752934921235,71.49527199687095,2.0443251281493957,1.9446348906441857,0.0996902375052102,47.63356149651364,39.07905370734378,0.1880754785022907,1.4816274765346218,37003293000.0,61.91033587005917,80.18736015068315,-0.0330736043214859,-0.0336329025804115,0.0231231453112716,0.0083480710695615,0.24658386822389255,0.7534161317761074,0.6276948216073347,-0.3723051783926653,0.3723051783926653,0.6895932445511549,3,0.5099013764748296,0.5292030705868703,-0.9015082489795356,0.5506295772985691,0.8221552636176694,0.2532399730621999
2023-07-21,44.27438735961914,45.83017417101583,44.06555098011311,45.7522321711593,963769000,43.420457458496095,39.24501472473145,44.74609030540135,42.89766697961286,59.414578334189066,1.8484233257884952,1.9253925776730476,-0.0769692518845523,47.71312393061256,39.12779098637963,0.1939119535296667,1.484339224391343,36039524000.0,43.94831376343737,64.1190334236875,-0.0266036581791228,-0.026963939735646,0.0240523858401989,0.0550905911591712,0.05001927268927173,0.9499807273107284,0.018655562532630343,-0.9813444374673697,0.9813444374673697,0.02049523025036406,3,-0.15054570697254174,0.2582610795306198,-1.2396055169979894,0.8758388880776873,0.4714045207910317,0.7825564770023358
2023-07-24,44.57715606689453,45.0737695401444,44.00560422049565,44.69606260557121,382516000,43.540513610839845,39.559368743896485,44.72010042255415,43.02207357867075,60.13275855699724,1.6980268438833903,1.879919430915116,-0.1818925870317258,47.820928512943986,39.260098708735704,0.192045221354218,1.5109613609683663,36422040000.0,48.44261319025026,51.43375427458227,0.0068384618135119,0.0068151855889868,0.0235702363731909,0.0474533944842017,0.2499491078728572,0.7500508921271427,0.6337054227443466,-0.36629457725565334,0.36629457725565334,0.6961965648225587,3,-0.5733147310385625,0.17736188701577027,-0.5436564642714237,0.87218266345512,0.7286746343384292,0.26059679846196465
2023-07-25,45.6433219909668,46.14692613209552,44.88791196755602,44.90589946333249,348081000,43.7926664352417,39.90118076324463,44.86213451000225,43.21624012772972,64.21925520847856,1.6458943822725305,1.833114421186599,-0.1872200389140688,47.93574929320153,39.64958357728187,0.1815416879069312,1.5451487885180002,36770121000.0,64.26878275898,52.21990323755587,0.0239173159111436,0.0236357771766439,0.0219712706932611,0.0181264329668822,0.4385539744470144,0.5614460255529856,0.9176557496533981,-0.08234425034660187,0.08234425034660187,1.0081478833361697,3,-0.47666108835654136,0.11014200636364992,-0.19248625671025177,0.6881365286107372,0.9428090415820634,0.052689292502877065
2023-07-26,45.416500091552734,46.01703242805517,44.5951435044959,45.98505592696078,364237000,43.97132701873779,40.2432120513916,44.94742152254848,43.37922234727216,64.1486980749269,1.5681991752763196,1.7801313720045433,-0.2119321967282237,48.068380207995666,39.874273829479925,0.1804213526361052,1.5774095838726705,36405884000.0,59.06201485158543,57.2578036002719,-0.0049694432727519,-0.0049818320164539,0.0213123302694136,-0.0260275299242049,0.7648522037873678,0.23514779621263215,0.6068438730042287,0.3931561269957713,0.3931561269957713,0.6666861361853954,3,-0.018494233535494342,0.07041099876437631,0.322745128231395,0.5000103266009724,0.9038981579511796,0.2566806429473319
2023-07-27,45.8641471862793,47.35797831429428,45.71426283263286,46.48266314205839,455976000,44.210290145874026,40.58194709777832,45.08845624004553,43.56329085386528,64.29352571238617,1.525165386180248,1.7291381748396843,-0.2039727886594362,48.15308941991171,40.26749087183634,0.1719338313660922,1.6367917373845648,36861860000.0,66.0195740247615,63.116790545108984,0.009856485942866,0.0098082276311082,0.0206701525855437,-0.0301743049224524,0.34019040726590793,0.6598095927340921,0.7791847282289928,-0.22081527177100727,0.22081527177100727,0.8560219175748929,3,0.029998868292721016,-0.10399072761358817,-0.1168245441574191,0.4977417593676804,0.7277631297556357,0.15716420400183367
2023-07-28,46.7134895324707,46.99027362998194,46.34477822974176,46.63155284037136,331194000,44.50645923614502,40.93247364044189,45.338461361957094,43.79663890413235,68.41255228502818,1.5418224578247433,1.6916750314366962,-0.1498525736119529,48.25250138158792,40.76041709070212,0.1603837428089808,1.6342939827974898,37193054000.0,77.77789580253713,67.6198282262947,0.0185186556013299,0.0183492732585841,0.0206250220099868,-0.0442782141364194,0.36749010204483645,0.6325098979551635,0.8190001718862182,-0.18099982811378182,0.18099982811378182,0.8997636532554935,3,-0.0028863242963389677,-0.2587067737644726,0.07770694565069078,0.28949097543967245,0.8531505652577861,0.12123991552952197
2023-07-31,46.6924934387207,47.09318113651824,46.46966808257679,46.71747543236002,251055000,44.72763595581055,41.263297386169434,45.5467739891515,44.01114664743519,67.71252697685941,1.5356273417163069,1.6604654934926184,-0.1248381517763117,48.43963375648949,41.0156381551316,0.1589976258411033,1.6295121772857313,36941999000.0,74.41152601080199,72.73633194603354,-0.0004494653249016,-0.0004495663647178,0.0194867746852042,-0.0280765189531474,0.8021639508656032,0.19783604913439687,0.5333752128408065,0.46662478715919353,0.46662478715919353,0.5859725632978786,3,0.021603229091468445,-0.13885963582849276,0.6054844229876863,0.3287829899487159,0.9428090415820634,0.298577372387702
2023-08-01,46.470672607421875,46.86336718401233,45.991048000510794,46.42370843555568,237858000,44.932176399230954,41.55971122741699,45.68891223811617,44.19333375558235,61.91563684866574,1.4955784825338156,1.6274880913008578,-0.1319096087670421,48.549075710146155,41.31527708831575,0.1556637383525859,1.5826205557059048,36704141000.0,60.94364532500009,71.04435571277975,-0.0047506743581802,-0.0047619946786094,0.0196068500716106,-0.0396282780310109,0.1380858842038848,0.8619141157961153,0.38957340294298937,-0.6104265970570106,0.6104265970570106,0.42799012781142126,3,-0.10826721267053267,-0.08587137291272717,-0.5245552241442835,0.453266623122421,0.4714045207910317,0.48677433633218326
2023-08-02,44.23442077636719,45.80419275361582,43.35310977121058,45.79520091213266,530142000,45.029700088500974,41.81967269897461,45.46514432092402,44.19637723860345,42.302150594846395,1.268767082320565,1.5557438895047992,-0.2869768071842342,48.44554057168749,41.61385960531446,0.1544426454889388,1.644500350767098,36173999000.0,18.761968462486887,51.37237993276299,-0.0481217874754309,-0.0493181803946695,0.0228838734887256,-0.0387403598617015,0.8699869705762086,0.1300130294237915,0.36638547886093975,0.6336145211390602,0.6336145211390602,0.4025155894661784,3,0.16327090374708134,0.05697278400080334,0.576641737138257,0.5176384572961816,0.43959264235364787,0.5120024525692995
2023-08-03,44.480228424072266,45.08275805708307,43.765786762914985,43.765786762914985,324176000,45.15020561218262,42.08630874633789,45.31361879833144,44.21740325234188,45.5963911987249,1.0962155459895584,1.463838220801751,-0.3676226748121927,48.28490783205536,42.015503392309874,0.1409481169919654,1.5224529774817464,36498175000.0,25.016605119873887,34.90740630245363,0.0055569315341053,0.0055415487511374,0.0228222292314297,-0.0477814107360706,0.19781611584940953,0.8021838841505905,0.5333333425927552,-0.4666666574072448,0.4666666574072448,0.5859265641288399,3,-0.14782624444173142,0.002069582992140067,-0.46873624039938483,0.5561883286905265,0.9428090415820634,0.2986041637391012
2023-08-04,44.64509963989258,45.60634618505477,44.35832507301121,44.94986170170467,362666000,45.25897064208984,42.36599365234375,45.21076969703315,44.24908446623453,41.09944371849443,0.961685230798622,1.3634076228011254,-0.4017223920025032,48.14301592096487,42.374925363214814,0.1291987385911439,1.523523513339973,36860841000.0,28.675951978643702,24.15150852033483,0.0037066180112304,0.0036997654307352,0.0227725892166771,-0.0856086391656474,0.9260940279324137,0.07390597206758621,0.157272621992248,0.842727378007752,0.842727378007752,0.1727816351917381,3,0.33655841391318947,0.06629404742242302,0.7764333305853289,0.6651778947337769,0.08965847632427718,0.7795495005928138
2023-08-07,45.38153076171875,45.50443580088547,44.52819761374418,45.07576998074253,322154000,45.42069435119629,42.66340446472168,45.237040630061706,44.33296937701114,39.30378359953777,0.9040712530505672,1.2715403488510135,-0.3674690958004465,47.90504864617501,42.936340056217574,0.1094874612327697,1.4389469432458186,37182995000.0,45.81370004331284,33.16875238061015,0.0164952285416815,0.0163606600680476,0.0228336581082813,-0.0366384353846712,0.09066061976670105,0.909339380233299,0.23146823385477622,-0.7685317661452238,0.7685317661452238,0.25429384614916095,3,-0.13082368184823856,-0.011951166059607903,-0.7565806000856159,0.7525659880348057,0.4714045207910317,0.6128526217880426
2023-08-08,44.629119873046875,45.20666758358326,44.02159299987499,44.817971444919216,353843000,45.53355655670166,42.79705879211426,45.143514359751734,44.35490645079157,37.98910448010113,0.7886079089601665,1.1749538608728445,-0.3863459519126779,47.60560690514894,43.461506208254384,0.0928564289119518,1.4592882265879337,36829152000.0,31.861472799683114,35.45037494054656,-0.0165796718630426,-0.0167186529377372,0.0232851654230854,-0.0162100051490453,0.9393913599808228,0.06060864001917722,0.08640176043873149,0.9135982395612685,0.9135982395612685,0.09492203578054854,3,0.32926461714126587,0.14441998646539927,0.7691782530958693,0.7886779598380756,0.4356502301928799,0.7394517158150313
2023-08-09,42.5207633972168,44.27738970488,42.10108946258739,44.23941737277786,586449000,45.46620960235596,42.86924285888672,44.74001421166943,44.219044002378624,36.0068557663311,0.5209702092908088,1.0441571305564374,-0.5231869212656286,47.83285304631321,43.09956615839871,0.1113170721724229,1.4953318575047412,36242703000.0,7.983313826643083,28.552828889879688,-0.047241722037709,-0.0483940507722979,0.0245144448217582,0.0219015493834286,0.2498973401224414,0.7501026598775585,0.6336133723388696,-0.3663866276611304,0.3663866276611304,0.6960954371159247,3,-0.07377338474836159,0.02541835577678158,-0.391804983437912,0.7878325098072746,0.7286746343384293,0.260662286848782
2023-08-10,42.35490036010742,43.53997505454453,41.80233078646622,42.127077761381095,492705000,45.28690013885498,42.91483032226562,44.37307361912143,44.08095928813631,39.94565016061112,0.2921143309851146,0.893748570642173,-0.6016342396570583,48.01748527539636,42.5563150023136,0.1289383336202212,1.4934047915887116,35749998000.0,9.946087666179984,16.596958097502064,-0.0039007539812945,-0.003908381764638,0.0216898643357124,0.0225532854253183,0.1978161143310796,0.8021838856689203,0.5333333394033529,-0.4666666605966471,0.4666666605966471,0.5859265606249233,3,0.026848317101163977,0.04595548955683352,-0.5126221501534806,0.7878325103109013,0.9428090415820634,0.2986041657798915
2023-08-11,40.82309341430664,41.98518717020068,40.60726249812491,41.7183935825012,533085000,45.056380653381346,42.97528144836426,43.826922818380694,43.83963589007485,32.57909816814481,-0.0127130716941579,0.7124562421749068,-0.7251693138690647,48.436126871867735,41.67663443489496,0.1655801134022803,1.541938544612552,35216913000.0,3.197156005779395,7.042185832867491,-0.0361659910134869,-0.0368361890459808,0.0228272276886484,0.0598210779039145,0.266816018672248,0.733183981327752,0.6630542280431503,-0.3369457719568497,0.3369457719568497,0.7284395229815521,3,-0.3899996867382088,-0.09269598088543933,-0.24424979107141037,0.6482196471274886,0.7402088055703998,0.23841784370961416
2023-08-14,43.71882247924805,43.765786651430616,40.27951352736408,40.45437607089752,690286000,44.921086120605466,43.054961395263675,43.81029199697567,43.83068674853212,42.36561556310501,-0.0203947515564522,0.565886043428635,-0.5862807949850872,48.2868076670552,41.55536457415573,0.1539712808160529,1.6788316202458051,35907199000.0,48.58834584793701,20.577196506632134,0.0709336021048954,0.0685307933765387,0.0279426348019614,0.0734579355911331,0.05779589703024342,0.9422041029697565,0.06956528886556101,-0.930434711134439,0.930434711134439,0.07642528121245216,3,-0.5780157145626449,-0.1589485599893242,-0.7714861511451148,0.6863315826536389,0.4714045207910317,0.7419593792217963
2023-08-15,43.90568161010742,45.2326473732039,43.67586169687328,44.52520013627042,676512000,44.74352493286133,43.14723068237305,43.824967322072865,43.836241923463625,43.98760267964834,-0.0112746013907596,0.4504539144647561,-0.4617285158555158,47.91505933922338,41.57199052649927,0.1444703414253313,1.6884671025866165,36583711000.0,51.228171522820595,34.337891125512336,0.0042741117043596,0.0042650036323178,0.027384589358301,0.0393263508210659,0.8021838879470637,0.19781611205293634,0.5333333346178876,0.46666666538211243,0.46666666538211243,0.5859265553675523,3,-0.2669046059030584,-0.21267151893584416,0.6793381843179566,0.5037849053007852,0.9428090415820634,0.29860416884194846
2023-08-16,43.45203399658203,44.640104468597144,43.37209465339346,44.4852267558164,527451000,44.56411514282227,43.23354438781738,43.767592964305045,43.80778207702795,40.40542590625319,-0.0401891127229063,0.3523253090272236,-0.39251442175013,47.59128449908599,41.53694578655855,0.139333839078826,1.6403622163339122,36056260000.0,46.56112758553204,48.79254831876322,-0.0103323213964399,-0.0103860703842544,0.0274024548311396,0.0834752767391615,0.27395729524167045,0.7260427047583295,0.6751211341276313,-0.32487886587236875,0.32487886587236875,0.741696374292167,3,-0.26288230387489814,-0.14929253318257915,-0.1755863326897896,0.5033103086766352,0.8392750033698627,0.2191218056728566
2023-08-17,43.31014251708984,44.02758013920778,42.96740814260929,43.93565295261865,452395000,44.45540027618408,43.32735107421875,43.69721597242578,43.770919887402904,35.65531211032423,-0.0737039149771234,0.2671194642263542,-0.3408233792034777,47.49952850900373,41.41127204336443,0.140573457204324,1.6356511843979011,35603865000.0,44.47867379396857,47.422657634107075,-0.0032654738211644,-0.0032708171162338,0.0265114292092516,0.0881091759065535,0.48712345301000176,0.5128765469899982,0.9828274736101035,-0.01717252638989658,0.01717252638989658,1.079746340148692,3,0.041538424373282666,-0.282259785461317,0.26508725907142044,0.5103130631365425,0.8955419357123644,0.011259426369860777
2023-08-18,43.265174865722656,43.543956241722725,41.627455303744846,42.60169211486707,583768000,44.40493965148926,43.443740158081056,43.63074810985607,43.73345729320437,35.58340718349989,-0.1027091833482956,0.1931537347114242,-0.2958629180597198,47.49481614957097,41.31506315340754,0.1428343469162634,1.7280074618290746,35020097000.0,45.348233627432286,45.462678335644306,-0.0010382706856585,-0.001038810062045,0.0258772458056815,0.0627960202812523,0.8678308083073403,0.1321691916926598,0.3726953609103255,0.6273046390896745,0.6273046390896745,0.4094477034256799,3,0.09508441560913668,-0.14030389021120201,0.7676085293008765,0.6277868477740287,0.0,0.5990759303306391
2023-08-21,46.93031692504883,47.02823995825299,44.1874618900852,44.4592488124891,692573000,44.52259769439697,43.61274810791016,44.13837408142419,43.97026171037803,51.49916248830081,0.1681123710461562,0.1881454619783706,-0.0200330909322143,47.81280175949681,41.232393629297135,0.1402165713201781,1.9344893124739888,35712670000.0,98.54901461494336,62.79197401211476,0.0847134461076666,0.081315847140671,0.032183336296407,-0.0028104854451952,0.8498191653308125,0.15018083466918744,0.42227218408908196,0.577727815910918,0.577727815910918,0.4639134106029877,3,0.39595330953689895,0.008895320718450117,0.5688324951924679,0.4175245121706775,0.43358442491919985,0.46800251728682
2023-08-22,45.63233184814453,48.14936547616456,45.29759440317979,48.09740413737571,755293000,44.52204818725586,43.75060035705567,44.3682137378427,44.09337801687926,54.8566337351328,0.2748357209634449,0.2054835137753855,0.0693522071880593,47.81146772192047,41.23262865259125,0.144170565098937,1.9155041865292373,34957377000.0,68.0167600982145,70.63800278019673,-0.0276577095990482,-0.0280473858939109,0.0324887865364282,0.0682315238230424,0.9453514721103742,0.054648527889625806,0.04978849689805842,0.9502115031019416,0.9502115031019416,0.054698254526521044,3,0.7184146527008449,0.19277493144113458,0.757436571660807,0.5192519034912932,0.10353403821220074,0.8745687264738453
2023-08-23,47.07920455932617,47.16313859123231,45.17269372042857,45.83018078207806,779046000,44.60518341064453,43.90316116333008,44.78528924884016,44.31455035335681,58.33387965311249,0.4707388954833504,0.2585345901169785,0.2122043053663719,48.069197186938055,41.141169634351,0.1471568523180293,1.9636094420032124,35736423000.0,86.40176556478269,84.3225134259802,0.0317071833189799,0.0312148897043741,0.0331925422279719,0.0455894005370971,0.1986886589111894,0.8013113410888105,0.5351631698140875,-0.46483683018591243,0.46483683018591243,0.587936834800335,3,0.35436749627564934,0.2592889144337812,-0.7241257446196936,0.5671436784754192,0.9428090415820634,0.2974333193718419
2023-08-24,47.126163482666016,50.22674065271713,47.122168802250776,50.176780465500904,1156044000,44.668284225463864,44.025885314941405,45.14542374635183,44.522817992564896,58.0164016259391,0.6226057537869352,0.3313488228509699,0.2912569309359653,48.27201988460894,41.06454856631879,0.152939912474335,2.099289083528027,36892467000.0,68.82973383771643,74.41608650023788,0.000997445130592,0.0009969480127355,0.0331456540830171,0.0464770430508212,0.9367594680468112,0.06324053195318889,0.10150629300145941,0.8984937069985406,0.8984937069985406,0.11151606086854907,3,0.46128945997152354,0.32097849180755667,0.5775152151909839,0.5729452752524147,0.09800859757028002,0.8286273990349202
2023-08-25,45.9820556640625,47.767658540303835,44.98882881073535,46.975278705672146,925341000,44.63171253204346,44.086258010864256,45.27413634907655,44.630909671935086,51.89051203920353,0.6432266771414632,0.3937243937090686,0.2495022834323946,48.16215776114765,41.10126730293927,0.1535575205639805,2.228045622272827,35967126000.0,57.32795747259809,70.85315229169908,-0.0242775506014688,-0.0245771086277166,0.0333947612987861,0.0541309383171615,0.7502057403564869,0.24979425964351315,0.6334300427436508,0.3665699572563493,0.3665699572563493,0.6958940289697408,3,0.2667422780229927,0.4197568951116593,-0.053186937855310035,0.5723498834649713,0.9013305215805576,0.23963787829006533
2023-08-28,46.79841995239258,46.943307161709576,44.85294200358458,46.445695012544455,685192000,44.637008857727054,44.16983268737793,45.50864151881748,44.791465989006014,56.80178393991439,0.7171755298114633,0.4584146209295475,0.2587609088819157,48.180763891982515,41.09325382347159,0.1514476359612344,2.280219007721487,36652318000.0,65.53491080703333,63.89753403911595,0.0177539754702205,0.0175982145296233,0.0336367976796199,0.0365751339366682,0.20004951352875613,0.7999504864712438,0.5380050232368021,-0.4619949767631979,0.4619949767631979,0.5910589298931227,3,0.2676895624972309,0.3562108307726163,-0.8182058075358142,0.6967893789306281,0.9428090415820634,0.29561491376842153
2023-08-29,48.74589538574219,49.04266428440614,46.35476299443785,46.62954971759292,701397000,44.750769996643065,44.29157768249512,46.00668057526743,45.084386685060544,69.71766634650551,0.9222938902068876,0.5511904747850156,0.371103415421872,48.66869755291595,40.83284244037018,0.1607490241083498,2.29163835625783,37353715000.0,85.11298426018882,69.32528417994008,0.0416141278985646,0.0407715560308779,0.0348225224882984,-0.0352395017734553,0.8017179469792688,0.1982820530207313,0.5343112227654202,0.4656887772345798,0.4656887772345798,0.5870008753033745,3,0.12342125257591069,0.33312285050760265,0.13256592672697715,0.6039009588179386,0.9428090415820634,0.2979784513884096
2023-08-30,49.22551727294922,49.88799757012422,48.38717195801793,49.005687906612565,735206000,45.00032482147217,44.400612335205075,46.50188622106463,45.39113709897822,71.33807487880517,1.1107491220864103,0.6631022042452946,0.4476469178411159,49.38749360170249,40.61315604124185,0.1782477472366223,2.274722737974115,38088921000.0,89.93464843971053,80.19418116897756,0.0098392261217405,0.0097911361246771,0.0326945350575452,-0.0612858289108625,0.9453513154860832,0.05464868451391684,0.04978950746597177,0.9502104925340282,0.9502104925340282,0.054699364748849184,3,0.31796809766847034,0.38633466145376133,0.563875831080267,0.5679141862833988,0.10353403821220074,0.8745677963534562
2023-08-31,49.31644821166992,49.705144301675666,48.91975894986802,49.34143020878583,528570000,45.24213581085205,44.52671371459961,46.93489575808083,45.68190088510353,78.97064311578995,1.2529948729772968,0.7810807379916951,0.4719141349856017,50.02397440945573,40.46029721224836,0.1939246953908631,2.2059904158187673,38617491000.0,90.84878197225852,88.63213822405264,0.0018472317561744,0.0018455277217688,0.0327068455161451,-0.0765726452429534,0.9410396919966791,0.058960308003320916,0.07662638415107104,0.923373615848929,0.923373615848929,0.08418268726456993,3,0.7797576285391793,0.3825006775604738,0.5408729382884552,0.5729806049678685,0.43959264235364787,0.7461469713518047
2023-09-01,48.47110748291016,49.76109942188399,48.10439357486219,49.72313090360501,463830000,45.43343620300293,44.63630805969238,47.171236023439185,45.88850878123736,68.846060093198,1.2827272422018297,0.881410038833722,0.4013172033681076,50.41659301028851,40.450279395717345,0.2056134908426647,2.0753070388870003,38153661000.0,79.58396425567346,86.78913155588084,-0.0171411518755669,-0.0172897621012418,0.0331025733009335,-0.0685908923134072,0.696236839716914,0.30376316028308603,0.7235194767838427,0.27648052321615735,0.27648052321615735,0.7948673882854507,3,0.7166882105330385,0.48840315661791234,-0.211922633401755,0.577609429748875,0.8462981004051907,0.18582943294267742
2023-09-05,48.51007843017578,48.81284315295678,47.82261611647607,48.185331532444785,382653000,45.58986358642578,44.76298896789551,47.37721177832174,46.08269912560316,68.47630110843903,1.2945126527185735,0.9640305616106924,0.3304820911078812,50.75910334691955,40.420623825932005,0.2131202392481904,2.034838564612006,38536314000.0,80.03715246468842,83.48996623087346,0.0008040036485521,0.0008036806107561,0.0329922888978891,-0.0756839117545802,0.4882007136397615,0.5117992863602385,0.9842646967942941,-0.015735303205705986,0.015735303205705986,1.0813252912004025,6,0.39470627861979374,0.3577990123030199,-0.3735343155087259,0.4174491290493104,0.8759401266041701,0.009929181978124122
2023-09-06,47.028114318847656,48.515073458793,46.547451450862816,48.40715103407181,468670000,45.70981330871582,44.89154594421387,47.32350447686419,46.15272988065831,63.255941612320086,1.1707745962058738,1.0053793685297288,0.165395227676145,50.89649090974728,40.52313570768437,0.2205777406198389,2.0848108640924705,38067644000.0,62.80357954536553,74.14156542190914,-0.0305496127667825,-0.0310259791692158,0.0335899208658941,-0.0334884310996518,0.8922127760314786,0.10778722396852136,0.2954848310343898,0.7045151689656102,0.7045151689656102,0.3246232664894007,3,0.32175346299202084,0.4060768996900572,0.29843826927555295,0.42330305376824007,0.3667697359371366,0.5864435102614716
2023-09-07,46.20869064331055,46.311619313403384,45.120450870903866,45.4931913383561,433330000,45.894209671020505,44.97885398864746,47.15199465631747,46.15687512233626,60.23056006262254,0.9951195339812102,1.003327401620025,-0.0082078676388148,50.86107918048572,40.92734016155529,0.2149755572087064,2.1453459677599915,37634314000.0,53.274605424978304,65.37177914501076,-0.0174241235781105,-0.0175777103103222,0.0318525751955022,-0.0142729526667767,0.5503865359936141,0.4496134640063859,0.9325891402218288,0.06741085977817118,0.06741085977817118,1.0245538897261282,3,0.2520635751793588,0.48170630491025285,-0.41429544513208166,0.4077289107916491,0.9428090415820634,0.04313392245083529
2023-09-08,45.540157318115234,46.57343525598355,45.23936893896436,45.909901542782364,473069000,46.0534725189209,45.06795944213867,46.904019681209434,46.11119232202359,57.69110826570364,0.7928273591858428,0.9612273931331888,-0.1684000339473459,50.73878810150929,41.368156936332504,0.205766332771303,2.103743494834371,37161245000.0,22.39829424956932,46.15882640663772,-0.0144676967879437,-0.0145733744262547,0.0320884045899564,-0.0366894037139475,0.15226300013595587,0.8477369998640442,0.4276796145659869,-0.5723203854340131,0.5723203854340131,0.46985408017503394,3,0.06653521443658976,0.33341928167188245,-0.9057396671058955,0.464419252108194,0.8531505652577861,0.3833598954703085
2023-09-11,45.14643096923828,46.13073944810292,44.2810350025815,46.11575054004364,473966000,46.26963939666748,45.15508590698242,46.633621417829254,46.03972851811357,42.256280651695086,0.5938928997156836,0.8877604944496877,-0.2938675947340041,50.290745854224625,42.24853293911033,0.1781361835799172,1.9670748771908773,36687279000.0,14.55497492533107,30.075958199959572,-0.0086456958443649,-0.0086832866955517,0.0308360949614968,-0.0268273421938195,0.20266261370146393,0.797337386298536,0.5434215617915644,-0.4565784382084356,0.4565784382084356,0.5970096057114292,3,-0.3204959879547588,0.132449434422959,-0.5890278726313946,0.5055378323012791,0.9428090415820634,0.292149054487856
2023-09-12,44.838645935058594,45.64108624011381,44.49988211053749,44.70673820080512,349256000,46.325630569458006,45.20647964477539,46.357471343556846,45.95075943788728,46.230622228252926,0.4067119056695674,0.7915507766936637,-0.3848388710240963,50.226576110481616,42.4246850284344,0.173999257099489,1.8448915240902732,36338023000.0,9.378381056764768,15.443883410555058,-0.0068174831890788,-0.0068408283917803,0.0267855830328605,-0.0300869937184909,0.3620491175490719,0.637950882450928,0.8111728642772136,-0.18882713572278645,0.18882713572278645,0.8911644769290556,3,-0.4059086531217447,-0.02643638723014319,-0.16239074849264326,0.50813593473984,0.816496580927726,0.12879634906243873
2023-09-13,45.453216552734375,45.89790529019353,44.47190049902718,44.56883283924793,398355000,46.40300731658935,45.2679467010498,46.21835522189185,45.91390440935744,41.61496542152576,0.3044508125344123,0.6941307838618135,-0.3896799713274012,50.16060303648744,42.64541159669127,0.1653390455013699,1.804574375544745,36736378000.0,19.71475917125144,14.54937171778243,0.0137062706703026,0.0136131893102395,0.0269179131481554,-0.071364116419175,0.27451050037036084,0.725489499629639,0.6760476380005636,-0.3239523619994364,0.3239523619994364,0.7427142428324689,3,-0.3231193119768858,-0.11221251368951372,-0.21173984830992265,0.24822702723916573,0.7452407315351683,0.22867903667582415
2023-09-14,45.54915618896485,45.95487076893904,45.0994698183301,45.91789786927569,370097000,46.507863426208495,45.33325088500977,46.11540152451846,45.88688602266169,41.90843002612043,0.2285155018567692,0.6010077274608047,-0.3724922256040354,50.02829009624346,42.98743675617353,0.1545770312595979,1.6408504367746006,37106475000.0,22.616901234511676,17.2366804875093,0.002110733706143,0.002108509237378,0.0267595453204349,-0.1001296602352442,0.1391017349342637,0.8608982650657363,0.3924097443381884,-0.6075902556618116,0.6075902556618116,0.431106167323045,3,-0.3734565844613445,-0.1967632211832431,-0.4108270344785685,0.17457816973134116,0.4714045207910317,0.48451254399397925
2023-09-15,43.86931610107422,45.567126025554394,43.7773775410098,45.30930694300869,506831000,46.53582210540772,45.36923484802246,45.76984992091165,45.737436398840394,39.72451615537194,0.0324135220712591,0.4872888863828956,-0.4548753643116364,49.95679604891381,43.11484816190163,0.1559620366829617,1.5702017764157514,36599644000.0,1.5045700699982636,14.6120768252538,-0.0368797191526809,-0.037576972753823,0.0281716739158603,-0.0521639070621955,0.8750719074126223,0.1249280925873777,0.35114408319834567,0.6488559168016543,0.6488559168016543,0.3857712048947997,3,-0.0942289002865309,-0.20471454292095106,0.8535704597226054,0.4916740677790439,0.4714045207910317,0.5174191455599979
2023-09-18,43.935272216796875,44.211080299105845,41.97064663049677,42.7181249588287,500271000,46.56932697296143,45.39854431152344,45.48760719720169,45.60394275572606,34.97836282859616,-0.1163355585243692,0.3665639974014426,-0.4828995559258119,49.86630558227855,43.272348363644305,0.1500834497188642,1.5809209557360424,37099915000.0,24.814178391647825,16.31188323205259,0.001503468063434,0.0015023389868705,0.0281676816062233,-0.0396668752791435,0.04742602202000813,0.9525739779799919,1.098223583406721e-06,-0.9999989017764166,0.9999989017764166,1.2065219244357507e-06,3,-0.3195777468788576,-0.3572016517144636,-0.642797250061953,0.6119045259061233,0.0,0.9549989511964778
2023-09-19,43.48958587646485,43.93527332902396,42.97194633294254,43.802366857424914,373064000,46.39729042053223,45.42539489746094,45.180219301703715,45.44732372763264,17.26382798590565,-0.2671044259289203,0.23983031273537,-0.5069347386642904,49.963074684526475,42.83150615653798,0.1639833625513519,1.4577370776012657,36726851000.0,19.184942758741663,15.167897073462589,-0.010144157936084,-0.0101959605331129,0.0202188772332646,-0.0369716015056839,0.44366184287256716,0.556338157127433,0.9245621171525455,-0.0754378828474544,0.0754378828474544,1.015735303540791,3,-0.14219362260740523,-0.286218437059241,0.2107805542117866,0.618852536907403,0.8462981004051907,0.050703676442982654
2023-09-20,42.20948791503906,43.872326816521394,42.19350025238085,43.56953710623469,367108000,46.226148223876955,45.42214714050293,44.72318370375531,45.20748403781089,10.266080985860455,-0.4843003340555825,0.0950041833771795,-0.579304517432762,50.246153929828225,42.20614251792568,0.1904787716943118,1.4704514313179986,36359743000.0,3.0658203176031487,15.688313822664217,-0.0294345861342986,-0.0298764764129688,0.0203337028728559,0.0054214365270415,0.8192806159674505,0.18071938403254953,0.4961729353797698,0.5038270646202302,0.5038270646202302,0.5451016841127431,3,-0.19053657333454657,-0.1490176509408601,0.6528447155610904,0.7059492446620478,0.4291096661947442,0.4088909782310724
2023-09-21,40.98833465576172,42.07057801307491,40.951361762571175,41.55394101252563,450736000,45.92160472869873,45.36455978393555,44.14859154252553,44.8949544539554,8.187953436793919,-0.7463629114298698,-0.0732692355842303,-0.6730936758456394,50.54680273787024,41.296406719527226,0.2256836267204304,1.5042186313651589,35909007000.0,0.4196821133176781,7.556815063220834,-0.0289307764580164,-0.0293575222514777,0.0192701338963122,0.0505157542509218,0.04742587737598922,0.9525741226240108,3.097781231531371e-08,-0.9999999690221877,0.9999999690221877,3.403260528565796e-08,3,-0.19053692908313694,-0.264899484269346,-0.7351004847528417,0.7921883334707239,0.0,0.9549999704161892
2023-09-22,41.5809211730957,42.08556931771517,41.20218442357063,41.54294571690647,479236000,45.64434261322022,45.27735641479492,43.753565331844015,44.649470507225054,14.50638667221132,-0.8959051753810385,-0.2377964235435919,-0.6581087518374465,50.61726413701689,40.671421089423546,0.2391924653662711,1.4642564038602768,36388243000.0,8.0081523975161,3.831218276145646,0.0144574431313393,0.0143539307901035,0.0197823324430734,0.0453979284212411,0.19781612213900035,0.8021838778609997,0.5333333558046629,-0.4666666441953371,0.4666666441953371,0.585926578643604,3,-0.32094651619909786,-0.2852872388687604,-0.1813794053265767,0.6415594285608697,0.9428090415820634,0.29860415528524964
2023-09-25,42.19249725341797,42.50627702068914,41.14822547100166,41.56193764990907,419091000,45.45486469268799,45.2125366973877,43.51340101208616,44.46747248842453,19.268994709769142,-0.9540714763383632,-0.3810514341025462,-0.573020042235817,50.6570991098882,40.25263027548778,0.2465952363973328,1.490529583375046,36807334000.0,16.409079834476866,8.278971448436886,0.0147080935936065,0.0146009786124774,0.0198128483907732,0.0606318334326356,0.9294153096258333,0.07058469037416679,0.14075252721785825,0.8592474727821418,0.8592474727821418,0.15463245606263165,3,-0.20247304681179404,-0.07573899194819564,0.9349864647303374,0.7431699257780842,0.08965847632427718,0.7948311111909722
2023-09-26,41.88170623779297,42.790071302415775,41.62588464669237,41.971643486132784,402282000,45.209029006958005,45.12167655944824,43.26237104681029,44.27593424763701,21.74683350095027,-1.0135632008267166,-0.5075537874473803,-0.5060094133793362,50.605012324886616,39.813045689029394,0.2576773394709222,1.433141343931705,36405052000.0,16.548066761248116,13.655099664413695,-0.0073660256172636,-0.0073932887470741,0.0191389972007892,0.0383192953699587,0.9490724936128728,0.05092750638712708,0.024972664319027893,0.9750273356809721,0.9750273356809721,0.027435275901667677,3,0.45586938808925925,-0.02914307496543595,1.004170410646408,0.867283697568579,0.0,0.9311511055753283
2023-09-27,42.438323974609375,42.84204482057062,41.59991333679484,42.30042372625329,444935000,44.893650436401366,45.02130493164063,43.135594574164,44.13981496815347,28.686114625043828,-1.0042203939894776,-0.6068871087557999,-0.3973332852336777,50.15487163913729,39.63242923366544,0.2479467005286865,1.3856033464911326,36849987000.0,26.448644143767456,19.80193024649748,0.0132902354468578,0.0132026950365382,0.016320545600805,0.0370396204855536,0.3864499483977272,0.6135500516022728,0.8459135051656373,-0.15408649483436263,0.15408649483436263,0.9293309719252838,3,0.5600627712095841,0.0917015545977146,-0.24578804943207722,0.8546032067921332,0.8251883526111505,0.10465258777372224
2023-09-28,43.05889129638672,43.41564027932202,42.085572876608914,42.43032920794071,424663000,44.58531913757325,44.94167816162109,43.12379406989057,44.0597465480226,35.89691991825761,-0.9359524781320304,-0.672700182631046,-0.2632522955009843,49.48820845972659,39.682429815419894,0.2277294734973715,1.385317709754984,37274650000.0,40.690786835180646,27.89583258006541,0.0146228046646852,0.0145169224055328,0.0166093660766326,0.0371092071586329,0.7592079463701663,0.24079205362983377,0.6172193330017471,0.38278066699825286,0.38278066699825286,0.6780847440392536,3,0.4012405026149544,0.15716134743281568,0.22561931956543718,0.6259771838235602,0.9013305215805576,0.25023530999778504
2023-09-29,43.46860885620117,44.11315866784139,43.276741660093485,43.796378806191775,397830000,44.2929271697998,44.901361541748045,43.17684249855374,44.01595857085064,40.480858026501345,-0.8391160722969033,-0.7059833605642175,-0.1331327117326858,48.67796478904663,39.90788955055298,0.2017565196877129,1.328500775893073,37672480000.0,50.309634496975065,39.149688491974395,0.009515283544907,0.0094702983737407,0.0168990789859555,0.052024061356547,0.7551119500619747,0.2448880499380252,0.6246450502010439,0.3753549497989561,0.3753549497989561,0.6862427282065752,3,0.20134970732094912,0.13880818817263363,0.2365467616263225,0.4502929135925301,0.8955419357123644,0.24610714369381625
2023-10-02,44.75070571899414,45.14342881532186,43.83034792394179,43.9992285379224,433298000,44.10690708160401,44.91088790893555,43.41897530169842,44.070384285527936,49.55073843449255,-0.6514089838295192,-0.6950684852172779,0.0436595013877587,48.0377818171864,40.176032346021614,0.1756787819287488,1.3666161922890996,38105778000.0,75.93358882392903,55.64467005202825,0.0294947755755028,0.0290681727525808,0.0184496231691414,0.0109642473456732,0.6946497656127777,0.3053502343872223,0.7260172143645338,0.2739827856354662,0.2739827856354662,0.7976114334854661,3,0.3440394674775587,0.3208057245522985,-0.04682293891683231,0.4031544944514737,0.8462981004051907,0.18415064142108958
2023-10-03,43.4865837097168,45.09845913874494,43.215773206538074,44.776681779419775,470850000,43.85573234558105,44.889076461791994,43.4293765952397,44.02713979843082,40.57832593405202,-0.5977632031911142,-0.6756074288120453,0.077844225620931,47.20020288311304,40.51126180804906,0.1538162004105505,1.399236273791994,37634928000.0,50.668879448651104,58.97070092318506,-0.0282480910405128,-0.0286547447963832,0.0191948409394086,0.052416514155972,0.9525740163390661,0.04742598366093382,8.151941395251328e-07,0.9999991848058605,0.9999991848058605,8.955822993325365e-07,3,0.549778973413428,0.5303294144096125,0.469669770396248,0.41255902756034213,0.0,0.9549992214895967
2023-10-04,44.010223388671875,44.112153297816725,43.26174626009731,43.71143255099348,361821000,43.704837799072266,44.85641448974609,43.518737640383115,44.02588673104127,42.91757512771609,-0.5071490906581531,-0.6419157611812668,0.1347666705231137,46.7008183310433,40.70885726710123,0.1361492990168367,1.3988795657284565,37996749000.0,66.2698840573159,64.29078410996534,0.0120414075856245,0.0119694866147986,0.0185964679309181,0.0627824387172557,0.19781684065386645,0.8021831593461336,0.5333348651141289,-0.46666513488587114,0.46666513488587114,0.5859282367895308,3,0.26910561185181886,0.3409133275998963,-0.8075784624857674,0.5220453490372787,0.9428090415820634,0.2986031895293214
2023-10-05,44.65677261352539,44.868626271295504,43.85733240049327,44.01921794767318,393483000,43.627241897583005,44.841219940185546,43.69381994394347,44.072619018632686,54.004902182503095,-0.3787990746892191,-0.5892924238828573,0.2104933491936381,46.42393167958447,40.83055211558154,0.1252526601599695,1.343275664746859,38390232000.0,88.39102055008748,68.44326135201817,0.0146908871410076,0.0145840214219371,0.0186849584203946,0.0505056803888095,0.6433999326101316,0.35660006738986844,0.8032827947810728,0.19671720521892727,0.19671720521892727,0.88249634962215,3,0.2433504183796392,0.22972616610531846,-0.033008960886391187,0.5224671004617761,0.816496580927726,0.13417805514542322
2023-10-06,45.73002243041992,45.75700398969615,43.99523549081201,44.16211860779347,434436000,43.636735153198245,44.83853744506836,44.00708186493984,44.195389641728035,58.279550894633175,-0.1883077767881928,-0.5090954944639244,0.3207877176757315,46.46190914410268,40.81156116229381,0.1235588281288533,1.309085295480793,38824668000.0,99.43854413218028,84.6998162465279,0.0240333045601568,0.0237490500729508,0.0192574665628748,-0.0065774924963615,0.8020404445021467,0.1979595554978532,0.5336345695061406,0.46636543049385937,0.46636543049385937,0.5862574957175627,3,0.06547250027563883,0.31836215543792157,0.1480032750559378,0.5283513833431995,0.9428090415820634,0.29841141885549005
2023-10-09,45.241363525390625,45.573132266606365,44.33699712951298,44.810664938003,409675000,43.64148178100586,44.80909492492676,44.19697135116304,44.27286918866601,58.04939519262323,-0.0758978375029642,-0.4224559630717324,0.3465581255687682,46.47763330695041,40.80533025506131,0.1253786935202706,1.3397780315397587,38414993000.0,89.27010291594856,92.36655586607212,-0.0106857350829602,-0.0107432375544092,0.0193131420172721,0.0181564504890152,0.8021827071881324,0.19781729281186763,0.533335814913308,0.46666418508669205,0.46666418508669205,0.5859292802505807,3,0.3765822735998266,0.33034551516484145,0.1363186699218506,0.533520607955149,0.9428090415820634,0.29860258178504595
2023-10-10,45.76599884033203,46.22667525132618,45.05649586993077,45.27834086872442,368582000,43.68784942626953,44.79056503295899,44.43836019565058,44.38347138508571,67.5613494842826,0.0548888105648686,-0.3269870083444122,0.3818758189092808,46.63457678401232,40.741122068526735,0.1287736499764075,1.3034460899151057,38783575000.0,91.26731685446164,93.3253213008635,0.0115963639037308,0.0115296414059981,0.0193955482059176,-0.0406130321851232,0.3696621602327648,0.6303378397672351,0.8221111929408726,-0.17788880705912738,0.17788880705912738,0.9031814592164421,3,0.251713602840475,0.25131069275654383,-0.4291994998156712,0.4111897934920829,0.816496580927726,0.12133546802258346
2023-10-11,46.773292541503906,46.8262569088581,46.017820302651025,46.16371818891468,378137000,43.753853225708006,44.79661743164063,44.7975805565511,44.560495174450026,79.18128774321848,0.2370853821010712,-0.2141725302553155,0.4512579123563867,46.9181779867862,40.589528464629815,0.1353047685608343,1.289312655347833,39161712000.0,99.06720544039712,93.20154173693578,0.0220096518528112,0.0217709358199031,0.0197626414438166,-0.0984916980512241,0.8020293261474128,0.1979706738525871,0.5336579114675637,0.4663420885324363,0.4663420885324363,0.5862831394832236,3,0.2517058221866673,0.2787905931703967,0.18755149536203958,0.28320968399222474,0.9428090415820634,0.29839648312618494
2023-10-12,46.91219329833984,47.575730741552675,46.297625211200135,46.74431143305413,481325000,43.822005081176755,44.85017288208008,45.122905593749365,44.7346950354789,78.18268995436046,0.3882105582704653,-0.0936959125501593,0.4819064708206247,47.20059475723067,40.44341540512284,0.144038870856779,1.302232003090625,39643037000.0,89.67659432113209,93.33703887199697,0.0029696595917998,0.0029652588630458,0.0197646988220647,-0.1031844036510744,0.9525739177063226,0.047426082293677375,1.5429477209227827e-06,0.9999984570522791,0.9999984570522791,1.6951013269782223e-06,3,0.429483912841863,0.27879048920559935,0.7212079678466797,0.4175501707563882,0.0,0.9549985264849264
2023-10-13,45.42923355102539,47.0830797443062,45.24836026520754,46.92718670300792,474115000,43.900000953674315,44.86915298461914,45.170032971791834,44.78614233292679,65.66698478301453,0.3838906388650471,0.0018213977328819,0.3820692411321652,47.35436209790195,40.44563980944668,0.1520765759936385,1.3362797123342804,39168922000.0,64.0802747845159,84.27469151534838,-0.0316113923278648,-0.0321218180599885,0.0192524606366371,-0.0896152414463647,0.9370045895560596,0.0629954104439404,0.10012456442547357,0.8998754355745264,0.8998754355745264,0.10999807687536713,3,0.7887386603864143,0.47401057069994185,0.4258648648745846,0.4655297313390425,0.42877190884142585,0.7304135836975281
2023-10-16,46.06278610229492,46.19269250254442,44.88061041339965,45.03150585760048,375099000,44.00637664794922,44.89750671386719,45.30737960725385,44.88070853806517,69.62476333774728,0.4266710691886857,0.0867913320240427,0.339879737164643,47.593780976121614,40.41897231977682,0.1557614999755156,1.3468436718643784,39544021000.0,74.68221437288231,76.14636115951009,0.013945922080282,0.0138495724650548,0.0194382368990719,-0.0676862428192005,0.14317250894126826,0.8568274910587318,0.4036045516915313,-0.5963954483084687,0.5963954483084687,0.4434049202506996,3,0.4344928147727793,0.360708763053171,-0.9571042113616397,0.6906030501883418,0.8392750033698627,0.4022522276957359
2023-10-17,43.90730285644531,44.722734656513275,42.450321291409665,43.96925981519668,812333000,44.02726249694824,44.86802215576172,45.09198318405254,44.80860441350073,55.995133883238694,0.2833787705518062,0.1261088197295954,0.1572699508222108,47.60685377489298,40.447671219003496,0.1630522052173506,1.516153195229341,38731688000.0,33.181741296308644,57.31474348456894,-0.0467944609573284,-0.0479247227770863,0.0222254752955683,-0.0062588857237284,0.9499680346833702,0.050031965316629866,0.01874459038824383,0.9812554096117562,0.9812554096117562,0.02059303734657481,3,0.428245132292605,0.4342644743557277,0.5469909352560285,0.6767779544670386,0.4714045207910317,0.7824854832488849
2023-10-18,42.16651153564453,43.18879926057118,41.79577241593963,42.5612359572998,627294000,44.02511367797852,44.818769989013674,44.641910622759,44.61289382995583,46.66316525121272,0.0290167928031692,0.1066904143443102,-0.0776736215411409,47.60934808987633,40.44087926608071,0.170003838656084,1.5719719836430963,38104394000.0,6.414217867244508,38.09272451214515,-0.0396469654829924,-0.0404543178330635,0.0230563888113709,-0.0098824845766547,0.8389768072076143,0.16102319279238575,0.4497884488371571,0.5502115511628429,0.5502115511628429,0.49414311719346815,3,0.31169050415537713,0.4461998123666064,0.10401173879623654,0.6752170177754503,0.10353403821220074,0.5064112716177697
2023-10-19,42.07158660888672,43.26675013363428,41.85273785103801,42.781089631153165,501233000,44.07927627563477,44.80978645324707,44.24647615908634,44.42464885061738,44.65023571098349,-0.1781726915310386,0.0497177931692404,-0.2278904847002791,47.49926602500398,40.659286526265554,0.1625795471496107,1.5976680487246395,37603161000.0,4.771906255398738,14.789288472983964,-0.0022511923159109,-0.0022537300586792,0.0220309757415899,-0.0421606529949639,0.19781619278979098,0.802183807210209,0.5333335042136154,-0.4666664957863846,0.4666664957863846,0.5859267416875029,3,0.35493348832940513,0.4049458568341411,-0.8716123526205257,0.7540553028996242,0.9428090415820634,0.2986040603233953
2023-10-20,41.35808181762695,42.4403252529677,41.049295810508625,41.860728698935155,477266000,44.06813430786133,44.789850082397464,43.80210779886182,44.19749573706253,36.41675347901958,-0.395387938200713,-0.0393033531047502,-0.3560845850959628,47.52366245390567,40.612606161816984,0.1671029213241503,1.5773972975345243,37125895000.0,4.731312122675498,5.305812081772914,-0.0169593031490058,-0.0171047590297018,0.0221808822037431,-0.0214318266947666,0.21723250112301207,0.7827674988769879,0.5727108327050789,-0.4272891672949211,0.4272891672949211,0.6291871586631457,3,-0.11458137063948726,0.27728424885880426,-0.7045734161537254,0.7108618024713776,0.9428090415820634,0.27340784358530446
2023-10-23,42.944969177246094,43.217781037891605,40.91638888400306,41.20019083203981,478530000,44.10575790405274,44.83228759765625,43.670240318613246,44.10471599189094,47.88613995454804,-0.4344756732776957,-0.1183378171393393,-0.3161378561383564,47.49096970646997,40.720546101635506,0.1576534745406615,1.607304884797501,37604425000.0,30.462173835371335,13.321797404481856,0.0383694622641517,0.0376516580839338,0.0235944455992604,-0.0422105948906736,0.19785679119522953,0.8021432088047705,0.5334187785638946,-0.4665812214361054,0.4665812214361054,0.586020425136628,3,-0.45351229483913674,0.06777286621760653,-0.534354087653712,0.6851647974585094,0.9428090415820634,0.2985494961593408
2023-10-24,43.63249206542969,43.66646870701763,42.661174865100485,43.046902951307125,401463000,44.19329719543457,44.83056098937988,43.664432895046545,44.0697364417827,48.54437832574447,-0.4053035467361567,-0.1757309630587028,-0.2295725836774539,47.42334338015962,40.96325101070951,0.148056919594755,1.6183682279544824,38005888000.0,40.78636056113487,25.326615506393903,0.0160093929825864,0.0158825941751556,0.0237289285719748,-0.0660284371493048,0.9376777564148789,0.06232224358512109,0.09630401841513991,0.9036959815848601,0.9036959815848601,0.10580077807899266,3,0.003275197617944888,0.06831865850479706,0.8353773230800631,0.6587312140678849,0.4291096661947442,0.7334126327894881
2023-10-25,41.74980163574219,43.619496263453854,41.52595915637694,43.367669662136635,398379000,44.15887107849121,44.78744338989258,43.369874239768954,43.897889419113035,39.77214980044404,-0.5280151793440808,-0.2461878063157784,-0.2818273730283023,47.48103678246987,40.83670537451255,0.1591464186088272,1.696599587829519,37607509000.0,12.514941708078046,27.92115870152809,-0.0431488173277906,-0.0441074036209645,0.0256350221292248,0.0130689865009328,0.9521438473099929,0.047856152690007134,0.0031611896679091256,0.9968388103320909,0.9968388103320909,0.0034729218159756264,3,0.47798452349361553,0.2959235525963056,0.7009152577357853,0.7697542107536157,0.0,0.9519810638671468
2023-10-26,40.297821044921875,42.22647269652664,39.852133556535904,41.8237544285133,541001000,44.020817565917966,44.724359130859376,42.897250671330944,43.63121768769147,31.38354737649361,-0.7339670163605234,-0.3437436483247275,-0.3902233680357959,47.74106953747209,40.30056559436384,0.1846378724748907,1.740354633622847,37066508000.0,5.770465207492546,19.69058915890182,-0.0347781434625371,-0.0353973009192,0.0264674275037312,0.0788573691819407,0.4826859352852111,0.5173140647147889,0.9769053464371127,-0.023094653562887285,0.023094653562887285,1.073240218461389,3,0.6258133794513548,0.15244497214278505,-0.17553962570567233,0.7102252428191012,0.8955419357123644,0.01514235852225926
2023-10-27,40.471702575683594,41.177210573030834,39.987040836148445,41.1012634608965,416784000,43.87097225189209,44.66759033203125,42.52408942584674,43.39717953124644,33.293667600670986,-0.8730901053996973,-0.4496129397397215,-0.4234771656599758,47.912428877479826,39.82951562630436,0.1997176480544676,1.7258649504782362,37483292000.0,8.021767632695708,8.769058182755431,0.0043149114828786,0.0043056289449662,0.0263636313833825,0.1112345130466205,0.04742594987610417,0.9525740501238958,5.659152234605003e-07,-0.9999994340847765,0.9999994340847765,6.21721418838065e-07,3,-0.008751759105190623,-0.06901374003544629,-0.9309856940493303,0.8652778752198634,0.0,0.9549994595509617
2023-10-30,41.13223648071289,41.73681325645553,40.45271135167305,41.05829069172662,388028000,43.69004878997803,44.62493156433106,42.309958203518455,43.229405971947656,33.92272558052754,-0.9194477684292012,-0.5435799054776175,-0.3758678629515836,47.88667881739129,39.493418762564765,0.2040555236708844,1.7340022735773124,37871320000.0,16.57392136522288,10.12205140180371,0.0163208825671239,0.0161891285910662,0.025658039596471,0.1115133137566752,0.40683404292775394,0.5931659570722461,0.87431037511771,-0.12568962488229,0.12568962488229,0.960528122214341,3,-0.38292790417665096,-0.020302758477718497,-0.1053868664045715,0.8236592464182526,0.816496580927726,0.08573113571786758
2023-10-31,40.75150680541992,40.850440472726774,39.20259051438913,40.421739350493176,517969000,43.55329494476318,44.50135536193848,42.07019644996483,43.0458578855382,28.15715471656094,-0.9756614355733646,-0.6299962114967669,-0.3456652240765977,47.95126554639038,39.15532434313598,0.2158433366710392,1.7961014091342906,37353351000.0,18.498630726628967,14.364773241515849,-0.009256235689287,-0.0092993408393348,0.0250534718123881,0.1269004095663266,0.9403863845144375,0.05961361548556254,0.08053105252080561,0.9194689474791944,0.9194689474791944,0.08847240391873401,3,-0.06874003716262371,0.17209125791858373,0.7473776895606107,0.8272880756033396,0.12065377796439399,0.8410120181458126
2023-11-01,42.29542922973633,42.35138985981638,40.840445223590976,40.8554341335007,437593000,43.46755523681641,44.434617309570314,42.104847646852754,42.99027057770102,34.802643294397114,-0.8854229308482644,-0.6810815553670664,-0.204341375481198,47.89478217723867,39.04032829639415,0.209347772137498,1.8190855179945704,37790944000.0,39.24678563372999,24.773112575193945,0.0378862659407495,0.0371862083557893,0.0264921782868738,0.1003897815313163,0.47382851975988427,0.5261714802401157,0.9650727719704681,-0.03492722802953191,0.03492722802953191,1.060240806745753,3,0.2529506981891245,0.2337561141195228,-0.2686833421490547,0.6798912419370895,0.8886465834402926,0.02298106401733905
2023-11-02,43.47560119628906,43.85333542629518,42.86402931226099,43.297724168934685,409172000,43.40849666595459,44.36254524230957,42.315732808304496,43.02622099389273,43.43827567833577,-0.7104881855882326,-0.6869628814112997,-0.0235253041769328,47.80029945577146,39.016693876137715,0.2020352873322309,1.7993131406702985,38200116000.0,61.129446874011926,39.62495441145696,0.0279030615847963,0.0275208645173666,0.0270793049482953,0.079161397675221,0.7621542751437721,0.23784572485622782,0.611824417528917,0.38817558247108297,0.38817558247108297,0.6721578236044767,3,0.42423910064024883,0.16011034281755462,0.22806523965352835,0.7086601139810972,0.9013305215805576,0.2537621295635225
2023-11-03,44.97355270385742,45.27733731815709,43.69244703893823,43.989240387189966,424610000,43.370673179626465,44.3194930267334,42.7246281768511,43.17046778722344,46.54233054329278,-0.4458396103723459,-0.6387382272035089,0.192898616831163,47.690736093188704,39.050610266064226,0.1921157059576351,1.8342884287219592,38624726000.0,94.99922177725612,65.12515142833269,0.0344549923715884,0.0338747106079986,0.0276797567597932,0.0739917318282035,0.9525507628289425,0.047449237171057576,0.00017234951935030107,0.9998276504806497,0.9998276504806497,0.00018934529990428294,3,0.4510253349740673,0.16053731998163445,0.8392903304990152,0.5222496990119682,0.0,0.9548354062090204
2023-11-06,45.71902847290039,45.90290181424292,44.867622664486824,45.25335451197863,400733000,43.39455642700195,44.31423248291016,43.18530514547407,43.359250060236555,56.316607998596886,-0.1739449147624867,-0.5457795647153045,0.3718346499528178,47.76317331073562,39.02593954326829,0.1911071617072147,1.6502037386413049,39025459000.0,97.25574926169332,84.4614726376538,0.0165758701330933,0.0164399898971979,0.0278209677745854,0.0627090483087606,0.9525724769039924,0.04742752309600754,1.2173625202782645e-05,0.9999878263747972,0.9999878263747972,1.3374094245416824e-05,3,0.7959970197755103,0.30669195997273224,0.693295866402065,0.46234731679593793,0.0,0.9549883741879313
2023-11-07,45.922889709472656,46.18570260804149,45.12644574728523,45.687054558944546,343165000,43.402400970458984,44.29672187805176,43.606472001473854,43.5491492935133,64.66872349924557,0.0573227079605516,-0.4251591101801333,0.4824818181406849,47.78947200740549,39.01532993351248,0.1910624991023408,1.5750413400877743,39368624000.0,96.23645022439074,96.16380708778006,0.0044590019381778,0.0044490900428863,0.0277220808995055,0.0805352201827318,0.44947423055539265,0.5505257694446073,0.9324015856964846,-0.06759841430351543,0.06759841430351543,1.0243478400197896,3,0.6440723541839776,0.4398921056557695,-0.507490519959285,0.5271219708970953,0.9428090415820634,0.04325393222935056
2023-11-08,46.54145812988281,46.834252666745705,45.93587876150922,46.067786497149605,346719000,43.39080924987793,44.25263313293457,44.05800832892139,43.77080179991104,66.7691251046022,0.2872065290103478,-0.282685982342037,0.569892511352385,47.74145217518978,39.04016632456609,0.1869577404803496,1.539137816850401,39715343000.0,96.16342374728794,96.551874411124,0.0134697190077426,0.0133798088195094,0.0274382784376042,0.0496845063883932,0.16145106645741492,0.8385489335425852,0.4508430548965596,-0.5491569451034404,0.5491569451034404,0.4953017203700316,3,0.12774415565594752,0.37939677419560525,-0.9285537192990456,0.6762024440631649,0.4714045207910317,0.437915891580934
2023-11-09,46.91719055175781,48.19629482563236,46.71732955595706,47.43382754729244,540496000,43.39105911254883,44.206466598510744,44.49788251705007,44.00386763338117,71.39779513611543,0.4940148836689033,-0.127345809139849,0.6213606928087523,47.74255405404332,39.039564171054344,0.185496824951359,1.5579811920854345,40255839000.0,85.77778154065743,92.72588517077872,0.0080730694089223,0.008040656514919,0.0274899381377773,0.0538872889472854,0.8017545659830777,0.19824543401692224,0.5342344317437333,0.46576556825626664,0.46576556825626664,0.58691651174329,3,-0.050329930383562684,0.31458200573518696,0.15118356252107967,0.6780634485215769,0.9428090415820634,0.29802758735827056
2023-11-10,48.30122375488281,48.43812905946533,47.24996072733801,47.466808147596865,421245000,43.5346586227417,44.186162109375,45.08301193825511,44.322190309047954,70.94404908627085,0.7608216292071575,0.0502876785295522,0.7105339506776052,48.33568503623227,38.733632209251134,0.1987952287856983,1.5022345030725042,40677084000.0,98.51762509679864,93.48627679491467,0.0294994902049425,0.0290727522985447,0.0271425272089891,0.0199235879422607,0.4488349577869979,0.5511650422130021,0.9315403154694066,-0.0684596845305934,0.0684596845305934,1.0234016379644577,3,-0.05061702045925534,0.30979165480646387,-0.37825133933705724,0.5928521777112588,0.9428090415820634,0.04380502983152097
2023-11-13,48.58602523803711,49.08168084897678,48.06538938330792,48.28623562834099,384136000,43.66082057952881,44.18846046447754,45.621937061298496,44.63802993341752,69.99918981244045,0.9839071278809756,0.2370115683998369,0.7468955594811385,48.857851083917645,38.463790075139975,0.2139310832251482,1.5030200476261977,41061220000.0,94.98278085225964,93.09272916323856,0.0058963616449885,0.0058790461369888,0.0270377457544285,0.0367955648847979,0.8021825190803293,0.19781748091967058,0.533336210050447,0.46666378994955304,0.46666378994955304,0.5859297143530973,3,0.2879898912250758,0.32100425587481674,0.1456595340747363,0.4281703219412401,0.9428090415820634,0.29860232895019456
2023-11-14,49.621299743652344,49.799176764113575,49.00573287416369,49.645285046741414,416954000,43.94652042388916,44.21068489074707,46.23722362781447,45.00716103047195,84.11438673483116,1.230062597342524,0.4356217741883744,0.7944408231541498,49.78878781238282,38.1042530353955,0.2354741781724899,1.4392070916993205,41478174000.0,98.32137428741191,97.27392674549009,0.0213080716223055,0.021084228853076,0.0246136969440146,0.0057999253685792,0.44736110986233873,0.5526388901376613,0.9295537779510659,-0.07044622204893417,0.07044622204893417,1.0212192034349084,3,0.10925262779000884,0.16810798837059046,-0.23855421041952463,0.4283667845676963,0.9428090415820634,0.045076147801885895
2023-11-15,48.85384750366211,49.92509720541722,48.16632841250053,49.90011695754839,475497000,44.28088722229004,44.24719955444336,46.63978114717565,45.29210076922678,89.42000889026852,1.347680377948869,0.6180334949404733,0.7296468830083958,50.45050417605379,38.11127026852629,0.2525744549925683,1.3952377811940306,41002677000.0,90.00933519070168,94.43783011012442,-0.015466185770122,-0.0155870348905756,0.0227552310070561,-0.0035184589868009,0.6456509953872399,0.35434900461276003,0.8000077377424664,0.1999922622575337,0.1999922622575337,0.8788983317134479,3,0.1987366100527179,0.05382290778240996,0.14616935447512375,0.2678358948340525,0.816496580927726,0.1364119257590357
2023-11-16,49.445430755615234,49.49040129899944,48.296236480687845,48.64499167888518,339756000,44.64957942962646,44.311934356689456,47.07141954847405,45.59975484229259,89.8121335053221,1.471664706181457,0.7887597371886701,0.6829049689927869,51.13645111544036,38.16270774381257,0.2623850813586943,1.3955231441532594,41342433000.0,95.5265455683175,94.61908501547704,0.0121092458871081,0.012036515520372,0.0226532313773776,-0.0344382113534492,0.8663396446991978,0.13366035530080222,0.37700829640955325,0.6229917035904468,0.6229917035904468,0.4141859473653644,3,0.2508459145996825,0.15247863891011887,0.4705130646803279,0.3125294779913397,0.10353403821220074,0.5733976688707959
2023-11-17,49.26355743408203,49.68226341163358,48.9727603803161,49.489397461523026,325205000,45.04485321044922,44.38640235900879,47.408671530875274,45.871147626869586,87.67489504902127,1.5375239040056885,0.9385125705520738,0.5990113334536145,51.649598785591195,38.44010763530724,0.2681392054960534,1.354480367477188,41017228000.0,93.83036270029076,93.12208115310332,-0.0036782634664892,-0.0036850449119563,0.0220590753934807,-0.0214208512123063,0.9428549376688444,0.0571450623311555,0.0655601826609633,0.9344398173390367,0.9344398173390367,0.07202522231866022,3,0.585807927729006,0.36442103354475847,0.5700187837942783,0.38613368448056967,0.14876076397892118,0.8459266078695273
2023-11-20,50.373775482177734,50.51267829045294,49.14663294635536,49.27754192431734,414120000,45.4162935256958,44.49094924926758,47.86484136953719,46.20467561615167,91.75998452496884,1.6601657533855203,1.0828432071187633,0.577322546266757,52.35112090188166,38.48146614950994,0.2753348268937833,1.314223180175318,41431348000.0,98.56390134211368,95.97360320357396,0.0225362946957545,0.0222861043398182,0.0212182827179647,-0.0513399927891949,0.6890645462543055,0.31093545374569453,0.7347501329070905,0.26524986709290954,0.26524986709290954,0.8072055251122565,3,0.6075604626741313,0.33577593337856454,-0.070526066285655,0.39191042210571625,0.8617633073967319,0.1769098881036957
2023-11-21,49.90909957885742,50.48169721701578,49.187603987551,50.09097160509128,565747000,45.730123901367186,44.59235832214355,48.17934263250953,46.47907739116691,86.4580949892619,1.7002652413426205,1.2063276139635348,0.4939376273790856,52.88950882776982,38.57073897496455,0.2868969781789254,1.292381049823055,40865601000.0,92.10868855091212,94.83431753110553,-0.0092245597808072,-0.0092673695029883,0.021479635225553,-0.0361203546089153,0.952573909053269,0.04742609094673095,1.606793496033987e-06,0.999998393206504,0.999998393206504,1.7652430800949317e-06,3,0.7332293592128171,0.4884128016267213,0.5115855915797827,0.36889644951108475,0.0,0.9549984655122112
2023-11-22,48.68195724487305,50.29982538193606,47.6566732297451,49.81716500278888,899420000,46.07673168182373,44.65693313598633,48.25666795748853,46.64225367662662,74.81901475173548,1.614414280861908,1.2879449473432094,0.3264693335186985,53.09456430827273,39.05889905537473,0.2883134953325273,1.369898618082491,39966181000.0,73.15749307026971,87.94336098776516,-0.0245875470473168,-0.0248948687662726,0.0195113271066606,-0.0399457501020829,0.09253528992049093,0.9074647100795091,0.23897846866557593,-0.7610215313344241,0.7610215313344241,0.26254468240308854,3,0.16807557632166356,0.31302918430043886,-1.0740507156348629,0.7177599767092308,0.4714045207910317,0.6068637124198217
2023-11-24,47.742618560791016,48.8868189750065,47.711638178100976,48.43613388773008,294645000,46.448971557617185,44.700802383422854,48.17758343491968,46.72376218656473,63.942886424302344,1.4538212483549555,1.3211202075455588,0.1327010408093969,52.946671565476635,39.951271549757735,0.2721970517635467,1.325144666299455,39671536000.0,50.92945200700056,72.06521120939414,-0.0192954173834282,-0.0194840037931364,0.0179760239344063,-0.0211613797707966,0.56978851775772,0.4302114822422799,0.9063372121489601,0.09366278785103993,0.09366278785103993,0.9957131989440432,6,0.11087988324104031,0.3364733285718638,-0.24281054072082386,0.7179575025649516,0.6759787586785364,0.06506761040595173
2023-11-27,48.208290100097656,48.49608705256933,47.6187022270162,47.766597618423056,395662000,46.83580093383789,44.78758186340332,48.18230753725476,46.833727217196795,62.89742570079697,1.3485803200579625,1.3266122300480396,0.0219680900099228,52.72817278293285,40.94342908474293,0.2444547125343086,1.3138665002849577,40067198000.0,57.21706828550303,60.434671120924435,0.0097537913366376,0.0097065301823755,0.0179478703428111,-0.0566313121393969,0.050036590939457934,0.9499634090605421,0.018777029831362424,-0.9812229701686376,0.9812229701686376,0.020628675717422443,3,-0.5495272378840069,0.167728295368125,-1.1489512655367626,0.8049363914753971,0.4714045207910317,0.7824596149651777
2023-11-28,47.7875862121582,48.28923817471284,47.439829789625705,48.20229716306376,401491000,47.16856842041015,44.86462814331055,48.1215811795476,46.90438343904579,59.44908989617651,1.2171977405018095,1.3047293321387936,-0.0875315916369838,52.421753565097234,41.91538327572307,0.2198556387160879,1.2988773234514492,39665707000.0,40.45856582824269,49.53502870691543,-0.0087267954757557,-0.0087650969509637,0.0182763988594577,-0.0261580593760998,0.4489426597065329,0.5510573402934671,0.9316854344377666,-0.06831456556223336,0.06831456556223336,1.0235610674464168,3,-0.3186249159599433,0.06897025691774214,-0.1372848224799755,0.7830389767853603,0.9428090415820634,0.04371217312641464
2023-11-29,48.10636520385742,48.72793227517069,47.826562052543174,48.34520044689955,382005000,47.536311340332034,44.9569637298584,48.119240260210645,46.99341912532813,58.17843257349337,1.1258211348825142,1.2689476926875378,-0.1431265578050236,51.84241149840945,43.23021118225462,0.1790241328701395,1.3009475452899804,40047712000.0,36.59836670368262,44.75800027247613,0.0066707489740946,0.0066485979827254,0.0178412055666838,-0.0546945692162944,0.06066770143326726,0.9393322985667326,0.08674738422081307,-0.9132526157791869,0.9132526157791869,0.09530174231479932,3,-0.6542633838366856,-0.1949858049562898,-0.7182668108228971,0.5014692374158222,0.4714045207910317,0.7282578087075483
2023-11-30,46.73731994628906,48.07638377452515,46.3895635380406,47.990441518765145,526247000,47.75840587615967,45.0475203704834,47.90663713499194,46.97444881576968,49.14838766550184,0.9321883192222558,1.2015958179944817,-0.2694074987722257,51.32024722455253,44.19656452776681,0.1524195804332024,1.3053736145805002,39521465000.0,8.434313111481003,28.497081881135443,-0.0284587133483654,-0.0288715132275731,0.0182492035545897,-0.0036327403046121,0.9404862938579823,0.05951370614201778,0.07993652198914081,0.9200634780108592,0.9200634780108592,0.08781924537065866,3,-0.02050123444351996,-0.10144100339658271,1.0215044814074419,0.7868673342551463,0.4714045207910317,0.7336890152746542
2023-12-01,46.73231887817383,47.16701626199501,46.15472368293033,46.49248873071015,369317000,47.921241760253906,45.16240005493164,47.72597278778915,46.95651326483666,41.456218768467295,0.769459522952495,1.1151685589860842,-0.3457090360335892,50.9104158622202,44.932067658287615,0.127927488886599,1.269041762534583,39152148000.0,13.253813936334398,19.428831250499343,-0.0001070037417845,-0.0001070094670933,0.0174704318663832,0.0159345703723663,0.14317085311310626,0.8568291468868937,0.4036000524109842,-0.5963999475890158,0.5963999475890158,0.4433999772858004,3,-0.1965296951191141,-0.32949790922451416,-0.26690203836450166,0.7852321666780557,0.8392750033698627,0.4022552623359703
2023-12-04,45.47819137573242,46.044796441168046,44.978540825820026,46.044796441168046,437543000,47.94647369384766,45.24034545898437,47.38016026285735,46.84700793971783,34.69181060636758,0.5331523231395252,0.9987653118167724,-0.4656129886772473,50.83780047015157,45.05514691754375,0.1271522322607906,1.3217193758692218,38714605000.0,9.028517144997462,10.238881397604294,-0.0268364064216625,-0.0272030777548935,0.0171764995657887,0.0246343788519132,0.40513374391946455,0.5948662560805353,0.8719602146365304,-0.12803978536346966,0.12803978536346966,0.9579462070293749,3,0.06520791501945832,-0.23907194551437777,0.11103216015090811,0.6952984414583692,0.816496580927726,0.08733414732172488
2023-12-05,46.53755569458008,46.571531508809755,45.243344800588865,45.43822537417424,371718000,47.98740005493164,45.32724662780762,47.2505287908147,46.82408555118911,34.84643131789869,0.4264432396255913,0.8843008973785363,-0.457857657752945,50.76698534701066,45.20781476285262,0.1194555773543877,1.3299361745938236,39086323000.0,28.17087357228765,16.817734884539842,0.0232938972901404,0.0230267353384069,0.0175646394068139,0.023429078192368,0.047425887931986294,0.9525741120680137,1.0886460266590348e-07,-0.9999998911353973,0.9999998911353973,1.1959999028973262e-07,3,-0.5748132080292939,-0.3953094710838688,-0.6046904200515285,0.7846311709135604,0.0,0.9549998960343045
2023-12-06,45.4752082824707,47.35806035008873,45.38426425543371,47.1861645112679,380590000,47.965015983581544,45.39911666870117,46.977402558761774,46.72416871646922,33.864944169094485,0.2532338422925519,0.7580874863613395,-0.5048536440687875,50.82077035835148,45.10926160881161,0.1255960987371988,1.345295267575133,38705733000.0,8.974613654521415,15.39133479060218,-0.0228277440929949,-0.0230923314189051,0.0183278081368869,0.0568093271626255,0.7621207773504035,0.23787922264959654,0.6118860111402074,0.38811398885979265,0.38811398885979265,0.6722254911027438,3,-0.24664189587969107,-0.19968990550837876,0.5878038943681714,0.7639668352753906,0.9013305215805576,0.2537218639551887
2023-12-07,46.567535400390625,46.60051618631754,45.57614082890342,45.67208285394523,350823000,47.96631984710693,45.4817008972168,46.91434607285852,46.71256624861155,36.88361926819522,0.2017798242469695,0.6468259539384655,-0.445046129691496,50.81936007222598,45.11327962198788,0.1225334431203383,1.3403769165419364,39056556000.0,28.712596758542443,21.95269466178384,0.0240202774033468,0.0237363285729619,0.0188891480334317,0.0376425774530202,0.19781663279693754,0.8021833672030624,0.5333344284911165,-0.46666557150888355,0.46666557150888355,0.5859277571101238,3,-0.3595171579281624,-0.25659719207218595,-0.2100683794366976,0.5220968856584752,0.9428090415820634,0.29860346890957584
2023-12-08,47.47697830200195,47.71183534651791,46.52156105756746,46.566535548739374,359224000,47.99430923461914,45.5700626373291,47.00090487734213,46.769189363677505,42.36386179148497,0.2317155136646249,0.5638038658836975,-0.3320883522190725,50.81481115905666,45.173807310181616,0.1188155617864412,1.3747177206585772,39415780000.0,45.14592367279031,27.61104469528473,0.0195295476514245,0.0193412931052031,0.0193095780582732,0.0291332702063065,0.8021311460614352,0.19786885393856482,0.5334441130434497,0.4665558869565502,0.4665558869565502,0.5860482579071942,3,0.1293347681024868,-0.05948169168136634,0.5260375786379166,0.6109310759246953,0.9428090415820634,0.29853328548527347
2023-12-11,46.59851837158203,47.50196552269277,45.80200812005124,47.46199285274284,509728000,47.9091739654541,45.63266082763672,46.938999261071345,46.75654706796673,33.537778727488785,0.1824521931046163,0.4875335313278812,-0.3050813382232649,50.79275445475494,45.02559347615326,0.1237627542707187,1.3985685819831453,38906052000.0,29.4372434710262,34.43192130078632,-0.0185028610041696,-0.0186761802002514,0.0185177414272501,0.0739913529687883,0.9453001684356862,0.05469983156431371,0.05011937151553769,0.9498806284844623,0.9498806284844623,0.05506175744729214,3,0.31659031464404336,-0.055222098756565884,1.0051027272410282,0.7850992532794796,0.10353403821220074,0.8742641915446356
2023-12-12,47.62788772583008,47.63688109924922,46.017871828359986,46.017871828359986,372387000,47.86126708984375,45.69020446777344,47.044982101803456,46.821090820401054,40.51953680357903,0.2238912814024019,0.4348050813427854,-0.2109137999403835,50.729294690481815,44.993239489205685,0.1204348014401925,1.421776870656321,39278439000.0,49.78773210816437,41.45696641732696,0.0220901734694596,0.0218497202468597,0.0192054074396513,0.0408543122287574,0.047429128821237315,0.9525708711787627,2.4020792397161372e-05,-0.9999759792076028,0.9999759792076028,2.6389537711066988e-05,3,0.1388201787444702,-0.11287581755922117,-0.8871001616483817,0.7850911244584828,0.0,0.9549770601432607
2023-12-13,48.058624267578125,48.56431567041087,47.5789179572985,47.59990503689136,447792000,47.78313331604003,45.78164527893066,47.20092705038417,46.91275996463639,47.22586190298312,0.28816708574778,0.4054774822237843,-0.1173103964760042,50.53193796309964,45.03432866898043,0.114393813345757,1.3033658392935643,39726231000.0,78.80921785495592,52.67806447804884,0.0090437884675378,0.0090031383163696,0.0186494371810041,0.0004782398867146,0.952561022562992,0.04743897743700805,9.667631878418348e-05,0.9999033236812158,0.9999033236812158,0.00010620979183949958,3,0.31660265765269213,0.04825891230430531,0.9516444113769105,0.8884111671343897,0.0,0.9549076741155611
2023-12-14,48.320457458496094,48.64026163902283,47.393026859915174,48.360433934153576,391232000,47.756463813781735,45.86784996032715,47.373162497786005,47.01703385307045,52.73670286400349,0.3561286447155609,0.3956077147221397,-0.0394790700065787,50.47167307418817,45.0412545533753,0.1123834252909798,1.3085125523080028,40117463000.0,89.13224124313601,72.5763970687521,0.0054482040405514,0.0054334162638191,0.0184059294269469,0.0132369215621352,0.7657331063661499,0.23426689363385,0.6052091175228346,0.39479088247716543,0.39479088247716543,0.6648901737245683,3,0.1315727423169265,0.2475147371061,0.14727614537106543,0.8092449815158332,0.9086500397905722,0.2571208762199333
2023-12-15,48.860137939453125,49.37382393315781,48.0906077891267,48.16456390223083,479948000,47.727199172973634,45.951917266845705,47.60192795035018,47.15356008169138,53.06572505220762,0.4483678686587993,0.4061597455094716,0.0422081231493276,50.37760431253339,45.07679403341387,0.1084894661101492,1.3375005036278584,40597411000.0,88.312789368898,85.41808282232996,0.0111687783879235,0.0111068681307065,0.0183734953177166,-0.0012273203381033,0.16026532531696333,0.8397346746830366,0.44791491552065066,-0.5520850844793493,0.5520850844793493,0.4920848304687251,3,0.2808697072263443,0.11320058377193686,-0.6652856682512862,0.8995935179334763,0.4714045207910317,0.44025088666186285
2023-12-18,50.04640579223633,50.4021872923408,49.1199739909024,49.369821256751614,412587000,47.766341590881346,46.03824493408203,47.97800146448651,47.367844949139155,59.90990078990871,0.6101565153473558,0.4469590994770485,0.1631974158703073,50.53286154912016,44.99982163264253,0.1105581875239474,1.386974858470754,41009998000.0,93.44017897857005,90.29506986353468,0.0242788478054076,0.023988801857017,0.0191603597061983,-0.0159354511441673,0.8017140736484295,0.19828592635157039,0.534319344618585,0.465680655381415,0.465680655381415,0.5870097980710681,3,0.10279548445974407,0.24639290189912239,0.21928775348229262,0.8152090821224629,0.9428090415820634,0.29797325449008016
2023-12-19,49.573692321777344,49.66963433728467,48.86512588284418,49.39380199579273,464444000,47.72633743286133,46.12489151000977,48.22349236560818,47.53124105081606,56.35167140854936,0.6922513147921237,0.4960175425400635,0.1962337722520601,50.35374575128371,45.098929114438945,0.1060001059177987,1.404184418926444,40545554000.0,84.72439203910405,88.82578679552404,-0.0094455028882876,-0.0094903945572545,0.0185912822913416,-0.0037697821221372,0.6456550813467126,0.3543449186532874,0.8000017846190297,0.1999982153809703,0.1999982153809703,0.8788917915388844,3,0.037864595427679025,0.2083132345311824,-0.0083150191502121,0.5617685607578667,0.816496580927726,0.1364159863012942
2023-12-20,48.08160781860352,49.9684548790202,48.0686152726536,49.624663268494515,397894000,47.63496284484863,46.171203689575194,48.201663973761306,47.57200895954105,55.75773511753893,0.6296550142202548,0.5227450368761019,0.1069099773441529,50.06223481993547,45.20769086976179,0.1009646759003633,1.417258557537142,40147660000.0,57.21366632884437,78.45941244883949,-0.030098312901304,-0.0305605661278212,0.0196543420936846,0.0293280748125341,0.21705415590939064,0.7829458440906094,0.5723611199476948,-0.42763888005230516,0.42763888005230516,0.6288029599303795,3,0.07934666357002708,0.011524733311644173,-0.4391636133639493,0.4741008794542801,0.9428090415820634,0.2736316129157463
2023-12-21,48.9600715637207,49.06500695718709,48.389417453965386,48.781180068606574,300425000,47.648868560791016,46.21493927001953,48.31834206452429,47.67482841170251,58.877476312902104,0.6435136528217811,0.5468987600652377,0.0966148927565433,50.1044179090988,45.19331921248323,0.1003082417929854,1.4151947403599203,40448085000.0,73.41058754002253,71.78288196932367,0.0182702655957627,0.0181053697257108,0.0193593952708408,0.010859405003152,0.14317181131422319,0.8568281886857767,0.4036026560775319,-0.5963973439224681,0.5963973439224681,0.4434028377058653,3,-0.274679336197934,0.06917882406666341,-0.6655761679891316,0.48333203301580374,0.8392750033698627,0.402253506234927
2023-12-22,48.8001708984375,49.352830653569725,48.43738988482299,49.16494577989552,252507000,47.70174617767334,46.252698822021486,48.392469577434014,47.75818711442362,64.50267167675077,0.6342824630103934,0.5643755006542689,0.0699069623561244,50.21076022274352,45.19273213260317,0.1028280843643729,1.3553135058165584,40195578000.0,68.94620455743517,66.5234861421007,-0.0032659401870991,-0.003271285010173,0.0188226975540442,-0.013557292800128,0.45012378518675034,0.5498762148132497,0.9332764780700551,-0.0667235219299449,0.0667235219299449,1.0253090075326563,3,-0.36358658196823906,-0.08319643959207383,0.016472917662128925,0.4369599068617698,0.9428090415820634,0.04269411827773204
2023-12-26,49.24889373779297,49.56969677808233,48.93008837769936,48.93808291084912,244200000,47.7537763595581,46.32909202575683,48.52422714056616,47.86860982726579,62.50346107709869,0.6556173133003682,0.5826238631834888,0.0729934501168794,50.34870686478745,45.15884585432875,0.1053802556071643,1.3154091609182683,40439778000.0,77.01651566125146,73.12443591956973,0.0091951079493008,0.0091530903188954,0.0188098466581654,-0.0347004276119954,0.6334951990323502,0.3665048009676498,0.8175863998305954,0.1824136001694046,0.1824136001694046,0.8982104659018108,6,-0.1602357552276691,-0.11353605135032538,0.29594965151972996,0.35914463713933664,0.6577953526164478,0.12777930047927627
2023-12-27,49.386810302734375,49.64965012045702,49.05501239405432,49.48075464580007,233648000,47.83373756408692,46.39557250976563,48.656932242438195,47.981069121744945,69.7198723747307,0.6758631206932506,0.6012717146854412,0.0745914060078094,50.52964816786581,45.137826960308026,0.1091753278761405,1.2168978489002455,40673426000.0,78.96048042453324,74.97440021440663,0.0028003992470508,0.0027964854342025,0.0186645161078928,-0.0287147308885149,0.1480570077638514,0.8519429922361487,0.4166925910407514,-0.5833074089592486,0.5833074089592486,0.4577836011143246,3,-0.1558724435732626,-0.11799638341888243,-0.4653110255403662,0.34334131027879294,0.4714045207910317,0.46514859975419
2023-12-28,49.49174880981445,49.85352719386826,49.38181539341571,49.6126770927999,246587000,47.90300674438477,46.50726142883301,48.78536556049608,48.0929713208612,66.37200262118364,0.6923942396348792,0.6194962196753288,0.0728980199595504,50.69779126658075,45.108222222188786,0.1129394127063767,1.170212412943511,40920013000.0,80.2086299417921,78.72854200919227,0.0021248286017423,0.0021225743461553,0.0186298977941866,-0.0085820333259724,0.5351706171591898,0.46482938284081016,0.9530282710005242,0.04697172899947577,0.04697172899947577,1.0470085699692975,3,-0.11797402659678903,-0.17781194433058803,0.2247836733300638,0.36366026307491983,0.7452407315351683,0.0331574978256114
2023-12-29,49.49174880981445,49.96646094313931,48.72121986722186,49.7825714182401,389293000,48.04072818756104,46.65376617431641,48.89403990654506,48.19658446819108,62.5592100416643,0.6974554383539839,0.6350880634110598,0.0623673749429241,50.86495902713317,45.216497347988906,0.1141293612567625,1.1741386120125823,40920013000.0,80.2086299417921,79.79258010270581,0.0,0.0,0.0172500492441999,0.0551471350508498,0.5210675824622728,0.47893241753772714,0.9718932488540658,0.028106751145934222,0.028106751145934222,1.06773386646465,3,-0.16940964293794583,-0.20236786779273605,0.23047461893867027,0.2958687488547003,0.7402088055703998,0.019887921320331983
2024-01-02,48.138572692871094,49.26488309320295,47.56592469935288,49.21391556134482,411254000,48.111040878295896,46.77510589599609,48.77781418136445,48.192287299648854,59.06361737524969,0.5855268817155945,0.6251758270719668,-0.0396489453563723,50.867319466076104,45.35476229051569,0.1145143461300999,1.1902719482854422,40508759000.0,48.37017047358814,69.59581011905745,-0.0273414488169191,-0.0277221821426788,0.0185359895061319,0.1032220804457448,0.9134734498727108,0.08652655012728912,0.21439899783761118,0.7856010021623888,0.7856010021623888,0.23554137370252715,6,0.28689316076926663,-0.029047884619208344,0.8146488867815972,0.48770045856621264,0.4229072080998792,0.6090796419759431
2024-01-03,47.53993606567383,48.15455817196312,47.29108765317691,47.4559877548122,320896000,48.21412811279297,46.89874298095703,48.58737139433512,48.143964986021075,49.45473714460736,0.443406408314047,0.588821943320383,-0.1454155350063359,50.69639426754754,45.7318619580384,0.1044286703005007,1.1363048945637968,40187863000.0,7.998728465148208,45.52584296017616,-0.0124356954041123,-0.0125136657488686,0.0176287975844409,0.1425508707896747,0.0474266618005956,0.9525733381994044,5.818762780052111e-06,-0.99999418123722,0.99999418123722,6.392564295009863e-06,3,-0.06209547597629861,-0.08670457566417289,-0.9132896055730471,0.681168962350181,0.0,0.954994443081545
2024-01-04,47.96868133544922,48.47037358886087,47.4789789763883,47.737819636783634,306535000,48.28568439483642,46.9992172241211,48.492188308352674,48.13098101190464,49.44225440015089,0.3612072964480362,0.5432990139459136,-0.1820917174978774,50.64386201487933,45.927506774793514,0.0983215529129085,1.136733244518097,40494398000.0,21.779877234552643,26.049592057763004,0.0090186337058404,0.0089782086993049,0.017015233207895,0.1421725143068997,0.050111211437620894,0.949888788562379,0.019299950391592713,-0.9807000496084073,0.9807000496084073,0.02120316267088865,3,-0.39836440956107916,-0.21727265104681037,-0.7634273985615969,0.76338712489233,0.4714045207910317,0.7820426208337166
2024-01-05,49.06700897216797,49.51673484987403,48.27649179251623,48.43239854255895,415039000,48.46527442932129,47.10790756225586,48.58062225663195,48.20031641636859,54.1943101716293,0.380305840263361,0.5107003792094031,-0.1303945389460421,50.437790776991584,46.492758081651,0.0804009206588954,1.158220297040751,40909437000.0,57.08339572491169,28.95400047487085,0.0228967652672802,0.022638568160134,0.0166199743034424,0.1143246687961443,0.6394291447903987,0.3605708552096012,0.8090375558007553,0.19096244419924469,0.19096244419924469,0.8888186007967214,3,-0.5965772622154605,-0.21605138761397605,0.4070138318132207,0.7787268369320228,0.816496580927726,0.13025281311797393
2024-01-08,52.22107696533203,52.24306669740862,49.44877334196531,49.48175412771333,642510000,48.74795150756836,47.31733306884766,49.14069221181658,48.49815053110662,64.59505888811347,0.6425416807099609,0.5370686395095147,0.1054730412004462,51.14917537007667,46.34672764506005,0.0919637817543444,1.293423267127147,41551947000.0,99.55594050629584,59.4730711552534,0.0642808285900029,0.0622992927390436,0.0210325768733498,0.0790193639740757,0.8021827310161441,0.19781726898385588,0.5333357648604338,0.4666642351395663,0.4666642351395663,0.585929225261878,3,-0.1076911234231984,-0.06605543845700253,0.5327196735965688,0.8329762886074381,0.9428090415820634,0.2986026138121823
2024-01-09,53.10753631591797,54.291813775257275,51.658421354299875,52.368989354850214,773100000,49.02947940826416,47.57352737426758,49.75097592013987,48.839586515166715,63.6485137431006,0.911389404973157,0.6119327926022432,0.2994566123709138,52.044995731844296,46.01396308468402,0.1135626516599036,1.3713763434178416,42325047000.0,83.08350534618232,79.90761385912995,0.0169751257940242,0.0168326583543555,0.0209533993579415,0.0548174657024058,0.9473173657575512,0.05268263424244886,0.03688390522263241,0.9631160947773676,0.9631160947773676,0.04052111153165384,3,0.5402475913720599,0.0648223280826963,0.8982937666946713,0.8828480496441696,0.07268378124423835,0.8963773946542681
2024-01-10,54.316795349121094,54.566642620850935,53.45632128428564,53.58324641272958,533796000,49.41539325714111,47.85042922973633,50.45340967844467,49.24530568805223,69.84445874803203,1.2081039903924449,0.7311670321602836,0.4769369582321613,53.035829611648026,45.7949569026342,0.1333081722232162,1.3912210859564718,42858843000.0,96.565935192496,93.06846034832472,0.0227700081210635,0.022514640697433,0.0204578665164225,0.0507268789510817,0.8021748679176065,0.19782513208239344,0.5333522817570457,0.46664771824295426,0.46664771824295426,0.5859473709274665,3,0.6321426827199631,0.12747103766798487,0.3391766805749694,0.7273951313592025,0.9428090415820634,0.29859204521032884
2024-01-11,54.78850936889648,55.31219134586392,53.527283064841185,54.9654031964735,596759000,49.77342433929443,48.1235546875,51.12034809236034,49.65591336811477,80.68023805505223,1.4644347242455709,0.8778205705773411,0.5866141536682298,54.012897562432485,45.53395111615639,0.1547577501914956,1.3830117055747675,43455602000.0,93.47119800508749,91.04021284792196,0.0086844965124222,0.0086470031899627,0.0201858844979161,0.0851665649084674,0.9499877445056312,0.050012255494368815,0.018606333763338645,0.9813936662366614,0.9813936662366614,0.020441146919464193,3,0.8037191597523282,0.1554414182500238,0.8259522479866376,0.34613622828781243,0.4714045207910317,0.7825957336494346
2024-01-12,54.67657852172851,54.93642183109273,54.29681339629927,54.58663334731275,352994000,50.104322052001955,48.40205612182617,51.66746046610929,50.02781449060467,78.12191052218992,1.6396459755046138,1.0301856515627956,0.6094603239418181,54.78986304691624,45.41878105708767,0.171391155832922,1.3584552267326164,43102608000.0,92.07574357085466,94.03762558947938,-0.0020429620819637,-0.0020450517755928,0.0202851060410869,0.0903675168945918,0.8020933244130151,0.197906675586985,0.5335235394867923,0.4664764605132077,0.4664764605132077,0.5861355167738955,3,0.6381726149976081,0.3649372242143706,0.1015392362988371,0.2770360866026229,0.9428090415820634,0.2984824631984942
2024-01-16,56.34755325317383,56.80027560728274,54.86646024002656,54.98438817814625,449580000,50.50567684173584,48.68309860229492,52.3874747410423,50.49594328783202,82.32319773483606,1.891531453210277,1.202454811892292,0.689076641317985,55.87335688690737,45.13799679656432,0.1905204302679881,1.4447592493617232,43552188000.0,95.23910603885128,93.59534920493115,0.0305610697783744,0.0301033818713061,0.0209715068630358,0.0619170190478439,0.9248861361546242,0.07511386384537572,0.16311150432590982,0.8368884956740902,0.8368884956740902,0.17919630307558607,6,0.7615862074746534,0.6245927306832988,0.2122957649907914,0.25832803313364644,0.40403787227089877,0.6538726459556534
2024-01-17,56.01875686645508,56.43650076516492,54.70655929384397,56.3125759716749,474394000,50.863607788085936,48.933961715698246,52.94613352956734,50.90504058995224,79.29422956402927,2.0410929396150976,1.3701824374368532,0.6709105021782444,56.7032348472443,45.02398072892757,0.2084882773489473,1.5133603630528742,43077794000.0,91.78143553879342,93.0320950494998,-0.0058351493141404,-0.0058522403160286,0.0211765296995192,0.0947139802223782,0.9453514625736343,0.05464853742636552,0.049788558430885255,0.9502114415691147,0.9502114415691147,0.05469832212724076,3,0.7511921325854712,0.7330568731647089,0.21715456840440583,0.2556282486400072,0.10353403821220074,0.8745686698394162
2024-01-18,57.07211685180664,57.56481575240513,56.07272766296372,57.225023275703855,491650000,51.21489334106445,49.175932998657224,53.58090019452723,51.36186105379331,80.81422746313685,2.219039140733919,1.5399537780962664,0.6790853626376527,57.66128188203366,44.76850480009524,0.2259032570215641,1.581319017306257,43569444000.0,95.2042832281346,94.07494160192644,0.0188037015505841,0.0186290973621321,0.0209767973479432,0.0789744720195615,0.48528397896452224,0.5147160210354776,0.9803729700367886,-0.01962702996321139,0.01962702996321139,1.0770497923604685,3,0.5891576357599982,0.6635866924357406,-0.6832137223989521,0.4232957031530004,0.7402088055703998,0.013887796054173703
2024-01-19,59.45465850830078,59.46365188180549,57.19004013784853,57.95357335479518,543501000,51.70894165039063,49.45064559936523,54.48455531972317,51.96132753190498,83.77717881691443,2.523227787818186,1.7366085800406506,0.7866192077775356,59.074711119423355,44.3431721813579,0.2477777067041551,1.7184492479881353,44112945000.0,99.92611766645832,95.6372788111288,0.0417461588586356,0.0408983041128943,0.0219894852193938,0.025886194778002,0.9525732277953664,0.04742677220463357,6.63335872486126e-06,0.9999933666412751,0.9999933666412751,7.287489410276403e-06,3,0.6435259260823932,0.6688548741305845,0.3311384925106906,0.4270770591488301,0.0,0.9549936651424177
2024-01-22,59.6175651550293,60.29415362361085,59.033922203847766,60.012324362995706,452955000,52.285739517211915,49.72453910827637,55.274249140539496,52.528456244729,83.95441869193833,2.745792895810496,1.9384454431946196,0.8073474526158761,60.23881265795365,44.33266637647018,0.2668030175355398,1.7195199868342523,44565900000.0,94.79670047765708,96.64236712408336,0.0027400148418272,0.0027362678441528,0.0200269058570338,0.0471215615533451,0.9525741266335203,0.04742587336647966,1.3938826759485323e-09,0.9999999986061173,0.9999999986061173,1.5313366367586464e-09,3,0.6601221117613941,0.7450480570396077,0.2549519415665096,0.43729156914985984,0.0,0.9549999986688421
2024-01-23,59.83642578125,59.8734019281728,58.549210583878605,59.53360947543731,294654000,52.829557228088376,49.99043846130371,55.97612246987958,53.069787321508336,92.45557451213102,2.906335148371241,2.132023384229944,0.7743117641412969,61.29598704151823,44.36312741465852,0.2829858135036818,1.676546217822297,44860554000.0,96.47984679639076,97.06755498016872,0.0036710762281482,0.0036643542739928,0.0200139204452211,0.0484524817414011,0.9496226815203572,0.050377318479642774,0.021158771755252714,0.9788412282447473,0.9788412282447473,0.02324528666344434,3,0.9929448644973803,0.7446834230407628,0.23415780520398444,0.44852326950788046,0.4714045207910317,0.7805603352648735
2024-01-24,61.32451629638672,62.81060746868792,59.90138636580081,60.2671639217423,560271000,53.45577449798584,50.27858497619629,56.79895228934222,53.681248727054886,96.99491200909614,3.117703562287332,2.329159419841422,0.7885441424459101,62.50031311737104,44.41123587860065,0.2949730113050432,1.8273113012974196,45420825000.0,90.30702332794806,93.8611902006653,0.0248693082133093,0.024565100278885,0.0200014088928419,0.0026888773685056,0.9497075509727984,0.0502924490272017,0.02056695032423761,0.9794330496757624,0.9794330496757624,0.022595104366634002,3,0.9860914255088761,0.8179629357782707,0.16147011389749166,0.451445795128201,0.4714045207910317,0.7810322732271091
2024-01-25,61.5793571472168,62.680685096135214,60.81282362309359,62.3119072339738,482777000,54.07229766845703,50.544147644042965,57.53439919055369,54.26629379521503,96.9588511905448,3.268105395338665,2.5169486149408704,0.7511567803977948,63.57864133894979,44.56595399796428,0.3087509876975847,1.8899160770523515,45903602000.0,91.52855013803824,92.77180675412568,0.0041556112664371,0.0041470005608588,0.0200659221148447,0.0228832808770846,0.9525741056546868,0.04742589434531309,1.5618494120239745e-07,0.9999998438150588,0.9999998438150588,1.7158669570986003e-07,3,0.9860913739118565,0.8412645569412662,0.15873528687379257,0.011427735813796537,0.0,0.9549998508433811
2024-01-26,60.99371337890625,61.74525668401416,60.535996808090815,60.92275760795634,390309000,54.652642822265626,50.79230140686035,58.06660137337716,54.764621171784746,92.65799957320188,3.3019802015924142,2.6739549322711795,0.6280252693212347,64.36943676009611,44.93584888443515,0.3186162441846304,1.865716531445104,45513293000.0,86.40236008459311,89.41264451685981,-0.0095103910700213,-0.0095559036305346,0.0205278270772871,0.0840393126933187,0.9346260636199488,0.06537393638005105,0.11332571179807682,0.8866742882019232,0.8866742882019232,0.12450101960342778,3,0.9553690605642485,0.8321878207459531,0.05448646745597008,0.047183712284459195,0.42172027588404837,0.721788335604581
2024-01-29,62.42683792114258,62.45082152019551,60.86979110422985,61.19458949954275,348733000,55.29939727783203,51.04841217041016,58.7374069961103,55.33219278284829,91.62727277256444,3.4052142132620133,2.8202067884693465,0.5850074247926669,65.28795764989846,45.3108369057656,0.3200085317370697,1.7517860093540334,45862026000.0,96.55879533775168,91.4965685201277,0.0234962664649296,0.0232244783010537,0.0206081991982717,0.1099336803011776,0.641079326523302,0.358920673476698,0.8066493984118788,0.19335060158812128,0.19335060158812128,0.8861949417420281,3,0.6933415778683681,0.8626131966818579,-0.6692625950937365,0.34620185720693536,0.9038981579511796,0.12623320183034098
2024-01-30,62.73564910888672,63.45421163481392,62.221963176710254,62.861575397836866,410735000,55.961592292785646,51.32604820251465,59.35252116730667,55.88059695514743,91.21321998456142,3.4719242121592444,2.9505502732073263,0.5213739389519181,66.08413485632519,45.8390497292461,0.3227046410556913,1.651704297721624,46272761000.0,92.81285849651908,91.92467130628796,0.0049467696591365,0.0049345745950197,0.0204875047192625,0.0868034547963507,0.9525739719185474,0.04742602808145254,1.1429474593427358e-06,0.9999988570525407,0.9999988570525407,1.2556561241359244e-06,3,0.6933412489475287,0.8626139810263245,0.13738487602621618,0.34893574124657195,0.0,0.9549989084851763
2024-01-31,61.489410400390625,62.23095765369269,60.66291599295292,61.40246175375336,453795000,56.62913417816162,51.56692779541016,59.6812733570119,56.29606461775804,80.60554851426426,3.385208739253855,3.037481966416632,0.3477267728372228,66.3316326817883,46.926635674534936,0.3155827463769289,1.6955347842216837,45818966000.0,80.20735999684173,89.85967127703749,-0.019864920921326,-0.0200648810214345,0.0197857151017135,0.1393209786166456,0.9497824716129781,0.050217528387021794,0.020043718560690316,0.9799562814393097,0.9799562814393097,0.02202027552137946,3,0.7244352466933242,0.8597505928596375,0.12020568857967218,0.348998621557196,0.4714045207910317,0.781449515522377
2024-02-01,62.988494873046875,63.15239614325578,61.612337231861346,62.06205926012063,369146000,57.40156211853027,51.84142654418945,60.19007666717113,56.79180019222388,82.16890402724354,3.398276474947245,3.1096408681227548,0.2886356068244904,66.49815273976998,48.304971497290566,0.2888334017053069,1.686826031496142,46188112000.0,94.91431135147693,89.31150994827924,0.0243795551607164,0.0240871172767513,0.0190426840602054,0.1049390820864464,0.04771896810506767,0.9522810318949323,0.00215626008228309,-0.9978437399177169,0.9978437399177169,0.0023688938239607125,3,0.32737046619137816,0.5773670259792857,-1.5752107658970025,0.8557304907310078,0.0,0.9529407716214197
2024-02-02,66.11958312988281,66.55930912654547,63.65108714697043,63.93491403332179,476578000,58.30910720825195,52.15634269714356,61.10230843066523,57.48274707649492,86.29390247659245,3.6195613541703153,3.211624965332267,0.4079363888380483,67.05829908802939,49.55991532847452,0.2646475209195089,1.896197875689366,46664690000.0,96.29009298405704,90.4705881107919,0.0497088914911625,0.0485128795307067,0.0205579352582457,0.0902812762723641,0.952574022932042,0.04742597706795806,7.66548359010244e-07,0.999999233451641,0.999999233451641,8.42139447067028e-07,3,0.32737059165774496,0.5803050522329825,0.41969418121865854,0.8727629636932797,0.0,0.9549992679463171
2024-02-05,69.2896499633789,69.45455008972388,67.16395031831868,68.1833239064927,680078000,59.3202392578125,52.54395370483398,62.361899435698106,58.35733247552336,87.48408736139012,4.004566960174749,3.3702133643007635,0.6343535958739857,68.24463376261369,50.39584475301132,0.2575967553456518,1.9827171524241405,47344768000.0,98.88188072791678,96.69542835448358,0.0479444467650216,0.0468305756818314,0.0217071930003413,0.0420585573577783,0.45016600266514195,0.549833997334858,0.9333333333031938,-0.06666666669680621,0.06666666669680621,1.0253714693904574,3,-0.021503724387627005,0.4279241221598589,-0.49459078885666513,0.898145582773337,0.9428090415820634,0.0426577385426983
2024-02-06,68.18132019042969,69.71138308978904,66.25949848302591,69.58745829595591,683111000,60.118251419067384,52.933940963745115,63.25719493642604,59.08503526922012,83.7044047790841,4.172159667205918,3.5306026248817943,0.6415570423241235,69.22229405975578,51.014208778378986,0.2670538679879153,2.105713090670011,46661657000.0,88.78142417735882,94.65113262977754,-0.0159956035791059,-0.0161249140324519,0.0199789947437464,0.0572388213854344,0.8021838885171547,0.19781611148284517,0.5333333334203547,0.4666666665796453,0.4666666665796453,0.585926554051928,3,0.46666641111149376,0.3679230333566763,0.09874363322296897,0.8360891908515308,0.9428090415820634,0.2986041696082091
2024-02-07,70.0561752319336,70.17710350841662,67.5587013332111,68.2772638618389,495575000,60.96568336486816,53.38021209716797,64.30319190496566,59.89771230349519,84.41403201808762,4.405479601470468,3.705578020199529,0.6999015812709386,70.46855217618285,51.46281455355347,0.2712928240759285,2.182309039902544,47157232000.0,99.06885587585742,95.57738692704434,0.0274980747845223,0.0271267936974679,0.0202095061788704,0.0542236057380622,0.0527122051588399,0.9472877948411601,0.037081359010024406,-0.9629186409899756,0.9629186409899756,0.04073803668892675,3,-0.1876395470357118,0.2027417129883768,-1.1656603539783523,0.8778146253584249,0.0,0.9195873021454266
2024-02-08,69.59844970703125,70.75074512715133,69.412566337875,70.03118381151026,414422000,61.729766082763675,53.80801528930664,65.11784695143729,60.61628544449786,79.94094077298354,4.501561506939424,3.864774717547508,0.6367867893919161,71.43691964886854,52.0226125166588,0.2789474077933145,2.1070693084223637,46742810000.0,90.5561434347538,92.8021411626567,-0.0065336927599453,-0.0065551307610484,0.0206089304086042,0.0433222236935686,0.9499879650819979,0.050012034918002095,0.01860478621512729,0.9813952137848727,0.9813952137848727,0.02043944676398189,3,0.16171441312484783,0.20008404966442422,0.7813111641204484,0.8231273961756854,0.4714045207910317,0.7825969677155077
2024-02-09,72.08894348144531,72.14090604638328,70.16911160679686,70.48991468195457,436637000,62.59478778839112,54.294042434692386,66.1903233406693,61.46611196575323,82.36418221244816,4.724211374916067,4.03666204902122,0.6875493258948469,72.7696091862923,52.41996639048994,0.2822852134188938,2.1986568026787165,47179447000.0,99.61768885951358,96.4142293900416,0.0357837535878684,0.0351583899916813,0.0212149569194574,0.0066541487306064,0.10118354872178736,0.8988164512782127,0.27195244595152257,-0.7280475540484774,0.7280475540484774,0.29877029905569263,3,-0.23652366041785974,-0.043916498262402515,-0.6841310557860749,0.8098545393163922,0.0,0.695285414116296
2024-02-12,72.20387268066406,74.5654283449227,71.20648115197012,72.55565505937633,613710000,63.47115249633789,54.77599258422852,67.11548477759156,62.26150164833921,82.26853513910942,4.853983129252349,4.200126265067445,0.6538568641849034,73.79261074934492,53.14969424333087,0.2858976359524569,2.343996506154315,47793157000.0,83.89560212348081,91.3564781392494,0.0015942694353445,0.0015929999369309,0.0210851503430592,-0.0387002998550493,0.4501659930438772,0.5498340069561228,0.9333333203461289,-0.06666667965387105,0.06666667965387105,1.0253714551556667,3,0.06222699336084178,0.08910879606100404,-0.1557754757148751,0.8098545393354012,0.9428090415820634,0.042657746833484556
2024-02-13,72.08393859863281,73.40512964528038,69.57747501499297,70.3569973280816,602580000,64.25797176361084,55.28292495727539,67.87986228852098,62.98908957058318,80.23130627254065,4.8907727179378,4.338255555641516,0.5525171622962839,74.69154211992074,53.82440140730093,0.2894839144238379,2.404958859214993,47190577000.0,82.31225733845112,88.6085161071485,-0.0016610477745657,-0.0016624288439805,0.0210007214585211,-0.0645518621246449,0.9421550266611918,0.057844973338808295,0.06986557523673942,0.9301344247632606,0.9301344247632606,0.07675517950994831,3,0.045140063686971064,0.07912810910552112,0.8510063156577394,0.9062642781333857,0.14876076397892118,0.8420290362232931
2024-02-14,73.85487365722656,74.19066701109121,71.89407378756496,73.15730185072407,504917000,65.14977760314942,55.82537605285645,68.79909480678337,63.7939624658901,81.78331280587025,5.005132340893276,4.471630912691868,0.5335014282014079,75.666847587661,54.63270761863784,0.2848036822410162,2.4355825556781805,47695494000.0,94.93525673666788,87.04770539953329,0.0245676789174134,0.0242707469516367,0.0206944195368952,0.0627604127390188,0.3541691467424163,0.6458308532575838,0.7997456607460125,-0.20025433925398753,0.20025433925398753,0.8786104107045665,3,0.22107113528513436,0.06004415588306665,-0.26029849513705416,0.7474739567202127,0.8531505652577861,0.13413724990010106
2024-02-15,72.61360931396484,73.92980608164119,72.35577132172895,73.82387565740021,420122000,65.92685222625732,56.36808441162109,69.3859431925036,64.44726963982156,79.09792478421896,4.938673552682047,4.565039440689904,0.3736341119921436,76.22529253971527,55.628411912799386,0.2836504178970036,2.46163790453453,47275372000.0,85.96067399615788,87.73606269042563,-0.0168068034212968,-0.0169496404260357,0.0217737550395368,0.0847669651554365,0.9525740158743691,0.04742598412563095,8.186228723783273e-07,0.9999991813771276,0.9999991813771276,8.993491473796161e-07,3,0.5766264222954672,0.13623451513984983,0.8637646662372778,0.7524694629266823,0.0,0.9549992182151569
2024-02-16,72.56863403320312,74.35654245789623,72.45670295069786,74.05472502125532,495327000,66.58255100250244,56.88870597839355,69.87558793722661,65.04885218747945,77.29410258793537,4.826735749747158,4.617378702501354,0.2093570472458035,76.81562485845697,56.34947714654792,0.2820247064667767,2.484409982479723,46780045000.0,85.63716929700823,88.84436667661134,-0.0006193781191519,-0.0006195700130198,0.0208010805588253,0.089226591710686,0.20489874333808447,0.7951012566619156,0.5480154829206653,-0.45198451707933474,0.45198451707933474,0.6020565439170315,3,0.1159201083479355,0.20922510426994137,-0.6612096213492761,0.6746424930184814,0.9428090415820634,0.2892095601930205
2024-02-20,69.40956115722656,71.91202875960458,67.69260871411592,71.90303157562508,704833000,67.0721508026123,57.367393035888675,69.8038915095343,65.37186766671998,65.57215488351349,4.432023842814317,4.5803077305639475,-0.1482838877496304,76.8279787703431,57.3163228348815,0.2811090519829651,2.7446797582642612,46075212000.0,62.91413337536245,78.17065888950951,-0.0435322080684494,-0.0445081635056247,0.0240034435253151,0.1331713134710612,0.7511135103367678,0.2488864896632322,0.6318133805964771,0.36818661940352293,0.36818661940352293,0.6941179440682311,6,0.305400427900439,0.12162387650117713,0.2465627429023458,0.6525306174520579,0.648855145616569,0.25896024291594016
2024-02-21,67.4307861328125,68.84592156210476,66.2075347659216,67.96445653317794,673755000,67.45186882019043,57.78465805053711,69.43879837465401,65.52438014568979,63.40470589738066,3.914418228964223,4.447129830244003,-0.5327116012797797,76.5937451576381,58.30999248274276,0.2711484430699568,2.825343563647916,45401457000.0,44.919385262679754,64.49022931168348,-0.028508680813177,-0.0289229456787553,0.0253432925540579,0.1510402240795956,0.05001218355704509,0.9499878164429549,0.018605829056866252,-0.9813941709431337,0.9813941709431337,0.020440592442731453,3,-0.3550640228729815,0.08543150265908338,-1.066825673602217,0.763052033986299,0.4714045207910317,0.7825961361190507
2024-02-22,78.49003601074219,78.52700835067758,74.17467237681947,74.97918103914212,865100000,68.31014480590821,58.40491920471192,70.83129647251373,66.48479909865664,74.43365832610928,4.3464973738570905,4.42700333896662,-0.0805059651095296,78.2206917845572,58.399597827259214,0.2525300657854872,3.4991461690050536,46266557000.0,99.75146183939393,69.1949934924787,0.1640089121332095,0.1518700057517649,0.0433855925592822,0.0073085269744512,0.19788510293250025,0.8021148970674997,0.5334782377535695,-0.4665217622464305,0.4665217622464305,0.586085747733079,3,-0.3599097712620134,0.02830934800300346,-0.49483111024943394,0.7848698511308668,0.9428090415820634,0.29851145024085135
2024-02-23,78.76884460449219,82.34365493003914,77.5226048674375,80.7406386857603,829388000,69.16961917877197,59.04832572937012,72.05245772358734,67.3947283953852,71.90772021253031,4.657729328202137,4.473148536813723,0.1845807913884138,79.59072071408664,58.74851764345729,0.264599578364778,3.588448726798128,47095945000.0,77.84591159481546,74.17225289896305,0.0035521527052406,0.0035458587112348,0.0433924614046249,0.0439245321031072,0.8021838885585814,0.19781611144141853,0.5333333333333339,0.46666666666666606,0.46666666666666606,0.5859265539563259,3,-0.32708308884096565,-0.03790033172508147,0.5045669983917476,0.6147237487648715,0.9428090415820634,0.2986041696638908
2024-02-26,79.04368591308594,80.596737435313,78.4570388969918,79.65130857177527,503973000,70.07211780548096,59.67664169311523,73.1280312912025,68.2576141374371,68.776400767867,4.870417153765402,4.5526022602040594,0.3178148935613425,80.63729027818607,59.50694533277584,0.2673248938396486,3.5030724109752804,47599918000.0,79.54917920674049,85.71551754698329,0.0034892134063126,0.0034831402242008,0.0431305936210284,0.0776941925293719,0.9365432559929068,0.0634567440070933,0.10272092240951625,0.8972790775904838,0.8972790775904838,0.11285046766241796,3,0.29914132733690685,0.11889015639555729,0.7783889211949264,0.7620810627990853,0.42877190884142585,0.7283061640873068
2024-02-27,78.65292358398438,79.43145470230726,77.11486980989693,79.33250852556469,391705000,70.88342208862305,60.28852767944336,73.97801472086125,69.02763705940356,70.73041130238106,4.9503776614576935,4.632157340454786,0.3182203210029071,81.46865768550549,60.2981864917406,0.2691631821054863,3.421979574235795,47208213000.0,77.12751696635698,78.1742025893043,-0.0049436248397023,-0.0049558849760133,0.0432652137111871,0.0923371715893266,0.44046583362157116,0.5595341663784288,0.9202427626155865,-0.07975723738441351,0.07975723738441351,1.0109900075673734,3,0.4280628356242458,-0.03536076057037716,-0.04439647681403635,0.7424056298883404,0.9428090415820634,0.0510339506654114
2024-02-28,77.61554718017578,78.88476781049101,77.07787390422563,77.57257418666705,393110000,71.6274169921875,60.87442947387695,74.53763509921734,69.66377854983114,65.47837227622209,4.873856549386204,4.68049718224107,0.1933593671451339,81.88811354631606,61.36672043805895,0.2643979699147002,3.3640146978829284,46815103000.0,70.69860844811753,75.79176820707167,-0.0131892923560673,-0.0132770435103166,0.0436193696177947,0.1421677000164647,0.7637050923729974,0.23629490762700253,0.608966307867829,0.391033692132171,0.391033692132171,0.6690178692084444,3,0.4028518441127475,0.08507041217412366,0.30596327995804734,0.5262146167778435,0.9428090415820634,0.2502091948922841
2024-02-29,79.06368255615234,79.94114467845763,78.30214690396402,79.04569580641504,507289000,72.50613059997559,61.47850036621094,75.23395009259195,70.36006773548456,68.62534266794255,4.873882357107391,4.719174217214334,0.1547081398930565,82.09960547920912,62.91265572074206,0.2426771576803315,3.434544605669037,47322392000.0,79.67310393500097,75.83307644982516,0.0186578002550814,0.0184858786602103,0.0430056645839272,0.1714193766594438,0.06971920477394224,0.9302807952260579,0.13632978122147565,-0.8636702187785243,0.8636702187785243,0.14977357296134805,3,-0.18413125467692193,-0.0909091361375974,-0.7727610826409269,0.6701415913148865,0.0,0.8248050589334908
2024-03-01,82.22872924804688,82.24972013852617,79.38646508056598,79.95112232187887,479135000,73.46814231872558,62.12214683532715,76.31006996266194,71.23922784752621,69.43671286654613,5.070842115135733,4.789507796798614,0.2813343183371186,82.90044197612923,64.03584266132194,0.2294161601099456,3.4805146944563083,47801527000.0,99.28777375344104,83.21982871218651,0.0400316123606645,0.039251109191956,0.0433556387343145,0.063845092413316,0.9460387772911822,0.05396122270881779,0.04532737720590718,0.9546726227940928,0.9546726227940928,0.0497972136115044,3,0.16067869871591353,0.18567183439629215,0.7690007883978007,0.7556345356567564,0.08965847632427718,0.8831023955672661
2024-03-04,85.18492126464844,87.6414196546175,83.6678509917937,84.07859536447201,615616000,74.42140922546386,62.834371414184574,77.67543170142909,72.27224217472045,72.43886403974622,5.403189526708644,4.9122441427806205,0.4909453839280235,84.55427961148521,64.28853883944251,0.2379029113507315,3.627210638286169,48417143000.0,88.53918268381673,89.16668679075292,0.0359508415566542,0.0353196924766036,0.0428698827371516,0.0063474901566076,0.945349295540505,0.05465070445949497,0.04980254027125586,0.9501974597287441,0.9501974597287441,0.0547136827488901,3,0.34706662124810456,0.38806029467846,0.5621371650502842,0.7670774737394193,0.10353403821220074,0.8745558010409573
2024-03-05,85.91551208496094,86.04844030428545,83.36995155382468,85.22190326590307,520639000,75.25270233154296,63.59104949951172,78.94313637581861,73.2828547606642,73.41475028718264,5.6602816151544175,5.06185163725538,0.5984299778990376,86.29963597220804,64.20576869087789,0.2571580701222121,3.545127361155695,48937782000.0,91.94776131560609,93.25823925095462,0.0085765275058802,0.008539958037789,0.0421052011695582,0.0692035195794946,0.9499857342294793,0.050014265770520684,0.018620437420856728,0.9813795625791433,0.9813795625791433,0.020456641370928726,3,0.9620832150339939,0.46159070838024235,0.5197888541989009,0.7923239257252663,0.4714045207910317,0.7825844869269599
2024-03-06,88.64997100830078,89.67339555623481,86.98091470216241,87.97235961581464,582520000,76.27613487243653,64.38484748840332,80.43649555004664,74.42115966789653,74.25461588026681,6.0153358821501115,5.252548486234327,0.7627873959157849,88.31291279317293,64.23935695170013,0.2715574023055084,3.6495052359948112,49520302000.0,95.63866606882418,92.041870022749,0.0318273016942012,0.0313313097363429,0.0418127192919295,0.0246674370363892,0.7538326913342001,0.24616730866579994,0.6269469908940439,0.37305300910595607,0.37305300910595607,0.6887716685396902,3,0.7682100104712816,0.3867012700253099,-0.013648260919353838,0.7928847199163331,0.8950903339138813,0.2446541530694977
2024-03-07,92.61672973632812,92.71467403344542,89.55145830366479,90.10714445366249,608119000,77.40416259765625,65.26117866516114,82.31037773255149,75.76897967296554,80.10247367788023,6.541398059585944,5.510318400904651,1.0310796586812936,91.10070322494734,63.70762197036517,0.2957681763604472,3.82741011208284,50128421000.0,99.63049842110424,95.73897526851152,0.0447463059819377,0.0437740865482395,0.0422813080536586,-0.0509880175889208,0.645637669233085,0.354362330766915,0.8000271533440598,0.1999728466559402,0.1999728466559402,0.8789196619319504,3,0.5181351394470136,0.42666271060250327,-0.22668986394656307,0.37524031095513705,0.816496580927726,0.1363986826486611
2024-03-08,87.47863006591797,97.3450634515258,86.45720334881955,95.08433828640496,1142269000,78.29817161560058,66.02577339172363,83.10549347614634,76.63636118355461,69.45551750305948,6.469132292591723,5.702081179242065,0.767051113349658,92.18233918378144,64.41400404741972,0.3174299267768297,4.469411583190545,48986152000.0,68.3133703836538,87.86084495786075,-0.0554770146283277,-0.0570752563158607,0.0449182207354411,0.0035303509096764,0.8021830708959774,0.19781692910402268,0.5333350509118893,0.46666494908811074,0.46666494908811074,0.5859284409092335,3,0.3465636016166694,0.4374671758819232,0.02919777320618755,0.35257212733438453,0.9428090415820634,0.29860307064363717
2024-03-11,85.72563171386719,88.7469219574668,84.11853680206842,86.38026112101332,678364000,78.98000602722168,66.7525498199463,83.50859166656493,77.30964048209628,72.10125289164593,6.1989511844686405,5.80145518028738,0.3974960041812601,92.91951975605994,65.04049229838341,0.3252122719927037,4.451723000069914,48307788000.0,62.68351333978074,76.8757940481796,-0.0200391610011477,-0.0202426683212025,0.0451227819721961,0.0312563911561083,0.1980416431431404,0.8019583568568596,0.5338068816951942,-0.4661931183048058,0.4661931183048058,0.5864468000059442,3,0.06681489247974874,0.4942496188067401,-0.9604427371115459,0.5229357224229366,0.9428090415820634,0.2983011621309144
2024-03-12,91.86116790771484,91.90813847414768,86.10141744907258,87.99934858682109,668075000,79.96287078857422,67.5999382019043,84.79360339597261,78.38753140251248,79.74319783526302,6.406071993460131,5.922378542921931,0.4836934505382002,94.64304424023987,65.28269733690856,0.3196165210181868,4.664614454996737,48975863000.0,76.33231339560471,69.10973237301309,0.0715717816385033,0.06912652541747,0.0471365506098709,-0.0273627338963975,0.4229234587041778,0.5770765412958223,0.8964054341268706,-0.1035945658731294,0.1035945658731294,0.9848020255606518,3,-0.03437424502994113,0.34306859185427985,-0.4466631577274093,0.38106427633006756,0.816496580927726,0.0706604049047029
2024-03-13,90.83673858642578,91.45238847114445,88.38511917925783,91.0036442134583,635713000,80.90051078796387,68.42683799743652,85.72331650219617,79.30969489761716,69.89219684763508,6.413621604579006,6.020627155253346,0.3929944493256601,95.85476132101192,65.94626025491581,0.3292555581752854,4.120316348610447,48340150000.0,67.88738344510195,68.96773672682913,-0.0111519300768984,-0.0112145790559213,0.047340418910334,-0.0056773165942013,0.9525741181195188,0.04742588188048126,6.421393827782396e-08,0.9999999357860617,0.9999999357860617,7.054622169579292e-08,3,0.14340408386937586,0.3501832312910395,0.6498167044950223,0.557946466526388,0.0,0.9549999386756889
2024-03-14,87.8943862915039,90.59486542464842,86.55114274535384,89.52646826118793,602318000,81.60248641967773,69.22195426940918,86.05732723901275,79.94559796383099,63.54035229583234,6.111729275181759,6.038847579239029,0.0728816959427298,96.482062948776,66.72290989057947,0.3385785408353561,4.082069618501182,47737832000.0,53.36957234006565,65.86308972692412,-0.0323916549703333,-0.032927875821212,0.048288633883812,0.0396956970504647,0.5487994402373345,0.4512005597626656,0.9347262947854571,0.06527370521454286,0.06527370521454286,1.0269017939925134,3,0.32055969170915877,0.21931096595323943,-0.15403726073869656,0.5623516887491737,0.816496580927726,0.04452228165846442
2024-03-15,87.78746032714844,89.49549613199862,86.20835719890029,86.88097416830968,642086000,82.36117897033691,70.02690475463868,86.32350156026439,80.52647665741006,63.038864085811234,5.797024902854332,5.990483043962089,-0.1934581411077571,96.85328384009348,67.86907410058035,0.3301634382803725,4.164029646699549,47095746000.0,52.84199073285442,58.032982172674,-0.0012165277996349,-0.001217268370256,0.047961456944608,0.0734541881538382,0.04871180034192965,0.9512881996580704,0.009368080618460173,-0.9906319193815398,0.9906319193815398,0.010291888488673892,3,0.024880573873021932,0.02449883331216859,-1.0151307526937083,0.7356368126745103,0.0,0.9460534830093705
2024-03-18,88.40510559082031,92.35287440054488,87.03587564379455,90.33701387030251,668976000,83.15300254821777,70.83563323974609,86.64374833419608,81.11007880062563,64.44487534783138,5.533669533570446,5.899120341883761,-0.365450808313315,97.11306334562228,69.19294175081326,0.3158202392069553,4.378344922723835,47764722000.0,55.88950386830875,54.03368898040961,0.0070356889397433,0.00701105396218,0.0478979883732939,0.0740150062559148,0.39016182726643367,0.6098381727335662,0.8511226544657076,-0.14887734553429238,0.14887734553429238,0.9350538073598478,3,-0.35807851990042944,-0.025336908429293207,-0.12354043710499918,0.7092573070955749,0.9428090415820634,0.09526156316792486
2024-03-19,89.34759521484375,90.49294513426231,84.96206891761534,86.65111081951359,672171000,84.14990425109863,71.64124496459961,87.05972477737264,81.72026520167883,67.42642561361853,5.339459575693809,5.7871881886457714,-0.4477286129519626,96.75992699746162,71.53988150473565,0.2822688784413533,4.644343659179664,48436893000.0,58.00292346349619,55.57813935488645,0.0106610315968143,0.0106046034996522,0.0461548117247791,0.0353808498153185,0.9171312851033669,0.08286871489663311,0.19866899240608893,0.8013310075939111,0.8013310075939111,0.21826019643464067,3,-0.11272608577397336,0.022472528500106836,0.7788584790938042,0.797523422260055,0.3782128220807529,0.6639687407945636
2024-03-20,90.32102966308594,90.35901024319512,88.17323967680368,89.74634940187569,479063000,85.2944164276123,72.40324401855469,87.5614639905593,82.35735886548676,66.96049843136558,5.2041051250725445,5.670571575931127,-0.466466450858582,95.42686472796235,75.16196812726224,0.2243652079287838,4.634356021187492,48915956000.0,60.88762806563436,58.2600184658131,0.0108949149207819,0.0108359929157246,0.0450887525330556,-0.0013499110280154,0.7649706721457938,0.23502932785420616,0.6066242699032116,0.3933757300967884,0.3933757300967884,0.6664448775199885,3,0.3486097973854694,0.14526807827176316,0.24810765182502523,0.6711463901636424,0.9086500397905722,0.25619921050733085
2024-03-21,91.38341522216795,92.59573598079588,90.35399750860051,92.24793272927036,480372000,85.9390853881836,73.16876159667969,88.14945648772986,83.02595563264833,64.72557977253607,5.123500855081531,5.561157431761208,-0.4376565766796769,95.8876929897226,75.99047778664459,0.2177333289055202,4.569260930854357,49396328000.0,57.34096246548184,58.74383799820413,0.0117623278105323,0.0116936893406063,0.0285311876724982,-0.011800657666299,0.7594993409615413,0.24050065903845877,0.6166877918393339,0.3833122081606661,0.3833122081606661,0.6775007863862934,3,0.5260063152837889,0.21482618884801966,0.16848601931264642,0.690807862821081,0.9038981579511796,0.25025382356892417
2024-03-22,94.2358169555664,94.72453954495889,90.78276394753544,91.0895899885777,586719000,86.71243400573731,73.9671420288086,89.08581963662779,83.85631573064227,64.60740410563187,5.229503905985524,5.494826726606071,-0.2653228206205469,96.71866688292356,76.70620112855104,0.2123658116510912,4.464195587343845,49983047000.0,77.75154489282934,65.32671180798185,0.031213560211815,0.030736322490259,0.0289704110909437,-0.0416379897239864,0.6438978854617324,0.3561021145382675,0.8025591259093485,0.19744087409065145,0.19744087409065145,0.881701318106747,3,0.32470960411603567,0.10017489432010389,0.09726597977054756,0.3448903272239637,0.816496580927726,0.13467165956436142
2024-03-25,94.94841003417967,96.711414933466,93.4572548767714,93.88801151365492,552136000,87.50767021179199,74.77034004211426,89.98775662086655,84.6779523457191,64.58683126395779,5.309804275147442,5.457822236314346,-0.1480179611669037,97.47568114391008,77.5396592796739,0.2099668847225517,4.5053149663605465,50535183000.0,81.87994866919028,72.32415200916716,0.0075618071942782,0.0075333600481401,0.0289409725576763,-0.0584198025918358,0.8021806734198558,0.1978193265801442,0.533340087009102,0.46665991299089804,0.46665991299089804,0.5859339736275183,3,0.3491376650807389,0.15751578114529746,0.3091441318456006,0.22087229991478377,0.9428090415820634,0.298599848215866
2024-03-26,92.5087890625,96.3206408094852,92.44982423178192,95.79693429152606,513648000,88.20046348571778,75.5269842529297,90.37560776573324,85.25801432473992,56.29134506630389,5.117593440993318,5.38977647725014,-0.2721830362568225,97.47943008807876,78.9214968833568,0.2006072438391125,4.51338161681979,50021535000.0,63.43503840550193,74.35551065584052,-0.0256941740341041,-0.0260300349260058,0.0298477021600678,-0.0388607732320619,0.9374191883713154,0.06258081162868466,0.09777605085202201,0.902223949147978,0.902223949147978,0.10741797100346939,3,0.5221082454098428,0.42792376236380003,0.47430018678417796,0.2619606186831288,0.0928768994127321,0.833615137662669
2024-03-27,90.19910430908205,93.1874159899472,89.07274096879794,93.05948982143728,586067000,88.82964134216309,76.20401527404785,90.34845338778688,85.62402099024673,45.833202913757454,4.724432397540156,5.256707661308144,-0.5322752637679882,96.683679756037,80.97560292828916,0.1741489225205778,4.5169510451058335,49435468000.0,45.97251922373246,63.76250209947489,-0.024967192596776,-0.0252841599317007,0.0304104217846457,-0.0481442413105027,0.3949133061237905,0.6050866938762095,0.85776483973883,-0.14223516026116995,0.14223516026116995,0.9423509937245105,3,0.4088829006259023,0.4288726459742461,-0.571107806235416,0.38228957462096125,0.8308474271082824,0.09633434465977317
2024-03-28,90.3050308227539,91.24849853375164,89.14268488587938,89.9492288448454,435212000,89.39170875549317,76.88974075317383,90.34177299316644,85.97076245932134,55.89363323600329,4.371010533845094,5.079568235815534,-0.7085577019704399,95.77412777797753,83.00928973300883,0.1413524576501486,3.8896620126176913,49870680000.0,49.12692678863902,52.84482813929114,0.0011743632543057,0.0011736742291703,0.030338457756628,-0.0259859767205755,0.19809896784600076,0.8019010321539992,0.5339271814918958,-0.4660728185081042,0.4660728185081042,0.5865789628409248,3,0.09797199012623498,0.24781495653110105,-0.7138877750392053,0.5302494505,0.9428090415820634,0.2982241863718327
2024-04-01,90.31202697753906,92.17297617207028,89.15368416261286,90.24806771473165,452441000,89.79587364196777,77.55453895568847,90.3371966830699,86.29233760881894,60.31465503976672,4.044859074250965,4.872626403502621,-0.8277673292516559,95.22026824500163,84.3714790389339,0.1201256307619569,3.7747267879076225,50323121000.0,45.534092299698486,46.87784610402332,7.747248100598014e-05,7.746948016831075e-05,0.029355630512288,-0.0357447400936254,0.10796192008876042,0.8920380799112395,0.29608991700871345,-0.7039100829912865,0.7039100829912865,0.3252880213764934,6,-0.43740602058685324,0.0910598403756618,-0.7949699233669484,0.6640936387524269,0.5,0.5284604948057083
2024-04-02,89.40154266357422,90.04317879660557,87.57057538202243,88.39810360146309,433064000,90.00670471191407,78.15347663879395,90.1932499108398,86.52264909435637,42.76894294408223,3.6706008164834287,4.632221286098783,-0.9616204696153544,94.98602806772686,85.02738135610127,0.1113923363615865,3.5289371332816333,49890057000.0,37.78485831970465,44.14862580268072,-0.0100815400167165,-0.0101327028988224,0.0286049303392827,-0.045812358194063,0.6655877205262557,0.3344122794737442,0.77056805361414,0.22943194638585993,0.22943194638585993,0.8465555329555611,3,-0.31351698503784325,0.06907694583640377,0.16035500054945617,0.6310845131928632,0.8955419357123644,0.15043052190301448
2024-04-03,88.91382598876953,90.32303448482294,88.35014869042175,88.43410095294554,370067000,90.1566204071045,78.73940185546876,89.99641546129052,86.69977330875734,44.162611214234886,3.296642152533181,4.365105459385663,-1.0684633068524816,94.7855209840326,85.5277198301764,0.1041210526136344,3.421568352277646,49519990000.0,33.63384707103416,38.984265896812424,-0.0054553496536408,-0.005470284414556,0.0286279715206864,-0.0216380259913389,0.8269724671122862,0.1730275328877139,0.4785597764978219,0.5214402235021781,0.5214402235021781,0.5257516513227712,3,0.015654028965584193,0.11536256718090757,0.4060776563212706,0.4986133774146524,0.43358442491919985,0.4224053793027859
2024-04-04,85.85653686523438,90.58287298050408,85.83154944356146,90.35499714995936,434965000,90.01694869995117,79.25980407714843,89.35951106189727,86.63731134997786,43.85656788423923,2.7221997119194015,4.03652430989241,-1.314324597973009,94.9928376172724,85.04105978262996,0.1159117080422582,3.454834616268409,49085025000.0,7.612916892022829,26.34387409425388,-0.0343848562305857,-0.0349899260477552,0.0288373190824433,0.0548398402330037,0.05313918311383668,0.9468608168861634,0.039920819384588135,-0.9600791806154119,0.9600791806154119,0.04385750274960861,3,-0.06973567024245757,-0.08845730333427956,-0.8716218772811323,0.6282060314997866,0.4714045207910317,0.7655988586073457
2024-04-05,87.95836639404297,88.4310991932804,85.87753991776991,86.81700456921507,399678000,89.78403053283691,79.79248107910156,89.14395034376584,86.73516727916787,50.459907089523774,2.4087830645979693,3.7109760608335223,-1.302192996235553,94.68303939457032,84.88502167110349,0.1113938119265755,3.4039362873361014,49484703000.0,25.501823438771876,22.249529133942957,0.0244807163851454,0.0241858660551977,0.0274607905861195,0.0020224863145843,0.2624706458336058,0.7375293541663942,0.6556111202338539,-0.34438887976614607,0.34438887976614607,0.7202624332763775,3,-0.2610092789597929,-0.2665448503220116,-0.07784402944413449,0.6213130870448803,0.7402088055703998,0.24368447668762902
2024-04-08,87.08384704589844,88.77988827828314,86.68307229452097,88.64995673788222,283220000,89.76429138183593,80.3025708770752,88.82701137486316,86.7609954100368,46.492985937390145,2.066015964826363,3.3819840416320908,-1.3159680768057278,94.70541194616771,84.82317081750413,0.1134796114766847,3.173923232122661,49201483000.0,18.058691311329927,17.057810547374874,-0.0099424237169979,-0.009992179682986,0.024545959937262,-0.0129913877858334,0.6450142212689721,0.35498577873102793,0.8009351212428879,0.1990648787571121,0.1990648787571121,0.8799171666233191,3,-0.36846772720814824,-0.21778770189082844,0.4168525806479405,0.587235693006685,0.816496580927726,0.1357793704402366
2024-04-09,85.30584716796875,87.58556628736338,82.97516956737525,87.39267436773328,501700000,89.74330215454101,80.78881355285644,88.28529380457171,86.6532066513651,39.72761580751904,1.632087153206612,3.0320046639469953,-1.3999175107403832,94.75965092084584,84.7269533882362,0.1176085563379385,3.1081746966470285,48699783000.0,16.967355622354667,20.17595679081882,-0.0204171030362562,-0.0206284132605562,0.0245623842968881,0.0241466753860584,0.49285929411227225,0.5071407058877277,0.9904784114441392,-0.009521588555860883,0.009521588555860883,1.0881517544729995,3,-0.05161519652163125,-0.1525660976119365,0.14304450905607563,0.5660230440136268,0.9013305215805576,0.006224550687556195
2024-04-10,86.98990631103516,87.35070274664696,83.66178279831279,83.87866326448999,431929000,89.49973907470704,81.2800749206543,88.0860034209507,86.67814736689621,41.82887566759516,1.407856054054491,2.7071749419684945,-1.2993188879140032,94.55599543552832,84.44348271388574,0.1162492655812845,3.2155425096429378,49131712000.0,29.22732257883515,21.41778983750658,0.0197414268655049,0.0195490920858099,0.0186372247665523,-0.0345133341770493,0.19783799865906404,0.802162001340936,0.5333793076841963,-0.4666206923158037,0.4666206923158037,0.5859770619431468,3,-0.0923591340381838,-0.1186676132297247,-0.34795307908607903,0.4465285211131055,0.9428090415820634,0.29857475223632274
2024-04-11,90.5648956298828,90.68782736368458,86.87698174129012,87.37069882551852,431637000,89.48614692687988,81.83665985107422,88.4673714530941,86.96605464563596,48.21253569564728,1.501316807458139,2.4660033150664233,-0.9646865076082848,94.52871322627836,84.4435806274814,0.1113580767542924,3.325266745691831,49563349000.0,55.25327962392846,33.815985941706096,0.0410965992544603,0.040274580000545,0.0208940099069459,-0.0656065504111782,0.952515476751771,0.04748452324822901,0.0004324920558144152,0.9995675079441856,0.9995675079441856,0.00047514108726905054,3,0.17447507569084073,-0.008648247292821003,1.0082157552370066,0.580215294764513,0.0,0.9545869700866972
2024-04-12,88.13626098632812,90.1241452492344,87.48063273280795,89.64840815742117,426805000,89.4982406616211,82.36959686279297,88.41643138128396,87.05273659679834,36.428749644169464,1.3636947844856169,2.245541608950262,-0.8818468244646454,94.52587106846092,84.47061025478128,0.1140876717613359,3.264015838524076,49136544000.0,37.57279577516726,40.684465992643624,-0.0268165123656735,-0.0271826353002237,0.0204712180885069,-0.1359171883856541,0.9499879773329818,0.050012022667018166,0.01860470026289973,0.9813952997371003,0.9813952997371003,0.02043935233580846,3,0.5047807051218277,0.05705962074073929,0.9243356789963609,0.6401326423725897,0.4714045207910317,0.7825970362566537
2024-04-15,85.95250701904297,90.5619060136459,85.88054901990306,89.04776086993422,443077000,89.40649299621582,82.82887710571289,88.03736609478534,86.9712381095572,31.214314123409693,1.0661279852281351,2.009658884205837,-0.9435308989777016,94.62877674127566,84.18420925115598,0.1215155654250511,3.365958476884664,48693467000.0,22.309721383610736,38.37859892756882,-0.0247770207499942,-0.0250891374647135,0.0212291423613372,-0.0753828765875135,0.48268778134110746,0.5173122186588925,0.9769078107996948,-0.023092189200305174,0.023092189200305174,1.0732429258404055,3,0.6526235394936606,0.19091490522861168,-0.21400709442891686,0.6598346278305085,0.8955419357123644,0.015140742725700708
2024-04-16,87.3656997680664,88.06829858635284,86.01546379198004,86.38425134878223,370453000,89.35452270507812,83.25379943847656,87.93403281375166,87.000457491669,38.77891472625734,0.9335753220826604,1.7944421717812018,-0.8608668496985414,94.63908249319292,84.06996291696332,0.1209756186270804,3.24059954757085,49063920000.0,42.9927953026762,34.291770820484736,0.0164415535745843,0.0163078547200586,0.0215150980460651,-0.0571069557182537,0.04742625434243507,0.9525737456575649,2.812391878936893e-06,-0.9999971876081211,0.9999971876081211,3.0897282787504654e-06,3,-0.013898025690441665,0.09725657553690095,-1.097253763145022,0.8849108121131981,0.0,0.9549973141657556
2024-04-17,83.98759460449219,88.7249183584023,83.90263584788114,88.2901585822677,495400000,89.08652267456054,83.54775833129882,87.32688847386558,86.77728246298923,37.05152984945105,0.5496060108763459,1.5454749396002307,-0.9958689287238848,94.89067013273036,83.28237521639073,0.1382143990550567,3.291142939668844,48568520000.0,11.007244232446409,25.436586972911112,-0.0386662634482666,-0.0394336498088791,0.0229624413239696,-0.0518592037986915,0.9493335173115515,0.05066648268844853,0.023168141120504582,0.9768318588794954,0.9768318588794954,0.025452804540583285,3,-0.015419172642976616,0.20836614412581286,0.7684657147536825,0.8899976306980911,0.4714045207910317,0.7789579977456166
2024-04-18,84.62324523925781,86.14139337931326,82.35552770602675,84.9220802095837,447260000,88.80163345336913,83.8765968322754,86.910943360849,86.61772415012024,38.41171842341815,0.2932192107287648,1.2950237938259377,-1.001804583097173,94.90240488422064,82.70086202251764,0.1441866573091732,3.411146655769862,49015780000.0,23.0988483498908,25.69962929500447,0.0075683871857383,0.0075398906350754,0.0228695936256089,-0.0240813477563209,0.05001202261337269,0.9499879773866273,0.01860469988652591,-0.9813953001134741,0.9813953001134741,0.020439351922319552,3,-0.33485354294736625,0.06952704247472526,-1.0509223425881993,0.984958580700113,0.4714045207910317,0.7825970365567866
2024-04-19,76.15702819824219,84.27644766930946,75.56336900757456,83.10311370735981,875198000,88.04031410217286,83.99861389160156,85.2564948742941,85.84285778331446,28.5364086073604,-0.5863629090203517,0.9187464532566798,-1.5051093622770315,96.22785931761425,79.85276888673147,0.2150174556215251,3.842616957357422,48140582000.0,3.9251600067287264,12.677084196355311,-0.1000459982015442,-0.1054116260767684,0.0312134844576,0.1513779628922062,0.6749195231280465,0.32508047687195346,0.7564931046839919,0.24350689531600808,0.24350689531600808,0.8310926210985243,3,0.07964781802734347,0.17097384070784122,0.07253305460816686,0.8447164439138377,0.9013305215805576,0.1591878291916911
2024-04-22,79.47315979003906,80.02784714622769,76.35692172416684,78.05995564066009,596341000,87.30218124389648,84.19610809326171,84.36675101517794,85.3710283023311,35.968968396314494,-1.0042772871531582,0.5341417051747123,-1.5384189923278706,95.79410414538506,78.8102583424079,0.2137054302087264,3.92328605396234,48736923000.0,25.850782157937605,17.624930171519043,0.0435433428831379,0.0426219827368591,0.0321488524756692,0.1036118327617194,0.14953792801816485,0.8504620719818351,0.4205900812988994,-0.5794099187011006,0.5794099187011006,0.46206543180689025,3,-0.43909944116618854,-0.05459436309862823,-0.5248155556024724,0.8592110468619084,0.8531505652577861,0.3881087088995959
2024-04-23,82.37651062011719,82.72231614993429,80.21873169463018,80.7234441336971,438559000,86.67358627319337,84.40185943603515,84.0605601851686,85.14921217772266,41.35177889452887,-1.0886519925540623,0.2095829656289573,-1.29823495818302,94.626478733698,78.72069381268874,0.1930864126347796,4.014448237211914,49175482000.0,45.04717756943515,24.94103991136716,0.0365324700533931,0.0358809790343774,0.0335097511152128,0.0482754226213442,0.8021401783965492,0.19785982160345075,0.5334251432135516,0.4665748567864484,0.4665748567864484,0.5860274174189541,3,0.0435572778004523,-0.12814014066300705,0.5947149974494554,0.794805024712466,0.9428090415820634,0.2985454236359279
2024-04-24,79.63206481933594,84.03457921776213,79.13834013698539,83.90264988256477,512208000,86.02975006103516,84.5504232788086,83.37925320580973,84.74053459561993,41.696913207341126,-1.361281389810202,-0.1045899054588745,-1.2566914843513273,94.07793781717334,77.98156230489698,0.2021343481271616,4.0247993474857795,48663274000.0,26.901431546794388,32.59979709138905,-0.0333158782779399,-0.0338834948848509,0.0337814058055101,0.042220317557768,0.9499388665267309,0.05006113347326909,0.018949098847482304,0.9810509011525177,0.9810509011525177,0.020817712853030777,3,0.2894052797459555,0.01530887224453906,0.9657420289079787,0.7960691107944673,0.4714045207910317,0.7823224014467484
2024-04-25,82.58540344238281,83.27600801866915,78.17888569012331,78.82351858715127,424641000,85.6490650177002,84.76045257568359,83.25712247297483,84.5808952509357,42.991980384592374,-1.323772777960869,-0.3484264799592734,-0.9753462980015956,93.58638374819678,77.71174628720361,0.1922208622746318,4.204982204664337,49087915000.0,46.428336598957856,39.458981905062466,0.0370873043383619,0.0364161150367067,0.0348679708369645,0.0385442131345965,0.1978257799872695,0.8021742200127305,0.5333536426969306,-0.46664635730306936,0.46664635730306936,0.5859488660727482,3,0.32699313354529924,0.09150184800240357,-0.5581482053054729,0.6537772070590911,0.9428090415820634,0.2985911743910625
2024-04-26,87.6855239868164,88.28118855401848,83.3399763925944,83.7707330936579,551011000,85.51808967590333,85.03706558227539,83.93841501356584,84.81086774988982,50.7068574589902,-0.8724527363239787,-0.4532317312322145,-0.4192210050917642,93.21471836701458,77.82146098479207,0.1755507258477112,4.462051428083873,49638926000.0,80.1493494379798,51.159705861244014,0.0617557138652447,0.0599238717510315,0.0378292561956173,0.0120132771640626,0.9064230178703794,0.09357698212962062,0.24309277720162026,0.7569072227983797,0.7569072227983797,0.26706471232015894,3,0.4237705888826097,0.06008404284795849,0.6968231799504212,0.7138141447802387,0.3678704825788309,0.6297765491598301
2024-04-29,87.70751953125,87.94238000481042,85.21791921054779,87.54560831747182,388971000,85.38786430358887,85.33894378662109,84.51827724705572,85.0254345485091,52.94293843284531,-0.5071573014533755,-0.4640168452764467,-0.0431404561769287,92.82678808015702,77.94894052702072,0.1696302396037474,4.3273417191034795,50027897000.0,80.29477973316291,68.95748859003352,0.0002508457888317,0.0002508143322872,0.0378294826271322,0.0499445024356297,0.8021837014604323,0.19781629853956767,0.5333337263513745,0.46666627364862545,0.46666627364862545,0.585926985730775,3,0.2523090463813123,0.2669499819568299,0.19971629169179556,0.5514950249321877,0.9428090415820634,0.2986039181849786
2024-04-30,86.353271484375,88.76890816331654,86.25133163329888,87.19079630766022,363709000,85.2354507446289,85.61463653564454,84.80058405279715,85.12379284005472,49.2135295551888,-0.3232087872575704,-0.4358552336726715,0.112646446415101,92.4496376042718,78.02126388498603,0.1670854325640282,4.243674332080872,49664188000.0,71.34075298457283,77.26162738523851,-0.0154405010438413,-0.0155609470194623,0.0379177821107514,0.0480543528044714,0.9099422828008616,0.09005771719913842,0.22902319833022278,0.7709768016697772,0.7709768016697772,0.25160770007565647,3,0.6648500993722611,0.342302825721654,0.42867397594812323,0.5714761581268387,0.08965847632427718,0.7131779462667358
2024-05-01,82.99415588378906,85.95148630832341,81.20916027802339,85.02901046138126,559863000,84.93946723937988,85.88632843017578,84.5226720267959,84.96604195440541,40.59729346427482,-0.4433699276095098,-0.4373581724600391,-0.0060117551494706,92.00237510522442,77.87655937353534,0.1702025351214905,4.338907588077811,49104325000.0,49.54341128545483,67.05964800106352,-0.0388996912664014,-0.0396764959235268,0.038848872117291,0.0887635006126927,0.49411234855657543,0.5058876514434246,0.9921494352147788,-0.007850564785221142,0.007850564785221142,1.0899875617220807,3,0.4099308368443942,0.4239541619953511,-0.43180472678057225,0.534041006046109,0.8955419357123644,0.005147341407669933
2024-05-02,85.76859283447266,86.18835408667036,83.15306466582874,84.4013606664833,377898000,84.9350700378418,86.25308456420899,84.71435215105386,85.02549016774373,47.084447155641335,-0.3111380166898669,-0.4121141413060047,0.1009761246161378,91.99568305093048,77.87445702475313,0.1646433217510086,4.346760109921128,49482223000.0,68.04146179115105,62.97520868705957,0.0334293050051432,0.0328826943217287,0.0388982009795941,0.0341425676762949,0.047432919931152596,0.9525670800688474,5.1990387825773254e-05,-0.9999480096121742,0.9999480096121742,5.711727895801539e-05,3,-0.07894059090920573,0.2144508953669764,-1.2143989049791506,0.7399853113475585,0.0,0.9549503491796264
2024-05-03,88.7389144897461,89.23063371341577,86.9909005732954,87.73947860212795,398341000,84.97409744262696,86.45806213378906,85.33351558777574,85.3005586360402,53.365984898886445,0.0329569517355423,-0.3230999226976954,0.3560568744332377,92.11326539596296,77.83492948929094,0.1609027560092805,4.259666101721147,49880564000.0,96.40221188938014,71.32902832199534,0.0346318105160703,0.0340456247955189,0.0392893607420929,0.0122651282280992,0.9452772289640359,0.05472277103596409,0.05026722128506367,0.9497327787149363,0.9497327787149363,0.055224187020970116,3,-0.019355265227485985,0.20997687787589334,0.739755900839043,0.780360835160213,0.10353403821220074,0.874128111541161
2024-05-06,92.08802795410156,92.16798466023728,89.00476895897276,89.3395790876885,376203000,85.22430648803712,86.72444580078125,86.37267133644124,85.80333414108178,55.44968806444648,0.5693371953594664,-0.144612499086263,0.7139496944457294,92.99742532519431,77.45118765087992,0.1688193136469698,4.353471716234099,50256767000.0,99.51846698048637,87.98738022033918,0.0377412038857254,0.0370464317750984,0.0400184168142625,-0.018895023944169,0.9525585011071399,0.047441498892860104,0.00011527537988809122,0.9998847246201119,0.9998847246201119,0.0001266429489259417,3,0.316556497907625,0.41948131815063355,0.5804034064694783,0.8528468286487003,0.0,0.9548899120122069
2024-05-07,90.50292205810548,91.72922732116892,88.96079315014337,91.04661392300342,437342000,85.48416023254394,86.95363052368164,87.00809452438959,86.15145176456501,57.84344320888438,0.8566427598245809,0.0556385526959057,0.8010042071286751,93.6083047834891,77.36001568159878,0.1795333093384372,4.232396880051029,49819425000.0,89.97229060966234,95.29765649317626,-0.0172129421295257,-0.0173628070517812,0.0399236265003241,0.0088566402124898,0.45014177490936086,0.5498582250906392,0.9333007053546665,-0.06669929464533353,0.06669929464533353,1.0253356239252513,3,0.6276394028965718,0.30182324423010304,-0.36852253887543657,0.8296085504366549,0.9428090415820634,0.042678616060150804
2024-05-08,90.36100769042967,91.14256430274752,89.36956281384657,89.43253081814441,325721000,85.65271530151367,87.18779220581055,87.52392731916498,86.46327072203647,56.99047584526366,1.0606565971285136,0.2566421615824273,0.8040144355460862,94.0438929480056,77.26153765502173,0.1857256323488448,4.088620866880633,49493704000.0,89.11762242199805,92.86946000404892,-0.0015680639304073,-0.0015692946293635,0.03975789779311,0.0466531090786925,0.22598079305280833,0.7740192069471917,0.5896177735698815,-0.4103822264301184,0.4103822264301184,0.6477613316610029,3,0.174267734514887,0.17653060136171111,-0.5869128277918295,0.8703235497100072,0.9428090415820634,0.2625896656456811
2024-05-09,88.69695281982422,91.02063858717588,88.18124497678554,90.4779455437688,378013000,85.55931816101074,87.40942031860351,87.70439278080487,86.62872865520593,68.31303924938214,1.0756641255989337,0.4204465543857286,0.655217571213205,93.75970007603954,77.35893624598194,0.1849078610780859,3.6443006796454247,49115691000.0,78.04681535183242,85.71224279449761,-0.0184156298511676,-0.0185873085434678,0.0389491236403144,0.0632359188751598,0.4372121971421816,0.5627878028578185,0.9158386671566786,-0.0841613328433214,0.0841613328433214,1.0061516141757498,3,-0.18708095130625746,0.054368010716982725,-0.13852934356030414,0.6511893882903369,0.7286746343384293,0.05987578101095915
2024-05-10,89.82730865478516,91.34945233112953,89.17667483195356,90.25406978590551,335325000,85.6438705444336,87.62469284057617,88.03099522295568,86.86566050702662,66.15215170056533,1.1653347159290632,0.5694241866943957,0.5959105292346676,93.98970944828224,77.29803164058497,0.1858196361180646,3.5572778627396957,49451016000.0,83.26785727025468,83.47743168136172,0.0127440210630132,0.0126634994179813,0.0385344126307122,0.028939229283212,0.05362446402612459,0.9463755359738754,0.043121973193340546,-0.9568780268066595,0.9568780268066595,0.04737432966182074,3,-0.48380719536003275,-0.08120734100036561,-0.8756706858062938,0.7144257791466117,0.0,0.9138185156003598
2024-05-13,90.3480224609375,90.94668368485893,88.47907428372562,90.4269726636133,289680000,85.86364631652832,87.78707870483399,88.38746095187597,87.12361324435335,63.43394843556289,1.2638477075226149,0.7083088908600396,0.5555388166625753,94.4711050071097,77.25618762594694,0.1905400573499628,3.501453079970986,49740696000.0,86.99013993640467,82.7682708528306,0.0057968318760779,0.005780094896002,0.0380332368516057,0.0484627890197817,0.7592770952838104,0.2407229047161897,0.6170932362790325,0.38290676372096755,0.38290676372096755,0.6779462126301184,3,-0.21937753197633744,0.11634334090436893,0.2665634228165986,0.49609384878803886,0.9013305215805576,0.25031774324277006
2024-05-14,91.30447387695312,91.59930565354624,88.88383529778994,89.54846112262796,296507000,86.06058502197266,87.90946975708007,88.83623217111861,87.43330662454592,70.93233572105906,1.402925546572689,0.8472322220025695,0.5556933245701196,94.98707289346784,77.13409715047746,0.1955323215273113,3.3456838853266695,50037203000.0,93.82725945347003,88.0284188867098,0.0105863016141736,0.0105306590778619,0.0379483685372493,0.0441131200772761,0.9460253987730617,0.05397460122693827,0.04541472365935084,0.9545852763406492,0.9545852763406492,0.049893173498629186,3,0.12687133775165274,0.11703655485089934,0.8375487214897498,0.7325242165142968,0.4714045207910317,0.7612178378259553
2024-05-15,94.57662963867188,94.80850105677926,91.54734077306348,92.41984953324489,417735000,86.59003677368165,88.08269210815429,89.71937024304988,87.96244166262933,71.26096109164752,1.7569285804205492,1.0291714936861656,0.7277570867343837,96.22669622616236,76.95337732120095,0.2037852160580761,3.2318913747038343,50454938000.0,98.29498044896005,93.03745994627825,0.0358378469616778,0.035210613210253,0.0373041094194958,0.0033816411091396,0.55768879438348,0.44231120561652004,0.9227375429300495,0.07726245706995052,0.07726245706995052,1.01373080387837,3,0.4715848323771894,-0.014766626227695149,0.09202908329764567,0.6997474926923465,0.7544264109391093,0.05430260233759082
2024-05-16,94.3057861328125,95.7649618311796,94.04992617640087,94.85647788998736,323952000,87.07416381835938,88.19580841064453,90.42497268762874,88.43231903079105,64.16351720674778,1.992653656837689,1.2218679263164702,0.7707857305212187,97.2524344292962,76.89589320742257,0.2158567576458684,2.9475521277854804,50130986000.0,89.97529820712309,94.0325127031844,-0.002863746645383,-0.0028678550132319,0.0373631898538987,0.1000434598014634,0.9392593041788628,0.06074069582113719,0.08717410830408401,0.912825891695916,0.912825891695916,0.0957705466365514,3,0.6482245417021723,0.1251655432496262,0.7876603484462898,0.7805321582849846,0.43358442491919985,0.7394568919702961
2024-05-17,92.42684173583984,94.68656820618962,91.7542247585896,94.31578286476112,359691000,87.88765449523926,88.19201065063477,90.73295254119968,88.72820960153541,59.353425105154905,2.0047429396642684,1.37844292898603,0.6263000106782384,96.92929656900316,78.84601242147536,0.195649703137219,2.962400888738152,49771295000.0,77.0667380705901,88.44567224222442,-0.0199239566735227,-0.0201251150967744,0.0286650795923634,0.1512774988070151,0.6685806444326721,0.33141935556732793,0.7660758281904424,0.2339241718095576,0.2339241718095576,0.8416203189016196,3,0.4080041735251417,0.2172093144267228,0.01671485738283479,0.3998532951772651,0.8617633073967319,0.15601703975626516
2024-05-20,94.7265396118164,95.14630088740084,93.38729907778286,93.69712178712976,318764000,88.65032348632812,88.33696884155273,91.3473505520638,89.1725303430377,65.99586596624914,2.1748202090260804,1.53771838499404,0.6371018240320403,97.26673356792055,80.03391340473567,0.1819217743391022,2.9768210759912472,50090059000.0,92.86592211016584,86.63598612929302,0.024881277265204,0.0245767788235622,0.0278106547236108,0.2017409475856026,0.050931065857401335,0.9490689341425987,0.024997211292591803,-0.9750027887074082,0.9750027887074082,0.0274622435084746,3,0.05724909159935546,0.0899462493032818,-1.06494903801069,0.7851873045675684,0.4714045207910317,0.777499436759881
2024-05-21,95.33219909667967,95.3461911389766,93.12744211033532,93.54620449229954,328946000,89.29810791015625,88.52910018920899,91.9604041743124,89.62880210256674,76.3410861145976,2.3316020717456496,1.696495122344362,0.6351069494012875,97.87649229238713,80.71972352792538,0.1799682471088541,2.767866634726224,50419005000.0,96.56861509579582,88.83375842551725,0.0063937676531333,0.0063734142313638,0.0270569674425828,0.2037929692745688,0.9453458962761879,0.054654103723812145,0.04982447149602587,0.9501755285039741,0.9501755285039741,0.05473777666192798,3,0.06969897053537484,0.36238247149051517,0.587793057013459,0.7841868446352666,0.10353403821220074,0.874535615678799
2024-05-22,94.89645385742188,95.96585017054332,93.196416664474,95.40516951213256,548648000,90.06132736206055,88.58980590820312,92.41210412556,90.01899852885231,71.64941751700611,2.393105596707698,1.8358172172170295,0.5572883794906691,97.68131814904976,82.44133657507133,0.1605959016853875,2.737526299239655,49870357000.0,88.08465381989208,92.50639700861792,-0.0045708086395438,-0.0045812867264316,0.025482621578556,0.1637703898967284,0.944796692484298,0.05520330751570199,0.0533510353770672,0.9466489646229328,0.9466489646229328,0.05861210307841309,3,0.3072739014731666,0.4429170716193674,0.5037318930035655,0.8339337548739537,0.10353403821220074,0.8712897883317267
2024-05-23,103.74046325683594,106.26003756449909,101.46274160839002,101.9704583406549,835065000,91.1190803527832,88.84788040161133,94.15492860729476,91.03540332351776,77.82726647273967,3.1195252837770084,2.0925588305290255,1.026966453247983,100.11800105599524,82.12015964957115,0.1734891173742482,3.301922215534947,50705422000.0,86.06337067976493,90.23887986515092,0.0931964160926586,0.0891058967025698,0.0311769743069307,0.0562047204369635,0.9287568920755496,0.07124310792445043,0.14408368892418544,0.8559163110758146,0.8559163110758146,0.15829211124874334,3,0.9175802680675741,0.42882150515296236,0.4270948059228522,0.825766997059806,0.4714045207910317,0.6825359450071741
2024-05-24,106.40894317626952,106.41493649766242,102.94189825157174,104.39007837740144,429494000,92.05525131225586,89.21817153930664,96.04016161790626,92.17418405335124,77.25287998710738,3.8659775645550383,2.447242577334228,1.4187349872208102,103.1919143312488,80.91858829326293,0.2093181773367436,3.3050627923634823,51134916000.0,99.96713050461724,91.37171833475809,0.0257226528170313,0.0253973913140582,0.0291185294826744,0.0801266459089053,0.9525741268224053,0.047425873177594724,2.0616841567289157e-13,0.9999999999997938,0.9999999999997938,2.264991549934736e-13,3,0.9341884252328474,0.56064115414294,0.4393588458568538,0.8571807379713721,0.0,0.9549999999998031
2024-05-28,113.83676147460938,114.87417806167193,109.82102986026251,110.18182631936332,652728000,93.36171340942384,89.73915756225585,98.77810005739904,93.77881941788888,86.32648224021942,4.999280639510175,2.9576501897694176,2.0416304497407576,107.94731950281373,78.77610731603394,0.256254761721118,3.68634851246664,51787644000.0,96.1135159454954,94.04800570995918,0.0698044551202379,0.0674758795485155,0.031899028928316,0.0222649410769333,0.8790277085615131,0.12097229143848685,0.338915034328491,0.661084965671509,0.661084965671509,0.3723362215276545,6,0.8390004255823728,0.5246781647108819,0.13640680096062707,0.1343803140631066,0.7195765335144885,0.4500764776569442
2024-05-29,114.7602310180664,115.42685462015828,110.83844833840384,112.98623828974068,557442000,94.7820613861084,90.26626007080078,101.23688943596323,95.33299805493904,87.08269062185897,5.903891381024195,3.5468984280203735,2.3569929530038216,111.82037783007752,77.74374494213926,0.2969376463051357,3.8874488548133166,52345086000.0,97.5532806503761,97.8779757001629,0.0081122260638362,0.0080794988326432,0.0311977952913593,0.0663184249972392,0.8021838885120505,0.1978161114879496,0.5333333334310769,0.4666666665689231,0.4666666665689231,0.5859265540637075,3,0.7092505440800756,0.5579270925336484,-0.09126042596472528,0.22026682906429113,0.9428090415820634,0.2986041696013484
2024-05-30,110.43768310546876,115.75368367922724,109.60115714782084,114.585344222231,484553000,96.15423774719238,90.68806182861329,102.65239615434872,96.45186361423757,80.57175247706641,6.200532540111155,4.07762525043853,2.122907289672625,113.6105380448088,78.69793744957596,0.3161294189945208,4.1241012063144655,51860533000.0,80.50934296628147,91.39204652071766,-0.0376659045930045,-0.0383935960856555,0.0310871064288949,0.0950044655415491,0.9442641308458859,0.055735869154114014,0.056739327830119035,0.943260672169881,0.943260672169881,0.062334522804937245,3,0.690337434803438,0.8319647298018326,0.1112959423680484,0.219653628769601,0.12065377796439399,0.8627736300546657
2024-05-31,109.5711669921875,112.65342715935483,106.87968513049076,112.45653205108223,613263000,97.34436645507812,91.07306457519532,103.71682243709314,97.42366386445606,77.97130996050785,6.293158572637083,4.52073191487824,1.7724266577588423,115.06296054608052,79.62577236407574,0.3234170918753787,4.347047100425807,51247270000.0,77.33233646663058,85.13165336109604,-0.0078461996749218,-0.0078771430645433,0.0311575652630967,0.1026607412820979,0.12457595554374912,0.8754240444562509,0.3500690744552014,-0.6499309255447986,0.6499309255447986,0.38459018707915577,3,0.2533321377313355,0.6033780935091507,-1.2533090190539493,0.669819939339534,0.7940482776031422,0.4481854530776708
2024-06-03,114.93513488769533,114.93513488769533,111.93982368190672,113.55691490102478,438392000,98.65417747497558,91.54409896850586,105.4427166602627,98.72080986617748,80.62951525354849,6.721906794085214,4.960966890719636,1.7609399033655784,117.52953022055932,79.77882472939186,0.3284522659503047,4.553929850023988,51685662000.0,96.9536531026094,84.93177751184048,0.0489541915337112,0.0477936597606654,0.0318435405575507,0.0590434854068211,0.11506876243723205,0.884931237562768,0.32000664652949373,-0.6799933534705063,0.6799933534705063,0.3515632343327739,3,-0.1288878689484743,0.3710006194958023,-1.0509939729663085,0.7614969930427562,0.0,0.6493936525643335
2024-06-04,116.37133026123048,116.53424034822848,113.98068096958718,115.65074383289046,403324000,99.86834259033203,91.98680923461914,107.12404182964237,100.0282558213666,80.8583132987387,7.095786008275766,5.387930714230862,1.7078552940449043,120.04453604388708,79.69214913677698,0.346755397712882,4.5423647802300575,52088986000.0,99.34801799838584,91.21133585587528,0.0124957035543438,0.0124182765864366,0.0313276142622939,0.0385008925771632,0.9525741198320721,0.04742588016792788,5.157796556520822e-08,0.9999999484220344,0.9999999484220344,5.666418679443836e-08,3,-0.10997477686442314,0.391583996259548,0.6084159521624865,0.830517645721014,0.0,0.9549999507430429
2024-06-05,122.3709487915039,122.37993877462908,117.40175277551737,118.30424338003812,528402000,101.46174392700196,92.53526000976562,109.46971982377492,101.68327011545084,82.06283581170231,7.786449708324071,5.867634513049504,1.918815195274567,123.47371121521805,79.44977663878586,0.3597580554142823,4.721263446913805,52617388000.0,99.97064563418776,98.75743891172768,0.0515558129034487,0.050270794070504,0.0316985123525232,0.022625589914339,0.769477176737435,0.2305228232625651,0.5982128602932385,0.4017871397067615,0.4017871397067615,0.657203999557451,3,0.24059791155276355,0.30612501621768623,0.09566212348907527,0.8261173540171516,0.9086500397905722,0.26167742468388583
2024-06-06,120.92975616455078,125.51616477932996,118.25326519915949,123.97803133753258,664696000,102.990181350708,93.10367935180663,111.23280233774042,103.1089357487175,79.90525697882882,8.123866589022924,6.318880928244188,1.804985660778736,125.98014062283508,80.00022207858095,0.3802200550349959,5.117539441584646,51952692000.0,86.41544706013387,95.24470356423582,-0.0117772448541576,-0.0118471459727778,0.0320705887846648,0.0712625244432274,0.9452851197482328,0.054714880251767094,0.05021637009335567,0.9497836299066443,0.9497836299066443,0.05516832127686629,3,0.7838569060118137,0.3473676825369913,0.6024159473696531,0.8275824166793805,0.10463478485389509,0.8738254659312088
2024-06-07,120.81982421875,121.62337164710613,117.95544321860926,119.7024508855064,412386000,104.5963249206543,93.71609375,112.70772878097266,104.42085341316437,83.212167494097,8.286875367808307,6.712479816157012,1.5743955516512944,127.86845607159844,81.32419376971015,0.3852369642387305,5.170081225934418,51540306000.0,85.50007479630956,90.62872249687707,-0.000909056209881,-0.0009094696520578,0.0313367254463525,0.0910167505930754,0.9117451767826741,0.08825482321732588,0.22162260291047964,0.7783773970895204,0.7783773970895204,0.24347731500406572,3,0.709982722234309,0.3918977868970766,0.38647961019244376,0.6948612113849989,0.4291096661947442,0.6317078173813337
2024-06-10,121.72130584716795,123.0305645078952,116.94400320335374,120.30210862140808,313434100,106.19102478027344,94.34441925048829,114.09443294500272,105.70236840827572,82.64445452830759,8.392064536726977,7.048396760271006,1.3436677764559717,129.57271891043743,82.80933065010944,0.3841840829332181,5.41058852257588,51853740100.0,88.28339427946138,86.73297204530161,0.0074613717926439,0.0074336734512168,0.0313880680036177,0.0755460533882654,0.7933588392026094,0.20664116079739053,0.5515693795074063,0.44843062049259375,0.44843062049259375,0.6059608983798808,3,0.7255305491629199,0.321207779514607,0.12722284097798675,0.27817452467278114,0.9428090415820634,0.28693554232297386
2024-06-11,120.85173034667967,122.81078479761145,118.68277039590036,121.71130884876212,222551200,107.71621017456054,94.9552133178711,115.13401716064531,106.82454336667602,80.66473679431408,8.309473793969303,7.300612167010666,1.0088616269586377,130.72309222209728,84.70932812702381,0.3807455959718301,5.546964620652294,51631188900.0,85.5678502910055,86.45043978892546,-0.0071439876070678,-0.0071696280763074,0.0317357629969254,0.1213298150449126,0.952131107640437,0.047868892359563084,0.0032543737362289438,0.9967456262637711,0.9967456262637711,0.0035752949785398673,3,0.7411845479486288,0.5564472869158312,0.4402983393479398,0.27734553002574514,0.0,0.9518920730819013
2024-06-12,125.13966369628906,126.8188544177255,122.51093382538542,123.00069556163665,299595000,109.40796966552736,95.6699757385254,116.6733473968982,108.18121894664736,83.2615358437801,8.492128450250846,7.538915423658702,0.9532130265921436,132.30933525650474,86.50660407454995,0.366012899739901,5.775371089579186,51930783900.0,93.37757039102624,89.07627165383104,0.0354809429480973,0.0348659979643032,0.0320355780732668,0.0445687332012949,0.09412275318003624,0.9058772468199638,0.24523200251187327,-0.7547679974881267,0.7547679974881267,0.26941489153423276,3,0.23013608308941305,0.545765194913314,-1.3005331924014407,0.7249709376975131,0.0,0.720803437601161
2024-06-13,129.54751586914062,129.73742671072182,127.09870005988893,129.32762071061848,260704500,111.15651397705078,96.4826495361328,118.65398870032011,109.7639076075728,81.45162487299442,8.890081092747323,7.809148557476427,1.0809325352708958,134.62308201389914,87.68994594020242,0.3622851102842073,5.292098182961725,52191488400.0,99.29125920071468,92.74555996091549,0.0352234618717637,0.0346173086032709,0.0320162060318809,-0.0234548162750031,0.9499875591465248,0.050012440853475254,0.0186076342247391,0.9813923657752609,0.9813923657752609,0.02044257562233967,3,0.4077899981836354,0.5431069688209178,0.4382853969543431,0.7301702685979087,0.4714045207910317,0.782594696618548
2024-06-14,131.8164520263672,132.7759808624214,128.2581700274141,129.89737910282292,309320400,113.03204727172852,97.40184783935548,120.67898305817351,111.39742941637238,81.26921217157837,9.28155364180114,8.10362957434137,1.1779240674597684,136.82175151012922,89.24234303332781,0.360951973333982,5.3667247964557685,52500808800.0,96.29472552001316,96.32118503725135,0.0175143162105746,0.0173627082214544,0.0316959144817617,-0.1044131754195614,0.9525736818996654,0.047426318100334625,3.28282190698026e-06,0.999996717178093,0.999996717178093,3.606548488517392e-06,3,0.40887369515507604,0.628565479888251,0.37143123728984206,0.7582365738968304,0.0,0.9549968649050788
2024-06-17,130.9168701171875,133.66554475885698,129.5175509456389,132.9259111616535,288504400,114.9565486907959,98.26101791381836,122.25404260571412,112.84331391272904,75.04502840478557,9.410728692985089,8.365049398070115,1.045679294914974,137.94158231390142,91.97151506769038,0.3511393696248764,5.058350434156888,52212304400.0,89.73833701549,95.10810724540596,-0.0068245040383861,-0.006847897459151,0.031013172967611,-0.0373339349036011,0.9525442446275779,0.04745575537242204,0.00022041804611605542,0.999779581953884,0.999779581953884,0.0002421539741073126,3,0.993722888302413,0.6357077587521422,0.3640718232017417,0.7823243876220191,0.0,0.9547895007659591
2024-06-18,135.5146484375,136.26428691629846,130.62700616579136,131.0767862027837,294335100,116.99595413208009,99.2296339416504,124.29413581060426,114.52267202567504,77.4724767269779,9.771463784929225,8.646332275441937,1.1251315094872876,139.6590686920112,94.33283957214894,0.334474757101753,5.133270039067794,52506639500.0,97.44887310286774,94.49397854612364,0.0351198307460061,0.0345171985140759,0.0312165239533795,-0.0677089901597641,0.09983158502042654,0.9001684149795733,0.26696758094820416,-0.7330324190517958,0.7330324190517958,0.29329386510569544,3,0.42224796002672743,0.41979207073195424,-1.15282448978375,0.9517963457100007,0.0,0.700045960194465
2024-06-20,130.71697998046875,140.69216665961412,129.45759262565218,139.73263779444994,517768400,118.76519317626952,100.1378565979004,125.28226568289112,115.7222503926968,76.51011153187046,9.560015290194317,8.829068878392413,0.7309464118019022,139.7715769156664,97.75880943687264,0.3214025254031354,5.496273432107473,51988871100.0,70.49850756662588,85.89523922832787,-0.0354033199535912,-0.0360452131462543,0.0333938667774631,-0.0519193109853212,0.9437876341806021,0.0562123658193978,0.059745196008027746,0.9402548039919723,0.9402548039919723,0.06563680652330418,6,0.4023339889646871,0.49005266837472256,0.4502021356172497,0.7666374222737735,0.3549469262951764,0.74933550562602
2024-06-21,126.50900268554688,130.5670512631637,124.24010000634736,127.05874067811745,649445800,120.34582061767578,100.92823852539064,125.47099445253046,116.52126908105606,70.36302170126365,8.9497253714744,8.85320017700881,0.09652519446559,138.33005907634387,102.36158215900772,0.2843155518879559,5.546497571054425,51339425300.0,50.6712757789144,72.87288548280267,-0.0321915124993754,-0.0327210547702555,0.0348473766703385,-0.0239393363369498,0.05021814931368903,0.949781850686311,0.0200480580340876,-0.9799519419659124,0.9799519419659124,0.022025042920180066,3,-0.2575765190085783,0.20766730148476784,-1.1876192434506803,1.0099684819054768,0.4714045207910317,0.7814460550829184
2024-06-24,118.0530776977539,124.40001580098117,117.98311173916277,123.1806025577778,476060900,121.06145133972169,101.47800216674804,124.32977649025716,116.63473638599665,53.48906420968367,7.6950401042604994,8.621568162459148,-0.9265280581986488,137.31977511468983,104.80312756475352,0.2754409133931031,5.772349217545589,50863364400.0,15.245863802831243,45.47188238279051,-0.06684049995091,-0.0691791387810304,0.0343274697856718,,0.15043282318735307,0.8495671768126469,0.4229298703121158,-0.5770701296878842,0.5770701296878842,0.46463595276970043,3,-0.20558908922060778,0.23305271117051674,-0.8101228408584009,0.9604410138962655,0.8531505652577861,0.38654143767467003
2024-06-25,126.02922821044922,126.43903427437068,119.26249431645674,121.14158551930764,414192600,122.04246559143068,102.23586151123048,124.59123060105593,117.33062466928943,59.42756307175099,7.2606059317664915,8.349375716320617,-1.0887697845541258,136.88420771630996,107.2007234665514,0.2355285727862409,6.18894901740098,51277557000.0,38.25653728317213,34.72455895497259,0.0675641047928992,0.0653795156458765,0.0367176567528497,,0.19781614151923643,0.8021838584807635,0.5333333965147639,-0.46666660348523614,0.46666660348523614,0.5859266233682212,3,-0.6745628917130105,0.02618714413330289,-0.492853747618539,0.7537571109240616,0.9428090415820634,0.298604129236237
2024-06-26,126.3390884399414,128.0582531537486,122.54091663746888,126.06921428451572,362975900,122.66758193969729,103.04359313964844,124.8601318070383,117.99791828193032,54.357543193266274,6.862213525107975,8.05194327807809,-1.1897297529701143,137.10167314988325,108.23349072951132,0.228497631072391,6.153858160463917,51640532900.0,39.56131282949951,31.021237971834296,0.0024586378405393,0.0024556203354799,0.0338358666884962,,0.6456562670718325,0.3543437329281674,0.8000000570464145,0.19999994295358542,0.19999994295358542,0.8788898936063798,3,-0.2812455967398446,-0.08809810932734106,0.2880980522809265,0.7548313444843078,0.816496580927726,0.13641716465441978
2024-06-27,123.93024444580078,126.34908399185862,122.8607604065947,124.04019204451784,252571700,123.126082611084,103.77488403320312,124.71707221300176,118.43734984962444,53.22636640692467,6.279722363377317,7.697499095137936,-1.4177767317606191,137.07707094617,109.17509427599796,0.2251425936820014,5.884245589399163,51387961200.0,29.41802744039635,35.74529251768933,-0.0190664981351811,-0.0192506077848745,0.0342795900460714,,0.6922295814100761,0.30777041858992393,0.7298121484004536,0.27018785159954634,0.27018785159954634,0.8017805946520126,3,0.0011737303559655372,-0.1923254993779607,0.462513350977507,0.534186745690677,0.8886465834402926,0.17777546815528675
2024-06-28,123.48046112060548,127.6484495693471,122.69084094404649,124.5199608102888,315516700,123.77822151184084,104.5647413635254,124.5268243526331,118.81091364747488,52.84017285657497,5.715910705158208,7.301181417141991,-1.5852707119837826,136.38663355713328,111.1698094665484,0.2042171195486158,5.976365603456576,51072444500.0,27.524056456051444,32.167798908649104,-0.0036293265393503,-0.0036359285235932,0.0328979102850294,,0.35701084345062656,0.6429891565493735,0.8038794316255209,-0.19612056837447905,0.19612056837447905,0.8831518221913328,3,0.09135574205955123,-0.11562380642405833,-0.08049676195042073,0.3820255727892974,0.816496580927726,0.13377109749610594
